[2026-03-28T03:02:22.076+0000] {processor.py:161} INFO - Started process (PID=205) to work on /opt/airflow/dags/weekly_summary_pipeline.py
[2026-03-28T03:02:22.079+0000] {processor.py:830} INFO - Processing file /opt/airflow/dags/weekly_summary_pipeline.py for tasks to queue
[2026-03-28T03:02:22.084+0000] {logging_mixin.py:188} INFO - [2026-03-28T03:02:22.084+0000] {dagbag.py:538} INFO - Filling up the DagBag from /opt/airflow/dags/weekly_summary_pipeline.py
[2026-03-28T03:02:22.126+0000] {processor.py:840} INFO - DAG(s) 'weekly_summary_pipeline' retrieved from /opt/airflow/dags/weekly_summary_pipeline.py
[2026-03-28T03:02:22.230+0000] {logging_mixin.py:188} INFO - [2026-03-28T03:02:22.230+0000] {dag.py:3036} INFO - Sync 1 DAGs
[2026-03-28T03:02:22.296+0000] {logging_mixin.py:188} INFO - [2026-03-28T03:02:22.295+0000] {dag.py:3823} INFO - Setting next_dagrun for weekly_summary_pipeline to 2026-03-23 06:00:00+00:00, run_after=2026-03-30 06:00:00+00:00
[2026-03-28T03:02:22.344+0000] {processor.py:183} INFO - Processing /opt/airflow/dags/weekly_summary_pipeline.py took 0.286 seconds
[2026-03-28T03:02:53.142+0000] {processor.py:161} INFO - Started process (PID=415) to work on /opt/airflow/dags/weekly_summary_pipeline.py
[2026-03-28T03:02:53.145+0000] {processor.py:830} INFO - Processing file /opt/airflow/dags/weekly_summary_pipeline.py for tasks to queue
[2026-03-28T03:02:53.148+0000] {logging_mixin.py:188} INFO - [2026-03-28T03:02:53.147+0000] {dagbag.py:538} INFO - Filling up the DagBag from /opt/airflow/dags/weekly_summary_pipeline.py
[2026-03-28T03:02:53.205+0000] {processor.py:840} INFO - DAG(s) 'weekly_summary_pipeline' retrieved from /opt/airflow/dags/weekly_summary_pipeline.py
[2026-03-28T03:02:53.255+0000] {logging_mixin.py:188} INFO - [2026-03-28T03:02:53.255+0000] {dag.py:3036} INFO - Sync 1 DAGs
[2026-03-28T03:02:53.312+0000] {logging_mixin.py:188} INFO - [2026-03-28T03:02:53.312+0000] {dag.py:3823} INFO - Setting next_dagrun for weekly_summary_pipeline to 2026-03-23 06:00:00+00:00, run_after=2026-03-30 06:00:00+00:00
[2026-03-28T03:02:53.342+0000] {processor.py:183} INFO - Processing /opt/airflow/dags/weekly_summary_pipeline.py took 0.217 seconds
[2026-03-28T03:03:23.583+0000] {processor.py:161} INFO - Started process (PID=430) to work on /opt/airflow/dags/weekly_summary_pipeline.py
[2026-03-28T03:03:23.585+0000] {processor.py:830} INFO - Processing file /opt/airflow/dags/weekly_summary_pipeline.py for tasks to queue
[2026-03-28T03:03:23.586+0000] {logging_mixin.py:188} INFO - [2026-03-28T03:03:23.586+0000] {dagbag.py:538} INFO - Filling up the DagBag from /opt/airflow/dags/weekly_summary_pipeline.py
[2026-03-28T03:03:23.632+0000] {processor.py:840} INFO - DAG(s) 'weekly_summary_pipeline' retrieved from /opt/airflow/dags/weekly_summary_pipeline.py
[2026-03-28T03:03:24.491+0000] {logging_mixin.py:188} INFO - [2026-03-28T03:03:24.491+0000] {dag.py:3036} INFO - Sync 1 DAGs
[2026-03-28T03:03:24.521+0000] {logging_mixin.py:188} INFO - [2026-03-28T03:03:24.521+0000] {dag.py:3823} INFO - Setting next_dagrun for weekly_summary_pipeline to 2026-03-23 06:00:00+00:00, run_after=2026-03-30 06:00:00+00:00
[2026-03-28T03:03:24.570+0000] {processor.py:183} INFO - Processing /opt/airflow/dags/weekly_summary_pipeline.py took 0.993 seconds
[2026-03-28T03:03:55.446+0000] {processor.py:161} INFO - Started process (PID=453) to work on /opt/airflow/dags/weekly_summary_pipeline.py
[2026-03-28T03:03:55.448+0000] {processor.py:830} INFO - Processing file /opt/airflow/dags/weekly_summary_pipeline.py for tasks to queue
[2026-03-28T03:03:55.449+0000] {logging_mixin.py:188} INFO - [2026-03-28T03:03:55.449+0000] {dagbag.py:538} INFO - Filling up the DagBag from /opt/airflow/dags/weekly_summary_pipeline.py
[2026-03-28T03:03:55.476+0000] {processor.py:840} INFO - DAG(s) 'weekly_summary_pipeline' retrieved from /opt/airflow/dags/weekly_summary_pipeline.py
[2026-03-28T03:03:55.504+0000] {logging_mixin.py:188} INFO - [2026-03-28T03:03:55.504+0000] {dag.py:3036} INFO - Sync 1 DAGs
[2026-03-28T03:03:55.525+0000] {logging_mixin.py:188} INFO - [2026-03-28T03:03:55.525+0000] {dag.py:3823} INFO - Setting next_dagrun for weekly_summary_pipeline to 2026-03-23 06:00:00+00:00, run_after=2026-03-30 06:00:00+00:00
[2026-03-28T03:03:55.544+0000] {processor.py:183} INFO - Processing /opt/airflow/dags/weekly_summary_pipeline.py took 0.102 seconds
[2026-03-28T03:04:25.843+0000] {processor.py:161} INFO - Started process (PID=476) to work on /opt/airflow/dags/weekly_summary_pipeline.py
[2026-03-28T03:04:25.844+0000] {processor.py:830} INFO - Processing file /opt/airflow/dags/weekly_summary_pipeline.py for tasks to queue
[2026-03-28T03:04:25.846+0000] {logging_mixin.py:188} INFO - [2026-03-28T03:04:25.846+0000] {dagbag.py:538} INFO - Filling up the DagBag from /opt/airflow/dags/weekly_summary_pipeline.py
[2026-03-28T03:04:25.880+0000] {processor.py:840} INFO - DAG(s) 'weekly_summary_pipeline' retrieved from /opt/airflow/dags/weekly_summary_pipeline.py
[2026-03-28T03:04:25.918+0000] {logging_mixin.py:188} INFO - [2026-03-28T03:04:25.918+0000] {dag.py:3036} INFO - Sync 1 DAGs
[2026-03-28T03:04:25.949+0000] {logging_mixin.py:188} INFO - [2026-03-28T03:04:25.949+0000] {dag.py:3823} INFO - Setting next_dagrun for weekly_summary_pipeline to 2026-03-23 06:00:00+00:00, run_after=2026-03-30 06:00:00+00:00
[2026-03-28T03:04:25.973+0000] {processor.py:183} INFO - Processing /opt/airflow/dags/weekly_summary_pipeline.py took 0.133 seconds
[2026-03-28T03:04:56.276+0000] {processor.py:161} INFO - Started process (PID=501) to work on /opt/airflow/dags/weekly_summary_pipeline.py
[2026-03-28T03:04:56.277+0000] {processor.py:830} INFO - Processing file /opt/airflow/dags/weekly_summary_pipeline.py for tasks to queue
[2026-03-28T03:04:56.278+0000] {logging_mixin.py:188} INFO - [2026-03-28T03:04:56.278+0000] {dagbag.py:538} INFO - Filling up the DagBag from /opt/airflow/dags/weekly_summary_pipeline.py
[2026-03-28T03:04:56.298+0000] {processor.py:840} INFO - DAG(s) 'weekly_summary_pipeline' retrieved from /opt/airflow/dags/weekly_summary_pipeline.py
[2026-03-28T03:04:56.323+0000] {logging_mixin.py:188} INFO - [2026-03-28T03:04:56.322+0000] {dag.py:3036} INFO - Sync 1 DAGs
[2026-03-28T03:04:56.344+0000] {logging_mixin.py:188} INFO - [2026-03-28T03:04:56.343+0000] {dag.py:3823} INFO - Setting next_dagrun for weekly_summary_pipeline to 2026-03-23 06:00:00+00:00, run_after=2026-03-30 06:00:00+00:00
[2026-03-28T03:04:56.367+0000] {processor.py:183} INFO - Processing /opt/airflow/dags/weekly_summary_pipeline.py took 0.093 seconds
[2026-03-28T03:05:26.745+0000] {processor.py:161} INFO - Started process (PID=524) to work on /opt/airflow/dags/weekly_summary_pipeline.py
[2026-03-28T03:05:26.971+0000] {processor.py:830} INFO - Processing file /opt/airflow/dags/weekly_summary_pipeline.py for tasks to queue
[2026-03-28T03:05:26.974+0000] {logging_mixin.py:188} INFO - [2026-03-28T03:05:26.973+0000] {dagbag.py:538} INFO - Filling up the DagBag from /opt/airflow/dags/weekly_summary_pipeline.py
[2026-03-28T03:05:27.090+0000] {processor.py:840} INFO - DAG(s) 'weekly_summary_pipeline' retrieved from /opt/airflow/dags/weekly_summary_pipeline.py
[2026-03-28T03:05:27.198+0000] {logging_mixin.py:188} INFO - [2026-03-28T03:05:27.197+0000] {dag.py:3036} INFO - Sync 1 DAGs
[2026-03-28T03:05:27.241+0000] {logging_mixin.py:188} INFO - [2026-03-28T03:05:27.240+0000] {dag.py:3823} INFO - Setting next_dagrun for weekly_summary_pipeline to 2026-03-23 06:00:00+00:00, run_after=2026-03-30 06:00:00+00:00
[2026-03-28T03:05:27.269+0000] {processor.py:183} INFO - Processing /opt/airflow/dags/weekly_summary_pipeline.py took 0.533 seconds
[2026-03-28T03:05:57.822+0000] {processor.py:161} INFO - Started process (PID=547) to work on /opt/airflow/dags/weekly_summary_pipeline.py
[2026-03-28T03:05:57.824+0000] {processor.py:830} INFO - Processing file /opt/airflow/dags/weekly_summary_pipeline.py for tasks to queue
[2026-03-28T03:05:57.825+0000] {logging_mixin.py:188} INFO - [2026-03-28T03:05:57.824+0000] {dagbag.py:538} INFO - Filling up the DagBag from /opt/airflow/dags/weekly_summary_pipeline.py
[2026-03-28T03:05:57.846+0000] {processor.py:840} INFO - DAG(s) 'weekly_summary_pipeline' retrieved from /opt/airflow/dags/weekly_summary_pipeline.py
[2026-03-28T03:05:57.883+0000] {logging_mixin.py:188} INFO - [2026-03-28T03:05:57.883+0000] {dag.py:3036} INFO - Sync 1 DAGs
[2026-03-28T03:05:57.910+0000] {logging_mixin.py:188} INFO - [2026-03-28T03:05:57.910+0000] {dag.py:3823} INFO - Setting next_dagrun for weekly_summary_pipeline to 2026-03-23 06:00:00+00:00, run_after=2026-03-30 06:00:00+00:00
[2026-03-28T03:05:57.931+0000] {processor.py:183} INFO - Processing /opt/airflow/dags/weekly_summary_pipeline.py took 0.112 seconds
[2026-03-28T03:06:28.007+0000] {processor.py:161} INFO - Started process (PID=570) to work on /opt/airflow/dags/weekly_summary_pipeline.py
[2026-03-28T03:06:28.008+0000] {processor.py:830} INFO - Processing file /opt/airflow/dags/weekly_summary_pipeline.py for tasks to queue
[2026-03-28T03:06:28.009+0000] {logging_mixin.py:188} INFO - [2026-03-28T03:06:28.009+0000] {dagbag.py:538} INFO - Filling up the DagBag from /opt/airflow/dags/weekly_summary_pipeline.py
[2026-03-28T03:06:28.039+0000] {processor.py:840} INFO - DAG(s) 'weekly_summary_pipeline' retrieved from /opt/airflow/dags/weekly_summary_pipeline.py
[2026-03-28T03:06:28.072+0000] {logging_mixin.py:188} INFO - [2026-03-28T03:06:28.072+0000] {dag.py:3036} INFO - Sync 1 DAGs
[2026-03-28T03:06:28.095+0000] {logging_mixin.py:188} INFO - [2026-03-28T03:06:28.095+0000] {dag.py:3823} INFO - Setting next_dagrun for weekly_summary_pipeline to 2026-03-23 06:00:00+00:00, run_after=2026-03-30 06:00:00+00:00
[2026-03-28T03:06:28.117+0000] {processor.py:183} INFO - Processing /opt/airflow/dags/weekly_summary_pipeline.py took 0.112 seconds
[2026-03-28T03:06:58.387+0000] {processor.py:161} INFO - Started process (PID=593) to work on /opt/airflow/dags/weekly_summary_pipeline.py
[2026-03-28T03:06:58.388+0000] {processor.py:830} INFO - Processing file /opt/airflow/dags/weekly_summary_pipeline.py for tasks to queue
[2026-03-28T03:06:58.389+0000] {logging_mixin.py:188} INFO - [2026-03-28T03:06:58.389+0000] {dagbag.py:538} INFO - Filling up the DagBag from /opt/airflow/dags/weekly_summary_pipeline.py
[2026-03-28T03:06:58.415+0000] {processor.py:840} INFO - DAG(s) 'weekly_summary_pipeline' retrieved from /opt/airflow/dags/weekly_summary_pipeline.py
[2026-03-28T03:06:58.456+0000] {logging_mixin.py:188} INFO - [2026-03-28T03:06:58.456+0000] {dag.py:3036} INFO - Sync 1 DAGs
[2026-03-28T03:06:58.480+0000] {logging_mixin.py:188} INFO - [2026-03-28T03:06:58.480+0000] {dag.py:3823} INFO - Setting next_dagrun for weekly_summary_pipeline to 2026-03-23 06:00:00+00:00, run_after=2026-03-30 06:00:00+00:00
[2026-03-28T03:06:58.503+0000] {processor.py:183} INFO - Processing /opt/airflow/dags/weekly_summary_pipeline.py took 0.120 seconds
[2026-03-28T03:07:28.843+0000] {processor.py:161} INFO - Started process (PID=616) to work on /opt/airflow/dags/weekly_summary_pipeline.py
[2026-03-28T03:07:28.844+0000] {processor.py:830} INFO - Processing file /opt/airflow/dags/weekly_summary_pipeline.py for tasks to queue
[2026-03-28T03:07:28.845+0000] {logging_mixin.py:188} INFO - [2026-03-28T03:07:28.845+0000] {dagbag.py:538} INFO - Filling up the DagBag from /opt/airflow/dags/weekly_summary_pipeline.py
[2026-03-28T03:07:28.868+0000] {processor.py:840} INFO - DAG(s) 'weekly_summary_pipeline' retrieved from /opt/airflow/dags/weekly_summary_pipeline.py
[2026-03-28T03:07:28.898+0000] {logging_mixin.py:188} INFO - [2026-03-28T03:07:28.897+0000] {dag.py:3036} INFO - Sync 1 DAGs
[2026-03-28T03:07:28.922+0000] {logging_mixin.py:188} INFO - [2026-03-28T03:07:28.922+0000] {dag.py:3823} INFO - Setting next_dagrun for weekly_summary_pipeline to 2026-03-23 06:00:00+00:00, run_after=2026-03-30 06:00:00+00:00
[2026-03-28T03:07:28.945+0000] {processor.py:183} INFO - Processing /opt/airflow/dags/weekly_summary_pipeline.py took 0.106 seconds
[2026-03-28T03:07:59.249+0000] {processor.py:161} INFO - Started process (PID=639) to work on /opt/airflow/dags/weekly_summary_pipeline.py
[2026-03-28T03:07:59.250+0000] {processor.py:830} INFO - Processing file /opt/airflow/dags/weekly_summary_pipeline.py for tasks to queue
[2026-03-28T03:07:59.251+0000] {logging_mixin.py:188} INFO - [2026-03-28T03:07:59.251+0000] {dagbag.py:538} INFO - Filling up the DagBag from /opt/airflow/dags/weekly_summary_pipeline.py
[2026-03-28T03:07:59.272+0000] {processor.py:840} INFO - DAG(s) 'weekly_summary_pipeline' retrieved from /opt/airflow/dags/weekly_summary_pipeline.py
[2026-03-28T03:07:59.300+0000] {logging_mixin.py:188} INFO - [2026-03-28T03:07:59.300+0000] {dag.py:3036} INFO - Sync 1 DAGs
[2026-03-28T03:07:59.323+0000] {logging_mixin.py:188} INFO - [2026-03-28T03:07:59.322+0000] {dag.py:3823} INFO - Setting next_dagrun for weekly_summary_pipeline to 2026-03-23 06:00:00+00:00, run_after=2026-03-30 06:00:00+00:00
[2026-03-28T03:07:59.348+0000] {processor.py:183} INFO - Processing /opt/airflow/dags/weekly_summary_pipeline.py took 0.102 seconds
[2026-03-28T03:08:29.634+0000] {processor.py:161} INFO - Started process (PID=662) to work on /opt/airflow/dags/weekly_summary_pipeline.py
[2026-03-28T03:08:29.635+0000] {processor.py:830} INFO - Processing file /opt/airflow/dags/weekly_summary_pipeline.py for tasks to queue
[2026-03-28T03:08:29.636+0000] {logging_mixin.py:188} INFO - [2026-03-28T03:08:29.636+0000] {dagbag.py:538} INFO - Filling up the DagBag from /opt/airflow/dags/weekly_summary_pipeline.py
[2026-03-28T03:08:29.657+0000] {processor.py:840} INFO - DAG(s) 'weekly_summary_pipeline' retrieved from /opt/airflow/dags/weekly_summary_pipeline.py
[2026-03-28T03:08:29.687+0000] {logging_mixin.py:188} INFO - [2026-03-28T03:08:29.687+0000] {dag.py:3036} INFO - Sync 1 DAGs
[2026-03-28T03:08:29.712+0000] {logging_mixin.py:188} INFO - [2026-03-28T03:08:29.712+0000] {dag.py:3823} INFO - Setting next_dagrun for weekly_summary_pipeline to 2026-03-23 06:00:00+00:00, run_after=2026-03-30 06:00:00+00:00
[2026-03-28T03:08:29.734+0000] {processor.py:183} INFO - Processing /opt/airflow/dags/weekly_summary_pipeline.py took 0.103 seconds
[2026-03-28T03:09:00.058+0000] {processor.py:161} INFO - Started process (PID=685) to work on /opt/airflow/dags/weekly_summary_pipeline.py
[2026-03-28T03:09:00.059+0000] {processor.py:830} INFO - Processing file /opt/airflow/dags/weekly_summary_pipeline.py for tasks to queue
[2026-03-28T03:09:00.060+0000] {logging_mixin.py:188} INFO - [2026-03-28T03:09:00.060+0000] {dagbag.py:538} INFO - Filling up the DagBag from /opt/airflow/dags/weekly_summary_pipeline.py
[2026-03-28T03:09:00.082+0000] {processor.py:840} INFO - DAG(s) 'weekly_summary_pipeline' retrieved from /opt/airflow/dags/weekly_summary_pipeline.py
[2026-03-28T03:09:00.110+0000] {logging_mixin.py:188} INFO - [2026-03-28T03:09:00.110+0000] {dag.py:3036} INFO - Sync 1 DAGs
[2026-03-28T03:09:00.131+0000] {logging_mixin.py:188} INFO - [2026-03-28T03:09:00.131+0000] {dag.py:3823} INFO - Setting next_dagrun for weekly_summary_pipeline to 2026-03-23 06:00:00+00:00, run_after=2026-03-30 06:00:00+00:00
[2026-03-28T03:09:00.154+0000] {processor.py:183} INFO - Processing /opt/airflow/dags/weekly_summary_pipeline.py took 0.099 seconds
[2026-03-28T03:09:30.491+0000] {processor.py:161} INFO - Started process (PID=708) to work on /opt/airflow/dags/weekly_summary_pipeline.py
[2026-03-28T03:09:30.492+0000] {processor.py:830} INFO - Processing file /opt/airflow/dags/weekly_summary_pipeline.py for tasks to queue
[2026-03-28T03:09:30.493+0000] {logging_mixin.py:188} INFO - [2026-03-28T03:09:30.493+0000] {dagbag.py:538} INFO - Filling up the DagBag from /opt/airflow/dags/weekly_summary_pipeline.py
[2026-03-28T03:09:30.510+0000] {processor.py:840} INFO - DAG(s) 'weekly_summary_pipeline' retrieved from /opt/airflow/dags/weekly_summary_pipeline.py
[2026-03-28T03:09:30.535+0000] {logging_mixin.py:188} INFO - [2026-03-28T03:09:30.535+0000] {dag.py:3036} INFO - Sync 1 DAGs
[2026-03-28T03:09:30.565+0000] {logging_mixin.py:188} INFO - [2026-03-28T03:09:30.565+0000] {dag.py:3823} INFO - Setting next_dagrun for weekly_summary_pipeline to 2026-03-23 06:00:00+00:00, run_after=2026-03-30 06:00:00+00:00
[2026-03-28T03:09:30.589+0000] {processor.py:183} INFO - Processing /opt/airflow/dags/weekly_summary_pipeline.py took 0.101 seconds
[2026-03-28T03:10:00.935+0000] {processor.py:161} INFO - Started process (PID=731) to work on /opt/airflow/dags/weekly_summary_pipeline.py
[2026-03-28T03:10:00.936+0000] {processor.py:830} INFO - Processing file /opt/airflow/dags/weekly_summary_pipeline.py for tasks to queue
[2026-03-28T03:10:00.937+0000] {logging_mixin.py:188} INFO - [2026-03-28T03:10:00.937+0000] {dagbag.py:538} INFO - Filling up the DagBag from /opt/airflow/dags/weekly_summary_pipeline.py
[2026-03-28T03:10:00.957+0000] {processor.py:840} INFO - DAG(s) 'weekly_summary_pipeline' retrieved from /opt/airflow/dags/weekly_summary_pipeline.py
[2026-03-28T03:10:00.987+0000] {logging_mixin.py:188} INFO - [2026-03-28T03:10:00.987+0000] {dag.py:3036} INFO - Sync 1 DAGs
[2026-03-28T03:10:01.012+0000] {logging_mixin.py:188} INFO - [2026-03-28T03:10:01.012+0000] {dag.py:3823} INFO - Setting next_dagrun for weekly_summary_pipeline to 2026-03-23 06:00:00+00:00, run_after=2026-03-30 06:00:00+00:00
[2026-03-28T03:10:01.040+0000] {processor.py:183} INFO - Processing /opt/airflow/dags/weekly_summary_pipeline.py took 0.108 seconds
[2026-03-28T03:10:31.381+0000] {processor.py:161} INFO - Started process (PID=754) to work on /opt/airflow/dags/weekly_summary_pipeline.py
[2026-03-28T03:10:31.383+0000] {processor.py:830} INFO - Processing file /opt/airflow/dags/weekly_summary_pipeline.py for tasks to queue
[2026-03-28T03:10:31.384+0000] {logging_mixin.py:188} INFO - [2026-03-28T03:10:31.383+0000] {dagbag.py:538} INFO - Filling up the DagBag from /opt/airflow/dags/weekly_summary_pipeline.py
[2026-03-28T03:10:31.420+0000] {processor.py:840} INFO - DAG(s) 'weekly_summary_pipeline' retrieved from /opt/airflow/dags/weekly_summary_pipeline.py
[2026-03-28T03:10:31.454+0000] {logging_mixin.py:188} INFO - [2026-03-28T03:10:31.454+0000] {dag.py:3036} INFO - Sync 1 DAGs
[2026-03-28T03:10:31.483+0000] {logging_mixin.py:188} INFO - [2026-03-28T03:10:31.483+0000] {dag.py:3823} INFO - Setting next_dagrun for weekly_summary_pipeline to 2026-03-23 06:00:00+00:00, run_after=2026-03-30 06:00:00+00:00
[2026-03-28T03:10:31.512+0000] {processor.py:183} INFO - Processing /opt/airflow/dags/weekly_summary_pipeline.py took 0.136 seconds
[2026-03-28T03:11:01.744+0000] {processor.py:161} INFO - Started process (PID=777) to work on /opt/airflow/dags/weekly_summary_pipeline.py
[2026-03-28T03:11:01.745+0000] {processor.py:830} INFO - Processing file /opt/airflow/dags/weekly_summary_pipeline.py for tasks to queue
[2026-03-28T03:11:01.746+0000] {logging_mixin.py:188} INFO - [2026-03-28T03:11:01.746+0000] {dagbag.py:538} INFO - Filling up the DagBag from /opt/airflow/dags/weekly_summary_pipeline.py
[2026-03-28T03:11:01.768+0000] {processor.py:840} INFO - DAG(s) 'weekly_summary_pipeline' retrieved from /opt/airflow/dags/weekly_summary_pipeline.py
[2026-03-28T03:11:01.810+0000] {logging_mixin.py:188} INFO - [2026-03-28T03:11:01.810+0000] {dag.py:3036} INFO - Sync 1 DAGs
[2026-03-28T03:11:01.834+0000] {logging_mixin.py:188} INFO - [2026-03-28T03:11:01.834+0000] {dag.py:3823} INFO - Setting next_dagrun for weekly_summary_pipeline to 2026-03-23 06:00:00+00:00, run_after=2026-03-30 06:00:00+00:00
[2026-03-28T03:11:01.862+0000] {processor.py:183} INFO - Processing /opt/airflow/dags/weekly_summary_pipeline.py took 0.122 seconds
[2026-03-28T03:11:32.197+0000] {processor.py:161} INFO - Started process (PID=792) to work on /opt/airflow/dags/weekly_summary_pipeline.py
[2026-03-28T03:11:32.198+0000] {processor.py:830} INFO - Processing file /opt/airflow/dags/weekly_summary_pipeline.py for tasks to queue
[2026-03-28T03:11:32.200+0000] {logging_mixin.py:188} INFO - [2026-03-28T03:11:32.199+0000] {dagbag.py:538} INFO - Filling up the DagBag from /opt/airflow/dags/weekly_summary_pipeline.py
[2026-03-28T03:11:32.232+0000] {processor.py:840} INFO - DAG(s) 'weekly_summary_pipeline' retrieved from /opt/airflow/dags/weekly_summary_pipeline.py
[2026-03-28T03:11:32.275+0000] {logging_mixin.py:188} INFO - [2026-03-28T03:11:32.275+0000] {dag.py:3036} INFO - Sync 1 DAGs
[2026-03-28T03:11:32.302+0000] {logging_mixin.py:188} INFO - [2026-03-28T03:11:32.302+0000] {dag.py:3823} INFO - Setting next_dagrun for weekly_summary_pipeline to 2026-03-23 06:00:00+00:00, run_after=2026-03-30 06:00:00+00:00
[2026-03-28T03:11:32.326+0000] {processor.py:183} INFO - Processing /opt/airflow/dags/weekly_summary_pipeline.py took 0.132 seconds
[2026-03-28T03:12:02.600+0000] {processor.py:161} INFO - Started process (PID=815) to work on /opt/airflow/dags/weekly_summary_pipeline.py
[2026-03-28T03:12:02.601+0000] {processor.py:830} INFO - Processing file /opt/airflow/dags/weekly_summary_pipeline.py for tasks to queue
[2026-03-28T03:12:02.602+0000] {logging_mixin.py:188} INFO - [2026-03-28T03:12:02.602+0000] {dagbag.py:538} INFO - Filling up the DagBag from /opt/airflow/dags/weekly_summary_pipeline.py
[2026-03-28T03:12:02.626+0000] {processor.py:840} INFO - DAG(s) 'weekly_summary_pipeline' retrieved from /opt/airflow/dags/weekly_summary_pipeline.py
[2026-03-28T03:12:02.657+0000] {logging_mixin.py:188} INFO - [2026-03-28T03:12:02.656+0000] {dag.py:3036} INFO - Sync 1 DAGs
[2026-03-28T03:12:02.686+0000] {logging_mixin.py:188} INFO - [2026-03-28T03:12:02.685+0000] {dag.py:3823} INFO - Setting next_dagrun for weekly_summary_pipeline to 2026-03-23 06:00:00+00:00, run_after=2026-03-30 06:00:00+00:00
[2026-03-28T03:12:02.712+0000] {processor.py:183} INFO - Processing /opt/airflow/dags/weekly_summary_pipeline.py took 0.116 seconds
[2026-03-28T03:12:33.056+0000] {processor.py:161} INFO - Started process (PID=838) to work on /opt/airflow/dags/weekly_summary_pipeline.py
[2026-03-28T03:12:33.057+0000] {processor.py:830} INFO - Processing file /opt/airflow/dags/weekly_summary_pipeline.py for tasks to queue
[2026-03-28T03:12:33.059+0000] {logging_mixin.py:188} INFO - [2026-03-28T03:12:33.058+0000] {dagbag.py:538} INFO - Filling up the DagBag from /opt/airflow/dags/weekly_summary_pipeline.py
[2026-03-28T03:12:33.081+0000] {processor.py:840} INFO - DAG(s) 'weekly_summary_pipeline' retrieved from /opt/airflow/dags/weekly_summary_pipeline.py
[2026-03-28T03:12:33.111+0000] {logging_mixin.py:188} INFO - [2026-03-28T03:12:33.110+0000] {dag.py:3036} INFO - Sync 1 DAGs
[2026-03-28T03:12:33.134+0000] {logging_mixin.py:188} INFO - [2026-03-28T03:12:33.134+0000] {dag.py:3823} INFO - Setting next_dagrun for weekly_summary_pipeline to 2026-03-23 06:00:00+00:00, run_after=2026-03-30 06:00:00+00:00
[2026-03-28T03:12:33.157+0000] {processor.py:183} INFO - Processing /opt/airflow/dags/weekly_summary_pipeline.py took 0.104 seconds
[2026-03-28T03:13:03.507+0000] {processor.py:161} INFO - Started process (PID=861) to work on /opt/airflow/dags/weekly_summary_pipeline.py
[2026-03-28T03:13:03.508+0000] {processor.py:830} INFO - Processing file /opt/airflow/dags/weekly_summary_pipeline.py for tasks to queue
[2026-03-28T03:13:03.509+0000] {logging_mixin.py:188} INFO - [2026-03-28T03:13:03.509+0000] {dagbag.py:538} INFO - Filling up the DagBag from /opt/airflow/dags/weekly_summary_pipeline.py
[2026-03-28T03:13:03.528+0000] {processor.py:840} INFO - DAG(s) 'weekly_summary_pipeline' retrieved from /opt/airflow/dags/weekly_summary_pipeline.py
[2026-03-28T03:13:03.556+0000] {logging_mixin.py:188} INFO - [2026-03-28T03:13:03.556+0000] {dag.py:3036} INFO - Sync 1 DAGs
[2026-03-28T03:13:03.579+0000] {logging_mixin.py:188} INFO - [2026-03-28T03:13:03.578+0000] {dag.py:3823} INFO - Setting next_dagrun for weekly_summary_pipeline to 2026-03-23 06:00:00+00:00, run_after=2026-03-30 06:00:00+00:00
[2026-03-28T03:13:03.602+0000] {processor.py:183} INFO - Processing /opt/airflow/dags/weekly_summary_pipeline.py took 0.099 seconds
[2026-03-28T03:13:33.970+0000] {processor.py:161} INFO - Started process (PID=884) to work on /opt/airflow/dags/weekly_summary_pipeline.py
[2026-03-28T03:13:33.971+0000] {processor.py:830} INFO - Processing file /opt/airflow/dags/weekly_summary_pipeline.py for tasks to queue
[2026-03-28T03:13:33.972+0000] {logging_mixin.py:188} INFO - [2026-03-28T03:13:33.972+0000] {dagbag.py:538} INFO - Filling up the DagBag from /opt/airflow/dags/weekly_summary_pipeline.py
[2026-03-28T03:13:33.992+0000] {processor.py:840} INFO - DAG(s) 'weekly_summary_pipeline' retrieved from /opt/airflow/dags/weekly_summary_pipeline.py
[2026-03-28T03:13:34.020+0000] {logging_mixin.py:188} INFO - [2026-03-28T03:13:34.020+0000] {dag.py:3036} INFO - Sync 1 DAGs
[2026-03-28T03:13:34.041+0000] {logging_mixin.py:188} INFO - [2026-03-28T03:13:34.041+0000] {dag.py:3823} INFO - Setting next_dagrun for weekly_summary_pipeline to 2026-03-23 06:00:00+00:00, run_after=2026-03-30 06:00:00+00:00
[2026-03-28T03:13:34.065+0000] {processor.py:183} INFO - Processing /opt/airflow/dags/weekly_summary_pipeline.py took 0.098 seconds
[2026-03-28T03:14:04.460+0000] {processor.py:161} INFO - Started process (PID=907) to work on /opt/airflow/dags/weekly_summary_pipeline.py
[2026-03-28T03:14:04.461+0000] {processor.py:830} INFO - Processing file /opt/airflow/dags/weekly_summary_pipeline.py for tasks to queue
[2026-03-28T03:14:04.462+0000] {logging_mixin.py:188} INFO - [2026-03-28T03:14:04.462+0000] {dagbag.py:538} INFO - Filling up the DagBag from /opt/airflow/dags/weekly_summary_pipeline.py
[2026-03-28T03:14:04.488+0000] {processor.py:840} INFO - DAG(s) 'weekly_summary_pipeline' retrieved from /opt/airflow/dags/weekly_summary_pipeline.py
[2026-03-28T03:14:04.518+0000] {logging_mixin.py:188} INFO - [2026-03-28T03:14:04.517+0000] {dag.py:3036} INFO - Sync 1 DAGs
[2026-03-28T03:14:04.542+0000] {logging_mixin.py:188} INFO - [2026-03-28T03:14:04.542+0000] {dag.py:3823} INFO - Setting next_dagrun for weekly_summary_pipeline to 2026-03-23 06:00:00+00:00, run_after=2026-03-30 06:00:00+00:00
[2026-03-28T03:14:04.563+0000] {processor.py:183} INFO - Processing /opt/airflow/dags/weekly_summary_pipeline.py took 0.107 seconds
[2026-03-28T03:14:34.934+0000] {processor.py:161} INFO - Started process (PID=930) to work on /opt/airflow/dags/weekly_summary_pipeline.py
[2026-03-28T03:14:34.935+0000] {processor.py:830} INFO - Processing file /opt/airflow/dags/weekly_summary_pipeline.py for tasks to queue
[2026-03-28T03:14:34.936+0000] {logging_mixin.py:188} INFO - [2026-03-28T03:14:34.936+0000] {dagbag.py:538} INFO - Filling up the DagBag from /opt/airflow/dags/weekly_summary_pipeline.py
[2026-03-28T03:14:34.959+0000] {processor.py:840} INFO - DAG(s) 'weekly_summary_pipeline' retrieved from /opt/airflow/dags/weekly_summary_pipeline.py
[2026-03-28T03:14:34.986+0000] {logging_mixin.py:188} INFO - [2026-03-28T03:14:34.986+0000] {dag.py:3036} INFO - Sync 1 DAGs
[2026-03-28T03:14:35.010+0000] {logging_mixin.py:188} INFO - [2026-03-28T03:14:35.010+0000] {dag.py:3823} INFO - Setting next_dagrun for weekly_summary_pipeline to 2026-03-23 06:00:00+00:00, run_after=2026-03-30 06:00:00+00:00
[2026-03-28T03:14:35.028+0000] {processor.py:183} INFO - Processing /opt/airflow/dags/weekly_summary_pipeline.py took 0.097 seconds
[2026-03-28T03:15:05.375+0000] {processor.py:161} INFO - Started process (PID=953) to work on /opt/airflow/dags/weekly_summary_pipeline.py
[2026-03-28T03:15:05.376+0000] {processor.py:830} INFO - Processing file /opt/airflow/dags/weekly_summary_pipeline.py for tasks to queue
[2026-03-28T03:15:05.377+0000] {logging_mixin.py:188} INFO - [2026-03-28T03:15:05.377+0000] {dagbag.py:538} INFO - Filling up the DagBag from /opt/airflow/dags/weekly_summary_pipeline.py
[2026-03-28T03:15:05.405+0000] {processor.py:840} INFO - DAG(s) 'weekly_summary_pipeline' retrieved from /opt/airflow/dags/weekly_summary_pipeline.py
[2026-03-28T03:15:05.440+0000] {logging_mixin.py:188} INFO - [2026-03-28T03:15:05.439+0000] {dag.py:3036} INFO - Sync 1 DAGs
[2026-03-28T03:15:05.469+0000] {logging_mixin.py:188} INFO - [2026-03-28T03:15:05.469+0000] {dag.py:3823} INFO - Setting next_dagrun for weekly_summary_pipeline to 2026-03-23 06:00:00+00:00, run_after=2026-03-30 06:00:00+00:00
[2026-03-28T03:15:05.493+0000] {processor.py:183} INFO - Processing /opt/airflow/dags/weekly_summary_pipeline.py took 0.121 seconds
[2026-03-28T03:15:35.825+0000] {processor.py:161} INFO - Started process (PID=976) to work on /opt/airflow/dags/weekly_summary_pipeline.py
[2026-03-28T03:15:35.825+0000] {processor.py:830} INFO - Processing file /opt/airflow/dags/weekly_summary_pipeline.py for tasks to queue
[2026-03-28T03:15:35.826+0000] {logging_mixin.py:188} INFO - [2026-03-28T03:15:35.826+0000] {dagbag.py:538} INFO - Filling up the DagBag from /opt/airflow/dags/weekly_summary_pipeline.py
[2026-03-28T03:15:35.850+0000] {processor.py:840} INFO - DAG(s) 'weekly_summary_pipeline' retrieved from /opt/airflow/dags/weekly_summary_pipeline.py
[2026-03-28T03:15:35.886+0000] {logging_mixin.py:188} INFO - [2026-03-28T03:15:35.886+0000] {dag.py:3036} INFO - Sync 1 DAGs
[2026-03-28T03:15:35.911+0000] {logging_mixin.py:188} INFO - [2026-03-28T03:15:35.911+0000] {dag.py:3823} INFO - Setting next_dagrun for weekly_summary_pipeline to 2026-03-23 06:00:00+00:00, run_after=2026-03-30 06:00:00+00:00
[2026-03-28T03:15:35.935+0000] {processor.py:183} INFO - Processing /opt/airflow/dags/weekly_summary_pipeline.py took 0.113 seconds
[2026-03-28T03:16:06.256+0000] {processor.py:161} INFO - Started process (PID=999) to work on /opt/airflow/dags/weekly_summary_pipeline.py
[2026-03-28T03:16:06.258+0000] {processor.py:830} INFO - Processing file /opt/airflow/dags/weekly_summary_pipeline.py for tasks to queue
[2026-03-28T03:16:06.259+0000] {logging_mixin.py:188} INFO - [2026-03-28T03:16:06.258+0000] {dagbag.py:538} INFO - Filling up the DagBag from /opt/airflow/dags/weekly_summary_pipeline.py
[2026-03-28T03:16:06.302+0000] {processor.py:840} INFO - DAG(s) 'weekly_summary_pipeline' retrieved from /opt/airflow/dags/weekly_summary_pipeline.py
[2026-03-28T03:16:06.337+0000] {logging_mixin.py:188} INFO - [2026-03-28T03:16:06.337+0000] {dag.py:3036} INFO - Sync 1 DAGs
[2026-03-28T03:16:06.365+0000] {logging_mixin.py:188} INFO - [2026-03-28T03:16:06.365+0000] {dag.py:3823} INFO - Setting next_dagrun for weekly_summary_pipeline to 2026-03-23 06:00:00+00:00, run_after=2026-03-30 06:00:00+00:00
[2026-03-28T03:16:06.387+0000] {processor.py:183} INFO - Processing /opt/airflow/dags/weekly_summary_pipeline.py took 0.134 seconds
[2026-03-28T03:16:36.659+0000] {processor.py:161} INFO - Started process (PID=1022) to work on /opt/airflow/dags/weekly_summary_pipeline.py
[2026-03-28T03:16:36.660+0000] {processor.py:830} INFO - Processing file /opt/airflow/dags/weekly_summary_pipeline.py for tasks to queue
[2026-03-28T03:16:36.661+0000] {logging_mixin.py:188} INFO - [2026-03-28T03:16:36.661+0000] {dagbag.py:538} INFO - Filling up the DagBag from /opt/airflow/dags/weekly_summary_pipeline.py
[2026-03-28T03:16:36.682+0000] {processor.py:840} INFO - DAG(s) 'weekly_summary_pipeline' retrieved from /opt/airflow/dags/weekly_summary_pipeline.py
[2026-03-28T03:16:36.715+0000] {logging_mixin.py:188} INFO - [2026-03-28T03:16:36.715+0000] {dag.py:3036} INFO - Sync 1 DAGs
[2026-03-28T03:16:36.740+0000] {logging_mixin.py:188} INFO - [2026-03-28T03:16:36.740+0000] {dag.py:3823} INFO - Setting next_dagrun for weekly_summary_pipeline to 2026-03-23 06:00:00+00:00, run_after=2026-03-30 06:00:00+00:00
[2026-03-28T03:16:36.761+0000] {processor.py:183} INFO - Processing /opt/airflow/dags/weekly_summary_pipeline.py took 0.105 seconds
[2026-03-28T03:17:06.992+0000] {processor.py:161} INFO - Started process (PID=1045) to work on /opt/airflow/dags/weekly_summary_pipeline.py
[2026-03-28T03:17:06.994+0000] {processor.py:830} INFO - Processing file /opt/airflow/dags/weekly_summary_pipeline.py for tasks to queue
[2026-03-28T03:17:06.994+0000] {logging_mixin.py:188} INFO - [2026-03-28T03:17:06.994+0000] {dagbag.py:538} INFO - Filling up the DagBag from /opt/airflow/dags/weekly_summary_pipeline.py
[2026-03-28T03:17:07.018+0000] {processor.py:840} INFO - DAG(s) 'weekly_summary_pipeline' retrieved from /opt/airflow/dags/weekly_summary_pipeline.py
[2026-03-28T03:17:07.052+0000] {logging_mixin.py:188} INFO - [2026-03-28T03:17:07.052+0000] {dag.py:3036} INFO - Sync 1 DAGs
[2026-03-28T03:17:07.078+0000] {logging_mixin.py:188} INFO - [2026-03-28T03:17:07.077+0000] {dag.py:3823} INFO - Setting next_dagrun for weekly_summary_pipeline to 2026-03-23 06:00:00+00:00, run_after=2026-03-30 06:00:00+00:00
[2026-03-28T03:17:07.097+0000] {processor.py:183} INFO - Processing /opt/airflow/dags/weekly_summary_pipeline.py took 0.107 seconds
[2026-03-28T03:17:37.385+0000] {processor.py:161} INFO - Started process (PID=1068) to work on /opt/airflow/dags/weekly_summary_pipeline.py
[2026-03-28T03:17:37.387+0000] {processor.py:830} INFO - Processing file /opt/airflow/dags/weekly_summary_pipeline.py for tasks to queue
[2026-03-28T03:17:37.387+0000] {logging_mixin.py:188} INFO - [2026-03-28T03:17:37.387+0000] {dagbag.py:538} INFO - Filling up the DagBag from /opt/airflow/dags/weekly_summary_pipeline.py
[2026-03-28T03:17:37.410+0000] {processor.py:840} INFO - DAG(s) 'weekly_summary_pipeline' retrieved from /opt/airflow/dags/weekly_summary_pipeline.py
[2026-03-28T03:17:37.440+0000] {logging_mixin.py:188} INFO - [2026-03-28T03:17:37.440+0000] {dag.py:3036} INFO - Sync 1 DAGs
[2026-03-28T03:17:37.465+0000] {logging_mixin.py:188} INFO - [2026-03-28T03:17:37.465+0000] {dag.py:3823} INFO - Setting next_dagrun for weekly_summary_pipeline to 2026-03-23 06:00:00+00:00, run_after=2026-03-30 06:00:00+00:00
[2026-03-28T03:17:37.486+0000] {processor.py:183} INFO - Processing /opt/airflow/dags/weekly_summary_pipeline.py took 0.103 seconds
[2026-03-28T03:18:07.765+0000] {processor.py:161} INFO - Started process (PID=1091) to work on /opt/airflow/dags/weekly_summary_pipeline.py
[2026-03-28T03:18:07.767+0000] {processor.py:830} INFO - Processing file /opt/airflow/dags/weekly_summary_pipeline.py for tasks to queue
[2026-03-28T03:18:07.769+0000] {logging_mixin.py:188} INFO - [2026-03-28T03:18:07.768+0000] {dagbag.py:538} INFO - Filling up the DagBag from /opt/airflow/dags/weekly_summary_pipeline.py
[2026-03-28T03:18:07.811+0000] {processor.py:840} INFO - DAG(s) 'weekly_summary_pipeline' retrieved from /opt/airflow/dags/weekly_summary_pipeline.py
[2026-03-28T03:18:07.893+0000] {logging_mixin.py:188} INFO - [2026-03-28T03:18:07.893+0000] {dag.py:3036} INFO - Sync 1 DAGs
[2026-03-28T03:18:07.975+0000] {logging_mixin.py:188} INFO - [2026-03-28T03:18:07.974+0000] {dag.py:3823} INFO - Setting next_dagrun for weekly_summary_pipeline to 2026-03-23 06:00:00+00:00, run_after=2026-03-30 06:00:00+00:00
[2026-03-28T03:18:08.003+0000] {processor.py:183} INFO - Processing /opt/airflow/dags/weekly_summary_pipeline.py took 0.242 seconds
[2026-03-28T03:18:38.305+0000] {processor.py:161} INFO - Started process (PID=1114) to work on /opt/airflow/dags/weekly_summary_pipeline.py
[2026-03-28T03:18:38.306+0000] {processor.py:830} INFO - Processing file /opt/airflow/dags/weekly_summary_pipeline.py for tasks to queue
[2026-03-28T03:18:38.307+0000] {logging_mixin.py:188} INFO - [2026-03-28T03:18:38.306+0000] {dagbag.py:538} INFO - Filling up the DagBag from /opt/airflow/dags/weekly_summary_pipeline.py
[2026-03-28T03:18:38.332+0000] {processor.py:840} INFO - DAG(s) 'weekly_summary_pipeline' retrieved from /opt/airflow/dags/weekly_summary_pipeline.py
[2026-03-28T03:18:38.371+0000] {logging_mixin.py:188} INFO - [2026-03-28T03:18:38.371+0000] {dag.py:3036} INFO - Sync 1 DAGs
[2026-03-28T03:18:38.400+0000] {logging_mixin.py:188} INFO - [2026-03-28T03:18:38.399+0000] {dag.py:3823} INFO - Setting next_dagrun for weekly_summary_pipeline to 2026-03-23 06:00:00+00:00, run_after=2026-03-30 06:00:00+00:00
[2026-03-28T03:18:38.425+0000] {processor.py:183} INFO - Processing /opt/airflow/dags/weekly_summary_pipeline.py took 0.123 seconds
[2026-03-28T03:19:08.803+0000] {processor.py:161} INFO - Started process (PID=1137) to work on /opt/airflow/dags/weekly_summary_pipeline.py
[2026-03-28T03:19:08.804+0000] {processor.py:830} INFO - Processing file /opt/airflow/dags/weekly_summary_pipeline.py for tasks to queue
[2026-03-28T03:19:08.806+0000] {logging_mixin.py:188} INFO - [2026-03-28T03:19:08.805+0000] {dagbag.py:538} INFO - Filling up the DagBag from /opt/airflow/dags/weekly_summary_pipeline.py
[2026-03-28T03:19:08.837+0000] {processor.py:840} INFO - DAG(s) 'weekly_summary_pipeline' retrieved from /opt/airflow/dags/weekly_summary_pipeline.py
[2026-03-28T03:19:08.869+0000] {logging_mixin.py:188} INFO - [2026-03-28T03:19:08.869+0000] {dag.py:3036} INFO - Sync 1 DAGs
[2026-03-28T03:19:08.898+0000] {logging_mixin.py:188} INFO - [2026-03-28T03:19:08.897+0000] {dag.py:3823} INFO - Setting next_dagrun for weekly_summary_pipeline to 2026-03-23 06:00:00+00:00, run_after=2026-03-30 06:00:00+00:00
[2026-03-28T03:19:08.919+0000] {processor.py:183} INFO - Processing /opt/airflow/dags/weekly_summary_pipeline.py took 0.119 seconds
[2026-03-28T03:19:39.214+0000] {processor.py:161} INFO - Started process (PID=1161) to work on /opt/airflow/dags/weekly_summary_pipeline.py
[2026-03-28T03:19:39.215+0000] {processor.py:830} INFO - Processing file /opt/airflow/dags/weekly_summary_pipeline.py for tasks to queue
[2026-03-28T03:19:39.216+0000] {logging_mixin.py:188} INFO - [2026-03-28T03:19:39.216+0000] {dagbag.py:538} INFO - Filling up the DagBag from /opt/airflow/dags/weekly_summary_pipeline.py
[2026-03-28T03:19:39.243+0000] {processor.py:840} INFO - DAG(s) 'weekly_summary_pipeline' retrieved from /opt/airflow/dags/weekly_summary_pipeline.py
[2026-03-28T03:19:39.273+0000] {logging_mixin.py:188} INFO - [2026-03-28T03:19:39.272+0000] {dag.py:3036} INFO - Sync 1 DAGs
[2026-03-28T03:19:39.305+0000] {logging_mixin.py:188} INFO - [2026-03-28T03:19:39.305+0000] {dag.py:3823} INFO - Setting next_dagrun for weekly_summary_pipeline to 2026-03-23 06:00:00+00:00, run_after=2026-03-30 06:00:00+00:00
[2026-03-28T03:19:39.332+0000] {processor.py:183} INFO - Processing /opt/airflow/dags/weekly_summary_pipeline.py took 0.121 seconds
[2026-03-28T03:20:09.651+0000] {processor.py:161} INFO - Started process (PID=1371) to work on /opt/airflow/dags/weekly_summary_pipeline.py
[2026-03-28T03:20:09.663+0000] {processor.py:830} INFO - Processing file /opt/airflow/dags/weekly_summary_pipeline.py for tasks to queue
[2026-03-28T03:20:09.671+0000] {logging_mixin.py:188} INFO - [2026-03-28T03:20:09.668+0000] {dagbag.py:538} INFO - Filling up the DagBag from /opt/airflow/dags/weekly_summary_pipeline.py
[2026-03-28T03:20:09.756+0000] {processor.py:840} INFO - DAG(s) 'weekly_summary_pipeline' retrieved from /opt/airflow/dags/weekly_summary_pipeline.py
[2026-03-28T03:20:09.846+0000] {logging_mixin.py:188} INFO - [2026-03-28T03:20:09.846+0000] {dag.py:3036} INFO - Sync 1 DAGs
[2026-03-28T03:20:09.942+0000] {logging_mixin.py:188} INFO - [2026-03-28T03:20:09.941+0000] {dag.py:3823} INFO - Setting next_dagrun for weekly_summary_pipeline to 2026-03-23 06:00:00+00:00, run_after=2026-03-30 06:00:00+00:00
[2026-03-28T03:20:09.996+0000] {processor.py:183} INFO - Processing /opt/airflow/dags/weekly_summary_pipeline.py took 0.364 seconds
[2026-03-28T03:20:40.355+0000] {processor.py:161} INFO - Started process (PID=1386) to work on /opt/airflow/dags/weekly_summary_pipeline.py
[2026-03-28T03:20:40.357+0000] {processor.py:830} INFO - Processing file /opt/airflow/dags/weekly_summary_pipeline.py for tasks to queue
[2026-03-28T03:20:40.358+0000] {logging_mixin.py:188} INFO - [2026-03-28T03:20:40.358+0000] {dagbag.py:538} INFO - Filling up the DagBag from /opt/airflow/dags/weekly_summary_pipeline.py
[2026-03-28T03:20:40.387+0000] {processor.py:840} INFO - DAG(s) 'weekly_summary_pipeline' retrieved from /opt/airflow/dags/weekly_summary_pipeline.py
[2026-03-28T03:20:40.453+0000] {logging_mixin.py:188} INFO - [2026-03-28T03:20:40.452+0000] {dag.py:3036} INFO - Sync 1 DAGs
[2026-03-28T03:20:40.492+0000] {logging_mixin.py:188} INFO - [2026-03-28T03:20:40.492+0000] {dag.py:3823} INFO - Setting next_dagrun for weekly_summary_pipeline to 2026-03-23 06:00:00+00:00, run_after=2026-03-30 06:00:00+00:00
[2026-03-28T03:20:40.531+0000] {processor.py:183} INFO - Processing /opt/airflow/dags/weekly_summary_pipeline.py took 0.179 seconds
[2026-03-28T03:21:10.831+0000] {processor.py:161} INFO - Started process (PID=1409) to work on /opt/airflow/dags/weekly_summary_pipeline.py
[2026-03-28T03:21:10.833+0000] {processor.py:830} INFO - Processing file /opt/airflow/dags/weekly_summary_pipeline.py for tasks to queue
[2026-03-28T03:21:10.834+0000] {logging_mixin.py:188} INFO - [2026-03-28T03:21:10.833+0000] {dagbag.py:538} INFO - Filling up the DagBag from /opt/airflow/dags/weekly_summary_pipeline.py
[2026-03-28T03:21:10.859+0000] {processor.py:840} INFO - DAG(s) 'weekly_summary_pipeline' retrieved from /opt/airflow/dags/weekly_summary_pipeline.py
[2026-03-28T03:21:10.889+0000] {logging_mixin.py:188} INFO - [2026-03-28T03:21:10.889+0000] {dag.py:3036} INFO - Sync 1 DAGs
[2026-03-28T03:21:10.918+0000] {logging_mixin.py:188} INFO - [2026-03-28T03:21:10.917+0000] {dag.py:3823} INFO - Setting next_dagrun for weekly_summary_pipeline to 2026-03-23 06:00:00+00:00, run_after=2026-03-30 06:00:00+00:00
[2026-03-28T03:21:10.938+0000] {processor.py:183} INFO - Processing /opt/airflow/dags/weekly_summary_pipeline.py took 0.110 seconds
[2026-03-28T03:21:41.216+0000] {processor.py:161} INFO - Started process (PID=1434) to work on /opt/airflow/dags/weekly_summary_pipeline.py
[2026-03-28T03:21:41.217+0000] {processor.py:830} INFO - Processing file /opt/airflow/dags/weekly_summary_pipeline.py for tasks to queue
[2026-03-28T03:21:41.218+0000] {logging_mixin.py:188} INFO - [2026-03-28T03:21:41.218+0000] {dagbag.py:538} INFO - Filling up the DagBag from /opt/airflow/dags/weekly_summary_pipeline.py
[2026-03-28T03:21:41.242+0000] {processor.py:840} INFO - DAG(s) 'weekly_summary_pipeline' retrieved from /opt/airflow/dags/weekly_summary_pipeline.py
[2026-03-28T03:21:41.269+0000] {logging_mixin.py:188} INFO - [2026-03-28T03:21:41.269+0000] {dag.py:3036} INFO - Sync 1 DAGs
[2026-03-28T03:21:41.293+0000] {logging_mixin.py:188} INFO - [2026-03-28T03:21:41.293+0000] {dag.py:3823} INFO - Setting next_dagrun for weekly_summary_pipeline to 2026-03-23 06:00:00+00:00, run_after=2026-03-30 06:00:00+00:00
[2026-03-28T03:21:41.315+0000] {processor.py:183} INFO - Processing /opt/airflow/dags/weekly_summary_pipeline.py took 0.102 seconds
[2026-03-28T03:22:11.689+0000] {processor.py:161} INFO - Started process (PID=1457) to work on /opt/airflow/dags/weekly_summary_pipeline.py
[2026-03-28T03:22:11.690+0000] {processor.py:830} INFO - Processing file /opt/airflow/dags/weekly_summary_pipeline.py for tasks to queue
[2026-03-28T03:22:11.691+0000] {logging_mixin.py:188} INFO - [2026-03-28T03:22:11.691+0000] {dagbag.py:538} INFO - Filling up the DagBag from /opt/airflow/dags/weekly_summary_pipeline.py
[2026-03-28T03:22:11.712+0000] {processor.py:840} INFO - DAG(s) 'weekly_summary_pipeline' retrieved from /opt/airflow/dags/weekly_summary_pipeline.py
[2026-03-28T03:22:11.739+0000] {logging_mixin.py:188} INFO - [2026-03-28T03:22:11.739+0000] {dag.py:3036} INFO - Sync 1 DAGs
[2026-03-28T03:22:11.763+0000] {logging_mixin.py:188} INFO - [2026-03-28T03:22:11.762+0000] {dag.py:3823} INFO - Setting next_dagrun for weekly_summary_pipeline to 2026-03-23 06:00:00+00:00, run_after=2026-03-30 06:00:00+00:00
[2026-03-28T03:22:11.787+0000] {processor.py:183} INFO - Processing /opt/airflow/dags/weekly_summary_pipeline.py took 0.100 seconds
[2026-03-28T03:22:42.184+0000] {processor.py:161} INFO - Started process (PID=1481) to work on /opt/airflow/dags/weekly_summary_pipeline.py
[2026-03-28T03:22:42.186+0000] {processor.py:830} INFO - Processing file /opt/airflow/dags/weekly_summary_pipeline.py for tasks to queue
[2026-03-28T03:22:42.187+0000] {logging_mixin.py:188} INFO - [2026-03-28T03:22:42.186+0000] {dagbag.py:538} INFO - Filling up the DagBag from /opt/airflow/dags/weekly_summary_pipeline.py
[2026-03-28T03:22:42.206+0000] {processor.py:840} INFO - DAG(s) 'weekly_summary_pipeline' retrieved from /opt/airflow/dags/weekly_summary_pipeline.py
[2026-03-28T03:22:42.237+0000] {logging_mixin.py:188} INFO - [2026-03-28T03:22:42.236+0000] {dag.py:3036} INFO - Sync 1 DAGs
[2026-03-28T03:22:42.262+0000] {logging_mixin.py:188} INFO - [2026-03-28T03:22:42.262+0000] {dag.py:3823} INFO - Setting next_dagrun for weekly_summary_pipeline to 2026-03-23 06:00:00+00:00, run_after=2026-03-30 06:00:00+00:00
[2026-03-28T03:22:42.284+0000] {processor.py:183} INFO - Processing /opt/airflow/dags/weekly_summary_pipeline.py took 0.103 seconds
[2026-03-28T03:23:12.650+0000] {processor.py:161} INFO - Started process (PID=1504) to work on /opt/airflow/dags/weekly_summary_pipeline.py
[2026-03-28T03:23:12.651+0000] {processor.py:830} INFO - Processing file /opt/airflow/dags/weekly_summary_pipeline.py for tasks to queue
[2026-03-28T03:23:12.652+0000] {logging_mixin.py:188} INFO - [2026-03-28T03:23:12.651+0000] {dagbag.py:538} INFO - Filling up the DagBag from /opt/airflow/dags/weekly_summary_pipeline.py
[2026-03-28T03:23:12.670+0000] {processor.py:840} INFO - DAG(s) 'weekly_summary_pipeline' retrieved from /opt/airflow/dags/weekly_summary_pipeline.py
[2026-03-28T03:23:12.696+0000] {logging_mixin.py:188} INFO - [2026-03-28T03:23:12.696+0000] {dag.py:3036} INFO - Sync 1 DAGs
[2026-03-28T03:23:12.717+0000] {logging_mixin.py:188} INFO - [2026-03-28T03:23:12.717+0000] {dag.py:3823} INFO - Setting next_dagrun for weekly_summary_pipeline to 2026-03-23 06:00:00+00:00, run_after=2026-03-30 06:00:00+00:00
[2026-03-28T03:23:12.741+0000] {processor.py:183} INFO - Processing /opt/airflow/dags/weekly_summary_pipeline.py took 0.094 seconds
[2026-03-28T03:23:43.084+0000] {processor.py:161} INFO - Started process (PID=1527) to work on /opt/airflow/dags/weekly_summary_pipeline.py
[2026-03-28T03:23:43.085+0000] {processor.py:830} INFO - Processing file /opt/airflow/dags/weekly_summary_pipeline.py for tasks to queue
[2026-03-28T03:23:43.086+0000] {logging_mixin.py:188} INFO - [2026-03-28T03:23:43.086+0000] {dagbag.py:538} INFO - Filling up the DagBag from /opt/airflow/dags/weekly_summary_pipeline.py
[2026-03-28T03:23:43.106+0000] {processor.py:840} INFO - DAG(s) 'weekly_summary_pipeline' retrieved from /opt/airflow/dags/weekly_summary_pipeline.py
[2026-03-28T03:23:43.137+0000] {logging_mixin.py:188} INFO - [2026-03-28T03:23:43.137+0000] {dag.py:3036} INFO - Sync 1 DAGs
[2026-03-28T03:23:43.165+0000] {logging_mixin.py:188} INFO - [2026-03-28T03:23:43.164+0000] {dag.py:3823} INFO - Setting next_dagrun for weekly_summary_pipeline to 2026-03-23 06:00:00+00:00, run_after=2026-03-30 06:00:00+00:00
[2026-03-28T03:23:43.190+0000] {processor.py:183} INFO - Processing /opt/airflow/dags/weekly_summary_pipeline.py took 0.108 seconds
[2026-03-28T03:24:13.509+0000] {processor.py:161} INFO - Started process (PID=1550) to work on /opt/airflow/dags/weekly_summary_pipeline.py
[2026-03-28T03:24:13.511+0000] {processor.py:830} INFO - Processing file /opt/airflow/dags/weekly_summary_pipeline.py for tasks to queue
[2026-03-28T03:24:13.512+0000] {logging_mixin.py:188} INFO - [2026-03-28T03:24:13.511+0000] {dagbag.py:538} INFO - Filling up the DagBag from /opt/airflow/dags/weekly_summary_pipeline.py
[2026-03-28T03:24:13.531+0000] {processor.py:840} INFO - DAG(s) 'weekly_summary_pipeline' retrieved from /opt/airflow/dags/weekly_summary_pipeline.py
[2026-03-28T03:24:13.559+0000] {logging_mixin.py:188} INFO - [2026-03-28T03:24:13.559+0000] {dag.py:3036} INFO - Sync 1 DAGs
[2026-03-28T03:24:13.582+0000] {logging_mixin.py:188} INFO - [2026-03-28T03:24:13.582+0000] {dag.py:3823} INFO - Setting next_dagrun for weekly_summary_pipeline to 2026-03-23 06:00:00+00:00, run_after=2026-03-30 06:00:00+00:00
[2026-03-28T03:24:13.602+0000] {processor.py:183} INFO - Processing /opt/airflow/dags/weekly_summary_pipeline.py took 0.096 seconds
[2026-03-28T03:24:43.950+0000] {processor.py:161} INFO - Started process (PID=1573) to work on /opt/airflow/dags/weekly_summary_pipeline.py
[2026-03-28T03:24:43.951+0000] {processor.py:830} INFO - Processing file /opt/airflow/dags/weekly_summary_pipeline.py for tasks to queue
[2026-03-28T03:24:43.953+0000] {logging_mixin.py:188} INFO - [2026-03-28T03:24:43.952+0000] {dagbag.py:538} INFO - Filling up the DagBag from /opt/airflow/dags/weekly_summary_pipeline.py
[2026-03-28T03:24:43.982+0000] {processor.py:840} INFO - DAG(s) 'weekly_summary_pipeline' retrieved from /opt/airflow/dags/weekly_summary_pipeline.py
[2026-03-28T03:24:44.022+0000] {logging_mixin.py:188} INFO - [2026-03-28T03:24:44.022+0000] {dag.py:3036} INFO - Sync 1 DAGs
[2026-03-28T03:24:44.050+0000] {logging_mixin.py:188} INFO - [2026-03-28T03:24:44.050+0000] {dag.py:3823} INFO - Setting next_dagrun for weekly_summary_pipeline to 2026-03-23 06:00:00+00:00, run_after=2026-03-30 06:00:00+00:00
[2026-03-28T03:24:44.080+0000] {processor.py:183} INFO - Processing /opt/airflow/dags/weekly_summary_pipeline.py took 0.134 seconds
[2026-03-28T03:25:14.384+0000] {processor.py:161} INFO - Started process (PID=1596) to work on /opt/airflow/dags/weekly_summary_pipeline.py
[2026-03-28T03:25:14.385+0000] {processor.py:830} INFO - Processing file /opt/airflow/dags/weekly_summary_pipeline.py for tasks to queue
[2026-03-28T03:25:14.386+0000] {logging_mixin.py:188} INFO - [2026-03-28T03:25:14.386+0000] {dagbag.py:538} INFO - Filling up the DagBag from /opt/airflow/dags/weekly_summary_pipeline.py
[2026-03-28T03:25:14.406+0000] {processor.py:840} INFO - DAG(s) 'weekly_summary_pipeline' retrieved from /opt/airflow/dags/weekly_summary_pipeline.py
[2026-03-28T03:25:14.438+0000] {logging_mixin.py:188} INFO - [2026-03-28T03:25:14.438+0000] {dag.py:3036} INFO - Sync 1 DAGs
[2026-03-28T03:25:14.462+0000] {logging_mixin.py:188} INFO - [2026-03-28T03:25:14.461+0000] {dag.py:3823} INFO - Setting next_dagrun for weekly_summary_pipeline to 2026-03-23 06:00:00+00:00, run_after=2026-03-30 06:00:00+00:00
[2026-03-28T03:25:14.483+0000] {processor.py:183} INFO - Processing /opt/airflow/dags/weekly_summary_pipeline.py took 0.102 seconds
[2026-03-28T03:25:44.797+0000] {processor.py:161} INFO - Started process (PID=1619) to work on /opt/airflow/dags/weekly_summary_pipeline.py
[2026-03-28T03:25:44.798+0000] {processor.py:830} INFO - Processing file /opt/airflow/dags/weekly_summary_pipeline.py for tasks to queue
[2026-03-28T03:25:44.800+0000] {logging_mixin.py:188} INFO - [2026-03-28T03:25:44.799+0000] {dagbag.py:538} INFO - Filling up the DagBag from /opt/airflow/dags/weekly_summary_pipeline.py
[2026-03-28T03:25:44.824+0000] {processor.py:840} INFO - DAG(s) 'weekly_summary_pipeline' retrieved from /opt/airflow/dags/weekly_summary_pipeline.py
[2026-03-28T03:25:44.858+0000] {logging_mixin.py:188} INFO - [2026-03-28T03:25:44.858+0000] {dag.py:3036} INFO - Sync 1 DAGs
[2026-03-28T03:25:44.883+0000] {logging_mixin.py:188} INFO - [2026-03-28T03:25:44.883+0000] {dag.py:3823} INFO - Setting next_dagrun for weekly_summary_pipeline to 2026-03-23 06:00:00+00:00, run_after=2026-03-30 06:00:00+00:00
[2026-03-28T03:25:44.908+0000] {processor.py:183} INFO - Processing /opt/airflow/dags/weekly_summary_pipeline.py took 0.116 seconds
[2026-03-28T03:26:15.239+0000] {processor.py:161} INFO - Started process (PID=1642) to work on /opt/airflow/dags/weekly_summary_pipeline.py
[2026-03-28T03:26:15.240+0000] {processor.py:830} INFO - Processing file /opt/airflow/dags/weekly_summary_pipeline.py for tasks to queue
[2026-03-28T03:26:15.241+0000] {logging_mixin.py:188} INFO - [2026-03-28T03:26:15.241+0000] {dagbag.py:538} INFO - Filling up the DagBag from /opt/airflow/dags/weekly_summary_pipeline.py
[2026-03-28T03:26:15.259+0000] {processor.py:840} INFO - DAG(s) 'weekly_summary_pipeline' retrieved from /opt/airflow/dags/weekly_summary_pipeline.py
[2026-03-28T03:26:15.285+0000] {logging_mixin.py:188} INFO - [2026-03-28T03:26:15.285+0000] {dag.py:3036} INFO - Sync 1 DAGs
[2026-03-28T03:26:15.308+0000] {logging_mixin.py:188} INFO - [2026-03-28T03:26:15.307+0000] {dag.py:3823} INFO - Setting next_dagrun for weekly_summary_pipeline to 2026-03-23 06:00:00+00:00, run_after=2026-03-30 06:00:00+00:00
[2026-03-28T03:26:15.329+0000] {processor.py:183} INFO - Processing /opt/airflow/dags/weekly_summary_pipeline.py took 0.092 seconds
[2026-03-28T03:26:45.616+0000] {processor.py:161} INFO - Started process (PID=1665) to work on /opt/airflow/dags/weekly_summary_pipeline.py
[2026-03-28T03:26:45.618+0000] {processor.py:830} INFO - Processing file /opt/airflow/dags/weekly_summary_pipeline.py for tasks to queue
[2026-03-28T03:26:45.619+0000] {logging_mixin.py:188} INFO - [2026-03-28T03:26:45.618+0000] {dagbag.py:538} INFO - Filling up the DagBag from /opt/airflow/dags/weekly_summary_pipeline.py
[2026-03-28T03:26:45.643+0000] {processor.py:840} INFO - DAG(s) 'weekly_summary_pipeline' retrieved from /opt/airflow/dags/weekly_summary_pipeline.py
[2026-03-28T03:26:45.677+0000] {logging_mixin.py:188} INFO - [2026-03-28T03:26:45.677+0000] {dag.py:3036} INFO - Sync 1 DAGs
[2026-03-28T03:26:45.705+0000] {logging_mixin.py:188} INFO - [2026-03-28T03:26:45.705+0000] {dag.py:3823} INFO - Setting next_dagrun for weekly_summary_pipeline to 2026-03-23 06:00:00+00:00, run_after=2026-03-30 06:00:00+00:00
[2026-03-28T03:26:45.728+0000] {processor.py:183} INFO - Processing /opt/airflow/dags/weekly_summary_pipeline.py took 0.114 seconds
[2026-03-28T03:27:16.039+0000] {processor.py:161} INFO - Started process (PID=1688) to work on /opt/airflow/dags/weekly_summary_pipeline.py
[2026-03-28T03:27:16.040+0000] {processor.py:830} INFO - Processing file /opt/airflow/dags/weekly_summary_pipeline.py for tasks to queue
[2026-03-28T03:27:16.041+0000] {logging_mixin.py:188} INFO - [2026-03-28T03:27:16.041+0000] {dagbag.py:538} INFO - Filling up the DagBag from /opt/airflow/dags/weekly_summary_pipeline.py
[2026-03-28T03:27:16.060+0000] {processor.py:840} INFO - DAG(s) 'weekly_summary_pipeline' retrieved from /opt/airflow/dags/weekly_summary_pipeline.py
[2026-03-28T03:27:16.086+0000] {logging_mixin.py:188} INFO - [2026-03-28T03:27:16.085+0000] {dag.py:3036} INFO - Sync 1 DAGs
[2026-03-28T03:27:16.110+0000] {logging_mixin.py:188} INFO - [2026-03-28T03:27:16.110+0000] {dag.py:3823} INFO - Setting next_dagrun for weekly_summary_pipeline to 2026-03-23 06:00:00+00:00, run_after=2026-03-30 06:00:00+00:00
[2026-03-28T03:27:16.129+0000] {processor.py:183} INFO - Processing /opt/airflow/dags/weekly_summary_pipeline.py took 0.092 seconds
[2026-03-28T03:27:46.487+0000] {processor.py:161} INFO - Started process (PID=1711) to work on /opt/airflow/dags/weekly_summary_pipeline.py
[2026-03-28T03:27:46.491+0000] {processor.py:830} INFO - Processing file /opt/airflow/dags/weekly_summary_pipeline.py for tasks to queue
[2026-03-28T03:27:46.493+0000] {logging_mixin.py:188} INFO - [2026-03-28T03:27:46.492+0000] {dagbag.py:538} INFO - Filling up the DagBag from /opt/airflow/dags/weekly_summary_pipeline.py
[2026-03-28T03:27:46.543+0000] {processor.py:840} INFO - DAG(s) 'weekly_summary_pipeline' retrieved from /opt/airflow/dags/weekly_summary_pipeline.py
[2026-03-28T03:27:46.583+0000] {logging_mixin.py:188} INFO - [2026-03-28T03:27:46.583+0000] {dag.py:3036} INFO - Sync 1 DAGs
[2026-03-28T03:27:46.606+0000] {logging_mixin.py:188} INFO - [2026-03-28T03:27:46.606+0000] {dag.py:3823} INFO - Setting next_dagrun for weekly_summary_pipeline to 2026-03-23 06:00:00+00:00, run_after=2026-03-30 06:00:00+00:00
[2026-03-28T03:27:46.629+0000] {processor.py:183} INFO - Processing /opt/airflow/dags/weekly_summary_pipeline.py took 0.146 seconds
[2026-03-28T03:28:16.906+0000] {processor.py:161} INFO - Started process (PID=1734) to work on /opt/airflow/dags/weekly_summary_pipeline.py
[2026-03-28T03:28:16.907+0000] {processor.py:830} INFO - Processing file /opt/airflow/dags/weekly_summary_pipeline.py for tasks to queue
[2026-03-28T03:28:16.908+0000] {logging_mixin.py:188} INFO - [2026-03-28T03:28:16.907+0000] {dagbag.py:538} INFO - Filling up the DagBag from /opt/airflow/dags/weekly_summary_pipeline.py
[2026-03-28T03:28:16.928+0000] {processor.py:840} INFO - DAG(s) 'weekly_summary_pipeline' retrieved from /opt/airflow/dags/weekly_summary_pipeline.py
[2026-03-28T03:28:16.955+0000] {logging_mixin.py:188} INFO - [2026-03-28T03:28:16.955+0000] {dag.py:3036} INFO - Sync 1 DAGs
[2026-03-28T03:28:16.977+0000] {logging_mixin.py:188} INFO - [2026-03-28T03:28:16.977+0000] {dag.py:3823} INFO - Setting next_dagrun for weekly_summary_pipeline to 2026-03-23 06:00:00+00:00, run_after=2026-03-30 06:00:00+00:00
[2026-03-28T03:28:16.999+0000] {processor.py:183} INFO - Processing /opt/airflow/dags/weekly_summary_pipeline.py took 0.096 seconds
[2026-03-28T03:28:47.291+0000] {processor.py:161} INFO - Started process (PID=1757) to work on /opt/airflow/dags/weekly_summary_pipeline.py
[2026-03-28T03:28:47.293+0000] {processor.py:830} INFO - Processing file /opt/airflow/dags/weekly_summary_pipeline.py for tasks to queue
[2026-03-28T03:28:47.294+0000] {logging_mixin.py:188} INFO - [2026-03-28T03:28:47.293+0000] {dagbag.py:538} INFO - Filling up the DagBag from /opt/airflow/dags/weekly_summary_pipeline.py
[2026-03-28T03:28:47.314+0000] {processor.py:840} INFO - DAG(s) 'weekly_summary_pipeline' retrieved from /opt/airflow/dags/weekly_summary_pipeline.py
[2026-03-28T03:28:47.340+0000] {logging_mixin.py:188} INFO - [2026-03-28T03:28:47.340+0000] {dag.py:3036} INFO - Sync 1 DAGs
[2026-03-28T03:28:47.361+0000] {logging_mixin.py:188} INFO - [2026-03-28T03:28:47.361+0000] {dag.py:3823} INFO - Setting next_dagrun for weekly_summary_pipeline to 2026-03-23 06:00:00+00:00, run_after=2026-03-30 06:00:00+00:00
[2026-03-28T03:28:47.381+0000] {processor.py:183} INFO - Processing /opt/airflow/dags/weekly_summary_pipeline.py took 0.093 seconds
[2026-03-28T03:29:17.682+0000] {processor.py:161} INFO - Started process (PID=1780) to work on /opt/airflow/dags/weekly_summary_pipeline.py
[2026-03-28T03:29:17.683+0000] {processor.py:830} INFO - Processing file /opt/airflow/dags/weekly_summary_pipeline.py for tasks to queue
[2026-03-28T03:29:17.684+0000] {logging_mixin.py:188} INFO - [2026-03-28T03:29:17.684+0000] {dagbag.py:538} INFO - Filling up the DagBag from /opt/airflow/dags/weekly_summary_pipeline.py
[2026-03-28T03:29:17.712+0000] {processor.py:840} INFO - DAG(s) 'weekly_summary_pipeline' retrieved from /opt/airflow/dags/weekly_summary_pipeline.py
[2026-03-28T03:29:17.749+0000] {logging_mixin.py:188} INFO - [2026-03-28T03:29:17.749+0000] {dag.py:3036} INFO - Sync 1 DAGs
[2026-03-28T03:29:17.776+0000] {logging_mixin.py:188} INFO - [2026-03-28T03:29:17.775+0000] {dag.py:3823} INFO - Setting next_dagrun for weekly_summary_pipeline to 2026-03-23 06:00:00+00:00, run_after=2026-03-30 06:00:00+00:00
[2026-03-28T03:29:17.807+0000] {processor.py:183} INFO - Processing /opt/airflow/dags/weekly_summary_pipeline.py took 0.127 seconds
[2026-03-28T03:29:48.144+0000] {processor.py:161} INFO - Started process (PID=1795) to work on /opt/airflow/dags/weekly_summary_pipeline.py
[2026-03-28T03:29:48.145+0000] {processor.py:830} INFO - Processing file /opt/airflow/dags/weekly_summary_pipeline.py for tasks to queue
[2026-03-28T03:29:48.146+0000] {logging_mixin.py:188} INFO - [2026-03-28T03:29:48.146+0000] {dagbag.py:538} INFO - Filling up the DagBag from /opt/airflow/dags/weekly_summary_pipeline.py
[2026-03-28T03:29:48.169+0000] {processor.py:840} INFO - DAG(s) 'weekly_summary_pipeline' retrieved from /opt/airflow/dags/weekly_summary_pipeline.py
[2026-03-28T03:29:48.198+0000] {logging_mixin.py:188} INFO - [2026-03-28T03:29:48.198+0000] {dag.py:3036} INFO - Sync 1 DAGs
[2026-03-28T03:29:48.220+0000] {logging_mixin.py:188} INFO - [2026-03-28T03:29:48.220+0000] {dag.py:3823} INFO - Setting next_dagrun for weekly_summary_pipeline to 2026-03-23 06:00:00+00:00, run_after=2026-03-30 06:00:00+00:00
[2026-03-28T03:29:48.240+0000] {processor.py:183} INFO - Processing /opt/airflow/dags/weekly_summary_pipeline.py took 0.099 seconds
[2026-03-28T03:30:18.570+0000] {processor.py:161} INFO - Started process (PID=1818) to work on /opt/airflow/dags/weekly_summary_pipeline.py
[2026-03-28T03:30:18.571+0000] {processor.py:830} INFO - Processing file /opt/airflow/dags/weekly_summary_pipeline.py for tasks to queue
[2026-03-28T03:30:18.572+0000] {logging_mixin.py:188} INFO - [2026-03-28T03:30:18.572+0000] {dagbag.py:538} INFO - Filling up the DagBag from /opt/airflow/dags/weekly_summary_pipeline.py
[2026-03-28T03:30:18.593+0000] {processor.py:840} INFO - DAG(s) 'weekly_summary_pipeline' retrieved from /opt/airflow/dags/weekly_summary_pipeline.py
[2026-03-28T03:30:18.621+0000] {logging_mixin.py:188} INFO - [2026-03-28T03:30:18.621+0000] {dag.py:3036} INFO - Sync 1 DAGs
[2026-03-28T03:30:18.657+0000] {logging_mixin.py:188} INFO - [2026-03-28T03:30:18.657+0000] {dag.py:3823} INFO - Setting next_dagrun for weekly_summary_pipeline to 2026-03-23 06:00:00+00:00, run_after=2026-03-30 06:00:00+00:00
[2026-03-28T03:30:18.684+0000] {processor.py:183} INFO - Processing /opt/airflow/dags/weekly_summary_pipeline.py took 0.117 seconds
[2026-03-28T03:30:48.997+0000] {processor.py:161} INFO - Started process (PID=1841) to work on /opt/airflow/dags/weekly_summary_pipeline.py
[2026-03-28T03:30:48.999+0000] {processor.py:830} INFO - Processing file /opt/airflow/dags/weekly_summary_pipeline.py for tasks to queue
[2026-03-28T03:30:49.000+0000] {logging_mixin.py:188} INFO - [2026-03-28T03:30:48.999+0000] {dagbag.py:538} INFO - Filling up the DagBag from /opt/airflow/dags/weekly_summary_pipeline.py
[2026-03-28T03:30:49.018+0000] {processor.py:840} INFO - DAG(s) 'weekly_summary_pipeline' retrieved from /opt/airflow/dags/weekly_summary_pipeline.py
[2026-03-28T03:30:49.042+0000] {logging_mixin.py:188} INFO - [2026-03-28T03:30:49.042+0000] {dag.py:3036} INFO - Sync 1 DAGs
[2026-03-28T03:30:49.064+0000] {logging_mixin.py:188} INFO - [2026-03-28T03:30:49.064+0000] {dag.py:3823} INFO - Setting next_dagrun for weekly_summary_pipeline to 2026-03-23 06:00:00+00:00, run_after=2026-03-30 06:00:00+00:00
[2026-03-28T03:30:49.089+0000] {processor.py:183} INFO - Processing /opt/airflow/dags/weekly_summary_pipeline.py took 0.095 seconds
[2026-03-28T03:31:19.389+0000] {processor.py:161} INFO - Started process (PID=1864) to work on /opt/airflow/dags/weekly_summary_pipeline.py
[2026-03-28T03:31:19.390+0000] {processor.py:830} INFO - Processing file /opt/airflow/dags/weekly_summary_pipeline.py for tasks to queue
[2026-03-28T03:31:19.391+0000] {logging_mixin.py:188} INFO - [2026-03-28T03:31:19.391+0000] {dagbag.py:538} INFO - Filling up the DagBag from /opt/airflow/dags/weekly_summary_pipeline.py
[2026-03-28T03:31:19.410+0000] {processor.py:840} INFO - DAG(s) 'weekly_summary_pipeline' retrieved from /opt/airflow/dags/weekly_summary_pipeline.py
[2026-03-28T03:31:19.436+0000] {logging_mixin.py:188} INFO - [2026-03-28T03:31:19.435+0000] {dag.py:3036} INFO - Sync 1 DAGs
[2026-03-28T03:31:19.458+0000] {logging_mixin.py:188} INFO - [2026-03-28T03:31:19.457+0000] {dag.py:3823} INFO - Setting next_dagrun for weekly_summary_pipeline to 2026-03-23 06:00:00+00:00, run_after=2026-03-30 06:00:00+00:00
[2026-03-28T03:31:19.479+0000] {processor.py:183} INFO - Processing /opt/airflow/dags/weekly_summary_pipeline.py took 0.092 seconds
[2026-03-28T03:31:49.804+0000] {processor.py:161} INFO - Started process (PID=1887) to work on /opt/airflow/dags/weekly_summary_pipeline.py
[2026-03-28T03:31:49.805+0000] {processor.py:830} INFO - Processing file /opt/airflow/dags/weekly_summary_pipeline.py for tasks to queue
[2026-03-28T03:31:49.806+0000] {logging_mixin.py:188} INFO - [2026-03-28T03:31:49.806+0000] {dagbag.py:538} INFO - Filling up the DagBag from /opt/airflow/dags/weekly_summary_pipeline.py
[2026-03-28T03:31:49.827+0000] {processor.py:840} INFO - DAG(s) 'weekly_summary_pipeline' retrieved from /opt/airflow/dags/weekly_summary_pipeline.py
[2026-03-28T03:31:49.853+0000] {logging_mixin.py:188} INFO - [2026-03-28T03:31:49.853+0000] {dag.py:3036} INFO - Sync 1 DAGs
[2026-03-28T03:31:49.875+0000] {logging_mixin.py:188} INFO - [2026-03-28T03:31:49.875+0000] {dag.py:3823} INFO - Setting next_dagrun for weekly_summary_pipeline to 2026-03-23 06:00:00+00:00, run_after=2026-03-30 06:00:00+00:00
[2026-03-28T03:31:49.897+0000] {processor.py:183} INFO - Processing /opt/airflow/dags/weekly_summary_pipeline.py took 0.095 seconds
[2026-03-28T03:32:20.192+0000] {processor.py:161} INFO - Started process (PID=1909) to work on /opt/airflow/dags/weekly_summary_pipeline.py
[2026-03-28T03:32:20.193+0000] {processor.py:830} INFO - Processing file /opt/airflow/dags/weekly_summary_pipeline.py for tasks to queue
[2026-03-28T03:32:20.194+0000] {logging_mixin.py:188} INFO - [2026-03-28T03:32:20.194+0000] {dagbag.py:538} INFO - Filling up the DagBag from /opt/airflow/dags/weekly_summary_pipeline.py
[2026-03-28T03:32:20.212+0000] {processor.py:840} INFO - DAG(s) 'weekly_summary_pipeline' retrieved from /opt/airflow/dags/weekly_summary_pipeline.py
[2026-03-28T03:32:20.237+0000] {logging_mixin.py:188} INFO - [2026-03-28T03:32:20.237+0000] {dag.py:3036} INFO - Sync 1 DAGs
[2026-03-28T03:32:20.258+0000] {logging_mixin.py:188} INFO - [2026-03-28T03:32:20.258+0000] {dag.py:3823} INFO - Setting next_dagrun for weekly_summary_pipeline to 2026-03-23 06:00:00+00:00, run_after=2026-03-30 06:00:00+00:00
[2026-03-28T03:32:20.279+0000] {processor.py:183} INFO - Processing /opt/airflow/dags/weekly_summary_pipeline.py took 0.089 seconds
[2026-03-28T03:32:50.673+0000] {processor.py:161} INFO - Started process (PID=1932) to work on /opt/airflow/dags/weekly_summary_pipeline.py
[2026-03-28T03:32:50.674+0000] {processor.py:830} INFO - Processing file /opt/airflow/dags/weekly_summary_pipeline.py for tasks to queue
[2026-03-28T03:32:50.675+0000] {logging_mixin.py:188} INFO - [2026-03-28T03:32:50.675+0000] {dagbag.py:538} INFO - Filling up the DagBag from /opt/airflow/dags/weekly_summary_pipeline.py
[2026-03-28T03:32:50.696+0000] {processor.py:840} INFO - DAG(s) 'weekly_summary_pipeline' retrieved from /opt/airflow/dags/weekly_summary_pipeline.py
[2026-03-28T03:32:50.723+0000] {logging_mixin.py:188} INFO - [2026-03-28T03:32:50.723+0000] {dag.py:3036} INFO - Sync 1 DAGs
[2026-03-28T03:32:50.745+0000] {logging_mixin.py:188} INFO - [2026-03-28T03:32:50.745+0000] {dag.py:3823} INFO - Setting next_dagrun for weekly_summary_pipeline to 2026-03-23 06:00:00+00:00, run_after=2026-03-30 06:00:00+00:00
[2026-03-28T03:32:50.767+0000] {processor.py:183} INFO - Processing /opt/airflow/dags/weekly_summary_pipeline.py took 0.096 seconds
[2026-03-28T03:33:21.134+0000] {processor.py:161} INFO - Started process (PID=1955) to work on /opt/airflow/dags/weekly_summary_pipeline.py
[2026-03-28T03:33:21.135+0000] {processor.py:830} INFO - Processing file /opt/airflow/dags/weekly_summary_pipeline.py for tasks to queue
[2026-03-28T03:33:21.136+0000] {logging_mixin.py:188} INFO - [2026-03-28T03:33:21.136+0000] {dagbag.py:538} INFO - Filling up the DagBag from /opt/airflow/dags/weekly_summary_pipeline.py
[2026-03-28T03:33:21.166+0000] {processor.py:840} INFO - DAG(s) 'weekly_summary_pipeline' retrieved from /opt/airflow/dags/weekly_summary_pipeline.py
[2026-03-28T03:33:21.199+0000] {logging_mixin.py:188} INFO - [2026-03-28T03:33:21.198+0000] {dag.py:3036} INFO - Sync 1 DAGs
[2026-03-28T03:33:21.223+0000] {logging_mixin.py:188} INFO - [2026-03-28T03:33:21.223+0000] {dag.py:3823} INFO - Setting next_dagrun for weekly_summary_pipeline to 2026-03-23 06:00:00+00:00, run_after=2026-03-30 06:00:00+00:00
[2026-03-28T03:33:21.247+0000] {processor.py:183} INFO - Processing /opt/airflow/dags/weekly_summary_pipeline.py took 0.116 seconds
[2026-03-28T03:33:51.574+0000] {processor.py:161} INFO - Started process (PID=1978) to work on /opt/airflow/dags/weekly_summary_pipeline.py
[2026-03-28T03:33:51.575+0000] {processor.py:830} INFO - Processing file /opt/airflow/dags/weekly_summary_pipeline.py for tasks to queue
[2026-03-28T03:33:51.577+0000] {logging_mixin.py:188} INFO - [2026-03-28T03:33:51.576+0000] {dagbag.py:538} INFO - Filling up the DagBag from /opt/airflow/dags/weekly_summary_pipeline.py
[2026-03-28T03:33:51.601+0000] {processor.py:840} INFO - DAG(s) 'weekly_summary_pipeline' retrieved from /opt/airflow/dags/weekly_summary_pipeline.py
[2026-03-28T03:33:51.641+0000] {logging_mixin.py:188} INFO - [2026-03-28T03:33:51.641+0000] {dag.py:3036} INFO - Sync 1 DAGs
[2026-03-28T03:33:51.690+0000] {logging_mixin.py:188} INFO - [2026-03-28T03:33:51.690+0000] {dag.py:3823} INFO - Setting next_dagrun for weekly_summary_pipeline to 2026-03-23 06:00:00+00:00, run_after=2026-03-30 06:00:00+00:00
[2026-03-28T03:33:51.717+0000] {processor.py:183} INFO - Processing /opt/airflow/dags/weekly_summary_pipeline.py took 0.146 seconds
[2026-03-28T03:34:22.033+0000] {processor.py:161} INFO - Started process (PID=2001) to work on /opt/airflow/dags/weekly_summary_pipeline.py
[2026-03-28T03:34:22.034+0000] {processor.py:830} INFO - Processing file /opt/airflow/dags/weekly_summary_pipeline.py for tasks to queue
[2026-03-28T03:34:22.035+0000] {logging_mixin.py:188} INFO - [2026-03-28T03:34:22.035+0000] {dagbag.py:538} INFO - Filling up the DagBag from /opt/airflow/dags/weekly_summary_pipeline.py
[2026-03-28T03:34:22.053+0000] {processor.py:840} INFO - DAG(s) 'weekly_summary_pipeline' retrieved from /opt/airflow/dags/weekly_summary_pipeline.py
[2026-03-28T03:34:22.078+0000] {logging_mixin.py:188} INFO - [2026-03-28T03:34:22.078+0000] {dag.py:3036} INFO - Sync 1 DAGs
[2026-03-28T03:34:22.100+0000] {logging_mixin.py:188} INFO - [2026-03-28T03:34:22.100+0000] {dag.py:3823} INFO - Setting next_dagrun for weekly_summary_pipeline to 2026-03-23 06:00:00+00:00, run_after=2026-03-30 06:00:00+00:00
[2026-03-28T03:34:22.123+0000] {processor.py:183} INFO - Processing /opt/airflow/dags/weekly_summary_pipeline.py took 0.093 seconds
[2026-03-28T03:34:52.453+0000] {processor.py:161} INFO - Started process (PID=2024) to work on /opt/airflow/dags/weekly_summary_pipeline.py
[2026-03-28T03:34:52.454+0000] {processor.py:830} INFO - Processing file /opt/airflow/dags/weekly_summary_pipeline.py for tasks to queue
[2026-03-28T03:34:52.455+0000] {logging_mixin.py:188} INFO - [2026-03-28T03:34:52.454+0000] {dagbag.py:538} INFO - Filling up the DagBag from /opt/airflow/dags/weekly_summary_pipeline.py
[2026-03-28T03:34:52.475+0000] {processor.py:840} INFO - DAG(s) 'weekly_summary_pipeline' retrieved from /opt/airflow/dags/weekly_summary_pipeline.py
[2026-03-28T03:34:52.508+0000] {logging_mixin.py:188} INFO - [2026-03-28T03:34:52.508+0000] {dag.py:3036} INFO - Sync 1 DAGs
[2026-03-28T03:34:52.538+0000] {logging_mixin.py:188} INFO - [2026-03-28T03:34:52.538+0000] {dag.py:3823} INFO - Setting next_dagrun for weekly_summary_pipeline to 2026-03-23 06:00:00+00:00, run_after=2026-03-30 06:00:00+00:00
[2026-03-28T03:34:52.560+0000] {processor.py:183} INFO - Processing /opt/airflow/dags/weekly_summary_pipeline.py took 0.110 seconds
[2026-03-28T03:35:22.891+0000] {processor.py:161} INFO - Started process (PID=2047) to work on /opt/airflow/dags/weekly_summary_pipeline.py
[2026-03-28T03:35:22.893+0000] {processor.py:830} INFO - Processing file /opt/airflow/dags/weekly_summary_pipeline.py for tasks to queue
[2026-03-28T03:35:22.894+0000] {logging_mixin.py:188} INFO - [2026-03-28T03:35:22.894+0000] {dagbag.py:538} INFO - Filling up the DagBag from /opt/airflow/dags/weekly_summary_pipeline.py
[2026-03-28T03:35:22.916+0000] {processor.py:840} INFO - DAG(s) 'weekly_summary_pipeline' retrieved from /opt/airflow/dags/weekly_summary_pipeline.py
[2026-03-28T03:35:22.946+0000] {logging_mixin.py:188} INFO - [2026-03-28T03:35:22.945+0000] {dag.py:3036} INFO - Sync 1 DAGs
[2026-03-28T03:35:22.970+0000] {logging_mixin.py:188} INFO - [2026-03-28T03:35:22.970+0000] {dag.py:3823} INFO - Setting next_dagrun for weekly_summary_pipeline to 2026-03-23 06:00:00+00:00, run_after=2026-03-30 06:00:00+00:00
[2026-03-28T03:35:22.993+0000] {processor.py:183} INFO - Processing /opt/airflow/dags/weekly_summary_pipeline.py took 0.104 seconds
[2026-03-28T03:35:53.292+0000] {processor.py:161} INFO - Started process (PID=2070) to work on /opt/airflow/dags/weekly_summary_pipeline.py
[2026-03-28T03:35:53.294+0000] {processor.py:830} INFO - Processing file /opt/airflow/dags/weekly_summary_pipeline.py for tasks to queue
[2026-03-28T03:35:53.295+0000] {logging_mixin.py:188} INFO - [2026-03-28T03:35:53.295+0000] {dagbag.py:538} INFO - Filling up the DagBag from /opt/airflow/dags/weekly_summary_pipeline.py
[2026-03-28T03:35:53.319+0000] {processor.py:840} INFO - DAG(s) 'weekly_summary_pipeline' retrieved from /opt/airflow/dags/weekly_summary_pipeline.py
[2026-03-28T03:35:53.348+0000] {logging_mixin.py:188} INFO - [2026-03-28T03:35:53.348+0000] {dag.py:3036} INFO - Sync 1 DAGs
[2026-03-28T03:35:53.372+0000] {logging_mixin.py:188} INFO - [2026-03-28T03:35:53.372+0000] {dag.py:3823} INFO - Setting next_dagrun for weekly_summary_pipeline to 2026-03-23 06:00:00+00:00, run_after=2026-03-30 06:00:00+00:00
[2026-03-28T03:35:53.396+0000] {processor.py:183} INFO - Processing /opt/airflow/dags/weekly_summary_pipeline.py took 0.108 seconds
[2026-03-28T03:36:23.738+0000] {processor.py:161} INFO - Started process (PID=2093) to work on /opt/airflow/dags/weekly_summary_pipeline.py
[2026-03-28T03:36:23.739+0000] {processor.py:830} INFO - Processing file /opt/airflow/dags/weekly_summary_pipeline.py for tasks to queue
[2026-03-28T03:36:23.740+0000] {logging_mixin.py:188} INFO - [2026-03-28T03:36:23.740+0000] {dagbag.py:538} INFO - Filling up the DagBag from /opt/airflow/dags/weekly_summary_pipeline.py
[2026-03-28T03:36:23.768+0000] {processor.py:840} INFO - DAG(s) 'weekly_summary_pipeline' retrieved from /opt/airflow/dags/weekly_summary_pipeline.py
[2026-03-28T03:36:23.807+0000] {logging_mixin.py:188} INFO - [2026-03-28T03:36:23.807+0000] {dag.py:3036} INFO - Sync 1 DAGs
[2026-03-28T03:36:23.831+0000] {logging_mixin.py:188} INFO - [2026-03-28T03:36:23.831+0000] {dag.py:3823} INFO - Setting next_dagrun for weekly_summary_pipeline to 2026-03-23 06:00:00+00:00, run_after=2026-03-30 06:00:00+00:00
[2026-03-28T03:36:23.851+0000] {processor.py:183} INFO - Processing /opt/airflow/dags/weekly_summary_pipeline.py took 0.115 seconds
[2026-03-28T03:36:54.139+0000] {processor.py:161} INFO - Started process (PID=2116) to work on /opt/airflow/dags/weekly_summary_pipeline.py
[2026-03-28T03:36:54.140+0000] {processor.py:830} INFO - Processing file /opt/airflow/dags/weekly_summary_pipeline.py for tasks to queue
[2026-03-28T03:36:54.141+0000] {logging_mixin.py:188} INFO - [2026-03-28T03:36:54.141+0000] {dagbag.py:538} INFO - Filling up the DagBag from /opt/airflow/dags/weekly_summary_pipeline.py
[2026-03-28T03:36:54.168+0000] {processor.py:840} INFO - DAG(s) 'weekly_summary_pipeline' retrieved from /opt/airflow/dags/weekly_summary_pipeline.py
[2026-03-28T03:36:54.200+0000] {logging_mixin.py:188} INFO - [2026-03-28T03:36:54.200+0000] {dag.py:3036} INFO - Sync 1 DAGs
[2026-03-28T03:36:54.224+0000] {logging_mixin.py:188} INFO - [2026-03-28T03:36:54.224+0000] {dag.py:3823} INFO - Setting next_dagrun for weekly_summary_pipeline to 2026-03-23 06:00:00+00:00, run_after=2026-03-30 06:00:00+00:00
[2026-03-28T03:36:54.244+0000] {processor.py:183} INFO - Processing /opt/airflow/dags/weekly_summary_pipeline.py took 0.108 seconds
[2026-03-28T03:37:24.629+0000] {processor.py:161} INFO - Started process (PID=2139) to work on /opt/airflow/dags/weekly_summary_pipeline.py
[2026-03-28T03:37:24.631+0000] {processor.py:830} INFO - Processing file /opt/airflow/dags/weekly_summary_pipeline.py for tasks to queue
[2026-03-28T03:37:24.633+0000] {logging_mixin.py:188} INFO - [2026-03-28T03:37:24.632+0000] {dagbag.py:538} INFO - Filling up the DagBag from /opt/airflow/dags/weekly_summary_pipeline.py
[2026-03-28T03:37:24.657+0000] {processor.py:840} INFO - DAG(s) 'weekly_summary_pipeline' retrieved from /opt/airflow/dags/weekly_summary_pipeline.py
[2026-03-28T03:37:24.684+0000] {logging_mixin.py:188} INFO - [2026-03-28T03:37:24.684+0000] {dag.py:3036} INFO - Sync 1 DAGs
[2026-03-28T03:37:24.707+0000] {logging_mixin.py:188} INFO - [2026-03-28T03:37:24.707+0000] {dag.py:3823} INFO - Setting next_dagrun for weekly_summary_pipeline to 2026-03-23 06:00:00+00:00, run_after=2026-03-30 06:00:00+00:00
[2026-03-28T03:37:24.729+0000] {processor.py:183} INFO - Processing /opt/airflow/dags/weekly_summary_pipeline.py took 0.103 seconds
[2026-03-28T03:37:55.045+0000] {processor.py:161} INFO - Started process (PID=2162) to work on /opt/airflow/dags/weekly_summary_pipeline.py
[2026-03-28T03:37:55.046+0000] {processor.py:830} INFO - Processing file /opt/airflow/dags/weekly_summary_pipeline.py for tasks to queue
[2026-03-28T03:37:55.047+0000] {logging_mixin.py:188} INFO - [2026-03-28T03:37:55.047+0000] {dagbag.py:538} INFO - Filling up the DagBag from /opt/airflow/dags/weekly_summary_pipeline.py
[2026-03-28T03:37:55.063+0000] {processor.py:840} INFO - DAG(s) 'weekly_summary_pipeline' retrieved from /opt/airflow/dags/weekly_summary_pipeline.py
[2026-03-28T03:37:55.088+0000] {logging_mixin.py:188} INFO - [2026-03-28T03:37:55.088+0000] {dag.py:3036} INFO - Sync 1 DAGs
[2026-03-28T03:37:55.110+0000] {logging_mixin.py:188} INFO - [2026-03-28T03:37:55.109+0000] {dag.py:3823} INFO - Setting next_dagrun for weekly_summary_pipeline to 2026-03-23 06:00:00+00:00, run_after=2026-03-30 06:00:00+00:00
[2026-03-28T03:37:55.138+0000] {processor.py:183} INFO - Processing /opt/airflow/dags/weekly_summary_pipeline.py took 0.095 seconds
[2026-03-28T03:38:25.430+0000] {processor.py:161} INFO - Started process (PID=2186) to work on /opt/airflow/dags/weekly_summary_pipeline.py
[2026-03-28T03:38:25.431+0000] {processor.py:830} INFO - Processing file /opt/airflow/dags/weekly_summary_pipeline.py for tasks to queue
[2026-03-28T03:38:25.432+0000] {logging_mixin.py:188} INFO - [2026-03-28T03:38:25.432+0000] {dagbag.py:538} INFO - Filling up the DagBag from /opt/airflow/dags/weekly_summary_pipeline.py
[2026-03-28T03:38:25.450+0000] {processor.py:840} INFO - DAG(s) 'weekly_summary_pipeline' retrieved from /opt/airflow/dags/weekly_summary_pipeline.py
[2026-03-28T03:38:25.476+0000] {logging_mixin.py:188} INFO - [2026-03-28T03:38:25.476+0000] {dag.py:3036} INFO - Sync 1 DAGs
[2026-03-28T03:38:25.497+0000] {logging_mixin.py:188} INFO - [2026-03-28T03:38:25.497+0000] {dag.py:3823} INFO - Setting next_dagrun for weekly_summary_pipeline to 2026-03-23 06:00:00+00:00, run_after=2026-03-30 06:00:00+00:00
[2026-03-28T03:38:25.522+0000] {processor.py:183} INFO - Processing /opt/airflow/dags/weekly_summary_pipeline.py took 0.094 seconds
[2026-03-28T03:38:55.857+0000] {processor.py:161} INFO - Started process (PID=2209) to work on /opt/airflow/dags/weekly_summary_pipeline.py
[2026-03-28T03:38:55.858+0000] {processor.py:830} INFO - Processing file /opt/airflow/dags/weekly_summary_pipeline.py for tasks to queue
[2026-03-28T03:38:55.859+0000] {logging_mixin.py:188} INFO - [2026-03-28T03:38:55.858+0000] {dagbag.py:538} INFO - Filling up the DagBag from /opt/airflow/dags/weekly_summary_pipeline.py
[2026-03-28T03:38:55.880+0000] {processor.py:840} INFO - DAG(s) 'weekly_summary_pipeline' retrieved from /opt/airflow/dags/weekly_summary_pipeline.py
[2026-03-28T03:38:55.911+0000] {logging_mixin.py:188} INFO - [2026-03-28T03:38:55.911+0000] {dag.py:3036} INFO - Sync 1 DAGs
[2026-03-28T03:38:55.934+0000] {logging_mixin.py:188} INFO - [2026-03-28T03:38:55.933+0000] {dag.py:3823} INFO - Setting next_dagrun for weekly_summary_pipeline to 2026-03-23 06:00:00+00:00, run_after=2026-03-30 06:00:00+00:00
[2026-03-28T03:38:55.957+0000] {processor.py:183} INFO - Processing /opt/airflow/dags/weekly_summary_pipeline.py took 0.104 seconds
[2026-03-28T03:39:26.331+0000] {processor.py:161} INFO - Started process (PID=2230) to work on /opt/airflow/dags/weekly_summary_pipeline.py
[2026-03-28T03:39:26.332+0000] {processor.py:830} INFO - Processing file /opt/airflow/dags/weekly_summary_pipeline.py for tasks to queue
[2026-03-28T03:39:26.333+0000] {logging_mixin.py:188} INFO - [2026-03-28T03:39:26.333+0000] {dagbag.py:538} INFO - Filling up the DagBag from /opt/airflow/dags/weekly_summary_pipeline.py
[2026-03-28T03:39:26.355+0000] {processor.py:840} INFO - DAG(s) 'weekly_summary_pipeline' retrieved from /opt/airflow/dags/weekly_summary_pipeline.py
[2026-03-28T03:39:26.381+0000] {logging_mixin.py:188} INFO - [2026-03-28T03:39:26.381+0000] {dag.py:3036} INFO - Sync 1 DAGs
[2026-03-28T03:39:26.404+0000] {logging_mixin.py:188} INFO - [2026-03-28T03:39:26.404+0000] {dag.py:3823} INFO - Setting next_dagrun for weekly_summary_pipeline to 2026-03-23 06:00:00+00:00, run_after=2026-03-30 06:00:00+00:00
[2026-03-28T03:39:26.423+0000] {processor.py:183} INFO - Processing /opt/airflow/dags/weekly_summary_pipeline.py took 0.094 seconds
[2026-03-28T03:39:56.758+0000] {processor.py:161} INFO - Started process (PID=2247) to work on /opt/airflow/dags/weekly_summary_pipeline.py
[2026-03-28T03:39:56.759+0000] {processor.py:830} INFO - Processing file /opt/airflow/dags/weekly_summary_pipeline.py for tasks to queue
[2026-03-28T03:39:56.760+0000] {logging_mixin.py:188} INFO - [2026-03-28T03:39:56.759+0000] {dagbag.py:538} INFO - Filling up the DagBag from /opt/airflow/dags/weekly_summary_pipeline.py
[2026-03-28T03:39:56.781+0000] {processor.py:840} INFO - DAG(s) 'weekly_summary_pipeline' retrieved from /opt/airflow/dags/weekly_summary_pipeline.py
[2026-03-28T03:39:56.816+0000] {logging_mixin.py:188} INFO - [2026-03-28T03:39:56.816+0000] {dag.py:3036} INFO - Sync 1 DAGs
[2026-03-28T03:39:56.845+0000] {logging_mixin.py:188} INFO - [2026-03-28T03:39:56.845+0000] {dag.py:3823} INFO - Setting next_dagrun for weekly_summary_pipeline to 2026-03-23 06:00:00+00:00, run_after=2026-03-30 06:00:00+00:00
[2026-03-28T03:39:56.869+0000] {processor.py:183} INFO - Processing /opt/airflow/dags/weekly_summary_pipeline.py took 0.115 seconds
[2026-03-28T03:40:27.256+0000] {processor.py:161} INFO - Started process (PID=2270) to work on /opt/airflow/dags/weekly_summary_pipeline.py
[2026-03-28T03:40:27.257+0000] {processor.py:830} INFO - Processing file /opt/airflow/dags/weekly_summary_pipeline.py for tasks to queue
[2026-03-28T03:40:27.258+0000] {logging_mixin.py:188} INFO - [2026-03-28T03:40:27.258+0000] {dagbag.py:538} INFO - Filling up the DagBag from /opt/airflow/dags/weekly_summary_pipeline.py
[2026-03-28T03:40:27.276+0000] {processor.py:840} INFO - DAG(s) 'weekly_summary_pipeline' retrieved from /opt/airflow/dags/weekly_summary_pipeline.py
[2026-03-28T03:40:27.304+0000] {logging_mixin.py:188} INFO - [2026-03-28T03:40:27.303+0000] {dag.py:3036} INFO - Sync 1 DAGs
[2026-03-28T03:40:27.327+0000] {logging_mixin.py:188} INFO - [2026-03-28T03:40:27.327+0000] {dag.py:3823} INFO - Setting next_dagrun for weekly_summary_pipeline to 2026-03-23 06:00:00+00:00, run_after=2026-03-30 06:00:00+00:00
[2026-03-28T03:40:27.351+0000] {processor.py:183} INFO - Processing /opt/airflow/dags/weekly_summary_pipeline.py took 0.098 seconds
[2026-03-28T03:40:57.694+0000] {processor.py:161} INFO - Started process (PID=2293) to work on /opt/airflow/dags/weekly_summary_pipeline.py
[2026-03-28T03:40:57.695+0000] {processor.py:830} INFO - Processing file /opt/airflow/dags/weekly_summary_pipeline.py for tasks to queue
[2026-03-28T03:40:57.696+0000] {logging_mixin.py:188} INFO - [2026-03-28T03:40:57.696+0000] {dagbag.py:538} INFO - Filling up the DagBag from /opt/airflow/dags/weekly_summary_pipeline.py
[2026-03-28T03:40:57.720+0000] {processor.py:840} INFO - DAG(s) 'weekly_summary_pipeline' retrieved from /opt/airflow/dags/weekly_summary_pipeline.py
[2026-03-28T03:40:57.751+0000] {logging_mixin.py:188} INFO - [2026-03-28T03:40:57.751+0000] {dag.py:3036} INFO - Sync 1 DAGs
[2026-03-28T03:40:57.775+0000] {logging_mixin.py:188} INFO - [2026-03-28T03:40:57.775+0000] {dag.py:3823} INFO - Setting next_dagrun for weekly_summary_pipeline to 2026-03-23 06:00:00+00:00, run_after=2026-03-30 06:00:00+00:00
[2026-03-28T03:40:57.798+0000] {processor.py:183} INFO - Processing /opt/airflow/dags/weekly_summary_pipeline.py took 0.107 seconds
[2026-03-28T03:41:28.157+0000] {processor.py:161} INFO - Started process (PID=2316) to work on /opt/airflow/dags/weekly_summary_pipeline.py
[2026-03-28T03:41:28.158+0000] {processor.py:830} INFO - Processing file /opt/airflow/dags/weekly_summary_pipeline.py for tasks to queue
[2026-03-28T03:41:28.159+0000] {logging_mixin.py:188} INFO - [2026-03-28T03:41:28.159+0000] {dagbag.py:538} INFO - Filling up the DagBag from /opt/airflow/dags/weekly_summary_pipeline.py
[2026-03-28T03:41:28.177+0000] {processor.py:840} INFO - DAG(s) 'weekly_summary_pipeline' retrieved from /opt/airflow/dags/weekly_summary_pipeline.py
[2026-03-28T03:41:28.207+0000] {logging_mixin.py:188} INFO - [2026-03-28T03:41:28.206+0000] {dag.py:3036} INFO - Sync 1 DAGs
[2026-03-28T03:41:28.230+0000] {logging_mixin.py:188} INFO - [2026-03-28T03:41:28.229+0000] {dag.py:3823} INFO - Setting next_dagrun for weekly_summary_pipeline to 2026-03-23 06:00:00+00:00, run_after=2026-03-30 06:00:00+00:00
[2026-03-28T03:41:28.254+0000] {processor.py:183} INFO - Processing /opt/airflow/dags/weekly_summary_pipeline.py took 0.100 seconds
[2026-03-28T03:41:58.636+0000] {processor.py:161} INFO - Started process (PID=2339) to work on /opt/airflow/dags/weekly_summary_pipeline.py
[2026-03-28T03:41:58.637+0000] {processor.py:830} INFO - Processing file /opt/airflow/dags/weekly_summary_pipeline.py for tasks to queue
[2026-03-28T03:41:58.638+0000] {logging_mixin.py:188} INFO - [2026-03-28T03:41:58.638+0000] {dagbag.py:538} INFO - Filling up the DagBag from /opt/airflow/dags/weekly_summary_pipeline.py
[2026-03-28T03:41:58.658+0000] {processor.py:840} INFO - DAG(s) 'weekly_summary_pipeline' retrieved from /opt/airflow/dags/weekly_summary_pipeline.py
[2026-03-28T03:41:58.685+0000] {logging_mixin.py:188} INFO - [2026-03-28T03:41:58.684+0000] {dag.py:3036} INFO - Sync 1 DAGs
[2026-03-28T03:41:58.709+0000] {logging_mixin.py:188} INFO - [2026-03-28T03:41:58.709+0000] {dag.py:3823} INFO - Setting next_dagrun for weekly_summary_pipeline to 2026-03-23 06:00:00+00:00, run_after=2026-03-30 06:00:00+00:00
[2026-03-28T03:41:58.733+0000] {processor.py:183} INFO - Processing /opt/airflow/dags/weekly_summary_pipeline.py took 0.100 seconds
[2026-03-28T03:42:29.205+0000] {processor.py:161} INFO - Started process (PID=2362) to work on /opt/airflow/dags/weekly_summary_pipeline.py
[2026-03-28T03:42:29.206+0000] {processor.py:830} INFO - Processing file /opt/airflow/dags/weekly_summary_pipeline.py for tasks to queue
[2026-03-28T03:42:29.207+0000] {logging_mixin.py:188} INFO - [2026-03-28T03:42:29.207+0000] {dagbag.py:538} INFO - Filling up the DagBag from /opt/airflow/dags/weekly_summary_pipeline.py
[2026-03-28T03:42:29.232+0000] {processor.py:840} INFO - DAG(s) 'weekly_summary_pipeline' retrieved from /opt/airflow/dags/weekly_summary_pipeline.py
[2026-03-28T03:42:29.262+0000] {logging_mixin.py:188} INFO - [2026-03-28T03:42:29.262+0000] {dag.py:3036} INFO - Sync 1 DAGs
[2026-03-28T03:42:29.285+0000] {logging_mixin.py:188} INFO - [2026-03-28T03:42:29.285+0000] {dag.py:3823} INFO - Setting next_dagrun for weekly_summary_pipeline to 2026-03-23 06:00:00+00:00, run_after=2026-03-30 06:00:00+00:00
[2026-03-28T03:42:29.306+0000] {processor.py:183} INFO - Processing /opt/airflow/dags/weekly_summary_pipeline.py took 0.104 seconds
[2026-03-28T03:42:59.657+0000] {processor.py:161} INFO - Started process (PID=2385) to work on /opt/airflow/dags/weekly_summary_pipeline.py
[2026-03-28T03:42:59.658+0000] {processor.py:830} INFO - Processing file /opt/airflow/dags/weekly_summary_pipeline.py for tasks to queue
[2026-03-28T03:42:59.659+0000] {logging_mixin.py:188} INFO - [2026-03-28T03:42:59.659+0000] {dagbag.py:538} INFO - Filling up the DagBag from /opt/airflow/dags/weekly_summary_pipeline.py
[2026-03-28T03:42:59.679+0000] {processor.py:840} INFO - DAG(s) 'weekly_summary_pipeline' retrieved from /opt/airflow/dags/weekly_summary_pipeline.py
[2026-03-28T03:42:59.707+0000] {logging_mixin.py:188} INFO - [2026-03-28T03:42:59.707+0000] {dag.py:3036} INFO - Sync 1 DAGs
[2026-03-28T03:42:59.731+0000] {logging_mixin.py:188} INFO - [2026-03-28T03:42:59.731+0000] {dag.py:3823} INFO - Setting next_dagrun for weekly_summary_pipeline to 2026-03-23 06:00:00+00:00, run_after=2026-03-30 06:00:00+00:00
[2026-03-28T03:42:59.756+0000] {processor.py:183} INFO - Processing /opt/airflow/dags/weekly_summary_pipeline.py took 0.101 seconds
[2026-03-28T03:43:30.082+0000] {processor.py:161} INFO - Started process (PID=2408) to work on /opt/airflow/dags/weekly_summary_pipeline.py
[2026-03-28T03:43:30.083+0000] {processor.py:830} INFO - Processing file /opt/airflow/dags/weekly_summary_pipeline.py for tasks to queue
[2026-03-28T03:43:30.084+0000] {logging_mixin.py:188} INFO - [2026-03-28T03:43:30.084+0000] {dagbag.py:538} INFO - Filling up the DagBag from /opt/airflow/dags/weekly_summary_pipeline.py
[2026-03-28T03:43:30.106+0000] {processor.py:840} INFO - DAG(s) 'weekly_summary_pipeline' retrieved from /opt/airflow/dags/weekly_summary_pipeline.py
[2026-03-28T03:43:30.134+0000] {logging_mixin.py:188} INFO - [2026-03-28T03:43:30.134+0000] {dag.py:3036} INFO - Sync 1 DAGs
[2026-03-28T03:43:30.156+0000] {logging_mixin.py:188} INFO - [2026-03-28T03:43:30.156+0000] {dag.py:3823} INFO - Setting next_dagrun for weekly_summary_pipeline to 2026-03-23 06:00:00+00:00, run_after=2026-03-30 06:00:00+00:00
[2026-03-28T03:43:30.179+0000] {processor.py:183} INFO - Processing /opt/airflow/dags/weekly_summary_pipeline.py took 0.099 seconds
[2026-03-28T03:44:00.473+0000] {processor.py:161} INFO - Started process (PID=2431) to work on /opt/airflow/dags/weekly_summary_pipeline.py
[2026-03-28T03:44:00.474+0000] {processor.py:830} INFO - Processing file /opt/airflow/dags/weekly_summary_pipeline.py for tasks to queue
[2026-03-28T03:44:00.475+0000] {logging_mixin.py:188} INFO - [2026-03-28T03:44:00.474+0000] {dagbag.py:538} INFO - Filling up the DagBag from /opt/airflow/dags/weekly_summary_pipeline.py
[2026-03-28T03:44:00.493+0000] {processor.py:840} INFO - DAG(s) 'weekly_summary_pipeline' retrieved from /opt/airflow/dags/weekly_summary_pipeline.py
[2026-03-28T03:44:00.522+0000] {logging_mixin.py:188} INFO - [2026-03-28T03:44:00.521+0000] {dag.py:3036} INFO - Sync 1 DAGs
[2026-03-28T03:44:00.547+0000] {logging_mixin.py:188} INFO - [2026-03-28T03:44:00.546+0000] {dag.py:3823} INFO - Setting next_dagrun for weekly_summary_pipeline to 2026-03-23 06:00:00+00:00, run_after=2026-03-30 06:00:00+00:00
[2026-03-28T03:44:00.570+0000] {processor.py:183} INFO - Processing /opt/airflow/dags/weekly_summary_pipeline.py took 0.100 seconds
[2026-03-28T03:44:30.867+0000] {processor.py:161} INFO - Started process (PID=2454) to work on /opt/airflow/dags/weekly_summary_pipeline.py
[2026-03-28T03:44:30.868+0000] {processor.py:830} INFO - Processing file /opt/airflow/dags/weekly_summary_pipeline.py for tasks to queue
[2026-03-28T03:44:30.869+0000] {logging_mixin.py:188} INFO - [2026-03-28T03:44:30.869+0000] {dagbag.py:538} INFO - Filling up the DagBag from /opt/airflow/dags/weekly_summary_pipeline.py
[2026-03-28T03:44:30.888+0000] {processor.py:840} INFO - DAG(s) 'weekly_summary_pipeline' retrieved from /opt/airflow/dags/weekly_summary_pipeline.py
[2026-03-28T03:44:30.916+0000] {logging_mixin.py:188} INFO - [2026-03-28T03:44:30.916+0000] {dag.py:3036} INFO - Sync 1 DAGs
[2026-03-28T03:44:30.938+0000] {logging_mixin.py:188} INFO - [2026-03-28T03:44:30.938+0000] {dag.py:3823} INFO - Setting next_dagrun for weekly_summary_pipeline to 2026-03-23 06:00:00+00:00, run_after=2026-03-30 06:00:00+00:00
[2026-03-28T03:44:30.964+0000] {processor.py:183} INFO - Processing /opt/airflow/dags/weekly_summary_pipeline.py took 0.099 seconds
[2026-03-28T03:45:01.277+0000] {processor.py:161} INFO - Started process (PID=2477) to work on /opt/airflow/dags/weekly_summary_pipeline.py
[2026-03-28T03:45:01.279+0000] {processor.py:830} INFO - Processing file /opt/airflow/dags/weekly_summary_pipeline.py for tasks to queue
[2026-03-28T03:45:01.279+0000] {logging_mixin.py:188} INFO - [2026-03-28T03:45:01.279+0000] {dagbag.py:538} INFO - Filling up the DagBag from /opt/airflow/dags/weekly_summary_pipeline.py
[2026-03-28T03:45:01.305+0000] {processor.py:840} INFO - DAG(s) 'weekly_summary_pipeline' retrieved from /opt/airflow/dags/weekly_summary_pipeline.py
[2026-03-28T03:45:01.337+0000] {logging_mixin.py:188} INFO - [2026-03-28T03:45:01.337+0000] {dag.py:3036} INFO - Sync 1 DAGs
[2026-03-28T03:45:01.363+0000] {logging_mixin.py:188} INFO - [2026-03-28T03:45:01.363+0000] {dag.py:3823} INFO - Setting next_dagrun for weekly_summary_pipeline to 2026-03-23 06:00:00+00:00, run_after=2026-03-30 06:00:00+00:00
[2026-03-28T03:45:01.387+0000] {processor.py:183} INFO - Processing /opt/airflow/dags/weekly_summary_pipeline.py took 0.112 seconds
[2026-03-28T03:45:31.668+0000] {processor.py:161} INFO - Started process (PID=2500) to work on /opt/airflow/dags/weekly_summary_pipeline.py
[2026-03-28T03:45:31.669+0000] {processor.py:830} INFO - Processing file /opt/airflow/dags/weekly_summary_pipeline.py for tasks to queue
[2026-03-28T03:45:31.670+0000] {logging_mixin.py:188} INFO - [2026-03-28T03:45:31.670+0000] {dagbag.py:538} INFO - Filling up the DagBag from /opt/airflow/dags/weekly_summary_pipeline.py
[2026-03-28T03:45:31.689+0000] {processor.py:840} INFO - DAG(s) 'weekly_summary_pipeline' retrieved from /opt/airflow/dags/weekly_summary_pipeline.py
[2026-03-28T03:45:31.720+0000] {logging_mixin.py:188} INFO - [2026-03-28T03:45:31.720+0000] {dag.py:3036} INFO - Sync 1 DAGs
[2026-03-28T03:45:31.744+0000] {logging_mixin.py:188} INFO - [2026-03-28T03:45:31.743+0000] {dag.py:3823} INFO - Setting next_dagrun for weekly_summary_pipeline to 2026-03-23 06:00:00+00:00, run_after=2026-03-30 06:00:00+00:00
[2026-03-28T03:45:31.769+0000] {processor.py:183} INFO - Processing /opt/airflow/dags/weekly_summary_pipeline.py took 0.103 seconds
[2026-03-28T03:46:02.051+0000] {processor.py:161} INFO - Started process (PID=2523) to work on /opt/airflow/dags/weekly_summary_pipeline.py
[2026-03-28T03:46:02.052+0000] {processor.py:830} INFO - Processing file /opt/airflow/dags/weekly_summary_pipeline.py for tasks to queue
[2026-03-28T03:46:02.054+0000] {logging_mixin.py:188} INFO - [2026-03-28T03:46:02.053+0000] {dagbag.py:538} INFO - Filling up the DagBag from /opt/airflow/dags/weekly_summary_pipeline.py
[2026-03-28T03:46:02.083+0000] {processor.py:840} INFO - DAG(s) 'weekly_summary_pipeline' retrieved from /opt/airflow/dags/weekly_summary_pipeline.py
[2026-03-28T03:46:02.112+0000] {logging_mixin.py:188} INFO - [2026-03-28T03:46:02.112+0000] {dag.py:3036} INFO - Sync 1 DAGs
[2026-03-28T03:46:02.139+0000] {logging_mixin.py:188} INFO - [2026-03-28T03:46:02.138+0000] {dag.py:3823} INFO - Setting next_dagrun for weekly_summary_pipeline to 2026-03-23 06:00:00+00:00, run_after=2026-03-30 06:00:00+00:00
[2026-03-28T03:46:02.171+0000] {processor.py:183} INFO - Processing /opt/airflow/dags/weekly_summary_pipeline.py took 0.122 seconds
[2026-03-28T03:46:32.502+0000] {processor.py:161} INFO - Started process (PID=2546) to work on /opt/airflow/dags/weekly_summary_pipeline.py
[2026-03-28T03:46:32.504+0000] {processor.py:830} INFO - Processing file /opt/airflow/dags/weekly_summary_pipeline.py for tasks to queue
[2026-03-28T03:46:32.505+0000] {logging_mixin.py:188} INFO - [2026-03-28T03:46:32.505+0000] {dagbag.py:538} INFO - Filling up the DagBag from /opt/airflow/dags/weekly_summary_pipeline.py
[2026-03-28T03:46:32.533+0000] {processor.py:840} INFO - DAG(s) 'weekly_summary_pipeline' retrieved from /opt/airflow/dags/weekly_summary_pipeline.py
[2026-03-28T03:46:32.574+0000] {logging_mixin.py:188} INFO - [2026-03-28T03:46:32.574+0000] {dag.py:3036} INFO - Sync 1 DAGs
[2026-03-28T03:46:32.612+0000] {logging_mixin.py:188} INFO - [2026-03-28T03:46:32.612+0000] {dag.py:3823} INFO - Setting next_dagrun for weekly_summary_pipeline to 2026-03-23 06:00:00+00:00, run_after=2026-03-30 06:00:00+00:00
[2026-03-28T03:46:32.634+0000] {processor.py:183} INFO - Processing /opt/airflow/dags/weekly_summary_pipeline.py took 0.136 seconds
[2026-03-28T03:47:02.952+0000] {processor.py:161} INFO - Started process (PID=2569) to work on /opt/airflow/dags/weekly_summary_pipeline.py
[2026-03-28T03:47:02.954+0000] {processor.py:830} INFO - Processing file /opt/airflow/dags/weekly_summary_pipeline.py for tasks to queue
[2026-03-28T03:47:02.955+0000] {logging_mixin.py:188} INFO - [2026-03-28T03:47:02.955+0000] {dagbag.py:538} INFO - Filling up the DagBag from /opt/airflow/dags/weekly_summary_pipeline.py
[2026-03-28T03:47:02.977+0000] {processor.py:840} INFO - DAG(s) 'weekly_summary_pipeline' retrieved from /opt/airflow/dags/weekly_summary_pipeline.py
[2026-03-28T03:47:03.005+0000] {logging_mixin.py:188} INFO - [2026-03-28T03:47:03.004+0000] {dag.py:3036} INFO - Sync 1 DAGs
[2026-03-28T03:47:03.028+0000] {logging_mixin.py:188} INFO - [2026-03-28T03:47:03.027+0000] {dag.py:3823} INFO - Setting next_dagrun for weekly_summary_pipeline to 2026-03-23 06:00:00+00:00, run_after=2026-03-30 06:00:00+00:00
[2026-03-28T03:47:03.262+0000] {processor.py:183} INFO - Processing /opt/airflow/dags/weekly_summary_pipeline.py took 0.313 seconds
[2026-03-28T03:47:33.629+0000] {processor.py:161} INFO - Started process (PID=2592) to work on /opt/airflow/dags/weekly_summary_pipeline.py
[2026-03-28T03:47:33.631+0000] {processor.py:830} INFO - Processing file /opt/airflow/dags/weekly_summary_pipeline.py for tasks to queue
[2026-03-28T03:47:33.632+0000] {logging_mixin.py:188} INFO - [2026-03-28T03:47:33.631+0000] {dagbag.py:538} INFO - Filling up the DagBag from /opt/airflow/dags/weekly_summary_pipeline.py
[2026-03-28T03:47:33.651+0000] {processor.py:840} INFO - DAG(s) 'weekly_summary_pipeline' retrieved from /opt/airflow/dags/weekly_summary_pipeline.py
[2026-03-28T03:47:33.680+0000] {logging_mixin.py:188} INFO - [2026-03-28T03:47:33.680+0000] {dag.py:3036} INFO - Sync 1 DAGs
[2026-03-28T03:47:33.706+0000] {logging_mixin.py:188} INFO - [2026-03-28T03:47:33.706+0000] {dag.py:3823} INFO - Setting next_dagrun for weekly_summary_pipeline to 2026-03-23 06:00:00+00:00, run_after=2026-03-30 06:00:00+00:00
[2026-03-28T03:47:33.729+0000] {processor.py:183} INFO - Processing /opt/airflow/dags/weekly_summary_pipeline.py took 0.102 seconds
[2026-03-28T03:48:04.050+0000] {processor.py:161} INFO - Started process (PID=2615) to work on /opt/airflow/dags/weekly_summary_pipeline.py
[2026-03-28T03:48:04.052+0000] {processor.py:830} INFO - Processing file /opt/airflow/dags/weekly_summary_pipeline.py for tasks to queue
[2026-03-28T03:48:04.053+0000] {logging_mixin.py:188} INFO - [2026-03-28T03:48:04.053+0000] {dagbag.py:538} INFO - Filling up the DagBag from /opt/airflow/dags/weekly_summary_pipeline.py
[2026-03-28T03:48:04.084+0000] {processor.py:840} INFO - DAG(s) 'weekly_summary_pipeline' retrieved from /opt/airflow/dags/weekly_summary_pipeline.py
[2026-03-28T03:48:04.110+0000] {logging_mixin.py:188} INFO - [2026-03-28T03:48:04.110+0000] {dag.py:3036} INFO - Sync 1 DAGs
[2026-03-28T03:48:04.134+0000] {logging_mixin.py:188} INFO - [2026-03-28T03:48:04.134+0000] {dag.py:3823} INFO - Setting next_dagrun for weekly_summary_pipeline to 2026-03-23 06:00:00+00:00, run_after=2026-03-30 06:00:00+00:00
[2026-03-28T03:48:04.162+0000] {processor.py:183} INFO - Processing /opt/airflow/dags/weekly_summary_pipeline.py took 0.110 seconds
[2026-03-28T03:48:34.447+0000] {processor.py:161} INFO - Started process (PID=2638) to work on /opt/airflow/dags/weekly_summary_pipeline.py
[2026-03-28T03:48:34.450+0000] {processor.py:830} INFO - Processing file /opt/airflow/dags/weekly_summary_pipeline.py for tasks to queue
[2026-03-28T03:48:34.451+0000] {logging_mixin.py:188} INFO - [2026-03-28T03:48:34.450+0000] {dagbag.py:538} INFO - Filling up the DagBag from /opt/airflow/dags/weekly_summary_pipeline.py
[2026-03-28T03:48:34.482+0000] {processor.py:840} INFO - DAG(s) 'weekly_summary_pipeline' retrieved from /opt/airflow/dags/weekly_summary_pipeline.py
[2026-03-28T03:48:34.516+0000] {logging_mixin.py:188} INFO - [2026-03-28T03:48:34.516+0000] {dag.py:3036} INFO - Sync 1 DAGs
[2026-03-28T03:48:34.543+0000] {logging_mixin.py:188} INFO - [2026-03-28T03:48:34.543+0000] {dag.py:3823} INFO - Setting next_dagrun for weekly_summary_pipeline to 2026-03-23 06:00:00+00:00, run_after=2026-03-30 06:00:00+00:00
[2026-03-28T03:48:34.567+0000] {processor.py:183} INFO - Processing /opt/airflow/dags/weekly_summary_pipeline.py took 0.125 seconds
[2026-03-28T03:49:04.852+0000] {processor.py:161} INFO - Started process (PID=2661) to work on /opt/airflow/dags/weekly_summary_pipeline.py
[2026-03-28T03:49:04.853+0000] {processor.py:830} INFO - Processing file /opt/airflow/dags/weekly_summary_pipeline.py for tasks to queue
[2026-03-28T03:49:04.854+0000] {logging_mixin.py:188} INFO - [2026-03-28T03:49:04.854+0000] {dagbag.py:538} INFO - Filling up the DagBag from /opt/airflow/dags/weekly_summary_pipeline.py
[2026-03-28T03:49:04.874+0000] {processor.py:840} INFO - DAG(s) 'weekly_summary_pipeline' retrieved from /opt/airflow/dags/weekly_summary_pipeline.py
[2026-03-28T03:49:04.900+0000] {logging_mixin.py:188} INFO - [2026-03-28T03:49:04.900+0000] {dag.py:3036} INFO - Sync 1 DAGs
[2026-03-28T03:49:04.923+0000] {logging_mixin.py:188} INFO - [2026-03-28T03:49:04.922+0000] {dag.py:3823} INFO - Setting next_dagrun for weekly_summary_pipeline to 2026-03-23 06:00:00+00:00, run_after=2026-03-30 06:00:00+00:00
[2026-03-28T03:49:04.945+0000] {processor.py:183} INFO - Processing /opt/airflow/dags/weekly_summary_pipeline.py took 0.095 seconds
[2026-03-28T03:49:35.232+0000] {processor.py:161} INFO - Started process (PID=2676) to work on /opt/airflow/dags/weekly_summary_pipeline.py
[2026-03-28T03:49:35.233+0000] {processor.py:830} INFO - Processing file /opt/airflow/dags/weekly_summary_pipeline.py for tasks to queue
[2026-03-28T03:49:35.234+0000] {logging_mixin.py:188} INFO - [2026-03-28T03:49:35.234+0000] {dagbag.py:538} INFO - Filling up the DagBag from /opt/airflow/dags/weekly_summary_pipeline.py
[2026-03-28T03:49:35.255+0000] {processor.py:840} INFO - DAG(s) 'weekly_summary_pipeline' retrieved from /opt/airflow/dags/weekly_summary_pipeline.py
[2026-03-28T03:49:35.283+0000] {logging_mixin.py:188} INFO - [2026-03-28T03:49:35.282+0000] {dag.py:3036} INFO - Sync 1 DAGs
[2026-03-28T03:49:35.309+0000] {logging_mixin.py:188} INFO - [2026-03-28T03:49:35.308+0000] {dag.py:3823} INFO - Setting next_dagrun for weekly_summary_pipeline to 2026-03-23 06:00:00+00:00, run_after=2026-03-30 06:00:00+00:00
[2026-03-28T03:49:35.332+0000] {processor.py:183} INFO - Processing /opt/airflow/dags/weekly_summary_pipeline.py took 0.102 seconds
[2026-03-28T03:50:05.652+0000] {processor.py:161} INFO - Started process (PID=2699) to work on /opt/airflow/dags/weekly_summary_pipeline.py
[2026-03-28T03:50:05.654+0000] {processor.py:830} INFO - Processing file /opt/airflow/dags/weekly_summary_pipeline.py for tasks to queue
[2026-03-28T03:50:05.655+0000] {logging_mixin.py:188} INFO - [2026-03-28T03:50:05.655+0000] {dagbag.py:538} INFO - Filling up the DagBag from /opt/airflow/dags/weekly_summary_pipeline.py
[2026-03-28T03:50:05.682+0000] {processor.py:840} INFO - DAG(s) 'weekly_summary_pipeline' retrieved from /opt/airflow/dags/weekly_summary_pipeline.py
[2026-03-28T03:50:05.716+0000] {logging_mixin.py:188} INFO - [2026-03-28T03:50:05.716+0000] {dag.py:3036} INFO - Sync 1 DAGs
[2026-03-28T03:50:05.742+0000] {logging_mixin.py:188} INFO - [2026-03-28T03:50:05.742+0000] {dag.py:3823} INFO - Setting next_dagrun for weekly_summary_pipeline to 2026-03-23 06:00:00+00:00, run_after=2026-03-30 06:00:00+00:00
[2026-03-28T03:50:05.770+0000] {processor.py:183} INFO - Processing /opt/airflow/dags/weekly_summary_pipeline.py took 0.120 seconds
[2026-03-28T03:50:36.112+0000] {processor.py:161} INFO - Started process (PID=2722) to work on /opt/airflow/dags/weekly_summary_pipeline.py
[2026-03-28T03:50:36.113+0000] {processor.py:830} INFO - Processing file /opt/airflow/dags/weekly_summary_pipeline.py for tasks to queue
[2026-03-28T03:50:36.114+0000] {logging_mixin.py:188} INFO - [2026-03-28T03:50:36.114+0000] {dagbag.py:538} INFO - Filling up the DagBag from /opt/airflow/dags/weekly_summary_pipeline.py
[2026-03-28T03:50:36.140+0000] {processor.py:840} INFO - DAG(s) 'weekly_summary_pipeline' retrieved from /opt/airflow/dags/weekly_summary_pipeline.py
[2026-03-28T03:50:36.176+0000] {logging_mixin.py:188} INFO - [2026-03-28T03:50:36.176+0000] {dag.py:3036} INFO - Sync 1 DAGs
[2026-03-28T03:50:36.205+0000] {logging_mixin.py:188} INFO - [2026-03-28T03:50:36.205+0000] {dag.py:3823} INFO - Setting next_dagrun for weekly_summary_pipeline to 2026-03-23 06:00:00+00:00, run_after=2026-03-30 06:00:00+00:00
[2026-03-28T03:50:36.233+0000] {processor.py:183} INFO - Processing /opt/airflow/dags/weekly_summary_pipeline.py took 0.124 seconds
[2026-03-28T03:51:06.547+0000] {processor.py:161} INFO - Started process (PID=2745) to work on /opt/airflow/dags/weekly_summary_pipeline.py
[2026-03-28T03:51:06.548+0000] {processor.py:830} INFO - Processing file /opt/airflow/dags/weekly_summary_pipeline.py for tasks to queue
[2026-03-28T03:51:06.550+0000] {logging_mixin.py:188} INFO - [2026-03-28T03:51:06.550+0000] {dagbag.py:538} INFO - Filling up the DagBag from /opt/airflow/dags/weekly_summary_pipeline.py
[2026-03-28T03:51:06.570+0000] {processor.py:840} INFO - DAG(s) 'weekly_summary_pipeline' retrieved from /opt/airflow/dags/weekly_summary_pipeline.py
[2026-03-28T03:51:06.598+0000] {logging_mixin.py:188} INFO - [2026-03-28T03:51:06.597+0000] {dag.py:3036} INFO - Sync 1 DAGs
[2026-03-28T03:51:06.620+0000] {logging_mixin.py:188} INFO - [2026-03-28T03:51:06.620+0000] {dag.py:3823} INFO - Setting next_dagrun for weekly_summary_pipeline to 2026-03-23 06:00:00+00:00, run_after=2026-03-30 06:00:00+00:00
[2026-03-28T03:51:06.642+0000] {processor.py:183} INFO - Processing /opt/airflow/dags/weekly_summary_pipeline.py took 0.097 seconds
[2026-03-28T03:51:36.941+0000] {processor.py:161} INFO - Started process (PID=2768) to work on /opt/airflow/dags/weekly_summary_pipeline.py
[2026-03-28T03:51:36.942+0000] {processor.py:830} INFO - Processing file /opt/airflow/dags/weekly_summary_pipeline.py for tasks to queue
[2026-03-28T03:51:36.943+0000] {logging_mixin.py:188} INFO - [2026-03-28T03:51:36.943+0000] {dagbag.py:538} INFO - Filling up the DagBag from /opt/airflow/dags/weekly_summary_pipeline.py
[2026-03-28T03:51:36.963+0000] {processor.py:840} INFO - DAG(s) 'weekly_summary_pipeline' retrieved from /opt/airflow/dags/weekly_summary_pipeline.py
[2026-03-28T03:51:36.992+0000] {logging_mixin.py:188} INFO - [2026-03-28T03:51:36.991+0000] {dag.py:3036} INFO - Sync 1 DAGs
[2026-03-28T03:51:37.023+0000] {logging_mixin.py:188} INFO - [2026-03-28T03:51:37.023+0000] {dag.py:3823} INFO - Setting next_dagrun for weekly_summary_pipeline to 2026-03-23 06:00:00+00:00, run_after=2026-03-30 06:00:00+00:00
[2026-03-28T03:51:37.058+0000] {processor.py:183} INFO - Processing /opt/airflow/dags/weekly_summary_pipeline.py took 0.121 seconds
[2026-03-28T03:52:07.347+0000] {processor.py:161} INFO - Started process (PID=2791) to work on /opt/airflow/dags/weekly_summary_pipeline.py
[2026-03-28T03:52:07.348+0000] {processor.py:830} INFO - Processing file /opt/airflow/dags/weekly_summary_pipeline.py for tasks to queue
[2026-03-28T03:52:07.349+0000] {logging_mixin.py:188} INFO - [2026-03-28T03:52:07.349+0000] {dagbag.py:538} INFO - Filling up the DagBag from /opt/airflow/dags/weekly_summary_pipeline.py
[2026-03-28T03:52:07.371+0000] {processor.py:840} INFO - DAG(s) 'weekly_summary_pipeline' retrieved from /opt/airflow/dags/weekly_summary_pipeline.py
[2026-03-28T03:52:07.396+0000] {logging_mixin.py:188} INFO - [2026-03-28T03:52:07.396+0000] {dag.py:3036} INFO - Sync 1 DAGs
[2026-03-28T03:52:07.417+0000] {logging_mixin.py:188} INFO - [2026-03-28T03:52:07.417+0000] {dag.py:3823} INFO - Setting next_dagrun for weekly_summary_pipeline to 2026-03-23 06:00:00+00:00, run_after=2026-03-30 06:00:00+00:00
[2026-03-28T03:52:07.437+0000] {processor.py:183} INFO - Processing /opt/airflow/dags/weekly_summary_pipeline.py took 0.093 seconds
[2026-03-28T03:52:37.811+0000] {processor.py:161} INFO - Started process (PID=2814) to work on /opt/airflow/dags/weekly_summary_pipeline.py
[2026-03-28T03:52:37.813+0000] {processor.py:830} INFO - Processing file /opt/airflow/dags/weekly_summary_pipeline.py for tasks to queue
[2026-03-28T03:52:37.813+0000] {logging_mixin.py:188} INFO - [2026-03-28T03:52:37.813+0000] {dagbag.py:538} INFO - Filling up the DagBag from /opt/airflow/dags/weekly_summary_pipeline.py
[2026-03-28T03:52:37.842+0000] {processor.py:840} INFO - DAG(s) 'weekly_summary_pipeline' retrieved from /opt/airflow/dags/weekly_summary_pipeline.py
[2026-03-28T03:52:37.877+0000] {logging_mixin.py:188} INFO - [2026-03-28T03:52:37.877+0000] {dag.py:3036} INFO - Sync 1 DAGs
[2026-03-28T03:52:37.907+0000] {logging_mixin.py:188} INFO - [2026-03-28T03:52:37.906+0000] {dag.py:3823} INFO - Setting next_dagrun for weekly_summary_pipeline to 2026-03-23 06:00:00+00:00, run_after=2026-03-30 06:00:00+00:00
[2026-03-28T03:52:37.933+0000] {processor.py:183} INFO - Processing /opt/airflow/dags/weekly_summary_pipeline.py took 0.126 seconds
[2026-03-28T03:53:08.259+0000] {processor.py:161} INFO - Started process (PID=2837) to work on /opt/airflow/dags/weekly_summary_pipeline.py
[2026-03-28T03:53:08.260+0000] {processor.py:830} INFO - Processing file /opt/airflow/dags/weekly_summary_pipeline.py for tasks to queue
[2026-03-28T03:53:08.262+0000] {logging_mixin.py:188} INFO - [2026-03-28T03:53:08.261+0000] {dagbag.py:538} INFO - Filling up the DagBag from /opt/airflow/dags/weekly_summary_pipeline.py
[2026-03-28T03:53:08.290+0000] {processor.py:840} INFO - DAG(s) 'weekly_summary_pipeline' retrieved from /opt/airflow/dags/weekly_summary_pipeline.py
[2026-03-28T03:53:08.321+0000] {logging_mixin.py:188} INFO - [2026-03-28T03:53:08.321+0000] {dag.py:3036} INFO - Sync 1 DAGs
[2026-03-28T03:53:08.350+0000] {logging_mixin.py:188} INFO - [2026-03-28T03:53:08.350+0000] {dag.py:3823} INFO - Setting next_dagrun for weekly_summary_pipeline to 2026-03-23 06:00:00+00:00, run_after=2026-03-30 06:00:00+00:00
[2026-03-28T03:53:08.376+0000] {processor.py:183} INFO - Processing /opt/airflow/dags/weekly_summary_pipeline.py took 0.120 seconds
[2026-03-28T03:53:38.669+0000] {processor.py:161} INFO - Started process (PID=2860) to work on /opt/airflow/dags/weekly_summary_pipeline.py
[2026-03-28T03:53:38.670+0000] {processor.py:830} INFO - Processing file /opt/airflow/dags/weekly_summary_pipeline.py for tasks to queue
[2026-03-28T03:53:38.671+0000] {logging_mixin.py:188} INFO - [2026-03-28T03:53:38.671+0000] {dagbag.py:538} INFO - Filling up the DagBag from /opt/airflow/dags/weekly_summary_pipeline.py
[2026-03-28T03:53:38.692+0000] {processor.py:840} INFO - DAG(s) 'weekly_summary_pipeline' retrieved from /opt/airflow/dags/weekly_summary_pipeline.py
[2026-03-28T03:53:38.718+0000] {logging_mixin.py:188} INFO - [2026-03-28T03:53:38.718+0000] {dag.py:3036} INFO - Sync 1 DAGs
[2026-03-28T03:53:38.740+0000] {logging_mixin.py:188} INFO - [2026-03-28T03:53:38.740+0000] {dag.py:3823} INFO - Setting next_dagrun for weekly_summary_pipeline to 2026-03-23 06:00:00+00:00, run_after=2026-03-30 06:00:00+00:00
[2026-03-28T03:53:38.763+0000] {processor.py:183} INFO - Processing /opt/airflow/dags/weekly_summary_pipeline.py took 0.096 seconds
[2026-03-28T03:54:09.084+0000] {processor.py:161} INFO - Started process (PID=2883) to work on /opt/airflow/dags/weekly_summary_pipeline.py
[2026-03-28T03:54:09.085+0000] {processor.py:830} INFO - Processing file /opt/airflow/dags/weekly_summary_pipeline.py for tasks to queue
[2026-03-28T03:54:09.086+0000] {logging_mixin.py:188} INFO - [2026-03-28T03:54:09.086+0000] {dagbag.py:538} INFO - Filling up the DagBag from /opt/airflow/dags/weekly_summary_pipeline.py
[2026-03-28T03:54:09.110+0000] {processor.py:840} INFO - DAG(s) 'weekly_summary_pipeline' retrieved from /opt/airflow/dags/weekly_summary_pipeline.py
[2026-03-28T03:54:09.142+0000] {logging_mixin.py:188} INFO - [2026-03-28T03:54:09.141+0000] {dag.py:3036} INFO - Sync 1 DAGs
[2026-03-28T03:54:09.170+0000] {logging_mixin.py:188} INFO - [2026-03-28T03:54:09.170+0000] {dag.py:3823} INFO - Setting next_dagrun for weekly_summary_pipeline to 2026-03-23 06:00:00+00:00, run_after=2026-03-30 06:00:00+00:00
[2026-03-28T03:54:09.194+0000] {processor.py:183} INFO - Processing /opt/airflow/dags/weekly_summary_pipeline.py took 0.113 seconds
[2026-03-28T03:54:39.524+0000] {processor.py:161} INFO - Started process (PID=2906) to work on /opt/airflow/dags/weekly_summary_pipeline.py
[2026-03-28T03:54:39.525+0000] {processor.py:830} INFO - Processing file /opt/airflow/dags/weekly_summary_pipeline.py for tasks to queue
[2026-03-28T03:54:39.526+0000] {logging_mixin.py:188} INFO - [2026-03-28T03:54:39.526+0000] {dagbag.py:538} INFO - Filling up the DagBag from /opt/airflow/dags/weekly_summary_pipeline.py
[2026-03-28T03:54:39.544+0000] {processor.py:840} INFO - DAG(s) 'weekly_summary_pipeline' retrieved from /opt/airflow/dags/weekly_summary_pipeline.py
[2026-03-28T03:54:39.575+0000] {logging_mixin.py:188} INFO - [2026-03-28T03:54:39.574+0000] {dag.py:3036} INFO - Sync 1 DAGs
[2026-03-28T03:54:39.599+0000] {logging_mixin.py:188} INFO - [2026-03-28T03:54:39.599+0000] {dag.py:3823} INFO - Setting next_dagrun for weekly_summary_pipeline to 2026-03-23 06:00:00+00:00, run_after=2026-03-30 06:00:00+00:00
[2026-03-28T03:54:39.621+0000] {processor.py:183} INFO - Processing /opt/airflow/dags/weekly_summary_pipeline.py took 0.100 seconds
[2026-03-28T03:55:09.959+0000] {processor.py:161} INFO - Started process (PID=2929) to work on /opt/airflow/dags/weekly_summary_pipeline.py
[2026-03-28T03:55:09.961+0000] {processor.py:830} INFO - Processing file /opt/airflow/dags/weekly_summary_pipeline.py for tasks to queue
[2026-03-28T03:55:09.962+0000] {logging_mixin.py:188} INFO - [2026-03-28T03:55:09.961+0000] {dagbag.py:538} INFO - Filling up the DagBag from /opt/airflow/dags/weekly_summary_pipeline.py
[2026-03-28T03:55:09.985+0000] {processor.py:840} INFO - DAG(s) 'weekly_summary_pipeline' retrieved from /opt/airflow/dags/weekly_summary_pipeline.py
[2026-03-28T03:55:10.020+0000] {logging_mixin.py:188} INFO - [2026-03-28T03:55:10.020+0000] {dag.py:3036} INFO - Sync 1 DAGs
[2026-03-28T03:55:10.053+0000] {logging_mixin.py:188} INFO - [2026-03-28T03:55:10.053+0000] {dag.py:3823} INFO - Setting next_dagrun for weekly_summary_pipeline to 2026-03-23 06:00:00+00:00, run_after=2026-03-30 06:00:00+00:00
[2026-03-28T03:55:10.078+0000] {processor.py:183} INFO - Processing /opt/airflow/dags/weekly_summary_pipeline.py took 0.122 seconds
[2026-03-28T03:55:40.361+0000] {processor.py:161} INFO - Started process (PID=2952) to work on /opt/airflow/dags/weekly_summary_pipeline.py
[2026-03-28T03:55:40.362+0000] {processor.py:830} INFO - Processing file /opt/airflow/dags/weekly_summary_pipeline.py for tasks to queue
[2026-03-28T03:55:40.363+0000] {logging_mixin.py:188} INFO - [2026-03-28T03:55:40.362+0000] {dagbag.py:538} INFO - Filling up the DagBag from /opt/airflow/dags/weekly_summary_pipeline.py
[2026-03-28T03:55:40.384+0000] {processor.py:840} INFO - DAG(s) 'weekly_summary_pipeline' retrieved from /opt/airflow/dags/weekly_summary_pipeline.py
[2026-03-28T03:55:40.414+0000] {logging_mixin.py:188} INFO - [2026-03-28T03:55:40.414+0000] {dag.py:3036} INFO - Sync 1 DAGs
[2026-03-28T03:55:40.441+0000] {logging_mixin.py:188} INFO - [2026-03-28T03:55:40.441+0000] {dag.py:3823} INFO - Setting next_dagrun for weekly_summary_pipeline to 2026-03-23 06:00:00+00:00, run_after=2026-03-30 06:00:00+00:00
[2026-03-28T03:55:40.463+0000] {processor.py:183} INFO - Processing /opt/airflow/dags/weekly_summary_pipeline.py took 0.105 seconds
[2026-03-28T03:56:10.784+0000] {processor.py:161} INFO - Started process (PID=2975) to work on /opt/airflow/dags/weekly_summary_pipeline.py
[2026-03-28T03:56:10.785+0000] {processor.py:830} INFO - Processing file /opt/airflow/dags/weekly_summary_pipeline.py for tasks to queue
[2026-03-28T03:56:10.786+0000] {logging_mixin.py:188} INFO - [2026-03-28T03:56:10.786+0000] {dagbag.py:538} INFO - Filling up the DagBag from /opt/airflow/dags/weekly_summary_pipeline.py
[2026-03-28T03:56:10.808+0000] {processor.py:840} INFO - DAG(s) 'weekly_summary_pipeline' retrieved from /opt/airflow/dags/weekly_summary_pipeline.py
[2026-03-28T03:56:10.841+0000] {logging_mixin.py:188} INFO - [2026-03-28T03:56:10.841+0000] {dag.py:3036} INFO - Sync 1 DAGs
[2026-03-28T03:56:10.867+0000] {logging_mixin.py:188} INFO - [2026-03-28T03:56:10.866+0000] {dag.py:3823} INFO - Setting next_dagrun for weekly_summary_pipeline to 2026-03-23 06:00:00+00:00, run_after=2026-03-30 06:00:00+00:00
[2026-03-28T03:56:10.894+0000] {processor.py:183} INFO - Processing /opt/airflow/dags/weekly_summary_pipeline.py took 0.113 seconds
[2026-03-28T03:56:41.195+0000] {processor.py:161} INFO - Started process (PID=2998) to work on /opt/airflow/dags/weekly_summary_pipeline.py
[2026-03-28T03:56:41.196+0000] {processor.py:830} INFO - Processing file /opt/airflow/dags/weekly_summary_pipeline.py for tasks to queue
[2026-03-28T03:56:41.197+0000] {logging_mixin.py:188} INFO - [2026-03-28T03:56:41.196+0000] {dagbag.py:538} INFO - Filling up the DagBag from /opt/airflow/dags/weekly_summary_pipeline.py
[2026-03-28T03:56:41.225+0000] {processor.py:840} INFO - DAG(s) 'weekly_summary_pipeline' retrieved from /opt/airflow/dags/weekly_summary_pipeline.py
[2026-03-28T03:56:41.272+0000] {logging_mixin.py:188} INFO - [2026-03-28T03:56:41.271+0000] {dag.py:3036} INFO - Sync 1 DAGs
[2026-03-28T03:56:41.318+0000] {logging_mixin.py:188} INFO - [2026-03-28T03:56:41.318+0000] {dag.py:3823} INFO - Setting next_dagrun for weekly_summary_pipeline to 2026-03-23 06:00:00+00:00, run_after=2026-03-30 06:00:00+00:00
[2026-03-28T03:56:41.347+0000] {processor.py:183} INFO - Processing /opt/airflow/dags/weekly_summary_pipeline.py took 0.155 seconds
[2026-03-28T03:57:11.660+0000] {processor.py:161} INFO - Started process (PID=3021) to work on /opt/airflow/dags/weekly_summary_pipeline.py
[2026-03-28T03:57:11.661+0000] {processor.py:830} INFO - Processing file /opt/airflow/dags/weekly_summary_pipeline.py for tasks to queue
[2026-03-28T03:57:11.662+0000] {logging_mixin.py:188} INFO - [2026-03-28T03:57:11.661+0000] {dagbag.py:538} INFO - Filling up the DagBag from /opt/airflow/dags/weekly_summary_pipeline.py
[2026-03-28T03:57:11.686+0000] {processor.py:840} INFO - DAG(s) 'weekly_summary_pipeline' retrieved from /opt/airflow/dags/weekly_summary_pipeline.py
[2026-03-28T03:57:11.722+0000] {logging_mixin.py:188} INFO - [2026-03-28T03:57:11.721+0000] {dag.py:3036} INFO - Sync 1 DAGs
[2026-03-28T03:57:11.752+0000] {logging_mixin.py:188} INFO - [2026-03-28T03:57:11.752+0000] {dag.py:3823} INFO - Setting next_dagrun for weekly_summary_pipeline to 2026-03-23 06:00:00+00:00, run_after=2026-03-30 06:00:00+00:00
[2026-03-28T03:57:11.775+0000] {processor.py:183} INFO - Processing /opt/airflow/dags/weekly_summary_pipeline.py took 0.118 seconds
[2026-03-28T03:57:42.217+0000] {processor.py:161} INFO - Started process (PID=3044) to work on /opt/airflow/dags/weekly_summary_pipeline.py
[2026-03-28T03:57:42.219+0000] {processor.py:830} INFO - Processing file /opt/airflow/dags/weekly_summary_pipeline.py for tasks to queue
[2026-03-28T03:57:42.220+0000] {logging_mixin.py:188} INFO - [2026-03-28T03:57:42.219+0000] {dagbag.py:538} INFO - Filling up the DagBag from /opt/airflow/dags/weekly_summary_pipeline.py
[2026-03-28T03:57:42.249+0000] {processor.py:840} INFO - DAG(s) 'weekly_summary_pipeline' retrieved from /opt/airflow/dags/weekly_summary_pipeline.py
[2026-03-28T03:57:42.289+0000] {logging_mixin.py:188} INFO - [2026-03-28T03:57:42.288+0000] {dag.py:3036} INFO - Sync 1 DAGs
[2026-03-28T03:57:42.320+0000] {logging_mixin.py:188} INFO - [2026-03-28T03:57:42.320+0000] {dag.py:3823} INFO - Setting next_dagrun for weekly_summary_pipeline to 2026-03-23 06:00:00+00:00, run_after=2026-03-30 06:00:00+00:00
[2026-03-28T03:57:42.346+0000] {processor.py:183} INFO - Processing /opt/airflow/dags/weekly_summary_pipeline.py took 0.133 seconds
[2026-03-28T03:58:12.680+0000] {processor.py:161} INFO - Started process (PID=3059) to work on /opt/airflow/dags/weekly_summary_pipeline.py
[2026-03-28T03:58:12.681+0000] {processor.py:830} INFO - Processing file /opt/airflow/dags/weekly_summary_pipeline.py for tasks to queue
[2026-03-28T03:58:12.682+0000] {logging_mixin.py:188} INFO - [2026-03-28T03:58:12.682+0000] {dagbag.py:538} INFO - Filling up the DagBag from /opt/airflow/dags/weekly_summary_pipeline.py
[2026-03-28T03:58:12.703+0000] {processor.py:840} INFO - DAG(s) 'weekly_summary_pipeline' retrieved from /opt/airflow/dags/weekly_summary_pipeline.py
[2026-03-28T03:58:12.739+0000] {logging_mixin.py:188} INFO - [2026-03-28T03:58:12.739+0000] {dag.py:3036} INFO - Sync 1 DAGs
[2026-03-28T03:58:12.770+0000] {logging_mixin.py:188} INFO - [2026-03-28T03:58:12.770+0000] {dag.py:3823} INFO - Setting next_dagrun for weekly_summary_pipeline to 2026-03-23 06:00:00+00:00, run_after=2026-03-30 06:00:00+00:00
[2026-03-28T03:58:12.802+0000] {processor.py:183} INFO - Processing /opt/airflow/dags/weekly_summary_pipeline.py took 0.125 seconds
[2026-03-28T03:58:43.143+0000] {processor.py:161} INFO - Started process (PID=3082) to work on /opt/airflow/dags/weekly_summary_pipeline.py
[2026-03-28T03:58:43.144+0000] {processor.py:830} INFO - Processing file /opt/airflow/dags/weekly_summary_pipeline.py for tasks to queue
[2026-03-28T03:58:43.145+0000] {logging_mixin.py:188} INFO - [2026-03-28T03:58:43.144+0000] {dagbag.py:538} INFO - Filling up the DagBag from /opt/airflow/dags/weekly_summary_pipeline.py
[2026-03-28T03:58:43.168+0000] {processor.py:840} INFO - DAG(s) 'weekly_summary_pipeline' retrieved from /opt/airflow/dags/weekly_summary_pipeline.py
[2026-03-28T03:58:43.202+0000] {logging_mixin.py:188} INFO - [2026-03-28T03:58:43.201+0000] {dag.py:3036} INFO - Sync 1 DAGs
[2026-03-28T03:58:43.226+0000] {logging_mixin.py:188} INFO - [2026-03-28T03:58:43.226+0000] {dag.py:3823} INFO - Setting next_dagrun for weekly_summary_pipeline to 2026-03-23 06:00:00+00:00, run_after=2026-03-30 06:00:00+00:00
[2026-03-28T03:58:43.249+0000] {processor.py:183} INFO - Processing /opt/airflow/dags/weekly_summary_pipeline.py took 0.109 seconds
[2026-03-28T03:59:13.626+0000] {processor.py:161} INFO - Started process (PID=3105) to work on /opt/airflow/dags/weekly_summary_pipeline.py
[2026-03-28T03:59:13.628+0000] {processor.py:830} INFO - Processing file /opt/airflow/dags/weekly_summary_pipeline.py for tasks to queue
[2026-03-28T03:59:13.629+0000] {logging_mixin.py:188} INFO - [2026-03-28T03:59:13.628+0000] {dagbag.py:538} INFO - Filling up the DagBag from /opt/airflow/dags/weekly_summary_pipeline.py
[2026-03-28T03:59:13.648+0000] {processor.py:840} INFO - DAG(s) 'weekly_summary_pipeline' retrieved from /opt/airflow/dags/weekly_summary_pipeline.py
[2026-03-28T03:59:13.676+0000] {logging_mixin.py:188} INFO - [2026-03-28T03:59:13.676+0000] {dag.py:3036} INFO - Sync 1 DAGs
[2026-03-28T03:59:13.701+0000] {logging_mixin.py:188} INFO - [2026-03-28T03:59:13.701+0000] {dag.py:3823} INFO - Setting next_dagrun for weekly_summary_pipeline to 2026-03-23 06:00:00+00:00, run_after=2026-03-30 06:00:00+00:00
[2026-03-28T03:59:13.720+0000] {processor.py:183} INFO - Processing /opt/airflow/dags/weekly_summary_pipeline.py took 0.097 seconds
[2026-03-28T03:59:44.060+0000] {processor.py:161} INFO - Started process (PID=3128) to work on /opt/airflow/dags/weekly_summary_pipeline.py
[2026-03-28T03:59:44.061+0000] {processor.py:830} INFO - Processing file /opt/airflow/dags/weekly_summary_pipeline.py for tasks to queue
[2026-03-28T03:59:44.062+0000] {logging_mixin.py:188} INFO - [2026-03-28T03:59:44.062+0000] {dagbag.py:538} INFO - Filling up the DagBag from /opt/airflow/dags/weekly_summary_pipeline.py
[2026-03-28T03:59:44.095+0000] {processor.py:840} INFO - DAG(s) 'weekly_summary_pipeline' retrieved from /opt/airflow/dags/weekly_summary_pipeline.py
[2026-03-28T03:59:44.131+0000] {logging_mixin.py:188} INFO - [2026-03-28T03:59:44.130+0000] {dag.py:3036} INFO - Sync 1 DAGs
[2026-03-28T03:59:44.160+0000] {logging_mixin.py:188} INFO - [2026-03-28T03:59:44.159+0000] {dag.py:3823} INFO - Setting next_dagrun for weekly_summary_pipeline to 2026-03-23 06:00:00+00:00, run_after=2026-03-30 06:00:00+00:00
[2026-03-28T03:59:44.188+0000] {processor.py:183} INFO - Processing /opt/airflow/dags/weekly_summary_pipeline.py took 0.130 seconds
[2026-03-28T04:00:14.509+0000] {processor.py:161} INFO - Started process (PID=3151) to work on /opt/airflow/dags/weekly_summary_pipeline.py
[2026-03-28T04:00:14.510+0000] {processor.py:830} INFO - Processing file /opt/airflow/dags/weekly_summary_pipeline.py for tasks to queue
[2026-03-28T04:00:14.511+0000] {logging_mixin.py:188} INFO - [2026-03-28T04:00:14.511+0000] {dagbag.py:538} INFO - Filling up the DagBag from /opt/airflow/dags/weekly_summary_pipeline.py
[2026-03-28T04:00:14.532+0000] {processor.py:840} INFO - DAG(s) 'weekly_summary_pipeline' retrieved from /opt/airflow/dags/weekly_summary_pipeline.py
[2026-03-28T04:00:14.560+0000] {logging_mixin.py:188} INFO - [2026-03-28T04:00:14.560+0000] {dag.py:3036} INFO - Sync 1 DAGs
[2026-03-28T04:00:14.586+0000] {logging_mixin.py:188} INFO - [2026-03-28T04:00:14.586+0000] {dag.py:3823} INFO - Setting next_dagrun for weekly_summary_pipeline to 2026-03-23 06:00:00+00:00, run_after=2026-03-30 06:00:00+00:00
[2026-03-28T04:00:14.607+0000] {processor.py:183} INFO - Processing /opt/airflow/dags/weekly_summary_pipeline.py took 0.101 seconds
[2026-03-28T04:00:44.927+0000] {processor.py:161} INFO - Started process (PID=3174) to work on /opt/airflow/dags/weekly_summary_pipeline.py
[2026-03-28T04:00:44.928+0000] {processor.py:830} INFO - Processing file /opt/airflow/dags/weekly_summary_pipeline.py for tasks to queue
[2026-03-28T04:00:44.929+0000] {logging_mixin.py:188} INFO - [2026-03-28T04:00:44.928+0000] {dagbag.py:538} INFO - Filling up the DagBag from /opt/airflow/dags/weekly_summary_pipeline.py
[2026-03-28T04:00:44.950+0000] {processor.py:840} INFO - DAG(s) 'weekly_summary_pipeline' retrieved from /opt/airflow/dags/weekly_summary_pipeline.py
[2026-03-28T04:00:44.975+0000] {logging_mixin.py:188} INFO - [2026-03-28T04:00:44.975+0000] {dag.py:3036} INFO - Sync 1 DAGs
[2026-03-28T04:00:44.998+0000] {logging_mixin.py:188} INFO - [2026-03-28T04:00:44.998+0000] {dag.py:3823} INFO - Setting next_dagrun for weekly_summary_pipeline to 2026-03-23 06:00:00+00:00, run_after=2026-03-30 06:00:00+00:00
[2026-03-28T04:00:45.023+0000] {processor.py:183} INFO - Processing /opt/airflow/dags/weekly_summary_pipeline.py took 0.100 seconds
[2026-03-28T04:01:15.320+0000] {processor.py:161} INFO - Started process (PID=3197) to work on /opt/airflow/dags/weekly_summary_pipeline.py
[2026-03-28T04:01:15.321+0000] {processor.py:830} INFO - Processing file /opt/airflow/dags/weekly_summary_pipeline.py for tasks to queue
[2026-03-28T04:01:15.322+0000] {logging_mixin.py:188} INFO - [2026-03-28T04:01:15.322+0000] {dagbag.py:538} INFO - Filling up the DagBag from /opt/airflow/dags/weekly_summary_pipeline.py
[2026-03-28T04:01:15.343+0000] {processor.py:840} INFO - DAG(s) 'weekly_summary_pipeline' retrieved from /opt/airflow/dags/weekly_summary_pipeline.py
[2026-03-28T04:01:15.370+0000] {logging_mixin.py:188} INFO - [2026-03-28T04:01:15.370+0000] {dag.py:3036} INFO - Sync 1 DAGs
[2026-03-28T04:01:15.393+0000] {logging_mixin.py:188} INFO - [2026-03-28T04:01:15.392+0000] {dag.py:3823} INFO - Setting next_dagrun for weekly_summary_pipeline to 2026-03-23 06:00:00+00:00, run_after=2026-03-30 06:00:00+00:00
[2026-03-28T04:01:15.414+0000] {processor.py:183} INFO - Processing /opt/airflow/dags/weekly_summary_pipeline.py took 0.097 seconds
[2026-03-28T04:01:45.718+0000] {processor.py:161} INFO - Started process (PID=3220) to work on /opt/airflow/dags/weekly_summary_pipeline.py
[2026-03-28T04:01:45.720+0000] {processor.py:830} INFO - Processing file /opt/airflow/dags/weekly_summary_pipeline.py for tasks to queue
[2026-03-28T04:01:45.721+0000] {logging_mixin.py:188} INFO - [2026-03-28T04:01:45.720+0000] {dagbag.py:538} INFO - Filling up the DagBag from /opt/airflow/dags/weekly_summary_pipeline.py
[2026-03-28T04:01:45.740+0000] {processor.py:840} INFO - DAG(s) 'weekly_summary_pipeline' retrieved from /opt/airflow/dags/weekly_summary_pipeline.py
[2026-03-28T04:01:45.773+0000] {logging_mixin.py:188} INFO - [2026-03-28T04:01:45.772+0000] {dag.py:3036} INFO - Sync 1 DAGs
[2026-03-28T04:01:45.798+0000] {logging_mixin.py:188} INFO - [2026-03-28T04:01:45.798+0000] {dag.py:3823} INFO - Setting next_dagrun for weekly_summary_pipeline to 2026-03-23 06:00:00+00:00, run_after=2026-03-30 06:00:00+00:00
[2026-03-28T04:01:45.821+0000] {processor.py:183} INFO - Processing /opt/airflow/dags/weekly_summary_pipeline.py took 0.106 seconds
[2026-03-28T04:02:16.163+0000] {processor.py:161} INFO - Started process (PID=3243) to work on /opt/airflow/dags/weekly_summary_pipeline.py
[2026-03-28T04:02:16.165+0000] {processor.py:830} INFO - Processing file /opt/airflow/dags/weekly_summary_pipeline.py for tasks to queue
[2026-03-28T04:02:16.166+0000] {logging_mixin.py:188} INFO - [2026-03-28T04:02:16.165+0000] {dagbag.py:538} INFO - Filling up the DagBag from /opt/airflow/dags/weekly_summary_pipeline.py
[2026-03-28T04:02:16.189+0000] {processor.py:840} INFO - DAG(s) 'weekly_summary_pipeline' retrieved from /opt/airflow/dags/weekly_summary_pipeline.py
[2026-03-28T04:02:16.221+0000] {logging_mixin.py:188} INFO - [2026-03-28T04:02:16.220+0000] {dag.py:3036} INFO - Sync 1 DAGs
[2026-03-28T04:02:16.245+0000] {logging_mixin.py:188} INFO - [2026-03-28T04:02:16.245+0000] {dag.py:3823} INFO - Setting next_dagrun for weekly_summary_pipeline to 2026-03-23 06:00:00+00:00, run_after=2026-03-30 06:00:00+00:00
[2026-03-28T04:02:16.268+0000] {processor.py:183} INFO - Processing /opt/airflow/dags/weekly_summary_pipeline.py took 0.108 seconds
[2026-03-28T04:02:46.688+0000] {processor.py:161} INFO - Started process (PID=3266) to work on /opt/airflow/dags/weekly_summary_pipeline.py
[2026-03-28T04:02:46.690+0000] {processor.py:830} INFO - Processing file /opt/airflow/dags/weekly_summary_pipeline.py for tasks to queue
[2026-03-28T04:02:46.691+0000] {logging_mixin.py:188} INFO - [2026-03-28T04:02:46.691+0000] {dagbag.py:538} INFO - Filling up the DagBag from /opt/airflow/dags/weekly_summary_pipeline.py
[2026-03-28T04:02:46.732+0000] {processor.py:840} INFO - DAG(s) 'weekly_summary_pipeline' retrieved from /opt/airflow/dags/weekly_summary_pipeline.py
[2026-03-28T04:02:46.775+0000] {logging_mixin.py:188} INFO - [2026-03-28T04:02:46.775+0000] {dag.py:3036} INFO - Sync 1 DAGs
[2026-03-28T04:02:46.801+0000] {logging_mixin.py:188} INFO - [2026-03-28T04:02:46.801+0000] {dag.py:3823} INFO - Setting next_dagrun for weekly_summary_pipeline to 2026-03-23 06:00:00+00:00, run_after=2026-03-30 06:00:00+00:00
[2026-03-28T04:02:46.822+0000] {processor.py:183} INFO - Processing /opt/airflow/dags/weekly_summary_pipeline.py took 0.138 seconds
[2026-03-28T04:03:17.125+0000] {processor.py:161} INFO - Started process (PID=3289) to work on /opt/airflow/dags/weekly_summary_pipeline.py
[2026-03-28T04:03:17.127+0000] {processor.py:830} INFO - Processing file /opt/airflow/dags/weekly_summary_pipeline.py for tasks to queue
[2026-03-28T04:03:17.128+0000] {logging_mixin.py:188} INFO - [2026-03-28T04:03:17.127+0000] {dagbag.py:538} INFO - Filling up the DagBag from /opt/airflow/dags/weekly_summary_pipeline.py
[2026-03-28T04:03:17.154+0000] {processor.py:840} INFO - DAG(s) 'weekly_summary_pipeline' retrieved from /opt/airflow/dags/weekly_summary_pipeline.py
[2026-03-28T04:03:17.191+0000] {logging_mixin.py:188} INFO - [2026-03-28T04:03:17.191+0000] {dag.py:3036} INFO - Sync 1 DAGs
[2026-03-28T04:03:17.218+0000] {logging_mixin.py:188} INFO - [2026-03-28T04:03:17.218+0000] {dag.py:3823} INFO - Setting next_dagrun for weekly_summary_pipeline to 2026-03-23 06:00:00+00:00, run_after=2026-03-30 06:00:00+00:00
[2026-03-28T04:03:17.242+0000] {processor.py:183} INFO - Processing /opt/airflow/dags/weekly_summary_pipeline.py took 0.119 seconds
[2026-03-28T04:03:47.568+0000] {processor.py:161} INFO - Started process (PID=3312) to work on /opt/airflow/dags/weekly_summary_pipeline.py
[2026-03-28T04:03:47.569+0000] {processor.py:830} INFO - Processing file /opt/airflow/dags/weekly_summary_pipeline.py for tasks to queue
[2026-03-28T04:03:47.570+0000] {logging_mixin.py:188} INFO - [2026-03-28T04:03:47.570+0000] {dagbag.py:538} INFO - Filling up the DagBag from /opt/airflow/dags/weekly_summary_pipeline.py
[2026-03-28T04:03:47.595+0000] {processor.py:840} INFO - DAG(s) 'weekly_summary_pipeline' retrieved from /opt/airflow/dags/weekly_summary_pipeline.py
[2026-03-28T04:03:47.639+0000] {logging_mixin.py:188} INFO - [2026-03-28T04:03:47.639+0000] {dag.py:3036} INFO - Sync 1 DAGs
[2026-03-28T04:03:47.672+0000] {logging_mixin.py:188} INFO - [2026-03-28T04:03:47.672+0000] {dag.py:3823} INFO - Setting next_dagrun for weekly_summary_pipeline to 2026-03-23 06:00:00+00:00, run_after=2026-03-30 06:00:00+00:00
[2026-03-28T04:03:47.703+0000] {processor.py:183} INFO - Processing /opt/airflow/dags/weekly_summary_pipeline.py took 0.138 seconds
[2026-03-28T04:04:18.027+0000] {processor.py:161} INFO - Started process (PID=3335) to work on /opt/airflow/dags/weekly_summary_pipeline.py
[2026-03-28T04:04:18.028+0000] {processor.py:830} INFO - Processing file /opt/airflow/dags/weekly_summary_pipeline.py for tasks to queue
[2026-03-28T04:04:18.029+0000] {logging_mixin.py:188} INFO - [2026-03-28T04:04:18.028+0000] {dagbag.py:538} INFO - Filling up the DagBag from /opt/airflow/dags/weekly_summary_pipeline.py
[2026-03-28T04:04:18.050+0000] {processor.py:840} INFO - DAG(s) 'weekly_summary_pipeline' retrieved from /opt/airflow/dags/weekly_summary_pipeline.py
[2026-03-28T04:04:18.078+0000] {logging_mixin.py:188} INFO - [2026-03-28T04:04:18.078+0000] {dag.py:3036} INFO - Sync 1 DAGs
[2026-03-28T04:04:18.101+0000] {logging_mixin.py:188} INFO - [2026-03-28T04:04:18.101+0000] {dag.py:3823} INFO - Setting next_dagrun for weekly_summary_pipeline to 2026-03-23 06:00:00+00:00, run_after=2026-03-30 06:00:00+00:00
[2026-03-28T04:04:18.128+0000] {processor.py:183} INFO - Processing /opt/airflow/dags/weekly_summary_pipeline.py took 0.104 seconds
[2026-03-28T04:04:48.481+0000] {processor.py:161} INFO - Started process (PID=3358) to work on /opt/airflow/dags/weekly_summary_pipeline.py
[2026-03-28T04:04:48.482+0000] {processor.py:830} INFO - Processing file /opt/airflow/dags/weekly_summary_pipeline.py for tasks to queue
[2026-03-28T04:04:48.484+0000] {logging_mixin.py:188} INFO - [2026-03-28T04:04:48.483+0000] {dagbag.py:538} INFO - Filling up the DagBag from /opt/airflow/dags/weekly_summary_pipeline.py
[2026-03-28T04:04:48.508+0000] {processor.py:840} INFO - DAG(s) 'weekly_summary_pipeline' retrieved from /opt/airflow/dags/weekly_summary_pipeline.py
[2026-03-28T04:04:48.539+0000] {logging_mixin.py:188} INFO - [2026-03-28T04:04:48.538+0000] {dag.py:3036} INFO - Sync 1 DAGs
[2026-03-28T04:04:48.564+0000] {logging_mixin.py:188} INFO - [2026-03-28T04:04:48.564+0000] {dag.py:3823} INFO - Setting next_dagrun for weekly_summary_pipeline to 2026-03-23 06:00:00+00:00, run_after=2026-03-30 06:00:00+00:00
[2026-03-28T04:04:48.589+0000] {processor.py:183} INFO - Processing /opt/airflow/dags/weekly_summary_pipeline.py took 0.111 seconds
[2026-03-28T04:05:18.938+0000] {processor.py:161} INFO - Started process (PID=3381) to work on /opt/airflow/dags/weekly_summary_pipeline.py
[2026-03-28T04:05:18.939+0000] {processor.py:830} INFO - Processing file /opt/airflow/dags/weekly_summary_pipeline.py for tasks to queue
[2026-03-28T04:05:18.940+0000] {logging_mixin.py:188} INFO - [2026-03-28T04:05:18.940+0000] {dagbag.py:538} INFO - Filling up the DagBag from /opt/airflow/dags/weekly_summary_pipeline.py
[2026-03-28T04:05:18.961+0000] {processor.py:840} INFO - DAG(s) 'weekly_summary_pipeline' retrieved from /opt/airflow/dags/weekly_summary_pipeline.py
[2026-03-28T04:05:18.988+0000] {logging_mixin.py:188} INFO - [2026-03-28T04:05:18.988+0000] {dag.py:3036} INFO - Sync 1 DAGs
[2026-03-28T04:05:19.012+0000] {logging_mixin.py:188} INFO - [2026-03-28T04:05:19.012+0000] {dag.py:3823} INFO - Setting next_dagrun for weekly_summary_pipeline to 2026-03-23 06:00:00+00:00, run_after=2026-03-30 06:00:00+00:00
[2026-03-28T04:05:19.035+0000] {processor.py:183} INFO - Processing /opt/airflow/dags/weekly_summary_pipeline.py took 0.099 seconds
[2026-03-28T04:05:49.329+0000] {processor.py:161} INFO - Started process (PID=3404) to work on /opt/airflow/dags/weekly_summary_pipeline.py
[2026-03-28T04:05:49.330+0000] {processor.py:830} INFO - Processing file /opt/airflow/dags/weekly_summary_pipeline.py for tasks to queue
[2026-03-28T04:05:49.331+0000] {logging_mixin.py:188} INFO - [2026-03-28T04:05:49.330+0000] {dagbag.py:538} INFO - Filling up the DagBag from /opt/airflow/dags/weekly_summary_pipeline.py
[2026-03-28T04:05:49.349+0000] {processor.py:840} INFO - DAG(s) 'weekly_summary_pipeline' retrieved from /opt/airflow/dags/weekly_summary_pipeline.py
[2026-03-28T04:05:49.381+0000] {logging_mixin.py:188} INFO - [2026-03-28T04:05:49.380+0000] {dag.py:3036} INFO - Sync 1 DAGs
[2026-03-28T04:05:49.406+0000] {logging_mixin.py:188} INFO - [2026-03-28T04:05:49.405+0000] {dag.py:3823} INFO - Setting next_dagrun for weekly_summary_pipeline to 2026-03-23 06:00:00+00:00, run_after=2026-03-30 06:00:00+00:00
[2026-03-28T04:05:49.429+0000] {processor.py:183} INFO - Processing /opt/airflow/dags/weekly_summary_pipeline.py took 0.103 seconds
[2026-03-28T04:06:19.771+0000] {processor.py:161} INFO - Started process (PID=3427) to work on /opt/airflow/dags/weekly_summary_pipeline.py
[2026-03-28T04:06:19.772+0000] {processor.py:830} INFO - Processing file /opt/airflow/dags/weekly_summary_pipeline.py for tasks to queue
[2026-03-28T04:06:19.773+0000] {logging_mixin.py:188} INFO - [2026-03-28T04:06:19.773+0000] {dagbag.py:538} INFO - Filling up the DagBag from /opt/airflow/dags/weekly_summary_pipeline.py
[2026-03-28T04:06:19.799+0000] {processor.py:840} INFO - DAG(s) 'weekly_summary_pipeline' retrieved from /opt/airflow/dags/weekly_summary_pipeline.py
[2026-03-28T04:06:19.838+0000] {logging_mixin.py:188} INFO - [2026-03-28T04:06:19.838+0000] {dag.py:3036} INFO - Sync 1 DAGs
[2026-03-28T04:06:19.871+0000] {logging_mixin.py:188} INFO - [2026-03-28T04:06:19.870+0000] {dag.py:3823} INFO - Setting next_dagrun for weekly_summary_pipeline to 2026-03-23 06:00:00+00:00, run_after=2026-03-30 06:00:00+00:00
[2026-03-28T04:06:19.896+0000] {processor.py:183} INFO - Processing /opt/airflow/dags/weekly_summary_pipeline.py took 0.128 seconds
[2026-03-28T04:06:50.196+0000] {processor.py:161} INFO - Started process (PID=3450) to work on /opt/airflow/dags/weekly_summary_pipeline.py
[2026-03-28T04:06:50.197+0000] {processor.py:830} INFO - Processing file /opt/airflow/dags/weekly_summary_pipeline.py for tasks to queue
[2026-03-28T04:06:50.198+0000] {logging_mixin.py:188} INFO - [2026-03-28T04:06:50.198+0000] {dagbag.py:538} INFO - Filling up the DagBag from /opt/airflow/dags/weekly_summary_pipeline.py
[2026-03-28T04:06:50.216+0000] {processor.py:840} INFO - DAG(s) 'weekly_summary_pipeline' retrieved from /opt/airflow/dags/weekly_summary_pipeline.py
[2026-03-28T04:06:50.241+0000] {logging_mixin.py:188} INFO - [2026-03-28T04:06:50.241+0000] {dag.py:3036} INFO - Sync 1 DAGs
[2026-03-28T04:06:50.261+0000] {logging_mixin.py:188} INFO - [2026-03-28T04:06:50.261+0000] {dag.py:3823} INFO - Setting next_dagrun for weekly_summary_pipeline to 2026-03-23 06:00:00+00:00, run_after=2026-03-30 06:00:00+00:00
[2026-03-28T04:06:50.280+0000] {processor.py:183} INFO - Processing /opt/airflow/dags/weekly_summary_pipeline.py took 0.088 seconds
[2026-03-28T04:07:20.626+0000] {processor.py:161} INFO - Started process (PID=3473) to work on /opt/airflow/dags/weekly_summary_pipeline.py
[2026-03-28T04:07:20.628+0000] {processor.py:830} INFO - Processing file /opt/airflow/dags/weekly_summary_pipeline.py for tasks to queue
[2026-03-28T04:07:20.629+0000] {logging_mixin.py:188} INFO - [2026-03-28T04:07:20.629+0000] {dagbag.py:538} INFO - Filling up the DagBag from /opt/airflow/dags/weekly_summary_pipeline.py
[2026-03-28T04:07:20.653+0000] {processor.py:840} INFO - DAG(s) 'weekly_summary_pipeline' retrieved from /opt/airflow/dags/weekly_summary_pipeline.py
[2026-03-28T04:07:20.739+0000] {logging_mixin.py:188} INFO - [2026-03-28T04:07:20.738+0000] {dag.py:3036} INFO - Sync 1 DAGs
[2026-03-28T04:07:20.807+0000] {logging_mixin.py:188} INFO - [2026-03-28T04:07:20.807+0000] {dag.py:3823} INFO - Setting next_dagrun for weekly_summary_pipeline to 2026-03-23 06:00:00+00:00, run_after=2026-03-30 06:00:00+00:00
[2026-03-28T04:07:20.867+0000] {processor.py:183} INFO - Processing /opt/airflow/dags/weekly_summary_pipeline.py took 0.245 seconds
[2026-03-28T04:07:51.255+0000] {processor.py:161} INFO - Started process (PID=3488) to work on /opt/airflow/dags/weekly_summary_pipeline.py
[2026-03-28T04:07:51.256+0000] {processor.py:830} INFO - Processing file /opt/airflow/dags/weekly_summary_pipeline.py for tasks to queue
[2026-03-28T04:07:51.257+0000] {logging_mixin.py:188} INFO - [2026-03-28T04:07:51.257+0000] {dagbag.py:538} INFO - Filling up the DagBag from /opt/airflow/dags/weekly_summary_pipeline.py
[2026-03-28T04:07:51.273+0000] {processor.py:840} INFO - DAG(s) 'weekly_summary_pipeline' retrieved from /opt/airflow/dags/weekly_summary_pipeline.py
[2026-03-28T04:07:51.301+0000] {logging_mixin.py:188} INFO - [2026-03-28T04:07:51.301+0000] {dag.py:3036} INFO - Sync 1 DAGs
[2026-03-28T04:07:51.325+0000] {logging_mixin.py:188} INFO - [2026-03-28T04:07:51.325+0000] {dag.py:3823} INFO - Setting next_dagrun for weekly_summary_pipeline to 2026-03-23 06:00:00+00:00, run_after=2026-03-30 06:00:00+00:00
[2026-03-28T04:07:51.346+0000] {processor.py:183} INFO - Processing /opt/airflow/dags/weekly_summary_pipeline.py took 0.094 seconds
[2026-03-28T04:08:21.711+0000] {processor.py:161} INFO - Started process (PID=3511) to work on /opt/airflow/dags/weekly_summary_pipeline.py
[2026-03-28T04:08:21.712+0000] {processor.py:830} INFO - Processing file /opt/airflow/dags/weekly_summary_pipeline.py for tasks to queue
[2026-03-28T04:08:21.713+0000] {logging_mixin.py:188} INFO - [2026-03-28T04:08:21.713+0000] {dagbag.py:538} INFO - Filling up the DagBag from /opt/airflow/dags/weekly_summary_pipeline.py
[2026-03-28T04:08:21.731+0000] {processor.py:840} INFO - DAG(s) 'weekly_summary_pipeline' retrieved from /opt/airflow/dags/weekly_summary_pipeline.py
[2026-03-28T04:08:21.757+0000] {logging_mixin.py:188} INFO - [2026-03-28T04:08:21.756+0000] {dag.py:3036} INFO - Sync 1 DAGs
[2026-03-28T04:08:21.778+0000] {logging_mixin.py:188} INFO - [2026-03-28T04:08:21.777+0000] {dag.py:3823} INFO - Setting next_dagrun for weekly_summary_pipeline to 2026-03-23 06:00:00+00:00, run_after=2026-03-30 06:00:00+00:00
[2026-03-28T04:08:21.800+0000] {processor.py:183} INFO - Processing /opt/airflow/dags/weekly_summary_pipeline.py took 0.092 seconds
[2026-03-28T04:08:52.134+0000] {processor.py:161} INFO - Started process (PID=3534) to work on /opt/airflow/dags/weekly_summary_pipeline.py
[2026-03-28T04:08:52.135+0000] {processor.py:830} INFO - Processing file /opt/airflow/dags/weekly_summary_pipeline.py for tasks to queue
[2026-03-28T04:08:52.137+0000] {logging_mixin.py:188} INFO - [2026-03-28T04:08:52.136+0000] {dagbag.py:538} INFO - Filling up the DagBag from /opt/airflow/dags/weekly_summary_pipeline.py
[2026-03-28T04:08:52.166+0000] {processor.py:840} INFO - DAG(s) 'weekly_summary_pipeline' retrieved from /opt/airflow/dags/weekly_summary_pipeline.py
[2026-03-28T04:08:52.198+0000] {logging_mixin.py:188} INFO - [2026-03-28T04:08:52.198+0000] {dag.py:3036} INFO - Sync 1 DAGs
[2026-03-28T04:08:52.223+0000] {logging_mixin.py:188} INFO - [2026-03-28T04:08:52.223+0000] {dag.py:3823} INFO - Setting next_dagrun for weekly_summary_pipeline to 2026-03-23 06:00:00+00:00, run_after=2026-03-30 06:00:00+00:00
[2026-03-28T04:08:52.244+0000] {processor.py:183} INFO - Processing /opt/airflow/dags/weekly_summary_pipeline.py took 0.115 seconds
[2026-03-28T04:09:22.549+0000] {processor.py:161} INFO - Started process (PID=3557) to work on /opt/airflow/dags/weekly_summary_pipeline.py
[2026-03-28T04:09:22.550+0000] {processor.py:830} INFO - Processing file /opt/airflow/dags/weekly_summary_pipeline.py for tasks to queue
[2026-03-28T04:09:22.551+0000] {logging_mixin.py:188} INFO - [2026-03-28T04:09:22.550+0000] {dagbag.py:538} INFO - Filling up the DagBag from /opt/airflow/dags/weekly_summary_pipeline.py
[2026-03-28T04:09:22.573+0000] {processor.py:840} INFO - DAG(s) 'weekly_summary_pipeline' retrieved from /opt/airflow/dags/weekly_summary_pipeline.py
[2026-03-28T04:09:22.602+0000] {logging_mixin.py:188} INFO - [2026-03-28T04:09:22.601+0000] {dag.py:3036} INFO - Sync 1 DAGs
[2026-03-28T04:09:22.625+0000] {logging_mixin.py:188} INFO - [2026-03-28T04:09:22.625+0000] {dag.py:3823} INFO - Setting next_dagrun for weekly_summary_pipeline to 2026-03-23 06:00:00+00:00, run_after=2026-03-30 06:00:00+00:00
[2026-03-28T04:09:22.647+0000] {processor.py:183} INFO - Processing /opt/airflow/dags/weekly_summary_pipeline.py took 0.101 seconds
[2026-03-28T04:09:52.969+0000] {processor.py:161} INFO - Started process (PID=3580) to work on /opt/airflow/dags/weekly_summary_pipeline.py
[2026-03-28T04:09:52.970+0000] {processor.py:830} INFO - Processing file /opt/airflow/dags/weekly_summary_pipeline.py for tasks to queue
[2026-03-28T04:09:52.971+0000] {logging_mixin.py:188} INFO - [2026-03-28T04:09:52.971+0000] {dagbag.py:538} INFO - Filling up the DagBag from /opt/airflow/dags/weekly_summary_pipeline.py
[2026-03-28T04:09:52.991+0000] {processor.py:840} INFO - DAG(s) 'weekly_summary_pipeline' retrieved from /opt/airflow/dags/weekly_summary_pipeline.py
[2026-03-28T04:09:53.022+0000] {logging_mixin.py:188} INFO - [2026-03-28T04:09:53.021+0000] {dag.py:3036} INFO - Sync 1 DAGs
[2026-03-28T04:09:53.046+0000] {logging_mixin.py:188} INFO - [2026-03-28T04:09:53.046+0000] {dag.py:3823} INFO - Setting next_dagrun for weekly_summary_pipeline to 2026-03-23 06:00:00+00:00, run_after=2026-03-30 06:00:00+00:00
[2026-03-28T04:09:53.073+0000] {processor.py:183} INFO - Processing /opt/airflow/dags/weekly_summary_pipeline.py took 0.107 seconds
[2026-03-28T04:10:23.445+0000] {processor.py:161} INFO - Started process (PID=3603) to work on /opt/airflow/dags/weekly_summary_pipeline.py
[2026-03-28T04:10:23.446+0000] {processor.py:830} INFO - Processing file /opt/airflow/dags/weekly_summary_pipeline.py for tasks to queue
[2026-03-28T04:10:23.447+0000] {logging_mixin.py:188} INFO - [2026-03-28T04:10:23.447+0000] {dagbag.py:538} INFO - Filling up the DagBag from /opt/airflow/dags/weekly_summary_pipeline.py
[2026-03-28T04:10:23.464+0000] {processor.py:840} INFO - DAG(s) 'weekly_summary_pipeline' retrieved from /opt/airflow/dags/weekly_summary_pipeline.py
[2026-03-28T04:10:23.493+0000] {logging_mixin.py:188} INFO - [2026-03-28T04:10:23.493+0000] {dag.py:3036} INFO - Sync 1 DAGs
[2026-03-28T04:10:23.515+0000] {logging_mixin.py:188} INFO - [2026-03-28T04:10:23.515+0000] {dag.py:3823} INFO - Setting next_dagrun for weekly_summary_pipeline to 2026-03-23 06:00:00+00:00, run_after=2026-03-30 06:00:00+00:00
[2026-03-28T04:10:23.543+0000] {processor.py:183} INFO - Processing /opt/airflow/dags/weekly_summary_pipeline.py took 0.101 seconds
[2026-03-28T04:10:53.847+0000] {processor.py:161} INFO - Started process (PID=3626) to work on /opt/airflow/dags/weekly_summary_pipeline.py
[2026-03-28T04:10:53.848+0000] {processor.py:830} INFO - Processing file /opt/airflow/dags/weekly_summary_pipeline.py for tasks to queue
[2026-03-28T04:10:53.849+0000] {logging_mixin.py:188} INFO - [2026-03-28T04:10:53.848+0000] {dagbag.py:538} INFO - Filling up the DagBag from /opt/airflow/dags/weekly_summary_pipeline.py
[2026-03-28T04:10:53.867+0000] {processor.py:840} INFO - DAG(s) 'weekly_summary_pipeline' retrieved from /opt/airflow/dags/weekly_summary_pipeline.py
[2026-03-28T04:10:53.900+0000] {logging_mixin.py:188} INFO - [2026-03-28T04:10:53.899+0000] {dag.py:3036} INFO - Sync 1 DAGs
[2026-03-28T04:10:53.924+0000] {logging_mixin.py:188} INFO - [2026-03-28T04:10:53.924+0000] {dag.py:3823} INFO - Setting next_dagrun for weekly_summary_pipeline to 2026-03-23 06:00:00+00:00, run_after=2026-03-30 06:00:00+00:00
[2026-03-28T04:10:53.949+0000] {processor.py:183} INFO - Processing /opt/airflow/dags/weekly_summary_pipeline.py took 0.106 seconds
[2026-03-28T04:11:24.301+0000] {processor.py:161} INFO - Started process (PID=3649) to work on /opt/airflow/dags/weekly_summary_pipeline.py
[2026-03-28T04:11:24.302+0000] {processor.py:830} INFO - Processing file /opt/airflow/dags/weekly_summary_pipeline.py for tasks to queue
[2026-03-28T04:11:24.303+0000] {logging_mixin.py:188} INFO - [2026-03-28T04:11:24.302+0000] {dagbag.py:538} INFO - Filling up the DagBag from /opt/airflow/dags/weekly_summary_pipeline.py
[2026-03-28T04:11:24.325+0000] {processor.py:840} INFO - DAG(s) 'weekly_summary_pipeline' retrieved from /opt/airflow/dags/weekly_summary_pipeline.py
[2026-03-28T04:11:24.355+0000] {logging_mixin.py:188} INFO - [2026-03-28T04:11:24.355+0000] {dag.py:3036} INFO - Sync 1 DAGs
[2026-03-28T04:11:24.378+0000] {logging_mixin.py:188} INFO - [2026-03-28T04:11:24.378+0000] {dag.py:3823} INFO - Setting next_dagrun for weekly_summary_pipeline to 2026-03-23 06:00:00+00:00, run_after=2026-03-30 06:00:00+00:00
[2026-03-28T04:11:24.404+0000] {processor.py:183} INFO - Processing /opt/airflow/dags/weekly_summary_pipeline.py took 0.106 seconds
[2026-03-28T04:11:54.722+0000] {processor.py:161} INFO - Started process (PID=3672) to work on /opt/airflow/dags/weekly_summary_pipeline.py
[2026-03-28T04:11:54.724+0000] {processor.py:830} INFO - Processing file /opt/airflow/dags/weekly_summary_pipeline.py for tasks to queue
[2026-03-28T04:11:54.725+0000] {logging_mixin.py:188} INFO - [2026-03-28T04:11:54.724+0000] {dagbag.py:538} INFO - Filling up the DagBag from /opt/airflow/dags/weekly_summary_pipeline.py
[2026-03-28T04:11:54.750+0000] {processor.py:840} INFO - DAG(s) 'weekly_summary_pipeline' retrieved from /opt/airflow/dags/weekly_summary_pipeline.py
[2026-03-28T04:11:54.792+0000] {logging_mixin.py:188} INFO - [2026-03-28T04:11:54.791+0000] {dag.py:3036} INFO - Sync 1 DAGs
[2026-03-28T04:11:54.818+0000] {logging_mixin.py:188} INFO - [2026-03-28T04:11:54.818+0000] {dag.py:3823} INFO - Setting next_dagrun for weekly_summary_pipeline to 2026-03-23 06:00:00+00:00, run_after=2026-03-30 06:00:00+00:00
[2026-03-28T04:11:54.838+0000] {processor.py:183} INFO - Processing /opt/airflow/dags/weekly_summary_pipeline.py took 0.119 seconds
[2026-03-28T04:12:25.170+0000] {processor.py:161} INFO - Started process (PID=3695) to work on /opt/airflow/dags/weekly_summary_pipeline.py
[2026-03-28T04:12:25.171+0000] {processor.py:830} INFO - Processing file /opt/airflow/dags/weekly_summary_pipeline.py for tasks to queue
[2026-03-28T04:12:25.172+0000] {logging_mixin.py:188} INFO - [2026-03-28T04:12:25.172+0000] {dagbag.py:538} INFO - Filling up the DagBag from /opt/airflow/dags/weekly_summary_pipeline.py
[2026-03-28T04:12:25.188+0000] {processor.py:840} INFO - DAG(s) 'weekly_summary_pipeline' retrieved from /opt/airflow/dags/weekly_summary_pipeline.py
[2026-03-28T04:12:25.218+0000] {logging_mixin.py:188} INFO - [2026-03-28T04:12:25.217+0000] {dag.py:3036} INFO - Sync 1 DAGs
[2026-03-28T04:12:25.240+0000] {logging_mixin.py:188} INFO - [2026-03-28T04:12:25.240+0000] {dag.py:3823} INFO - Setting next_dagrun for weekly_summary_pipeline to 2026-03-23 06:00:00+00:00, run_after=2026-03-30 06:00:00+00:00
[2026-03-28T04:12:25.265+0000] {processor.py:183} INFO - Processing /opt/airflow/dags/weekly_summary_pipeline.py took 0.098 seconds
[2026-03-28T04:12:55.644+0000] {processor.py:161} INFO - Started process (PID=3718) to work on /opt/airflow/dags/weekly_summary_pipeline.py
[2026-03-28T04:12:55.645+0000] {processor.py:830} INFO - Processing file /opt/airflow/dags/weekly_summary_pipeline.py for tasks to queue
[2026-03-28T04:12:55.646+0000] {logging_mixin.py:188} INFO - [2026-03-28T04:12:55.646+0000] {dagbag.py:538} INFO - Filling up the DagBag from /opt/airflow/dags/weekly_summary_pipeline.py
[2026-03-28T04:12:55.665+0000] {processor.py:840} INFO - DAG(s) 'weekly_summary_pipeline' retrieved from /opt/airflow/dags/weekly_summary_pipeline.py
[2026-03-28T04:12:55.698+0000] {logging_mixin.py:188} INFO - [2026-03-28T04:12:55.697+0000] {dag.py:3036} INFO - Sync 1 DAGs
[2026-03-28T04:12:55.726+0000] {logging_mixin.py:188} INFO - [2026-03-28T04:12:55.726+0000] {dag.py:3823} INFO - Setting next_dagrun for weekly_summary_pipeline to 2026-03-23 06:00:00+00:00, run_after=2026-03-30 06:00:00+00:00
[2026-03-28T04:12:55.750+0000] {processor.py:183} INFO - Processing /opt/airflow/dags/weekly_summary_pipeline.py took 0.109 seconds
[2026-03-28T04:13:26.086+0000] {processor.py:161} INFO - Started process (PID=3741) to work on /opt/airflow/dags/weekly_summary_pipeline.py
[2026-03-28T04:13:26.088+0000] {processor.py:830} INFO - Processing file /opt/airflow/dags/weekly_summary_pipeline.py for tasks to queue
[2026-03-28T04:13:26.091+0000] {logging_mixin.py:188} INFO - [2026-03-28T04:13:26.090+0000] {dagbag.py:538} INFO - Filling up the DagBag from /opt/airflow/dags/weekly_summary_pipeline.py
[2026-03-28T04:13:26.146+0000] {processor.py:840} INFO - DAG(s) 'weekly_summary_pipeline' retrieved from /opt/airflow/dags/weekly_summary_pipeline.py
[2026-03-28T04:13:26.238+0000] {logging_mixin.py:188} INFO - [2026-03-28T04:13:26.238+0000] {dag.py:3036} INFO - Sync 1 DAGs
[2026-03-28T04:13:26.274+0000] {logging_mixin.py:188} INFO - [2026-03-28T04:13:26.274+0000] {dag.py:3823} INFO - Setting next_dagrun for weekly_summary_pipeline to 2026-03-23 06:00:00+00:00, run_after=2026-03-30 06:00:00+00:00
[2026-03-28T04:13:26.307+0000] {processor.py:183} INFO - Processing /opt/airflow/dags/weekly_summary_pipeline.py took 0.226 seconds
[2026-03-28T04:13:56.632+0000] {processor.py:161} INFO - Started process (PID=3764) to work on /opt/airflow/dags/weekly_summary_pipeline.py
[2026-03-28T04:13:56.633+0000] {processor.py:830} INFO - Processing file /opt/airflow/dags/weekly_summary_pipeline.py for tasks to queue
[2026-03-28T04:13:56.634+0000] {logging_mixin.py:188} INFO - [2026-03-28T04:13:56.633+0000] {dagbag.py:538} INFO - Filling up the DagBag from /opt/airflow/dags/weekly_summary_pipeline.py
[2026-03-28T04:13:56.655+0000] {processor.py:840} INFO - DAG(s) 'weekly_summary_pipeline' retrieved from /opt/airflow/dags/weekly_summary_pipeline.py
[2026-03-28T04:13:56.683+0000] {logging_mixin.py:188} INFO - [2026-03-28T04:13:56.683+0000] {dag.py:3036} INFO - Sync 1 DAGs
[2026-03-28T04:13:56.706+0000] {logging_mixin.py:188} INFO - [2026-03-28T04:13:56.706+0000] {dag.py:3823} INFO - Setting next_dagrun for weekly_summary_pipeline to 2026-03-23 06:00:00+00:00, run_after=2026-03-30 06:00:00+00:00
[2026-03-28T04:13:56.733+0000] {processor.py:183} INFO - Processing /opt/airflow/dags/weekly_summary_pipeline.py took 0.105 seconds
[2026-03-28T04:14:27.064+0000] {processor.py:161} INFO - Started process (PID=3787) to work on /opt/airflow/dags/weekly_summary_pipeline.py
[2026-03-28T04:14:27.065+0000] {processor.py:830} INFO - Processing file /opt/airflow/dags/weekly_summary_pipeline.py for tasks to queue
[2026-03-28T04:14:27.067+0000] {logging_mixin.py:188} INFO - [2026-03-28T04:14:27.066+0000] {dagbag.py:538} INFO - Filling up the DagBag from /opt/airflow/dags/weekly_summary_pipeline.py
[2026-03-28T04:14:27.091+0000] {processor.py:840} INFO - DAG(s) 'weekly_summary_pipeline' retrieved from /opt/airflow/dags/weekly_summary_pipeline.py
[2026-03-28T04:14:27.138+0000] {logging_mixin.py:188} INFO - [2026-03-28T04:14:27.138+0000] {dag.py:3036} INFO - Sync 1 DAGs
[2026-03-28T04:14:27.172+0000] {logging_mixin.py:188} INFO - [2026-03-28T04:14:27.171+0000] {dag.py:3823} INFO - Setting next_dagrun for weekly_summary_pipeline to 2026-03-23 06:00:00+00:00, run_after=2026-03-30 06:00:00+00:00
[2026-03-28T04:14:27.206+0000] {processor.py:183} INFO - Processing /opt/airflow/dags/weekly_summary_pipeline.py took 0.145 seconds
[2026-03-28T04:14:57.489+0000] {processor.py:161} INFO - Started process (PID=3810) to work on /opt/airflow/dags/weekly_summary_pipeline.py
[2026-03-28T04:14:57.490+0000] {processor.py:830} INFO - Processing file /opt/airflow/dags/weekly_summary_pipeline.py for tasks to queue
[2026-03-28T04:14:57.491+0000] {logging_mixin.py:188} INFO - [2026-03-28T04:14:57.491+0000] {dagbag.py:538} INFO - Filling up the DagBag from /opt/airflow/dags/weekly_summary_pipeline.py
[2026-03-28T04:14:57.508+0000] {processor.py:840} INFO - DAG(s) 'weekly_summary_pipeline' retrieved from /opt/airflow/dags/weekly_summary_pipeline.py
[2026-03-28T04:14:57.544+0000] {logging_mixin.py:188} INFO - [2026-03-28T04:14:57.543+0000] {dag.py:3036} INFO - Sync 1 DAGs
[2026-03-28T04:14:57.568+0000] {logging_mixin.py:188} INFO - [2026-03-28T04:14:57.568+0000] {dag.py:3823} INFO - Setting next_dagrun for weekly_summary_pipeline to 2026-03-23 06:00:00+00:00, run_after=2026-03-30 06:00:00+00:00
[2026-03-28T04:14:57.589+0000] {processor.py:183} INFO - Processing /opt/airflow/dags/weekly_summary_pipeline.py took 0.103 seconds
[2026-03-28T04:15:27.856+0000] {processor.py:161} INFO - Started process (PID=3833) to work on /opt/airflow/dags/weekly_summary_pipeline.py
[2026-03-28T04:15:27.857+0000] {processor.py:830} INFO - Processing file /opt/airflow/dags/weekly_summary_pipeline.py for tasks to queue
[2026-03-28T04:15:27.858+0000] {logging_mixin.py:188} INFO - [2026-03-28T04:15:27.858+0000] {dagbag.py:538} INFO - Filling up the DagBag from /opt/airflow/dags/weekly_summary_pipeline.py
[2026-03-28T04:15:27.876+0000] {processor.py:840} INFO - DAG(s) 'weekly_summary_pipeline' retrieved from /opt/airflow/dags/weekly_summary_pipeline.py
[2026-03-28T04:15:27.901+0000] {logging_mixin.py:188} INFO - [2026-03-28T04:15:27.901+0000] {dag.py:3036} INFO - Sync 1 DAGs
[2026-03-28T04:15:27.924+0000] {logging_mixin.py:188} INFO - [2026-03-28T04:15:27.924+0000] {dag.py:3823} INFO - Setting next_dagrun for weekly_summary_pipeline to 2026-03-23 06:00:00+00:00, run_after=2026-03-30 06:00:00+00:00
[2026-03-28T04:15:27.947+0000] {processor.py:183} INFO - Processing /opt/airflow/dags/weekly_summary_pipeline.py took 0.094 seconds
[2026-03-28T04:15:58.264+0000] {processor.py:161} INFO - Started process (PID=3856) to work on /opt/airflow/dags/weekly_summary_pipeline.py
[2026-03-28T04:15:58.265+0000] {processor.py:830} INFO - Processing file /opt/airflow/dags/weekly_summary_pipeline.py for tasks to queue
[2026-03-28T04:15:58.266+0000] {logging_mixin.py:188} INFO - [2026-03-28T04:15:58.265+0000] {dagbag.py:538} INFO - Filling up the DagBag from /opt/airflow/dags/weekly_summary_pipeline.py
[2026-03-28T04:15:58.283+0000] {processor.py:840} INFO - DAG(s) 'weekly_summary_pipeline' retrieved from /opt/airflow/dags/weekly_summary_pipeline.py
[2026-03-28T04:15:58.324+0000] {logging_mixin.py:188} INFO - [2026-03-28T04:15:58.324+0000] {dag.py:3036} INFO - Sync 1 DAGs
[2026-03-28T04:15:58.350+0000] {logging_mixin.py:188} INFO - [2026-03-28T04:15:58.349+0000] {dag.py:3823} INFO - Setting next_dagrun for weekly_summary_pipeline to 2026-03-23 06:00:00+00:00, run_after=2026-03-30 06:00:00+00:00
[2026-03-28T04:15:58.377+0000] {processor.py:183} INFO - Processing /opt/airflow/dags/weekly_summary_pipeline.py took 0.116 seconds
[2026-03-28T04:16:28.654+0000] {processor.py:161} INFO - Started process (PID=3879) to work on /opt/airflow/dags/weekly_summary_pipeline.py
[2026-03-28T04:16:28.656+0000] {processor.py:830} INFO - Processing file /opt/airflow/dags/weekly_summary_pipeline.py for tasks to queue
[2026-03-28T04:16:28.657+0000] {logging_mixin.py:188} INFO - [2026-03-28T04:16:28.656+0000] {dagbag.py:538} INFO - Filling up the DagBag from /opt/airflow/dags/weekly_summary_pipeline.py
[2026-03-28T04:16:28.673+0000] {processor.py:840} INFO - DAG(s) 'weekly_summary_pipeline' retrieved from /opt/airflow/dags/weekly_summary_pipeline.py
[2026-03-28T04:16:28.703+0000] {logging_mixin.py:188} INFO - [2026-03-28T04:16:28.703+0000] {dag.py:3036} INFO - Sync 1 DAGs
[2026-03-28T04:16:28.729+0000] {logging_mixin.py:188} INFO - [2026-03-28T04:16:28.729+0000] {dag.py:3823} INFO - Setting next_dagrun for weekly_summary_pipeline to 2026-03-23 06:00:00+00:00, run_after=2026-03-30 06:00:00+00:00
[2026-03-28T04:16:28.751+0000] {processor.py:183} INFO - Processing /opt/airflow/dags/weekly_summary_pipeline.py took 0.099 seconds
[2026-03-28T04:16:59.081+0000] {processor.py:161} INFO - Started process (PID=3902) to work on /opt/airflow/dags/weekly_summary_pipeline.py
[2026-03-28T04:16:59.082+0000] {processor.py:830} INFO - Processing file /opt/airflow/dags/weekly_summary_pipeline.py for tasks to queue
[2026-03-28T04:16:59.083+0000] {logging_mixin.py:188} INFO - [2026-03-28T04:16:59.083+0000] {dagbag.py:538} INFO - Filling up the DagBag from /opt/airflow/dags/weekly_summary_pipeline.py
[2026-03-28T04:16:59.112+0000] {processor.py:840} INFO - DAG(s) 'weekly_summary_pipeline' retrieved from /opt/airflow/dags/weekly_summary_pipeline.py
[2026-03-28T04:16:59.150+0000] {logging_mixin.py:188} INFO - [2026-03-28T04:16:59.150+0000] {dag.py:3036} INFO - Sync 1 DAGs
[2026-03-28T04:16:59.178+0000] {logging_mixin.py:188} INFO - [2026-03-28T04:16:59.178+0000] {dag.py:3823} INFO - Setting next_dagrun for weekly_summary_pipeline to 2026-03-23 06:00:00+00:00, run_after=2026-03-30 06:00:00+00:00
[2026-03-28T04:16:59.210+0000] {processor.py:183} INFO - Processing /opt/airflow/dags/weekly_summary_pipeline.py took 0.134 seconds
[2026-03-28T04:17:29.652+0000] {processor.py:161} INFO - Started process (PID=3917) to work on /opt/airflow/dags/weekly_summary_pipeline.py
[2026-03-28T04:17:29.653+0000] {processor.py:830} INFO - Processing file /opt/airflow/dags/weekly_summary_pipeline.py for tasks to queue
[2026-03-28T04:17:29.654+0000] {logging_mixin.py:188} INFO - [2026-03-28T04:17:29.653+0000] {dagbag.py:538} INFO - Filling up the DagBag from /opt/airflow/dags/weekly_summary_pipeline.py
[2026-03-28T04:17:29.681+0000] {processor.py:840} INFO - DAG(s) 'weekly_summary_pipeline' retrieved from /opt/airflow/dags/weekly_summary_pipeline.py
[2026-03-28T04:17:29.712+0000] {logging_mixin.py:188} INFO - [2026-03-28T04:17:29.711+0000] {dag.py:3036} INFO - Sync 1 DAGs
[2026-03-28T04:17:29.742+0000] {logging_mixin.py:188} INFO - [2026-03-28T04:17:29.742+0000] {dag.py:3823} INFO - Setting next_dagrun for weekly_summary_pipeline to 2026-03-23 06:00:00+00:00, run_after=2026-03-30 06:00:00+00:00
[2026-03-28T04:17:29.771+0000] {processor.py:183} INFO - Processing /opt/airflow/dags/weekly_summary_pipeline.py took 0.122 seconds
[2026-03-28T04:18:00.138+0000] {processor.py:161} INFO - Started process (PID=3939) to work on /opt/airflow/dags/weekly_summary_pipeline.py
[2026-03-28T04:18:00.139+0000] {processor.py:830} INFO - Processing file /opt/airflow/dags/weekly_summary_pipeline.py for tasks to queue
[2026-03-28T04:18:00.140+0000] {logging_mixin.py:188} INFO - [2026-03-28T04:18:00.140+0000] {dagbag.py:538} INFO - Filling up the DagBag from /opt/airflow/dags/weekly_summary_pipeline.py
[2026-03-28T04:18:00.163+0000] {processor.py:840} INFO - DAG(s) 'weekly_summary_pipeline' retrieved from /opt/airflow/dags/weekly_summary_pipeline.py
[2026-03-28T04:18:00.196+0000] {logging_mixin.py:188} INFO - [2026-03-28T04:18:00.196+0000] {dag.py:3036} INFO - Sync 1 DAGs
[2026-03-28T04:18:00.225+0000] {logging_mixin.py:188} INFO - [2026-03-28T04:18:00.224+0000] {dag.py:3823} INFO - Setting next_dagrun for weekly_summary_pipeline to 2026-03-23 06:00:00+00:00, run_after=2026-03-30 06:00:00+00:00
[2026-03-28T04:18:00.250+0000] {processor.py:183} INFO - Processing /opt/airflow/dags/weekly_summary_pipeline.py took 0.115 seconds
[2026-03-28T04:18:30.555+0000] {processor.py:161} INFO - Started process (PID=3962) to work on /opt/airflow/dags/weekly_summary_pipeline.py
[2026-03-28T04:18:30.557+0000] {processor.py:830} INFO - Processing file /opt/airflow/dags/weekly_summary_pipeline.py for tasks to queue
[2026-03-28T04:18:30.558+0000] {logging_mixin.py:188} INFO - [2026-03-28T04:18:30.557+0000] {dagbag.py:538} INFO - Filling up the DagBag from /opt/airflow/dags/weekly_summary_pipeline.py
[2026-03-28T04:18:30.577+0000] {processor.py:840} INFO - DAG(s) 'weekly_summary_pipeline' retrieved from /opt/airflow/dags/weekly_summary_pipeline.py
[2026-03-28T04:18:30.610+0000] {logging_mixin.py:188} INFO - [2026-03-28T04:18:30.609+0000] {dag.py:3036} INFO - Sync 1 DAGs
[2026-03-28T04:18:30.647+0000] {logging_mixin.py:188} INFO - [2026-03-28T04:18:30.647+0000] {dag.py:3823} INFO - Setting next_dagrun for weekly_summary_pipeline to 2026-03-23 06:00:00+00:00, run_after=2026-03-30 06:00:00+00:00
[2026-03-28T04:18:30.673+0000] {processor.py:183} INFO - Processing /opt/airflow/dags/weekly_summary_pipeline.py took 0.121 seconds
[2026-03-28T04:19:00.999+0000] {processor.py:161} INFO - Started process (PID=3985) to work on /opt/airflow/dags/weekly_summary_pipeline.py
[2026-03-28T04:19:01.000+0000] {processor.py:830} INFO - Processing file /opt/airflow/dags/weekly_summary_pipeline.py for tasks to queue
[2026-03-28T04:19:01.001+0000] {logging_mixin.py:188} INFO - [2026-03-28T04:19:01.000+0000] {dagbag.py:538} INFO - Filling up the DagBag from /opt/airflow/dags/weekly_summary_pipeline.py
[2026-03-28T04:19:01.021+0000] {processor.py:840} INFO - DAG(s) 'weekly_summary_pipeline' retrieved from /opt/airflow/dags/weekly_summary_pipeline.py
[2026-03-28T04:19:01.052+0000] {logging_mixin.py:188} INFO - [2026-03-28T04:19:01.052+0000] {dag.py:3036} INFO - Sync 1 DAGs
[2026-03-28T04:19:01.077+0000] {logging_mixin.py:188} INFO - [2026-03-28T04:19:01.077+0000] {dag.py:3823} INFO - Setting next_dagrun for weekly_summary_pipeline to 2026-03-23 06:00:00+00:00, run_after=2026-03-30 06:00:00+00:00
[2026-03-28T04:19:01.101+0000] {processor.py:183} INFO - Processing /opt/airflow/dags/weekly_summary_pipeline.py took 0.105 seconds
[2026-03-28T04:19:31.417+0000] {processor.py:161} INFO - Started process (PID=4008) to work on /opt/airflow/dags/weekly_summary_pipeline.py
[2026-03-28T04:19:31.418+0000] {processor.py:830} INFO - Processing file /opt/airflow/dags/weekly_summary_pipeline.py for tasks to queue
[2026-03-28T04:19:31.419+0000] {logging_mixin.py:188} INFO - [2026-03-28T04:19:31.418+0000] {dagbag.py:538} INFO - Filling up the DagBag from /opt/airflow/dags/weekly_summary_pipeline.py
[2026-03-28T04:19:31.442+0000] {processor.py:840} INFO - DAG(s) 'weekly_summary_pipeline' retrieved from /opt/airflow/dags/weekly_summary_pipeline.py
[2026-03-28T04:19:31.478+0000] {logging_mixin.py:188} INFO - [2026-03-28T04:19:31.478+0000] {dag.py:3036} INFO - Sync 1 DAGs
[2026-03-28T04:19:31.508+0000] {logging_mixin.py:188} INFO - [2026-03-28T04:19:31.508+0000] {dag.py:3823} INFO - Setting next_dagrun for weekly_summary_pipeline to 2026-03-23 06:00:00+00:00, run_after=2026-03-30 06:00:00+00:00
[2026-03-28T04:19:31.531+0000] {processor.py:183} INFO - Processing /opt/airflow/dags/weekly_summary_pipeline.py took 0.117 seconds
[2026-03-28T04:20:01.888+0000] {processor.py:161} INFO - Started process (PID=4031) to work on /opt/airflow/dags/weekly_summary_pipeline.py
[2026-03-28T04:20:01.889+0000] {processor.py:830} INFO - Processing file /opt/airflow/dags/weekly_summary_pipeline.py for tasks to queue
[2026-03-28T04:20:01.890+0000] {logging_mixin.py:188} INFO - [2026-03-28T04:20:01.890+0000] {dagbag.py:538} INFO - Filling up the DagBag from /opt/airflow/dags/weekly_summary_pipeline.py
[2026-03-28T04:20:01.909+0000] {processor.py:840} INFO - DAG(s) 'weekly_summary_pipeline' retrieved from /opt/airflow/dags/weekly_summary_pipeline.py
[2026-03-28T04:20:01.942+0000] {logging_mixin.py:188} INFO - [2026-03-28T04:20:01.942+0000] {dag.py:3036} INFO - Sync 1 DAGs
[2026-03-28T04:20:01.969+0000] {logging_mixin.py:188} INFO - [2026-03-28T04:20:01.969+0000] {dag.py:3823} INFO - Setting next_dagrun for weekly_summary_pipeline to 2026-03-23 06:00:00+00:00, run_after=2026-03-30 06:00:00+00:00
[2026-03-28T04:20:01.994+0000] {processor.py:183} INFO - Processing /opt/airflow/dags/weekly_summary_pipeline.py took 0.109 seconds
[2026-03-28T04:20:32.386+0000] {processor.py:161} INFO - Started process (PID=4054) to work on /opt/airflow/dags/weekly_summary_pipeline.py
[2026-03-28T04:20:32.387+0000] {processor.py:830} INFO - Processing file /opt/airflow/dags/weekly_summary_pipeline.py for tasks to queue
[2026-03-28T04:20:32.389+0000] {logging_mixin.py:188} INFO - [2026-03-28T04:20:32.388+0000] {dagbag.py:538} INFO - Filling up the DagBag from /opt/airflow/dags/weekly_summary_pipeline.py
[2026-03-28T04:20:32.414+0000] {processor.py:840} INFO - DAG(s) 'weekly_summary_pipeline' retrieved from /opt/airflow/dags/weekly_summary_pipeline.py
[2026-03-28T04:20:32.449+0000] {logging_mixin.py:188} INFO - [2026-03-28T04:20:32.449+0000] {dag.py:3036} INFO - Sync 1 DAGs
[2026-03-28T04:20:32.509+0000] {logging_mixin.py:188} INFO - [2026-03-28T04:20:32.508+0000] {dag.py:3823} INFO - Setting next_dagrun for weekly_summary_pipeline to 2026-03-23 06:00:00+00:00, run_after=2026-03-30 06:00:00+00:00
[2026-03-28T04:20:32.606+0000] {processor.py:183} INFO - Processing /opt/airflow/dags/weekly_summary_pipeline.py took 0.222 seconds
[2026-03-28T04:21:02.928+0000] {processor.py:161} INFO - Started process (PID=4077) to work on /opt/airflow/dags/weekly_summary_pipeline.py
[2026-03-28T04:21:02.929+0000] {processor.py:830} INFO - Processing file /opt/airflow/dags/weekly_summary_pipeline.py for tasks to queue
[2026-03-28T04:21:02.930+0000] {logging_mixin.py:188} INFO - [2026-03-28T04:21:02.930+0000] {dagbag.py:538} INFO - Filling up the DagBag from /opt/airflow/dags/weekly_summary_pipeline.py
[2026-03-28T04:21:02.953+0000] {processor.py:840} INFO - DAG(s) 'weekly_summary_pipeline' retrieved from /opt/airflow/dags/weekly_summary_pipeline.py
[2026-03-28T04:21:02.984+0000] {logging_mixin.py:188} INFO - [2026-03-28T04:21:02.984+0000] {dag.py:3036} INFO - Sync 1 DAGs
[2026-03-28T04:21:03.008+0000] {logging_mixin.py:188} INFO - [2026-03-28T04:21:03.008+0000] {dag.py:3823} INFO - Setting next_dagrun for weekly_summary_pipeline to 2026-03-23 06:00:00+00:00, run_after=2026-03-30 06:00:00+00:00
[2026-03-28T04:21:03.033+0000] {processor.py:183} INFO - Processing /opt/airflow/dags/weekly_summary_pipeline.py took 0.112 seconds
[2026-03-28T04:21:33.380+0000] {processor.py:161} INFO - Started process (PID=4100) to work on /opt/airflow/dags/weekly_summary_pipeline.py
[2026-03-28T04:21:33.381+0000] {processor.py:830} INFO - Processing file /opt/airflow/dags/weekly_summary_pipeline.py for tasks to queue
[2026-03-28T04:21:33.382+0000] {logging_mixin.py:188} INFO - [2026-03-28T04:21:33.382+0000] {dagbag.py:538} INFO - Filling up the DagBag from /opt/airflow/dags/weekly_summary_pipeline.py
[2026-03-28T04:21:33.403+0000] {processor.py:840} INFO - DAG(s) 'weekly_summary_pipeline' retrieved from /opt/airflow/dags/weekly_summary_pipeline.py
[2026-03-28T04:21:33.431+0000] {logging_mixin.py:188} INFO - [2026-03-28T04:21:33.431+0000] {dag.py:3036} INFO - Sync 1 DAGs
[2026-03-28T04:21:33.454+0000] {logging_mixin.py:188} INFO - [2026-03-28T04:21:33.454+0000] {dag.py:3823} INFO - Setting next_dagrun for weekly_summary_pipeline to 2026-03-23 06:00:00+00:00, run_after=2026-03-30 06:00:00+00:00
[2026-03-28T04:21:33.477+0000] {processor.py:183} INFO - Processing /opt/airflow/dags/weekly_summary_pipeline.py took 0.100 seconds
[2026-03-28T04:22:03.797+0000] {processor.py:161} INFO - Started process (PID=4123) to work on /opt/airflow/dags/weekly_summary_pipeline.py
[2026-03-28T04:22:03.798+0000] {processor.py:830} INFO - Processing file /opt/airflow/dags/weekly_summary_pipeline.py for tasks to queue
[2026-03-28T04:22:03.799+0000] {logging_mixin.py:188} INFO - [2026-03-28T04:22:03.799+0000] {dagbag.py:538} INFO - Filling up the DagBag from /opt/airflow/dags/weekly_summary_pipeline.py
[2026-03-28T04:22:03.821+0000] {processor.py:840} INFO - DAG(s) 'weekly_summary_pipeline' retrieved from /opt/airflow/dags/weekly_summary_pipeline.py
[2026-03-28T04:22:03.848+0000] {logging_mixin.py:188} INFO - [2026-03-28T04:22:03.848+0000] {dag.py:3036} INFO - Sync 1 DAGs
[2026-03-28T04:22:03.870+0000] {logging_mixin.py:188} INFO - [2026-03-28T04:22:03.870+0000] {dag.py:3823} INFO - Setting next_dagrun for weekly_summary_pipeline to 2026-03-23 06:00:00+00:00, run_after=2026-03-30 06:00:00+00:00
[2026-03-28T04:22:03.889+0000] {processor.py:183} INFO - Processing /opt/airflow/dags/weekly_summary_pipeline.py took 0.095 seconds
[2026-03-28T04:22:34.357+0000] {processor.py:161} INFO - Started process (PID=4146) to work on /opt/airflow/dags/weekly_summary_pipeline.py
[2026-03-28T04:22:34.358+0000] {processor.py:830} INFO - Processing file /opt/airflow/dags/weekly_summary_pipeline.py for tasks to queue
[2026-03-28T04:22:34.359+0000] {logging_mixin.py:188} INFO - [2026-03-28T04:22:34.359+0000] {dagbag.py:538} INFO - Filling up the DagBag from /opt/airflow/dags/weekly_summary_pipeline.py
[2026-03-28T04:22:34.380+0000] {processor.py:840} INFO - DAG(s) 'weekly_summary_pipeline' retrieved from /opt/airflow/dags/weekly_summary_pipeline.py
[2026-03-28T04:22:34.414+0000] {logging_mixin.py:188} INFO - [2026-03-28T04:22:34.413+0000] {dag.py:3036} INFO - Sync 1 DAGs
[2026-03-28T04:22:34.437+0000] {logging_mixin.py:188} INFO - [2026-03-28T04:22:34.437+0000] {dag.py:3823} INFO - Setting next_dagrun for weekly_summary_pipeline to 2026-03-23 06:00:00+00:00, run_after=2026-03-30 06:00:00+00:00
[2026-03-28T04:22:34.462+0000] {processor.py:183} INFO - Processing /opt/airflow/dags/weekly_summary_pipeline.py took 0.107 seconds
[2026-03-28T04:23:04.742+0000] {processor.py:161} INFO - Started process (PID=4169) to work on /opt/airflow/dags/weekly_summary_pipeline.py
[2026-03-28T04:23:04.743+0000] {processor.py:830} INFO - Processing file /opt/airflow/dags/weekly_summary_pipeline.py for tasks to queue
[2026-03-28T04:23:04.744+0000] {logging_mixin.py:188} INFO - [2026-03-28T04:23:04.744+0000] {dagbag.py:538} INFO - Filling up the DagBag from /opt/airflow/dags/weekly_summary_pipeline.py
[2026-03-28T04:23:04.765+0000] {processor.py:840} INFO - DAG(s) 'weekly_summary_pipeline' retrieved from /opt/airflow/dags/weekly_summary_pipeline.py
[2026-03-28T04:23:04.795+0000] {logging_mixin.py:188} INFO - [2026-03-28T04:23:04.795+0000] {dag.py:3036} INFO - Sync 1 DAGs
[2026-03-28T04:23:04.819+0000] {logging_mixin.py:188} INFO - [2026-03-28T04:23:04.819+0000] {dag.py:3823} INFO - Setting next_dagrun for weekly_summary_pipeline to 2026-03-23 06:00:00+00:00, run_after=2026-03-30 06:00:00+00:00
[2026-03-28T04:23:04.839+0000] {processor.py:183} INFO - Processing /opt/airflow/dags/weekly_summary_pipeline.py took 0.100 seconds
[2026-03-28T04:23:35.102+0000] {processor.py:161} INFO - Started process (PID=4192) to work on /opt/airflow/dags/weekly_summary_pipeline.py
[2026-03-28T04:23:35.103+0000] {processor.py:830} INFO - Processing file /opt/airflow/dags/weekly_summary_pipeline.py for tasks to queue
[2026-03-28T04:23:35.104+0000] {logging_mixin.py:188} INFO - [2026-03-28T04:23:35.104+0000] {dagbag.py:538} INFO - Filling up the DagBag from /opt/airflow/dags/weekly_summary_pipeline.py
[2026-03-28T04:23:35.128+0000] {processor.py:840} INFO - DAG(s) 'weekly_summary_pipeline' retrieved from /opt/airflow/dags/weekly_summary_pipeline.py
[2026-03-28T04:23:35.165+0000] {logging_mixin.py:188} INFO - [2026-03-28T04:23:35.164+0000] {dag.py:3036} INFO - Sync 1 DAGs
[2026-03-28T04:23:35.192+0000] {logging_mixin.py:188} INFO - [2026-03-28T04:23:35.192+0000] {dag.py:3823} INFO - Setting next_dagrun for weekly_summary_pipeline to 2026-03-23 06:00:00+00:00, run_after=2026-03-30 06:00:00+00:00
[2026-03-28T04:23:35.214+0000] {processor.py:183} INFO - Processing /opt/airflow/dags/weekly_summary_pipeline.py took 0.115 seconds
[2026-03-28T04:24:05.541+0000] {processor.py:161} INFO - Started process (PID=4215) to work on /opt/airflow/dags/weekly_summary_pipeline.py
[2026-03-28T04:24:05.542+0000] {processor.py:830} INFO - Processing file /opt/airflow/dags/weekly_summary_pipeline.py for tasks to queue
[2026-03-28T04:24:05.544+0000] {logging_mixin.py:188} INFO - [2026-03-28T04:24:05.543+0000] {dagbag.py:538} INFO - Filling up the DagBag from /opt/airflow/dags/weekly_summary_pipeline.py
[2026-03-28T04:24:05.565+0000] {processor.py:840} INFO - DAG(s) 'weekly_summary_pipeline' retrieved from /opt/airflow/dags/weekly_summary_pipeline.py
[2026-03-28T04:24:05.593+0000] {logging_mixin.py:188} INFO - [2026-03-28T04:24:05.593+0000] {dag.py:3036} INFO - Sync 1 DAGs
[2026-03-28T04:24:05.617+0000] {logging_mixin.py:188} INFO - [2026-03-28T04:24:05.616+0000] {dag.py:3823} INFO - Setting next_dagrun for weekly_summary_pipeline to 2026-03-23 06:00:00+00:00, run_after=2026-03-30 06:00:00+00:00
[2026-03-28T04:24:05.640+0000] {processor.py:183} INFO - Processing /opt/airflow/dags/weekly_summary_pipeline.py took 0.102 seconds
[2026-03-28T04:24:35.926+0000] {processor.py:161} INFO - Started process (PID=4238) to work on /opt/airflow/dags/weekly_summary_pipeline.py
[2026-03-28T04:24:35.927+0000] {processor.py:830} INFO - Processing file /opt/airflow/dags/weekly_summary_pipeline.py for tasks to queue
[2026-03-28T04:24:35.928+0000] {logging_mixin.py:188} INFO - [2026-03-28T04:24:35.928+0000] {dagbag.py:538} INFO - Filling up the DagBag from /opt/airflow/dags/weekly_summary_pipeline.py
[2026-03-28T04:24:35.950+0000] {processor.py:840} INFO - DAG(s) 'weekly_summary_pipeline' retrieved from /opt/airflow/dags/weekly_summary_pipeline.py
[2026-03-28T04:24:35.981+0000] {logging_mixin.py:188} INFO - [2026-03-28T04:24:35.980+0000] {dag.py:3036} INFO - Sync 1 DAGs
[2026-03-28T04:24:36.006+0000] {logging_mixin.py:188} INFO - [2026-03-28T04:24:36.006+0000] {dag.py:3823} INFO - Setting next_dagrun for weekly_summary_pipeline to 2026-03-23 06:00:00+00:00, run_after=2026-03-30 06:00:00+00:00
[2026-03-28T04:24:36.029+0000] {processor.py:183} INFO - Processing /opt/airflow/dags/weekly_summary_pipeline.py took 0.107 seconds
[2026-03-28T04:25:06.278+0000] {processor.py:161} INFO - Started process (PID=4261) to work on /opt/airflow/dags/weekly_summary_pipeline.py
[2026-03-28T04:25:06.280+0000] {processor.py:830} INFO - Processing file /opt/airflow/dags/weekly_summary_pipeline.py for tasks to queue
[2026-03-28T04:25:06.281+0000] {logging_mixin.py:188} INFO - [2026-03-28T04:25:06.281+0000] {dagbag.py:538} INFO - Filling up the DagBag from /opt/airflow/dags/weekly_summary_pipeline.py
[2026-03-28T04:25:06.307+0000] {processor.py:840} INFO - DAG(s) 'weekly_summary_pipeline' retrieved from /opt/airflow/dags/weekly_summary_pipeline.py
[2026-03-28T04:25:06.338+0000] {logging_mixin.py:188} INFO - [2026-03-28T04:25:06.338+0000] {dag.py:3036} INFO - Sync 1 DAGs
[2026-03-28T04:25:06.362+0000] {logging_mixin.py:188} INFO - [2026-03-28T04:25:06.362+0000] {dag.py:3823} INFO - Setting next_dagrun for weekly_summary_pipeline to 2026-03-23 06:00:00+00:00, run_after=2026-03-30 06:00:00+00:00
[2026-03-28T04:25:06.386+0000] {processor.py:183} INFO - Processing /opt/airflow/dags/weekly_summary_pipeline.py took 0.113 seconds
[2026-03-28T04:25:36.619+0000] {processor.py:161} INFO - Started process (PID=4284) to work on /opt/airflow/dags/weekly_summary_pipeline.py
[2026-03-28T04:25:36.620+0000] {processor.py:830} INFO - Processing file /opt/airflow/dags/weekly_summary_pipeline.py for tasks to queue
[2026-03-28T04:25:36.622+0000] {logging_mixin.py:188} INFO - [2026-03-28T04:25:36.621+0000] {dagbag.py:538} INFO - Filling up the DagBag from /opt/airflow/dags/weekly_summary_pipeline.py
[2026-03-28T04:25:36.647+0000] {processor.py:840} INFO - DAG(s) 'weekly_summary_pipeline' retrieved from /opt/airflow/dags/weekly_summary_pipeline.py
[2026-03-28T04:25:36.728+0000] {logging_mixin.py:188} INFO - [2026-03-28T04:25:36.727+0000] {dag.py:3036} INFO - Sync 1 DAGs
[2026-03-28T04:25:36.796+0000] {logging_mixin.py:188} INFO - [2026-03-28T04:25:36.796+0000] {dag.py:3823} INFO - Setting next_dagrun for weekly_summary_pipeline to 2026-03-23 06:00:00+00:00, run_after=2026-03-30 06:00:00+00:00
[2026-03-28T04:25:36.837+0000] {processor.py:183} INFO - Processing /opt/airflow/dags/weekly_summary_pipeline.py took 0.221 seconds
[2026-03-28T04:26:07.109+0000] {processor.py:161} INFO - Started process (PID=4299) to work on /opt/airflow/dags/weekly_summary_pipeline.py
[2026-03-28T04:26:07.112+0000] {processor.py:830} INFO - Processing file /opt/airflow/dags/weekly_summary_pipeline.py for tasks to queue
[2026-03-28T04:26:07.113+0000] {logging_mixin.py:188} INFO - [2026-03-28T04:26:07.113+0000] {dagbag.py:538} INFO - Filling up the DagBag from /opt/airflow/dags/weekly_summary_pipeline.py
[2026-03-28T04:26:07.139+0000] {processor.py:840} INFO - DAG(s) 'weekly_summary_pipeline' retrieved from /opt/airflow/dags/weekly_summary_pipeline.py
[2026-03-28T04:26:07.184+0000] {logging_mixin.py:188} INFO - [2026-03-28T04:26:07.183+0000] {dag.py:3036} INFO - Sync 1 DAGs
[2026-03-28T04:26:07.209+0000] {logging_mixin.py:188} INFO - [2026-03-28T04:26:07.209+0000] {dag.py:3823} INFO - Setting next_dagrun for weekly_summary_pipeline to 2026-03-23 06:00:00+00:00, run_after=2026-03-30 06:00:00+00:00
[2026-03-28T04:26:07.236+0000] {processor.py:183} INFO - Processing /opt/airflow/dags/weekly_summary_pipeline.py took 0.130 seconds
[2026-03-28T04:26:37.508+0000] {processor.py:161} INFO - Started process (PID=4322) to work on /opt/airflow/dags/weekly_summary_pipeline.py
[2026-03-28T04:26:37.509+0000] {processor.py:830} INFO - Processing file /opt/airflow/dags/weekly_summary_pipeline.py for tasks to queue
[2026-03-28T04:26:37.510+0000] {logging_mixin.py:188} INFO - [2026-03-28T04:26:37.510+0000] {dagbag.py:538} INFO - Filling up the DagBag from /opt/airflow/dags/weekly_summary_pipeline.py
[2026-03-28T04:26:37.530+0000] {processor.py:840} INFO - DAG(s) 'weekly_summary_pipeline' retrieved from /opt/airflow/dags/weekly_summary_pipeline.py
[2026-03-28T04:26:37.559+0000] {logging_mixin.py:188} INFO - [2026-03-28T04:26:37.558+0000] {dag.py:3036} INFO - Sync 1 DAGs
[2026-03-28T04:26:37.585+0000] {logging_mixin.py:188} INFO - [2026-03-28T04:26:37.584+0000] {dag.py:3823} INFO - Setting next_dagrun for weekly_summary_pipeline to 2026-03-23 06:00:00+00:00, run_after=2026-03-30 06:00:00+00:00
[2026-03-28T04:26:37.612+0000] {processor.py:183} INFO - Processing /opt/airflow/dags/weekly_summary_pipeline.py took 0.106 seconds
[2026-03-28T04:27:07.863+0000] {processor.py:161} INFO - Started process (PID=4345) to work on /opt/airflow/dags/weekly_summary_pipeline.py
[2026-03-28T04:27:07.864+0000] {processor.py:830} INFO - Processing file /opt/airflow/dags/weekly_summary_pipeline.py for tasks to queue
[2026-03-28T04:27:07.866+0000] {logging_mixin.py:188} INFO - [2026-03-28T04:27:07.865+0000] {dagbag.py:538} INFO - Filling up the DagBag from /opt/airflow/dags/weekly_summary_pipeline.py
[2026-03-28T04:27:07.891+0000] {processor.py:840} INFO - DAG(s) 'weekly_summary_pipeline' retrieved from /opt/airflow/dags/weekly_summary_pipeline.py
[2026-03-28T04:27:07.924+0000] {logging_mixin.py:188} INFO - [2026-03-28T04:27:07.924+0000] {dag.py:3036} INFO - Sync 1 DAGs
[2026-03-28T04:27:07.952+0000] {logging_mixin.py:188} INFO - [2026-03-28T04:27:07.952+0000] {dag.py:3823} INFO - Setting next_dagrun for weekly_summary_pipeline to 2026-03-23 06:00:00+00:00, run_after=2026-03-30 06:00:00+00:00
[2026-03-28T04:27:07.975+0000] {processor.py:183} INFO - Processing /opt/airflow/dags/weekly_summary_pipeline.py took 0.114 seconds
[2026-03-28T04:27:38.270+0000] {processor.py:161} INFO - Started process (PID=4368) to work on /opt/airflow/dags/weekly_summary_pipeline.py
[2026-03-28T04:27:38.272+0000] {processor.py:830} INFO - Processing file /opt/airflow/dags/weekly_summary_pipeline.py for tasks to queue
[2026-03-28T04:27:38.273+0000] {logging_mixin.py:188} INFO - [2026-03-28T04:27:38.272+0000] {dagbag.py:538} INFO - Filling up the DagBag from /opt/airflow/dags/weekly_summary_pipeline.py
[2026-03-28T04:27:38.302+0000] {processor.py:840} INFO - DAG(s) 'weekly_summary_pipeline' retrieved from /opt/airflow/dags/weekly_summary_pipeline.py
[2026-03-28T04:27:38.334+0000] {logging_mixin.py:188} INFO - [2026-03-28T04:27:38.334+0000] {dag.py:3036} INFO - Sync 1 DAGs
[2026-03-28T04:27:38.374+0000] {logging_mixin.py:188} INFO - [2026-03-28T04:27:38.374+0000] {dag.py:3823} INFO - Setting next_dagrun for weekly_summary_pipeline to 2026-03-23 06:00:00+00:00, run_after=2026-03-30 06:00:00+00:00
[2026-03-28T04:27:38.401+0000] {processor.py:183} INFO - Processing /opt/airflow/dags/weekly_summary_pipeline.py took 0.134 seconds
[2026-03-28T04:28:08.750+0000] {processor.py:161} INFO - Started process (PID=4391) to work on /opt/airflow/dags/weekly_summary_pipeline.py
[2026-03-28T04:28:08.751+0000] {processor.py:830} INFO - Processing file /opt/airflow/dags/weekly_summary_pipeline.py for tasks to queue
[2026-03-28T04:28:08.752+0000] {logging_mixin.py:188} INFO - [2026-03-28T04:28:08.751+0000] {dagbag.py:538} INFO - Filling up the DagBag from /opt/airflow/dags/weekly_summary_pipeline.py
[2026-03-28T04:28:08.787+0000] {processor.py:840} INFO - DAG(s) 'weekly_summary_pipeline' retrieved from /opt/airflow/dags/weekly_summary_pipeline.py
[2026-03-28T04:28:08.829+0000] {logging_mixin.py:188} INFO - [2026-03-28T04:28:08.829+0000] {dag.py:3036} INFO - Sync 1 DAGs
[2026-03-28T04:28:08.865+0000] {logging_mixin.py:188} INFO - [2026-03-28T04:28:08.865+0000] {dag.py:3823} INFO - Setting next_dagrun for weekly_summary_pipeline to 2026-03-23 06:00:00+00:00, run_after=2026-03-30 06:00:00+00:00
[2026-03-28T04:28:08.888+0000] {processor.py:183} INFO - Processing /opt/airflow/dags/weekly_summary_pipeline.py took 0.143 seconds
[2026-03-28T04:28:39.214+0000] {processor.py:161} INFO - Started process (PID=4414) to work on /opt/airflow/dags/weekly_summary_pipeline.py
[2026-03-28T04:28:39.216+0000] {processor.py:830} INFO - Processing file /opt/airflow/dags/weekly_summary_pipeline.py for tasks to queue
[2026-03-28T04:28:39.217+0000] {logging_mixin.py:188} INFO - [2026-03-28T04:28:39.216+0000] {dagbag.py:538} INFO - Filling up the DagBag from /opt/airflow/dags/weekly_summary_pipeline.py
[2026-03-28T04:28:39.243+0000] {processor.py:840} INFO - DAG(s) 'weekly_summary_pipeline' retrieved from /opt/airflow/dags/weekly_summary_pipeline.py
[2026-03-28T04:28:39.274+0000] {logging_mixin.py:188} INFO - [2026-03-28T04:28:39.274+0000] {dag.py:3036} INFO - Sync 1 DAGs
[2026-03-28T04:28:39.298+0000] {logging_mixin.py:188} INFO - [2026-03-28T04:28:39.298+0000] {dag.py:3823} INFO - Setting next_dagrun for weekly_summary_pipeline to 2026-03-23 06:00:00+00:00, run_after=2026-03-30 06:00:00+00:00
[2026-03-28T04:28:39.321+0000] {processor.py:183} INFO - Processing /opt/airflow/dags/weekly_summary_pipeline.py took 0.111 seconds
[2026-03-28T04:29:09.644+0000] {processor.py:161} INFO - Started process (PID=4437) to work on /opt/airflow/dags/weekly_summary_pipeline.py
[2026-03-28T04:29:09.645+0000] {processor.py:830} INFO - Processing file /opt/airflow/dags/weekly_summary_pipeline.py for tasks to queue
[2026-03-28T04:29:09.646+0000] {logging_mixin.py:188} INFO - [2026-03-28T04:29:09.646+0000] {dagbag.py:538} INFO - Filling up the DagBag from /opt/airflow/dags/weekly_summary_pipeline.py
[2026-03-28T04:29:09.668+0000] {processor.py:840} INFO - DAG(s) 'weekly_summary_pipeline' retrieved from /opt/airflow/dags/weekly_summary_pipeline.py
[2026-03-28T04:29:09.695+0000] {logging_mixin.py:188} INFO - [2026-03-28T04:29:09.695+0000] {dag.py:3036} INFO - Sync 1 DAGs
[2026-03-28T04:29:09.717+0000] {logging_mixin.py:188} INFO - [2026-03-28T04:29:09.717+0000] {dag.py:3823} INFO - Setting next_dagrun for weekly_summary_pipeline to 2026-03-23 06:00:00+00:00, run_after=2026-03-30 06:00:00+00:00
[2026-03-28T04:29:09.738+0000] {processor.py:183} INFO - Processing /opt/airflow/dags/weekly_summary_pipeline.py took 0.097 seconds
[2026-03-28T04:29:40.069+0000] {processor.py:161} INFO - Started process (PID=4460) to work on /opt/airflow/dags/weekly_summary_pipeline.py
[2026-03-28T04:29:40.070+0000] {processor.py:830} INFO - Processing file /opt/airflow/dags/weekly_summary_pipeline.py for tasks to queue
[2026-03-28T04:29:40.070+0000] {logging_mixin.py:188} INFO - [2026-03-28T04:29:40.070+0000] {dagbag.py:538} INFO - Filling up the DagBag from /opt/airflow/dags/weekly_summary_pipeline.py
[2026-03-28T04:29:40.091+0000] {processor.py:840} INFO - DAG(s) 'weekly_summary_pipeline' retrieved from /opt/airflow/dags/weekly_summary_pipeline.py
[2026-03-28T04:29:40.121+0000] {logging_mixin.py:188} INFO - [2026-03-28T04:29:40.121+0000] {dag.py:3036} INFO - Sync 1 DAGs
[2026-03-28T04:29:40.143+0000] {logging_mixin.py:188} INFO - [2026-03-28T04:29:40.143+0000] {dag.py:3823} INFO - Setting next_dagrun for weekly_summary_pipeline to 2026-03-23 06:00:00+00:00, run_after=2026-03-30 06:00:00+00:00
[2026-03-28T04:29:40.165+0000] {processor.py:183} INFO - Processing /opt/airflow/dags/weekly_summary_pipeline.py took 0.099 seconds
[2026-03-28T04:30:10.473+0000] {processor.py:161} INFO - Started process (PID=4483) to work on /opt/airflow/dags/weekly_summary_pipeline.py
[2026-03-28T04:30:10.475+0000] {processor.py:830} INFO - Processing file /opt/airflow/dags/weekly_summary_pipeline.py for tasks to queue
[2026-03-28T04:30:10.476+0000] {logging_mixin.py:188} INFO - [2026-03-28T04:30:10.475+0000] {dagbag.py:538} INFO - Filling up the DagBag from /opt/airflow/dags/weekly_summary_pipeline.py
[2026-03-28T04:30:10.498+0000] {processor.py:840} INFO - DAG(s) 'weekly_summary_pipeline' retrieved from /opt/airflow/dags/weekly_summary_pipeline.py
[2026-03-28T04:30:10.536+0000] {logging_mixin.py:188} INFO - [2026-03-28T04:30:10.536+0000] {dag.py:3036} INFO - Sync 1 DAGs
[2026-03-28T04:30:10.565+0000] {logging_mixin.py:188} INFO - [2026-03-28T04:30:10.565+0000] {dag.py:3823} INFO - Setting next_dagrun for weekly_summary_pipeline to 2026-03-23 06:00:00+00:00, run_after=2026-03-30 06:00:00+00:00
[2026-03-28T04:30:10.590+0000] {processor.py:183} INFO - Processing /opt/airflow/dags/weekly_summary_pipeline.py took 0.119 seconds
[2026-03-28T04:30:40.878+0000] {processor.py:161} INFO - Started process (PID=4506) to work on /opt/airflow/dags/weekly_summary_pipeline.py
[2026-03-28T04:30:40.879+0000] {processor.py:830} INFO - Processing file /opt/airflow/dags/weekly_summary_pipeline.py for tasks to queue
[2026-03-28T04:30:40.880+0000] {logging_mixin.py:188} INFO - [2026-03-28T04:30:40.880+0000] {dagbag.py:538} INFO - Filling up the DagBag from /opt/airflow/dags/weekly_summary_pipeline.py
[2026-03-28T04:30:40.899+0000] {processor.py:840} INFO - DAG(s) 'weekly_summary_pipeline' retrieved from /opt/airflow/dags/weekly_summary_pipeline.py
[2026-03-28T04:30:40.927+0000] {logging_mixin.py:188} INFO - [2026-03-28T04:30:40.927+0000] {dag.py:3036} INFO - Sync 1 DAGs
[2026-03-28T04:30:40.949+0000] {logging_mixin.py:188} INFO - [2026-03-28T04:30:40.949+0000] {dag.py:3823} INFO - Setting next_dagrun for weekly_summary_pipeline to 2026-03-23 06:00:00+00:00, run_after=2026-03-30 06:00:00+00:00
[2026-03-28T04:30:40.972+0000] {processor.py:183} INFO - Processing /opt/airflow/dags/weekly_summary_pipeline.py took 0.096 seconds
[2026-03-28T04:31:11.266+0000] {processor.py:161} INFO - Started process (PID=4529) to work on /opt/airflow/dags/weekly_summary_pipeline.py
[2026-03-28T04:31:11.267+0000] {processor.py:830} INFO - Processing file /opt/airflow/dags/weekly_summary_pipeline.py for tasks to queue
[2026-03-28T04:31:11.268+0000] {logging_mixin.py:188} INFO - [2026-03-28T04:31:11.268+0000] {dagbag.py:538} INFO - Filling up the DagBag from /opt/airflow/dags/weekly_summary_pipeline.py
[2026-03-28T04:31:11.288+0000] {processor.py:840} INFO - DAG(s) 'weekly_summary_pipeline' retrieved from /opt/airflow/dags/weekly_summary_pipeline.py
[2026-03-28T04:31:11.316+0000] {logging_mixin.py:188} INFO - [2026-03-28T04:31:11.315+0000] {dag.py:3036} INFO - Sync 1 DAGs
[2026-03-28T04:31:11.337+0000] {logging_mixin.py:188} INFO - [2026-03-28T04:31:11.337+0000] {dag.py:3823} INFO - Setting next_dagrun for weekly_summary_pipeline to 2026-03-23 06:00:00+00:00, run_after=2026-03-30 06:00:00+00:00
[2026-03-28T04:31:11.360+0000] {processor.py:183} INFO - Processing /opt/airflow/dags/weekly_summary_pipeline.py took 0.097 seconds
[2026-03-28T04:31:41.711+0000] {processor.py:161} INFO - Started process (PID=4552) to work on /opt/airflow/dags/weekly_summary_pipeline.py
[2026-03-28T04:31:41.712+0000] {processor.py:830} INFO - Processing file /opt/airflow/dags/weekly_summary_pipeline.py for tasks to queue
[2026-03-28T04:31:41.713+0000] {logging_mixin.py:188} INFO - [2026-03-28T04:31:41.713+0000] {dagbag.py:538} INFO - Filling up the DagBag from /opt/airflow/dags/weekly_summary_pipeline.py
[2026-03-28T04:31:41.732+0000] {processor.py:840} INFO - DAG(s) 'weekly_summary_pipeline' retrieved from /opt/airflow/dags/weekly_summary_pipeline.py
[2026-03-28T04:31:41.763+0000] {logging_mixin.py:188} INFO - [2026-03-28T04:31:41.763+0000] {dag.py:3036} INFO - Sync 1 DAGs
[2026-03-28T04:31:41.786+0000] {logging_mixin.py:188} INFO - [2026-03-28T04:31:41.786+0000] {dag.py:3823} INFO - Setting next_dagrun for weekly_summary_pipeline to 2026-03-23 06:00:00+00:00, run_after=2026-03-30 06:00:00+00:00
[2026-03-28T04:31:41.808+0000] {processor.py:183} INFO - Processing /opt/airflow/dags/weekly_summary_pipeline.py took 0.100 seconds
[2026-03-28T04:32:12.108+0000] {processor.py:161} INFO - Started process (PID=4575) to work on /opt/airflow/dags/weekly_summary_pipeline.py
[2026-03-28T04:32:12.110+0000] {processor.py:830} INFO - Processing file /opt/airflow/dags/weekly_summary_pipeline.py for tasks to queue
[2026-03-28T04:32:12.111+0000] {logging_mixin.py:188} INFO - [2026-03-28T04:32:12.111+0000] {dagbag.py:538} INFO - Filling up the DagBag from /opt/airflow/dags/weekly_summary_pipeline.py
[2026-03-28T04:32:12.130+0000] {processor.py:840} INFO - DAG(s) 'weekly_summary_pipeline' retrieved from /opt/airflow/dags/weekly_summary_pipeline.py
[2026-03-28T04:32:12.161+0000] {logging_mixin.py:188} INFO - [2026-03-28T04:32:12.161+0000] {dag.py:3036} INFO - Sync 1 DAGs
[2026-03-28T04:32:12.184+0000] {logging_mixin.py:188} INFO - [2026-03-28T04:32:12.184+0000] {dag.py:3823} INFO - Setting next_dagrun for weekly_summary_pipeline to 2026-03-23 06:00:00+00:00, run_after=2026-03-30 06:00:00+00:00
[2026-03-28T04:32:12.205+0000] {processor.py:183} INFO - Processing /opt/airflow/dags/weekly_summary_pipeline.py took 0.100 seconds
[2026-03-28T04:32:42.595+0000] {processor.py:161} INFO - Started process (PID=4598) to work on /opt/airflow/dags/weekly_summary_pipeline.py
[2026-03-28T04:32:42.596+0000] {processor.py:830} INFO - Processing file /opt/airflow/dags/weekly_summary_pipeline.py for tasks to queue
[2026-03-28T04:32:42.597+0000] {logging_mixin.py:188} INFO - [2026-03-28T04:32:42.597+0000] {dagbag.py:538} INFO - Filling up the DagBag from /opt/airflow/dags/weekly_summary_pipeline.py
[2026-03-28T04:32:42.623+0000] {processor.py:840} INFO - DAG(s) 'weekly_summary_pipeline' retrieved from /opt/airflow/dags/weekly_summary_pipeline.py
[2026-03-28T04:32:42.666+0000] {logging_mixin.py:188} INFO - [2026-03-28T04:32:42.666+0000] {dag.py:3036} INFO - Sync 1 DAGs
[2026-03-28T04:32:42.700+0000] {logging_mixin.py:188} INFO - [2026-03-28T04:32:42.699+0000] {dag.py:3823} INFO - Setting next_dagrun for weekly_summary_pipeline to 2026-03-23 06:00:00+00:00, run_after=2026-03-30 06:00:00+00:00
[2026-03-28T04:32:42.726+0000] {processor.py:183} INFO - Processing /opt/airflow/dags/weekly_summary_pipeline.py took 0.133 seconds
[2026-03-28T04:33:13.019+0000] {processor.py:161} INFO - Started process (PID=4621) to work on /opt/airflow/dags/weekly_summary_pipeline.py
[2026-03-28T04:33:13.020+0000] {processor.py:830} INFO - Processing file /opt/airflow/dags/weekly_summary_pipeline.py for tasks to queue
[2026-03-28T04:33:13.022+0000] {logging_mixin.py:188} INFO - [2026-03-28T04:33:13.021+0000] {dagbag.py:538} INFO - Filling up the DagBag from /opt/airflow/dags/weekly_summary_pipeline.py
[2026-03-28T04:33:13.042+0000] {processor.py:840} INFO - DAG(s) 'weekly_summary_pipeline' retrieved from /opt/airflow/dags/weekly_summary_pipeline.py
[2026-03-28T04:33:13.070+0000] {logging_mixin.py:188} INFO - [2026-03-28T04:33:13.070+0000] {dag.py:3036} INFO - Sync 1 DAGs
[2026-03-28T04:33:13.094+0000] {logging_mixin.py:188} INFO - [2026-03-28T04:33:13.094+0000] {dag.py:3823} INFO - Setting next_dagrun for weekly_summary_pipeline to 2026-03-23 06:00:00+00:00, run_after=2026-03-30 06:00:00+00:00
[2026-03-28T04:33:13.114+0000] {processor.py:183} INFO - Processing /opt/airflow/dags/weekly_summary_pipeline.py took 0.098 seconds
[2026-03-28T04:33:43.443+0000] {processor.py:161} INFO - Started process (PID=4644) to work on /opt/airflow/dags/weekly_summary_pipeline.py
[2026-03-28T04:33:43.444+0000] {processor.py:830} INFO - Processing file /opt/airflow/dags/weekly_summary_pipeline.py for tasks to queue
[2026-03-28T04:33:43.445+0000] {logging_mixin.py:188} INFO - [2026-03-28T04:33:43.445+0000] {dagbag.py:538} INFO - Filling up the DagBag from /opt/airflow/dags/weekly_summary_pipeline.py
[2026-03-28T04:33:43.469+0000] {processor.py:840} INFO - DAG(s) 'weekly_summary_pipeline' retrieved from /opt/airflow/dags/weekly_summary_pipeline.py
[2026-03-28T04:33:43.497+0000] {logging_mixin.py:188} INFO - [2026-03-28T04:33:43.497+0000] {dag.py:3036} INFO - Sync 1 DAGs
[2026-03-28T04:33:43.519+0000] {logging_mixin.py:188} INFO - [2026-03-28T04:33:43.519+0000] {dag.py:3823} INFO - Setting next_dagrun for weekly_summary_pipeline to 2026-03-23 06:00:00+00:00, run_after=2026-03-30 06:00:00+00:00
[2026-03-28T04:33:43.539+0000] {processor.py:183} INFO - Processing /opt/airflow/dags/weekly_summary_pipeline.py took 0.099 seconds
[2026-03-28T04:34:13.874+0000] {processor.py:161} INFO - Started process (PID=4667) to work on /opt/airflow/dags/weekly_summary_pipeline.py
[2026-03-28T04:34:13.875+0000] {processor.py:830} INFO - Processing file /opt/airflow/dags/weekly_summary_pipeline.py for tasks to queue
[2026-03-28T04:34:13.876+0000] {logging_mixin.py:188} INFO - [2026-03-28T04:34:13.876+0000] {dagbag.py:538} INFO - Filling up the DagBag from /opt/airflow/dags/weekly_summary_pipeline.py
[2026-03-28T04:34:13.899+0000] {processor.py:840} INFO - DAG(s) 'weekly_summary_pipeline' retrieved from /opt/airflow/dags/weekly_summary_pipeline.py
[2026-03-28T04:34:13.929+0000] {logging_mixin.py:188} INFO - [2026-03-28T04:34:13.929+0000] {dag.py:3036} INFO - Sync 1 DAGs
[2026-03-28T04:34:13.953+0000] {logging_mixin.py:188} INFO - [2026-03-28T04:34:13.952+0000] {dag.py:3823} INFO - Setting next_dagrun for weekly_summary_pipeline to 2026-03-23 06:00:00+00:00, run_after=2026-03-30 06:00:00+00:00
[2026-03-28T04:34:13.977+0000] {processor.py:183} INFO - Processing /opt/airflow/dags/weekly_summary_pipeline.py took 0.106 seconds
[2026-03-28T04:34:44.436+0000] {processor.py:161} INFO - Started process (PID=4690) to work on /opt/airflow/dags/weekly_summary_pipeline.py
[2026-03-28T04:34:44.438+0000] {processor.py:830} INFO - Processing file /opt/airflow/dags/weekly_summary_pipeline.py for tasks to queue
[2026-03-28T04:34:44.439+0000] {logging_mixin.py:188} INFO - [2026-03-28T04:34:44.438+0000] {dagbag.py:538} INFO - Filling up the DagBag from /opt/airflow/dags/weekly_summary_pipeline.py
[2026-03-28T04:34:44.469+0000] {processor.py:840} INFO - DAG(s) 'weekly_summary_pipeline' retrieved from /opt/airflow/dags/weekly_summary_pipeline.py
[2026-03-28T04:34:44.503+0000] {logging_mixin.py:188} INFO - [2026-03-28T04:34:44.503+0000] {dag.py:3036} INFO - Sync 1 DAGs
[2026-03-28T04:34:44.529+0000] {logging_mixin.py:188} INFO - [2026-03-28T04:34:44.529+0000] {dag.py:3823} INFO - Setting next_dagrun for weekly_summary_pipeline to 2026-03-23 06:00:00+00:00, run_after=2026-03-30 06:00:00+00:00
[2026-03-28T04:34:44.551+0000] {processor.py:183} INFO - Processing /opt/airflow/dags/weekly_summary_pipeline.py took 0.119 seconds
[2026-03-28T04:35:14.920+0000] {processor.py:161} INFO - Started process (PID=4705) to work on /opt/airflow/dags/weekly_summary_pipeline.py
[2026-03-28T04:35:14.921+0000] {processor.py:830} INFO - Processing file /opt/airflow/dags/weekly_summary_pipeline.py for tasks to queue
[2026-03-28T04:35:14.922+0000] {logging_mixin.py:188} INFO - [2026-03-28T04:35:14.922+0000] {dagbag.py:538} INFO - Filling up the DagBag from /opt/airflow/dags/weekly_summary_pipeline.py
[2026-03-28T04:35:14.942+0000] {processor.py:840} INFO - DAG(s) 'weekly_summary_pipeline' retrieved from /opt/airflow/dags/weekly_summary_pipeline.py
[2026-03-28T04:35:14.974+0000] {logging_mixin.py:188} INFO - [2026-03-28T04:35:14.973+0000] {dag.py:3036} INFO - Sync 1 DAGs
[2026-03-28T04:35:14.997+0000] {logging_mixin.py:188} INFO - [2026-03-28T04:35:14.997+0000] {dag.py:3823} INFO - Setting next_dagrun for weekly_summary_pipeline to 2026-03-23 06:00:00+00:00, run_after=2026-03-30 06:00:00+00:00
[2026-03-28T04:35:15.019+0000] {processor.py:183} INFO - Processing /opt/airflow/dags/weekly_summary_pipeline.py took 0.102 seconds
[2026-03-28T04:35:45.346+0000] {processor.py:161} INFO - Started process (PID=4728) to work on /opt/airflow/dags/weekly_summary_pipeline.py
[2026-03-28T04:35:45.347+0000] {processor.py:830} INFO - Processing file /opt/airflow/dags/weekly_summary_pipeline.py for tasks to queue
[2026-03-28T04:35:45.348+0000] {logging_mixin.py:188} INFO - [2026-03-28T04:35:45.348+0000] {dagbag.py:538} INFO - Filling up the DagBag from /opt/airflow/dags/weekly_summary_pipeline.py
[2026-03-28T04:35:45.368+0000] {processor.py:840} INFO - DAG(s) 'weekly_summary_pipeline' retrieved from /opt/airflow/dags/weekly_summary_pipeline.py
[2026-03-28T04:35:45.401+0000] {logging_mixin.py:188} INFO - [2026-03-28T04:35:45.401+0000] {dag.py:3036} INFO - Sync 1 DAGs
[2026-03-28T04:35:45.423+0000] {logging_mixin.py:188} INFO - [2026-03-28T04:35:45.423+0000] {dag.py:3823} INFO - Setting next_dagrun for weekly_summary_pipeline to 2026-03-23 06:00:00+00:00, run_after=2026-03-30 06:00:00+00:00
[2026-03-28T04:35:45.443+0000] {processor.py:183} INFO - Processing /opt/airflow/dags/weekly_summary_pipeline.py took 0.099 seconds
[2026-03-28T04:36:15.794+0000] {processor.py:161} INFO - Started process (PID=4752) to work on /opt/airflow/dags/weekly_summary_pipeline.py
[2026-03-28T04:36:15.795+0000] {processor.py:830} INFO - Processing file /opt/airflow/dags/weekly_summary_pipeline.py for tasks to queue
[2026-03-28T04:36:15.796+0000] {logging_mixin.py:188} INFO - [2026-03-28T04:36:15.796+0000] {dagbag.py:538} INFO - Filling up the DagBag from /opt/airflow/dags/weekly_summary_pipeline.py
[2026-03-28T04:36:15.817+0000] {processor.py:840} INFO - DAG(s) 'weekly_summary_pipeline' retrieved from /opt/airflow/dags/weekly_summary_pipeline.py
[2026-03-28T04:36:15.850+0000] {logging_mixin.py:188} INFO - [2026-03-28T04:36:15.850+0000] {dag.py:3036} INFO - Sync 1 DAGs
[2026-03-28T04:36:15.876+0000] {logging_mixin.py:188} INFO - [2026-03-28T04:36:15.875+0000] {dag.py:3823} INFO - Setting next_dagrun for weekly_summary_pipeline to 2026-03-23 06:00:00+00:00, run_after=2026-03-30 06:00:00+00:00
[2026-03-28T04:36:15.900+0000] {processor.py:183} INFO - Processing /opt/airflow/dags/weekly_summary_pipeline.py took 0.109 seconds
[2026-03-28T04:36:46.204+0000] {processor.py:161} INFO - Started process (PID=4775) to work on /opt/airflow/dags/weekly_summary_pipeline.py
[2026-03-28T04:36:46.206+0000] {processor.py:830} INFO - Processing file /opt/airflow/dags/weekly_summary_pipeline.py for tasks to queue
[2026-03-28T04:36:46.207+0000] {logging_mixin.py:188} INFO - [2026-03-28T04:36:46.207+0000] {dagbag.py:538} INFO - Filling up the DagBag from /opt/airflow/dags/weekly_summary_pipeline.py
[2026-03-28T04:36:46.228+0000] {processor.py:840} INFO - DAG(s) 'weekly_summary_pipeline' retrieved from /opt/airflow/dags/weekly_summary_pipeline.py
[2026-03-28T04:36:46.262+0000] {logging_mixin.py:188} INFO - [2026-03-28T04:36:46.262+0000] {dag.py:3036} INFO - Sync 1 DAGs
[2026-03-28T04:36:46.286+0000] {logging_mixin.py:188} INFO - [2026-03-28T04:36:46.286+0000] {dag.py:3823} INFO - Setting next_dagrun for weekly_summary_pipeline to 2026-03-23 06:00:00+00:00, run_after=2026-03-30 06:00:00+00:00
[2026-03-28T04:36:46.310+0000] {processor.py:183} INFO - Processing /opt/airflow/dags/weekly_summary_pipeline.py took 0.108 seconds
[2026-03-28T04:37:16.633+0000] {processor.py:161} INFO - Started process (PID=4798) to work on /opt/airflow/dags/weekly_summary_pipeline.py
[2026-03-28T04:37:16.634+0000] {processor.py:830} INFO - Processing file /opt/airflow/dags/weekly_summary_pipeline.py for tasks to queue
[2026-03-28T04:37:16.635+0000] {logging_mixin.py:188} INFO - [2026-03-28T04:37:16.635+0000] {dagbag.py:538} INFO - Filling up the DagBag from /opt/airflow/dags/weekly_summary_pipeline.py
[2026-03-28T04:37:16.656+0000] {processor.py:840} INFO - DAG(s) 'weekly_summary_pipeline' retrieved from /opt/airflow/dags/weekly_summary_pipeline.py
[2026-03-28T04:37:16.685+0000] {logging_mixin.py:188} INFO - [2026-03-28T04:37:16.685+0000] {dag.py:3036} INFO - Sync 1 DAGs
[2026-03-28T04:37:16.710+0000] {logging_mixin.py:188} INFO - [2026-03-28T04:37:16.710+0000] {dag.py:3823} INFO - Setting next_dagrun for weekly_summary_pipeline to 2026-03-23 06:00:00+00:00, run_after=2026-03-30 06:00:00+00:00
[2026-03-28T04:37:16.734+0000] {processor.py:183} INFO - Processing /opt/airflow/dags/weekly_summary_pipeline.py took 0.104 seconds
[2026-03-28T04:37:47.145+0000] {processor.py:161} INFO - Started process (PID=4821) to work on /opt/airflow/dags/weekly_summary_pipeline.py
[2026-03-28T04:37:47.146+0000] {processor.py:830} INFO - Processing file /opt/airflow/dags/weekly_summary_pipeline.py for tasks to queue
[2026-03-28T04:37:47.147+0000] {logging_mixin.py:188} INFO - [2026-03-28T04:37:47.147+0000] {dagbag.py:538} INFO - Filling up the DagBag from /opt/airflow/dags/weekly_summary_pipeline.py
[2026-03-28T04:37:47.174+0000] {processor.py:840} INFO - DAG(s) 'weekly_summary_pipeline' retrieved from /opt/airflow/dags/weekly_summary_pipeline.py
[2026-03-28T04:37:47.214+0000] {logging_mixin.py:188} INFO - [2026-03-28T04:37:47.214+0000] {dag.py:3036} INFO - Sync 1 DAGs
[2026-03-28T04:37:47.240+0000] {logging_mixin.py:188} INFO - [2026-03-28T04:37:47.240+0000] {dag.py:3823} INFO - Setting next_dagrun for weekly_summary_pipeline to 2026-03-23 06:00:00+00:00, run_after=2026-03-30 06:00:00+00:00
[2026-03-28T04:37:47.261+0000] {processor.py:183} INFO - Processing /opt/airflow/dags/weekly_summary_pipeline.py took 0.120 seconds
[2026-03-28T04:38:17.579+0000] {processor.py:161} INFO - Started process (PID=4844) to work on /opt/airflow/dags/weekly_summary_pipeline.py
[2026-03-28T04:38:17.580+0000] {processor.py:830} INFO - Processing file /opt/airflow/dags/weekly_summary_pipeline.py for tasks to queue
[2026-03-28T04:38:17.581+0000] {logging_mixin.py:188} INFO - [2026-03-28T04:38:17.581+0000] {dagbag.py:538} INFO - Filling up the DagBag from /opt/airflow/dags/weekly_summary_pipeline.py
[2026-03-28T04:38:17.605+0000] {processor.py:840} INFO - DAG(s) 'weekly_summary_pipeline' retrieved from /opt/airflow/dags/weekly_summary_pipeline.py
[2026-03-28T04:38:17.640+0000] {logging_mixin.py:188} INFO - [2026-03-28T04:38:17.640+0000] {dag.py:3036} INFO - Sync 1 DAGs
[2026-03-28T04:38:17.668+0000] {logging_mixin.py:188} INFO - [2026-03-28T04:38:17.668+0000] {dag.py:3823} INFO - Setting next_dagrun for weekly_summary_pipeline to 2026-03-23 06:00:00+00:00, run_after=2026-03-30 06:00:00+00:00
[2026-03-28T04:38:17.694+0000] {processor.py:183} INFO - Processing /opt/airflow/dags/weekly_summary_pipeline.py took 0.118 seconds
[2026-03-28T04:38:48.044+0000] {processor.py:161} INFO - Started process (PID=4867) to work on /opt/airflow/dags/weekly_summary_pipeline.py
[2026-03-28T04:38:48.045+0000] {processor.py:830} INFO - Processing file /opt/airflow/dags/weekly_summary_pipeline.py for tasks to queue
[2026-03-28T04:38:48.046+0000] {logging_mixin.py:188} INFO - [2026-03-28T04:38:48.046+0000] {dagbag.py:538} INFO - Filling up the DagBag from /opt/airflow/dags/weekly_summary_pipeline.py
[2026-03-28T04:38:48.065+0000] {processor.py:840} INFO - DAG(s) 'weekly_summary_pipeline' retrieved from /opt/airflow/dags/weekly_summary_pipeline.py
[2026-03-28T04:38:48.092+0000] {logging_mixin.py:188} INFO - [2026-03-28T04:38:48.092+0000] {dag.py:3036} INFO - Sync 1 DAGs
[2026-03-28T04:38:48.114+0000] {logging_mixin.py:188} INFO - [2026-03-28T04:38:48.113+0000] {dag.py:3823} INFO - Setting next_dagrun for weekly_summary_pipeline to 2026-03-23 06:00:00+00:00, run_after=2026-03-30 06:00:00+00:00
[2026-03-28T04:38:48.138+0000] {processor.py:183} INFO - Processing /opt/airflow/dags/weekly_summary_pipeline.py took 0.096 seconds
[2026-03-28T04:39:18.523+0000] {processor.py:161} INFO - Started process (PID=4890) to work on /opt/airflow/dags/weekly_summary_pipeline.py
[2026-03-28T04:39:18.524+0000] {processor.py:830} INFO - Processing file /opt/airflow/dags/weekly_summary_pipeline.py for tasks to queue
[2026-03-28T04:39:18.526+0000] {logging_mixin.py:188} INFO - [2026-03-28T04:39:18.525+0000] {dagbag.py:538} INFO - Filling up the DagBag from /opt/airflow/dags/weekly_summary_pipeline.py
[2026-03-28T04:39:18.559+0000] {processor.py:840} INFO - DAG(s) 'weekly_summary_pipeline' retrieved from /opt/airflow/dags/weekly_summary_pipeline.py
[2026-03-28T04:39:18.598+0000] {logging_mixin.py:188} INFO - [2026-03-28T04:39:18.598+0000] {dag.py:3036} INFO - Sync 1 DAGs
[2026-03-28T04:39:18.628+0000] {logging_mixin.py:188} INFO - [2026-03-28T04:39:18.628+0000] {dag.py:3823} INFO - Setting next_dagrun for weekly_summary_pipeline to 2026-03-23 06:00:00+00:00, run_after=2026-03-30 06:00:00+00:00
[2026-03-28T04:39:18.658+0000] {processor.py:183} INFO - Processing /opt/airflow/dags/weekly_summary_pipeline.py took 0.139 seconds
[2026-03-28T04:39:49.010+0000] {processor.py:161} INFO - Started process (PID=4913) to work on /opt/airflow/dags/weekly_summary_pipeline.py
[2026-03-28T04:39:49.011+0000] {processor.py:830} INFO - Processing file /opt/airflow/dags/weekly_summary_pipeline.py for tasks to queue
[2026-03-28T04:39:49.011+0000] {logging_mixin.py:188} INFO - [2026-03-28T04:39:49.011+0000] {dagbag.py:538} INFO - Filling up the DagBag from /opt/airflow/dags/weekly_summary_pipeline.py
[2026-03-28T04:39:49.037+0000] {processor.py:840} INFO - DAG(s) 'weekly_summary_pipeline' retrieved from /opt/airflow/dags/weekly_summary_pipeline.py
[2026-03-28T04:39:49.072+0000] {logging_mixin.py:188} INFO - [2026-03-28T04:39:49.071+0000] {dag.py:3036} INFO - Sync 1 DAGs
[2026-03-28T04:39:49.096+0000] {logging_mixin.py:188} INFO - [2026-03-28T04:39:49.096+0000] {dag.py:3823} INFO - Setting next_dagrun for weekly_summary_pipeline to 2026-03-23 06:00:00+00:00, run_after=2026-03-30 06:00:00+00:00
[2026-03-28T04:39:49.115+0000] {processor.py:183} INFO - Processing /opt/airflow/dags/weekly_summary_pipeline.py took 0.109 seconds
[2026-03-28T04:40:19.410+0000] {processor.py:161} INFO - Started process (PID=4936) to work on /opt/airflow/dags/weekly_summary_pipeline.py
[2026-03-28T04:40:19.411+0000] {processor.py:830} INFO - Processing file /opt/airflow/dags/weekly_summary_pipeline.py for tasks to queue
[2026-03-28T04:40:19.412+0000] {logging_mixin.py:188} INFO - [2026-03-28T04:40:19.412+0000] {dagbag.py:538} INFO - Filling up the DagBag from /opt/airflow/dags/weekly_summary_pipeline.py
[2026-03-28T04:40:19.435+0000] {processor.py:840} INFO - DAG(s) 'weekly_summary_pipeline' retrieved from /opt/airflow/dags/weekly_summary_pipeline.py
[2026-03-28T04:40:19.474+0000] {logging_mixin.py:188} INFO - [2026-03-28T04:40:19.474+0000] {dag.py:3036} INFO - Sync 1 DAGs
[2026-03-28T04:40:19.505+0000] {logging_mixin.py:188} INFO - [2026-03-28T04:40:19.504+0000] {dag.py:3823} INFO - Setting next_dagrun for weekly_summary_pipeline to 2026-03-23 06:00:00+00:00, run_after=2026-03-30 06:00:00+00:00
[2026-03-28T04:40:19.531+0000] {processor.py:183} INFO - Processing /opt/airflow/dags/weekly_summary_pipeline.py took 0.125 seconds
[2026-03-28T04:40:49.910+0000] {processor.py:161} INFO - Started process (PID=4959) to work on /opt/airflow/dags/weekly_summary_pipeline.py
[2026-03-28T04:40:49.912+0000] {processor.py:830} INFO - Processing file /opt/airflow/dags/weekly_summary_pipeline.py for tasks to queue
[2026-03-28T04:40:49.913+0000] {logging_mixin.py:188} INFO - [2026-03-28T04:40:49.913+0000] {dagbag.py:538} INFO - Filling up the DagBag from /opt/airflow/dags/weekly_summary_pipeline.py
[2026-03-28T04:40:49.943+0000] {processor.py:840} INFO - DAG(s) 'weekly_summary_pipeline' retrieved from /opt/airflow/dags/weekly_summary_pipeline.py
[2026-03-28T04:40:49.986+0000] {logging_mixin.py:188} INFO - [2026-03-28T04:40:49.986+0000] {dag.py:3036} INFO - Sync 1 DAGs
[2026-03-28T04:40:50.014+0000] {logging_mixin.py:188} INFO - [2026-03-28T04:40:50.014+0000] {dag.py:3823} INFO - Setting next_dagrun for weekly_summary_pipeline to 2026-03-23 06:00:00+00:00, run_after=2026-03-30 06:00:00+00:00
[2026-03-28T04:40:50.039+0000] {processor.py:183} INFO - Processing /opt/airflow/dags/weekly_summary_pipeline.py took 0.132 seconds
[2026-03-28T04:41:20.384+0000] {processor.py:161} INFO - Started process (PID=4982) to work on /opt/airflow/dags/weekly_summary_pipeline.py
[2026-03-28T04:41:20.385+0000] {processor.py:830} INFO - Processing file /opt/airflow/dags/weekly_summary_pipeline.py for tasks to queue
[2026-03-28T04:41:20.386+0000] {logging_mixin.py:188} INFO - [2026-03-28T04:41:20.386+0000] {dagbag.py:538} INFO - Filling up the DagBag from /opt/airflow/dags/weekly_summary_pipeline.py
[2026-03-28T04:41:20.409+0000] {processor.py:840} INFO - DAG(s) 'weekly_summary_pipeline' retrieved from /opt/airflow/dags/weekly_summary_pipeline.py
[2026-03-28T04:41:20.440+0000] {logging_mixin.py:188} INFO - [2026-03-28T04:41:20.440+0000] {dag.py:3036} INFO - Sync 1 DAGs
[2026-03-28T04:41:20.470+0000] {logging_mixin.py:188} INFO - [2026-03-28T04:41:20.470+0000] {dag.py:3823} INFO - Setting next_dagrun for weekly_summary_pipeline to 2026-03-23 06:00:00+00:00, run_after=2026-03-30 06:00:00+00:00
[2026-03-28T04:41:20.514+0000] {processor.py:183} INFO - Processing /opt/airflow/dags/weekly_summary_pipeline.py took 0.133 seconds
[2026-03-28T04:41:50.879+0000] {processor.py:161} INFO - Started process (PID=5005) to work on /opt/airflow/dags/weekly_summary_pipeline.py
[2026-03-28T04:41:50.881+0000] {processor.py:830} INFO - Processing file /opt/airflow/dags/weekly_summary_pipeline.py for tasks to queue
[2026-03-28T04:41:50.882+0000] {logging_mixin.py:188} INFO - [2026-03-28T04:41:50.881+0000] {dagbag.py:538} INFO - Filling up the DagBag from /opt/airflow/dags/weekly_summary_pipeline.py
[2026-03-28T04:41:50.906+0000] {processor.py:840} INFO - DAG(s) 'weekly_summary_pipeline' retrieved from /opt/airflow/dags/weekly_summary_pipeline.py
[2026-03-28T04:41:50.938+0000] {logging_mixin.py:188} INFO - [2026-03-28T04:41:50.938+0000] {dag.py:3036} INFO - Sync 1 DAGs
[2026-03-28T04:41:50.963+0000] {logging_mixin.py:188} INFO - [2026-03-28T04:41:50.963+0000] {dag.py:3823} INFO - Setting next_dagrun for weekly_summary_pipeline to 2026-03-23 06:00:00+00:00, run_after=2026-03-30 06:00:00+00:00
[2026-03-28T04:41:50.989+0000] {processor.py:183} INFO - Processing /opt/airflow/dags/weekly_summary_pipeline.py took 0.113 seconds
[2026-03-28T04:42:21.321+0000] {processor.py:161} INFO - Started process (PID=5028) to work on /opt/airflow/dags/weekly_summary_pipeline.py
[2026-03-28T04:42:21.323+0000] {processor.py:830} INFO - Processing file /opt/airflow/dags/weekly_summary_pipeline.py for tasks to queue
[2026-03-28T04:42:21.325+0000] {logging_mixin.py:188} INFO - [2026-03-28T04:42:21.324+0000] {dagbag.py:538} INFO - Filling up the DagBag from /opt/airflow/dags/weekly_summary_pipeline.py
[2026-03-28T04:42:21.366+0000] {processor.py:840} INFO - DAG(s) 'weekly_summary_pipeline' retrieved from /opt/airflow/dags/weekly_summary_pipeline.py
[2026-03-28T04:42:21.445+0000] {logging_mixin.py:188} INFO - [2026-03-28T04:42:21.445+0000] {dag.py:3036} INFO - Sync 1 DAGs
[2026-03-28T04:42:21.491+0000] {logging_mixin.py:188} INFO - [2026-03-28T04:42:21.490+0000] {dag.py:3823} INFO - Setting next_dagrun for weekly_summary_pipeline to 2026-03-23 06:00:00+00:00, run_after=2026-03-30 06:00:00+00:00
[2026-03-28T04:42:21.540+0000] {processor.py:183} INFO - Processing /opt/airflow/dags/weekly_summary_pipeline.py took 0.222 seconds
[2026-03-28T04:42:51.975+0000] {processor.py:161} INFO - Started process (PID=5051) to work on /opt/airflow/dags/weekly_summary_pipeline.py
[2026-03-28T04:42:51.984+0000] {processor.py:830} INFO - Processing file /opt/airflow/dags/weekly_summary_pipeline.py for tasks to queue
[2026-03-28T04:42:51.985+0000] {logging_mixin.py:188} INFO - [2026-03-28T04:42:51.984+0000] {dagbag.py:538} INFO - Filling up the DagBag from /opt/airflow/dags/weekly_summary_pipeline.py
[2026-03-28T04:42:52.019+0000] {processor.py:840} INFO - DAG(s) 'weekly_summary_pipeline' retrieved from /opt/airflow/dags/weekly_summary_pipeline.py
[2026-03-28T04:42:52.055+0000] {logging_mixin.py:188} INFO - [2026-03-28T04:42:52.055+0000] {dag.py:3036} INFO - Sync 1 DAGs
[2026-03-28T04:42:52.090+0000] {logging_mixin.py:188} INFO - [2026-03-28T04:42:52.090+0000] {dag.py:3823} INFO - Setting next_dagrun for weekly_summary_pipeline to 2026-03-23 06:00:00+00:00, run_after=2026-03-30 06:00:00+00:00
[2026-03-28T04:42:52.113+0000] {processor.py:183} INFO - Processing /opt/airflow/dags/weekly_summary_pipeline.py took 0.141 seconds
[2026-03-28T04:43:22.478+0000] {processor.py:161} INFO - Started process (PID=5074) to work on /opt/airflow/dags/weekly_summary_pipeline.py
[2026-03-28T04:43:22.479+0000] {processor.py:830} INFO - Processing file /opt/airflow/dags/weekly_summary_pipeline.py for tasks to queue
[2026-03-28T04:43:22.480+0000] {logging_mixin.py:188} INFO - [2026-03-28T04:43:22.480+0000] {dagbag.py:538} INFO - Filling up the DagBag from /opt/airflow/dags/weekly_summary_pipeline.py
[2026-03-28T04:43:22.503+0000] {processor.py:840} INFO - DAG(s) 'weekly_summary_pipeline' retrieved from /opt/airflow/dags/weekly_summary_pipeline.py
[2026-03-28T04:43:22.533+0000] {logging_mixin.py:188} INFO - [2026-03-28T04:43:22.533+0000] {dag.py:3036} INFO - Sync 1 DAGs
[2026-03-28T04:43:22.556+0000] {logging_mixin.py:188} INFO - [2026-03-28T04:43:22.556+0000] {dag.py:3823} INFO - Setting next_dagrun for weekly_summary_pipeline to 2026-03-23 06:00:00+00:00, run_after=2026-03-30 06:00:00+00:00
[2026-03-28T04:43:22.585+0000] {processor.py:183} INFO - Processing /opt/airflow/dags/weekly_summary_pipeline.py took 0.109 seconds
[2026-03-28T04:43:52.954+0000] {processor.py:161} INFO - Started process (PID=5097) to work on /opt/airflow/dags/weekly_summary_pipeline.py
[2026-03-28T04:43:52.955+0000] {processor.py:830} INFO - Processing file /opt/airflow/dags/weekly_summary_pipeline.py for tasks to queue
[2026-03-28T04:43:52.957+0000] {logging_mixin.py:188} INFO - [2026-03-28T04:43:52.956+0000] {dagbag.py:538} INFO - Filling up the DagBag from /opt/airflow/dags/weekly_summary_pipeline.py
[2026-03-28T04:43:52.985+0000] {processor.py:840} INFO - DAG(s) 'weekly_summary_pipeline' retrieved from /opt/airflow/dags/weekly_summary_pipeline.py
[2026-03-28T04:43:53.020+0000] {logging_mixin.py:188} INFO - [2026-03-28T04:43:53.020+0000] {dag.py:3036} INFO - Sync 1 DAGs
[2026-03-28T04:43:53.047+0000] {logging_mixin.py:188} INFO - [2026-03-28T04:43:53.047+0000] {dag.py:3823} INFO - Setting next_dagrun for weekly_summary_pipeline to 2026-03-23 06:00:00+00:00, run_after=2026-03-30 06:00:00+00:00
[2026-03-28T04:43:53.079+0000] {processor.py:183} INFO - Processing /opt/airflow/dags/weekly_summary_pipeline.py took 0.130 seconds
[2026-03-28T04:44:23.451+0000] {processor.py:161} INFO - Started process (PID=5112) to work on /opt/airflow/dags/weekly_summary_pipeline.py
[2026-03-28T04:44:23.452+0000] {processor.py:830} INFO - Processing file /opt/airflow/dags/weekly_summary_pipeline.py for tasks to queue
[2026-03-28T04:44:23.453+0000] {logging_mixin.py:188} INFO - [2026-03-28T04:44:23.453+0000] {dagbag.py:538} INFO - Filling up the DagBag from /opt/airflow/dags/weekly_summary_pipeline.py
[2026-03-28T04:44:23.479+0000] {processor.py:840} INFO - DAG(s) 'weekly_summary_pipeline' retrieved from /opt/airflow/dags/weekly_summary_pipeline.py
[2026-03-28T04:44:23.509+0000] {logging_mixin.py:188} INFO - [2026-03-28T04:44:23.509+0000] {dag.py:3036} INFO - Sync 1 DAGs
[2026-03-28T04:44:23.533+0000] {logging_mixin.py:188} INFO - [2026-03-28T04:44:23.533+0000] {dag.py:3823} INFO - Setting next_dagrun for weekly_summary_pipeline to 2026-03-23 06:00:00+00:00, run_after=2026-03-30 06:00:00+00:00
[2026-03-28T04:44:23.559+0000] {processor.py:183} INFO - Processing /opt/airflow/dags/weekly_summary_pipeline.py took 0.112 seconds
[2026-03-28T04:44:53.908+0000] {processor.py:161} INFO - Started process (PID=5135) to work on /opt/airflow/dags/weekly_summary_pipeline.py
[2026-03-28T04:44:53.909+0000] {processor.py:830} INFO - Processing file /opt/airflow/dags/weekly_summary_pipeline.py for tasks to queue
[2026-03-28T04:44:53.910+0000] {logging_mixin.py:188} INFO - [2026-03-28T04:44:53.910+0000] {dagbag.py:538} INFO - Filling up the DagBag from /opt/airflow/dags/weekly_summary_pipeline.py
[2026-03-28T04:44:53.935+0000] {processor.py:840} INFO - DAG(s) 'weekly_summary_pipeline' retrieved from /opt/airflow/dags/weekly_summary_pipeline.py
[2026-03-28T04:44:53.972+0000] {logging_mixin.py:188} INFO - [2026-03-28T04:44:53.971+0000] {dag.py:3036} INFO - Sync 1 DAGs
[2026-03-28T04:44:54.002+0000] {logging_mixin.py:188} INFO - [2026-03-28T04:44:54.001+0000] {dag.py:3823} INFO - Setting next_dagrun for weekly_summary_pipeline to 2026-03-23 06:00:00+00:00, run_after=2026-03-30 06:00:00+00:00
[2026-03-28T04:44:54.039+0000] {processor.py:183} INFO - Processing /opt/airflow/dags/weekly_summary_pipeline.py took 0.134 seconds
[2026-03-28T04:45:24.386+0000] {processor.py:161} INFO - Started process (PID=5158) to work on /opt/airflow/dags/weekly_summary_pipeline.py
[2026-03-28T04:45:24.387+0000] {processor.py:830} INFO - Processing file /opt/airflow/dags/weekly_summary_pipeline.py for tasks to queue
[2026-03-28T04:45:24.388+0000] {logging_mixin.py:188} INFO - [2026-03-28T04:45:24.388+0000] {dagbag.py:538} INFO - Filling up the DagBag from /opt/airflow/dags/weekly_summary_pipeline.py
[2026-03-28T04:45:24.412+0000] {processor.py:840} INFO - DAG(s) 'weekly_summary_pipeline' retrieved from /opt/airflow/dags/weekly_summary_pipeline.py
[2026-03-28T04:45:24.445+0000] {logging_mixin.py:188} INFO - [2026-03-28T04:45:24.445+0000] {dag.py:3036} INFO - Sync 1 DAGs
[2026-03-28T04:45:24.469+0000] {logging_mixin.py:188} INFO - [2026-03-28T04:45:24.469+0000] {dag.py:3823} INFO - Setting next_dagrun for weekly_summary_pipeline to 2026-03-23 06:00:00+00:00, run_after=2026-03-30 06:00:00+00:00
[2026-03-28T04:45:24.511+0000] {processor.py:183} INFO - Processing /opt/airflow/dags/weekly_summary_pipeline.py took 0.129 seconds
[2026-03-28T04:45:54.850+0000] {processor.py:161} INFO - Started process (PID=5181) to work on /opt/airflow/dags/weekly_summary_pipeline.py
[2026-03-28T04:45:54.851+0000] {processor.py:830} INFO - Processing file /opt/airflow/dags/weekly_summary_pipeline.py for tasks to queue
[2026-03-28T04:45:54.852+0000] {logging_mixin.py:188} INFO - [2026-03-28T04:45:54.852+0000] {dagbag.py:538} INFO - Filling up the DagBag from /opt/airflow/dags/weekly_summary_pipeline.py
[2026-03-28T04:45:54.883+0000] {processor.py:840} INFO - DAG(s) 'weekly_summary_pipeline' retrieved from /opt/airflow/dags/weekly_summary_pipeline.py
[2026-03-28T04:45:54.921+0000] {logging_mixin.py:188} INFO - [2026-03-28T04:45:54.921+0000] {dag.py:3036} INFO - Sync 1 DAGs
[2026-03-28T04:45:54.949+0000] {logging_mixin.py:188} INFO - [2026-03-28T04:45:54.948+0000] {dag.py:3823} INFO - Setting next_dagrun for weekly_summary_pipeline to 2026-03-23 06:00:00+00:00, run_after=2026-03-30 06:00:00+00:00
[2026-03-28T04:45:54.981+0000] {processor.py:183} INFO - Processing /opt/airflow/dags/weekly_summary_pipeline.py took 0.134 seconds
[2026-03-28T04:46:25.337+0000] {processor.py:161} INFO - Started process (PID=5204) to work on /opt/airflow/dags/weekly_summary_pipeline.py
[2026-03-28T04:46:25.338+0000] {processor.py:830} INFO - Processing file /opt/airflow/dags/weekly_summary_pipeline.py for tasks to queue
[2026-03-28T04:46:25.339+0000] {logging_mixin.py:188} INFO - [2026-03-28T04:46:25.339+0000] {dagbag.py:538} INFO - Filling up the DagBag from /opt/airflow/dags/weekly_summary_pipeline.py
[2026-03-28T04:46:25.363+0000] {processor.py:840} INFO - DAG(s) 'weekly_summary_pipeline' retrieved from /opt/airflow/dags/weekly_summary_pipeline.py
[2026-03-28T04:46:25.400+0000] {logging_mixin.py:188} INFO - [2026-03-28T04:46:25.399+0000] {dag.py:3036} INFO - Sync 1 DAGs
[2026-03-28T04:46:25.430+0000] {logging_mixin.py:188} INFO - [2026-03-28T04:46:25.429+0000] {dag.py:3823} INFO - Setting next_dagrun for weekly_summary_pipeline to 2026-03-23 06:00:00+00:00, run_after=2026-03-30 06:00:00+00:00
[2026-03-28T04:46:25.470+0000] {processor.py:183} INFO - Processing /opt/airflow/dags/weekly_summary_pipeline.py took 0.136 seconds
[2026-03-28T04:46:55.810+0000] {processor.py:161} INFO - Started process (PID=5227) to work on /opt/airflow/dags/weekly_summary_pipeline.py
[2026-03-28T04:46:55.811+0000] {processor.py:830} INFO - Processing file /opt/airflow/dags/weekly_summary_pipeline.py for tasks to queue
[2026-03-28T04:46:55.812+0000] {logging_mixin.py:188} INFO - [2026-03-28T04:46:55.812+0000] {dagbag.py:538} INFO - Filling up the DagBag from /opt/airflow/dags/weekly_summary_pipeline.py
[2026-03-28T04:46:55.835+0000] {processor.py:840} INFO - DAG(s) 'weekly_summary_pipeline' retrieved from /opt/airflow/dags/weekly_summary_pipeline.py
[2026-03-28T04:46:55.867+0000] {logging_mixin.py:188} INFO - [2026-03-28T04:46:55.866+0000] {dag.py:3036} INFO - Sync 1 DAGs
[2026-03-28T04:46:55.893+0000] {logging_mixin.py:188} INFO - [2026-03-28T04:46:55.893+0000] {dag.py:3823} INFO - Setting next_dagrun for weekly_summary_pipeline to 2026-03-23 06:00:00+00:00, run_after=2026-03-30 06:00:00+00:00
[2026-03-28T04:46:55.927+0000] {processor.py:183} INFO - Processing /opt/airflow/dags/weekly_summary_pipeline.py took 0.120 seconds
[2026-03-28T04:47:26.279+0000] {processor.py:161} INFO - Started process (PID=5250) to work on /opt/airflow/dags/weekly_summary_pipeline.py
[2026-03-28T04:47:26.280+0000] {processor.py:830} INFO - Processing file /opt/airflow/dags/weekly_summary_pipeline.py for tasks to queue
[2026-03-28T04:47:26.280+0000] {logging_mixin.py:188} INFO - [2026-03-28T04:47:26.280+0000] {dagbag.py:538} INFO - Filling up the DagBag from /opt/airflow/dags/weekly_summary_pipeline.py
[2026-03-28T04:47:26.302+0000] {processor.py:840} INFO - DAG(s) 'weekly_summary_pipeline' retrieved from /opt/airflow/dags/weekly_summary_pipeline.py
[2026-03-28T04:47:26.331+0000] {logging_mixin.py:188} INFO - [2026-03-28T04:47:26.331+0000] {dag.py:3036} INFO - Sync 1 DAGs
[2026-03-28T04:47:26.357+0000] {logging_mixin.py:188} INFO - [2026-03-28T04:47:26.357+0000] {dag.py:3823} INFO - Setting next_dagrun for weekly_summary_pipeline to 2026-03-23 06:00:00+00:00, run_after=2026-03-30 06:00:00+00:00
[2026-03-28T04:47:26.380+0000] {processor.py:183} INFO - Processing /opt/airflow/dags/weekly_summary_pipeline.py took 0.104 seconds
[2026-03-28T04:47:56.769+0000] {processor.py:161} INFO - Started process (PID=5273) to work on /opt/airflow/dags/weekly_summary_pipeline.py
[2026-03-28T04:47:56.771+0000] {processor.py:830} INFO - Processing file /opt/airflow/dags/weekly_summary_pipeline.py for tasks to queue
[2026-03-28T04:47:56.772+0000] {logging_mixin.py:188} INFO - [2026-03-28T04:47:56.772+0000] {dagbag.py:538} INFO - Filling up the DagBag from /opt/airflow/dags/weekly_summary_pipeline.py
[2026-03-28T04:47:56.793+0000] {processor.py:840} INFO - DAG(s) 'weekly_summary_pipeline' retrieved from /opt/airflow/dags/weekly_summary_pipeline.py
[2026-03-28T04:47:56.822+0000] {logging_mixin.py:188} INFO - [2026-03-28T04:47:56.822+0000] {dag.py:3036} INFO - Sync 1 DAGs
[2026-03-28T04:47:56.845+0000] {logging_mixin.py:188} INFO - [2026-03-28T04:47:56.845+0000] {dag.py:3823} INFO - Setting next_dagrun for weekly_summary_pipeline to 2026-03-23 06:00:00+00:00, run_after=2026-03-30 06:00:00+00:00
[2026-03-28T04:47:56.870+0000] {processor.py:183} INFO - Processing /opt/airflow/dags/weekly_summary_pipeline.py took 0.104 seconds
[2026-03-28T04:48:27.220+0000] {processor.py:161} INFO - Started process (PID=5296) to work on /opt/airflow/dags/weekly_summary_pipeline.py
[2026-03-28T04:48:27.221+0000] {processor.py:830} INFO - Processing file /opt/airflow/dags/weekly_summary_pipeline.py for tasks to queue
[2026-03-28T04:48:27.222+0000] {logging_mixin.py:188} INFO - [2026-03-28T04:48:27.222+0000] {dagbag.py:538} INFO - Filling up the DagBag from /opt/airflow/dags/weekly_summary_pipeline.py
[2026-03-28T04:48:27.240+0000] {processor.py:840} INFO - DAG(s) 'weekly_summary_pipeline' retrieved from /opt/airflow/dags/weekly_summary_pipeline.py
[2026-03-28T04:48:27.270+0000] {logging_mixin.py:188} INFO - [2026-03-28T04:48:27.270+0000] {dag.py:3036} INFO - Sync 1 DAGs
[2026-03-28T04:48:27.293+0000] {logging_mixin.py:188} INFO - [2026-03-28T04:48:27.293+0000] {dag.py:3823} INFO - Setting next_dagrun for weekly_summary_pipeline to 2026-03-23 06:00:00+00:00, run_after=2026-03-30 06:00:00+00:00
[2026-03-28T04:48:27.313+0000] {processor.py:183} INFO - Processing /opt/airflow/dags/weekly_summary_pipeline.py took 0.096 seconds
[2026-03-28T04:48:57.632+0000] {processor.py:161} INFO - Started process (PID=5319) to work on /opt/airflow/dags/weekly_summary_pipeline.py
[2026-03-28T04:48:57.634+0000] {processor.py:830} INFO - Processing file /opt/airflow/dags/weekly_summary_pipeline.py for tasks to queue
[2026-03-28T04:48:57.635+0000] {logging_mixin.py:188} INFO - [2026-03-28T04:48:57.634+0000] {dagbag.py:538} INFO - Filling up the DagBag from /opt/airflow/dags/weekly_summary_pipeline.py
[2026-03-28T04:48:57.659+0000] {processor.py:840} INFO - DAG(s) 'weekly_summary_pipeline' retrieved from /opt/airflow/dags/weekly_summary_pipeline.py
[2026-03-28T04:48:57.694+0000] {logging_mixin.py:188} INFO - [2026-03-28T04:48:57.694+0000] {dag.py:3036} INFO - Sync 1 DAGs
[2026-03-28T04:48:57.717+0000] {logging_mixin.py:188} INFO - [2026-03-28T04:48:57.717+0000] {dag.py:3823} INFO - Setting next_dagrun for weekly_summary_pipeline to 2026-03-23 06:00:00+00:00, run_after=2026-03-30 06:00:00+00:00
[2026-03-28T04:48:57.742+0000] {processor.py:183} INFO - Processing /opt/airflow/dags/weekly_summary_pipeline.py took 0.112 seconds
[2026-03-28T04:49:28.131+0000] {processor.py:161} INFO - Started process (PID=5342) to work on /opt/airflow/dags/weekly_summary_pipeline.py
[2026-03-28T04:49:28.132+0000] {processor.py:830} INFO - Processing file /opt/airflow/dags/weekly_summary_pipeline.py for tasks to queue
[2026-03-28T04:49:28.133+0000] {logging_mixin.py:188} INFO - [2026-03-28T04:49:28.133+0000] {dagbag.py:538} INFO - Filling up the DagBag from /opt/airflow/dags/weekly_summary_pipeline.py
[2026-03-28T04:49:28.157+0000] {processor.py:840} INFO - DAG(s) 'weekly_summary_pipeline' retrieved from /opt/airflow/dags/weekly_summary_pipeline.py
[2026-03-28T04:49:28.188+0000] {logging_mixin.py:188} INFO - [2026-03-28T04:49:28.188+0000] {dag.py:3036} INFO - Sync 1 DAGs
[2026-03-28T04:49:28.213+0000] {logging_mixin.py:188} INFO - [2026-03-28T04:49:28.213+0000] {dag.py:3823} INFO - Setting next_dagrun for weekly_summary_pipeline to 2026-03-23 06:00:00+00:00, run_after=2026-03-30 06:00:00+00:00
[2026-03-28T04:49:28.236+0000] {processor.py:183} INFO - Processing /opt/airflow/dags/weekly_summary_pipeline.py took 0.108 seconds
[2026-03-28T04:49:58.567+0000] {processor.py:161} INFO - Started process (PID=5365) to work on /opt/airflow/dags/weekly_summary_pipeline.py
[2026-03-28T04:49:58.568+0000] {processor.py:830} INFO - Processing file /opt/airflow/dags/weekly_summary_pipeline.py for tasks to queue
[2026-03-28T04:49:58.569+0000] {logging_mixin.py:188} INFO - [2026-03-28T04:49:58.568+0000] {dagbag.py:538} INFO - Filling up the DagBag from /opt/airflow/dags/weekly_summary_pipeline.py
[2026-03-28T04:49:58.588+0000] {processor.py:840} INFO - DAG(s) 'weekly_summary_pipeline' retrieved from /opt/airflow/dags/weekly_summary_pipeline.py
[2026-03-28T04:49:58.622+0000] {logging_mixin.py:188} INFO - [2026-03-28T04:49:58.622+0000] {dag.py:3036} INFO - Sync 1 DAGs
[2026-03-28T04:49:58.645+0000] {logging_mixin.py:188} INFO - [2026-03-28T04:49:58.645+0000] {dag.py:3823} INFO - Setting next_dagrun for weekly_summary_pipeline to 2026-03-23 06:00:00+00:00, run_after=2026-03-30 06:00:00+00:00
[2026-03-28T04:49:58.669+0000] {processor.py:183} INFO - Processing /opt/airflow/dags/weekly_summary_pipeline.py took 0.105 seconds
[2026-03-28T04:50:28.989+0000] {processor.py:161} INFO - Started process (PID=5388) to work on /opt/airflow/dags/weekly_summary_pipeline.py
[2026-03-28T04:50:28.991+0000] {processor.py:830} INFO - Processing file /opt/airflow/dags/weekly_summary_pipeline.py for tasks to queue
[2026-03-28T04:50:28.992+0000] {logging_mixin.py:188} INFO - [2026-03-28T04:50:28.991+0000] {dagbag.py:538} INFO - Filling up the DagBag from /opt/airflow/dags/weekly_summary_pipeline.py
[2026-03-28T04:50:29.019+0000] {processor.py:840} INFO - DAG(s) 'weekly_summary_pipeline' retrieved from /opt/airflow/dags/weekly_summary_pipeline.py
[2026-03-28T04:50:29.059+0000] {logging_mixin.py:188} INFO - [2026-03-28T04:50:29.058+0000] {dag.py:3036} INFO - Sync 1 DAGs
[2026-03-28T04:50:29.085+0000] {logging_mixin.py:188} INFO - [2026-03-28T04:50:29.085+0000] {dag.py:3823} INFO - Setting next_dagrun for weekly_summary_pipeline to 2026-03-23 06:00:00+00:00, run_after=2026-03-30 06:00:00+00:00
[2026-03-28T04:50:29.108+0000] {processor.py:183} INFO - Processing /opt/airflow/dags/weekly_summary_pipeline.py took 0.122 seconds
[2026-03-28T04:50:59.369+0000] {processor.py:161} INFO - Started process (PID=5411) to work on /opt/airflow/dags/weekly_summary_pipeline.py
[2026-03-28T04:50:59.371+0000] {processor.py:830} INFO - Processing file /opt/airflow/dags/weekly_summary_pipeline.py for tasks to queue
[2026-03-28T04:50:59.372+0000] {logging_mixin.py:188} INFO - [2026-03-28T04:50:59.372+0000] {dagbag.py:538} INFO - Filling up the DagBag from /opt/airflow/dags/weekly_summary_pipeline.py
[2026-03-28T04:50:59.399+0000] {processor.py:840} INFO - DAG(s) 'weekly_summary_pipeline' retrieved from /opt/airflow/dags/weekly_summary_pipeline.py
[2026-03-28T04:50:59.437+0000] {logging_mixin.py:188} INFO - [2026-03-28T04:50:59.437+0000] {dag.py:3036} INFO - Sync 1 DAGs
[2026-03-28T04:50:59.466+0000] {logging_mixin.py:188} INFO - [2026-03-28T04:50:59.466+0000] {dag.py:3823} INFO - Setting next_dagrun for weekly_summary_pipeline to 2026-03-23 06:00:00+00:00, run_after=2026-03-30 06:00:00+00:00
[2026-03-28T04:51:00.261+0000] {processor.py:183} INFO - Processing /opt/airflow/dags/weekly_summary_pipeline.py took 0.896 seconds
[2026-03-28T04:51:30.625+0000] {processor.py:161} INFO - Started process (PID=5434) to work on /opt/airflow/dags/weekly_summary_pipeline.py
[2026-03-28T04:51:30.626+0000] {processor.py:830} INFO - Processing file /opt/airflow/dags/weekly_summary_pipeline.py for tasks to queue
[2026-03-28T04:51:30.627+0000] {logging_mixin.py:188} INFO - [2026-03-28T04:51:30.627+0000] {dagbag.py:538} INFO - Filling up the DagBag from /opt/airflow/dags/weekly_summary_pipeline.py
[2026-03-28T04:51:30.653+0000] {processor.py:840} INFO - DAG(s) 'weekly_summary_pipeline' retrieved from /opt/airflow/dags/weekly_summary_pipeline.py
[2026-03-28T04:51:30.682+0000] {logging_mixin.py:188} INFO - [2026-03-28T04:51:30.682+0000] {dag.py:3036} INFO - Sync 1 DAGs
[2026-03-28T04:51:30.712+0000] {logging_mixin.py:188} INFO - [2026-03-28T04:51:30.712+0000] {dag.py:3823} INFO - Setting next_dagrun for weekly_summary_pipeline to 2026-03-23 06:00:00+00:00, run_after=2026-03-30 06:00:00+00:00
[2026-03-28T04:51:30.736+0000] {processor.py:183} INFO - Processing /opt/airflow/dags/weekly_summary_pipeline.py took 0.113 seconds
[2026-03-28T04:52:01.128+0000] {processor.py:161} INFO - Started process (PID=5457) to work on /opt/airflow/dags/weekly_summary_pipeline.py
[2026-03-28T04:52:01.129+0000] {processor.py:830} INFO - Processing file /opt/airflow/dags/weekly_summary_pipeline.py for tasks to queue
[2026-03-28T04:52:01.130+0000] {logging_mixin.py:188} INFO - [2026-03-28T04:52:01.130+0000] {dagbag.py:538} INFO - Filling up the DagBag from /opt/airflow/dags/weekly_summary_pipeline.py
[2026-03-28T04:52:01.150+0000] {processor.py:840} INFO - DAG(s) 'weekly_summary_pipeline' retrieved from /opt/airflow/dags/weekly_summary_pipeline.py
[2026-03-28T04:52:01.179+0000] {logging_mixin.py:188} INFO - [2026-03-28T04:52:01.179+0000] {dag.py:3036} INFO - Sync 1 DAGs
[2026-03-28T04:52:01.202+0000] {logging_mixin.py:188} INFO - [2026-03-28T04:52:01.202+0000] {dag.py:3823} INFO - Setting next_dagrun for weekly_summary_pipeline to 2026-03-23 06:00:00+00:00, run_after=2026-03-30 06:00:00+00:00
[2026-03-28T04:52:01.222+0000] {processor.py:183} INFO - Processing /opt/airflow/dags/weekly_summary_pipeline.py took 0.097 seconds
[2026-03-28T04:52:31.651+0000] {processor.py:161} INFO - Started process (PID=5480) to work on /opt/airflow/dags/weekly_summary_pipeline.py
[2026-03-28T04:52:31.653+0000] {processor.py:830} INFO - Processing file /opt/airflow/dags/weekly_summary_pipeline.py for tasks to queue
[2026-03-28T04:52:31.653+0000] {logging_mixin.py:188} INFO - [2026-03-28T04:52:31.653+0000] {dagbag.py:538} INFO - Filling up the DagBag from /opt/airflow/dags/weekly_summary_pipeline.py
[2026-03-28T04:52:31.676+0000] {processor.py:840} INFO - DAG(s) 'weekly_summary_pipeline' retrieved from /opt/airflow/dags/weekly_summary_pipeline.py
[2026-03-28T04:52:31.700+0000] {logging_mixin.py:188} INFO - [2026-03-28T04:52:31.700+0000] {dag.py:3036} INFO - Sync 1 DAGs
[2026-03-28T04:52:31.722+0000] {logging_mixin.py:188} INFO - [2026-03-28T04:52:31.722+0000] {dag.py:3823} INFO - Setting next_dagrun for weekly_summary_pipeline to 2026-03-23 06:00:00+00:00, run_after=2026-03-30 06:00:00+00:00
[2026-03-28T04:52:31.742+0000] {processor.py:183} INFO - Processing /opt/airflow/dags/weekly_summary_pipeline.py took 0.093 seconds
[2026-03-28T04:53:02.077+0000] {processor.py:161} INFO - Started process (PID=5503) to work on /opt/airflow/dags/weekly_summary_pipeline.py
[2026-03-28T04:53:02.078+0000] {processor.py:830} INFO - Processing file /opt/airflow/dags/weekly_summary_pipeline.py for tasks to queue
[2026-03-28T04:53:02.079+0000] {logging_mixin.py:188} INFO - [2026-03-28T04:53:02.078+0000] {dagbag.py:538} INFO - Filling up the DagBag from /opt/airflow/dags/weekly_summary_pipeline.py
[2026-03-28T04:53:02.101+0000] {processor.py:840} INFO - DAG(s) 'weekly_summary_pipeline' retrieved from /opt/airflow/dags/weekly_summary_pipeline.py
[2026-03-28T04:53:02.126+0000] {logging_mixin.py:188} INFO - [2026-03-28T04:53:02.126+0000] {dag.py:3036} INFO - Sync 1 DAGs
[2026-03-28T04:53:02.146+0000] {logging_mixin.py:188} INFO - [2026-03-28T04:53:02.146+0000] {dag.py:3823} INFO - Setting next_dagrun for weekly_summary_pipeline to 2026-03-23 06:00:00+00:00, run_after=2026-03-30 06:00:00+00:00
[2026-03-28T04:53:02.298+0000] {processor.py:183} INFO - Processing /opt/airflow/dags/weekly_summary_pipeline.py took 0.224 seconds
[2026-03-28T04:53:32.662+0000] {processor.py:161} INFO - Started process (PID=5526) to work on /opt/airflow/dags/weekly_summary_pipeline.py
[2026-03-28T04:53:32.664+0000] {processor.py:830} INFO - Processing file /opt/airflow/dags/weekly_summary_pipeline.py for tasks to queue
[2026-03-28T04:53:32.665+0000] {logging_mixin.py:188} INFO - [2026-03-28T04:53:32.664+0000] {dagbag.py:538} INFO - Filling up the DagBag from /opt/airflow/dags/weekly_summary_pipeline.py
[2026-03-28T04:53:32.692+0000] {processor.py:840} INFO - DAG(s) 'weekly_summary_pipeline' retrieved from /opt/airflow/dags/weekly_summary_pipeline.py
[2026-03-28T04:53:32.725+0000] {logging_mixin.py:188} INFO - [2026-03-28T04:53:32.725+0000] {dag.py:3036} INFO - Sync 1 DAGs
[2026-03-28T04:53:32.750+0000] {logging_mixin.py:188} INFO - [2026-03-28T04:53:32.750+0000] {dag.py:3823} INFO - Setting next_dagrun for weekly_summary_pipeline to 2026-03-23 06:00:00+00:00, run_after=2026-03-30 06:00:00+00:00
[2026-03-28T04:53:32.772+0000] {processor.py:183} INFO - Processing /opt/airflow/dags/weekly_summary_pipeline.py took 0.113 seconds
[2026-03-28T04:54:03.004+0000] {processor.py:161} INFO - Started process (PID=5541) to work on /opt/airflow/dags/weekly_summary_pipeline.py
[2026-03-28T04:54:03.005+0000] {processor.py:830} INFO - Processing file /opt/airflow/dags/weekly_summary_pipeline.py for tasks to queue
[2026-03-28T04:54:03.006+0000] {logging_mixin.py:188} INFO - [2026-03-28T04:54:03.006+0000] {dagbag.py:538} INFO - Filling up the DagBag from /opt/airflow/dags/weekly_summary_pipeline.py
[2026-03-28T04:54:03.026+0000] {processor.py:840} INFO - DAG(s) 'weekly_summary_pipeline' retrieved from /opt/airflow/dags/weekly_summary_pipeline.py
[2026-03-28T04:54:03.057+0000] {logging_mixin.py:188} INFO - [2026-03-28T04:54:03.057+0000] {dag.py:3036} INFO - Sync 1 DAGs
[2026-03-28T04:54:03.081+0000] {logging_mixin.py:188} INFO - [2026-03-28T04:54:03.081+0000] {dag.py:3823} INFO - Setting next_dagrun for weekly_summary_pipeline to 2026-03-23 06:00:00+00:00, run_after=2026-03-30 06:00:00+00:00
[2026-03-28T04:54:03.100+0000] {processor.py:183} INFO - Processing /opt/airflow/dags/weekly_summary_pipeline.py took 0.099 seconds
[2026-03-28T04:54:33.340+0000] {processor.py:161} INFO - Started process (PID=5564) to work on /opt/airflow/dags/weekly_summary_pipeline.py
[2026-03-28T04:54:33.341+0000] {processor.py:830} INFO - Processing file /opt/airflow/dags/weekly_summary_pipeline.py for tasks to queue
[2026-03-28T04:54:33.342+0000] {logging_mixin.py:188} INFO - [2026-03-28T04:54:33.342+0000] {dagbag.py:538} INFO - Filling up the DagBag from /opt/airflow/dags/weekly_summary_pipeline.py
[2026-03-28T04:54:33.363+0000] {processor.py:840} INFO - DAG(s) 'weekly_summary_pipeline' retrieved from /opt/airflow/dags/weekly_summary_pipeline.py
[2026-03-28T04:54:33.391+0000] {logging_mixin.py:188} INFO - [2026-03-28T04:54:33.391+0000] {dag.py:3036} INFO - Sync 1 DAGs
[2026-03-28T04:54:33.414+0000] {logging_mixin.py:188} INFO - [2026-03-28T04:54:33.414+0000] {dag.py:3823} INFO - Setting next_dagrun for weekly_summary_pipeline to 2026-03-23 06:00:00+00:00, run_after=2026-03-30 06:00:00+00:00
[2026-03-28T04:54:33.434+0000] {processor.py:183} INFO - Processing /opt/airflow/dags/weekly_summary_pipeline.py took 0.097 seconds
[2026-03-28T04:55:03.652+0000] {processor.py:161} INFO - Started process (PID=5587) to work on /opt/airflow/dags/weekly_summary_pipeline.py
[2026-03-28T04:55:03.653+0000] {processor.py:830} INFO - Processing file /opt/airflow/dags/weekly_summary_pipeline.py for tasks to queue
[2026-03-28T04:55:03.654+0000] {logging_mixin.py:188} INFO - [2026-03-28T04:55:03.654+0000] {dagbag.py:538} INFO - Filling up the DagBag from /opt/airflow/dags/weekly_summary_pipeline.py
[2026-03-28T04:55:03.674+0000] {processor.py:840} INFO - DAG(s) 'weekly_summary_pipeline' retrieved from /opt/airflow/dags/weekly_summary_pipeline.py
[2026-03-28T04:55:03.700+0000] {logging_mixin.py:188} INFO - [2026-03-28T04:55:03.700+0000] {dag.py:3036} INFO - Sync 1 DAGs
[2026-03-28T04:55:03.725+0000] {logging_mixin.py:188} INFO - [2026-03-28T04:55:03.725+0000] {dag.py:3823} INFO - Setting next_dagrun for weekly_summary_pipeline to 2026-03-23 06:00:00+00:00, run_after=2026-03-30 06:00:00+00:00
[2026-03-28T04:55:03.951+0000] {processor.py:183} INFO - Processing /opt/airflow/dags/weekly_summary_pipeline.py took 0.301 seconds
[2026-03-28T04:55:34.242+0000] {processor.py:161} INFO - Started process (PID=5610) to work on /opt/airflow/dags/weekly_summary_pipeline.py
[2026-03-28T04:55:34.243+0000] {processor.py:830} INFO - Processing file /opt/airflow/dags/weekly_summary_pipeline.py for tasks to queue
[2026-03-28T04:55:34.244+0000] {logging_mixin.py:188} INFO - [2026-03-28T04:55:34.244+0000] {dagbag.py:538} INFO - Filling up the DagBag from /opt/airflow/dags/weekly_summary_pipeline.py
[2026-03-28T04:55:34.266+0000] {processor.py:840} INFO - DAG(s) 'weekly_summary_pipeline' retrieved from /opt/airflow/dags/weekly_summary_pipeline.py
[2026-03-28T04:55:34.296+0000] {logging_mixin.py:188} INFO - [2026-03-28T04:55:34.296+0000] {dag.py:3036} INFO - Sync 1 DAGs
[2026-03-28T04:55:34.323+0000] {logging_mixin.py:188} INFO - [2026-03-28T04:55:34.323+0000] {dag.py:3823} INFO - Setting next_dagrun for weekly_summary_pipeline to 2026-03-23 06:00:00+00:00, run_after=2026-03-30 06:00:00+00:00
[2026-03-28T04:55:34.347+0000] {processor.py:183} INFO - Processing /opt/airflow/dags/weekly_summary_pipeline.py took 0.109 seconds
[2026-03-28T04:56:04.653+0000] {processor.py:161} INFO - Started process (PID=5633) to work on /opt/airflow/dags/weekly_summary_pipeline.py
[2026-03-28T04:56:04.654+0000] {processor.py:830} INFO - Processing file /opt/airflow/dags/weekly_summary_pipeline.py for tasks to queue
[2026-03-28T04:56:04.655+0000] {logging_mixin.py:188} INFO - [2026-03-28T04:56:04.655+0000] {dagbag.py:538} INFO - Filling up the DagBag from /opt/airflow/dags/weekly_summary_pipeline.py
[2026-03-28T04:56:04.675+0000] {processor.py:840} INFO - DAG(s) 'weekly_summary_pipeline' retrieved from /opt/airflow/dags/weekly_summary_pipeline.py
[2026-03-28T04:56:04.706+0000] {logging_mixin.py:188} INFO - [2026-03-28T04:56:04.705+0000] {dag.py:3036} INFO - Sync 1 DAGs
[2026-03-28T04:56:04.733+0000] {logging_mixin.py:188} INFO - [2026-03-28T04:56:04.732+0000] {dag.py:3823} INFO - Setting next_dagrun for weekly_summary_pipeline to 2026-03-23 06:00:00+00:00, run_after=2026-03-30 06:00:00+00:00
[2026-03-28T04:56:04.758+0000] {processor.py:183} INFO - Processing /opt/airflow/dags/weekly_summary_pipeline.py took 0.109 seconds
[2026-03-28T04:56:35.157+0000] {processor.py:161} INFO - Started process (PID=5656) to work on /opt/airflow/dags/weekly_summary_pipeline.py
[2026-03-28T04:56:35.158+0000] {processor.py:830} INFO - Processing file /opt/airflow/dags/weekly_summary_pipeline.py for tasks to queue
[2026-03-28T04:56:35.159+0000] {logging_mixin.py:188} INFO - [2026-03-28T04:56:35.159+0000] {dagbag.py:538} INFO - Filling up the DagBag from /opt/airflow/dags/weekly_summary_pipeline.py
[2026-03-28T04:56:35.181+0000] {processor.py:840} INFO - DAG(s) 'weekly_summary_pipeline' retrieved from /opt/airflow/dags/weekly_summary_pipeline.py
[2026-03-28T04:56:35.215+0000] {logging_mixin.py:188} INFO - [2026-03-28T04:56:35.215+0000] {dag.py:3036} INFO - Sync 1 DAGs
[2026-03-28T04:56:35.240+0000] {logging_mixin.py:188} INFO - [2026-03-28T04:56:35.240+0000] {dag.py:3823} INFO - Setting next_dagrun for weekly_summary_pipeline to 2026-03-23 06:00:00+00:00, run_after=2026-03-30 06:00:00+00:00
[2026-03-28T04:56:35.264+0000] {processor.py:183} INFO - Processing /opt/airflow/dags/weekly_summary_pipeline.py took 0.110 seconds
[2026-03-28T04:57:05.573+0000] {processor.py:161} INFO - Started process (PID=5679) to work on /opt/airflow/dags/weekly_summary_pipeline.py
[2026-03-28T04:57:05.574+0000] {processor.py:830} INFO - Processing file /opt/airflow/dags/weekly_summary_pipeline.py for tasks to queue
[2026-03-28T04:57:05.575+0000] {logging_mixin.py:188} INFO - [2026-03-28T04:57:05.575+0000] {dagbag.py:538} INFO - Filling up the DagBag from /opt/airflow/dags/weekly_summary_pipeline.py
[2026-03-28T04:57:05.601+0000] {processor.py:840} INFO - DAG(s) 'weekly_summary_pipeline' retrieved from /opt/airflow/dags/weekly_summary_pipeline.py
[2026-03-28T04:57:05.631+0000] {logging_mixin.py:188} INFO - [2026-03-28T04:57:05.631+0000] {dag.py:3036} INFO - Sync 1 DAGs
[2026-03-28T04:57:05.655+0000] {logging_mixin.py:188} INFO - [2026-03-28T04:57:05.655+0000] {dag.py:3823} INFO - Setting next_dagrun for weekly_summary_pipeline to 2026-03-23 06:00:00+00:00, run_after=2026-03-30 06:00:00+00:00
[2026-03-28T04:57:05.920+0000] {processor.py:183} INFO - Processing /opt/airflow/dags/weekly_summary_pipeline.py took 0.346 seconds
[2026-03-28T04:57:36.300+0000] {processor.py:161} INFO - Started process (PID=5702) to work on /opt/airflow/dags/weekly_summary_pipeline.py
[2026-03-28T04:57:36.301+0000] {processor.py:830} INFO - Processing file /opt/airflow/dags/weekly_summary_pipeline.py for tasks to queue
[2026-03-28T04:57:36.302+0000] {logging_mixin.py:188} INFO - [2026-03-28T04:57:36.302+0000] {dagbag.py:538} INFO - Filling up the DagBag from /opt/airflow/dags/weekly_summary_pipeline.py
[2026-03-28T04:57:36.325+0000] {processor.py:840} INFO - DAG(s) 'weekly_summary_pipeline' retrieved from /opt/airflow/dags/weekly_summary_pipeline.py
[2026-03-28T04:57:36.350+0000] {logging_mixin.py:188} INFO - [2026-03-28T04:57:36.350+0000] {dag.py:3036} INFO - Sync 1 DAGs
[2026-03-28T04:57:36.552+0000] {logging_mixin.py:188} INFO - [2026-03-28T04:57:36.552+0000] {dag.py:3823} INFO - Setting next_dagrun for weekly_summary_pipeline to 2026-03-23 06:00:00+00:00, run_after=2026-03-30 06:00:00+00:00
[2026-03-28T04:57:36.568+0000] {processor.py:183} INFO - Processing /opt/airflow/dags/weekly_summary_pipeline.py took 0.271 seconds
[2026-03-28T04:58:06.951+0000] {processor.py:161} INFO - Started process (PID=5725) to work on /opt/airflow/dags/weekly_summary_pipeline.py
[2026-03-28T04:58:06.952+0000] {processor.py:830} INFO - Processing file /opt/airflow/dags/weekly_summary_pipeline.py for tasks to queue
[2026-03-28T04:58:06.952+0000] {logging_mixin.py:188} INFO - [2026-03-28T04:58:06.952+0000] {dagbag.py:538} INFO - Filling up the DagBag from /opt/airflow/dags/weekly_summary_pipeline.py
[2026-03-28T04:58:06.970+0000] {processor.py:840} INFO - DAG(s) 'weekly_summary_pipeline' retrieved from /opt/airflow/dags/weekly_summary_pipeline.py
[2026-03-28T04:58:07.000+0000] {logging_mixin.py:188} INFO - [2026-03-28T04:58:07.000+0000] {dag.py:3036} INFO - Sync 1 DAGs
[2026-03-28T04:58:07.025+0000] {logging_mixin.py:188} INFO - [2026-03-28T04:58:07.025+0000] {dag.py:3823} INFO - Setting next_dagrun for weekly_summary_pipeline to 2026-03-23 06:00:00+00:00, run_after=2026-03-30 06:00:00+00:00
[2026-03-28T04:58:07.048+0000] {processor.py:183} INFO - Processing /opt/airflow/dags/weekly_summary_pipeline.py took 0.100 seconds
[2026-03-28T04:58:37.444+0000] {processor.py:161} INFO - Started process (PID=5748) to work on /opt/airflow/dags/weekly_summary_pipeline.py
[2026-03-28T04:58:37.445+0000] {processor.py:830} INFO - Processing file /opt/airflow/dags/weekly_summary_pipeline.py for tasks to queue
[2026-03-28T04:58:37.446+0000] {logging_mixin.py:188} INFO - [2026-03-28T04:58:37.445+0000] {dagbag.py:538} INFO - Filling up the DagBag from /opt/airflow/dags/weekly_summary_pipeline.py
[2026-03-28T04:58:37.465+0000] {processor.py:840} INFO - DAG(s) 'weekly_summary_pipeline' retrieved from /opt/airflow/dags/weekly_summary_pipeline.py
[2026-03-28T04:58:37.492+0000] {logging_mixin.py:188} INFO - [2026-03-28T04:58:37.492+0000] {dag.py:3036} INFO - Sync 1 DAGs
[2026-03-28T04:58:37.515+0000] {logging_mixin.py:188} INFO - [2026-03-28T04:58:37.515+0000] {dag.py:3823} INFO - Setting next_dagrun for weekly_summary_pipeline to 2026-03-23 06:00:00+00:00, run_after=2026-03-30 06:00:00+00:00
[2026-03-28T04:58:37.536+0000] {processor.py:183} INFO - Processing /opt/airflow/dags/weekly_summary_pipeline.py took 0.094 seconds
[2026-03-28T04:59:07.898+0000] {processor.py:161} INFO - Started process (PID=5771) to work on /opt/airflow/dags/weekly_summary_pipeline.py
[2026-03-28T04:59:07.899+0000] {processor.py:830} INFO - Processing file /opt/airflow/dags/weekly_summary_pipeline.py for tasks to queue
[2026-03-28T04:59:07.900+0000] {logging_mixin.py:188} INFO - [2026-03-28T04:59:07.900+0000] {dagbag.py:538} INFO - Filling up the DagBag from /opt/airflow/dags/weekly_summary_pipeline.py
[2026-03-28T04:59:07.918+0000] {processor.py:840} INFO - DAG(s) 'weekly_summary_pipeline' retrieved from /opt/airflow/dags/weekly_summary_pipeline.py
[2026-03-28T04:59:07.947+0000] {logging_mixin.py:188} INFO - [2026-03-28T04:59:07.946+0000] {dag.py:3036} INFO - Sync 1 DAGs
[2026-03-28T04:59:07.968+0000] {logging_mixin.py:188} INFO - [2026-03-28T04:59:07.968+0000] {dag.py:3823} INFO - Setting next_dagrun for weekly_summary_pipeline to 2026-03-23 06:00:00+00:00, run_after=2026-03-30 06:00:00+00:00
[2026-03-28T04:59:08.128+0000] {processor.py:183} INFO - Processing /opt/airflow/dags/weekly_summary_pipeline.py took 0.233 seconds
[2026-03-28T04:59:38.437+0000] {processor.py:161} INFO - Started process (PID=5794) to work on /opt/airflow/dags/weekly_summary_pipeline.py
[2026-03-28T04:59:38.438+0000] {processor.py:830} INFO - Processing file /opt/airflow/dags/weekly_summary_pipeline.py for tasks to queue
[2026-03-28T04:59:38.439+0000] {logging_mixin.py:188} INFO - [2026-03-28T04:59:38.439+0000] {dagbag.py:538} INFO - Filling up the DagBag from /opt/airflow/dags/weekly_summary_pipeline.py
[2026-03-28T04:59:38.457+0000] {processor.py:840} INFO - DAG(s) 'weekly_summary_pipeline' retrieved from /opt/airflow/dags/weekly_summary_pipeline.py
[2026-03-28T04:59:38.491+0000] {logging_mixin.py:188} INFO - [2026-03-28T04:59:38.491+0000] {dag.py:3036} INFO - Sync 1 DAGs
[2026-03-28T04:59:38.706+0000] {logging_mixin.py:188} INFO - [2026-03-28T04:59:38.705+0000] {dag.py:3823} INFO - Setting next_dagrun for weekly_summary_pipeline to 2026-03-23 06:00:00+00:00, run_after=2026-03-30 06:00:00+00:00
[2026-03-28T04:59:38.724+0000] {processor.py:183} INFO - Processing /opt/airflow/dags/weekly_summary_pipeline.py took 0.289 seconds
[2026-03-28T05:00:09.016+0000] {processor.py:161} INFO - Started process (PID=5817) to work on /opt/airflow/dags/weekly_summary_pipeline.py
[2026-03-28T05:00:09.017+0000] {processor.py:830} INFO - Processing file /opt/airflow/dags/weekly_summary_pipeline.py for tasks to queue
[2026-03-28T05:00:09.018+0000] {logging_mixin.py:188} INFO - [2026-03-28T05:00:09.017+0000] {dagbag.py:538} INFO - Filling up the DagBag from /opt/airflow/dags/weekly_summary_pipeline.py
[2026-03-28T05:00:09.044+0000] {processor.py:840} INFO - DAG(s) 'weekly_summary_pipeline' retrieved from /opt/airflow/dags/weekly_summary_pipeline.py
[2026-03-28T05:00:09.109+0000] {logging_mixin.py:188} INFO - [2026-03-28T05:00:09.109+0000] {dag.py:3036} INFO - Sync 1 DAGs
[2026-03-28T05:00:09.153+0000] {logging_mixin.py:188} INFO - [2026-03-28T05:00:09.153+0000] {dag.py:3823} INFO - Setting next_dagrun for weekly_summary_pipeline to 2026-03-23 06:00:00+00:00, run_after=2026-03-30 06:00:00+00:00
[2026-03-28T05:00:09.192+0000] {processor.py:183} INFO - Processing /opt/airflow/dags/weekly_summary_pipeline.py took 0.179 seconds
[2026-03-28T05:00:39.526+0000] {processor.py:161} INFO - Started process (PID=5840) to work on /opt/airflow/dags/weekly_summary_pipeline.py
[2026-03-28T05:00:39.527+0000] {processor.py:830} INFO - Processing file /opt/airflow/dags/weekly_summary_pipeline.py for tasks to queue
[2026-03-28T05:00:39.528+0000] {logging_mixin.py:188} INFO - [2026-03-28T05:00:39.528+0000] {dagbag.py:538} INFO - Filling up the DagBag from /opt/airflow/dags/weekly_summary_pipeline.py
[2026-03-28T05:00:39.551+0000] {processor.py:840} INFO - DAG(s) 'weekly_summary_pipeline' retrieved from /opt/airflow/dags/weekly_summary_pipeline.py
[2026-03-28T05:00:39.586+0000] {logging_mixin.py:188} INFO - [2026-03-28T05:00:39.586+0000] {dag.py:3036} INFO - Sync 1 DAGs
[2026-03-28T05:00:39.612+0000] {logging_mixin.py:188} INFO - [2026-03-28T05:00:39.612+0000] {dag.py:3823} INFO - Setting next_dagrun for weekly_summary_pipeline to 2026-03-23 06:00:00+00:00, run_after=2026-03-30 06:00:00+00:00
[2026-03-28T05:00:39.637+0000] {processor.py:183} INFO - Processing /opt/airflow/dags/weekly_summary_pipeline.py took 0.114 seconds
[2026-03-28T05:01:09.970+0000] {processor.py:161} INFO - Started process (PID=5863) to work on /opt/airflow/dags/weekly_summary_pipeline.py
[2026-03-28T05:01:09.972+0000] {processor.py:830} INFO - Processing file /opt/airflow/dags/weekly_summary_pipeline.py for tasks to queue
[2026-03-28T05:01:09.974+0000] {logging_mixin.py:188} INFO - [2026-03-28T05:01:09.973+0000] {dagbag.py:538} INFO - Filling up the DagBag from /opt/airflow/dags/weekly_summary_pipeline.py
[2026-03-28T05:01:09.997+0000] {processor.py:840} INFO - DAG(s) 'weekly_summary_pipeline' retrieved from /opt/airflow/dags/weekly_summary_pipeline.py
[2026-03-28T05:01:10.047+0000] {logging_mixin.py:188} INFO - [2026-03-28T05:01:10.046+0000] {dag.py:3036} INFO - Sync 1 DAGs
[2026-03-28T05:01:10.073+0000] {logging_mixin.py:188} INFO - [2026-03-28T05:01:10.073+0000] {dag.py:3823} INFO - Setting next_dagrun for weekly_summary_pipeline to 2026-03-23 06:00:00+00:00, run_after=2026-03-30 06:00:00+00:00
[2026-03-28T05:01:10.389+0000] {processor.py:183} INFO - Processing /opt/airflow/dags/weekly_summary_pipeline.py took 0.421 seconds
[2026-03-28T05:01:40.718+0000] {processor.py:161} INFO - Started process (PID=5886) to work on /opt/airflow/dags/weekly_summary_pipeline.py
[2026-03-28T05:01:40.720+0000] {processor.py:830} INFO - Processing file /opt/airflow/dags/weekly_summary_pipeline.py for tasks to queue
[2026-03-28T05:01:40.721+0000] {logging_mixin.py:188} INFO - [2026-03-28T05:01:40.721+0000] {dagbag.py:538} INFO - Filling up the DagBag from /opt/airflow/dags/weekly_summary_pipeline.py
[2026-03-28T05:01:40.746+0000] {processor.py:840} INFO - DAG(s) 'weekly_summary_pipeline' retrieved from /opt/airflow/dags/weekly_summary_pipeline.py
[2026-03-28T05:01:40.785+0000] {logging_mixin.py:188} INFO - [2026-03-28T05:01:40.784+0000] {dag.py:3036} INFO - Sync 1 DAGs
[2026-03-28T05:01:40.981+0000] {logging_mixin.py:188} INFO - [2026-03-28T05:01:40.981+0000] {dag.py:3823} INFO - Setting next_dagrun for weekly_summary_pipeline to 2026-03-23 06:00:00+00:00, run_after=2026-03-30 06:00:00+00:00
[2026-03-28T05:01:41.008+0000] {processor.py:183} INFO - Processing /opt/airflow/dags/weekly_summary_pipeline.py took 0.294 seconds
[2026-03-28T05:02:11.331+0000] {processor.py:161} INFO - Started process (PID=5909) to work on /opt/airflow/dags/weekly_summary_pipeline.py
[2026-03-28T05:02:11.332+0000] {processor.py:830} INFO - Processing file /opt/airflow/dags/weekly_summary_pipeline.py for tasks to queue
[2026-03-28T05:02:11.333+0000] {logging_mixin.py:188} INFO - [2026-03-28T05:02:11.332+0000] {dagbag.py:538} INFO - Filling up the DagBag from /opt/airflow/dags/weekly_summary_pipeline.py
[2026-03-28T05:02:11.356+0000] {processor.py:840} INFO - DAG(s) 'weekly_summary_pipeline' retrieved from /opt/airflow/dags/weekly_summary_pipeline.py
[2026-03-28T05:02:11.561+0000] {logging_mixin.py:188} INFO - [2026-03-28T05:02:11.561+0000] {dag.py:3036} INFO - Sync 1 DAGs
[2026-03-28T05:02:11.582+0000] {logging_mixin.py:188} INFO - [2026-03-28T05:02:11.582+0000] {dag.py:3823} INFO - Setting next_dagrun for weekly_summary_pipeline to 2026-03-23 06:00:00+00:00, run_after=2026-03-30 06:00:00+00:00
[2026-03-28T05:02:11.602+0000] {processor.py:183} INFO - Processing /opt/airflow/dags/weekly_summary_pipeline.py took 0.274 seconds
[2026-03-28T05:02:41.963+0000] {processor.py:161} INFO - Started process (PID=5932) to work on /opt/airflow/dags/weekly_summary_pipeline.py
[2026-03-28T05:02:41.968+0000] {processor.py:830} INFO - Processing file /opt/airflow/dags/weekly_summary_pipeline.py for tasks to queue
[2026-03-28T05:02:41.971+0000] {logging_mixin.py:188} INFO - [2026-03-28T05:02:41.969+0000] {dagbag.py:538} INFO - Filling up the DagBag from /opt/airflow/dags/weekly_summary_pipeline.py
[2026-03-28T05:02:42.020+0000] {processor.py:840} INFO - DAG(s) 'weekly_summary_pipeline' retrieved from /opt/airflow/dags/weekly_summary_pipeline.py
[2026-03-28T05:02:42.065+0000] {logging_mixin.py:188} INFO - [2026-03-28T05:02:42.065+0000] {dag.py:3036} INFO - Sync 1 DAGs
[2026-03-28T05:02:42.108+0000] {logging_mixin.py:188} INFO - [2026-03-28T05:02:42.107+0000] {dag.py:3823} INFO - Setting next_dagrun for weekly_summary_pipeline to 2026-03-23 06:00:00+00:00, run_after=2026-03-30 06:00:00+00:00
[2026-03-28T05:02:42.136+0000] {processor.py:183} INFO - Processing /opt/airflow/dags/weekly_summary_pipeline.py took 0.191 seconds
[2026-03-28T05:03:12.445+0000] {processor.py:161} INFO - Started process (PID=5955) to work on /opt/airflow/dags/weekly_summary_pipeline.py
[2026-03-28T05:03:12.446+0000] {processor.py:830} INFO - Processing file /opt/airflow/dags/weekly_summary_pipeline.py for tasks to queue
[2026-03-28T05:03:12.447+0000] {logging_mixin.py:188} INFO - [2026-03-28T05:03:12.447+0000] {dagbag.py:538} INFO - Filling up the DagBag from /opt/airflow/dags/weekly_summary_pipeline.py
[2026-03-28T05:03:12.471+0000] {processor.py:840} INFO - DAG(s) 'weekly_summary_pipeline' retrieved from /opt/airflow/dags/weekly_summary_pipeline.py
[2026-03-28T05:03:12.500+0000] {logging_mixin.py:188} INFO - [2026-03-28T05:03:12.500+0000] {dag.py:3036} INFO - Sync 1 DAGs
[2026-03-28T05:03:12.526+0000] {logging_mixin.py:188} INFO - [2026-03-28T05:03:12.525+0000] {dag.py:3823} INFO - Setting next_dagrun for weekly_summary_pipeline to 2026-03-23 06:00:00+00:00, run_after=2026-03-30 06:00:00+00:00
[2026-03-28T05:03:12.547+0000] {processor.py:183} INFO - Processing /opt/airflow/dags/weekly_summary_pipeline.py took 0.106 seconds
[2026-03-28T05:03:42.905+0000] {processor.py:161} INFO - Started process (PID=5970) to work on /opt/airflow/dags/weekly_summary_pipeline.py
[2026-03-28T05:03:42.906+0000] {processor.py:830} INFO - Processing file /opt/airflow/dags/weekly_summary_pipeline.py for tasks to queue
[2026-03-28T05:03:42.907+0000] {logging_mixin.py:188} INFO - [2026-03-28T05:03:42.907+0000] {dagbag.py:538} INFO - Filling up the DagBag from /opt/airflow/dags/weekly_summary_pipeline.py
[2026-03-28T05:03:42.935+0000] {processor.py:840} INFO - DAG(s) 'weekly_summary_pipeline' retrieved from /opt/airflow/dags/weekly_summary_pipeline.py
[2026-03-28T05:03:42.968+0000] {logging_mixin.py:188} INFO - [2026-03-28T05:03:42.968+0000] {dag.py:3036} INFO - Sync 1 DAGs
[2026-03-28T05:03:42.993+0000] {logging_mixin.py:188} INFO - [2026-03-28T05:03:42.993+0000] {dag.py:3823} INFO - Setting next_dagrun for weekly_summary_pipeline to 2026-03-23 06:00:00+00:00, run_after=2026-03-30 06:00:00+00:00
[2026-03-28T05:03:43.018+0000] {processor.py:183} INFO - Processing /opt/airflow/dags/weekly_summary_pipeline.py took 0.116 seconds
[2026-03-28T05:04:13.376+0000] {processor.py:161} INFO - Started process (PID=5993) to work on /opt/airflow/dags/weekly_summary_pipeline.py
[2026-03-28T05:04:13.377+0000] {processor.py:830} INFO - Processing file /opt/airflow/dags/weekly_summary_pipeline.py for tasks to queue
[2026-03-28T05:04:13.379+0000] {logging_mixin.py:188} INFO - [2026-03-28T05:04:13.378+0000] {dagbag.py:538} INFO - Filling up the DagBag from /opt/airflow/dags/weekly_summary_pipeline.py
[2026-03-28T05:04:13.405+0000] {processor.py:840} INFO - DAG(s) 'weekly_summary_pipeline' retrieved from /opt/airflow/dags/weekly_summary_pipeline.py
[2026-03-28T05:04:13.440+0000] {logging_mixin.py:188} INFO - [2026-03-28T05:04:13.440+0000] {dag.py:3036} INFO - Sync 1 DAGs
[2026-03-28T05:04:13.473+0000] {logging_mixin.py:188} INFO - [2026-03-28T05:04:13.473+0000] {dag.py:3823} INFO - Setting next_dagrun for weekly_summary_pipeline to 2026-03-23 06:00:00+00:00, run_after=2026-03-30 06:00:00+00:00
[2026-03-28T05:04:13.504+0000] {processor.py:183} INFO - Processing /opt/airflow/dags/weekly_summary_pipeline.py took 0.132 seconds
[2026-03-28T05:04:43.867+0000] {processor.py:161} INFO - Started process (PID=6016) to work on /opt/airflow/dags/weekly_summary_pipeline.py
[2026-03-28T05:04:43.868+0000] {processor.py:830} INFO - Processing file /opt/airflow/dags/weekly_summary_pipeline.py for tasks to queue
[2026-03-28T05:04:43.869+0000] {logging_mixin.py:188} INFO - [2026-03-28T05:04:43.869+0000] {dagbag.py:538} INFO - Filling up the DagBag from /opt/airflow/dags/weekly_summary_pipeline.py
[2026-03-28T05:04:43.891+0000] {processor.py:840} INFO - DAG(s) 'weekly_summary_pipeline' retrieved from /opt/airflow/dags/weekly_summary_pipeline.py
[2026-03-28T05:04:43.922+0000] {logging_mixin.py:188} INFO - [2026-03-28T05:04:43.922+0000] {dag.py:3036} INFO - Sync 1 DAGs
[2026-03-28T05:04:43.948+0000] {logging_mixin.py:188} INFO - [2026-03-28T05:04:43.948+0000] {dag.py:3823} INFO - Setting next_dagrun for weekly_summary_pipeline to 2026-03-23 06:00:00+00:00, run_after=2026-03-30 06:00:00+00:00
[2026-03-28T05:04:43.970+0000] {processor.py:183} INFO - Processing /opt/airflow/dags/weekly_summary_pipeline.py took 0.106 seconds
[2026-03-28T05:05:14.320+0000] {processor.py:161} INFO - Started process (PID=6039) to work on /opt/airflow/dags/weekly_summary_pipeline.py
[2026-03-28T05:05:14.321+0000] {processor.py:830} INFO - Processing file /opt/airflow/dags/weekly_summary_pipeline.py for tasks to queue
[2026-03-28T05:05:14.322+0000] {logging_mixin.py:188} INFO - [2026-03-28T05:05:14.322+0000] {dagbag.py:538} INFO - Filling up the DagBag from /opt/airflow/dags/weekly_summary_pipeline.py
[2026-03-28T05:05:14.349+0000] {processor.py:840} INFO - DAG(s) 'weekly_summary_pipeline' retrieved from /opt/airflow/dags/weekly_summary_pipeline.py
[2026-03-28T05:05:14.378+0000] {logging_mixin.py:188} INFO - [2026-03-28T05:05:14.378+0000] {dag.py:3036} INFO - Sync 1 DAGs
[2026-03-28T05:05:14.405+0000] {logging_mixin.py:188} INFO - [2026-03-28T05:05:14.405+0000] {dag.py:3823} INFO - Setting next_dagrun for weekly_summary_pipeline to 2026-03-23 06:00:00+00:00, run_after=2026-03-30 06:00:00+00:00
[2026-03-28T05:05:14.429+0000] {processor.py:183} INFO - Processing /opt/airflow/dags/weekly_summary_pipeline.py took 0.113 seconds
[2026-03-28T05:05:44.755+0000] {processor.py:161} INFO - Started process (PID=6062) to work on /opt/airflow/dags/weekly_summary_pipeline.py
[2026-03-28T05:05:44.756+0000] {processor.py:830} INFO - Processing file /opt/airflow/dags/weekly_summary_pipeline.py for tasks to queue
[2026-03-28T05:05:44.757+0000] {logging_mixin.py:188} INFO - [2026-03-28T05:05:44.757+0000] {dagbag.py:538} INFO - Filling up the DagBag from /opt/airflow/dags/weekly_summary_pipeline.py
[2026-03-28T05:05:44.780+0000] {processor.py:840} INFO - DAG(s) 'weekly_summary_pipeline' retrieved from /opt/airflow/dags/weekly_summary_pipeline.py
[2026-03-28T05:05:44.813+0000] {logging_mixin.py:188} INFO - [2026-03-28T05:05:44.813+0000] {dag.py:3036} INFO - Sync 1 DAGs
[2026-03-28T05:05:44.839+0000] {logging_mixin.py:188} INFO - [2026-03-28T05:05:44.839+0000] {dag.py:3823} INFO - Setting next_dagrun for weekly_summary_pipeline to 2026-03-23 06:00:00+00:00, run_after=2026-03-30 06:00:00+00:00
[2026-03-28T05:05:44.860+0000] {processor.py:183} INFO - Processing /opt/airflow/dags/weekly_summary_pipeline.py took 0.108 seconds
[2026-03-28T05:06:15.202+0000] {processor.py:161} INFO - Started process (PID=6085) to work on /opt/airflow/dags/weekly_summary_pipeline.py
[2026-03-28T05:06:15.203+0000] {processor.py:830} INFO - Processing file /opt/airflow/dags/weekly_summary_pipeline.py for tasks to queue
[2026-03-28T05:06:15.204+0000] {logging_mixin.py:188} INFO - [2026-03-28T05:06:15.204+0000] {dagbag.py:538} INFO - Filling up the DagBag from /opt/airflow/dags/weekly_summary_pipeline.py
[2026-03-28T05:06:15.226+0000] {processor.py:840} INFO - DAG(s) 'weekly_summary_pipeline' retrieved from /opt/airflow/dags/weekly_summary_pipeline.py
[2026-03-28T05:06:15.255+0000] {logging_mixin.py:188} INFO - [2026-03-28T05:06:15.254+0000] {dag.py:3036} INFO - Sync 1 DAGs
[2026-03-28T05:06:15.279+0000] {logging_mixin.py:188} INFO - [2026-03-28T05:06:15.279+0000] {dag.py:3823} INFO - Setting next_dagrun for weekly_summary_pipeline to 2026-03-23 06:00:00+00:00, run_after=2026-03-30 06:00:00+00:00
[2026-03-28T05:06:15.302+0000] {processor.py:183} INFO - Processing /opt/airflow/dags/weekly_summary_pipeline.py took 0.103 seconds
[2026-03-28T05:06:45.628+0000] {processor.py:161} INFO - Started process (PID=6108) to work on /opt/airflow/dags/weekly_summary_pipeline.py
[2026-03-28T05:06:45.629+0000] {processor.py:830} INFO - Processing file /opt/airflow/dags/weekly_summary_pipeline.py for tasks to queue
[2026-03-28T05:06:45.630+0000] {logging_mixin.py:188} INFO - [2026-03-28T05:06:45.630+0000] {dagbag.py:538} INFO - Filling up the DagBag from /opt/airflow/dags/weekly_summary_pipeline.py
[2026-03-28T05:06:45.655+0000] {processor.py:840} INFO - DAG(s) 'weekly_summary_pipeline' retrieved from /opt/airflow/dags/weekly_summary_pipeline.py
[2026-03-28T05:06:45.685+0000] {logging_mixin.py:188} INFO - [2026-03-28T05:06:45.684+0000] {dag.py:3036} INFO - Sync 1 DAGs
[2026-03-28T05:06:45.708+0000] {logging_mixin.py:188} INFO - [2026-03-28T05:06:45.708+0000] {dag.py:3823} INFO - Setting next_dagrun for weekly_summary_pipeline to 2026-03-23 06:00:00+00:00, run_after=2026-03-30 06:00:00+00:00
[2026-03-28T05:06:45.730+0000] {processor.py:183} INFO - Processing /opt/airflow/dags/weekly_summary_pipeline.py took 0.105 seconds
[2026-03-28T05:07:16.046+0000] {processor.py:161} INFO - Started process (PID=6131) to work on /opt/airflow/dags/weekly_summary_pipeline.py
[2026-03-28T05:07:16.047+0000] {processor.py:830} INFO - Processing file /opt/airflow/dags/weekly_summary_pipeline.py for tasks to queue
[2026-03-28T05:07:16.048+0000] {logging_mixin.py:188} INFO - [2026-03-28T05:07:16.048+0000] {dagbag.py:538} INFO - Filling up the DagBag from /opt/airflow/dags/weekly_summary_pipeline.py
[2026-03-28T05:07:16.069+0000] {processor.py:840} INFO - DAG(s) 'weekly_summary_pipeline' retrieved from /opt/airflow/dags/weekly_summary_pipeline.py
[2026-03-28T05:07:16.096+0000] {logging_mixin.py:188} INFO - [2026-03-28T05:07:16.096+0000] {dag.py:3036} INFO - Sync 1 DAGs
[2026-03-28T05:07:16.119+0000] {logging_mixin.py:188} INFO - [2026-03-28T05:07:16.119+0000] {dag.py:3823} INFO - Setting next_dagrun for weekly_summary_pipeline to 2026-03-23 06:00:00+00:00, run_after=2026-03-30 06:00:00+00:00
[2026-03-28T05:07:16.143+0000] {processor.py:183} INFO - Processing /opt/airflow/dags/weekly_summary_pipeline.py took 0.101 seconds
[2026-03-28T05:07:46.569+0000] {processor.py:161} INFO - Started process (PID=6154) to work on /opt/airflow/dags/weekly_summary_pipeline.py
[2026-03-28T05:07:46.570+0000] {processor.py:830} INFO - Processing file /opt/airflow/dags/weekly_summary_pipeline.py for tasks to queue
[2026-03-28T05:07:46.570+0000] {logging_mixin.py:188} INFO - [2026-03-28T05:07:46.570+0000] {dagbag.py:538} INFO - Filling up the DagBag from /opt/airflow/dags/weekly_summary_pipeline.py
[2026-03-28T05:07:46.590+0000] {processor.py:840} INFO - DAG(s) 'weekly_summary_pipeline' retrieved from /opt/airflow/dags/weekly_summary_pipeline.py
[2026-03-28T05:07:46.618+0000] {logging_mixin.py:188} INFO - [2026-03-28T05:07:46.618+0000] {dag.py:3036} INFO - Sync 1 DAGs
[2026-03-28T05:07:46.641+0000] {logging_mixin.py:188} INFO - [2026-03-28T05:07:46.641+0000] {dag.py:3823} INFO - Setting next_dagrun for weekly_summary_pipeline to 2026-03-23 06:00:00+00:00, run_after=2026-03-30 06:00:00+00:00
[2026-03-28T05:07:46.666+0000] {processor.py:183} INFO - Processing /opt/airflow/dags/weekly_summary_pipeline.py took 0.101 seconds
[2026-03-28T05:08:16.974+0000] {processor.py:161} INFO - Started process (PID=6177) to work on /opt/airflow/dags/weekly_summary_pipeline.py
[2026-03-28T05:08:16.975+0000] {processor.py:830} INFO - Processing file /opt/airflow/dags/weekly_summary_pipeline.py for tasks to queue
[2026-03-28T05:08:16.975+0000] {logging_mixin.py:188} INFO - [2026-03-28T05:08:16.975+0000] {dagbag.py:538} INFO - Filling up the DagBag from /opt/airflow/dags/weekly_summary_pipeline.py
[2026-03-28T05:08:16.998+0000] {processor.py:840} INFO - DAG(s) 'weekly_summary_pipeline' retrieved from /opt/airflow/dags/weekly_summary_pipeline.py
[2026-03-28T05:08:17.025+0000] {logging_mixin.py:188} INFO - [2026-03-28T05:08:17.025+0000] {dag.py:3036} INFO - Sync 1 DAGs
[2026-03-28T05:08:17.047+0000] {logging_mixin.py:188} INFO - [2026-03-28T05:08:17.047+0000] {dag.py:3823} INFO - Setting next_dagrun for weekly_summary_pipeline to 2026-03-23 06:00:00+00:00, run_after=2026-03-30 06:00:00+00:00
[2026-03-28T05:08:17.068+0000] {processor.py:183} INFO - Processing /opt/airflow/dags/weekly_summary_pipeline.py took 0.097 seconds
[2026-03-28T05:08:47.467+0000] {processor.py:161} INFO - Started process (PID=6200) to work on /opt/airflow/dags/weekly_summary_pipeline.py
[2026-03-28T05:08:47.469+0000] {processor.py:830} INFO - Processing file /opt/airflow/dags/weekly_summary_pipeline.py for tasks to queue
[2026-03-28T05:08:47.469+0000] {logging_mixin.py:188} INFO - [2026-03-28T05:08:47.469+0000] {dagbag.py:538} INFO - Filling up the DagBag from /opt/airflow/dags/weekly_summary_pipeline.py
[2026-03-28T05:08:47.489+0000] {processor.py:840} INFO - DAG(s) 'weekly_summary_pipeline' retrieved from /opt/airflow/dags/weekly_summary_pipeline.py
[2026-03-28T05:08:47.521+0000] {logging_mixin.py:188} INFO - [2026-03-28T05:08:47.521+0000] {dag.py:3036} INFO - Sync 1 DAGs
[2026-03-28T05:08:47.542+0000] {logging_mixin.py:188} INFO - [2026-03-28T05:08:47.542+0000] {dag.py:3823} INFO - Setting next_dagrun for weekly_summary_pipeline to 2026-03-23 06:00:00+00:00, run_after=2026-03-30 06:00:00+00:00
[2026-03-28T05:08:47.565+0000] {processor.py:183} INFO - Processing /opt/airflow/dags/weekly_summary_pipeline.py took 0.100 seconds
[2026-03-28T05:09:17.934+0000] {processor.py:161} INFO - Started process (PID=6224) to work on /opt/airflow/dags/weekly_summary_pipeline.py
[2026-03-28T05:09:17.936+0000] {processor.py:830} INFO - Processing file /opt/airflow/dags/weekly_summary_pipeline.py for tasks to queue
[2026-03-28T05:09:17.937+0000] {logging_mixin.py:188} INFO - [2026-03-28T05:09:17.936+0000] {dagbag.py:538} INFO - Filling up the DagBag from /opt/airflow/dags/weekly_summary_pipeline.py
[2026-03-28T05:09:17.954+0000] {processor.py:840} INFO - DAG(s) 'weekly_summary_pipeline' retrieved from /opt/airflow/dags/weekly_summary_pipeline.py
[2026-03-28T05:09:17.981+0000] {logging_mixin.py:188} INFO - [2026-03-28T05:09:17.981+0000] {dag.py:3036} INFO - Sync 1 DAGs
[2026-03-28T05:09:18.004+0000] {logging_mixin.py:188} INFO - [2026-03-28T05:09:18.003+0000] {dag.py:3823} INFO - Setting next_dagrun for weekly_summary_pipeline to 2026-03-23 06:00:00+00:00, run_after=2026-03-30 06:00:00+00:00
[2026-03-28T05:09:18.026+0000] {processor.py:183} INFO - Processing /opt/airflow/dags/weekly_summary_pipeline.py took 0.095 seconds
[2026-03-28T05:09:48.440+0000] {processor.py:161} INFO - Started process (PID=6247) to work on /opt/airflow/dags/weekly_summary_pipeline.py
[2026-03-28T05:09:48.441+0000] {processor.py:830} INFO - Processing file /opt/airflow/dags/weekly_summary_pipeline.py for tasks to queue
[2026-03-28T05:09:48.442+0000] {logging_mixin.py:188} INFO - [2026-03-28T05:09:48.442+0000] {dagbag.py:538} INFO - Filling up the DagBag from /opt/airflow/dags/weekly_summary_pipeline.py
[2026-03-28T05:09:48.461+0000] {processor.py:840} INFO - DAG(s) 'weekly_summary_pipeline' retrieved from /opt/airflow/dags/weekly_summary_pipeline.py
[2026-03-28T05:09:48.494+0000] {logging_mixin.py:188} INFO - [2026-03-28T05:09:48.494+0000] {dag.py:3036} INFO - Sync 1 DAGs
[2026-03-28T05:09:48.517+0000] {logging_mixin.py:188} INFO - [2026-03-28T05:09:48.517+0000] {dag.py:3823} INFO - Setting next_dagrun for weekly_summary_pipeline to 2026-03-23 06:00:00+00:00, run_after=2026-03-30 06:00:00+00:00
[2026-03-28T05:09:48.541+0000] {processor.py:183} INFO - Processing /opt/airflow/dags/weekly_summary_pipeline.py took 0.103 seconds
[2026-03-28T05:10:18.899+0000] {processor.py:161} INFO - Started process (PID=6270) to work on /opt/airflow/dags/weekly_summary_pipeline.py
[2026-03-28T05:10:18.901+0000] {processor.py:830} INFO - Processing file /opt/airflow/dags/weekly_summary_pipeline.py for tasks to queue
[2026-03-28T05:10:18.901+0000] {logging_mixin.py:188} INFO - [2026-03-28T05:10:18.901+0000] {dagbag.py:538} INFO - Filling up the DagBag from /opt/airflow/dags/weekly_summary_pipeline.py
[2026-03-28T05:10:18.917+0000] {processor.py:840} INFO - DAG(s) 'weekly_summary_pipeline' retrieved from /opt/airflow/dags/weekly_summary_pipeline.py
[2026-03-28T05:10:18.946+0000] {logging_mixin.py:188} INFO - [2026-03-28T05:10:18.946+0000] {dag.py:3036} INFO - Sync 1 DAGs
[2026-03-28T05:10:18.970+0000] {logging_mixin.py:188} INFO - [2026-03-28T05:10:18.969+0000] {dag.py:3823} INFO - Setting next_dagrun for weekly_summary_pipeline to 2026-03-23 06:00:00+00:00, run_after=2026-03-30 06:00:00+00:00
[2026-03-28T05:10:18.993+0000] {processor.py:183} INFO - Processing /opt/airflow/dags/weekly_summary_pipeline.py took 0.096 seconds
[2026-03-28T05:10:49.356+0000] {processor.py:161} INFO - Started process (PID=6293) to work on /opt/airflow/dags/weekly_summary_pipeline.py
[2026-03-28T05:10:49.357+0000] {processor.py:830} INFO - Processing file /opt/airflow/dags/weekly_summary_pipeline.py for tasks to queue
[2026-03-28T05:10:49.358+0000] {logging_mixin.py:188} INFO - [2026-03-28T05:10:49.358+0000] {dagbag.py:538} INFO - Filling up the DagBag from /opt/airflow/dags/weekly_summary_pipeline.py
[2026-03-28T05:10:49.376+0000] {processor.py:840} INFO - DAG(s) 'weekly_summary_pipeline' retrieved from /opt/airflow/dags/weekly_summary_pipeline.py
[2026-03-28T05:10:49.405+0000] {logging_mixin.py:188} INFO - [2026-03-28T05:10:49.405+0000] {dag.py:3036} INFO - Sync 1 DAGs
[2026-03-28T05:10:49.428+0000] {logging_mixin.py:188} INFO - [2026-03-28T05:10:49.428+0000] {dag.py:3823} INFO - Setting next_dagrun for weekly_summary_pipeline to 2026-03-23 06:00:00+00:00, run_after=2026-03-30 06:00:00+00:00
[2026-03-28T05:10:49.450+0000] {processor.py:183} INFO - Processing /opt/airflow/dags/weekly_summary_pipeline.py took 0.096 seconds
[2026-03-28T05:11:19.808+0000] {processor.py:161} INFO - Started process (PID=6316) to work on /opt/airflow/dags/weekly_summary_pipeline.py
[2026-03-28T05:11:19.809+0000] {processor.py:830} INFO - Processing file /opt/airflow/dags/weekly_summary_pipeline.py for tasks to queue
[2026-03-28T05:11:19.810+0000] {logging_mixin.py:188} INFO - [2026-03-28T05:11:19.809+0000] {dagbag.py:538} INFO - Filling up the DagBag from /opt/airflow/dags/weekly_summary_pipeline.py
[2026-03-28T05:11:19.828+0000] {processor.py:840} INFO - DAG(s) 'weekly_summary_pipeline' retrieved from /opt/airflow/dags/weekly_summary_pipeline.py
[2026-03-28T05:11:19.853+0000] {logging_mixin.py:188} INFO - [2026-03-28T05:11:19.852+0000] {dag.py:3036} INFO - Sync 1 DAGs
[2026-03-28T05:11:19.876+0000] {logging_mixin.py:188} INFO - [2026-03-28T05:11:19.876+0000] {dag.py:3823} INFO - Setting next_dagrun for weekly_summary_pipeline to 2026-03-23 06:00:00+00:00, run_after=2026-03-30 06:00:00+00:00
[2026-03-28T05:11:19.899+0000] {processor.py:183} INFO - Processing /opt/airflow/dags/weekly_summary_pipeline.py took 0.094 seconds
[2026-03-28T05:11:50.270+0000] {processor.py:161} INFO - Started process (PID=6339) to work on /opt/airflow/dags/weekly_summary_pipeline.py
[2026-03-28T05:11:50.271+0000] {processor.py:830} INFO - Processing file /opt/airflow/dags/weekly_summary_pipeline.py for tasks to queue
[2026-03-28T05:11:50.272+0000] {logging_mixin.py:188} INFO - [2026-03-28T05:11:50.272+0000] {dagbag.py:538} INFO - Filling up the DagBag from /opt/airflow/dags/weekly_summary_pipeline.py
[2026-03-28T05:11:50.290+0000] {processor.py:840} INFO - DAG(s) 'weekly_summary_pipeline' retrieved from /opt/airflow/dags/weekly_summary_pipeline.py
[2026-03-28T05:11:50.317+0000] {logging_mixin.py:188} INFO - [2026-03-28T05:11:50.317+0000] {dag.py:3036} INFO - Sync 1 DAGs
[2026-03-28T05:11:50.342+0000] {logging_mixin.py:188} INFO - [2026-03-28T05:11:50.342+0000] {dag.py:3823} INFO - Setting next_dagrun for weekly_summary_pipeline to 2026-03-23 06:00:00+00:00, run_after=2026-03-30 06:00:00+00:00
[2026-03-28T05:11:50.366+0000] {processor.py:183} INFO - Processing /opt/airflow/dags/weekly_summary_pipeline.py took 0.098 seconds
[2026-03-28T05:12:20.692+0000] {processor.py:161} INFO - Started process (PID=6362) to work on /opt/airflow/dags/weekly_summary_pipeline.py
[2026-03-28T05:12:20.694+0000] {processor.py:830} INFO - Processing file /opt/airflow/dags/weekly_summary_pipeline.py for tasks to queue
[2026-03-28T05:12:20.696+0000] {logging_mixin.py:188} INFO - [2026-03-28T05:12:20.695+0000] {dagbag.py:538} INFO - Filling up the DagBag from /opt/airflow/dags/weekly_summary_pipeline.py
[2026-03-28T05:12:20.726+0000] {processor.py:840} INFO - DAG(s) 'weekly_summary_pipeline' retrieved from /opt/airflow/dags/weekly_summary_pipeline.py
[2026-03-28T05:12:20.769+0000] {logging_mixin.py:188} INFO - [2026-03-28T05:12:20.769+0000] {dag.py:3036} INFO - Sync 1 DAGs
[2026-03-28T05:12:20.794+0000] {logging_mixin.py:188} INFO - [2026-03-28T05:12:20.794+0000] {dag.py:3823} INFO - Setting next_dagrun for weekly_summary_pipeline to 2026-03-23 06:00:00+00:00, run_after=2026-03-30 06:00:00+00:00
[2026-03-28T05:12:20.821+0000] {processor.py:183} INFO - Processing /opt/airflow/dags/weekly_summary_pipeline.py took 0.133 seconds
[2026-03-28T05:12:51.194+0000] {processor.py:161} INFO - Started process (PID=6377) to work on /opt/airflow/dags/weekly_summary_pipeline.py
[2026-03-28T05:12:51.195+0000] {processor.py:830} INFO - Processing file /opt/airflow/dags/weekly_summary_pipeline.py for tasks to queue
[2026-03-28T05:12:51.196+0000] {logging_mixin.py:188} INFO - [2026-03-28T05:12:51.195+0000] {dagbag.py:538} INFO - Filling up the DagBag from /opt/airflow/dags/weekly_summary_pipeline.py
[2026-03-28T05:12:51.214+0000] {processor.py:840} INFO - DAG(s) 'weekly_summary_pipeline' retrieved from /opt/airflow/dags/weekly_summary_pipeline.py
[2026-03-28T05:12:51.244+0000] {logging_mixin.py:188} INFO - [2026-03-28T05:12:51.244+0000] {dag.py:3036} INFO - Sync 1 DAGs
[2026-03-28T05:12:51.267+0000] {logging_mixin.py:188} INFO - [2026-03-28T05:12:51.267+0000] {dag.py:3823} INFO - Setting next_dagrun for weekly_summary_pipeline to 2026-03-23 06:00:00+00:00, run_after=2026-03-30 06:00:00+00:00
[2026-03-28T05:12:51.290+0000] {processor.py:183} INFO - Processing /opt/airflow/dags/weekly_summary_pipeline.py took 0.100 seconds
[2026-03-28T05:13:21.680+0000] {processor.py:161} INFO - Started process (PID=6400) to work on /opt/airflow/dags/weekly_summary_pipeline.py
[2026-03-28T05:13:21.681+0000] {processor.py:830} INFO - Processing file /opt/airflow/dags/weekly_summary_pipeline.py for tasks to queue
[2026-03-28T05:13:21.682+0000] {logging_mixin.py:188} INFO - [2026-03-28T05:13:21.682+0000] {dagbag.py:538} INFO - Filling up the DagBag from /opt/airflow/dags/weekly_summary_pipeline.py
[2026-03-28T05:13:21.701+0000] {processor.py:840} INFO - DAG(s) 'weekly_summary_pipeline' retrieved from /opt/airflow/dags/weekly_summary_pipeline.py
[2026-03-28T05:13:21.726+0000] {logging_mixin.py:188} INFO - [2026-03-28T05:13:21.726+0000] {dag.py:3036} INFO - Sync 1 DAGs
[2026-03-28T05:13:21.749+0000] {logging_mixin.py:188} INFO - [2026-03-28T05:13:21.749+0000] {dag.py:3823} INFO - Setting next_dagrun for weekly_summary_pipeline to 2026-03-23 06:00:00+00:00, run_after=2026-03-30 06:00:00+00:00
[2026-03-28T05:13:21.775+0000] {processor.py:183} INFO - Processing /opt/airflow/dags/weekly_summary_pipeline.py took 0.098 seconds
[2026-03-28T05:13:52.206+0000] {processor.py:161} INFO - Started process (PID=6423) to work on /opt/airflow/dags/weekly_summary_pipeline.py
[2026-03-28T05:13:52.208+0000] {processor.py:830} INFO - Processing file /opt/airflow/dags/weekly_summary_pipeline.py for tasks to queue
[2026-03-28T05:13:52.209+0000] {logging_mixin.py:188} INFO - [2026-03-28T05:13:52.208+0000] {dagbag.py:538} INFO - Filling up the DagBag from /opt/airflow/dags/weekly_summary_pipeline.py
[2026-03-28T05:13:52.229+0000] {processor.py:840} INFO - DAG(s) 'weekly_summary_pipeline' retrieved from /opt/airflow/dags/weekly_summary_pipeline.py
[2026-03-28T05:13:52.258+0000] {logging_mixin.py:188} INFO - [2026-03-28T05:13:52.257+0000] {dag.py:3036} INFO - Sync 1 DAGs
[2026-03-28T05:13:52.283+0000] {logging_mixin.py:188} INFO - [2026-03-28T05:13:52.283+0000] {dag.py:3823} INFO - Setting next_dagrun for weekly_summary_pipeline to 2026-03-23 06:00:00+00:00, run_after=2026-03-30 06:00:00+00:00
[2026-03-28T05:13:52.306+0000] {processor.py:183} INFO - Processing /opt/airflow/dags/weekly_summary_pipeline.py took 0.102 seconds
[2026-03-28T05:14:22.650+0000] {processor.py:161} INFO - Started process (PID=6446) to work on /opt/airflow/dags/weekly_summary_pipeline.py
[2026-03-28T05:14:22.651+0000] {processor.py:830} INFO - Processing file /opt/airflow/dags/weekly_summary_pipeline.py for tasks to queue
[2026-03-28T05:14:22.652+0000] {logging_mixin.py:188} INFO - [2026-03-28T05:14:22.652+0000] {dagbag.py:538} INFO - Filling up the DagBag from /opt/airflow/dags/weekly_summary_pipeline.py
[2026-03-28T05:14:22.673+0000] {processor.py:840} INFO - DAG(s) 'weekly_summary_pipeline' retrieved from /opt/airflow/dags/weekly_summary_pipeline.py
[2026-03-28T05:14:22.699+0000] {logging_mixin.py:188} INFO - [2026-03-28T05:14:22.699+0000] {dag.py:3036} INFO - Sync 1 DAGs
[2026-03-28T05:14:22.721+0000] {logging_mixin.py:188} INFO - [2026-03-28T05:14:22.721+0000] {dag.py:3823} INFO - Setting next_dagrun for weekly_summary_pipeline to 2026-03-23 06:00:00+00:00, run_after=2026-03-30 06:00:00+00:00
[2026-03-28T05:14:22.746+0000] {processor.py:183} INFO - Processing /opt/airflow/dags/weekly_summary_pipeline.py took 0.099 seconds
[2026-03-28T05:14:53.116+0000] {processor.py:161} INFO - Started process (PID=6469) to work on /opt/airflow/dags/weekly_summary_pipeline.py
[2026-03-28T05:14:53.118+0000] {processor.py:830} INFO - Processing file /opt/airflow/dags/weekly_summary_pipeline.py for tasks to queue
[2026-03-28T05:14:53.118+0000] {logging_mixin.py:188} INFO - [2026-03-28T05:14:53.118+0000] {dagbag.py:538} INFO - Filling up the DagBag from /opt/airflow/dags/weekly_summary_pipeline.py
[2026-03-28T05:14:53.137+0000] {processor.py:840} INFO - DAG(s) 'weekly_summary_pipeline' retrieved from /opt/airflow/dags/weekly_summary_pipeline.py
[2026-03-28T05:14:53.164+0000] {logging_mixin.py:188} INFO - [2026-03-28T05:14:53.164+0000] {dag.py:3036} INFO - Sync 1 DAGs
[2026-03-28T05:14:53.188+0000] {logging_mixin.py:188} INFO - [2026-03-28T05:14:53.188+0000] {dag.py:3823} INFO - Setting next_dagrun for weekly_summary_pipeline to 2026-03-23 06:00:00+00:00, run_after=2026-03-30 06:00:00+00:00
[2026-03-28T05:14:53.211+0000] {processor.py:183} INFO - Processing /opt/airflow/dags/weekly_summary_pipeline.py took 0.097 seconds
[2026-03-28T05:15:23.593+0000] {processor.py:161} INFO - Started process (PID=6492) to work on /opt/airflow/dags/weekly_summary_pipeline.py
[2026-03-28T05:15:23.595+0000] {processor.py:830} INFO - Processing file /opt/airflow/dags/weekly_summary_pipeline.py for tasks to queue
[2026-03-28T05:15:23.595+0000] {logging_mixin.py:188} INFO - [2026-03-28T05:15:23.595+0000] {dagbag.py:538} INFO - Filling up the DagBag from /opt/airflow/dags/weekly_summary_pipeline.py
[2026-03-28T05:15:23.614+0000] {processor.py:840} INFO - DAG(s) 'weekly_summary_pipeline' retrieved from /opt/airflow/dags/weekly_summary_pipeline.py
[2026-03-28T05:15:23.643+0000] {logging_mixin.py:188} INFO - [2026-03-28T05:15:23.642+0000] {dag.py:3036} INFO - Sync 1 DAGs
[2026-03-28T05:15:23.666+0000] {logging_mixin.py:188} INFO - [2026-03-28T05:15:23.666+0000] {dag.py:3823} INFO - Setting next_dagrun for weekly_summary_pipeline to 2026-03-23 06:00:00+00:00, run_after=2026-03-30 06:00:00+00:00
[2026-03-28T05:15:23.689+0000] {processor.py:183} INFO - Processing /opt/airflow/dags/weekly_summary_pipeline.py took 0.099 seconds
[2026-03-28T05:15:54.001+0000] {processor.py:161} INFO - Started process (PID=6515) to work on /opt/airflow/dags/weekly_summary_pipeline.py
[2026-03-28T05:15:54.002+0000] {processor.py:830} INFO - Processing file /opt/airflow/dags/weekly_summary_pipeline.py for tasks to queue
[2026-03-28T05:15:54.003+0000] {logging_mixin.py:188} INFO - [2026-03-28T05:15:54.002+0000] {dagbag.py:538} INFO - Filling up the DagBag from /opt/airflow/dags/weekly_summary_pipeline.py
[2026-03-28T05:15:54.023+0000] {processor.py:840} INFO - DAG(s) 'weekly_summary_pipeline' retrieved from /opt/airflow/dags/weekly_summary_pipeline.py
[2026-03-28T05:15:54.050+0000] {logging_mixin.py:188} INFO - [2026-03-28T05:15:54.050+0000] {dag.py:3036} INFO - Sync 1 DAGs
[2026-03-28T05:15:54.072+0000] {logging_mixin.py:188} INFO - [2026-03-28T05:15:54.072+0000] {dag.py:3823} INFO - Setting next_dagrun for weekly_summary_pipeline to 2026-03-23 06:00:00+00:00, run_after=2026-03-30 06:00:00+00:00
[2026-03-28T05:15:54.092+0000] {processor.py:183} INFO - Processing /opt/airflow/dags/weekly_summary_pipeline.py took 0.094 seconds
[2026-03-28T05:16:24.383+0000] {processor.py:161} INFO - Started process (PID=6538) to work on /opt/airflow/dags/weekly_summary_pipeline.py
[2026-03-28T05:16:24.384+0000] {processor.py:830} INFO - Processing file /opt/airflow/dags/weekly_summary_pipeline.py for tasks to queue
[2026-03-28T05:16:24.385+0000] {logging_mixin.py:188} INFO - [2026-03-28T05:16:24.384+0000] {dagbag.py:538} INFO - Filling up the DagBag from /opt/airflow/dags/weekly_summary_pipeline.py
[2026-03-28T05:16:24.402+0000] {processor.py:840} INFO - DAG(s) 'weekly_summary_pipeline' retrieved from /opt/airflow/dags/weekly_summary_pipeline.py
[2026-03-28T05:16:24.430+0000] {logging_mixin.py:188} INFO - [2026-03-28T05:16:24.430+0000] {dag.py:3036} INFO - Sync 1 DAGs
[2026-03-28T05:16:24.452+0000] {logging_mixin.py:188} INFO - [2026-03-28T05:16:24.452+0000] {dag.py:3823} INFO - Setting next_dagrun for weekly_summary_pipeline to 2026-03-23 06:00:00+00:00, run_after=2026-03-30 06:00:00+00:00
[2026-03-28T05:16:24.477+0000] {processor.py:183} INFO - Processing /opt/airflow/dags/weekly_summary_pipeline.py took 0.097 seconds
[2026-03-28T05:16:54.855+0000] {processor.py:161} INFO - Started process (PID=6560) to work on /opt/airflow/dags/weekly_summary_pipeline.py
[2026-03-28T05:16:54.856+0000] {processor.py:830} INFO - Processing file /opt/airflow/dags/weekly_summary_pipeline.py for tasks to queue
[2026-03-28T05:16:54.857+0000] {logging_mixin.py:188} INFO - [2026-03-28T05:16:54.857+0000] {dagbag.py:538} INFO - Filling up the DagBag from /opt/airflow/dags/weekly_summary_pipeline.py
[2026-03-28T05:16:54.878+0000] {processor.py:840} INFO - DAG(s) 'weekly_summary_pipeline' retrieved from /opt/airflow/dags/weekly_summary_pipeline.py
[2026-03-28T05:16:54.908+0000] {logging_mixin.py:188} INFO - [2026-03-28T05:16:54.908+0000] {dag.py:3036} INFO - Sync 1 DAGs
[2026-03-28T05:16:54.930+0000] {logging_mixin.py:188} INFO - [2026-03-28T05:16:54.930+0000] {dag.py:3823} INFO - Setting next_dagrun for weekly_summary_pipeline to 2026-03-23 06:00:00+00:00, run_after=2026-03-30 06:00:00+00:00
[2026-03-28T05:16:54.953+0000] {processor.py:183} INFO - Processing /opt/airflow/dags/weekly_summary_pipeline.py took 0.100 seconds
[2026-03-28T05:17:25.272+0000] {processor.py:161} INFO - Started process (PID=6583) to work on /opt/airflow/dags/weekly_summary_pipeline.py
[2026-03-28T05:17:25.273+0000] {processor.py:830} INFO - Processing file /opt/airflow/dags/weekly_summary_pipeline.py for tasks to queue
[2026-03-28T05:17:25.274+0000] {logging_mixin.py:188} INFO - [2026-03-28T05:17:25.274+0000] {dagbag.py:538} INFO - Filling up the DagBag from /opt/airflow/dags/weekly_summary_pipeline.py
[2026-03-28T05:17:25.293+0000] {processor.py:840} INFO - DAG(s) 'weekly_summary_pipeline' retrieved from /opt/airflow/dags/weekly_summary_pipeline.py
[2026-03-28T05:17:25.320+0000] {logging_mixin.py:188} INFO - [2026-03-28T05:17:25.320+0000] {dag.py:3036} INFO - Sync 1 DAGs
[2026-03-28T05:17:25.343+0000] {logging_mixin.py:188} INFO - [2026-03-28T05:17:25.343+0000] {dag.py:3823} INFO - Setting next_dagrun for weekly_summary_pipeline to 2026-03-23 06:00:00+00:00, run_after=2026-03-30 06:00:00+00:00
[2026-03-28T05:17:25.366+0000] {processor.py:183} INFO - Processing /opt/airflow/dags/weekly_summary_pipeline.py took 0.097 seconds
[2026-03-28T05:17:55.777+0000] {processor.py:161} INFO - Started process (PID=6606) to work on /opt/airflow/dags/weekly_summary_pipeline.py
[2026-03-28T05:17:55.778+0000] {processor.py:830} INFO - Processing file /opt/airflow/dags/weekly_summary_pipeline.py for tasks to queue
[2026-03-28T05:17:55.778+0000] {logging_mixin.py:188} INFO - [2026-03-28T05:17:55.778+0000] {dagbag.py:538} INFO - Filling up the DagBag from /opt/airflow/dags/weekly_summary_pipeline.py
[2026-03-28T05:17:55.800+0000] {processor.py:840} INFO - DAG(s) 'weekly_summary_pipeline' retrieved from /opt/airflow/dags/weekly_summary_pipeline.py
[2026-03-28T05:17:55.830+0000] {logging_mixin.py:188} INFO - [2026-03-28T05:17:55.829+0000] {dag.py:3036} INFO - Sync 1 DAGs
[2026-03-28T05:17:55.852+0000] {logging_mixin.py:188} INFO - [2026-03-28T05:17:55.851+0000] {dag.py:3823} INFO - Setting next_dagrun for weekly_summary_pipeline to 2026-03-23 06:00:00+00:00, run_after=2026-03-30 06:00:00+00:00
[2026-03-28T05:17:55.873+0000] {processor.py:183} INFO - Processing /opt/airflow/dags/weekly_summary_pipeline.py took 0.099 seconds
[2026-03-28T05:18:26.227+0000] {processor.py:161} INFO - Started process (PID=6629) to work on /opt/airflow/dags/weekly_summary_pipeline.py
[2026-03-28T05:18:26.228+0000] {processor.py:830} INFO - Processing file /opt/airflow/dags/weekly_summary_pipeline.py for tasks to queue
[2026-03-28T05:18:26.229+0000] {logging_mixin.py:188} INFO - [2026-03-28T05:18:26.229+0000] {dagbag.py:538} INFO - Filling up the DagBag from /opt/airflow/dags/weekly_summary_pipeline.py
[2026-03-28T05:18:26.247+0000] {processor.py:840} INFO - DAG(s) 'weekly_summary_pipeline' retrieved from /opt/airflow/dags/weekly_summary_pipeline.py
[2026-03-28T05:18:26.277+0000] {logging_mixin.py:188} INFO - [2026-03-28T05:18:26.277+0000] {dag.py:3036} INFO - Sync 1 DAGs
[2026-03-28T05:18:26.302+0000] {logging_mixin.py:188} INFO - [2026-03-28T05:18:26.302+0000] {dag.py:3823} INFO - Setting next_dagrun for weekly_summary_pipeline to 2026-03-23 06:00:00+00:00, run_after=2026-03-30 06:00:00+00:00
[2026-03-28T05:18:26.326+0000] {processor.py:183} INFO - Processing /opt/airflow/dags/weekly_summary_pipeline.py took 0.102 seconds
[2026-03-28T05:18:56.684+0000] {processor.py:161} INFO - Started process (PID=6652) to work on /opt/airflow/dags/weekly_summary_pipeline.py
[2026-03-28T05:18:56.685+0000] {processor.py:830} INFO - Processing file /opt/airflow/dags/weekly_summary_pipeline.py for tasks to queue
[2026-03-28T05:18:56.686+0000] {logging_mixin.py:188} INFO - [2026-03-28T05:18:56.686+0000] {dagbag.py:538} INFO - Filling up the DagBag from /opt/airflow/dags/weekly_summary_pipeline.py
[2026-03-28T05:18:56.703+0000] {processor.py:840} INFO - DAG(s) 'weekly_summary_pipeline' retrieved from /opt/airflow/dags/weekly_summary_pipeline.py
[2026-03-28T05:18:56.732+0000] {logging_mixin.py:188} INFO - [2026-03-28T05:18:56.732+0000] {dag.py:3036} INFO - Sync 1 DAGs
[2026-03-28T05:18:56.762+0000] {logging_mixin.py:188} INFO - [2026-03-28T05:18:56.761+0000] {dag.py:3823} INFO - Setting next_dagrun for weekly_summary_pipeline to 2026-03-23 06:00:00+00:00, run_after=2026-03-30 06:00:00+00:00
[2026-03-28T05:18:56.789+0000] {processor.py:183} INFO - Processing /opt/airflow/dags/weekly_summary_pipeline.py took 0.108 seconds
[2026-03-28T05:19:27.152+0000] {processor.py:161} INFO - Started process (PID=6675) to work on /opt/airflow/dags/weekly_summary_pipeline.py
[2026-03-28T05:19:27.152+0000] {processor.py:830} INFO - Processing file /opt/airflow/dags/weekly_summary_pipeline.py for tasks to queue
[2026-03-28T05:19:27.153+0000] {logging_mixin.py:188} INFO - [2026-03-28T05:19:27.153+0000] {dagbag.py:538} INFO - Filling up the DagBag from /opt/airflow/dags/weekly_summary_pipeline.py
[2026-03-28T05:19:27.173+0000] {processor.py:840} INFO - DAG(s) 'weekly_summary_pipeline' retrieved from /opt/airflow/dags/weekly_summary_pipeline.py
[2026-03-28T05:19:27.209+0000] {logging_mixin.py:188} INFO - [2026-03-28T05:19:27.209+0000] {dag.py:3036} INFO - Sync 1 DAGs
[2026-03-28T05:19:27.234+0000] {logging_mixin.py:188} INFO - [2026-03-28T05:19:27.234+0000] {dag.py:3823} INFO - Setting next_dagrun for weekly_summary_pipeline to 2026-03-23 06:00:00+00:00, run_after=2026-03-30 06:00:00+00:00
[2026-03-28T05:19:27.259+0000] {processor.py:183} INFO - Processing /opt/airflow/dags/weekly_summary_pipeline.py took 0.110 seconds
[2026-03-28T05:19:57.621+0000] {processor.py:161} INFO - Started process (PID=6698) to work on /opt/airflow/dags/weekly_summary_pipeline.py
[2026-03-28T05:19:57.622+0000] {processor.py:830} INFO - Processing file /opt/airflow/dags/weekly_summary_pipeline.py for tasks to queue
[2026-03-28T05:19:57.623+0000] {logging_mixin.py:188} INFO - [2026-03-28T05:19:57.623+0000] {dagbag.py:538} INFO - Filling up the DagBag from /opt/airflow/dags/weekly_summary_pipeline.py
[2026-03-28T05:19:57.641+0000] {processor.py:840} INFO - DAG(s) 'weekly_summary_pipeline' retrieved from /opt/airflow/dags/weekly_summary_pipeline.py
[2026-03-28T05:19:57.673+0000] {logging_mixin.py:188} INFO - [2026-03-28T05:19:57.672+0000] {dag.py:3036} INFO - Sync 1 DAGs
[2026-03-28T05:19:57.700+0000] {logging_mixin.py:188} INFO - [2026-03-28T05:19:57.700+0000] {dag.py:3823} INFO - Setting next_dagrun for weekly_summary_pipeline to 2026-03-23 06:00:00+00:00, run_after=2026-03-30 06:00:00+00:00
[2026-03-28T05:19:57.722+0000] {processor.py:183} INFO - Processing /opt/airflow/dags/weekly_summary_pipeline.py took 0.103 seconds
[2026-03-28T05:20:28.014+0000] {processor.py:161} INFO - Started process (PID=6721) to work on /opt/airflow/dags/weekly_summary_pipeline.py
[2026-03-28T05:20:28.015+0000] {processor.py:830} INFO - Processing file /opt/airflow/dags/weekly_summary_pipeline.py for tasks to queue
[2026-03-28T05:20:28.016+0000] {logging_mixin.py:188} INFO - [2026-03-28T05:20:28.016+0000] {dagbag.py:538} INFO - Filling up the DagBag from /opt/airflow/dags/weekly_summary_pipeline.py
[2026-03-28T05:20:28.035+0000] {processor.py:840} INFO - DAG(s) 'weekly_summary_pipeline' retrieved from /opt/airflow/dags/weekly_summary_pipeline.py
[2026-03-28T05:20:28.067+0000] {logging_mixin.py:188} INFO - [2026-03-28T05:20:28.067+0000] {dag.py:3036} INFO - Sync 1 DAGs
[2026-03-28T05:20:28.090+0000] {logging_mixin.py:188} INFO - [2026-03-28T05:20:28.090+0000] {dag.py:3823} INFO - Setting next_dagrun for weekly_summary_pipeline to 2026-03-23 06:00:00+00:00, run_after=2026-03-30 06:00:00+00:00
[2026-03-28T05:20:28.111+0000] {processor.py:183} INFO - Processing /opt/airflow/dags/weekly_summary_pipeline.py took 0.099 seconds
[2026-03-28T05:20:58.495+0000] {processor.py:161} INFO - Started process (PID=6744) to work on /opt/airflow/dags/weekly_summary_pipeline.py
[2026-03-28T05:20:58.496+0000] {processor.py:830} INFO - Processing file /opt/airflow/dags/weekly_summary_pipeline.py for tasks to queue
[2026-03-28T05:20:58.497+0000] {logging_mixin.py:188} INFO - [2026-03-28T05:20:58.497+0000] {dagbag.py:538} INFO - Filling up the DagBag from /opt/airflow/dags/weekly_summary_pipeline.py
[2026-03-28T05:20:58.520+0000] {processor.py:840} INFO - DAG(s) 'weekly_summary_pipeline' retrieved from /opt/airflow/dags/weekly_summary_pipeline.py
[2026-03-28T05:20:58.552+0000] {logging_mixin.py:188} INFO - [2026-03-28T05:20:58.552+0000] {dag.py:3036} INFO - Sync 1 DAGs
[2026-03-28T05:20:58.575+0000] {logging_mixin.py:188} INFO - [2026-03-28T05:20:58.575+0000] {dag.py:3823} INFO - Setting next_dagrun for weekly_summary_pipeline to 2026-03-23 06:00:00+00:00, run_after=2026-03-30 06:00:00+00:00
[2026-03-28T05:20:58.602+0000] {processor.py:183} INFO - Processing /opt/airflow/dags/weekly_summary_pipeline.py took 0.110 seconds
[2026-03-28T05:21:28.970+0000] {processor.py:161} INFO - Started process (PID=6767) to work on /opt/airflow/dags/weekly_summary_pipeline.py
[2026-03-28T05:21:28.971+0000] {processor.py:830} INFO - Processing file /opt/airflow/dags/weekly_summary_pipeline.py for tasks to queue
[2026-03-28T05:21:28.972+0000] {logging_mixin.py:188} INFO - [2026-03-28T05:21:28.972+0000] {dagbag.py:538} INFO - Filling up the DagBag from /opt/airflow/dags/weekly_summary_pipeline.py
[2026-03-28T05:21:28.988+0000] {processor.py:840} INFO - DAG(s) 'weekly_summary_pipeline' retrieved from /opt/airflow/dags/weekly_summary_pipeline.py
[2026-03-28T05:21:29.023+0000] {logging_mixin.py:188} INFO - [2026-03-28T05:21:29.023+0000] {dag.py:3036} INFO - Sync 1 DAGs
[2026-03-28T05:21:29.053+0000] {logging_mixin.py:188} INFO - [2026-03-28T05:21:29.053+0000] {dag.py:3823} INFO - Setting next_dagrun for weekly_summary_pipeline to 2026-03-23 06:00:00+00:00, run_after=2026-03-30 06:00:00+00:00
[2026-03-28T05:21:29.077+0000] {processor.py:183} INFO - Processing /opt/airflow/dags/weekly_summary_pipeline.py took 0.109 seconds
[2026-03-28T05:21:59.434+0000] {processor.py:161} INFO - Started process (PID=6790) to work on /opt/airflow/dags/weekly_summary_pipeline.py
[2026-03-28T05:21:59.436+0000] {processor.py:830} INFO - Processing file /opt/airflow/dags/weekly_summary_pipeline.py for tasks to queue
[2026-03-28T05:21:59.437+0000] {logging_mixin.py:188} INFO - [2026-03-28T05:21:59.437+0000] {dagbag.py:538} INFO - Filling up the DagBag from /opt/airflow/dags/weekly_summary_pipeline.py
[2026-03-28T05:21:59.457+0000] {processor.py:840} INFO - DAG(s) 'weekly_summary_pipeline' retrieved from /opt/airflow/dags/weekly_summary_pipeline.py
[2026-03-28T05:21:59.484+0000] {logging_mixin.py:188} INFO - [2026-03-28T05:21:59.484+0000] {dag.py:3036} INFO - Sync 1 DAGs
[2026-03-28T05:21:59.509+0000] {logging_mixin.py:188} INFO - [2026-03-28T05:21:59.509+0000] {dag.py:3823} INFO - Setting next_dagrun for weekly_summary_pipeline to 2026-03-23 06:00:00+00:00, run_after=2026-03-30 06:00:00+00:00
[2026-03-28T05:21:59.530+0000] {processor.py:183} INFO - Processing /opt/airflow/dags/weekly_summary_pipeline.py took 0.098 seconds
[2026-03-28T05:22:29.884+0000] {processor.py:161} INFO - Started process (PID=6813) to work on /opt/airflow/dags/weekly_summary_pipeline.py
[2026-03-28T05:22:29.886+0000] {processor.py:830} INFO - Processing file /opt/airflow/dags/weekly_summary_pipeline.py for tasks to queue
[2026-03-28T05:22:29.887+0000] {logging_mixin.py:188} INFO - [2026-03-28T05:22:29.886+0000] {dagbag.py:538} INFO - Filling up the DagBag from /opt/airflow/dags/weekly_summary_pipeline.py
[2026-03-28T05:22:29.909+0000] {processor.py:840} INFO - DAG(s) 'weekly_summary_pipeline' retrieved from /opt/airflow/dags/weekly_summary_pipeline.py
[2026-03-28T05:22:29.942+0000] {logging_mixin.py:188} INFO - [2026-03-28T05:22:29.942+0000] {dag.py:3036} INFO - Sync 1 DAGs
[2026-03-28T05:22:30.001+0000] {logging_mixin.py:188} INFO - [2026-03-28T05:22:30.000+0000] {dag.py:3823} INFO - Setting next_dagrun for weekly_summary_pipeline to 2026-03-23 06:00:00+00:00, run_after=2026-03-30 06:00:00+00:00
[2026-03-28T05:22:30.067+0000] {processor.py:183} INFO - Processing /opt/airflow/dags/weekly_summary_pipeline.py took 0.186 seconds
[2026-03-28T05:23:00.522+0000] {processor.py:161} INFO - Started process (PID=6836) to work on /opt/airflow/dags/weekly_summary_pipeline.py
[2026-03-28T05:23:00.523+0000] {processor.py:830} INFO - Processing file /opt/airflow/dags/weekly_summary_pipeline.py for tasks to queue
[2026-03-28T05:23:00.524+0000] {logging_mixin.py:188} INFO - [2026-03-28T05:23:00.524+0000] {dagbag.py:538} INFO - Filling up the DagBag from /opt/airflow/dags/weekly_summary_pipeline.py
[2026-03-28T05:23:00.546+0000] {processor.py:840} INFO - DAG(s) 'weekly_summary_pipeline' retrieved from /opt/airflow/dags/weekly_summary_pipeline.py
[2026-03-28T05:23:00.576+0000] {logging_mixin.py:188} INFO - [2026-03-28T05:23:00.576+0000] {dag.py:3036} INFO - Sync 1 DAGs
[2026-03-28T05:23:00.599+0000] {logging_mixin.py:188} INFO - [2026-03-28T05:23:00.599+0000] {dag.py:3823} INFO - Setting next_dagrun for weekly_summary_pipeline to 2026-03-23 06:00:00+00:00, run_after=2026-03-30 06:00:00+00:00
[2026-03-28T05:23:00.618+0000] {processor.py:183} INFO - Processing /opt/airflow/dags/weekly_summary_pipeline.py took 0.100 seconds
[2026-03-28T05:23:30.997+0000] {processor.py:161} INFO - Started process (PID=6851) to work on /opt/airflow/dags/weekly_summary_pipeline.py
[2026-03-28T05:23:30.998+0000] {processor.py:830} INFO - Processing file /opt/airflow/dags/weekly_summary_pipeline.py for tasks to queue
[2026-03-28T05:23:30.999+0000] {logging_mixin.py:188} INFO - [2026-03-28T05:23:30.999+0000] {dagbag.py:538} INFO - Filling up the DagBag from /opt/airflow/dags/weekly_summary_pipeline.py
[2026-03-28T05:23:31.022+0000] {processor.py:840} INFO - DAG(s) 'weekly_summary_pipeline' retrieved from /opt/airflow/dags/weekly_summary_pipeline.py
[2026-03-28T05:23:31.051+0000] {logging_mixin.py:188} INFO - [2026-03-28T05:23:31.051+0000] {dag.py:3036} INFO - Sync 1 DAGs
[2026-03-28T05:23:31.076+0000] {logging_mixin.py:188} INFO - [2026-03-28T05:23:31.075+0000] {dag.py:3823} INFO - Setting next_dagrun for weekly_summary_pipeline to 2026-03-23 06:00:00+00:00, run_after=2026-03-30 06:00:00+00:00
[2026-03-28T05:23:31.101+0000] {processor.py:183} INFO - Processing /opt/airflow/dags/weekly_summary_pipeline.py took 0.107 seconds
[2026-03-28T05:24:01.521+0000] {processor.py:161} INFO - Started process (PID=6874) to work on /opt/airflow/dags/weekly_summary_pipeline.py
[2026-03-28T05:24:01.522+0000] {processor.py:830} INFO - Processing file /opt/airflow/dags/weekly_summary_pipeline.py for tasks to queue
[2026-03-28T05:24:01.523+0000] {logging_mixin.py:188} INFO - [2026-03-28T05:24:01.523+0000] {dagbag.py:538} INFO - Filling up the DagBag from /opt/airflow/dags/weekly_summary_pipeline.py
[2026-03-28T05:24:01.539+0000] {processor.py:840} INFO - DAG(s) 'weekly_summary_pipeline' retrieved from /opt/airflow/dags/weekly_summary_pipeline.py
[2026-03-28T05:24:01.566+0000] {logging_mixin.py:188} INFO - [2026-03-28T05:24:01.566+0000] {dag.py:3036} INFO - Sync 1 DAGs
[2026-03-28T05:24:01.588+0000] {logging_mixin.py:188} INFO - [2026-03-28T05:24:01.588+0000] {dag.py:3823} INFO - Setting next_dagrun for weekly_summary_pipeline to 2026-03-23 06:00:00+00:00, run_after=2026-03-30 06:00:00+00:00
[2026-03-28T05:24:01.608+0000] {processor.py:183} INFO - Processing /opt/airflow/dags/weekly_summary_pipeline.py took 0.090 seconds
[2026-03-28T05:24:31.956+0000] {processor.py:161} INFO - Started process (PID=6897) to work on /opt/airflow/dags/weekly_summary_pipeline.py
[2026-03-28T05:24:31.957+0000] {processor.py:830} INFO - Processing file /opt/airflow/dags/weekly_summary_pipeline.py for tasks to queue
[2026-03-28T05:24:31.958+0000] {logging_mixin.py:188} INFO - [2026-03-28T05:24:31.958+0000] {dagbag.py:538} INFO - Filling up the DagBag from /opt/airflow/dags/weekly_summary_pipeline.py
[2026-03-28T05:24:31.978+0000] {processor.py:840} INFO - DAG(s) 'weekly_summary_pipeline' retrieved from /opt/airflow/dags/weekly_summary_pipeline.py
[2026-03-28T05:24:32.005+0000] {logging_mixin.py:188} INFO - [2026-03-28T05:24:32.005+0000] {dag.py:3036} INFO - Sync 1 DAGs
[2026-03-28T05:24:32.027+0000] {logging_mixin.py:188} INFO - [2026-03-28T05:24:32.026+0000] {dag.py:3823} INFO - Setting next_dagrun for weekly_summary_pipeline to 2026-03-23 06:00:00+00:00, run_after=2026-03-30 06:00:00+00:00
[2026-03-28T05:24:32.049+0000] {processor.py:183} INFO - Processing /opt/airflow/dags/weekly_summary_pipeline.py took 0.096 seconds
[2026-03-28T05:25:02.436+0000] {processor.py:161} INFO - Started process (PID=6919) to work on /opt/airflow/dags/weekly_summary_pipeline.py
[2026-03-28T05:25:02.437+0000] {processor.py:830} INFO - Processing file /opt/airflow/dags/weekly_summary_pipeline.py for tasks to queue
[2026-03-28T05:25:02.437+0000] {logging_mixin.py:188} INFO - [2026-03-28T05:25:02.437+0000] {dagbag.py:538} INFO - Filling up the DagBag from /opt/airflow/dags/weekly_summary_pipeline.py
[2026-03-28T05:25:02.455+0000] {processor.py:840} INFO - DAG(s) 'weekly_summary_pipeline' retrieved from /opt/airflow/dags/weekly_summary_pipeline.py
[2026-03-28T05:25:02.481+0000] {logging_mixin.py:188} INFO - [2026-03-28T05:25:02.481+0000] {dag.py:3036} INFO - Sync 1 DAGs
[2026-03-28T05:25:02.504+0000] {logging_mixin.py:188} INFO - [2026-03-28T05:25:02.504+0000] {dag.py:3823} INFO - Setting next_dagrun for weekly_summary_pipeline to 2026-03-23 06:00:00+00:00, run_after=2026-03-30 06:00:00+00:00
[2026-03-28T05:25:02.526+0000] {processor.py:183} INFO - Processing /opt/airflow/dags/weekly_summary_pipeline.py took 0.093 seconds
[2026-03-28T05:25:32.945+0000] {processor.py:161} INFO - Started process (PID=6942) to work on /opt/airflow/dags/weekly_summary_pipeline.py
[2026-03-28T05:25:32.947+0000] {processor.py:830} INFO - Processing file /opt/airflow/dags/weekly_summary_pipeline.py for tasks to queue
[2026-03-28T05:25:32.947+0000] {logging_mixin.py:188} INFO - [2026-03-28T05:25:32.947+0000] {dagbag.py:538} INFO - Filling up the DagBag from /opt/airflow/dags/weekly_summary_pipeline.py
[2026-03-28T05:25:32.964+0000] {processor.py:840} INFO - DAG(s) 'weekly_summary_pipeline' retrieved from /opt/airflow/dags/weekly_summary_pipeline.py
[2026-03-28T05:25:32.992+0000] {logging_mixin.py:188} INFO - [2026-03-28T05:25:32.992+0000] {dag.py:3036} INFO - Sync 1 DAGs
[2026-03-28T05:25:33.015+0000] {logging_mixin.py:188} INFO - [2026-03-28T05:25:33.014+0000] {dag.py:3823} INFO - Setting next_dagrun for weekly_summary_pipeline to 2026-03-23 06:00:00+00:00, run_after=2026-03-30 06:00:00+00:00
[2026-03-28T05:25:33.034+0000] {processor.py:183} INFO - Processing /opt/airflow/dags/weekly_summary_pipeline.py took 0.092 seconds
[2026-03-28T05:26:03.438+0000] {processor.py:161} INFO - Started process (PID=6965) to work on /opt/airflow/dags/weekly_summary_pipeline.py
[2026-03-28T05:26:03.440+0000] {processor.py:830} INFO - Processing file /opt/airflow/dags/weekly_summary_pipeline.py for tasks to queue
[2026-03-28T05:26:03.441+0000] {logging_mixin.py:188} INFO - [2026-03-28T05:26:03.441+0000] {dagbag.py:538} INFO - Filling up the DagBag from /opt/airflow/dags/weekly_summary_pipeline.py
[2026-03-28T05:26:03.458+0000] {processor.py:840} INFO - DAG(s) 'weekly_summary_pipeline' retrieved from /opt/airflow/dags/weekly_summary_pipeline.py
[2026-03-28T05:26:03.485+0000] {logging_mixin.py:188} INFO - [2026-03-28T05:26:03.485+0000] {dag.py:3036} INFO - Sync 1 DAGs
[2026-03-28T05:26:03.507+0000] {logging_mixin.py:188} INFO - [2026-03-28T05:26:03.506+0000] {dag.py:3823} INFO - Setting next_dagrun for weekly_summary_pipeline to 2026-03-23 06:00:00+00:00, run_after=2026-03-30 06:00:00+00:00
[2026-03-28T05:26:03.530+0000] {processor.py:183} INFO - Processing /opt/airflow/dags/weekly_summary_pipeline.py took 0.095 seconds
[2026-03-28T05:26:33.934+0000] {processor.py:161} INFO - Started process (PID=6988) to work on /opt/airflow/dags/weekly_summary_pipeline.py
[2026-03-28T05:26:33.935+0000] {processor.py:830} INFO - Processing file /opt/airflow/dags/weekly_summary_pipeline.py for tasks to queue
[2026-03-28T05:26:33.936+0000] {logging_mixin.py:188} INFO - [2026-03-28T05:26:33.936+0000] {dagbag.py:538} INFO - Filling up the DagBag from /opt/airflow/dags/weekly_summary_pipeline.py
[2026-03-28T05:26:33.960+0000] {processor.py:840} INFO - DAG(s) 'weekly_summary_pipeline' retrieved from /opt/airflow/dags/weekly_summary_pipeline.py
[2026-03-28T05:26:33.995+0000] {logging_mixin.py:188} INFO - [2026-03-28T05:26:33.995+0000] {dag.py:3036} INFO - Sync 1 DAGs
[2026-03-28T05:26:34.022+0000] {logging_mixin.py:188} INFO - [2026-03-28T05:26:34.022+0000] {dag.py:3823} INFO - Setting next_dagrun for weekly_summary_pipeline to 2026-03-23 06:00:00+00:00, run_after=2026-03-30 06:00:00+00:00
[2026-03-28T05:26:34.043+0000] {processor.py:183} INFO - Processing /opt/airflow/dags/weekly_summary_pipeline.py took 0.113 seconds
[2026-03-28T05:27:04.436+0000] {processor.py:161} INFO - Started process (PID=7012) to work on /opt/airflow/dags/weekly_summary_pipeline.py
[2026-03-28T05:27:04.437+0000] {processor.py:830} INFO - Processing file /opt/airflow/dags/weekly_summary_pipeline.py for tasks to queue
[2026-03-28T05:27:04.438+0000] {logging_mixin.py:188} INFO - [2026-03-28T05:27:04.438+0000] {dagbag.py:538} INFO - Filling up the DagBag from /opt/airflow/dags/weekly_summary_pipeline.py
[2026-03-28T05:27:04.455+0000] {processor.py:840} INFO - DAG(s) 'weekly_summary_pipeline' retrieved from /opt/airflow/dags/weekly_summary_pipeline.py
[2026-03-28T05:27:04.483+0000] {logging_mixin.py:188} INFO - [2026-03-28T05:27:04.483+0000] {dag.py:3036} INFO - Sync 1 DAGs
[2026-03-28T05:27:04.507+0000] {logging_mixin.py:188} INFO - [2026-03-28T05:27:04.507+0000] {dag.py:3823} INFO - Setting next_dagrun for weekly_summary_pipeline to 2026-03-23 06:00:00+00:00, run_after=2026-03-30 06:00:00+00:00
[2026-03-28T05:27:04.528+0000] {processor.py:183} INFO - Processing /opt/airflow/dags/weekly_summary_pipeline.py took 0.094 seconds
[2026-03-28T05:27:35.031+0000] {processor.py:161} INFO - Started process (PID=7035) to work on /opt/airflow/dags/weekly_summary_pipeline.py
[2026-03-28T05:27:35.033+0000] {processor.py:830} INFO - Processing file /opt/airflow/dags/weekly_summary_pipeline.py for tasks to queue
[2026-03-28T05:27:35.034+0000] {logging_mixin.py:188} INFO - [2026-03-28T05:27:35.033+0000] {dagbag.py:538} INFO - Filling up the DagBag from /opt/airflow/dags/weekly_summary_pipeline.py
[2026-03-28T05:27:35.051+0000] {processor.py:840} INFO - DAG(s) 'weekly_summary_pipeline' retrieved from /opt/airflow/dags/weekly_summary_pipeline.py
[2026-03-28T05:27:35.081+0000] {logging_mixin.py:188} INFO - [2026-03-28T05:27:35.080+0000] {dag.py:3036} INFO - Sync 1 DAGs
[2026-03-28T05:27:35.104+0000] {logging_mixin.py:188} INFO - [2026-03-28T05:27:35.103+0000] {dag.py:3823} INFO - Setting next_dagrun for weekly_summary_pipeline to 2026-03-23 06:00:00+00:00, run_after=2026-03-30 06:00:00+00:00
[2026-03-28T05:27:35.128+0000] {processor.py:183} INFO - Processing /opt/airflow/dags/weekly_summary_pipeline.py took 0.099 seconds
[2026-03-28T05:28:05.501+0000] {processor.py:161} INFO - Started process (PID=7058) to work on /opt/airflow/dags/weekly_summary_pipeline.py
[2026-03-28T05:28:05.502+0000] {processor.py:830} INFO - Processing file /opt/airflow/dags/weekly_summary_pipeline.py for tasks to queue
[2026-03-28T05:28:05.503+0000] {logging_mixin.py:188} INFO - [2026-03-28T05:28:05.503+0000] {dagbag.py:538} INFO - Filling up the DagBag from /opt/airflow/dags/weekly_summary_pipeline.py
[2026-03-28T05:28:05.525+0000] {processor.py:840} INFO - DAG(s) 'weekly_summary_pipeline' retrieved from /opt/airflow/dags/weekly_summary_pipeline.py
[2026-03-28T05:28:05.560+0000] {logging_mixin.py:188} INFO - [2026-03-28T05:28:05.560+0000] {dag.py:3036} INFO - Sync 1 DAGs
[2026-03-28T05:28:05.588+0000] {logging_mixin.py:188} INFO - [2026-03-28T05:28:05.588+0000] {dag.py:3823} INFO - Setting next_dagrun for weekly_summary_pipeline to 2026-03-23 06:00:00+00:00, run_after=2026-03-30 06:00:00+00:00
[2026-03-28T05:28:05.609+0000] {processor.py:183} INFO - Processing /opt/airflow/dags/weekly_summary_pipeline.py took 0.111 seconds
[2026-03-28T05:28:35.961+0000] {processor.py:161} INFO - Started process (PID=7081) to work on /opt/airflow/dags/weekly_summary_pipeline.py
[2026-03-28T05:28:35.962+0000] {processor.py:830} INFO - Processing file /opt/airflow/dags/weekly_summary_pipeline.py for tasks to queue
[2026-03-28T05:28:35.963+0000] {logging_mixin.py:188} INFO - [2026-03-28T05:28:35.963+0000] {dagbag.py:538} INFO - Filling up the DagBag from /opt/airflow/dags/weekly_summary_pipeline.py
[2026-03-28T05:28:35.979+0000] {processor.py:840} INFO - DAG(s) 'weekly_summary_pipeline' retrieved from /opt/airflow/dags/weekly_summary_pipeline.py
[2026-03-28T05:28:36.009+0000] {logging_mixin.py:188} INFO - [2026-03-28T05:28:36.009+0000] {dag.py:3036} INFO - Sync 1 DAGs
[2026-03-28T05:28:36.033+0000] {logging_mixin.py:188} INFO - [2026-03-28T05:28:36.033+0000] {dag.py:3823} INFO - Setting next_dagrun for weekly_summary_pipeline to 2026-03-23 06:00:00+00:00, run_after=2026-03-30 06:00:00+00:00
[2026-03-28T05:28:36.059+0000] {processor.py:183} INFO - Processing /opt/airflow/dags/weekly_summary_pipeline.py took 0.101 seconds
[2026-03-28T05:56:00.123+0000] {processor.py:161} INFO - Started process (PID=7096) to work on /opt/airflow/dags/weekly_summary_pipeline.py
[2026-03-28T05:56:00.125+0000] {processor.py:830} INFO - Processing file /opt/airflow/dags/weekly_summary_pipeline.py for tasks to queue
[2026-03-28T05:56:00.126+0000] {logging_mixin.py:188} INFO - [2026-03-28T05:56:00.126+0000] {dagbag.py:538} INFO - Filling up the DagBag from /opt/airflow/dags/weekly_summary_pipeline.py
[2026-03-28T05:56:00.173+0000] {processor.py:840} INFO - DAG(s) 'weekly_summary_pipeline' retrieved from /opt/airflow/dags/weekly_summary_pipeline.py
[2026-03-28T05:56:00.344+0000] {logging_mixin.py:188} INFO - [2026-03-28T05:56:00.344+0000] {dag.py:3036} INFO - Sync 1 DAGs
[2026-03-28T05:56:00.467+0000] {logging_mixin.py:188} INFO - [2026-03-28T05:56:00.467+0000] {dag.py:3823} INFO - Setting next_dagrun for weekly_summary_pipeline to 2026-03-23 06:00:00+00:00, run_after=2026-03-30 06:00:00+00:00
[2026-03-28T05:56:00.529+0000] {processor.py:183} INFO - Processing /opt/airflow/dags/weekly_summary_pipeline.py took 0.419 seconds
[2026-03-28T05:56:31.672+0000] {processor.py:161} INFO - Started process (PID=7120) to work on /opt/airflow/dags/weekly_summary_pipeline.py
[2026-03-28T05:56:31.675+0000] {processor.py:830} INFO - Processing file /opt/airflow/dags/weekly_summary_pipeline.py for tasks to queue
[2026-03-28T05:56:31.676+0000] {logging_mixin.py:188} INFO - [2026-03-28T05:56:31.676+0000] {dagbag.py:538} INFO - Filling up the DagBag from /opt/airflow/dags/weekly_summary_pipeline.py
[2026-03-28T05:56:31.709+0000] {processor.py:840} INFO - DAG(s) 'weekly_summary_pipeline' retrieved from /opt/airflow/dags/weekly_summary_pipeline.py
[2026-03-28T05:56:31.741+0000] {logging_mixin.py:188} INFO - [2026-03-28T05:56:31.740+0000] {dag.py:3036} INFO - Sync 1 DAGs
[2026-03-28T05:56:31.868+0000] {logging_mixin.py:188} INFO - [2026-03-28T05:56:31.867+0000] {dag.py:3823} INFO - Setting next_dagrun for weekly_summary_pipeline to 2026-03-23 06:00:00+00:00, run_after=2026-03-30 06:00:00+00:00
[2026-03-28T05:56:31.893+0000] {processor.py:183} INFO - Processing /opt/airflow/dags/weekly_summary_pipeline.py took 0.224 seconds
[2026-03-28T05:57:01.935+0000] {processor.py:161} INFO - Started process (PID=7143) to work on /opt/airflow/dags/weekly_summary_pipeline.py
[2026-03-28T05:57:01.936+0000] {processor.py:830} INFO - Processing file /opt/airflow/dags/weekly_summary_pipeline.py for tasks to queue
[2026-03-28T05:57:01.937+0000] {logging_mixin.py:188} INFO - [2026-03-28T05:57:01.936+0000] {dagbag.py:538} INFO - Filling up the DagBag from /opt/airflow/dags/weekly_summary_pipeline.py
[2026-03-28T05:57:01.956+0000] {processor.py:840} INFO - DAG(s) 'weekly_summary_pipeline' retrieved from /opt/airflow/dags/weekly_summary_pipeline.py
[2026-03-28T05:57:01.986+0000] {logging_mixin.py:188} INFO - [2026-03-28T05:57:01.985+0000] {dag.py:3036} INFO - Sync 1 DAGs
[2026-03-28T05:57:02.011+0000] {logging_mixin.py:188} INFO - [2026-03-28T05:57:02.011+0000] {dag.py:3823} INFO - Setting next_dagrun for weekly_summary_pipeline to 2026-03-23 06:00:00+00:00, run_after=2026-03-30 06:00:00+00:00
[2026-03-28T05:57:02.030+0000] {processor.py:183} INFO - Processing /opt/airflow/dags/weekly_summary_pipeline.py took 0.098 seconds
[2026-03-28T05:57:32.098+0000] {processor.py:161} INFO - Started process (PID=7166) to work on /opt/airflow/dags/weekly_summary_pipeline.py
[2026-03-28T05:57:32.099+0000] {processor.py:830} INFO - Processing file /opt/airflow/dags/weekly_summary_pipeline.py for tasks to queue
[2026-03-28T05:57:32.099+0000] {logging_mixin.py:188} INFO - [2026-03-28T05:57:32.099+0000] {dagbag.py:538} INFO - Filling up the DagBag from /opt/airflow/dags/weekly_summary_pipeline.py
[2026-03-28T05:57:32.117+0000] {processor.py:840} INFO - DAG(s) 'weekly_summary_pipeline' retrieved from /opt/airflow/dags/weekly_summary_pipeline.py
[2026-03-28T05:57:32.144+0000] {logging_mixin.py:188} INFO - [2026-03-28T05:57:32.144+0000] {dag.py:3036} INFO - Sync 1 DAGs
[2026-03-28T05:57:32.166+0000] {logging_mixin.py:188} INFO - [2026-03-28T05:57:32.166+0000] {dag.py:3823} INFO - Setting next_dagrun for weekly_summary_pipeline to 2026-03-23 06:00:00+00:00, run_after=2026-03-30 06:00:00+00:00
[2026-03-28T05:57:32.194+0000] {processor.py:183} INFO - Processing /opt/airflow/dags/weekly_summary_pipeline.py took 0.099 seconds
[2026-03-28T05:58:02.394+0000] {processor.py:161} INFO - Started process (PID=7189) to work on /opt/airflow/dags/weekly_summary_pipeline.py
[2026-03-28T05:58:02.395+0000] {processor.py:830} INFO - Processing file /opt/airflow/dags/weekly_summary_pipeline.py for tasks to queue
[2026-03-28T05:58:02.396+0000] {logging_mixin.py:188} INFO - [2026-03-28T05:58:02.396+0000] {dagbag.py:538} INFO - Filling up the DagBag from /opt/airflow/dags/weekly_summary_pipeline.py
[2026-03-28T05:58:02.423+0000] {processor.py:840} INFO - DAG(s) 'weekly_summary_pipeline' retrieved from /opt/airflow/dags/weekly_summary_pipeline.py
[2026-03-28T05:58:02.457+0000] {logging_mixin.py:188} INFO - [2026-03-28T05:58:02.457+0000] {dag.py:3036} INFO - Sync 1 DAGs
[2026-03-28T05:58:02.484+0000] {logging_mixin.py:188} INFO - [2026-03-28T05:58:02.484+0000] {dag.py:3823} INFO - Setting next_dagrun for weekly_summary_pipeline to 2026-03-23 06:00:00+00:00, run_after=2026-03-30 06:00:00+00:00
[2026-03-28T05:58:02.518+0000] {processor.py:183} INFO - Processing /opt/airflow/dags/weekly_summary_pipeline.py took 0.127 seconds
[2026-03-28T05:58:32.669+0000] {processor.py:161} INFO - Started process (PID=7212) to work on /opt/airflow/dags/weekly_summary_pipeline.py
[2026-03-28T05:58:32.670+0000] {processor.py:830} INFO - Processing file /opt/airflow/dags/weekly_summary_pipeline.py for tasks to queue
[2026-03-28T05:58:32.671+0000] {logging_mixin.py:188} INFO - [2026-03-28T05:58:32.671+0000] {dagbag.py:538} INFO - Filling up the DagBag from /opt/airflow/dags/weekly_summary_pipeline.py
[2026-03-28T05:58:32.702+0000] {processor.py:840} INFO - DAG(s) 'weekly_summary_pipeline' retrieved from /opt/airflow/dags/weekly_summary_pipeline.py
[2026-03-28T05:58:32.738+0000] {logging_mixin.py:188} INFO - [2026-03-28T05:58:32.738+0000] {dag.py:3036} INFO - Sync 1 DAGs
[2026-03-28T05:58:32.765+0000] {logging_mixin.py:188} INFO - [2026-03-28T05:58:32.765+0000] {dag.py:3823} INFO - Setting next_dagrun for weekly_summary_pipeline to 2026-03-23 06:00:00+00:00, run_after=2026-03-30 06:00:00+00:00
[2026-03-28T05:58:32.786+0000] {processor.py:183} INFO - Processing /opt/airflow/dags/weekly_summary_pipeline.py took 0.120 seconds
[2026-03-28T05:59:02.912+0000] {processor.py:161} INFO - Started process (PID=7235) to work on /opt/airflow/dags/weekly_summary_pipeline.py
[2026-03-28T05:59:02.913+0000] {processor.py:830} INFO - Processing file /opt/airflow/dags/weekly_summary_pipeline.py for tasks to queue
[2026-03-28T05:59:02.913+0000] {logging_mixin.py:188} INFO - [2026-03-28T05:59:02.913+0000] {dagbag.py:538} INFO - Filling up the DagBag from /opt/airflow/dags/weekly_summary_pipeline.py
[2026-03-28T05:59:02.933+0000] {processor.py:840} INFO - DAG(s) 'weekly_summary_pipeline' retrieved from /opt/airflow/dags/weekly_summary_pipeline.py
[2026-03-28T05:59:02.958+0000] {logging_mixin.py:188} INFO - [2026-03-28T05:59:02.957+0000] {dag.py:3036} INFO - Sync 1 DAGs
[2026-03-28T05:59:02.980+0000] {logging_mixin.py:188} INFO - [2026-03-28T05:59:02.980+0000] {dag.py:3823} INFO - Setting next_dagrun for weekly_summary_pipeline to 2026-03-23 06:00:00+00:00, run_after=2026-03-30 06:00:00+00:00
[2026-03-28T05:59:03.000+0000] {processor.py:183} INFO - Processing /opt/airflow/dags/weekly_summary_pipeline.py took 0.091 seconds
[2026-03-28T05:59:33.187+0000] {processor.py:161} INFO - Started process (PID=7250) to work on /opt/airflow/dags/weekly_summary_pipeline.py
[2026-03-28T05:59:33.189+0000] {processor.py:830} INFO - Processing file /opt/airflow/dags/weekly_summary_pipeline.py for tasks to queue
[2026-03-28T05:59:33.191+0000] {logging_mixin.py:188} INFO - [2026-03-28T05:59:33.190+0000] {dagbag.py:538} INFO - Filling up the DagBag from /opt/airflow/dags/weekly_summary_pipeline.py
[2026-03-28T05:59:33.218+0000] {processor.py:840} INFO - DAG(s) 'weekly_summary_pipeline' retrieved from /opt/airflow/dags/weekly_summary_pipeline.py
[2026-03-28T05:59:33.251+0000] {logging_mixin.py:188} INFO - [2026-03-28T05:59:33.251+0000] {dag.py:3036} INFO - Sync 1 DAGs
[2026-03-28T05:59:33.275+0000] {logging_mixin.py:188} INFO - [2026-03-28T05:59:33.275+0000] {dag.py:3823} INFO - Setting next_dagrun for weekly_summary_pipeline to 2026-03-23 06:00:00+00:00, run_after=2026-03-30 06:00:00+00:00
[2026-03-28T05:59:33.296+0000] {processor.py:183} INFO - Processing /opt/airflow/dags/weekly_summary_pipeline.py took 0.112 seconds
[2026-03-28T06:00:03.474+0000] {processor.py:161} INFO - Started process (PID=7273) to work on /opt/airflow/dags/weekly_summary_pipeline.py
[2026-03-28T06:00:03.475+0000] {processor.py:830} INFO - Processing file /opt/airflow/dags/weekly_summary_pipeline.py for tasks to queue
[2026-03-28T06:00:03.476+0000] {logging_mixin.py:188} INFO - [2026-03-28T06:00:03.476+0000] {dagbag.py:538} INFO - Filling up the DagBag from /opt/airflow/dags/weekly_summary_pipeline.py
[2026-03-28T06:00:03.506+0000] {processor.py:840} INFO - DAG(s) 'weekly_summary_pipeline' retrieved from /opt/airflow/dags/weekly_summary_pipeline.py
[2026-03-28T06:00:03.539+0000] {logging_mixin.py:188} INFO - [2026-03-28T06:00:03.539+0000] {dag.py:3036} INFO - Sync 1 DAGs
[2026-03-28T06:00:03.564+0000] {logging_mixin.py:188} INFO - [2026-03-28T06:00:03.564+0000] {dag.py:3823} INFO - Setting next_dagrun for weekly_summary_pipeline to 2026-03-23 06:00:00+00:00, run_after=2026-03-30 06:00:00+00:00
[2026-03-28T06:00:03.586+0000] {processor.py:183} INFO - Processing /opt/airflow/dags/weekly_summary_pipeline.py took 0.115 seconds
[2026-03-28T06:00:33.753+0000] {processor.py:161} INFO - Started process (PID=7296) to work on /opt/airflow/dags/weekly_summary_pipeline.py
[2026-03-28T06:00:33.754+0000] {processor.py:830} INFO - Processing file /opt/airflow/dags/weekly_summary_pipeline.py for tasks to queue
[2026-03-28T06:00:33.755+0000] {logging_mixin.py:188} INFO - [2026-03-28T06:00:33.755+0000] {dagbag.py:538} INFO - Filling up the DagBag from /opt/airflow/dags/weekly_summary_pipeline.py
[2026-03-28T06:00:33.777+0000] {processor.py:840} INFO - DAG(s) 'weekly_summary_pipeline' retrieved from /opt/airflow/dags/weekly_summary_pipeline.py
[2026-03-28T06:00:33.805+0000] {logging_mixin.py:188} INFO - [2026-03-28T06:00:33.805+0000] {dag.py:3036} INFO - Sync 1 DAGs
[2026-03-28T06:00:33.828+0000] {logging_mixin.py:188} INFO - [2026-03-28T06:00:33.828+0000] {dag.py:3823} INFO - Setting next_dagrun for weekly_summary_pipeline to 2026-03-23 06:00:00+00:00, run_after=2026-03-30 06:00:00+00:00
[2026-03-28T06:00:33.853+0000] {processor.py:183} INFO - Processing /opt/airflow/dags/weekly_summary_pipeline.py took 0.103 seconds
[2026-03-28T06:01:04.106+0000] {processor.py:161} INFO - Started process (PID=7319) to work on /opt/airflow/dags/weekly_summary_pipeline.py
[2026-03-28T06:01:04.107+0000] {processor.py:830} INFO - Processing file /opt/airflow/dags/weekly_summary_pipeline.py for tasks to queue
[2026-03-28T06:01:04.109+0000] {logging_mixin.py:188} INFO - [2026-03-28T06:01:04.108+0000] {dagbag.py:538} INFO - Filling up the DagBag from /opt/airflow/dags/weekly_summary_pipeline.py
[2026-03-28T06:01:04.141+0000] {processor.py:840} INFO - DAG(s) 'weekly_summary_pipeline' retrieved from /opt/airflow/dags/weekly_summary_pipeline.py
[2026-03-28T06:01:04.181+0000] {logging_mixin.py:188} INFO - [2026-03-28T06:01:04.181+0000] {dag.py:3036} INFO - Sync 1 DAGs
[2026-03-28T06:01:04.209+0000] {logging_mixin.py:188} INFO - [2026-03-28T06:01:04.209+0000] {dag.py:3823} INFO - Setting next_dagrun for weekly_summary_pipeline to 2026-03-23 06:00:00+00:00, run_after=2026-03-30 06:00:00+00:00
[2026-03-28T06:01:04.230+0000] {processor.py:183} INFO - Processing /opt/airflow/dags/weekly_summary_pipeline.py took 0.129 seconds
[2026-03-28T06:01:34.363+0000] {processor.py:161} INFO - Started process (PID=7342) to work on /opt/airflow/dags/weekly_summary_pipeline.py
[2026-03-28T06:01:34.365+0000] {processor.py:830} INFO - Processing file /opt/airflow/dags/weekly_summary_pipeline.py for tasks to queue
[2026-03-28T06:01:34.366+0000] {logging_mixin.py:188} INFO - [2026-03-28T06:01:34.365+0000] {dagbag.py:538} INFO - Filling up the DagBag from /opt/airflow/dags/weekly_summary_pipeline.py
[2026-03-28T06:01:34.392+0000] {processor.py:840} INFO - DAG(s) 'weekly_summary_pipeline' retrieved from /opt/airflow/dags/weekly_summary_pipeline.py
[2026-03-28T06:01:34.424+0000] {logging_mixin.py:188} INFO - [2026-03-28T06:01:34.424+0000] {dag.py:3036} INFO - Sync 1 DAGs
[2026-03-28T06:01:34.451+0000] {logging_mixin.py:188} INFO - [2026-03-28T06:01:34.451+0000] {dag.py:3823} INFO - Setting next_dagrun for weekly_summary_pipeline to 2026-03-23 06:00:00+00:00, run_after=2026-03-30 06:00:00+00:00
[2026-03-28T06:01:34.479+0000] {processor.py:183} INFO - Processing /opt/airflow/dags/weekly_summary_pipeline.py took 0.119 seconds
[2026-03-28T06:02:04.666+0000] {processor.py:161} INFO - Started process (PID=7365) to work on /opt/airflow/dags/weekly_summary_pipeline.py
[2026-03-28T06:02:04.667+0000] {processor.py:830} INFO - Processing file /opt/airflow/dags/weekly_summary_pipeline.py for tasks to queue
[2026-03-28T06:02:04.668+0000] {logging_mixin.py:188} INFO - [2026-03-28T06:02:04.668+0000] {dagbag.py:538} INFO - Filling up the DagBag from /opt/airflow/dags/weekly_summary_pipeline.py
[2026-03-28T06:02:04.691+0000] {processor.py:840} INFO - DAG(s) 'weekly_summary_pipeline' retrieved from /opt/airflow/dags/weekly_summary_pipeline.py
[2026-03-28T06:02:04.728+0000] {logging_mixin.py:188} INFO - [2026-03-28T06:02:04.728+0000] {dag.py:3036} INFO - Sync 1 DAGs
[2026-03-28T06:02:04.756+0000] {logging_mixin.py:188} INFO - [2026-03-28T06:02:04.756+0000] {dag.py:3823} INFO - Setting next_dagrun for weekly_summary_pipeline to 2026-03-23 06:00:00+00:00, run_after=2026-03-30 06:00:00+00:00
[2026-03-28T06:02:04.781+0000] {processor.py:183} INFO - Processing /opt/airflow/dags/weekly_summary_pipeline.py took 0.118 seconds
[2026-03-28T06:02:34.991+0000] {processor.py:161} INFO - Started process (PID=7388) to work on /opt/airflow/dags/weekly_summary_pipeline.py
[2026-03-28T06:02:34.992+0000] {processor.py:830} INFO - Processing file /opt/airflow/dags/weekly_summary_pipeline.py for tasks to queue
[2026-03-28T06:02:34.993+0000] {logging_mixin.py:188} INFO - [2026-03-28T06:02:34.993+0000] {dagbag.py:538} INFO - Filling up the DagBag from /opt/airflow/dags/weekly_summary_pipeline.py
[2026-03-28T06:02:35.017+0000] {processor.py:840} INFO - DAG(s) 'weekly_summary_pipeline' retrieved from /opt/airflow/dags/weekly_summary_pipeline.py
[2026-03-28T06:02:35.051+0000] {logging_mixin.py:188} INFO - [2026-03-28T06:02:35.051+0000] {dag.py:3036} INFO - Sync 1 DAGs
[2026-03-28T06:02:35.076+0000] {logging_mixin.py:188} INFO - [2026-03-28T06:02:35.076+0000] {dag.py:3823} INFO - Setting next_dagrun for weekly_summary_pipeline to 2026-03-23 06:00:00+00:00, run_after=2026-03-30 06:00:00+00:00
[2026-03-28T06:02:35.097+0000] {processor.py:183} INFO - Processing /opt/airflow/dags/weekly_summary_pipeline.py took 0.110 seconds
[2026-03-28T06:03:05.170+0000] {processor.py:161} INFO - Started process (PID=7411) to work on /opt/airflow/dags/weekly_summary_pipeline.py
[2026-03-28T06:03:05.171+0000] {processor.py:830} INFO - Processing file /opt/airflow/dags/weekly_summary_pipeline.py for tasks to queue
[2026-03-28T06:03:05.172+0000] {logging_mixin.py:188} INFO - [2026-03-28T06:03:05.172+0000] {dagbag.py:538} INFO - Filling up the DagBag from /opt/airflow/dags/weekly_summary_pipeline.py
[2026-03-28T06:03:05.201+0000] {processor.py:840} INFO - DAG(s) 'weekly_summary_pipeline' retrieved from /opt/airflow/dags/weekly_summary_pipeline.py
[2026-03-28T06:03:05.237+0000] {logging_mixin.py:188} INFO - [2026-03-28T06:03:05.237+0000] {dag.py:3036} INFO - Sync 1 DAGs
[2026-03-28T06:03:05.265+0000] {logging_mixin.py:188} INFO - [2026-03-28T06:03:05.265+0000] {dag.py:3823} INFO - Setting next_dagrun for weekly_summary_pipeline to 2026-03-23 06:00:00+00:00, run_after=2026-03-30 06:00:00+00:00
[2026-03-28T06:03:05.292+0000] {processor.py:183} INFO - Processing /opt/airflow/dags/weekly_summary_pipeline.py took 0.125 seconds
[2026-03-28T06:03:35.382+0000] {processor.py:161} INFO - Started process (PID=7434) to work on /opt/airflow/dags/weekly_summary_pipeline.py
[2026-03-28T06:03:35.383+0000] {processor.py:830} INFO - Processing file /opt/airflow/dags/weekly_summary_pipeline.py for tasks to queue
[2026-03-28T06:03:35.384+0000] {logging_mixin.py:188} INFO - [2026-03-28T06:03:35.384+0000] {dagbag.py:538} INFO - Filling up the DagBag from /opt/airflow/dags/weekly_summary_pipeline.py
[2026-03-28T06:03:35.406+0000] {processor.py:840} INFO - DAG(s) 'weekly_summary_pipeline' retrieved from /opt/airflow/dags/weekly_summary_pipeline.py
[2026-03-28T06:03:35.437+0000] {logging_mixin.py:188} INFO - [2026-03-28T06:03:35.437+0000] {dag.py:3036} INFO - Sync 1 DAGs
[2026-03-28T06:03:35.463+0000] {logging_mixin.py:188} INFO - [2026-03-28T06:03:35.463+0000] {dag.py:3823} INFO - Setting next_dagrun for weekly_summary_pipeline to 2026-03-23 06:00:00+00:00, run_after=2026-03-30 06:00:00+00:00
[2026-03-28T06:03:35.492+0000] {processor.py:183} INFO - Processing /opt/airflow/dags/weekly_summary_pipeline.py took 0.112 seconds
[2026-03-28T06:04:06.029+0000] {processor.py:161} INFO - Started process (PID=7457) to work on /opt/airflow/dags/weekly_summary_pipeline.py
[2026-03-28T06:04:06.029+0000] {processor.py:830} INFO - Processing file /opt/airflow/dags/weekly_summary_pipeline.py for tasks to queue
[2026-03-28T06:04:06.030+0000] {logging_mixin.py:188} INFO - [2026-03-28T06:04:06.030+0000] {dagbag.py:538} INFO - Filling up the DagBag from /opt/airflow/dags/weekly_summary_pipeline.py
[2026-03-28T06:04:06.048+0000] {processor.py:840} INFO - DAG(s) 'weekly_summary_pipeline' retrieved from /opt/airflow/dags/weekly_summary_pipeline.py
[2026-03-28T06:04:06.074+0000] {logging_mixin.py:188} INFO - [2026-03-28T06:04:06.073+0000] {dag.py:3036} INFO - Sync 1 DAGs
[2026-03-28T06:04:06.095+0000] {logging_mixin.py:188} INFO - [2026-03-28T06:04:06.095+0000] {dag.py:3823} INFO - Setting next_dagrun for weekly_summary_pipeline to 2026-03-23 06:00:00+00:00, run_after=2026-03-30 06:00:00+00:00
[2026-03-28T06:04:06.115+0000] {processor.py:183} INFO - Processing /opt/airflow/dags/weekly_summary_pipeline.py took 0.089 seconds
[2026-03-28T06:04:36.550+0000] {processor.py:161} INFO - Started process (PID=7480) to work on /opt/airflow/dags/weekly_summary_pipeline.py
[2026-03-28T06:04:36.551+0000] {processor.py:830} INFO - Processing file /opt/airflow/dags/weekly_summary_pipeline.py for tasks to queue
[2026-03-28T06:04:36.552+0000] {logging_mixin.py:188} INFO - [2026-03-28T06:04:36.552+0000] {dagbag.py:538} INFO - Filling up the DagBag from /opt/airflow/dags/weekly_summary_pipeline.py
[2026-03-28T06:04:36.570+0000] {processor.py:840} INFO - DAG(s) 'weekly_summary_pipeline' retrieved from /opt/airflow/dags/weekly_summary_pipeline.py
[2026-03-28T06:04:36.600+0000] {logging_mixin.py:188} INFO - [2026-03-28T06:04:36.600+0000] {dag.py:3036} INFO - Sync 1 DAGs
[2026-03-28T06:04:36.626+0000] {logging_mixin.py:188} INFO - [2026-03-28T06:04:36.625+0000] {dag.py:3823} INFO - Setting next_dagrun for weekly_summary_pipeline to 2026-03-23 06:00:00+00:00, run_after=2026-03-30 06:00:00+00:00
[2026-03-28T06:04:36.653+0000] {processor.py:183} INFO - Processing /opt/airflow/dags/weekly_summary_pipeline.py took 0.105 seconds
[2026-03-28T06:05:07.069+0000] {processor.py:161} INFO - Started process (PID=7503) to work on /opt/airflow/dags/weekly_summary_pipeline.py
[2026-03-28T06:05:07.070+0000] {processor.py:830} INFO - Processing file /opt/airflow/dags/weekly_summary_pipeline.py for tasks to queue
[2026-03-28T06:05:07.071+0000] {logging_mixin.py:188} INFO - [2026-03-28T06:05:07.070+0000] {dagbag.py:538} INFO - Filling up the DagBag from /opt/airflow/dags/weekly_summary_pipeline.py
[2026-03-28T06:05:07.097+0000] {processor.py:840} INFO - DAG(s) 'weekly_summary_pipeline' retrieved from /opt/airflow/dags/weekly_summary_pipeline.py
[2026-03-28T06:05:07.134+0000] {logging_mixin.py:188} INFO - [2026-03-28T06:05:07.134+0000] {dag.py:3036} INFO - Sync 1 DAGs
[2026-03-28T06:05:07.160+0000] {logging_mixin.py:188} INFO - [2026-03-28T06:05:07.159+0000] {dag.py:3823} INFO - Setting next_dagrun for weekly_summary_pipeline to 2026-03-23 06:00:00+00:00, run_after=2026-03-30 06:00:00+00:00
[2026-03-28T06:05:07.181+0000] {processor.py:183} INFO - Processing /opt/airflow/dags/weekly_summary_pipeline.py took 0.115 seconds
[2026-03-28T06:05:37.440+0000] {processor.py:161} INFO - Started process (PID=7526) to work on /opt/airflow/dags/weekly_summary_pipeline.py
[2026-03-28T06:05:37.442+0000] {processor.py:830} INFO - Processing file /opt/airflow/dags/weekly_summary_pipeline.py for tasks to queue
[2026-03-28T06:05:37.446+0000] {logging_mixin.py:188} INFO - [2026-03-28T06:05:37.445+0000] {dagbag.py:538} INFO - Filling up the DagBag from /opt/airflow/dags/weekly_summary_pipeline.py
[2026-03-28T06:05:37.473+0000] {processor.py:840} INFO - DAG(s) 'weekly_summary_pipeline' retrieved from /opt/airflow/dags/weekly_summary_pipeline.py
[2026-03-28T06:05:37.504+0000] {logging_mixin.py:188} INFO - [2026-03-28T06:05:37.504+0000] {dag.py:3036} INFO - Sync 1 DAGs
[2026-03-28T06:05:37.529+0000] {logging_mixin.py:188} INFO - [2026-03-28T06:05:37.529+0000] {dag.py:3823} INFO - Setting next_dagrun for weekly_summary_pipeline to 2026-03-23 06:00:00+00:00, run_after=2026-03-30 06:00:00+00:00
[2026-03-28T06:05:37.551+0000] {processor.py:183} INFO - Processing /opt/airflow/dags/weekly_summary_pipeline.py took 0.115 seconds
[2026-03-28T06:06:07.848+0000] {processor.py:161} INFO - Started process (PID=7541) to work on /opt/airflow/dags/weekly_summary_pipeline.py
[2026-03-28T06:06:07.850+0000] {processor.py:830} INFO - Processing file /opt/airflow/dags/weekly_summary_pipeline.py for tasks to queue
[2026-03-28T06:06:07.851+0000] {logging_mixin.py:188} INFO - [2026-03-28T06:06:07.851+0000] {dagbag.py:538} INFO - Filling up the DagBag from /opt/airflow/dags/weekly_summary_pipeline.py
[2026-03-28T06:06:07.872+0000] {processor.py:840} INFO - DAG(s) 'weekly_summary_pipeline' retrieved from /opt/airflow/dags/weekly_summary_pipeline.py
[2026-03-28T06:06:07.899+0000] {logging_mixin.py:188} INFO - [2026-03-28T06:06:07.899+0000] {dag.py:3036} INFO - Sync 1 DAGs
[2026-03-28T06:06:07.921+0000] {logging_mixin.py:188} INFO - [2026-03-28T06:06:07.921+0000] {dag.py:3823} INFO - Setting next_dagrun for weekly_summary_pipeline to 2026-03-23 06:00:00+00:00, run_after=2026-03-30 06:00:00+00:00
[2026-03-28T06:06:07.943+0000] {processor.py:183} INFO - Processing /opt/airflow/dags/weekly_summary_pipeline.py took 0.098 seconds
[2026-03-28T06:06:38.145+0000] {processor.py:161} INFO - Started process (PID=7564) to work on /opt/airflow/dags/weekly_summary_pipeline.py
[2026-03-28T06:06:38.146+0000] {processor.py:830} INFO - Processing file /opt/airflow/dags/weekly_summary_pipeline.py for tasks to queue
[2026-03-28T06:06:38.147+0000] {logging_mixin.py:188} INFO - [2026-03-28T06:06:38.147+0000] {dagbag.py:538} INFO - Filling up the DagBag from /opt/airflow/dags/weekly_summary_pipeline.py
[2026-03-28T06:06:38.167+0000] {processor.py:840} INFO - DAG(s) 'weekly_summary_pipeline' retrieved from /opt/airflow/dags/weekly_summary_pipeline.py
[2026-03-28T06:06:38.200+0000] {logging_mixin.py:188} INFO - [2026-03-28T06:06:38.200+0000] {dag.py:3036} INFO - Sync 1 DAGs
[2026-03-28T06:06:38.225+0000] {logging_mixin.py:188} INFO - [2026-03-28T06:06:38.225+0000] {dag.py:3823} INFO - Setting next_dagrun for weekly_summary_pipeline to 2026-03-23 06:00:00+00:00, run_after=2026-03-30 06:00:00+00:00
[2026-03-28T06:06:38.251+0000] {processor.py:183} INFO - Processing /opt/airflow/dags/weekly_summary_pipeline.py took 0.109 seconds
[2026-03-28T06:07:09.422+0000] {processor.py:161} INFO - Started process (PID=7587) to work on /opt/airflow/dags/weekly_summary_pipeline.py
[2026-03-28T06:07:09.423+0000] {processor.py:830} INFO - Processing file /opt/airflow/dags/weekly_summary_pipeline.py for tasks to queue
[2026-03-28T06:07:09.424+0000] {logging_mixin.py:188} INFO - [2026-03-28T06:07:09.423+0000] {dagbag.py:538} INFO - Filling up the DagBag from /opt/airflow/dags/weekly_summary_pipeline.py
[2026-03-28T06:07:09.445+0000] {processor.py:840} INFO - DAG(s) 'weekly_summary_pipeline' retrieved from /opt/airflow/dags/weekly_summary_pipeline.py
[2026-03-28T06:07:09.474+0000] {logging_mixin.py:188} INFO - [2026-03-28T06:07:09.474+0000] {dag.py:3036} INFO - Sync 1 DAGs
[2026-03-28T06:07:09.497+0000] {logging_mixin.py:188} INFO - [2026-03-28T06:07:09.497+0000] {dag.py:3823} INFO - Setting next_dagrun for weekly_summary_pipeline to 2026-03-23 06:00:00+00:00, run_after=2026-03-30 06:00:00+00:00
[2026-03-28T06:07:09.520+0000] {processor.py:183} INFO - Processing /opt/airflow/dags/weekly_summary_pipeline.py took 0.101 seconds
[2026-03-28T06:07:39.752+0000] {processor.py:161} INFO - Started process (PID=7611) to work on /opt/airflow/dags/weekly_summary_pipeline.py
[2026-03-28T06:07:39.753+0000] {processor.py:830} INFO - Processing file /opt/airflow/dags/weekly_summary_pipeline.py for tasks to queue
[2026-03-28T06:07:39.754+0000] {logging_mixin.py:188} INFO - [2026-03-28T06:07:39.754+0000] {dagbag.py:538} INFO - Filling up the DagBag from /opt/airflow/dags/weekly_summary_pipeline.py
[2026-03-28T06:07:39.781+0000] {processor.py:840} INFO - DAG(s) 'weekly_summary_pipeline' retrieved from /opt/airflow/dags/weekly_summary_pipeline.py
[2026-03-28T06:07:39.812+0000] {logging_mixin.py:188} INFO - [2026-03-28T06:07:39.812+0000] {dag.py:3036} INFO - Sync 1 DAGs
[2026-03-28T06:07:39.835+0000] {logging_mixin.py:188} INFO - [2026-03-28T06:07:39.835+0000] {dag.py:3823} INFO - Setting next_dagrun for weekly_summary_pipeline to 2026-03-23 06:00:00+00:00, run_after=2026-03-30 06:00:00+00:00
[2026-03-28T06:07:39.858+0000] {processor.py:183} INFO - Processing /opt/airflow/dags/weekly_summary_pipeline.py took 0.109 seconds
[2026-03-28T06:08:11.062+0000] {processor.py:161} INFO - Started process (PID=7634) to work on /opt/airflow/dags/weekly_summary_pipeline.py
[2026-03-28T06:08:11.063+0000] {processor.py:830} INFO - Processing file /opt/airflow/dags/weekly_summary_pipeline.py for tasks to queue
[2026-03-28T06:08:11.064+0000] {logging_mixin.py:188} INFO - [2026-03-28T06:08:11.064+0000] {dagbag.py:538} INFO - Filling up the DagBag from /opt/airflow/dags/weekly_summary_pipeline.py
[2026-03-28T06:08:11.082+0000] {processor.py:840} INFO - DAG(s) 'weekly_summary_pipeline' retrieved from /opt/airflow/dags/weekly_summary_pipeline.py
[2026-03-28T06:08:11.109+0000] {logging_mixin.py:188} INFO - [2026-03-28T06:08:11.109+0000] {dag.py:3036} INFO - Sync 1 DAGs
[2026-03-28T06:08:11.130+0000] {logging_mixin.py:188} INFO - [2026-03-28T06:08:11.130+0000] {dag.py:3823} INFO - Setting next_dagrun for weekly_summary_pipeline to 2026-03-23 06:00:00+00:00, run_after=2026-03-30 06:00:00+00:00
[2026-03-28T06:08:11.151+0000] {processor.py:183} INFO - Processing /opt/airflow/dags/weekly_summary_pipeline.py took 0.091 seconds
[2026-03-28T06:08:41.495+0000] {processor.py:161} INFO - Started process (PID=7657) to work on /opt/airflow/dags/weekly_summary_pipeline.py
[2026-03-28T06:08:41.496+0000] {processor.py:830} INFO - Processing file /opt/airflow/dags/weekly_summary_pipeline.py for tasks to queue
[2026-03-28T06:08:41.497+0000] {logging_mixin.py:188} INFO - [2026-03-28T06:08:41.497+0000] {dagbag.py:538} INFO - Filling up the DagBag from /opt/airflow/dags/weekly_summary_pipeline.py
[2026-03-28T06:08:41.516+0000] {processor.py:840} INFO - DAG(s) 'weekly_summary_pipeline' retrieved from /opt/airflow/dags/weekly_summary_pipeline.py
[2026-03-28T06:08:41.541+0000] {logging_mixin.py:188} INFO - [2026-03-28T06:08:41.541+0000] {dag.py:3036} INFO - Sync 1 DAGs
[2026-03-28T06:08:41.563+0000] {logging_mixin.py:188} INFO - [2026-03-28T06:08:41.562+0000] {dag.py:3823} INFO - Setting next_dagrun for weekly_summary_pipeline to 2026-03-23 06:00:00+00:00, run_after=2026-03-30 06:00:00+00:00
[2026-03-28T06:08:41.585+0000] {processor.py:183} INFO - Processing /opt/airflow/dags/weekly_summary_pipeline.py took 0.093 seconds
[2026-03-28T06:09:12.789+0000] {processor.py:161} INFO - Started process (PID=7680) to work on /opt/airflow/dags/weekly_summary_pipeline.py
[2026-03-28T06:09:12.790+0000] {processor.py:830} INFO - Processing file /opt/airflow/dags/weekly_summary_pipeline.py for tasks to queue
[2026-03-28T06:09:12.791+0000] {logging_mixin.py:188} INFO - [2026-03-28T06:09:12.791+0000] {dagbag.py:538} INFO - Filling up the DagBag from /opt/airflow/dags/weekly_summary_pipeline.py
[2026-03-28T06:09:12.816+0000] {processor.py:840} INFO - DAG(s) 'weekly_summary_pipeline' retrieved from /opt/airflow/dags/weekly_summary_pipeline.py
[2026-03-28T06:09:12.854+0000] {logging_mixin.py:188} INFO - [2026-03-28T06:09:12.854+0000] {dag.py:3036} INFO - Sync 1 DAGs
[2026-03-28T06:09:12.885+0000] {logging_mixin.py:188} INFO - [2026-03-28T06:09:12.884+0000] {dag.py:3823} INFO - Setting next_dagrun for weekly_summary_pipeline to 2026-03-23 06:00:00+00:00, run_after=2026-03-30 06:00:00+00:00
[2026-03-28T06:09:12.909+0000] {processor.py:183} INFO - Processing /opt/airflow/dags/weekly_summary_pipeline.py took 0.123 seconds
[2026-03-28T06:09:44.157+0000] {processor.py:161} INFO - Started process (PID=7703) to work on /opt/airflow/dags/weekly_summary_pipeline.py
[2026-03-28T06:09:44.158+0000] {processor.py:830} INFO - Processing file /opt/airflow/dags/weekly_summary_pipeline.py for tasks to queue
[2026-03-28T06:09:44.166+0000] {logging_mixin.py:188} INFO - [2026-03-28T06:09:44.159+0000] {dagbag.py:538} INFO - Filling up the DagBag from /opt/airflow/dags/weekly_summary_pipeline.py
[2026-03-28T06:09:44.193+0000] {processor.py:840} INFO - DAG(s) 'weekly_summary_pipeline' retrieved from /opt/airflow/dags/weekly_summary_pipeline.py
[2026-03-28T06:09:44.229+0000] {logging_mixin.py:188} INFO - [2026-03-28T06:09:44.229+0000] {dag.py:3036} INFO - Sync 1 DAGs
[2026-03-28T06:09:44.261+0000] {logging_mixin.py:188} INFO - [2026-03-28T06:09:44.260+0000] {dag.py:3823} INFO - Setting next_dagrun for weekly_summary_pipeline to 2026-03-23 06:00:00+00:00, run_after=2026-03-30 06:00:00+00:00
[2026-03-28T06:09:44.283+0000] {processor.py:183} INFO - Processing /opt/airflow/dags/weekly_summary_pipeline.py took 0.129 seconds
[2026-03-28T06:10:14.508+0000] {processor.py:161} INFO - Started process (PID=7727) to work on /opt/airflow/dags/weekly_summary_pipeline.py
[2026-03-28T06:10:14.510+0000] {processor.py:830} INFO - Processing file /opt/airflow/dags/weekly_summary_pipeline.py for tasks to queue
[2026-03-28T06:10:14.511+0000] {logging_mixin.py:188} INFO - [2026-03-28T06:10:14.511+0000] {dagbag.py:538} INFO - Filling up the DagBag from /opt/airflow/dags/weekly_summary_pipeline.py
[2026-03-28T06:10:14.532+0000] {processor.py:840} INFO - DAG(s) 'weekly_summary_pipeline' retrieved from /opt/airflow/dags/weekly_summary_pipeline.py
[2026-03-28T06:10:14.560+0000] {logging_mixin.py:188} INFO - [2026-03-28T06:10:14.560+0000] {dag.py:3036} INFO - Sync 1 DAGs
[2026-03-28T06:10:14.584+0000] {logging_mixin.py:188} INFO - [2026-03-28T06:10:14.584+0000] {dag.py:3823} INFO - Setting next_dagrun for weekly_summary_pipeline to 2026-03-23 06:00:00+00:00, run_after=2026-03-30 06:00:00+00:00
[2026-03-28T06:10:14.606+0000] {processor.py:183} INFO - Processing /opt/airflow/dags/weekly_summary_pipeline.py took 0.101 seconds
[2026-03-28T06:10:45.782+0000] {processor.py:161} INFO - Started process (PID=7750) to work on /opt/airflow/dags/weekly_summary_pipeline.py
[2026-03-28T06:10:45.783+0000] {processor.py:830} INFO - Processing file /opt/airflow/dags/weekly_summary_pipeline.py for tasks to queue
[2026-03-28T06:10:45.784+0000] {logging_mixin.py:188} INFO - [2026-03-28T06:10:45.784+0000] {dagbag.py:538} INFO - Filling up the DagBag from /opt/airflow/dags/weekly_summary_pipeline.py
[2026-03-28T06:10:45.807+0000] {processor.py:840} INFO - DAG(s) 'weekly_summary_pipeline' retrieved from /opt/airflow/dags/weekly_summary_pipeline.py
[2026-03-28T06:10:45.844+0000] {logging_mixin.py:188} INFO - [2026-03-28T06:10:45.844+0000] {dag.py:3036} INFO - Sync 1 DAGs
[2026-03-28T06:10:45.868+0000] {logging_mixin.py:188} INFO - [2026-03-28T06:10:45.868+0000] {dag.py:3823} INFO - Setting next_dagrun for weekly_summary_pipeline to 2026-03-23 06:00:00+00:00, run_after=2026-03-30 06:00:00+00:00
[2026-03-28T06:10:45.891+0000] {processor.py:183} INFO - Processing /opt/airflow/dags/weekly_summary_pipeline.py took 0.113 seconds
[2026-03-28T06:11:16.435+0000] {processor.py:161} INFO - Started process (PID=7773) to work on /opt/airflow/dags/weekly_summary_pipeline.py
[2026-03-28T06:11:16.436+0000] {processor.py:830} INFO - Processing file /opt/airflow/dags/weekly_summary_pipeline.py for tasks to queue
[2026-03-28T06:11:16.437+0000] {logging_mixin.py:188} INFO - [2026-03-28T06:11:16.437+0000] {dagbag.py:538} INFO - Filling up the DagBag from /opt/airflow/dags/weekly_summary_pipeline.py
[2026-03-28T06:11:16.457+0000] {processor.py:840} INFO - DAG(s) 'weekly_summary_pipeline' retrieved from /opt/airflow/dags/weekly_summary_pipeline.py
[2026-03-28T06:11:16.486+0000] {logging_mixin.py:188} INFO - [2026-03-28T06:11:16.486+0000] {dag.py:3036} INFO - Sync 1 DAGs
[2026-03-28T06:11:16.512+0000] {logging_mixin.py:188} INFO - [2026-03-28T06:11:16.511+0000] {dag.py:3823} INFO - Setting next_dagrun for weekly_summary_pipeline to 2026-03-23 06:00:00+00:00, run_after=2026-03-30 06:00:00+00:00
[2026-03-28T06:11:16.535+0000] {processor.py:183} INFO - Processing /opt/airflow/dags/weekly_summary_pipeline.py took 0.102 seconds
[2026-03-28T06:11:47.396+0000] {processor.py:161} INFO - Started process (PID=7796) to work on /opt/airflow/dags/weekly_summary_pipeline.py
[2026-03-28T06:11:47.397+0000] {processor.py:830} INFO - Processing file /opt/airflow/dags/weekly_summary_pipeline.py for tasks to queue
[2026-03-28T06:11:47.398+0000] {logging_mixin.py:188} INFO - [2026-03-28T06:11:47.398+0000] {dagbag.py:538} INFO - Filling up the DagBag from /opt/airflow/dags/weekly_summary_pipeline.py
[2026-03-28T06:11:47.418+0000] {processor.py:840} INFO - DAG(s) 'weekly_summary_pipeline' retrieved from /opt/airflow/dags/weekly_summary_pipeline.py
[2026-03-28T06:11:47.445+0000] {logging_mixin.py:188} INFO - [2026-03-28T06:11:47.445+0000] {dag.py:3036} INFO - Sync 1 DAGs
[2026-03-28T06:11:47.467+0000] {logging_mixin.py:188} INFO - [2026-03-28T06:11:47.467+0000] {dag.py:3823} INFO - Setting next_dagrun for weekly_summary_pipeline to 2026-03-23 06:00:00+00:00, run_after=2026-03-30 06:00:00+00:00
[2026-03-28T06:11:47.492+0000] {processor.py:183} INFO - Processing /opt/airflow/dags/weekly_summary_pipeline.py took 0.098 seconds
[2026-03-28T06:12:18.732+0000] {processor.py:161} INFO - Started process (PID=7819) to work on /opt/airflow/dags/weekly_summary_pipeline.py
[2026-03-28T06:12:18.734+0000] {processor.py:830} INFO - Processing file /opt/airflow/dags/weekly_summary_pipeline.py for tasks to queue
[2026-03-28T06:12:18.735+0000] {logging_mixin.py:188} INFO - [2026-03-28T06:12:18.734+0000] {dagbag.py:538} INFO - Filling up the DagBag from /opt/airflow/dags/weekly_summary_pipeline.py
[2026-03-28T06:12:18.754+0000] {processor.py:840} INFO - DAG(s) 'weekly_summary_pipeline' retrieved from /opt/airflow/dags/weekly_summary_pipeline.py
[2026-03-28T06:12:18.780+0000] {logging_mixin.py:188} INFO - [2026-03-28T06:12:18.780+0000] {dag.py:3036} INFO - Sync 1 DAGs
[2026-03-28T06:12:18.806+0000] {logging_mixin.py:188} INFO - [2026-03-28T06:12:18.806+0000] {dag.py:3823} INFO - Setting next_dagrun for weekly_summary_pipeline to 2026-03-23 06:00:00+00:00, run_after=2026-03-30 06:00:00+00:00
[2026-03-28T06:12:18.823+0000] {processor.py:183} INFO - Processing /opt/airflow/dags/weekly_summary_pipeline.py took 0.094 seconds
[2026-03-28T06:12:49.066+0000] {processor.py:161} INFO - Started process (PID=7842) to work on /opt/airflow/dags/weekly_summary_pipeline.py
[2026-03-28T06:12:49.067+0000] {processor.py:830} INFO - Processing file /opt/airflow/dags/weekly_summary_pipeline.py for tasks to queue
[2026-03-28T06:12:49.069+0000] {logging_mixin.py:188} INFO - [2026-03-28T06:12:49.068+0000] {dagbag.py:538} INFO - Filling up the DagBag from /opt/airflow/dags/weekly_summary_pipeline.py
[2026-03-28T06:12:49.087+0000] {processor.py:840} INFO - DAG(s) 'weekly_summary_pipeline' retrieved from /opt/airflow/dags/weekly_summary_pipeline.py
[2026-03-28T06:12:49.115+0000] {logging_mixin.py:188} INFO - [2026-03-28T06:12:49.114+0000] {dag.py:3036} INFO - Sync 1 DAGs
[2026-03-28T06:12:49.142+0000] {logging_mixin.py:188} INFO - [2026-03-28T06:12:49.142+0000] {dag.py:3823} INFO - Setting next_dagrun for weekly_summary_pipeline to 2026-03-23 06:00:00+00:00, run_after=2026-03-30 06:00:00+00:00
[2026-03-28T06:12:49.171+0000] {processor.py:183} INFO - Processing /opt/airflow/dags/weekly_summary_pipeline.py took 0.108 seconds
[2026-03-28T06:13:20.365+0000] {processor.py:161} INFO - Started process (PID=7857) to work on /opt/airflow/dags/weekly_summary_pipeline.py
[2026-03-28T06:13:20.366+0000] {processor.py:830} INFO - Processing file /opt/airflow/dags/weekly_summary_pipeline.py for tasks to queue
[2026-03-28T06:13:20.367+0000] {logging_mixin.py:188} INFO - [2026-03-28T06:13:20.367+0000] {dagbag.py:538} INFO - Filling up the DagBag from /opt/airflow/dags/weekly_summary_pipeline.py
[2026-03-28T06:13:20.385+0000] {processor.py:840} INFO - DAG(s) 'weekly_summary_pipeline' retrieved from /opt/airflow/dags/weekly_summary_pipeline.py
[2026-03-28T06:13:20.422+0000] {logging_mixin.py:188} INFO - [2026-03-28T06:13:20.422+0000] {dag.py:3036} INFO - Sync 1 DAGs
[2026-03-28T06:13:20.448+0000] {logging_mixin.py:188} INFO - [2026-03-28T06:13:20.447+0000] {dag.py:3823} INFO - Setting next_dagrun for weekly_summary_pipeline to 2026-03-23 06:00:00+00:00, run_after=2026-03-30 06:00:00+00:00
[2026-03-28T06:13:20.469+0000] {processor.py:183} INFO - Processing /opt/airflow/dags/weekly_summary_pipeline.py took 0.108 seconds
[2026-03-28T06:13:50.686+0000] {processor.py:161} INFO - Started process (PID=7880) to work on /opt/airflow/dags/weekly_summary_pipeline.py
[2026-03-28T06:13:50.687+0000] {processor.py:830} INFO - Processing file /opt/airflow/dags/weekly_summary_pipeline.py for tasks to queue
[2026-03-28T06:13:50.688+0000] {logging_mixin.py:188} INFO - [2026-03-28T06:13:50.688+0000] {dagbag.py:538} INFO - Filling up the DagBag from /opt/airflow/dags/weekly_summary_pipeline.py
[2026-03-28T06:13:50.705+0000] {processor.py:840} INFO - DAG(s) 'weekly_summary_pipeline' retrieved from /opt/airflow/dags/weekly_summary_pipeline.py
[2026-03-28T06:13:50.732+0000] {logging_mixin.py:188} INFO - [2026-03-28T06:13:50.732+0000] {dag.py:3036} INFO - Sync 1 DAGs
[2026-03-28T06:13:50.754+0000] {logging_mixin.py:188} INFO - [2026-03-28T06:13:50.754+0000] {dag.py:3823} INFO - Setting next_dagrun for weekly_summary_pipeline to 2026-03-23 06:00:00+00:00, run_after=2026-03-30 06:00:00+00:00
[2026-03-28T06:13:50.779+0000] {processor.py:183} INFO - Processing /opt/airflow/dags/weekly_summary_pipeline.py took 0.096 seconds
[2026-03-28T06:14:22.069+0000] {processor.py:161} INFO - Started process (PID=7903) to work on /opt/airflow/dags/weekly_summary_pipeline.py
[2026-03-28T06:14:22.070+0000] {processor.py:830} INFO - Processing file /opt/airflow/dags/weekly_summary_pipeline.py for tasks to queue
[2026-03-28T06:14:22.071+0000] {logging_mixin.py:188} INFO - [2026-03-28T06:14:22.071+0000] {dagbag.py:538} INFO - Filling up the DagBag from /opt/airflow/dags/weekly_summary_pipeline.py
[2026-03-28T06:14:22.096+0000] {processor.py:840} INFO - DAG(s) 'weekly_summary_pipeline' retrieved from /opt/airflow/dags/weekly_summary_pipeline.py
[2026-03-28T06:14:22.133+0000] {logging_mixin.py:188} INFO - [2026-03-28T06:14:22.133+0000] {dag.py:3036} INFO - Sync 1 DAGs
[2026-03-28T06:14:22.163+0000] {logging_mixin.py:188} INFO - [2026-03-28T06:14:22.162+0000] {dag.py:3823} INFO - Setting next_dagrun for weekly_summary_pipeline to 2026-03-23 06:00:00+00:00, run_after=2026-03-30 06:00:00+00:00
[2026-03-28T06:14:22.187+0000] {processor.py:183} INFO - Processing /opt/airflow/dags/weekly_summary_pipeline.py took 0.121 seconds
[2026-03-28T06:14:52.669+0000] {processor.py:161} INFO - Started process (PID=7926) to work on /opt/airflow/dags/weekly_summary_pipeline.py
[2026-03-28T06:14:52.672+0000] {processor.py:830} INFO - Processing file /opt/airflow/dags/weekly_summary_pipeline.py for tasks to queue
[2026-03-28T06:14:52.673+0000] {logging_mixin.py:188} INFO - [2026-03-28T06:14:52.673+0000] {dagbag.py:538} INFO - Filling up the DagBag from /opt/airflow/dags/weekly_summary_pipeline.py
[2026-03-28T06:14:52.711+0000] {processor.py:840} INFO - DAG(s) 'weekly_summary_pipeline' retrieved from /opt/airflow/dags/weekly_summary_pipeline.py
[2026-03-28T06:14:52.753+0000] {logging_mixin.py:188} INFO - [2026-03-28T06:14:52.753+0000] {dag.py:3036} INFO - Sync 1 DAGs
[2026-03-28T06:14:52.795+0000] {logging_mixin.py:188} INFO - [2026-03-28T06:14:52.794+0000] {dag.py:3823} INFO - Setting next_dagrun for weekly_summary_pipeline to 2026-03-23 06:00:00+00:00, run_after=2026-03-30 06:00:00+00:00
[2026-03-28T06:14:52.834+0000] {processor.py:183} INFO - Processing /opt/airflow/dags/weekly_summary_pipeline.py took 0.169 seconds
[2026-03-28T06:15:24.042+0000] {processor.py:161} INFO - Started process (PID=7949) to work on /opt/airflow/dags/weekly_summary_pipeline.py
[2026-03-28T06:15:24.043+0000] {processor.py:830} INFO - Processing file /opt/airflow/dags/weekly_summary_pipeline.py for tasks to queue
[2026-03-28T06:15:24.044+0000] {logging_mixin.py:188} INFO - [2026-03-28T06:15:24.044+0000] {dagbag.py:538} INFO - Filling up the DagBag from /opt/airflow/dags/weekly_summary_pipeline.py
[2026-03-28T06:15:24.065+0000] {processor.py:840} INFO - DAG(s) 'weekly_summary_pipeline' retrieved from /opt/airflow/dags/weekly_summary_pipeline.py
[2026-03-28T06:15:24.095+0000] {logging_mixin.py:188} INFO - [2026-03-28T06:15:24.095+0000] {dag.py:3036} INFO - Sync 1 DAGs
[2026-03-28T06:15:24.122+0000] {logging_mixin.py:188} INFO - [2026-03-28T06:15:24.121+0000] {dag.py:3823} INFO - Setting next_dagrun for weekly_summary_pipeline to 2026-03-23 06:00:00+00:00, run_after=2026-03-30 06:00:00+00:00
[2026-03-28T06:15:24.146+0000] {processor.py:183} INFO - Processing /opt/airflow/dags/weekly_summary_pipeline.py took 0.107 seconds
[2026-03-28T06:15:55.368+0000] {processor.py:161} INFO - Started process (PID=7972) to work on /opt/airflow/dags/weekly_summary_pipeline.py
[2026-03-28T06:15:55.370+0000] {processor.py:830} INFO - Processing file /opt/airflow/dags/weekly_summary_pipeline.py for tasks to queue
[2026-03-28T06:15:55.371+0000] {logging_mixin.py:188} INFO - [2026-03-28T06:15:55.370+0000] {dagbag.py:538} INFO - Filling up the DagBag from /opt/airflow/dags/weekly_summary_pipeline.py
[2026-03-28T06:15:55.398+0000] {processor.py:840} INFO - DAG(s) 'weekly_summary_pipeline' retrieved from /opt/airflow/dags/weekly_summary_pipeline.py
[2026-03-28T06:15:55.451+0000] {logging_mixin.py:188} INFO - [2026-03-28T06:15:55.451+0000] {dag.py:3036} INFO - Sync 1 DAGs
[2026-03-28T06:15:55.482+0000] {logging_mixin.py:188} INFO - [2026-03-28T06:15:55.482+0000] {dag.py:3823} INFO - Setting next_dagrun for weekly_summary_pipeline to 2026-03-23 06:00:00+00:00, run_after=2026-03-30 06:00:00+00:00
[2026-03-28T06:15:55.503+0000] {processor.py:183} INFO - Processing /opt/airflow/dags/weekly_summary_pipeline.py took 0.138 seconds
[2026-03-28T06:16:25.866+0000] {processor.py:161} INFO - Started process (PID=7995) to work on /opt/airflow/dags/weekly_summary_pipeline.py
[2026-03-28T06:16:25.867+0000] {processor.py:830} INFO - Processing file /opt/airflow/dags/weekly_summary_pipeline.py for tasks to queue
[2026-03-28T06:16:25.868+0000] {logging_mixin.py:188} INFO - [2026-03-28T06:16:25.867+0000] {dagbag.py:538} INFO - Filling up the DagBag from /opt/airflow/dags/weekly_summary_pipeline.py
[2026-03-28T06:16:25.886+0000] {processor.py:840} INFO - DAG(s) 'weekly_summary_pipeline' retrieved from /opt/airflow/dags/weekly_summary_pipeline.py
[2026-03-28T06:16:25.915+0000] {logging_mixin.py:188} INFO - [2026-03-28T06:16:25.915+0000] {dag.py:3036} INFO - Sync 1 DAGs
[2026-03-28T06:16:25.941+0000] {logging_mixin.py:188} INFO - [2026-03-28T06:16:25.941+0000] {dag.py:3823} INFO - Setting next_dagrun for weekly_summary_pipeline to 2026-03-23 06:00:00+00:00, run_after=2026-03-30 06:00:00+00:00
[2026-03-28T06:16:25.961+0000] {processor.py:183} INFO - Processing /opt/airflow/dags/weekly_summary_pipeline.py took 0.098 seconds
[2026-03-28T06:16:57.158+0000] {processor.py:161} INFO - Started process (PID=8018) to work on /opt/airflow/dags/weekly_summary_pipeline.py
[2026-03-28T06:16:57.159+0000] {processor.py:830} INFO - Processing file /opt/airflow/dags/weekly_summary_pipeline.py for tasks to queue
[2026-03-28T06:16:57.160+0000] {logging_mixin.py:188} INFO - [2026-03-28T06:16:57.160+0000] {dagbag.py:538} INFO - Filling up the DagBag from /opt/airflow/dags/weekly_summary_pipeline.py
[2026-03-28T06:16:57.182+0000] {processor.py:840} INFO - DAG(s) 'weekly_summary_pipeline' retrieved from /opt/airflow/dags/weekly_summary_pipeline.py
[2026-03-28T06:16:57.209+0000] {logging_mixin.py:188} INFO - [2026-03-28T06:16:57.209+0000] {dag.py:3036} INFO - Sync 1 DAGs
[2026-03-28T06:16:57.238+0000] {logging_mixin.py:188} INFO - [2026-03-28T06:16:57.237+0000] {dag.py:3823} INFO - Setting next_dagrun for weekly_summary_pipeline to 2026-03-23 06:00:00+00:00, run_after=2026-03-30 06:00:00+00:00
[2026-03-28T06:16:57.261+0000] {processor.py:183} INFO - Processing /opt/airflow/dags/weekly_summary_pipeline.py took 0.105 seconds
[2026-03-28T06:17:27.548+0000] {processor.py:161} INFO - Started process (PID=8041) to work on /opt/airflow/dags/weekly_summary_pipeline.py
[2026-03-28T06:17:27.549+0000] {processor.py:830} INFO - Processing file /opt/airflow/dags/weekly_summary_pipeline.py for tasks to queue
[2026-03-28T06:17:27.550+0000] {logging_mixin.py:188} INFO - [2026-03-28T06:17:27.550+0000] {dagbag.py:538} INFO - Filling up the DagBag from /opt/airflow/dags/weekly_summary_pipeline.py
[2026-03-28T06:17:27.571+0000] {processor.py:840} INFO - DAG(s) 'weekly_summary_pipeline' retrieved from /opt/airflow/dags/weekly_summary_pipeline.py
[2026-03-28T06:17:27.600+0000] {logging_mixin.py:188} INFO - [2026-03-28T06:17:27.600+0000] {dag.py:3036} INFO - Sync 1 DAGs
[2026-03-28T06:17:27.628+0000] {logging_mixin.py:188} INFO - [2026-03-28T06:17:27.627+0000] {dag.py:3823} INFO - Setting next_dagrun for weekly_summary_pipeline to 2026-03-23 06:00:00+00:00, run_after=2026-03-30 06:00:00+00:00
[2026-03-28T06:17:27.647+0000] {processor.py:183} INFO - Processing /opt/airflow/dags/weekly_summary_pipeline.py took 0.102 seconds
[2026-03-28T06:17:58.933+0000] {processor.py:161} INFO - Started process (PID=8064) to work on /opt/airflow/dags/weekly_summary_pipeline.py
[2026-03-28T06:17:58.934+0000] {processor.py:830} INFO - Processing file /opt/airflow/dags/weekly_summary_pipeline.py for tasks to queue
[2026-03-28T06:17:58.935+0000] {logging_mixin.py:188} INFO - [2026-03-28T06:17:58.935+0000] {dagbag.py:538} INFO - Filling up the DagBag from /opt/airflow/dags/weekly_summary_pipeline.py
[2026-03-28T06:17:58.956+0000] {processor.py:840} INFO - DAG(s) 'weekly_summary_pipeline' retrieved from /opt/airflow/dags/weekly_summary_pipeline.py
[2026-03-28T06:17:58.984+0000] {logging_mixin.py:188} INFO - [2026-03-28T06:17:58.984+0000] {dag.py:3036} INFO - Sync 1 DAGs
[2026-03-28T06:17:59.016+0000] {logging_mixin.py:188} INFO - [2026-03-28T06:17:59.015+0000] {dag.py:3823} INFO - Setting next_dagrun for weekly_summary_pipeline to 2026-03-23 06:00:00+00:00, run_after=2026-03-30 06:00:00+00:00
[2026-03-28T06:17:59.044+0000] {processor.py:183} INFO - Processing /opt/airflow/dags/weekly_summary_pipeline.py took 0.115 seconds
[2026-03-28T06:18:29.770+0000] {processor.py:161} INFO - Started process (PID=8087) to work on /opt/airflow/dags/weekly_summary_pipeline.py
[2026-03-28T06:18:29.771+0000] {processor.py:830} INFO - Processing file /opt/airflow/dags/weekly_summary_pipeline.py for tasks to queue
[2026-03-28T06:18:29.772+0000] {logging_mixin.py:188} INFO - [2026-03-28T06:18:29.772+0000] {dagbag.py:538} INFO - Filling up the DagBag from /opt/airflow/dags/weekly_summary_pipeline.py
[2026-03-28T06:18:29.792+0000] {processor.py:840} INFO - DAG(s) 'weekly_summary_pipeline' retrieved from /opt/airflow/dags/weekly_summary_pipeline.py
[2026-03-28T06:18:29.822+0000] {logging_mixin.py:188} INFO - [2026-03-28T06:18:29.822+0000] {dag.py:3036} INFO - Sync 1 DAGs
[2026-03-28T06:18:29.851+0000] {logging_mixin.py:188} INFO - [2026-03-28T06:18:29.851+0000] {dag.py:3823} INFO - Setting next_dagrun for weekly_summary_pipeline to 2026-03-23 06:00:00+00:00, run_after=2026-03-30 06:00:00+00:00
[2026-03-28T06:18:29.875+0000] {processor.py:183} INFO - Processing /opt/airflow/dags/weekly_summary_pipeline.py took 0.109 seconds
[2026-03-28T06:19:00.379+0000] {processor.py:161} INFO - Started process (PID=8110) to work on /opt/airflow/dags/weekly_summary_pipeline.py
[2026-03-28T06:19:00.381+0000] {processor.py:830} INFO - Processing file /opt/airflow/dags/weekly_summary_pipeline.py for tasks to queue
[2026-03-28T06:19:00.381+0000] {logging_mixin.py:188} INFO - [2026-03-28T06:19:00.381+0000] {dagbag.py:538} INFO - Filling up the DagBag from /opt/airflow/dags/weekly_summary_pipeline.py
[2026-03-28T06:19:00.401+0000] {processor.py:840} INFO - DAG(s) 'weekly_summary_pipeline' retrieved from /opt/airflow/dags/weekly_summary_pipeline.py
[2026-03-28T06:19:00.433+0000] {logging_mixin.py:188} INFO - [2026-03-28T06:19:00.432+0000] {dag.py:3036} INFO - Sync 1 DAGs
[2026-03-28T06:19:00.464+0000] {logging_mixin.py:188} INFO - [2026-03-28T06:19:00.464+0000] {dag.py:3823} INFO - Setting next_dagrun for weekly_summary_pipeline to 2026-03-23 06:00:00+00:00, run_after=2026-03-30 06:00:00+00:00
[2026-03-28T06:19:00.491+0000] {processor.py:183} INFO - Processing /opt/airflow/dags/weekly_summary_pipeline.py took 0.115 seconds
[2026-03-28T06:19:31.788+0000] {processor.py:161} INFO - Started process (PID=8133) to work on /opt/airflow/dags/weekly_summary_pipeline.py
[2026-03-28T06:19:31.789+0000] {processor.py:830} INFO - Processing file /opt/airflow/dags/weekly_summary_pipeline.py for tasks to queue
[2026-03-28T06:19:31.792+0000] {logging_mixin.py:188} INFO - [2026-03-28T06:19:31.791+0000] {dagbag.py:538} INFO - Filling up the DagBag from /opt/airflow/dags/weekly_summary_pipeline.py
[2026-03-28T06:19:31.809+0000] {processor.py:840} INFO - DAG(s) 'weekly_summary_pipeline' retrieved from /opt/airflow/dags/weekly_summary_pipeline.py
[2026-03-28T06:19:31.837+0000] {logging_mixin.py:188} INFO - [2026-03-28T06:19:31.836+0000] {dag.py:3036} INFO - Sync 1 DAGs
[2026-03-28T06:19:31.863+0000] {logging_mixin.py:188} INFO - [2026-03-28T06:19:31.863+0000] {dag.py:3823} INFO - Setting next_dagrun for weekly_summary_pipeline to 2026-03-23 06:00:00+00:00, run_after=2026-03-30 06:00:00+00:00
[2026-03-28T06:19:31.888+0000] {processor.py:183} INFO - Processing /opt/airflow/dags/weekly_summary_pipeline.py took 0.103 seconds
[2026-03-28T06:20:02.269+0000] {processor.py:161} INFO - Started process (PID=8156) to work on /opt/airflow/dags/weekly_summary_pipeline.py
[2026-03-28T06:20:02.270+0000] {processor.py:830} INFO - Processing file /opt/airflow/dags/weekly_summary_pipeline.py for tasks to queue
[2026-03-28T06:20:02.271+0000] {logging_mixin.py:188} INFO - [2026-03-28T06:20:02.271+0000] {dagbag.py:538} INFO - Filling up the DagBag from /opt/airflow/dags/weekly_summary_pipeline.py
[2026-03-28T06:20:02.292+0000] {processor.py:840} INFO - DAG(s) 'weekly_summary_pipeline' retrieved from /opt/airflow/dags/weekly_summary_pipeline.py
[2026-03-28T06:20:02.318+0000] {logging_mixin.py:188} INFO - [2026-03-28T06:20:02.318+0000] {dag.py:3036} INFO - Sync 1 DAGs
[2026-03-28T06:20:02.339+0000] {logging_mixin.py:188} INFO - [2026-03-28T06:20:02.339+0000] {dag.py:3823} INFO - Setting next_dagrun for weekly_summary_pipeline to 2026-03-23 06:00:00+00:00, run_after=2026-03-30 06:00:00+00:00
[2026-03-28T06:20:02.362+0000] {processor.py:183} INFO - Processing /opt/airflow/dags/weekly_summary_pipeline.py took 0.096 seconds
[2026-03-28T06:20:33.617+0000] {processor.py:161} INFO - Started process (PID=8179) to work on /opt/airflow/dags/weekly_summary_pipeline.py
[2026-03-28T06:20:33.618+0000] {processor.py:830} INFO - Processing file /opt/airflow/dags/weekly_summary_pipeline.py for tasks to queue
[2026-03-28T06:20:33.619+0000] {logging_mixin.py:188} INFO - [2026-03-28T06:20:33.619+0000] {dagbag.py:538} INFO - Filling up the DagBag from /opt/airflow/dags/weekly_summary_pipeline.py
[2026-03-28T06:20:33.646+0000] {processor.py:840} INFO - DAG(s) 'weekly_summary_pipeline' retrieved from /opt/airflow/dags/weekly_summary_pipeline.py
[2026-03-28T06:20:33.687+0000] {logging_mixin.py:188} INFO - [2026-03-28T06:20:33.687+0000] {dag.py:3036} INFO - Sync 1 DAGs
[2026-03-28T06:20:33.724+0000] {logging_mixin.py:188} INFO - [2026-03-28T06:20:33.723+0000] {dag.py:3823} INFO - Setting next_dagrun for weekly_summary_pipeline to 2026-03-23 06:00:00+00:00, run_after=2026-03-30 06:00:00+00:00
[2026-03-28T06:20:33.755+0000] {processor.py:183} INFO - Processing /opt/airflow/dags/weekly_summary_pipeline.py took 0.141 seconds
[2026-03-28T06:21:04.116+0000] {processor.py:161} INFO - Started process (PID=8194) to work on /opt/airflow/dags/weekly_summary_pipeline.py
[2026-03-28T06:21:04.117+0000] {processor.py:830} INFO - Processing file /opt/airflow/dags/weekly_summary_pipeline.py for tasks to queue
[2026-03-28T06:21:04.118+0000] {logging_mixin.py:188} INFO - [2026-03-28T06:21:04.118+0000] {dagbag.py:538} INFO - Filling up the DagBag from /opt/airflow/dags/weekly_summary_pipeline.py
[2026-03-28T06:21:04.152+0000] {processor.py:840} INFO - DAG(s) 'weekly_summary_pipeline' retrieved from /opt/airflow/dags/weekly_summary_pipeline.py
[2026-03-28T06:21:04.193+0000] {logging_mixin.py:188} INFO - [2026-03-28T06:21:04.193+0000] {dag.py:3036} INFO - Sync 1 DAGs
[2026-03-28T06:21:04.219+0000] {logging_mixin.py:188} INFO - [2026-03-28T06:21:04.219+0000] {dag.py:3823} INFO - Setting next_dagrun for weekly_summary_pipeline to 2026-03-23 06:00:00+00:00, run_after=2026-03-30 06:00:00+00:00
[2026-03-28T06:21:04.252+0000] {processor.py:183} INFO - Processing /opt/airflow/dags/weekly_summary_pipeline.py took 0.140 seconds
[2026-03-28T06:21:35.734+0000] {processor.py:161} INFO - Started process (PID=8217) to work on /opt/airflow/dags/weekly_summary_pipeline.py
[2026-03-28T06:21:35.735+0000] {processor.py:830} INFO - Processing file /opt/airflow/dags/weekly_summary_pipeline.py for tasks to queue
[2026-03-28T06:21:35.736+0000] {logging_mixin.py:188} INFO - [2026-03-28T06:21:35.736+0000] {dagbag.py:538} INFO - Filling up the DagBag from /opt/airflow/dags/weekly_summary_pipeline.py
[2026-03-28T06:21:35.756+0000] {processor.py:840} INFO - DAG(s) 'weekly_summary_pipeline' retrieved from /opt/airflow/dags/weekly_summary_pipeline.py
[2026-03-28T06:21:35.784+0000] {logging_mixin.py:188} INFO - [2026-03-28T06:21:35.784+0000] {dag.py:3036} INFO - Sync 1 DAGs
[2026-03-28T06:21:35.809+0000] {logging_mixin.py:188} INFO - [2026-03-28T06:21:35.809+0000] {dag.py:3823} INFO - Setting next_dagrun for weekly_summary_pipeline to 2026-03-23 06:00:00+00:00, run_after=2026-03-30 06:00:00+00:00
[2026-03-28T06:21:35.832+0000] {processor.py:183} INFO - Processing /opt/airflow/dags/weekly_summary_pipeline.py took 0.101 seconds
[2026-03-28T06:22:06.308+0000] {processor.py:161} INFO - Started process (PID=8240) to work on /opt/airflow/dags/weekly_summary_pipeline.py
[2026-03-28T06:22:06.310+0000] {processor.py:830} INFO - Processing file /opt/airflow/dags/weekly_summary_pipeline.py for tasks to queue
[2026-03-28T06:22:06.311+0000] {logging_mixin.py:188} INFO - [2026-03-28T06:22:06.310+0000] {dagbag.py:538} INFO - Filling up the DagBag from /opt/airflow/dags/weekly_summary_pipeline.py
[2026-03-28T06:22:06.330+0000] {processor.py:840} INFO - DAG(s) 'weekly_summary_pipeline' retrieved from /opt/airflow/dags/weekly_summary_pipeline.py
[2026-03-28T06:22:06.361+0000] {logging_mixin.py:188} INFO - [2026-03-28T06:22:06.360+0000] {dag.py:3036} INFO - Sync 1 DAGs
[2026-03-28T06:22:06.382+0000] {logging_mixin.py:188} INFO - [2026-03-28T06:22:06.382+0000] {dag.py:3823} INFO - Setting next_dagrun for weekly_summary_pipeline to 2026-03-23 06:00:00+00:00, run_after=2026-03-30 06:00:00+00:00
[2026-03-28T06:22:06.403+0000] {processor.py:183} INFO - Processing /opt/airflow/dags/weekly_summary_pipeline.py took 0.098 seconds
[2026-03-28T06:22:37.708+0000] {processor.py:161} INFO - Started process (PID=8263) to work on /opt/airflow/dags/weekly_summary_pipeline.py
[2026-03-28T06:22:37.709+0000] {processor.py:830} INFO - Processing file /opt/airflow/dags/weekly_summary_pipeline.py for tasks to queue
[2026-03-28T06:22:37.710+0000] {logging_mixin.py:188} INFO - [2026-03-28T06:22:37.710+0000] {dagbag.py:538} INFO - Filling up the DagBag from /opt/airflow/dags/weekly_summary_pipeline.py
[2026-03-28T06:22:37.728+0000] {processor.py:840} INFO - DAG(s) 'weekly_summary_pipeline' retrieved from /opt/airflow/dags/weekly_summary_pipeline.py
[2026-03-28T06:22:37.754+0000] {logging_mixin.py:188} INFO - [2026-03-28T06:22:37.754+0000] {dag.py:3036} INFO - Sync 1 DAGs
[2026-03-28T06:22:37.778+0000] {logging_mixin.py:188} INFO - [2026-03-28T06:22:37.778+0000] {dag.py:3823} INFO - Setting next_dagrun for weekly_summary_pipeline to 2026-03-23 06:00:00+00:00, run_after=2026-03-30 06:00:00+00:00
[2026-03-28T06:22:37.800+0000] {processor.py:183} INFO - Processing /opt/airflow/dags/weekly_summary_pipeline.py took 0.094 seconds
[2026-03-28T06:23:09.127+0000] {processor.py:161} INFO - Started process (PID=8286) to work on /opt/airflow/dags/weekly_summary_pipeline.py
[2026-03-28T06:23:09.128+0000] {processor.py:830} INFO - Processing file /opt/airflow/dags/weekly_summary_pipeline.py for tasks to queue
[2026-03-28T06:23:09.129+0000] {logging_mixin.py:188} INFO - [2026-03-28T06:23:09.128+0000] {dagbag.py:538} INFO - Filling up the DagBag from /opt/airflow/dags/weekly_summary_pipeline.py
[2026-03-28T06:23:09.150+0000] {processor.py:840} INFO - DAG(s) 'weekly_summary_pipeline' retrieved from /opt/airflow/dags/weekly_summary_pipeline.py
[2026-03-28T06:23:09.179+0000] {logging_mixin.py:188} INFO - [2026-03-28T06:23:09.178+0000] {dag.py:3036} INFO - Sync 1 DAGs
[2026-03-28T06:23:09.201+0000] {logging_mixin.py:188} INFO - [2026-03-28T06:23:09.201+0000] {dag.py:3823} INFO - Setting next_dagrun for weekly_summary_pipeline to 2026-03-23 06:00:00+00:00, run_after=2026-03-30 06:00:00+00:00
[2026-03-28T06:23:09.223+0000] {processor.py:183} INFO - Processing /opt/airflow/dags/weekly_summary_pipeline.py took 0.100 seconds
[2026-03-28T06:23:39.551+0000] {processor.py:161} INFO - Started process (PID=8310) to work on /opt/airflow/dags/weekly_summary_pipeline.py
[2026-03-28T06:23:39.552+0000] {processor.py:830} INFO - Processing file /opt/airflow/dags/weekly_summary_pipeline.py for tasks to queue
[2026-03-28T06:23:39.553+0000] {logging_mixin.py:188} INFO - [2026-03-28T06:23:39.552+0000] {dagbag.py:538} INFO - Filling up the DagBag from /opt/airflow/dags/weekly_summary_pipeline.py
[2026-03-28T06:23:39.572+0000] {processor.py:840} INFO - DAG(s) 'weekly_summary_pipeline' retrieved from /opt/airflow/dags/weekly_summary_pipeline.py
[2026-03-28T06:23:39.599+0000] {logging_mixin.py:188} INFO - [2026-03-28T06:23:39.598+0000] {dag.py:3036} INFO - Sync 1 DAGs
[2026-03-28T06:23:39.621+0000] {logging_mixin.py:188} INFO - [2026-03-28T06:23:39.621+0000] {dag.py:3823} INFO - Setting next_dagrun for weekly_summary_pipeline to 2026-03-23 06:00:00+00:00, run_after=2026-03-30 06:00:00+00:00
[2026-03-28T06:23:39.645+0000] {processor.py:183} INFO - Processing /opt/airflow/dags/weekly_summary_pipeline.py took 0.097 seconds
[2026-03-28T06:24:11.038+0000] {processor.py:161} INFO - Started process (PID=8333) to work on /opt/airflow/dags/weekly_summary_pipeline.py
[2026-03-28T06:24:11.039+0000] {processor.py:830} INFO - Processing file /opt/airflow/dags/weekly_summary_pipeline.py for tasks to queue
[2026-03-28T06:24:11.040+0000] {logging_mixin.py:188} INFO - [2026-03-28T06:24:11.040+0000] {dagbag.py:538} INFO - Filling up the DagBag from /opt/airflow/dags/weekly_summary_pipeline.py
[2026-03-28T06:24:11.057+0000] {processor.py:840} INFO - DAG(s) 'weekly_summary_pipeline' retrieved from /opt/airflow/dags/weekly_summary_pipeline.py
[2026-03-28T06:24:11.083+0000] {logging_mixin.py:188} INFO - [2026-03-28T06:24:11.082+0000] {dag.py:3036} INFO - Sync 1 DAGs
[2026-03-28T06:24:11.105+0000] {logging_mixin.py:188} INFO - [2026-03-28T06:24:11.105+0000] {dag.py:3823} INFO - Setting next_dagrun for weekly_summary_pipeline to 2026-03-23 06:00:00+00:00, run_after=2026-03-30 06:00:00+00:00
[2026-03-28T06:24:11.126+0000] {processor.py:183} INFO - Processing /opt/airflow/dags/weekly_summary_pipeline.py took 0.091 seconds
[2026-03-28T06:24:41.550+0000] {processor.py:161} INFO - Started process (PID=8356) to work on /opt/airflow/dags/weekly_summary_pipeline.py
[2026-03-28T06:24:41.552+0000] {processor.py:830} INFO - Processing file /opt/airflow/dags/weekly_summary_pipeline.py for tasks to queue
[2026-03-28T06:24:41.552+0000] {logging_mixin.py:188} INFO - [2026-03-28T06:24:41.552+0000] {dagbag.py:538} INFO - Filling up the DagBag from /opt/airflow/dags/weekly_summary_pipeline.py
[2026-03-28T06:24:41.571+0000] {processor.py:840} INFO - DAG(s) 'weekly_summary_pipeline' retrieved from /opt/airflow/dags/weekly_summary_pipeline.py
[2026-03-28T06:24:41.599+0000] {logging_mixin.py:188} INFO - [2026-03-28T06:24:41.599+0000] {dag.py:3036} INFO - Sync 1 DAGs
[2026-03-28T06:24:41.622+0000] {logging_mixin.py:188} INFO - [2026-03-28T06:24:41.622+0000] {dag.py:3823} INFO - Setting next_dagrun for weekly_summary_pipeline to 2026-03-23 06:00:00+00:00, run_after=2026-03-30 06:00:00+00:00
[2026-03-28T06:24:41.645+0000] {processor.py:183} INFO - Processing /opt/airflow/dags/weekly_summary_pipeline.py took 0.097 seconds
[2026-03-28T06:25:12.954+0000] {processor.py:161} INFO - Started process (PID=8379) to work on /opt/airflow/dags/weekly_summary_pipeline.py
[2026-03-28T06:25:12.955+0000] {processor.py:830} INFO - Processing file /opt/airflow/dags/weekly_summary_pipeline.py for tasks to queue
[2026-03-28T06:25:12.956+0000] {logging_mixin.py:188} INFO - [2026-03-28T06:25:12.956+0000] {dagbag.py:538} INFO - Filling up the DagBag from /opt/airflow/dags/weekly_summary_pipeline.py
[2026-03-28T06:25:12.977+0000] {processor.py:840} INFO - DAG(s) 'weekly_summary_pipeline' retrieved from /opt/airflow/dags/weekly_summary_pipeline.py
[2026-03-28T06:25:13.009+0000] {logging_mixin.py:188} INFO - [2026-03-28T06:25:13.008+0000] {dag.py:3036} INFO - Sync 1 DAGs
[2026-03-28T06:25:13.034+0000] {logging_mixin.py:188} INFO - [2026-03-28T06:25:13.034+0000] {dag.py:3823} INFO - Setting next_dagrun for weekly_summary_pipeline to 2026-03-23 06:00:00+00:00, run_after=2026-03-30 06:00:00+00:00
[2026-03-28T06:25:13.067+0000] {processor.py:183} INFO - Processing /opt/airflow/dags/weekly_summary_pipeline.py took 0.116 seconds
[2026-03-28T06:25:44.469+0000] {processor.py:161} INFO - Started process (PID=8402) to work on /opt/airflow/dags/weekly_summary_pipeline.py
[2026-03-28T06:25:44.473+0000] {processor.py:830} INFO - Processing file /opt/airflow/dags/weekly_summary_pipeline.py for tasks to queue
[2026-03-28T06:25:44.474+0000] {logging_mixin.py:188} INFO - [2026-03-28T06:25:44.474+0000] {dagbag.py:538} INFO - Filling up the DagBag from /opt/airflow/dags/weekly_summary_pipeline.py
[2026-03-28T06:25:44.494+0000] {processor.py:840} INFO - DAG(s) 'weekly_summary_pipeline' retrieved from /opt/airflow/dags/weekly_summary_pipeline.py
[2026-03-28T06:25:44.526+0000] {logging_mixin.py:188} INFO - [2026-03-28T06:25:44.526+0000] {dag.py:3036} INFO - Sync 1 DAGs
[2026-03-28T06:25:44.554+0000] {logging_mixin.py:188} INFO - [2026-03-28T06:25:44.554+0000] {dag.py:3823} INFO - Setting next_dagrun for weekly_summary_pipeline to 2026-03-23 06:00:00+00:00, run_after=2026-03-30 06:00:00+00:00
[2026-03-28T06:25:44.580+0000] {processor.py:183} INFO - Processing /opt/airflow/dags/weekly_summary_pipeline.py took 0.114 seconds
[2026-03-28T06:26:15.098+0000] {processor.py:161} INFO - Started process (PID=8425) to work on /opt/airflow/dags/weekly_summary_pipeline.py
[2026-03-28T06:26:15.099+0000] {processor.py:830} INFO - Processing file /opt/airflow/dags/weekly_summary_pipeline.py for tasks to queue
[2026-03-28T06:26:15.100+0000] {logging_mixin.py:188} INFO - [2026-03-28T06:26:15.099+0000] {dagbag.py:538} INFO - Filling up the DagBag from /opt/airflow/dags/weekly_summary_pipeline.py
[2026-03-28T06:26:15.124+0000] {processor.py:840} INFO - DAG(s) 'weekly_summary_pipeline' retrieved from /opt/airflow/dags/weekly_summary_pipeline.py
[2026-03-28T06:26:15.159+0000] {logging_mixin.py:188} INFO - [2026-03-28T06:26:15.158+0000] {dag.py:3036} INFO - Sync 1 DAGs
[2026-03-28T06:26:15.189+0000] {logging_mixin.py:188} INFO - [2026-03-28T06:26:15.189+0000] {dag.py:3823} INFO - Setting next_dagrun for weekly_summary_pipeline to 2026-03-23 06:00:00+00:00, run_after=2026-03-30 06:00:00+00:00
[2026-03-28T06:26:15.214+0000] {processor.py:183} INFO - Processing /opt/airflow/dags/weekly_summary_pipeline.py took 0.119 seconds
[2026-03-28T06:26:46.533+0000] {processor.py:161} INFO - Started process (PID=8448) to work on /opt/airflow/dags/weekly_summary_pipeline.py
[2026-03-28T06:26:46.534+0000] {processor.py:830} INFO - Processing file /opt/airflow/dags/weekly_summary_pipeline.py for tasks to queue
[2026-03-28T06:26:46.534+0000] {logging_mixin.py:188} INFO - [2026-03-28T06:26:46.534+0000] {dagbag.py:538} INFO - Filling up the DagBag from /opt/airflow/dags/weekly_summary_pipeline.py
[2026-03-28T06:26:46.567+0000] {processor.py:840} INFO - DAG(s) 'weekly_summary_pipeline' retrieved from /opt/airflow/dags/weekly_summary_pipeline.py
[2026-03-28T06:26:46.611+0000] {logging_mixin.py:188} INFO - [2026-03-28T06:26:46.611+0000] {dag.py:3036} INFO - Sync 1 DAGs
[2026-03-28T06:26:46.640+0000] {logging_mixin.py:188} INFO - [2026-03-28T06:26:46.640+0000] {dag.py:3823} INFO - Setting next_dagrun for weekly_summary_pipeline to 2026-03-23 06:00:00+00:00, run_after=2026-03-30 06:00:00+00:00
[2026-03-28T06:26:46.661+0000] {processor.py:183} INFO - Processing /opt/airflow/dags/weekly_summary_pipeline.py took 0.132 seconds
[2026-03-28T06:27:17.065+0000] {processor.py:161} INFO - Started process (PID=8471) to work on /opt/airflow/dags/weekly_summary_pipeline.py
[2026-03-28T06:27:17.066+0000] {processor.py:830} INFO - Processing file /opt/airflow/dags/weekly_summary_pipeline.py for tasks to queue
[2026-03-28T06:27:17.067+0000] {logging_mixin.py:188} INFO - [2026-03-28T06:27:17.067+0000] {dagbag.py:538} INFO - Filling up the DagBag from /opt/airflow/dags/weekly_summary_pipeline.py
[2026-03-28T06:27:17.092+0000] {processor.py:840} INFO - DAG(s) 'weekly_summary_pipeline' retrieved from /opt/airflow/dags/weekly_summary_pipeline.py
[2026-03-28T06:27:17.132+0000] {logging_mixin.py:188} INFO - [2026-03-28T06:27:17.132+0000] {dag.py:3036} INFO - Sync 1 DAGs
[2026-03-28T06:27:17.156+0000] {logging_mixin.py:188} INFO - [2026-03-28T06:27:17.156+0000] {dag.py:3823} INFO - Setting next_dagrun for weekly_summary_pipeline to 2026-03-23 06:00:00+00:00, run_after=2026-03-30 06:00:00+00:00
[2026-03-28T06:27:17.180+0000] {processor.py:183} INFO - Processing /opt/airflow/dags/weekly_summary_pipeline.py took 0.118 seconds
[2026-03-28T06:27:48.566+0000] {processor.py:161} INFO - Started process (PID=8494) to work on /opt/airflow/dags/weekly_summary_pipeline.py
[2026-03-28T06:27:48.567+0000] {processor.py:830} INFO - Processing file /opt/airflow/dags/weekly_summary_pipeline.py for tasks to queue
[2026-03-28T06:27:48.568+0000] {logging_mixin.py:188} INFO - [2026-03-28T06:27:48.568+0000] {dagbag.py:538} INFO - Filling up the DagBag from /opt/airflow/dags/weekly_summary_pipeline.py
[2026-03-28T06:27:48.588+0000] {processor.py:840} INFO - DAG(s) 'weekly_summary_pipeline' retrieved from /opt/airflow/dags/weekly_summary_pipeline.py
[2026-03-28T06:27:48.614+0000] {logging_mixin.py:188} INFO - [2026-03-28T06:27:48.613+0000] {dag.py:3036} INFO - Sync 1 DAGs
[2026-03-28T06:27:48.636+0000] {logging_mixin.py:188} INFO - [2026-03-28T06:27:48.636+0000] {dag.py:3823} INFO - Setting next_dagrun for weekly_summary_pipeline to 2026-03-23 06:00:00+00:00, run_after=2026-03-30 06:00:00+00:00
[2026-03-28T06:27:48.656+0000] {processor.py:183} INFO - Processing /opt/airflow/dags/weekly_summary_pipeline.py took 0.093 seconds
[2026-03-28T06:28:20.017+0000] {processor.py:161} INFO - Started process (PID=8517) to work on /opt/airflow/dags/weekly_summary_pipeline.py
[2026-03-28T06:28:20.019+0000] {processor.py:830} INFO - Processing file /opt/airflow/dags/weekly_summary_pipeline.py for tasks to queue
[2026-03-28T06:28:20.020+0000] {logging_mixin.py:188} INFO - [2026-03-28T06:28:20.019+0000] {dagbag.py:538} INFO - Filling up the DagBag from /opt/airflow/dags/weekly_summary_pipeline.py
[2026-03-28T06:28:20.045+0000] {processor.py:840} INFO - DAG(s) 'weekly_summary_pipeline' retrieved from /opt/airflow/dags/weekly_summary_pipeline.py
[2026-03-28T06:28:20.077+0000] {logging_mixin.py:188} INFO - [2026-03-28T06:28:20.077+0000] {dag.py:3036} INFO - Sync 1 DAGs
[2026-03-28T06:28:20.100+0000] {logging_mixin.py:188} INFO - [2026-03-28T06:28:20.100+0000] {dag.py:3823} INFO - Setting next_dagrun for weekly_summary_pipeline to 2026-03-23 06:00:00+00:00, run_after=2026-03-30 06:00:00+00:00
[2026-03-28T06:28:20.118+0000] {processor.py:183} INFO - Processing /opt/airflow/dags/weekly_summary_pipeline.py took 0.103 seconds
[2026-03-28T06:28:50.497+0000] {processor.py:161} INFO - Started process (PID=8532) to work on /opt/airflow/dags/weekly_summary_pipeline.py
[2026-03-28T06:28:50.499+0000] {processor.py:830} INFO - Processing file /opt/airflow/dags/weekly_summary_pipeline.py for tasks to queue
[2026-03-28T06:28:50.500+0000] {logging_mixin.py:188} INFO - [2026-03-28T06:28:50.499+0000] {dagbag.py:538} INFO - Filling up the DagBag from /opt/airflow/dags/weekly_summary_pipeline.py
[2026-03-28T06:28:50.520+0000] {processor.py:840} INFO - DAG(s) 'weekly_summary_pipeline' retrieved from /opt/airflow/dags/weekly_summary_pipeline.py
[2026-03-28T06:28:50.546+0000] {logging_mixin.py:188} INFO - [2026-03-28T06:28:50.545+0000] {dag.py:3036} INFO - Sync 1 DAGs
[2026-03-28T06:28:50.567+0000] {logging_mixin.py:188} INFO - [2026-03-28T06:28:50.567+0000] {dag.py:3823} INFO - Setting next_dagrun for weekly_summary_pipeline to 2026-03-23 06:00:00+00:00, run_after=2026-03-30 06:00:00+00:00
[2026-03-28T06:28:50.587+0000] {processor.py:183} INFO - Processing /opt/airflow/dags/weekly_summary_pipeline.py took 0.094 seconds
[2026-03-28T06:29:21.983+0000] {processor.py:161} INFO - Started process (PID=8556) to work on /opt/airflow/dags/weekly_summary_pipeline.py
[2026-03-28T06:29:21.984+0000] {processor.py:830} INFO - Processing file /opt/airflow/dags/weekly_summary_pipeline.py for tasks to queue
[2026-03-28T06:29:21.985+0000] {logging_mixin.py:188} INFO - [2026-03-28T06:29:21.985+0000] {dagbag.py:538} INFO - Filling up the DagBag from /opt/airflow/dags/weekly_summary_pipeline.py
[2026-03-28T06:29:22.003+0000] {processor.py:840} INFO - DAG(s) 'weekly_summary_pipeline' retrieved from /opt/airflow/dags/weekly_summary_pipeline.py
[2026-03-28T06:29:22.032+0000] {logging_mixin.py:188} INFO - [2026-03-28T06:29:22.032+0000] {dag.py:3036} INFO - Sync 1 DAGs
[2026-03-28T06:29:22.064+0000] {logging_mixin.py:188} INFO - [2026-03-28T06:29:22.064+0000] {dag.py:3823} INFO - Setting next_dagrun for weekly_summary_pipeline to 2026-03-23 06:00:00+00:00, run_after=2026-03-30 06:00:00+00:00
[2026-03-28T06:29:22.088+0000] {processor.py:183} INFO - Processing /opt/airflow/dags/weekly_summary_pipeline.py took 0.107 seconds
[2026-03-28T06:29:52.481+0000] {processor.py:161} INFO - Started process (PID=8579) to work on /opt/airflow/dags/weekly_summary_pipeline.py
[2026-03-28T06:29:52.482+0000] {processor.py:830} INFO - Processing file /opt/airflow/dags/weekly_summary_pipeline.py for tasks to queue
[2026-03-28T06:29:52.484+0000] {logging_mixin.py:188} INFO - [2026-03-28T06:29:52.483+0000] {dagbag.py:538} INFO - Filling up the DagBag from /opt/airflow/dags/weekly_summary_pipeline.py
[2026-03-28T06:29:52.514+0000] {processor.py:840} INFO - DAG(s) 'weekly_summary_pipeline' retrieved from /opt/airflow/dags/weekly_summary_pipeline.py
[2026-03-28T06:29:52.558+0000] {logging_mixin.py:188} INFO - [2026-03-28T06:29:52.557+0000] {dag.py:3036} INFO - Sync 1 DAGs
[2026-03-28T06:29:52.605+0000] {logging_mixin.py:188} INFO - [2026-03-28T06:29:52.605+0000] {dag.py:3823} INFO - Setting next_dagrun for weekly_summary_pipeline to 2026-03-23 06:00:00+00:00, run_after=2026-03-30 06:00:00+00:00
[2026-03-28T06:29:52.627+0000] {processor.py:183} INFO - Processing /opt/airflow/dags/weekly_summary_pipeline.py took 0.150 seconds
[2026-03-28T06:30:24.123+0000] {processor.py:161} INFO - Started process (PID=8602) to work on /opt/airflow/dags/weekly_summary_pipeline.py
[2026-03-28T06:30:24.124+0000] {processor.py:830} INFO - Processing file /opt/airflow/dags/weekly_summary_pipeline.py for tasks to queue
[2026-03-28T06:30:24.125+0000] {logging_mixin.py:188} INFO - [2026-03-28T06:30:24.125+0000] {dagbag.py:538} INFO - Filling up the DagBag from /opt/airflow/dags/weekly_summary_pipeline.py
[2026-03-28T06:30:24.155+0000] {processor.py:840} INFO - DAG(s) 'weekly_summary_pipeline' retrieved from /opt/airflow/dags/weekly_summary_pipeline.py
[2026-03-28T06:30:24.196+0000] {logging_mixin.py:188} INFO - [2026-03-28T06:30:24.196+0000] {dag.py:3036} INFO - Sync 1 DAGs
[2026-03-28T06:30:24.228+0000] {logging_mixin.py:188} INFO - [2026-03-28T06:30:24.227+0000] {dag.py:3823} INFO - Setting next_dagrun for weekly_summary_pipeline to 2026-03-23 06:00:00+00:00, run_after=2026-03-30 06:00:00+00:00
[2026-03-28T06:30:24.254+0000] {processor.py:183} INFO - Processing /opt/airflow/dags/weekly_summary_pipeline.py took 0.134 seconds
[2026-03-28T06:30:54.713+0000] {processor.py:161} INFO - Started process (PID=8625) to work on /opt/airflow/dags/weekly_summary_pipeline.py
[2026-03-28T06:30:54.714+0000] {processor.py:830} INFO - Processing file /opt/airflow/dags/weekly_summary_pipeline.py for tasks to queue
[2026-03-28T06:30:54.715+0000] {logging_mixin.py:188} INFO - [2026-03-28T06:30:54.714+0000] {dagbag.py:538} INFO - Filling up the DagBag from /opt/airflow/dags/weekly_summary_pipeline.py
[2026-03-28T06:30:54.744+0000] {processor.py:840} INFO - DAG(s) 'weekly_summary_pipeline' retrieved from /opt/airflow/dags/weekly_summary_pipeline.py
[2026-03-28T06:30:54.782+0000] {logging_mixin.py:188} INFO - [2026-03-28T06:30:54.782+0000] {dag.py:3036} INFO - Sync 1 DAGs
[2026-03-28T06:30:54.817+0000] {logging_mixin.py:188} INFO - [2026-03-28T06:30:54.816+0000] {dag.py:3823} INFO - Setting next_dagrun for weekly_summary_pipeline to 2026-03-23 06:00:00+00:00, run_after=2026-03-30 06:00:00+00:00
[2026-03-28T06:30:54.845+0000] {processor.py:183} INFO - Processing /opt/airflow/dags/weekly_summary_pipeline.py took 0.135 seconds
[2026-03-28T06:31:26.302+0000] {processor.py:161} INFO - Started process (PID=8648) to work on /opt/airflow/dags/weekly_summary_pipeline.py
[2026-03-28T06:31:26.304+0000] {processor.py:830} INFO - Processing file /opt/airflow/dags/weekly_summary_pipeline.py for tasks to queue
[2026-03-28T06:31:26.305+0000] {logging_mixin.py:188} INFO - [2026-03-28T06:31:26.304+0000] {dagbag.py:538} INFO - Filling up the DagBag from /opt/airflow/dags/weekly_summary_pipeline.py
[2026-03-28T06:31:26.328+0000] {processor.py:840} INFO - DAG(s) 'weekly_summary_pipeline' retrieved from /opt/airflow/dags/weekly_summary_pipeline.py
[2026-03-28T06:31:26.362+0000] {logging_mixin.py:188} INFO - [2026-03-28T06:31:26.362+0000] {dag.py:3036} INFO - Sync 1 DAGs
[2026-03-28T06:31:26.386+0000] {logging_mixin.py:188} INFO - [2026-03-28T06:31:26.386+0000] {dag.py:3823} INFO - Setting next_dagrun for weekly_summary_pipeline to 2026-03-23 06:00:00+00:00, run_after=2026-03-30 06:00:00+00:00
[2026-03-28T06:31:26.410+0000] {processor.py:183} INFO - Processing /opt/airflow/dags/weekly_summary_pipeline.py took 0.110 seconds
[2026-03-28T06:31:56.866+0000] {processor.py:161} INFO - Started process (PID=8671) to work on /opt/airflow/dags/weekly_summary_pipeline.py
[2026-03-28T06:31:56.867+0000] {processor.py:830} INFO - Processing file /opt/airflow/dags/weekly_summary_pipeline.py for tasks to queue
[2026-03-28T06:31:56.868+0000] {logging_mixin.py:188} INFO - [2026-03-28T06:31:56.868+0000] {dagbag.py:538} INFO - Filling up the DagBag from /opt/airflow/dags/weekly_summary_pipeline.py
[2026-03-28T06:31:56.887+0000] {processor.py:840} INFO - DAG(s) 'weekly_summary_pipeline' retrieved from /opt/airflow/dags/weekly_summary_pipeline.py
[2026-03-28T06:31:56.915+0000] {logging_mixin.py:188} INFO - [2026-03-28T06:31:56.915+0000] {dag.py:3036} INFO - Sync 1 DAGs
[2026-03-28T06:31:56.940+0000] {logging_mixin.py:188} INFO - [2026-03-28T06:31:56.939+0000] {dag.py:3823} INFO - Setting next_dagrun for weekly_summary_pipeline to 2026-03-23 06:00:00+00:00, run_after=2026-03-30 06:00:00+00:00
[2026-03-28T06:31:56.965+0000] {processor.py:183} INFO - Processing /opt/airflow/dags/weekly_summary_pipeline.py took 0.102 seconds
[2026-03-28T06:32:28.456+0000] {processor.py:161} INFO - Started process (PID=8694) to work on /opt/airflow/dags/weekly_summary_pipeline.py
[2026-03-28T06:32:28.457+0000] {processor.py:830} INFO - Processing file /opt/airflow/dags/weekly_summary_pipeline.py for tasks to queue
[2026-03-28T06:32:28.458+0000] {logging_mixin.py:188} INFO - [2026-03-28T06:32:28.458+0000] {dagbag.py:538} INFO - Filling up the DagBag from /opt/airflow/dags/weekly_summary_pipeline.py
[2026-03-28T06:32:28.485+0000] {processor.py:840} INFO - DAG(s) 'weekly_summary_pipeline' retrieved from /opt/airflow/dags/weekly_summary_pipeline.py
[2026-03-28T06:32:28.517+0000] {logging_mixin.py:188} INFO - [2026-03-28T06:32:28.517+0000] {dag.py:3036} INFO - Sync 1 DAGs
[2026-03-28T06:32:28.542+0000] {logging_mixin.py:188} INFO - [2026-03-28T06:32:28.542+0000] {dag.py:3823} INFO - Setting next_dagrun for weekly_summary_pipeline to 2026-03-23 06:00:00+00:00, run_after=2026-03-30 06:00:00+00:00
[2026-03-28T06:32:28.565+0000] {processor.py:183} INFO - Processing /opt/airflow/dags/weekly_summary_pipeline.py took 0.112 seconds
[2026-03-28T06:32:59.932+0000] {processor.py:161} INFO - Started process (PID=8717) to work on /opt/airflow/dags/weekly_summary_pipeline.py
[2026-03-28T06:32:59.933+0000] {processor.py:830} INFO - Processing file /opt/airflow/dags/weekly_summary_pipeline.py for tasks to queue
[2026-03-28T06:32:59.934+0000] {logging_mixin.py:188} INFO - [2026-03-28T06:32:59.934+0000] {dagbag.py:538} INFO - Filling up the DagBag from /opt/airflow/dags/weekly_summary_pipeline.py
[2026-03-28T06:32:59.960+0000] {processor.py:840} INFO - DAG(s) 'weekly_summary_pipeline' retrieved from /opt/airflow/dags/weekly_summary_pipeline.py
[2026-03-28T06:32:59.995+0000] {logging_mixin.py:188} INFO - [2026-03-28T06:32:59.995+0000] {dag.py:3036} INFO - Sync 1 DAGs
[2026-03-28T06:33:00.025+0000] {logging_mixin.py:188} INFO - [2026-03-28T06:33:00.025+0000] {dag.py:3823} INFO - Setting next_dagrun for weekly_summary_pipeline to 2026-03-23 06:00:00+00:00, run_after=2026-03-30 06:00:00+00:00
[2026-03-28T06:33:00.054+0000] {processor.py:183} INFO - Processing /opt/airflow/dags/weekly_summary_pipeline.py took 0.124 seconds
[2026-03-28T06:33:30.400+0000] {processor.py:161} INFO - Started process (PID=8740) to work on /opt/airflow/dags/weekly_summary_pipeline.py
[2026-03-28T06:33:30.401+0000] {processor.py:830} INFO - Processing file /opt/airflow/dags/weekly_summary_pipeline.py for tasks to queue
[2026-03-28T06:33:30.402+0000] {logging_mixin.py:188} INFO - [2026-03-28T06:33:30.401+0000] {dagbag.py:538} INFO - Filling up the DagBag from /opt/airflow/dags/weekly_summary_pipeline.py
[2026-03-28T06:33:30.422+0000] {processor.py:840} INFO - DAG(s) 'weekly_summary_pipeline' retrieved from /opt/airflow/dags/weekly_summary_pipeline.py
[2026-03-28T06:33:30.453+0000] {logging_mixin.py:188} INFO - [2026-03-28T06:33:30.453+0000] {dag.py:3036} INFO - Sync 1 DAGs
[2026-03-28T06:33:30.475+0000] {logging_mixin.py:188} INFO - [2026-03-28T06:33:30.475+0000] {dag.py:3823} INFO - Setting next_dagrun for weekly_summary_pipeline to 2026-03-23 06:00:00+00:00, run_after=2026-03-30 06:00:00+00:00
[2026-03-28T06:33:30.499+0000] {processor.py:183} INFO - Processing /opt/airflow/dags/weekly_summary_pipeline.py took 0.102 seconds
[2026-03-28T06:34:01.959+0000] {processor.py:161} INFO - Started process (PID=8763) to work on /opt/airflow/dags/weekly_summary_pipeline.py
[2026-03-28T06:34:01.960+0000] {processor.py:830} INFO - Processing file /opt/airflow/dags/weekly_summary_pipeline.py for tasks to queue
[2026-03-28T06:34:01.961+0000] {logging_mixin.py:188} INFO - [2026-03-28T06:34:01.960+0000] {dagbag.py:538} INFO - Filling up the DagBag from /opt/airflow/dags/weekly_summary_pipeline.py
[2026-03-28T06:34:01.979+0000] {processor.py:840} INFO - DAG(s) 'weekly_summary_pipeline' retrieved from /opt/airflow/dags/weekly_summary_pipeline.py
[2026-03-28T06:34:02.007+0000] {logging_mixin.py:188} INFO - [2026-03-28T06:34:02.007+0000] {dag.py:3036} INFO - Sync 1 DAGs
[2026-03-28T06:34:02.030+0000] {logging_mixin.py:188} INFO - [2026-03-28T06:34:02.030+0000] {dag.py:3823} INFO - Setting next_dagrun for weekly_summary_pipeline to 2026-03-23 06:00:00+00:00, run_after=2026-03-30 06:00:00+00:00
[2026-03-28T06:34:02.056+0000] {processor.py:183} INFO - Processing /opt/airflow/dags/weekly_summary_pipeline.py took 0.100 seconds
[2026-03-28T06:34:32.464+0000] {processor.py:161} INFO - Started process (PID=8786) to work on /opt/airflow/dags/weekly_summary_pipeline.py
[2026-03-28T06:34:32.465+0000] {processor.py:830} INFO - Processing file /opt/airflow/dags/weekly_summary_pipeline.py for tasks to queue
[2026-03-28T06:34:32.466+0000] {logging_mixin.py:188} INFO - [2026-03-28T06:34:32.466+0000] {dagbag.py:538} INFO - Filling up the DagBag from /opt/airflow/dags/weekly_summary_pipeline.py
[2026-03-28T06:34:32.488+0000] {processor.py:840} INFO - DAG(s) 'weekly_summary_pipeline' retrieved from /opt/airflow/dags/weekly_summary_pipeline.py
[2026-03-28T06:34:32.515+0000] {logging_mixin.py:188} INFO - [2026-03-28T06:34:32.515+0000] {dag.py:3036} INFO - Sync 1 DAGs
[2026-03-28T06:34:32.538+0000] {logging_mixin.py:188} INFO - [2026-03-28T06:34:32.538+0000] {dag.py:3823} INFO - Setting next_dagrun for weekly_summary_pipeline to 2026-03-23 06:00:00+00:00, run_after=2026-03-30 06:00:00+00:00
[2026-03-28T06:34:32.565+0000] {processor.py:183} INFO - Processing /opt/airflow/dags/weekly_summary_pipeline.py took 0.105 seconds
[2026-03-28T06:35:03.976+0000] {processor.py:161} INFO - Started process (PID=8809) to work on /opt/airflow/dags/weekly_summary_pipeline.py
[2026-03-28T06:35:03.978+0000] {processor.py:830} INFO - Processing file /opt/airflow/dags/weekly_summary_pipeline.py for tasks to queue
[2026-03-28T06:35:03.979+0000] {logging_mixin.py:188} INFO - [2026-03-28T06:35:03.978+0000] {dagbag.py:538} INFO - Filling up the DagBag from /opt/airflow/dags/weekly_summary_pipeline.py
[2026-03-28T06:35:04.007+0000] {processor.py:840} INFO - DAG(s) 'weekly_summary_pipeline' retrieved from /opt/airflow/dags/weekly_summary_pipeline.py
[2026-03-28T06:35:04.039+0000] {logging_mixin.py:188} INFO - [2026-03-28T06:35:04.039+0000] {dag.py:3036} INFO - Sync 1 DAGs
[2026-03-28T06:35:04.065+0000] {logging_mixin.py:188} INFO - [2026-03-28T06:35:04.065+0000] {dag.py:3823} INFO - Setting next_dagrun for weekly_summary_pipeline to 2026-03-23 06:00:00+00:00, run_after=2026-03-30 06:00:00+00:00
[2026-03-28T06:35:04.093+0000] {processor.py:183} INFO - Processing /opt/airflow/dags/weekly_summary_pipeline.py took 0.129 seconds
[2026-03-28T06:35:35.525+0000] {processor.py:161} INFO - Started process (PID=8832) to work on /opt/airflow/dags/weekly_summary_pipeline.py
[2026-03-28T06:35:35.527+0000] {processor.py:830} INFO - Processing file /opt/airflow/dags/weekly_summary_pipeline.py for tasks to queue
[2026-03-28T06:35:35.528+0000] {logging_mixin.py:188} INFO - [2026-03-28T06:35:35.528+0000] {dagbag.py:538} INFO - Filling up the DagBag from /opt/airflow/dags/weekly_summary_pipeline.py
[2026-03-28T06:35:35.552+0000] {processor.py:840} INFO - DAG(s) 'weekly_summary_pipeline' retrieved from /opt/airflow/dags/weekly_summary_pipeline.py
[2026-03-28T06:35:35.584+0000] {logging_mixin.py:188} INFO - [2026-03-28T06:35:35.584+0000] {dag.py:3036} INFO - Sync 1 DAGs
[2026-03-28T06:35:35.612+0000] {logging_mixin.py:188} INFO - [2026-03-28T06:35:35.612+0000] {dag.py:3823} INFO - Setting next_dagrun for weekly_summary_pipeline to 2026-03-23 06:00:00+00:00, run_after=2026-03-30 06:00:00+00:00
[2026-03-28T06:35:35.635+0000] {processor.py:183} INFO - Processing /opt/airflow/dags/weekly_summary_pipeline.py took 0.113 seconds
[2026-03-28T06:36:06.066+0000] {processor.py:161} INFO - Started process (PID=8847) to work on /opt/airflow/dags/weekly_summary_pipeline.py
[2026-03-28T06:36:06.067+0000] {processor.py:830} INFO - Processing file /opt/airflow/dags/weekly_summary_pipeline.py for tasks to queue
[2026-03-28T06:36:06.068+0000] {logging_mixin.py:188} INFO - [2026-03-28T06:36:06.068+0000] {dagbag.py:538} INFO - Filling up the DagBag from /opt/airflow/dags/weekly_summary_pipeline.py
[2026-03-28T06:36:06.085+0000] {processor.py:840} INFO - DAG(s) 'weekly_summary_pipeline' retrieved from /opt/airflow/dags/weekly_summary_pipeline.py
[2026-03-28T06:36:06.115+0000] {logging_mixin.py:188} INFO - [2026-03-28T06:36:06.115+0000] {dag.py:3036} INFO - Sync 1 DAGs
[2026-03-28T06:36:06.139+0000] {logging_mixin.py:188} INFO - [2026-03-28T06:36:06.139+0000] {dag.py:3823} INFO - Setting next_dagrun for weekly_summary_pipeline to 2026-03-23 06:00:00+00:00, run_after=2026-03-30 06:00:00+00:00
[2026-03-28T06:36:06.161+0000] {processor.py:183} INFO - Processing /opt/airflow/dags/weekly_summary_pipeline.py took 0.097 seconds
[2026-03-28T06:36:37.542+0000] {processor.py:161} INFO - Started process (PID=8869) to work on /opt/airflow/dags/weekly_summary_pipeline.py
[2026-03-28T06:36:37.545+0000] {processor.py:830} INFO - Processing file /opt/airflow/dags/weekly_summary_pipeline.py for tasks to queue
[2026-03-28T06:36:37.547+0000] {logging_mixin.py:188} INFO - [2026-03-28T06:36:37.547+0000] {dagbag.py:538} INFO - Filling up the DagBag from /opt/airflow/dags/weekly_summary_pipeline.py
[2026-03-28T06:36:37.579+0000] {processor.py:840} INFO - DAG(s) 'weekly_summary_pipeline' retrieved from /opt/airflow/dags/weekly_summary_pipeline.py
[2026-03-28T06:36:37.616+0000] {logging_mixin.py:188} INFO - [2026-03-28T06:36:37.616+0000] {dag.py:3036} INFO - Sync 1 DAGs
[2026-03-28T06:36:37.644+0000] {logging_mixin.py:188} INFO - [2026-03-28T06:36:37.644+0000] {dag.py:3823} INFO - Setting next_dagrun for weekly_summary_pipeline to 2026-03-23 06:00:00+00:00, run_after=2026-03-30 06:00:00+00:00
[2026-03-28T06:36:37.675+0000] {processor.py:183} INFO - Processing /opt/airflow/dags/weekly_summary_pipeline.py took 0.139 seconds
[2026-03-28T06:37:08.095+0000] {processor.py:161} INFO - Started process (PID=8892) to work on /opt/airflow/dags/weekly_summary_pipeline.py
[2026-03-28T06:37:08.096+0000] {processor.py:830} INFO - Processing file /opt/airflow/dags/weekly_summary_pipeline.py for tasks to queue
[2026-03-28T06:37:08.098+0000] {logging_mixin.py:188} INFO - [2026-03-28T06:37:08.097+0000] {dagbag.py:538} INFO - Filling up the DagBag from /opt/airflow/dags/weekly_summary_pipeline.py
[2026-03-28T06:37:08.133+0000] {processor.py:840} INFO - DAG(s) 'weekly_summary_pipeline' retrieved from /opt/airflow/dags/weekly_summary_pipeline.py
[2026-03-28T06:37:08.167+0000] {logging_mixin.py:188} INFO - [2026-03-28T06:37:08.167+0000] {dag.py:3036} INFO - Sync 1 DAGs
[2026-03-28T06:37:08.198+0000] {logging_mixin.py:188} INFO - [2026-03-28T06:37:08.198+0000] {dag.py:3823} INFO - Setting next_dagrun for weekly_summary_pipeline to 2026-03-23 06:00:00+00:00, run_after=2026-03-30 06:00:00+00:00
[2026-03-28T06:37:08.228+0000] {processor.py:183} INFO - Processing /opt/airflow/dags/weekly_summary_pipeline.py took 0.136 seconds
[2026-03-28T06:37:39.656+0000] {processor.py:161} INFO - Started process (PID=8915) to work on /opt/airflow/dags/weekly_summary_pipeline.py
[2026-03-28T06:37:39.657+0000] {processor.py:830} INFO - Processing file /opt/airflow/dags/weekly_summary_pipeline.py for tasks to queue
[2026-03-28T06:37:39.658+0000] {logging_mixin.py:188} INFO - [2026-03-28T06:37:39.658+0000] {dagbag.py:538} INFO - Filling up the DagBag from /opt/airflow/dags/weekly_summary_pipeline.py
[2026-03-28T06:37:39.675+0000] {processor.py:840} INFO - DAG(s) 'weekly_summary_pipeline' retrieved from /opt/airflow/dags/weekly_summary_pipeline.py
[2026-03-28T06:37:39.700+0000] {logging_mixin.py:188} INFO - [2026-03-28T06:37:39.700+0000] {dag.py:3036} INFO - Sync 1 DAGs
[2026-03-28T06:37:39.721+0000] {logging_mixin.py:188} INFO - [2026-03-28T06:37:39.721+0000] {dag.py:3823} INFO - Setting next_dagrun for weekly_summary_pipeline to 2026-03-23 06:00:00+00:00, run_after=2026-03-30 06:00:00+00:00
[2026-03-28T06:37:39.743+0000] {processor.py:183} INFO - Processing /opt/airflow/dags/weekly_summary_pipeline.py took 0.089 seconds
[2026-03-28T06:38:11.222+0000] {processor.py:161} INFO - Started process (PID=8938) to work on /opt/airflow/dags/weekly_summary_pipeline.py
[2026-03-28T06:38:11.223+0000] {processor.py:830} INFO - Processing file /opt/airflow/dags/weekly_summary_pipeline.py for tasks to queue
[2026-03-28T06:38:11.224+0000] {logging_mixin.py:188} INFO - [2026-03-28T06:38:11.224+0000] {dagbag.py:538} INFO - Filling up the DagBag from /opt/airflow/dags/weekly_summary_pipeline.py
[2026-03-28T06:38:11.249+0000] {processor.py:840} INFO - DAG(s) 'weekly_summary_pipeline' retrieved from /opt/airflow/dags/weekly_summary_pipeline.py
[2026-03-28T06:38:11.281+0000] {logging_mixin.py:188} INFO - [2026-03-28T06:38:11.281+0000] {dag.py:3036} INFO - Sync 1 DAGs
[2026-03-28T06:38:11.306+0000] {logging_mixin.py:188} INFO - [2026-03-28T06:38:11.305+0000] {dag.py:3823} INFO - Setting next_dagrun for weekly_summary_pipeline to 2026-03-23 06:00:00+00:00, run_after=2026-03-30 06:00:00+00:00
[2026-03-28T06:38:11.326+0000] {processor.py:183} INFO - Processing /opt/airflow/dags/weekly_summary_pipeline.py took 0.108 seconds
[2026-03-28T06:38:41.697+0000] {processor.py:161} INFO - Started process (PID=8961) to work on /opt/airflow/dags/weekly_summary_pipeline.py
[2026-03-28T06:38:41.698+0000] {processor.py:830} INFO - Processing file /opt/airflow/dags/weekly_summary_pipeline.py for tasks to queue
[2026-03-28T06:38:41.699+0000] {logging_mixin.py:188} INFO - [2026-03-28T06:38:41.698+0000] {dagbag.py:538} INFO - Filling up the DagBag from /opt/airflow/dags/weekly_summary_pipeline.py
[2026-03-28T06:38:41.716+0000] {processor.py:840} INFO - DAG(s) 'weekly_summary_pipeline' retrieved from /opt/airflow/dags/weekly_summary_pipeline.py
[2026-03-28T06:38:41.745+0000] {logging_mixin.py:188} INFO - [2026-03-28T06:38:41.745+0000] {dag.py:3036} INFO - Sync 1 DAGs
[2026-03-28T06:38:41.768+0000] {logging_mixin.py:188} INFO - [2026-03-28T06:38:41.767+0000] {dag.py:3823} INFO - Setting next_dagrun for weekly_summary_pipeline to 2026-03-23 06:00:00+00:00, run_after=2026-03-30 06:00:00+00:00
[2026-03-28T06:38:41.785+0000] {processor.py:183} INFO - Processing /opt/airflow/dags/weekly_summary_pipeline.py took 0.092 seconds
[2026-03-28T06:39:13.133+0000] {processor.py:161} INFO - Started process (PID=8984) to work on /opt/airflow/dags/weekly_summary_pipeline.py
[2026-03-28T06:39:13.135+0000] {processor.py:830} INFO - Processing file /opt/airflow/dags/weekly_summary_pipeline.py for tasks to queue
[2026-03-28T06:39:13.136+0000] {logging_mixin.py:188} INFO - [2026-03-28T06:39:13.135+0000] {dagbag.py:538} INFO - Filling up the DagBag from /opt/airflow/dags/weekly_summary_pipeline.py
[2026-03-28T06:39:13.160+0000] {processor.py:840} INFO - DAG(s) 'weekly_summary_pipeline' retrieved from /opt/airflow/dags/weekly_summary_pipeline.py
[2026-03-28T06:39:13.191+0000] {logging_mixin.py:188} INFO - [2026-03-28T06:39:13.191+0000] {dag.py:3036} INFO - Sync 1 DAGs
[2026-03-28T06:39:13.215+0000] {logging_mixin.py:188} INFO - [2026-03-28T06:39:13.215+0000] {dag.py:3823} INFO - Setting next_dagrun for weekly_summary_pipeline to 2026-03-23 06:00:00+00:00, run_after=2026-03-30 06:00:00+00:00
[2026-03-28T06:39:13.238+0000] {processor.py:183} INFO - Processing /opt/airflow/dags/weekly_summary_pipeline.py took 0.108 seconds
[2026-03-28T06:39:44.550+0000] {processor.py:161} INFO - Started process (PID=9007) to work on /opt/airflow/dags/weekly_summary_pipeline.py
[2026-03-28T06:39:44.551+0000] {processor.py:830} INFO - Processing file /opt/airflow/dags/weekly_summary_pipeline.py for tasks to queue
[2026-03-28T06:39:44.552+0000] {logging_mixin.py:188} INFO - [2026-03-28T06:39:44.552+0000] {dagbag.py:538} INFO - Filling up the DagBag from /opt/airflow/dags/weekly_summary_pipeline.py
[2026-03-28T06:39:44.570+0000] {processor.py:840} INFO - DAG(s) 'weekly_summary_pipeline' retrieved from /opt/airflow/dags/weekly_summary_pipeline.py
[2026-03-28T06:39:44.601+0000] {logging_mixin.py:188} INFO - [2026-03-28T06:39:44.600+0000] {dag.py:3036} INFO - Sync 1 DAGs
[2026-03-28T06:39:44.628+0000] {logging_mixin.py:188} INFO - [2026-03-28T06:39:44.627+0000] {dag.py:3823} INFO - Setting next_dagrun for weekly_summary_pipeline to 2026-03-23 06:00:00+00:00, run_after=2026-03-30 06:00:00+00:00
[2026-03-28T06:39:44.651+0000] {processor.py:183} INFO - Processing /opt/airflow/dags/weekly_summary_pipeline.py took 0.104 seconds
[2026-03-28T06:40:15.047+0000] {processor.py:161} INFO - Started process (PID=9030) to work on /opt/airflow/dags/weekly_summary_pipeline.py
[2026-03-28T06:40:15.048+0000] {processor.py:830} INFO - Processing file /opt/airflow/dags/weekly_summary_pipeline.py for tasks to queue
[2026-03-28T06:40:15.049+0000] {logging_mixin.py:188} INFO - [2026-03-28T06:40:15.049+0000] {dagbag.py:538} INFO - Filling up the DagBag from /opt/airflow/dags/weekly_summary_pipeline.py
[2026-03-28T06:40:15.070+0000] {processor.py:840} INFO - DAG(s) 'weekly_summary_pipeline' retrieved from /opt/airflow/dags/weekly_summary_pipeline.py
[2026-03-28T06:40:15.101+0000] {logging_mixin.py:188} INFO - [2026-03-28T06:40:15.101+0000] {dag.py:3036} INFO - Sync 1 DAGs
[2026-03-28T06:40:15.126+0000] {logging_mixin.py:188} INFO - [2026-03-28T06:40:15.126+0000] {dag.py:3823} INFO - Setting next_dagrun for weekly_summary_pipeline to 2026-03-23 06:00:00+00:00, run_after=2026-03-30 06:00:00+00:00
[2026-03-28T06:40:15.156+0000] {processor.py:183} INFO - Processing /opt/airflow/dags/weekly_summary_pipeline.py took 0.112 seconds
[2026-03-28T06:40:46.623+0000] {processor.py:161} INFO - Started process (PID=9052) to work on /opt/airflow/dags/weekly_summary_pipeline.py
[2026-03-28T06:40:46.624+0000] {processor.py:830} INFO - Processing file /opt/airflow/dags/weekly_summary_pipeline.py for tasks to queue
[2026-03-28T06:40:46.625+0000] {logging_mixin.py:188} INFO - [2026-03-28T06:40:46.625+0000] {dagbag.py:538} INFO - Filling up the DagBag from /opt/airflow/dags/weekly_summary_pipeline.py
[2026-03-28T06:40:46.642+0000] {processor.py:840} INFO - DAG(s) 'weekly_summary_pipeline' retrieved from /opt/airflow/dags/weekly_summary_pipeline.py
[2026-03-28T06:40:46.671+0000] {logging_mixin.py:188} INFO - [2026-03-28T06:40:46.670+0000] {dag.py:3036} INFO - Sync 1 DAGs
[2026-03-28T06:40:46.695+0000] {logging_mixin.py:188} INFO - [2026-03-28T06:40:46.695+0000] {dag.py:3823} INFO - Setting next_dagrun for weekly_summary_pipeline to 2026-03-23 06:00:00+00:00, run_after=2026-03-30 06:00:00+00:00
[2026-03-28T06:40:46.716+0000] {processor.py:183} INFO - Processing /opt/airflow/dags/weekly_summary_pipeline.py took 0.095 seconds
[2026-03-28T06:41:17.257+0000] {processor.py:161} INFO - Started process (PID=9075) to work on /opt/airflow/dags/weekly_summary_pipeline.py
[2026-03-28T06:41:17.258+0000] {processor.py:830} INFO - Processing file /opt/airflow/dags/weekly_summary_pipeline.py for tasks to queue
[2026-03-28T06:41:17.259+0000] {logging_mixin.py:188} INFO - [2026-03-28T06:41:17.259+0000] {dagbag.py:538} INFO - Filling up the DagBag from /opt/airflow/dags/weekly_summary_pipeline.py
[2026-03-28T06:41:17.276+0000] {processor.py:840} INFO - DAG(s) 'weekly_summary_pipeline' retrieved from /opt/airflow/dags/weekly_summary_pipeline.py
[2026-03-28T06:41:17.303+0000] {logging_mixin.py:188} INFO - [2026-03-28T06:41:17.302+0000] {dag.py:3036} INFO - Sync 1 DAGs
[2026-03-28T06:41:17.324+0000] {logging_mixin.py:188} INFO - [2026-03-28T06:41:17.323+0000] {dag.py:3823} INFO - Setting next_dagrun for weekly_summary_pipeline to 2026-03-23 06:00:00+00:00, run_after=2026-03-30 06:00:00+00:00
[2026-03-28T06:41:17.346+0000] {processor.py:183} INFO - Processing /opt/airflow/dags/weekly_summary_pipeline.py took 0.092 seconds
[2026-03-28T06:41:48.781+0000] {processor.py:161} INFO - Started process (PID=9098) to work on /opt/airflow/dags/weekly_summary_pipeline.py
[2026-03-28T06:41:48.783+0000] {processor.py:830} INFO - Processing file /opt/airflow/dags/weekly_summary_pipeline.py for tasks to queue
[2026-03-28T06:41:48.784+0000] {logging_mixin.py:188} INFO - [2026-03-28T06:41:48.784+0000] {dagbag.py:538} INFO - Filling up the DagBag from /opt/airflow/dags/weekly_summary_pipeline.py
[2026-03-28T06:41:48.807+0000] {processor.py:840} INFO - DAG(s) 'weekly_summary_pipeline' retrieved from /opt/airflow/dags/weekly_summary_pipeline.py
[2026-03-28T06:41:48.835+0000] {logging_mixin.py:188} INFO - [2026-03-28T06:41:48.835+0000] {dag.py:3036} INFO - Sync 1 DAGs
[2026-03-28T06:41:48.860+0000] {logging_mixin.py:188} INFO - [2026-03-28T06:41:48.859+0000] {dag.py:3823} INFO - Setting next_dagrun for weekly_summary_pipeline to 2026-03-23 06:00:00+00:00, run_after=2026-03-30 06:00:00+00:00
[2026-03-28T06:41:48.882+0000] {processor.py:183} INFO - Processing /opt/airflow/dags/weekly_summary_pipeline.py took 0.103 seconds
[2026-03-28T06:42:19.675+0000] {processor.py:161} INFO - Started process (PID=9121) to work on /opt/airflow/dags/weekly_summary_pipeline.py
[2026-03-28T06:42:19.676+0000] {processor.py:830} INFO - Processing file /opt/airflow/dags/weekly_summary_pipeline.py for tasks to queue
[2026-03-28T06:42:19.677+0000] {logging_mixin.py:188} INFO - [2026-03-28T06:42:19.677+0000] {dagbag.py:538} INFO - Filling up the DagBag from /opt/airflow/dags/weekly_summary_pipeline.py
[2026-03-28T06:42:19.696+0000] {processor.py:840} INFO - DAG(s) 'weekly_summary_pipeline' retrieved from /opt/airflow/dags/weekly_summary_pipeline.py
[2026-03-28T06:42:19.726+0000] {logging_mixin.py:188} INFO - [2026-03-28T06:42:19.726+0000] {dag.py:3036} INFO - Sync 1 DAGs
[2026-03-28T06:42:19.753+0000] {logging_mixin.py:188} INFO - [2026-03-28T06:42:19.752+0000] {dag.py:3823} INFO - Setting next_dagrun for weekly_summary_pipeline to 2026-03-23 06:00:00+00:00, run_after=2026-03-30 06:00:00+00:00
[2026-03-28T06:42:19.776+0000] {processor.py:183} INFO - Processing /opt/airflow/dags/weekly_summary_pipeline.py took 0.104 seconds
[2026-03-28T06:42:50.913+0000] {processor.py:161} INFO - Started process (PID=9144) to work on /opt/airflow/dags/weekly_summary_pipeline.py
[2026-03-28T06:42:50.914+0000] {processor.py:830} INFO - Processing file /opt/airflow/dags/weekly_summary_pipeline.py for tasks to queue
[2026-03-28T06:42:50.915+0000] {logging_mixin.py:188} INFO - [2026-03-28T06:42:50.915+0000] {dagbag.py:538} INFO - Filling up the DagBag from /opt/airflow/dags/weekly_summary_pipeline.py
[2026-03-28T06:42:50.933+0000] {processor.py:840} INFO - DAG(s) 'weekly_summary_pipeline' retrieved from /opt/airflow/dags/weekly_summary_pipeline.py
[2026-03-28T06:42:50.958+0000] {logging_mixin.py:188} INFO - [2026-03-28T06:42:50.958+0000] {dag.py:3036} INFO - Sync 1 DAGs
[2026-03-28T06:42:50.978+0000] {logging_mixin.py:188} INFO - [2026-03-28T06:42:50.978+0000] {dag.py:3823} INFO - Setting next_dagrun for weekly_summary_pipeline to 2026-03-23 06:00:00+00:00, run_after=2026-03-30 06:00:00+00:00
[2026-03-28T06:42:50.997+0000] {processor.py:183} INFO - Processing /opt/airflow/dags/weekly_summary_pipeline.py took 0.087 seconds
[2026-03-28T06:43:22.431+0000] {processor.py:161} INFO - Started process (PID=9167) to work on /opt/airflow/dags/weekly_summary_pipeline.py
[2026-03-28T06:43:22.432+0000] {processor.py:830} INFO - Processing file /opt/airflow/dags/weekly_summary_pipeline.py for tasks to queue
[2026-03-28T06:43:22.433+0000] {logging_mixin.py:188} INFO - [2026-03-28T06:43:22.433+0000] {dagbag.py:538} INFO - Filling up the DagBag from /opt/airflow/dags/weekly_summary_pipeline.py
[2026-03-28T06:43:22.453+0000] {processor.py:840} INFO - DAG(s) 'weekly_summary_pipeline' retrieved from /opt/airflow/dags/weekly_summary_pipeline.py
[2026-03-28T06:43:22.484+0000] {logging_mixin.py:188} INFO - [2026-03-28T06:43:22.483+0000] {dag.py:3036} INFO - Sync 1 DAGs
[2026-03-28T06:43:22.507+0000] {logging_mixin.py:188} INFO - [2026-03-28T06:43:22.507+0000] {dag.py:3823} INFO - Setting next_dagrun for weekly_summary_pipeline to 2026-03-23 06:00:00+00:00, run_after=2026-03-30 06:00:00+00:00
[2026-03-28T06:43:22.532+0000] {processor.py:183} INFO - Processing /opt/airflow/dags/weekly_summary_pipeline.py took 0.103 seconds
[2026-03-28T06:43:53.002+0000] {processor.py:161} INFO - Started process (PID=9190) to work on /opt/airflow/dags/weekly_summary_pipeline.py
[2026-03-28T06:43:53.003+0000] {processor.py:830} INFO - Processing file /opt/airflow/dags/weekly_summary_pipeline.py for tasks to queue
[2026-03-28T06:43:53.004+0000] {logging_mixin.py:188} INFO - [2026-03-28T06:43:53.004+0000] {dagbag.py:538} INFO - Filling up the DagBag from /opt/airflow/dags/weekly_summary_pipeline.py
[2026-03-28T06:43:53.029+0000] {processor.py:840} INFO - DAG(s) 'weekly_summary_pipeline' retrieved from /opt/airflow/dags/weekly_summary_pipeline.py
[2026-03-28T06:43:53.063+0000] {logging_mixin.py:188} INFO - [2026-03-28T06:43:53.062+0000] {dag.py:3036} INFO - Sync 1 DAGs
[2026-03-28T06:43:53.087+0000] {logging_mixin.py:188} INFO - [2026-03-28T06:43:53.087+0000] {dag.py:3823} INFO - Setting next_dagrun for weekly_summary_pipeline to 2026-03-23 06:00:00+00:00, run_after=2026-03-30 06:00:00+00:00
[2026-03-28T06:43:53.109+0000] {processor.py:183} INFO - Processing /opt/airflow/dags/weekly_summary_pipeline.py took 0.111 seconds
[2026-03-28T06:44:24.615+0000] {processor.py:161} INFO - Started process (PID=9205) to work on /opt/airflow/dags/weekly_summary_pipeline.py
[2026-03-28T06:44:24.617+0000] {processor.py:830} INFO - Processing file /opt/airflow/dags/weekly_summary_pipeline.py for tasks to queue
[2026-03-28T06:44:24.617+0000] {logging_mixin.py:188} INFO - [2026-03-28T06:44:24.617+0000] {dagbag.py:538} INFO - Filling up the DagBag from /opt/airflow/dags/weekly_summary_pipeline.py
[2026-03-28T06:44:24.638+0000] {processor.py:840} INFO - DAG(s) 'weekly_summary_pipeline' retrieved from /opt/airflow/dags/weekly_summary_pipeline.py
[2026-03-28T06:44:24.667+0000] {logging_mixin.py:188} INFO - [2026-03-28T06:44:24.667+0000] {dag.py:3036} INFO - Sync 1 DAGs
[2026-03-28T06:44:24.689+0000] {logging_mixin.py:188} INFO - [2026-03-28T06:44:24.689+0000] {dag.py:3823} INFO - Setting next_dagrun for weekly_summary_pipeline to 2026-03-23 06:00:00+00:00, run_after=2026-03-30 06:00:00+00:00
[2026-03-28T06:44:24.711+0000] {processor.py:183} INFO - Processing /opt/airflow/dags/weekly_summary_pipeline.py took 0.098 seconds
[2026-03-28T06:44:56.141+0000] {processor.py:161} INFO - Started process (PID=9228) to work on /opt/airflow/dags/weekly_summary_pipeline.py
[2026-03-28T06:44:56.142+0000] {processor.py:830} INFO - Processing file /opt/airflow/dags/weekly_summary_pipeline.py for tasks to queue
[2026-03-28T06:44:56.143+0000] {logging_mixin.py:188} INFO - [2026-03-28T06:44:56.142+0000] {dagbag.py:538} INFO - Filling up the DagBag from /opt/airflow/dags/weekly_summary_pipeline.py
[2026-03-28T06:44:56.162+0000] {processor.py:840} INFO - DAG(s) 'weekly_summary_pipeline' retrieved from /opt/airflow/dags/weekly_summary_pipeline.py
[2026-03-28T06:44:56.190+0000] {logging_mixin.py:188} INFO - [2026-03-28T06:44:56.190+0000] {dag.py:3036} INFO - Sync 1 DAGs
[2026-03-28T06:44:56.213+0000] {logging_mixin.py:188} INFO - [2026-03-28T06:44:56.213+0000] {dag.py:3823} INFO - Setting next_dagrun for weekly_summary_pipeline to 2026-03-23 06:00:00+00:00, run_after=2026-03-30 06:00:00+00:00
[2026-03-28T06:44:56.233+0000] {processor.py:183} INFO - Processing /opt/airflow/dags/weekly_summary_pipeline.py took 0.095 seconds
[2026-03-28T06:45:26.651+0000] {processor.py:161} INFO - Started process (PID=9250) to work on /opt/airflow/dags/weekly_summary_pipeline.py
[2026-03-28T06:45:26.652+0000] {processor.py:830} INFO - Processing file /opt/airflow/dags/weekly_summary_pipeline.py for tasks to queue
[2026-03-28T06:45:26.653+0000] {logging_mixin.py:188} INFO - [2026-03-28T06:45:26.653+0000] {dagbag.py:538} INFO - Filling up the DagBag from /opt/airflow/dags/weekly_summary_pipeline.py
[2026-03-28T06:45:26.677+0000] {processor.py:840} INFO - DAG(s) 'weekly_summary_pipeline' retrieved from /opt/airflow/dags/weekly_summary_pipeline.py
[2026-03-28T06:45:26.716+0000] {logging_mixin.py:188} INFO - [2026-03-28T06:45:26.716+0000] {dag.py:3036} INFO - Sync 1 DAGs
[2026-03-28T06:45:26.742+0000] {logging_mixin.py:188} INFO - [2026-03-28T06:45:26.742+0000] {dag.py:3823} INFO - Setting next_dagrun for weekly_summary_pipeline to 2026-03-23 06:00:00+00:00, run_after=2026-03-30 06:00:00+00:00
[2026-03-28T06:45:26.764+0000] {processor.py:183} INFO - Processing /opt/airflow/dags/weekly_summary_pipeline.py took 0.116 seconds
[2026-03-28T06:45:58.213+0000] {processor.py:161} INFO - Started process (PID=9273) to work on /opt/airflow/dags/weekly_summary_pipeline.py
[2026-03-28T06:45:58.214+0000] {processor.py:830} INFO - Processing file /opt/airflow/dags/weekly_summary_pipeline.py for tasks to queue
[2026-03-28T06:45:58.215+0000] {logging_mixin.py:188} INFO - [2026-03-28T06:45:58.214+0000] {dagbag.py:538} INFO - Filling up the DagBag from /opt/airflow/dags/weekly_summary_pipeline.py
[2026-03-28T06:45:58.233+0000] {processor.py:840} INFO - DAG(s) 'weekly_summary_pipeline' retrieved from /opt/airflow/dags/weekly_summary_pipeline.py
[2026-03-28T06:45:58.261+0000] {logging_mixin.py:188} INFO - [2026-03-28T06:45:58.260+0000] {dag.py:3036} INFO - Sync 1 DAGs
[2026-03-28T06:45:58.285+0000] {logging_mixin.py:188} INFO - [2026-03-28T06:45:58.284+0000] {dag.py:3823} INFO - Setting next_dagrun for weekly_summary_pipeline to 2026-03-23 06:00:00+00:00, run_after=2026-03-30 06:00:00+00:00
[2026-03-28T06:45:58.308+0000] {processor.py:183} INFO - Processing /opt/airflow/dags/weekly_summary_pipeline.py took 0.098 seconds
[2026-03-28T06:46:28.847+0000] {processor.py:161} INFO - Started process (PID=9296) to work on /opt/airflow/dags/weekly_summary_pipeline.py
[2026-03-28T06:46:28.848+0000] {processor.py:830} INFO - Processing file /opt/airflow/dags/weekly_summary_pipeline.py for tasks to queue
[2026-03-28T06:46:28.849+0000] {logging_mixin.py:188} INFO - [2026-03-28T06:46:28.849+0000] {dagbag.py:538} INFO - Filling up the DagBag from /opt/airflow/dags/weekly_summary_pipeline.py
[2026-03-28T06:46:28.881+0000] {processor.py:840} INFO - DAG(s) 'weekly_summary_pipeline' retrieved from /opt/airflow/dags/weekly_summary_pipeline.py
[2026-03-28T06:46:28.923+0000] {logging_mixin.py:188} INFO - [2026-03-28T06:46:28.923+0000] {dag.py:3036} INFO - Sync 1 DAGs
[2026-03-28T06:46:28.952+0000] {logging_mixin.py:188} INFO - [2026-03-28T06:46:28.951+0000] {dag.py:3823} INFO - Setting next_dagrun for weekly_summary_pipeline to 2026-03-23 06:00:00+00:00, run_after=2026-03-30 06:00:00+00:00
[2026-03-28T06:46:28.971+0000] {processor.py:183} INFO - Processing /opt/airflow/dags/weekly_summary_pipeline.py took 0.127 seconds
[2026-03-28T06:47:00.411+0000] {processor.py:161} INFO - Started process (PID=9319) to work on /opt/airflow/dags/weekly_summary_pipeline.py
[2026-03-28T06:47:00.412+0000] {processor.py:830} INFO - Processing file /opt/airflow/dags/weekly_summary_pipeline.py for tasks to queue
[2026-03-28T06:47:00.414+0000] {logging_mixin.py:188} INFO - [2026-03-28T06:47:00.414+0000] {dagbag.py:538} INFO - Filling up the DagBag from /opt/airflow/dags/weekly_summary_pipeline.py
[2026-03-28T06:47:00.439+0000] {processor.py:840} INFO - DAG(s) 'weekly_summary_pipeline' retrieved from /opt/airflow/dags/weekly_summary_pipeline.py
[2026-03-28T06:47:00.479+0000] {logging_mixin.py:188} INFO - [2026-03-28T06:47:00.479+0000] {dag.py:3036} INFO - Sync 1 DAGs
[2026-03-28T06:47:00.505+0000] {logging_mixin.py:188} INFO - [2026-03-28T06:47:00.505+0000] {dag.py:3823} INFO - Setting next_dagrun for weekly_summary_pipeline to 2026-03-23 06:00:00+00:00, run_after=2026-03-30 06:00:00+00:00
[2026-03-28T06:47:00.528+0000] {processor.py:183} INFO - Processing /opt/airflow/dags/weekly_summary_pipeline.py took 0.120 seconds
[2026-03-28T06:47:31.043+0000] {processor.py:161} INFO - Started process (PID=9341) to work on /opt/airflow/dags/weekly_summary_pipeline.py
[2026-03-28T06:47:31.044+0000] {processor.py:830} INFO - Processing file /opt/airflow/dags/weekly_summary_pipeline.py for tasks to queue
[2026-03-28T06:47:31.044+0000] {logging_mixin.py:188} INFO - [2026-03-28T06:47:31.044+0000] {dagbag.py:538} INFO - Filling up the DagBag from /opt/airflow/dags/weekly_summary_pipeline.py
[2026-03-28T06:47:31.065+0000] {processor.py:840} INFO - DAG(s) 'weekly_summary_pipeline' retrieved from /opt/airflow/dags/weekly_summary_pipeline.py
[2026-03-28T06:47:31.093+0000] {logging_mixin.py:188} INFO - [2026-03-28T06:47:31.093+0000] {dag.py:3036} INFO - Sync 1 DAGs
[2026-03-28T06:47:31.114+0000] {logging_mixin.py:188} INFO - [2026-03-28T06:47:31.114+0000] {dag.py:3823} INFO - Setting next_dagrun for weekly_summary_pipeline to 2026-03-23 06:00:00+00:00, run_after=2026-03-30 06:00:00+00:00
[2026-03-28T06:47:31.140+0000] {processor.py:183} INFO - Processing /opt/airflow/dags/weekly_summary_pipeline.py took 0.100 seconds
[2026-03-28T06:48:02.705+0000] {processor.py:161} INFO - Started process (PID=9364) to work on /opt/airflow/dags/weekly_summary_pipeline.py
[2026-03-28T06:48:02.706+0000] {processor.py:830} INFO - Processing file /opt/airflow/dags/weekly_summary_pipeline.py for tasks to queue
[2026-03-28T06:48:02.706+0000] {logging_mixin.py:188} INFO - [2026-03-28T06:48:02.706+0000] {dagbag.py:538} INFO - Filling up the DagBag from /opt/airflow/dags/weekly_summary_pipeline.py
[2026-03-28T06:48:02.724+0000] {processor.py:840} INFO - DAG(s) 'weekly_summary_pipeline' retrieved from /opt/airflow/dags/weekly_summary_pipeline.py
[2026-03-28T06:48:02.751+0000] {logging_mixin.py:188} INFO - [2026-03-28T06:48:02.751+0000] {dag.py:3036} INFO - Sync 1 DAGs
[2026-03-28T06:48:02.772+0000] {logging_mixin.py:188} INFO - [2026-03-28T06:48:02.772+0000] {dag.py:3823} INFO - Setting next_dagrun for weekly_summary_pipeline to 2026-03-23 06:00:00+00:00, run_after=2026-03-30 06:00:00+00:00
[2026-03-28T06:48:02.795+0000] {processor.py:183} INFO - Processing /opt/airflow/dags/weekly_summary_pipeline.py took 0.093 seconds
[2026-03-28T06:48:34.311+0000] {processor.py:161} INFO - Started process (PID=9387) to work on /opt/airflow/dags/weekly_summary_pipeline.py
[2026-03-28T06:48:34.312+0000] {processor.py:830} INFO - Processing file /opt/airflow/dags/weekly_summary_pipeline.py for tasks to queue
[2026-03-28T06:48:34.313+0000] {logging_mixin.py:188} INFO - [2026-03-28T06:48:34.312+0000] {dagbag.py:538} INFO - Filling up the DagBag from /opt/airflow/dags/weekly_summary_pipeline.py
[2026-03-28T06:48:34.330+0000] {processor.py:840} INFO - DAG(s) 'weekly_summary_pipeline' retrieved from /opt/airflow/dags/weekly_summary_pipeline.py
[2026-03-28T06:48:34.356+0000] {logging_mixin.py:188} INFO - [2026-03-28T06:48:34.356+0000] {dag.py:3036} INFO - Sync 1 DAGs
[2026-03-28T06:48:34.379+0000] {logging_mixin.py:188} INFO - [2026-03-28T06:48:34.378+0000] {dag.py:3823} INFO - Setting next_dagrun for weekly_summary_pipeline to 2026-03-23 06:00:00+00:00, run_after=2026-03-30 06:00:00+00:00
[2026-03-28T06:48:34.402+0000] {processor.py:183} INFO - Processing /opt/airflow/dags/weekly_summary_pipeline.py took 0.093 seconds
[2026-03-28T06:49:04.845+0000] {processor.py:161} INFO - Started process (PID=9410) to work on /opt/airflow/dags/weekly_summary_pipeline.py
[2026-03-28T06:49:04.847+0000] {processor.py:830} INFO - Processing file /opt/airflow/dags/weekly_summary_pipeline.py for tasks to queue
[2026-03-28T06:49:04.847+0000] {logging_mixin.py:188} INFO - [2026-03-28T06:49:04.847+0000] {dagbag.py:538} INFO - Filling up the DagBag from /opt/airflow/dags/weekly_summary_pipeline.py
[2026-03-28T06:49:04.866+0000] {processor.py:840} INFO - DAG(s) 'weekly_summary_pipeline' retrieved from /opt/airflow/dags/weekly_summary_pipeline.py
[2026-03-28T06:49:04.893+0000] {logging_mixin.py:188} INFO - [2026-03-28T06:49:04.893+0000] {dag.py:3036} INFO - Sync 1 DAGs
[2026-03-28T06:49:04.920+0000] {logging_mixin.py:188} INFO - [2026-03-28T06:49:04.919+0000] {dag.py:3823} INFO - Setting next_dagrun for weekly_summary_pipeline to 2026-03-23 06:00:00+00:00, run_after=2026-03-30 06:00:00+00:00
[2026-03-28T06:49:04.942+0000] {processor.py:183} INFO - Processing /opt/airflow/dags/weekly_summary_pipeline.py took 0.100 seconds
[2026-03-28T06:49:36.482+0000] {processor.py:161} INFO - Started process (PID=9433) to work on /opt/airflow/dags/weekly_summary_pipeline.py
[2026-03-28T06:49:36.483+0000] {processor.py:830} INFO - Processing file /opt/airflow/dags/weekly_summary_pipeline.py for tasks to queue
[2026-03-28T06:49:36.484+0000] {logging_mixin.py:188} INFO - [2026-03-28T06:49:36.484+0000] {dagbag.py:538} INFO - Filling up the DagBag from /opt/airflow/dags/weekly_summary_pipeline.py
[2026-03-28T06:49:36.502+0000] {processor.py:840} INFO - DAG(s) 'weekly_summary_pipeline' retrieved from /opt/airflow/dags/weekly_summary_pipeline.py
[2026-03-28T06:49:36.527+0000] {logging_mixin.py:188} INFO - [2026-03-28T06:49:36.527+0000] {dag.py:3036} INFO - Sync 1 DAGs
[2026-03-28T06:49:36.547+0000] {logging_mixin.py:188} INFO - [2026-03-28T06:49:36.547+0000] {dag.py:3823} INFO - Setting next_dagrun for weekly_summary_pipeline to 2026-03-23 06:00:00+00:00, run_after=2026-03-30 06:00:00+00:00
[2026-03-28T06:49:36.568+0000] {processor.py:183} INFO - Processing /opt/airflow/dags/weekly_summary_pipeline.py took 0.088 seconds
[2026-03-28T06:50:07.060+0000] {processor.py:161} INFO - Started process (PID=9456) to work on /opt/airflow/dags/weekly_summary_pipeline.py
[2026-03-28T06:50:07.061+0000] {processor.py:830} INFO - Processing file /opt/airflow/dags/weekly_summary_pipeline.py for tasks to queue
[2026-03-28T06:50:07.062+0000] {logging_mixin.py:188} INFO - [2026-03-28T06:50:07.062+0000] {dagbag.py:538} INFO - Filling up the DagBag from /opt/airflow/dags/weekly_summary_pipeline.py
[2026-03-28T06:50:07.081+0000] {processor.py:840} INFO - DAG(s) 'weekly_summary_pipeline' retrieved from /opt/airflow/dags/weekly_summary_pipeline.py
[2026-03-28T06:50:07.106+0000] {logging_mixin.py:188} INFO - [2026-03-28T06:50:07.106+0000] {dag.py:3036} INFO - Sync 1 DAGs
[2026-03-28T06:50:07.127+0000] {logging_mixin.py:188} INFO - [2026-03-28T06:50:07.127+0000] {dag.py:3823} INFO - Setting next_dagrun for weekly_summary_pipeline to 2026-03-23 06:00:00+00:00, run_after=2026-03-30 06:00:00+00:00
[2026-03-28T06:50:07.150+0000] {processor.py:183} INFO - Processing /opt/airflow/dags/weekly_summary_pipeline.py took 0.092 seconds
[2026-03-28T06:50:38.789+0000] {processor.py:161} INFO - Started process (PID=9479) to work on /opt/airflow/dags/weekly_summary_pipeline.py
[2026-03-28T06:50:38.790+0000] {processor.py:830} INFO - Processing file /opt/airflow/dags/weekly_summary_pipeline.py for tasks to queue
[2026-03-28T06:50:38.791+0000] {logging_mixin.py:188} INFO - [2026-03-28T06:50:38.791+0000] {dagbag.py:538} INFO - Filling up the DagBag from /opt/airflow/dags/weekly_summary_pipeline.py
[2026-03-28T06:50:38.807+0000] {processor.py:840} INFO - DAG(s) 'weekly_summary_pipeline' retrieved from /opt/airflow/dags/weekly_summary_pipeline.py
[2026-03-28T06:50:38.835+0000] {logging_mixin.py:188} INFO - [2026-03-28T06:50:38.835+0000] {dag.py:3036} INFO - Sync 1 DAGs
[2026-03-28T06:50:38.857+0000] {logging_mixin.py:188} INFO - [2026-03-28T06:50:38.857+0000] {dag.py:3823} INFO - Setting next_dagrun for weekly_summary_pipeline to 2026-03-23 06:00:00+00:00, run_after=2026-03-30 06:00:00+00:00
[2026-03-28T06:50:38.877+0000] {processor.py:183} INFO - Processing /opt/airflow/dags/weekly_summary_pipeline.py took 0.091 seconds
[2026-03-28T06:51:10.363+0000] {processor.py:161} INFO - Started process (PID=9502) to work on /opt/airflow/dags/weekly_summary_pipeline.py
[2026-03-28T06:51:10.364+0000] {processor.py:830} INFO - Processing file /opt/airflow/dags/weekly_summary_pipeline.py for tasks to queue
[2026-03-28T06:51:10.365+0000] {logging_mixin.py:188} INFO - [2026-03-28T06:51:10.364+0000] {dagbag.py:538} INFO - Filling up the DagBag from /opt/airflow/dags/weekly_summary_pipeline.py
[2026-03-28T06:51:10.382+0000] {processor.py:840} INFO - DAG(s) 'weekly_summary_pipeline' retrieved from /opt/airflow/dags/weekly_summary_pipeline.py
[2026-03-28T06:51:10.410+0000] {logging_mixin.py:188} INFO - [2026-03-28T06:51:10.410+0000] {dag.py:3036} INFO - Sync 1 DAGs
[2026-03-28T06:51:10.431+0000] {logging_mixin.py:188} INFO - [2026-03-28T06:51:10.431+0000] {dag.py:3823} INFO - Setting next_dagrun for weekly_summary_pipeline to 2026-03-23 06:00:00+00:00, run_after=2026-03-30 06:00:00+00:00
[2026-03-28T06:51:10.453+0000] {processor.py:183} INFO - Processing /opt/airflow/dags/weekly_summary_pipeline.py took 0.093 seconds
[2026-03-28T06:51:40.936+0000] {processor.py:161} INFO - Started process (PID=9525) to work on /opt/airflow/dags/weekly_summary_pipeline.py
[2026-03-28T06:51:40.937+0000] {processor.py:830} INFO - Processing file /opt/airflow/dags/weekly_summary_pipeline.py for tasks to queue
[2026-03-28T06:51:40.938+0000] {logging_mixin.py:188} INFO - [2026-03-28T06:51:40.938+0000] {dagbag.py:538} INFO - Filling up the DagBag from /opt/airflow/dags/weekly_summary_pipeline.py
[2026-03-28T06:51:40.958+0000] {processor.py:840} INFO - DAG(s) 'weekly_summary_pipeline' retrieved from /opt/airflow/dags/weekly_summary_pipeline.py
[2026-03-28T06:51:40.985+0000] {logging_mixin.py:188} INFO - [2026-03-28T06:51:40.985+0000] {dag.py:3036} INFO - Sync 1 DAGs
[2026-03-28T06:51:41.004+0000] {logging_mixin.py:188} INFO - [2026-03-28T06:51:41.004+0000] {dag.py:3823} INFO - Setting next_dagrun for weekly_summary_pipeline to 2026-03-23 06:00:00+00:00, run_after=2026-03-30 06:00:00+00:00
[2026-03-28T06:51:41.026+0000] {processor.py:183} INFO - Processing /opt/airflow/dags/weekly_summary_pipeline.py took 0.092 seconds
[2026-03-28T06:52:12.558+0000] {processor.py:161} INFO - Started process (PID=9548) to work on /opt/airflow/dags/weekly_summary_pipeline.py
[2026-03-28T06:52:12.559+0000] {processor.py:830} INFO - Processing file /opt/airflow/dags/weekly_summary_pipeline.py for tasks to queue
[2026-03-28T06:52:12.560+0000] {logging_mixin.py:188} INFO - [2026-03-28T06:52:12.560+0000] {dagbag.py:538} INFO - Filling up the DagBag from /opt/airflow/dags/weekly_summary_pipeline.py
[2026-03-28T06:52:12.579+0000] {processor.py:840} INFO - DAG(s) 'weekly_summary_pipeline' retrieved from /opt/airflow/dags/weekly_summary_pipeline.py
[2026-03-28T06:52:12.608+0000] {logging_mixin.py:188} INFO - [2026-03-28T06:52:12.607+0000] {dag.py:3036} INFO - Sync 1 DAGs
[2026-03-28T06:52:12.631+0000] {logging_mixin.py:188} INFO - [2026-03-28T06:52:12.631+0000] {dag.py:3823} INFO - Setting next_dagrun for weekly_summary_pipeline to 2026-03-23 06:00:00+00:00, run_after=2026-03-30 06:00:00+00:00
[2026-03-28T06:52:12.654+0000] {processor.py:183} INFO - Processing /opt/airflow/dags/weekly_summary_pipeline.py took 0.100 seconds
[2026-03-28T06:52:43.178+0000] {processor.py:161} INFO - Started process (PID=9563) to work on /opt/airflow/dags/weekly_summary_pipeline.py
[2026-03-28T06:52:43.180+0000] {processor.py:830} INFO - Processing file /opt/airflow/dags/weekly_summary_pipeline.py for tasks to queue
[2026-03-28T06:52:43.181+0000] {logging_mixin.py:188} INFO - [2026-03-28T06:52:43.180+0000] {dagbag.py:538} INFO - Filling up the DagBag from /opt/airflow/dags/weekly_summary_pipeline.py
[2026-03-28T06:52:43.200+0000] {processor.py:840} INFO - DAG(s) 'weekly_summary_pipeline' retrieved from /opt/airflow/dags/weekly_summary_pipeline.py
[2026-03-28T06:52:43.228+0000] {logging_mixin.py:188} INFO - [2026-03-28T06:52:43.228+0000] {dag.py:3036} INFO - Sync 1 DAGs
[2026-03-28T06:52:43.249+0000] {logging_mixin.py:188} INFO - [2026-03-28T06:52:43.249+0000] {dag.py:3823} INFO - Setting next_dagrun for weekly_summary_pipeline to 2026-03-23 06:00:00+00:00, run_after=2026-03-30 06:00:00+00:00
[2026-03-28T06:52:43.273+0000] {processor.py:183} INFO - Processing /opt/airflow/dags/weekly_summary_pipeline.py took 0.097 seconds
[2026-03-28T06:53:14.830+0000] {processor.py:161} INFO - Started process (PID=9586) to work on /opt/airflow/dags/weekly_summary_pipeline.py
[2026-03-28T06:53:14.831+0000] {processor.py:830} INFO - Processing file /opt/airflow/dags/weekly_summary_pipeline.py for tasks to queue
[2026-03-28T06:53:14.831+0000] {logging_mixin.py:188} INFO - [2026-03-28T06:53:14.831+0000] {dagbag.py:538} INFO - Filling up the DagBag from /opt/airflow/dags/weekly_summary_pipeline.py
[2026-03-28T06:53:14.855+0000] {processor.py:840} INFO - DAG(s) 'weekly_summary_pipeline' retrieved from /opt/airflow/dags/weekly_summary_pipeline.py
[2026-03-28T06:53:14.885+0000] {logging_mixin.py:188} INFO - [2026-03-28T06:53:14.885+0000] {dag.py:3036} INFO - Sync 1 DAGs
[2026-03-28T06:53:14.906+0000] {logging_mixin.py:188} INFO - [2026-03-28T06:53:14.905+0000] {dag.py:3823} INFO - Setting next_dagrun for weekly_summary_pipeline to 2026-03-23 06:00:00+00:00, run_after=2026-03-30 06:00:00+00:00
[2026-03-28T06:53:14.924+0000] {processor.py:183} INFO - Processing /opt/airflow/dags/weekly_summary_pipeline.py took 0.097 seconds
[2026-03-28T06:53:45.488+0000] {processor.py:161} INFO - Started process (PID=9609) to work on /opt/airflow/dags/weekly_summary_pipeline.py
[2026-03-28T06:53:45.489+0000] {processor.py:830} INFO - Processing file /opt/airflow/dags/weekly_summary_pipeline.py for tasks to queue
[2026-03-28T06:53:45.490+0000] {logging_mixin.py:188} INFO - [2026-03-28T06:53:45.490+0000] {dagbag.py:538} INFO - Filling up the DagBag from /opt/airflow/dags/weekly_summary_pipeline.py
[2026-03-28T06:53:45.510+0000] {processor.py:840} INFO - DAG(s) 'weekly_summary_pipeline' retrieved from /opt/airflow/dags/weekly_summary_pipeline.py
[2026-03-28T06:53:45.543+0000] {logging_mixin.py:188} INFO - [2026-03-28T06:53:45.543+0000] {dag.py:3036} INFO - Sync 1 DAGs
[2026-03-28T06:53:45.566+0000] {logging_mixin.py:188} INFO - [2026-03-28T06:53:45.565+0000] {dag.py:3823} INFO - Setting next_dagrun for weekly_summary_pipeline to 2026-03-23 06:00:00+00:00, run_after=2026-03-30 06:00:00+00:00
[2026-03-28T06:53:45.586+0000] {processor.py:183} INFO - Processing /opt/airflow/dags/weekly_summary_pipeline.py took 0.100 seconds
[2026-03-28T06:54:17.244+0000] {processor.py:161} INFO - Started process (PID=9632) to work on /opt/airflow/dags/weekly_summary_pipeline.py
[2026-03-28T06:54:17.245+0000] {processor.py:830} INFO - Processing file /opt/airflow/dags/weekly_summary_pipeline.py for tasks to queue
[2026-03-28T06:54:17.246+0000] {logging_mixin.py:188} INFO - [2026-03-28T06:54:17.246+0000] {dagbag.py:538} INFO - Filling up the DagBag from /opt/airflow/dags/weekly_summary_pipeline.py
[2026-03-28T06:54:17.271+0000] {processor.py:840} INFO - DAG(s) 'weekly_summary_pipeline' retrieved from /opt/airflow/dags/weekly_summary_pipeline.py
[2026-03-28T06:54:17.298+0000] {logging_mixin.py:188} INFO - [2026-03-28T06:54:17.298+0000] {dag.py:3036} INFO - Sync 1 DAGs
[2026-03-28T06:54:17.320+0000] {logging_mixin.py:188} INFO - [2026-03-28T06:54:17.320+0000] {dag.py:3823} INFO - Setting next_dagrun for weekly_summary_pipeline to 2026-03-23 06:00:00+00:00, run_after=2026-03-30 06:00:00+00:00
[2026-03-28T06:54:17.344+0000] {processor.py:183} INFO - Processing /opt/airflow/dags/weekly_summary_pipeline.py took 0.104 seconds
[2026-03-28T06:54:47.916+0000] {processor.py:161} INFO - Started process (PID=9656) to work on /opt/airflow/dags/weekly_summary_pipeline.py
[2026-03-28T06:54:47.918+0000] {processor.py:830} INFO - Processing file /opt/airflow/dags/weekly_summary_pipeline.py for tasks to queue
[2026-03-28T06:54:47.919+0000] {logging_mixin.py:188} INFO - [2026-03-28T06:54:47.919+0000] {dagbag.py:538} INFO - Filling up the DagBag from /opt/airflow/dags/weekly_summary_pipeline.py
[2026-03-28T06:54:47.937+0000] {processor.py:840} INFO - DAG(s) 'weekly_summary_pipeline' retrieved from /opt/airflow/dags/weekly_summary_pipeline.py
[2026-03-28T06:54:47.966+0000] {logging_mixin.py:188} INFO - [2026-03-28T06:54:47.966+0000] {dag.py:3036} INFO - Sync 1 DAGs
[2026-03-28T06:54:47.989+0000] {logging_mixin.py:188} INFO - [2026-03-28T06:54:47.988+0000] {dag.py:3823} INFO - Setting next_dagrun for weekly_summary_pipeline to 2026-03-23 06:00:00+00:00, run_after=2026-03-30 06:00:00+00:00
[2026-03-28T06:54:48.023+0000] {processor.py:183} INFO - Processing /opt/airflow/dags/weekly_summary_pipeline.py took 0.110 seconds
[2026-03-28T06:55:19.482+0000] {processor.py:161} INFO - Started process (PID=9679) to work on /opt/airflow/dags/weekly_summary_pipeline.py
[2026-03-28T06:55:19.483+0000] {processor.py:830} INFO - Processing file /opt/airflow/dags/weekly_summary_pipeline.py for tasks to queue
[2026-03-28T06:55:19.483+0000] {logging_mixin.py:188} INFO - [2026-03-28T06:55:19.483+0000] {dagbag.py:538} INFO - Filling up the DagBag from /opt/airflow/dags/weekly_summary_pipeline.py
[2026-03-28T06:55:19.513+0000] {processor.py:840} INFO - DAG(s) 'weekly_summary_pipeline' retrieved from /opt/airflow/dags/weekly_summary_pipeline.py
[2026-03-28T06:55:19.550+0000] {logging_mixin.py:188} INFO - [2026-03-28T06:55:19.550+0000] {dag.py:3036} INFO - Sync 1 DAGs
[2026-03-28T06:55:19.577+0000] {logging_mixin.py:188} INFO - [2026-03-28T06:55:19.577+0000] {dag.py:3823} INFO - Setting next_dagrun for weekly_summary_pipeline to 2026-03-23 06:00:00+00:00, run_after=2026-03-30 06:00:00+00:00
[2026-03-28T06:55:19.600+0000] {processor.py:183} INFO - Processing /opt/airflow/dags/weekly_summary_pipeline.py took 0.121 seconds
[2026-03-28T06:55:51.016+0000] {processor.py:161} INFO - Started process (PID=9701) to work on /opt/airflow/dags/weekly_summary_pipeline.py
[2026-03-28T06:55:51.017+0000] {processor.py:830} INFO - Processing file /opt/airflow/dags/weekly_summary_pipeline.py for tasks to queue
[2026-03-28T06:55:51.018+0000] {logging_mixin.py:188} INFO - [2026-03-28T06:55:51.018+0000] {dagbag.py:538} INFO - Filling up the DagBag from /opt/airflow/dags/weekly_summary_pipeline.py
[2026-03-28T06:55:51.035+0000] {processor.py:840} INFO - DAG(s) 'weekly_summary_pipeline' retrieved from /opt/airflow/dags/weekly_summary_pipeline.py
[2026-03-28T06:55:51.063+0000] {logging_mixin.py:188} INFO - [2026-03-28T06:55:51.063+0000] {dag.py:3036} INFO - Sync 1 DAGs
[2026-03-28T06:55:51.085+0000] {logging_mixin.py:188} INFO - [2026-03-28T06:55:51.085+0000] {dag.py:3823} INFO - Setting next_dagrun for weekly_summary_pipeline to 2026-03-23 06:00:00+00:00, run_after=2026-03-30 06:00:00+00:00
[2026-03-28T06:55:51.106+0000] {processor.py:183} INFO - Processing /opt/airflow/dags/weekly_summary_pipeline.py took 0.093 seconds
[2026-03-28T06:56:21.693+0000] {processor.py:161} INFO - Started process (PID=9724) to work on /opt/airflow/dags/weekly_summary_pipeline.py
[2026-03-28T06:56:21.695+0000] {processor.py:830} INFO - Processing file /opt/airflow/dags/weekly_summary_pipeline.py for tasks to queue
[2026-03-28T06:56:21.700+0000] {logging_mixin.py:188} INFO - [2026-03-28T06:56:21.697+0000] {dagbag.py:538} INFO - Filling up the DagBag from /opt/airflow/dags/weekly_summary_pipeline.py
[2026-03-28T06:56:21.732+0000] {processor.py:840} INFO - DAG(s) 'weekly_summary_pipeline' retrieved from /opt/airflow/dags/weekly_summary_pipeline.py
[2026-03-28T06:56:21.765+0000] {logging_mixin.py:188} INFO - [2026-03-28T06:56:21.765+0000] {dag.py:3036} INFO - Sync 1 DAGs
[2026-03-28T06:56:21.797+0000] {logging_mixin.py:188} INFO - [2026-03-28T06:56:21.796+0000] {dag.py:3823} INFO - Setting next_dagrun for weekly_summary_pipeline to 2026-03-23 06:00:00+00:00, run_after=2026-03-30 06:00:00+00:00
[2026-03-28T06:56:21.817+0000] {processor.py:183} INFO - Processing /opt/airflow/dags/weekly_summary_pipeline.py took 0.130 seconds
[2026-03-28T06:56:53.285+0000] {processor.py:161} INFO - Started process (PID=9747) to work on /opt/airflow/dags/weekly_summary_pipeline.py
[2026-03-28T06:56:53.286+0000] {processor.py:830} INFO - Processing file /opt/airflow/dags/weekly_summary_pipeline.py for tasks to queue
[2026-03-28T06:56:53.287+0000] {logging_mixin.py:188} INFO - [2026-03-28T06:56:53.287+0000] {dagbag.py:538} INFO - Filling up the DagBag from /opt/airflow/dags/weekly_summary_pipeline.py
[2026-03-28T06:56:53.314+0000] {processor.py:840} INFO - DAG(s) 'weekly_summary_pipeline' retrieved from /opt/airflow/dags/weekly_summary_pipeline.py
[2026-03-28T06:56:53.349+0000] {logging_mixin.py:188} INFO - [2026-03-28T06:56:53.349+0000] {dag.py:3036} INFO - Sync 1 DAGs
[2026-03-28T06:56:53.376+0000] {logging_mixin.py:188} INFO - [2026-03-28T06:56:53.376+0000] {dag.py:3823} INFO - Setting next_dagrun for weekly_summary_pipeline to 2026-03-23 06:00:00+00:00, run_after=2026-03-30 06:00:00+00:00
[2026-03-28T06:56:53.397+0000] {processor.py:183} INFO - Processing /opt/airflow/dags/weekly_summary_pipeline.py took 0.115 seconds
[2026-03-28T06:57:23.901+0000] {processor.py:161} INFO - Started process (PID=9770) to work on /opt/airflow/dags/weekly_summary_pipeline.py
[2026-03-28T06:57:23.902+0000] {processor.py:830} INFO - Processing file /opt/airflow/dags/weekly_summary_pipeline.py for tasks to queue
[2026-03-28T06:57:23.903+0000] {logging_mixin.py:188} INFO - [2026-03-28T06:57:23.903+0000] {dagbag.py:538} INFO - Filling up the DagBag from /opt/airflow/dags/weekly_summary_pipeline.py
[2026-03-28T06:57:23.927+0000] {processor.py:840} INFO - DAG(s) 'weekly_summary_pipeline' retrieved from /opt/airflow/dags/weekly_summary_pipeline.py
[2026-03-28T06:57:23.965+0000] {logging_mixin.py:188} INFO - [2026-03-28T06:57:23.965+0000] {dag.py:3036} INFO - Sync 1 DAGs
[2026-03-28T06:57:23.997+0000] {logging_mixin.py:188} INFO - [2026-03-28T06:57:23.997+0000] {dag.py:3823} INFO - Setting next_dagrun for weekly_summary_pipeline to 2026-03-23 06:00:00+00:00, run_after=2026-03-30 06:00:00+00:00
[2026-03-28T06:57:24.018+0000] {processor.py:183} INFO - Processing /opt/airflow/dags/weekly_summary_pipeline.py took 0.120 seconds
[2026-03-28T06:57:54.822+0000] {processor.py:161} INFO - Started process (PID=9793) to work on /opt/airflow/dags/weekly_summary_pipeline.py
[2026-03-28T06:57:54.823+0000] {processor.py:830} INFO - Processing file /opt/airflow/dags/weekly_summary_pipeline.py for tasks to queue
[2026-03-28T06:57:54.824+0000] {logging_mixin.py:188} INFO - [2026-03-28T06:57:54.823+0000] {dagbag.py:538} INFO - Filling up the DagBag from /opt/airflow/dags/weekly_summary_pipeline.py
[2026-03-28T06:57:54.852+0000] {processor.py:840} INFO - DAG(s) 'weekly_summary_pipeline' retrieved from /opt/airflow/dags/weekly_summary_pipeline.py
[2026-03-28T06:57:54.890+0000] {logging_mixin.py:188} INFO - [2026-03-28T06:57:54.890+0000] {dag.py:3036} INFO - Sync 1 DAGs
[2026-03-28T06:57:54.917+0000] {logging_mixin.py:188} INFO - [2026-03-28T06:57:54.917+0000] {dag.py:3823} INFO - Setting next_dagrun for weekly_summary_pipeline to 2026-03-23 06:00:00+00:00, run_after=2026-03-30 06:00:00+00:00
[2026-03-28T06:57:54.940+0000] {processor.py:183} INFO - Processing /opt/airflow/dags/weekly_summary_pipeline.py took 0.121 seconds
[2026-03-28T06:58:25.410+0000] {processor.py:161} INFO - Started process (PID=9816) to work on /opt/airflow/dags/weekly_summary_pipeline.py
[2026-03-28T06:58:25.411+0000] {processor.py:830} INFO - Processing file /opt/airflow/dags/weekly_summary_pipeline.py for tasks to queue
[2026-03-28T06:58:25.412+0000] {logging_mixin.py:188} INFO - [2026-03-28T06:58:25.412+0000] {dagbag.py:538} INFO - Filling up the DagBag from /opt/airflow/dags/weekly_summary_pipeline.py
[2026-03-28T06:58:25.440+0000] {processor.py:840} INFO - DAG(s) 'weekly_summary_pipeline' retrieved from /opt/airflow/dags/weekly_summary_pipeline.py
[2026-03-28T06:58:25.474+0000] {logging_mixin.py:188} INFO - [2026-03-28T06:58:25.473+0000] {dag.py:3036} INFO - Sync 1 DAGs
[2026-03-28T06:58:25.499+0000] {logging_mixin.py:188} INFO - [2026-03-28T06:58:25.498+0000] {dag.py:3823} INFO - Setting next_dagrun for weekly_summary_pipeline to 2026-03-23 06:00:00+00:00, run_after=2026-03-30 06:00:00+00:00
[2026-03-28T06:58:25.519+0000] {processor.py:183} INFO - Processing /opt/airflow/dags/weekly_summary_pipeline.py took 0.112 seconds
[2026-03-28T06:58:55.572+0000] {processor.py:161} INFO - Started process (PID=9839) to work on /opt/airflow/dags/weekly_summary_pipeline.py
[2026-03-28T06:58:55.574+0000] {processor.py:830} INFO - Processing file /opt/airflow/dags/weekly_summary_pipeline.py for tasks to queue
[2026-03-28T06:58:55.575+0000] {logging_mixin.py:188} INFO - [2026-03-28T06:58:55.574+0000] {dagbag.py:538} INFO - Filling up the DagBag from /opt/airflow/dags/weekly_summary_pipeline.py
[2026-03-28T06:58:55.606+0000] {processor.py:840} INFO - DAG(s) 'weekly_summary_pipeline' retrieved from /opt/airflow/dags/weekly_summary_pipeline.py
[2026-03-28T06:58:55.644+0000] {logging_mixin.py:188} INFO - [2026-03-28T06:58:55.644+0000] {dag.py:3036} INFO - Sync 1 DAGs
[2026-03-28T06:58:55.672+0000] {logging_mixin.py:188} INFO - [2026-03-28T06:58:55.671+0000] {dag.py:3823} INFO - Setting next_dagrun for weekly_summary_pipeline to 2026-03-23 06:00:00+00:00, run_after=2026-03-30 06:00:00+00:00
[2026-03-28T06:58:55.710+0000] {processor.py:183} INFO - Processing /opt/airflow/dags/weekly_summary_pipeline.py took 0.141 seconds
[2026-03-28T06:59:26.453+0000] {processor.py:161} INFO - Started process (PID=9862) to work on /opt/airflow/dags/weekly_summary_pipeline.py
[2026-03-28T06:59:26.455+0000] {processor.py:830} INFO - Processing file /opt/airflow/dags/weekly_summary_pipeline.py for tasks to queue
[2026-03-28T06:59:26.456+0000] {logging_mixin.py:188} INFO - [2026-03-28T06:59:26.456+0000] {dagbag.py:538} INFO - Filling up the DagBag from /opt/airflow/dags/weekly_summary_pipeline.py
[2026-03-28T06:59:26.486+0000] {processor.py:840} INFO - DAG(s) 'weekly_summary_pipeline' retrieved from /opt/airflow/dags/weekly_summary_pipeline.py
[2026-03-28T06:59:26.514+0000] {logging_mixin.py:188} INFO - [2026-03-28T06:59:26.514+0000] {dag.py:3036} INFO - Sync 1 DAGs
[2026-03-28T06:59:26.539+0000] {logging_mixin.py:188} INFO - [2026-03-28T06:59:26.539+0000] {dag.py:3823} INFO - Setting next_dagrun for weekly_summary_pipeline to 2026-03-23 06:00:00+00:00, run_after=2026-03-30 06:00:00+00:00
[2026-03-28T06:59:26.560+0000] {processor.py:183} INFO - Processing /opt/airflow/dags/weekly_summary_pipeline.py took 0.110 seconds
[2026-03-28T06:59:57.106+0000] {processor.py:161} INFO - Started process (PID=9885) to work on /opt/airflow/dags/weekly_summary_pipeline.py
[2026-03-28T06:59:57.108+0000] {processor.py:830} INFO - Processing file /opt/airflow/dags/weekly_summary_pipeline.py for tasks to queue
[2026-03-28T06:59:57.109+0000] {logging_mixin.py:188} INFO - [2026-03-28T06:59:57.108+0000] {dagbag.py:538} INFO - Filling up the DagBag from /opt/airflow/dags/weekly_summary_pipeline.py
[2026-03-28T06:59:57.135+0000] {processor.py:840} INFO - DAG(s) 'weekly_summary_pipeline' retrieved from /opt/airflow/dags/weekly_summary_pipeline.py
[2026-03-28T06:59:57.163+0000] {logging_mixin.py:188} INFO - [2026-03-28T06:59:57.162+0000] {dag.py:3036} INFO - Sync 1 DAGs
[2026-03-28T06:59:57.184+0000] {logging_mixin.py:188} INFO - [2026-03-28T06:59:57.183+0000] {dag.py:3823} INFO - Setting next_dagrun for weekly_summary_pipeline to 2026-03-23 06:00:00+00:00, run_after=2026-03-30 06:00:00+00:00
[2026-03-28T06:59:57.207+0000] {processor.py:183} INFO - Processing /opt/airflow/dags/weekly_summary_pipeline.py took 0.104 seconds
[2026-03-28T07:00:27.626+0000] {processor.py:161} INFO - Started process (PID=9900) to work on /opt/airflow/dags/weekly_summary_pipeline.py
[2026-03-28T07:00:27.628+0000] {processor.py:830} INFO - Processing file /opt/airflow/dags/weekly_summary_pipeline.py for tasks to queue
[2026-03-28T07:00:27.629+0000] {logging_mixin.py:188} INFO - [2026-03-28T07:00:27.629+0000] {dagbag.py:538} INFO - Filling up the DagBag from /opt/airflow/dags/weekly_summary_pipeline.py
[2026-03-28T07:00:27.654+0000] {processor.py:840} INFO - DAG(s) 'weekly_summary_pipeline' retrieved from /opt/airflow/dags/weekly_summary_pipeline.py
[2026-03-28T07:00:27.685+0000] {logging_mixin.py:188} INFO - [2026-03-28T07:00:27.684+0000] {dag.py:3036} INFO - Sync 1 DAGs
[2026-03-28T07:00:27.710+0000] {logging_mixin.py:188} INFO - [2026-03-28T07:00:27.709+0000] {dag.py:3823} INFO - Setting next_dagrun for weekly_summary_pipeline to 2026-03-23 06:00:00+00:00, run_after=2026-03-30 06:00:00+00:00
[2026-03-28T07:00:27.735+0000] {processor.py:183} INFO - Processing /opt/airflow/dags/weekly_summary_pipeline.py took 0.112 seconds
[2026-03-28T07:00:58.236+0000] {processor.py:161} INFO - Started process (PID=9923) to work on /opt/airflow/dags/weekly_summary_pipeline.py
[2026-03-28T07:00:58.237+0000] {processor.py:830} INFO - Processing file /opt/airflow/dags/weekly_summary_pipeline.py for tasks to queue
[2026-03-28T07:00:58.238+0000] {logging_mixin.py:188} INFO - [2026-03-28T07:00:58.238+0000] {dagbag.py:538} INFO - Filling up the DagBag from /opt/airflow/dags/weekly_summary_pipeline.py
[2026-03-28T07:00:58.265+0000] {processor.py:840} INFO - DAG(s) 'weekly_summary_pipeline' retrieved from /opt/airflow/dags/weekly_summary_pipeline.py
[2026-03-28T07:00:58.305+0000] {logging_mixin.py:188} INFO - [2026-03-28T07:00:58.305+0000] {dag.py:3036} INFO - Sync 1 DAGs
[2026-03-28T07:00:58.336+0000] {logging_mixin.py:188} INFO - [2026-03-28T07:00:58.335+0000] {dag.py:3823} INFO - Setting next_dagrun for weekly_summary_pipeline to 2026-03-23 06:00:00+00:00, run_after=2026-03-30 06:00:00+00:00
[2026-03-28T07:00:58.359+0000] {processor.py:183} INFO - Processing /opt/airflow/dags/weekly_summary_pipeline.py took 0.127 seconds
[2026-03-28T07:01:28.951+0000] {processor.py:161} INFO - Started process (PID=9946) to work on /opt/airflow/dags/weekly_summary_pipeline.py
[2026-03-28T07:01:28.952+0000] {processor.py:830} INFO - Processing file /opt/airflow/dags/weekly_summary_pipeline.py for tasks to queue
[2026-03-28T07:01:28.953+0000] {logging_mixin.py:188} INFO - [2026-03-28T07:01:28.953+0000] {dagbag.py:538} INFO - Filling up the DagBag from /opt/airflow/dags/weekly_summary_pipeline.py
[2026-03-28T07:01:28.970+0000] {processor.py:840} INFO - DAG(s) 'weekly_summary_pipeline' retrieved from /opt/airflow/dags/weekly_summary_pipeline.py
[2026-03-28T07:01:29.009+0000] {logging_mixin.py:188} INFO - [2026-03-28T07:01:29.008+0000] {dag.py:3036} INFO - Sync 1 DAGs
[2026-03-28T07:01:29.035+0000] {logging_mixin.py:188} INFO - [2026-03-28T07:01:29.035+0000] {dag.py:3823} INFO - Setting next_dagrun for weekly_summary_pipeline to 2026-03-23 06:00:00+00:00, run_after=2026-03-30 06:00:00+00:00
[2026-03-28T07:01:29.058+0000] {processor.py:183} INFO - Processing /opt/airflow/dags/weekly_summary_pipeline.py took 0.111 seconds
[2026-03-28T07:01:59.556+0000] {processor.py:161} INFO - Started process (PID=9969) to work on /opt/airflow/dags/weekly_summary_pipeline.py
[2026-03-28T07:01:59.558+0000] {processor.py:830} INFO - Processing file /opt/airflow/dags/weekly_summary_pipeline.py for tasks to queue
[2026-03-28T07:01:59.559+0000] {logging_mixin.py:188} INFO - [2026-03-28T07:01:59.559+0000] {dagbag.py:538} INFO - Filling up the DagBag from /opt/airflow/dags/weekly_summary_pipeline.py
[2026-03-28T07:01:59.587+0000] {processor.py:840} INFO - DAG(s) 'weekly_summary_pipeline' retrieved from /opt/airflow/dags/weekly_summary_pipeline.py
[2026-03-28T07:01:59.629+0000] {logging_mixin.py:188} INFO - [2026-03-28T07:01:59.629+0000] {dag.py:3036} INFO - Sync 1 DAGs
[2026-03-28T07:01:59.667+0000] {logging_mixin.py:188} INFO - [2026-03-28T07:01:59.667+0000] {dag.py:3823} INFO - Setting next_dagrun for weekly_summary_pipeline to 2026-03-23 06:00:00+00:00, run_after=2026-03-30 06:00:00+00:00
[2026-03-28T07:01:59.690+0000] {processor.py:183} INFO - Processing /opt/airflow/dags/weekly_summary_pipeline.py took 0.139 seconds
[2026-03-28T07:02:30.174+0000] {processor.py:161} INFO - Started process (PID=9992) to work on /opt/airflow/dags/weekly_summary_pipeline.py
[2026-03-28T07:02:30.175+0000] {processor.py:830} INFO - Processing file /opt/airflow/dags/weekly_summary_pipeline.py for tasks to queue
[2026-03-28T07:02:30.176+0000] {logging_mixin.py:188} INFO - [2026-03-28T07:02:30.176+0000] {dagbag.py:538} INFO - Filling up the DagBag from /opt/airflow/dags/weekly_summary_pipeline.py
[2026-03-28T07:02:30.205+0000] {processor.py:840} INFO - DAG(s) 'weekly_summary_pipeline' retrieved from /opt/airflow/dags/weekly_summary_pipeline.py
[2026-03-28T07:02:30.238+0000] {logging_mixin.py:188} INFO - [2026-03-28T07:02:30.237+0000] {dag.py:3036} INFO - Sync 1 DAGs
[2026-03-28T07:02:30.262+0000] {logging_mixin.py:188} INFO - [2026-03-28T07:02:30.262+0000] {dag.py:3823} INFO - Setting next_dagrun for weekly_summary_pipeline to 2026-03-23 06:00:00+00:00, run_after=2026-03-30 06:00:00+00:00
[2026-03-28T07:02:30.286+0000] {processor.py:183} INFO - Processing /opt/airflow/dags/weekly_summary_pipeline.py took 0.115 seconds
[2026-03-28T07:03:00.791+0000] {processor.py:161} INFO - Started process (PID=10015) to work on /opt/airflow/dags/weekly_summary_pipeline.py
[2026-03-28T07:03:00.792+0000] {processor.py:830} INFO - Processing file /opt/airflow/dags/weekly_summary_pipeline.py for tasks to queue
[2026-03-28T07:03:00.794+0000] {logging_mixin.py:188} INFO - [2026-03-28T07:03:00.794+0000] {dagbag.py:538} INFO - Filling up the DagBag from /opt/airflow/dags/weekly_summary_pipeline.py
[2026-03-28T07:03:00.823+0000] {processor.py:840} INFO - DAG(s) 'weekly_summary_pipeline' retrieved from /opt/airflow/dags/weekly_summary_pipeline.py
[2026-03-28T07:03:00.852+0000] {logging_mixin.py:188} INFO - [2026-03-28T07:03:00.852+0000] {dag.py:3036} INFO - Sync 1 DAGs
[2026-03-28T07:03:00.876+0000] {logging_mixin.py:188} INFO - [2026-03-28T07:03:00.876+0000] {dag.py:3823} INFO - Setting next_dagrun for weekly_summary_pipeline to 2026-03-23 06:00:00+00:00, run_after=2026-03-30 06:00:00+00:00
[2026-03-28T07:03:00.898+0000] {processor.py:183} INFO - Processing /opt/airflow/dags/weekly_summary_pipeline.py took 0.109 seconds
[2026-03-28T07:03:31.410+0000] {processor.py:161} INFO - Started process (PID=10038) to work on /opt/airflow/dags/weekly_summary_pipeline.py
[2026-03-28T07:03:31.411+0000] {processor.py:830} INFO - Processing file /opt/airflow/dags/weekly_summary_pipeline.py for tasks to queue
[2026-03-28T07:03:31.412+0000] {logging_mixin.py:188} INFO - [2026-03-28T07:03:31.412+0000] {dagbag.py:538} INFO - Filling up the DagBag from /opt/airflow/dags/weekly_summary_pipeline.py
[2026-03-28T07:03:31.438+0000] {processor.py:840} INFO - DAG(s) 'weekly_summary_pipeline' retrieved from /opt/airflow/dags/weekly_summary_pipeline.py
[2026-03-28T07:03:31.467+0000] {logging_mixin.py:188} INFO - [2026-03-28T07:03:31.466+0000] {dag.py:3036} INFO - Sync 1 DAGs
[2026-03-28T07:03:31.490+0000] {logging_mixin.py:188} INFO - [2026-03-28T07:03:31.490+0000] {dag.py:3823} INFO - Setting next_dagrun for weekly_summary_pipeline to 2026-03-23 06:00:00+00:00, run_after=2026-03-30 06:00:00+00:00
[2026-03-28T07:03:31.517+0000] {processor.py:183} INFO - Processing /opt/airflow/dags/weekly_summary_pipeline.py took 0.110 seconds
[2026-03-28T07:04:02.045+0000] {processor.py:161} INFO - Started process (PID=10061) to work on /opt/airflow/dags/weekly_summary_pipeline.py
[2026-03-28T07:04:02.046+0000] {processor.py:830} INFO - Processing file /opt/airflow/dags/weekly_summary_pipeline.py for tasks to queue
[2026-03-28T07:04:02.047+0000] {logging_mixin.py:188} INFO - [2026-03-28T07:04:02.047+0000] {dagbag.py:538} INFO - Filling up the DagBag from /opt/airflow/dags/weekly_summary_pipeline.py
[2026-03-28T07:04:02.070+0000] {processor.py:840} INFO - DAG(s) 'weekly_summary_pipeline' retrieved from /opt/airflow/dags/weekly_summary_pipeline.py
[2026-03-28T07:04:02.100+0000] {logging_mixin.py:188} INFO - [2026-03-28T07:04:02.100+0000] {dag.py:3036} INFO - Sync 1 DAGs
[2026-03-28T07:04:02.127+0000] {logging_mixin.py:188} INFO - [2026-03-28T07:04:02.126+0000] {dag.py:3823} INFO - Setting next_dagrun for weekly_summary_pipeline to 2026-03-23 06:00:00+00:00, run_after=2026-03-30 06:00:00+00:00
[2026-03-28T07:04:02.151+0000] {processor.py:183} INFO - Processing /opt/airflow/dags/weekly_summary_pipeline.py took 0.108 seconds
[2026-03-28T07:04:32.571+0000] {processor.py:161} INFO - Started process (PID=10084) to work on /opt/airflow/dags/weekly_summary_pipeline.py
[2026-03-28T07:04:32.573+0000] {processor.py:830} INFO - Processing file /opt/airflow/dags/weekly_summary_pipeline.py for tasks to queue
[2026-03-28T07:04:32.574+0000] {logging_mixin.py:188} INFO - [2026-03-28T07:04:32.573+0000] {dagbag.py:538} INFO - Filling up the DagBag from /opt/airflow/dags/weekly_summary_pipeline.py
[2026-03-28T07:04:32.600+0000] {processor.py:840} INFO - DAG(s) 'weekly_summary_pipeline' retrieved from /opt/airflow/dags/weekly_summary_pipeline.py
[2026-03-28T07:04:32.625+0000] {logging_mixin.py:188} INFO - [2026-03-28T07:04:32.625+0000] {dag.py:3036} INFO - Sync 1 DAGs
[2026-03-28T07:04:32.647+0000] {logging_mixin.py:188} INFO - [2026-03-28T07:04:32.646+0000] {dag.py:3823} INFO - Setting next_dagrun for weekly_summary_pipeline to 2026-03-23 06:00:00+00:00, run_after=2026-03-30 06:00:00+00:00
[2026-03-28T07:04:32.676+0000] {processor.py:183} INFO - Processing /opt/airflow/dags/weekly_summary_pipeline.py took 0.107 seconds
[2026-03-28T07:05:03.249+0000] {processor.py:161} INFO - Started process (PID=10107) to work on /opt/airflow/dags/weekly_summary_pipeline.py
[2026-03-28T07:05:03.250+0000] {processor.py:830} INFO - Processing file /opt/airflow/dags/weekly_summary_pipeline.py for tasks to queue
[2026-03-28T07:05:03.251+0000] {logging_mixin.py:188} INFO - [2026-03-28T07:05:03.251+0000] {dagbag.py:538} INFO - Filling up the DagBag from /opt/airflow/dags/weekly_summary_pipeline.py
[2026-03-28T07:05:03.272+0000] {processor.py:840} INFO - DAG(s) 'weekly_summary_pipeline' retrieved from /opt/airflow/dags/weekly_summary_pipeline.py
[2026-03-28T07:05:03.301+0000] {logging_mixin.py:188} INFO - [2026-03-28T07:05:03.300+0000] {dag.py:3036} INFO - Sync 1 DAGs
[2026-03-28T07:05:03.326+0000] {logging_mixin.py:188} INFO - [2026-03-28T07:05:03.325+0000] {dag.py:3823} INFO - Setting next_dagrun for weekly_summary_pipeline to 2026-03-23 06:00:00+00:00, run_after=2026-03-30 06:00:00+00:00
[2026-03-28T07:05:03.348+0000] {processor.py:183} INFO - Processing /opt/airflow/dags/weekly_summary_pipeline.py took 0.103 seconds
[2026-03-28T07:05:33.795+0000] {processor.py:161} INFO - Started process (PID=10130) to work on /opt/airflow/dags/weekly_summary_pipeline.py
[2026-03-28T07:05:33.797+0000] {processor.py:830} INFO - Processing file /opt/airflow/dags/weekly_summary_pipeline.py for tasks to queue
[2026-03-28T07:05:33.799+0000] {logging_mixin.py:188} INFO - [2026-03-28T07:05:33.799+0000] {dagbag.py:538} INFO - Filling up the DagBag from /opt/airflow/dags/weekly_summary_pipeline.py
[2026-03-28T07:05:33.844+0000] {processor.py:840} INFO - DAG(s) 'weekly_summary_pipeline' retrieved from /opt/airflow/dags/weekly_summary_pipeline.py
[2026-03-28T07:05:33.904+0000] {logging_mixin.py:188} INFO - [2026-03-28T07:05:33.904+0000] {dag.py:3036} INFO - Sync 1 DAGs
[2026-03-28T07:05:34.035+0000] {logging_mixin.py:188} INFO - [2026-03-28T07:05:34.034+0000] {dag.py:3823} INFO - Setting next_dagrun for weekly_summary_pipeline to 2026-03-23 06:00:00+00:00, run_after=2026-03-30 06:00:00+00:00
[2026-03-28T07:05:34.118+0000] {processor.py:183} INFO - Processing /opt/airflow/dags/weekly_summary_pipeline.py took 0.330 seconds
[2026-03-28T07:06:04.667+0000] {processor.py:161} INFO - Started process (PID=10145) to work on /opt/airflow/dags/weekly_summary_pipeline.py
[2026-03-28T07:06:04.668+0000] {processor.py:830} INFO - Processing file /opt/airflow/dags/weekly_summary_pipeline.py for tasks to queue
[2026-03-28T07:06:04.669+0000] {logging_mixin.py:188} INFO - [2026-03-28T07:06:04.669+0000] {dagbag.py:538} INFO - Filling up the DagBag from /opt/airflow/dags/weekly_summary_pipeline.py
[2026-03-28T07:06:04.690+0000] {processor.py:840} INFO - DAG(s) 'weekly_summary_pipeline' retrieved from /opt/airflow/dags/weekly_summary_pipeline.py
[2026-03-28T07:06:04.719+0000] {logging_mixin.py:188} INFO - [2026-03-28T07:06:04.719+0000] {dag.py:3036} INFO - Sync 1 DAGs
[2026-03-28T07:06:04.742+0000] {logging_mixin.py:188} INFO - [2026-03-28T07:06:04.742+0000] {dag.py:3823} INFO - Setting next_dagrun for weekly_summary_pipeline to 2026-03-23 06:00:00+00:00, run_after=2026-03-30 06:00:00+00:00
[2026-03-28T07:06:04.762+0000] {processor.py:183} INFO - Processing /opt/airflow/dags/weekly_summary_pipeline.py took 0.099 seconds
[2026-03-28T07:06:35.315+0000] {processor.py:161} INFO - Started process (PID=10168) to work on /opt/airflow/dags/weekly_summary_pipeline.py
[2026-03-28T07:06:35.316+0000] {processor.py:830} INFO - Processing file /opt/airflow/dags/weekly_summary_pipeline.py for tasks to queue
[2026-03-28T07:06:35.317+0000] {logging_mixin.py:188} INFO - [2026-03-28T07:06:35.317+0000] {dagbag.py:538} INFO - Filling up the DagBag from /opt/airflow/dags/weekly_summary_pipeline.py
[2026-03-28T07:06:35.335+0000] {processor.py:840} INFO - DAG(s) 'weekly_summary_pipeline' retrieved from /opt/airflow/dags/weekly_summary_pipeline.py
[2026-03-28T07:06:35.362+0000] {logging_mixin.py:188} INFO - [2026-03-28T07:06:35.362+0000] {dag.py:3036} INFO - Sync 1 DAGs
[2026-03-28T07:06:35.388+0000] {logging_mixin.py:188} INFO - [2026-03-28T07:06:35.387+0000] {dag.py:3823} INFO - Setting next_dagrun for weekly_summary_pipeline to 2026-03-23 06:00:00+00:00, run_after=2026-03-30 06:00:00+00:00
[2026-03-28T07:06:35.410+0000] {processor.py:183} INFO - Processing /opt/airflow/dags/weekly_summary_pipeline.py took 0.098 seconds
[2026-03-28T07:07:05.884+0000] {processor.py:161} INFO - Started process (PID=10191) to work on /opt/airflow/dags/weekly_summary_pipeline.py
[2026-03-28T07:07:05.885+0000] {processor.py:830} INFO - Processing file /opt/airflow/dags/weekly_summary_pipeline.py for tasks to queue
[2026-03-28T07:07:05.886+0000] {logging_mixin.py:188} INFO - [2026-03-28T07:07:05.886+0000] {dagbag.py:538} INFO - Filling up the DagBag from /opt/airflow/dags/weekly_summary_pipeline.py
[2026-03-28T07:07:05.910+0000] {processor.py:840} INFO - DAG(s) 'weekly_summary_pipeline' retrieved from /opt/airflow/dags/weekly_summary_pipeline.py
[2026-03-28T07:07:05.941+0000] {logging_mixin.py:188} INFO - [2026-03-28T07:07:05.941+0000] {dag.py:3036} INFO - Sync 1 DAGs
[2026-03-28T07:07:05.964+0000] {logging_mixin.py:188} INFO - [2026-03-28T07:07:05.964+0000] {dag.py:3823} INFO - Setting next_dagrun for weekly_summary_pipeline to 2026-03-23 06:00:00+00:00, run_after=2026-03-30 06:00:00+00:00
[2026-03-28T07:07:05.986+0000] {processor.py:183} INFO - Processing /opt/airflow/dags/weekly_summary_pipeline.py took 0.105 seconds
[2026-03-28T07:07:36.496+0000] {processor.py:161} INFO - Started process (PID=10214) to work on /opt/airflow/dags/weekly_summary_pipeline.py
[2026-03-28T07:07:36.497+0000] {processor.py:830} INFO - Processing file /opt/airflow/dags/weekly_summary_pipeline.py for tasks to queue
[2026-03-28T07:07:36.498+0000] {logging_mixin.py:188} INFO - [2026-03-28T07:07:36.498+0000] {dagbag.py:538} INFO - Filling up the DagBag from /opt/airflow/dags/weekly_summary_pipeline.py
[2026-03-28T07:07:36.524+0000] {processor.py:840} INFO - DAG(s) 'weekly_summary_pipeline' retrieved from /opt/airflow/dags/weekly_summary_pipeline.py
[2026-03-28T07:07:36.557+0000] {logging_mixin.py:188} INFO - [2026-03-28T07:07:36.557+0000] {dag.py:3036} INFO - Sync 1 DAGs
[2026-03-28T07:07:36.581+0000] {logging_mixin.py:188} INFO - [2026-03-28T07:07:36.580+0000] {dag.py:3823} INFO - Setting next_dagrun for weekly_summary_pipeline to 2026-03-23 06:00:00+00:00, run_after=2026-03-30 06:00:00+00:00
[2026-03-28T07:07:36.602+0000] {processor.py:183} INFO - Processing /opt/airflow/dags/weekly_summary_pipeline.py took 0.109 seconds
[2026-03-28T07:08:07.151+0000] {processor.py:161} INFO - Started process (PID=10237) to work on /opt/airflow/dags/weekly_summary_pipeline.py
[2026-03-28T07:08:07.153+0000] {processor.py:830} INFO - Processing file /opt/airflow/dags/weekly_summary_pipeline.py for tasks to queue
[2026-03-28T07:08:07.153+0000] {logging_mixin.py:188} INFO - [2026-03-28T07:08:07.153+0000] {dagbag.py:538} INFO - Filling up the DagBag from /opt/airflow/dags/weekly_summary_pipeline.py
[2026-03-28T07:08:07.171+0000] {processor.py:840} INFO - DAG(s) 'weekly_summary_pipeline' retrieved from /opt/airflow/dags/weekly_summary_pipeline.py
[2026-03-28T07:08:07.198+0000] {logging_mixin.py:188} INFO - [2026-03-28T07:08:07.198+0000] {dag.py:3036} INFO - Sync 1 DAGs
[2026-03-28T07:08:07.220+0000] {logging_mixin.py:188} INFO - [2026-03-28T07:08:07.220+0000] {dag.py:3823} INFO - Setting next_dagrun for weekly_summary_pipeline to 2026-03-23 06:00:00+00:00, run_after=2026-03-30 06:00:00+00:00
[2026-03-28T07:08:07.240+0000] {processor.py:183} INFO - Processing /opt/airflow/dags/weekly_summary_pipeline.py took 0.091 seconds
[2026-03-28T07:08:37.703+0000] {processor.py:161} INFO - Started process (PID=10259) to work on /opt/airflow/dags/weekly_summary_pipeline.py
[2026-03-28T07:08:37.705+0000] {processor.py:830} INFO - Processing file /opt/airflow/dags/weekly_summary_pipeline.py for tasks to queue
[2026-03-28T07:08:37.707+0000] {logging_mixin.py:188} INFO - [2026-03-28T07:08:37.706+0000] {dagbag.py:538} INFO - Filling up the DagBag from /opt/airflow/dags/weekly_summary_pipeline.py
[2026-03-28T07:08:37.730+0000] {processor.py:840} INFO - DAG(s) 'weekly_summary_pipeline' retrieved from /opt/airflow/dags/weekly_summary_pipeline.py
[2026-03-28T07:08:37.757+0000] {logging_mixin.py:188} INFO - [2026-03-28T07:08:37.757+0000] {dag.py:3036} INFO - Sync 1 DAGs
[2026-03-28T07:08:37.778+0000] {logging_mixin.py:188} INFO - [2026-03-28T07:08:37.778+0000] {dag.py:3823} INFO - Setting next_dagrun for weekly_summary_pipeline to 2026-03-23 06:00:00+00:00, run_after=2026-03-30 06:00:00+00:00
[2026-03-28T07:08:37.800+0000] {processor.py:183} INFO - Processing /opt/airflow/dags/weekly_summary_pipeline.py took 0.100 seconds
[2026-03-28T07:09:08.345+0000] {processor.py:161} INFO - Started process (PID=10282) to work on /opt/airflow/dags/weekly_summary_pipeline.py
[2026-03-28T07:09:08.346+0000] {processor.py:830} INFO - Processing file /opt/airflow/dags/weekly_summary_pipeline.py for tasks to queue
[2026-03-28T07:09:08.347+0000] {logging_mixin.py:188} INFO - [2026-03-28T07:09:08.347+0000] {dagbag.py:538} INFO - Filling up the DagBag from /opt/airflow/dags/weekly_summary_pipeline.py
[2026-03-28T07:09:08.367+0000] {processor.py:840} INFO - DAG(s) 'weekly_summary_pipeline' retrieved from /opt/airflow/dags/weekly_summary_pipeline.py
[2026-03-28T07:09:08.394+0000] {logging_mixin.py:188} INFO - [2026-03-28T07:09:08.394+0000] {dag.py:3036} INFO - Sync 1 DAGs
[2026-03-28T07:09:08.417+0000] {logging_mixin.py:188} INFO - [2026-03-28T07:09:08.417+0000] {dag.py:3823} INFO - Setting next_dagrun for weekly_summary_pipeline to 2026-03-23 06:00:00+00:00, run_after=2026-03-30 06:00:00+00:00
[2026-03-28T07:09:08.442+0000] {processor.py:183} INFO - Processing /opt/airflow/dags/weekly_summary_pipeline.py took 0.099 seconds
[2026-03-28T07:09:38.954+0000] {processor.py:161} INFO - Started process (PID=10305) to work on /opt/airflow/dags/weekly_summary_pipeline.py
[2026-03-28T07:09:38.956+0000] {processor.py:830} INFO - Processing file /opt/airflow/dags/weekly_summary_pipeline.py for tasks to queue
[2026-03-28T07:09:38.957+0000] {logging_mixin.py:188} INFO - [2026-03-28T07:09:38.956+0000] {dagbag.py:538} INFO - Filling up the DagBag from /opt/airflow/dags/weekly_summary_pipeline.py
[2026-03-28T07:09:38.978+0000] {processor.py:840} INFO - DAG(s) 'weekly_summary_pipeline' retrieved from /opt/airflow/dags/weekly_summary_pipeline.py
[2026-03-28T07:09:39.008+0000] {logging_mixin.py:188} INFO - [2026-03-28T07:09:39.008+0000] {dag.py:3036} INFO - Sync 1 DAGs
[2026-03-28T07:09:39.034+0000] {logging_mixin.py:188} INFO - [2026-03-28T07:09:39.033+0000] {dag.py:3823} INFO - Setting next_dagrun for weekly_summary_pipeline to 2026-03-23 06:00:00+00:00, run_after=2026-03-30 06:00:00+00:00
[2026-03-28T07:09:39.057+0000] {processor.py:183} INFO - Processing /opt/airflow/dags/weekly_summary_pipeline.py took 0.106 seconds
[2026-03-28T07:10:09.566+0000] {processor.py:161} INFO - Started process (PID=10328) to work on /opt/airflow/dags/weekly_summary_pipeline.py
[2026-03-28T07:10:09.567+0000] {processor.py:830} INFO - Processing file /opt/airflow/dags/weekly_summary_pipeline.py for tasks to queue
[2026-03-28T07:10:09.568+0000] {logging_mixin.py:188} INFO - [2026-03-28T07:10:09.567+0000] {dagbag.py:538} INFO - Filling up the DagBag from /opt/airflow/dags/weekly_summary_pipeline.py
[2026-03-28T07:10:09.584+0000] {processor.py:840} INFO - DAG(s) 'weekly_summary_pipeline' retrieved from /opt/airflow/dags/weekly_summary_pipeline.py
[2026-03-28T07:10:09.612+0000] {logging_mixin.py:188} INFO - [2026-03-28T07:10:09.612+0000] {dag.py:3036} INFO - Sync 1 DAGs
[2026-03-28T07:10:09.635+0000] {logging_mixin.py:188} INFO - [2026-03-28T07:10:09.635+0000] {dag.py:3823} INFO - Setting next_dagrun for weekly_summary_pipeline to 2026-03-23 06:00:00+00:00, run_after=2026-03-30 06:00:00+00:00
[2026-03-28T07:10:09.658+0000] {processor.py:183} INFO - Processing /opt/airflow/dags/weekly_summary_pipeline.py took 0.094 seconds
[2026-03-28T07:10:40.139+0000] {processor.py:161} INFO - Started process (PID=10351) to work on /opt/airflow/dags/weekly_summary_pipeline.py
[2026-03-28T07:10:40.140+0000] {processor.py:830} INFO - Processing file /opt/airflow/dags/weekly_summary_pipeline.py for tasks to queue
[2026-03-28T07:10:40.141+0000] {logging_mixin.py:188} INFO - [2026-03-28T07:10:40.140+0000] {dagbag.py:538} INFO - Filling up the DagBag from /opt/airflow/dags/weekly_summary_pipeline.py
[2026-03-28T07:10:40.161+0000] {processor.py:840} INFO - DAG(s) 'weekly_summary_pipeline' retrieved from /opt/airflow/dags/weekly_summary_pipeline.py
[2026-03-28T07:10:40.189+0000] {logging_mixin.py:188} INFO - [2026-03-28T07:10:40.189+0000] {dag.py:3036} INFO - Sync 1 DAGs
[2026-03-28T07:10:40.217+0000] {logging_mixin.py:188} INFO - [2026-03-28T07:10:40.216+0000] {dag.py:3823} INFO - Setting next_dagrun for weekly_summary_pipeline to 2026-03-23 06:00:00+00:00, run_after=2026-03-30 06:00:00+00:00
[2026-03-28T07:10:40.241+0000] {processor.py:183} INFO - Processing /opt/airflow/dags/weekly_summary_pipeline.py took 0.105 seconds
[2026-03-28T07:11:10.851+0000] {processor.py:161} INFO - Started process (PID=10374) to work on /opt/airflow/dags/weekly_summary_pipeline.py
[2026-03-28T07:11:10.852+0000] {processor.py:830} INFO - Processing file /opt/airflow/dags/weekly_summary_pipeline.py for tasks to queue
[2026-03-28T07:11:10.853+0000] {logging_mixin.py:188} INFO - [2026-03-28T07:11:10.853+0000] {dagbag.py:538} INFO - Filling up the DagBag from /opt/airflow/dags/weekly_summary_pipeline.py
[2026-03-28T07:11:10.876+0000] {processor.py:840} INFO - DAG(s) 'weekly_summary_pipeline' retrieved from /opt/airflow/dags/weekly_summary_pipeline.py
[2026-03-28T07:11:10.905+0000] {logging_mixin.py:188} INFO - [2026-03-28T07:11:10.905+0000] {dag.py:3036} INFO - Sync 1 DAGs
[2026-03-28T07:11:10.929+0000] {logging_mixin.py:188} INFO - [2026-03-28T07:11:10.929+0000] {dag.py:3823} INFO - Setting next_dagrun for weekly_summary_pipeline to 2026-03-23 06:00:00+00:00, run_after=2026-03-30 06:00:00+00:00
[2026-03-28T07:11:10.950+0000] {processor.py:183} INFO - Processing /opt/airflow/dags/weekly_summary_pipeline.py took 0.106 seconds
[2026-03-28T07:11:41.445+0000] {processor.py:161} INFO - Started process (PID=10397) to work on /opt/airflow/dags/weekly_summary_pipeline.py
[2026-03-28T07:11:41.446+0000] {processor.py:830} INFO - Processing file /opt/airflow/dags/weekly_summary_pipeline.py for tasks to queue
[2026-03-28T07:11:41.446+0000] {logging_mixin.py:188} INFO - [2026-03-28T07:11:41.446+0000] {dagbag.py:538} INFO - Filling up the DagBag from /opt/airflow/dags/weekly_summary_pipeline.py
[2026-03-28T07:11:41.468+0000] {processor.py:840} INFO - DAG(s) 'weekly_summary_pipeline' retrieved from /opt/airflow/dags/weekly_summary_pipeline.py
[2026-03-28T07:11:41.501+0000] {logging_mixin.py:188} INFO - [2026-03-28T07:11:41.500+0000] {dag.py:3036} INFO - Sync 1 DAGs
[2026-03-28T07:11:41.523+0000] {logging_mixin.py:188} INFO - [2026-03-28T07:11:41.523+0000] {dag.py:3823} INFO - Setting next_dagrun for weekly_summary_pipeline to 2026-03-23 06:00:00+00:00, run_after=2026-03-30 06:00:00+00:00
[2026-03-28T07:11:41.546+0000] {processor.py:183} INFO - Processing /opt/airflow/dags/weekly_summary_pipeline.py took 0.105 seconds
[2026-03-28T07:12:12.072+0000] {processor.py:161} INFO - Started process (PID=10412) to work on /opt/airflow/dags/weekly_summary_pipeline.py
[2026-03-28T07:12:12.073+0000] {processor.py:830} INFO - Processing file /opt/airflow/dags/weekly_summary_pipeline.py for tasks to queue
[2026-03-28T07:12:12.074+0000] {logging_mixin.py:188} INFO - [2026-03-28T07:12:12.074+0000] {dagbag.py:538} INFO - Filling up the DagBag from /opt/airflow/dags/weekly_summary_pipeline.py
[2026-03-28T07:12:12.096+0000] {processor.py:840} INFO - DAG(s) 'weekly_summary_pipeline' retrieved from /opt/airflow/dags/weekly_summary_pipeline.py
[2026-03-28T07:12:12.130+0000] {logging_mixin.py:188} INFO - [2026-03-28T07:12:12.129+0000] {dag.py:3036} INFO - Sync 1 DAGs
[2026-03-28T07:12:12.156+0000] {logging_mixin.py:188} INFO - [2026-03-28T07:12:12.156+0000] {dag.py:3823} INFO - Setting next_dagrun for weekly_summary_pipeline to 2026-03-23 06:00:00+00:00, run_after=2026-03-30 06:00:00+00:00
[2026-03-28T07:12:12.176+0000] {processor.py:183} INFO - Processing /opt/airflow/dags/weekly_summary_pipeline.py took 0.107 seconds
[2026-03-28T07:12:42.681+0000] {processor.py:161} INFO - Started process (PID=10435) to work on /opt/airflow/dags/weekly_summary_pipeline.py
[2026-03-28T07:12:42.682+0000] {processor.py:830} INFO - Processing file /opt/airflow/dags/weekly_summary_pipeline.py for tasks to queue
[2026-03-28T07:12:42.683+0000] {logging_mixin.py:188} INFO - [2026-03-28T07:12:42.682+0000] {dagbag.py:538} INFO - Filling up the DagBag from /opt/airflow/dags/weekly_summary_pipeline.py
[2026-03-28T07:12:42.707+0000] {processor.py:840} INFO - DAG(s) 'weekly_summary_pipeline' retrieved from /opt/airflow/dags/weekly_summary_pipeline.py
[2026-03-28T07:12:42.738+0000] {logging_mixin.py:188} INFO - [2026-03-28T07:12:42.738+0000] {dag.py:3036} INFO - Sync 1 DAGs
[2026-03-28T07:12:42.764+0000] {logging_mixin.py:188} INFO - [2026-03-28T07:12:42.764+0000] {dag.py:3823} INFO - Setting next_dagrun for weekly_summary_pipeline to 2026-03-23 06:00:00+00:00, run_after=2026-03-30 06:00:00+00:00
[2026-03-28T07:12:42.785+0000] {processor.py:183} INFO - Processing /opt/airflow/dags/weekly_summary_pipeline.py took 0.107 seconds
[2026-03-28T07:13:13.330+0000] {processor.py:161} INFO - Started process (PID=10458) to work on /opt/airflow/dags/weekly_summary_pipeline.py
[2026-03-28T07:13:13.332+0000] {processor.py:830} INFO - Processing file /opt/airflow/dags/weekly_summary_pipeline.py for tasks to queue
[2026-03-28T07:13:13.333+0000] {logging_mixin.py:188} INFO - [2026-03-28T07:13:13.332+0000] {dagbag.py:538} INFO - Filling up the DagBag from /opt/airflow/dags/weekly_summary_pipeline.py
[2026-03-28T07:13:13.354+0000] {processor.py:840} INFO - DAG(s) 'weekly_summary_pipeline' retrieved from /opt/airflow/dags/weekly_summary_pipeline.py
[2026-03-28T07:13:13.384+0000] {logging_mixin.py:188} INFO - [2026-03-28T07:13:13.383+0000] {dag.py:3036} INFO - Sync 1 DAGs
[2026-03-28T07:13:13.409+0000] {logging_mixin.py:188} INFO - [2026-03-28T07:13:13.408+0000] {dag.py:3823} INFO - Setting next_dagrun for weekly_summary_pipeline to 2026-03-23 06:00:00+00:00, run_after=2026-03-30 06:00:00+00:00
[2026-03-28T07:13:13.432+0000] {processor.py:183} INFO - Processing /opt/airflow/dags/weekly_summary_pipeline.py took 0.104 seconds
[2026-03-28T07:13:43.964+0000] {processor.py:161} INFO - Started process (PID=10481) to work on /opt/airflow/dags/weekly_summary_pipeline.py
[2026-03-28T07:13:43.965+0000] {processor.py:830} INFO - Processing file /opt/airflow/dags/weekly_summary_pipeline.py for tasks to queue
[2026-03-28T07:13:43.966+0000] {logging_mixin.py:188} INFO - [2026-03-28T07:13:43.965+0000] {dagbag.py:538} INFO - Filling up the DagBag from /opt/airflow/dags/weekly_summary_pipeline.py
[2026-03-28T07:13:43.993+0000] {processor.py:840} INFO - DAG(s) 'weekly_summary_pipeline' retrieved from /opt/airflow/dags/weekly_summary_pipeline.py
[2026-03-28T07:13:44.025+0000] {logging_mixin.py:188} INFO - [2026-03-28T07:13:44.024+0000] {dag.py:3036} INFO - Sync 1 DAGs
[2026-03-28T07:13:44.048+0000] {logging_mixin.py:188} INFO - [2026-03-28T07:13:44.048+0000] {dag.py:3823} INFO - Setting next_dagrun for weekly_summary_pipeline to 2026-03-23 06:00:00+00:00, run_after=2026-03-30 06:00:00+00:00
[2026-03-28T07:13:44.070+0000] {processor.py:183} INFO - Processing /opt/airflow/dags/weekly_summary_pipeline.py took 0.110 seconds
[2026-03-28T07:14:14.582+0000] {processor.py:161} INFO - Started process (PID=10504) to work on /opt/airflow/dags/weekly_summary_pipeline.py
[2026-03-28T07:14:14.582+0000] {processor.py:830} INFO - Processing file /opt/airflow/dags/weekly_summary_pipeline.py for tasks to queue
[2026-03-28T07:14:14.583+0000] {logging_mixin.py:188} INFO - [2026-03-28T07:14:14.583+0000] {dagbag.py:538} INFO - Filling up the DagBag from /opt/airflow/dags/weekly_summary_pipeline.py
[2026-03-28T07:14:14.600+0000] {processor.py:840} INFO - DAG(s) 'weekly_summary_pipeline' retrieved from /opt/airflow/dags/weekly_summary_pipeline.py
[2026-03-28T07:14:14.628+0000] {logging_mixin.py:188} INFO - [2026-03-28T07:14:14.628+0000] {dag.py:3036} INFO - Sync 1 DAGs
[2026-03-28T07:14:14.649+0000] {logging_mixin.py:188} INFO - [2026-03-28T07:14:14.649+0000] {dag.py:3823} INFO - Setting next_dagrun for weekly_summary_pipeline to 2026-03-23 06:00:00+00:00, run_after=2026-03-30 06:00:00+00:00
[2026-03-28T07:14:14.670+0000] {processor.py:183} INFO - Processing /opt/airflow/dags/weekly_summary_pipeline.py took 0.091 seconds
[2026-03-28T07:14:45.191+0000] {processor.py:161} INFO - Started process (PID=10527) to work on /opt/airflow/dags/weekly_summary_pipeline.py
[2026-03-28T07:14:45.192+0000] {processor.py:830} INFO - Processing file /opt/airflow/dags/weekly_summary_pipeline.py for tasks to queue
[2026-03-28T07:14:45.194+0000] {logging_mixin.py:188} INFO - [2026-03-28T07:14:45.193+0000] {dagbag.py:538} INFO - Filling up the DagBag from /opt/airflow/dags/weekly_summary_pipeline.py
[2026-03-28T07:14:45.218+0000] {processor.py:840} INFO - DAG(s) 'weekly_summary_pipeline' retrieved from /opt/airflow/dags/weekly_summary_pipeline.py
[2026-03-28T07:14:45.255+0000] {logging_mixin.py:188} INFO - [2026-03-28T07:14:45.255+0000] {dag.py:3036} INFO - Sync 1 DAGs
[2026-03-28T07:14:45.284+0000] {logging_mixin.py:188} INFO - [2026-03-28T07:14:45.284+0000] {dag.py:3823} INFO - Setting next_dagrun for weekly_summary_pipeline to 2026-03-23 06:00:00+00:00, run_after=2026-03-30 06:00:00+00:00
[2026-03-28T07:14:45.309+0000] {processor.py:183} INFO - Processing /opt/airflow/dags/weekly_summary_pipeline.py took 0.121 seconds
[2026-03-28T07:15:15.887+0000] {processor.py:161} INFO - Started process (PID=10550) to work on /opt/airflow/dags/weekly_summary_pipeline.py
[2026-03-28T07:15:15.888+0000] {processor.py:830} INFO - Processing file /opt/airflow/dags/weekly_summary_pipeline.py for tasks to queue
[2026-03-28T07:15:15.889+0000] {logging_mixin.py:188} INFO - [2026-03-28T07:15:15.889+0000] {dagbag.py:538} INFO - Filling up the DagBag from /opt/airflow/dags/weekly_summary_pipeline.py
[2026-03-28T07:15:15.928+0000] {processor.py:840} INFO - DAG(s) 'weekly_summary_pipeline' retrieved from /opt/airflow/dags/weekly_summary_pipeline.py
[2026-03-28T07:15:15.986+0000] {logging_mixin.py:188} INFO - [2026-03-28T07:15:15.986+0000] {dag.py:3036} INFO - Sync 1 DAGs
[2026-03-28T07:15:16.046+0000] {logging_mixin.py:188} INFO - [2026-03-28T07:15:16.046+0000] {dag.py:3823} INFO - Setting next_dagrun for weekly_summary_pipeline to 2026-03-23 06:00:00+00:00, run_after=2026-03-30 06:00:00+00:00
[2026-03-28T07:15:16.101+0000] {processor.py:183} INFO - Processing /opt/airflow/dags/weekly_summary_pipeline.py took 0.221 seconds
[2026-03-28T07:15:46.618+0000] {processor.py:161} INFO - Started process (PID=10573) to work on /opt/airflow/dags/weekly_summary_pipeline.py
[2026-03-28T07:15:46.619+0000] {processor.py:830} INFO - Processing file /opt/airflow/dags/weekly_summary_pipeline.py for tasks to queue
[2026-03-28T07:15:46.620+0000] {logging_mixin.py:188} INFO - [2026-03-28T07:15:46.620+0000] {dagbag.py:538} INFO - Filling up the DagBag from /opt/airflow/dags/weekly_summary_pipeline.py
[2026-03-28T07:15:46.650+0000] {processor.py:840} INFO - DAG(s) 'weekly_summary_pipeline' retrieved from /opt/airflow/dags/weekly_summary_pipeline.py
[2026-03-28T07:15:46.686+0000] {logging_mixin.py:188} INFO - [2026-03-28T07:15:46.686+0000] {dag.py:3036} INFO - Sync 1 DAGs
[2026-03-28T07:15:46.714+0000] {logging_mixin.py:188} INFO - [2026-03-28T07:15:46.714+0000] {dag.py:3823} INFO - Setting next_dagrun for weekly_summary_pipeline to 2026-03-23 06:00:00+00:00, run_after=2026-03-30 06:00:00+00:00
[2026-03-28T07:15:46.738+0000] {processor.py:183} INFO - Processing /opt/airflow/dags/weekly_summary_pipeline.py took 0.124 seconds
[2026-03-28T07:16:17.281+0000] {processor.py:161} INFO - Started process (PID=10596) to work on /opt/airflow/dags/weekly_summary_pipeline.py
[2026-03-28T07:16:17.282+0000] {processor.py:830} INFO - Processing file /opt/airflow/dags/weekly_summary_pipeline.py for tasks to queue
[2026-03-28T07:16:17.284+0000] {logging_mixin.py:188} INFO - [2026-03-28T07:16:17.283+0000] {dagbag.py:538} INFO - Filling up the DagBag from /opt/airflow/dags/weekly_summary_pipeline.py
[2026-03-28T07:16:17.308+0000] {processor.py:840} INFO - DAG(s) 'weekly_summary_pipeline' retrieved from /opt/airflow/dags/weekly_summary_pipeline.py
[2026-03-28T07:16:17.341+0000] {logging_mixin.py:188} INFO - [2026-03-28T07:16:17.341+0000] {dag.py:3036} INFO - Sync 1 DAGs
[2026-03-28T07:16:17.364+0000] {logging_mixin.py:188} INFO - [2026-03-28T07:16:17.364+0000] {dag.py:3823} INFO - Setting next_dagrun for weekly_summary_pipeline to 2026-03-23 06:00:00+00:00, run_after=2026-03-30 06:00:00+00:00
[2026-03-28T07:16:17.387+0000] {processor.py:183} INFO - Processing /opt/airflow/dags/weekly_summary_pipeline.py took 0.108 seconds
[2026-03-28T07:16:47.900+0000] {processor.py:161} INFO - Started process (PID=10619) to work on /opt/airflow/dags/weekly_summary_pipeline.py
[2026-03-28T07:16:47.901+0000] {processor.py:830} INFO - Processing file /opt/airflow/dags/weekly_summary_pipeline.py for tasks to queue
[2026-03-28T07:16:47.902+0000] {logging_mixin.py:188} INFO - [2026-03-28T07:16:47.902+0000] {dagbag.py:538} INFO - Filling up the DagBag from /opt/airflow/dags/weekly_summary_pipeline.py
[2026-03-28T07:16:47.921+0000] {processor.py:840} INFO - DAG(s) 'weekly_summary_pipeline' retrieved from /opt/airflow/dags/weekly_summary_pipeline.py
[2026-03-28T07:16:47.951+0000] {logging_mixin.py:188} INFO - [2026-03-28T07:16:47.950+0000] {dag.py:3036} INFO - Sync 1 DAGs
[2026-03-28T07:16:47.974+0000] {logging_mixin.py:188} INFO - [2026-03-28T07:16:47.974+0000] {dag.py:3823} INFO - Setting next_dagrun for weekly_summary_pipeline to 2026-03-23 06:00:00+00:00, run_after=2026-03-30 06:00:00+00:00
[2026-03-28T07:16:47.998+0000] {processor.py:183} INFO - Processing /opt/airflow/dags/weekly_summary_pipeline.py took 0.100 seconds
[2026-03-28T07:17:18.570+0000] {processor.py:161} INFO - Started process (PID=10642) to work on /opt/airflow/dags/weekly_summary_pipeline.py
[2026-03-28T07:17:18.572+0000] {processor.py:830} INFO - Processing file /opt/airflow/dags/weekly_summary_pipeline.py for tasks to queue
[2026-03-28T07:17:18.573+0000] {logging_mixin.py:188} INFO - [2026-03-28T07:17:18.572+0000] {dagbag.py:538} INFO - Filling up the DagBag from /opt/airflow/dags/weekly_summary_pipeline.py
[2026-03-28T07:17:18.591+0000] {processor.py:840} INFO - DAG(s) 'weekly_summary_pipeline' retrieved from /opt/airflow/dags/weekly_summary_pipeline.py
[2026-03-28T07:17:18.618+0000] {logging_mixin.py:188} INFO - [2026-03-28T07:17:18.618+0000] {dag.py:3036} INFO - Sync 1 DAGs
[2026-03-28T07:17:18.641+0000] {logging_mixin.py:188} INFO - [2026-03-28T07:17:18.640+0000] {dag.py:3823} INFO - Setting next_dagrun for weekly_summary_pipeline to 2026-03-23 06:00:00+00:00, run_after=2026-03-30 06:00:00+00:00
[2026-03-28T07:17:18.663+0000] {processor.py:183} INFO - Processing /opt/airflow/dags/weekly_summary_pipeline.py took 0.095 seconds
[2026-03-28T07:17:49.157+0000] {processor.py:161} INFO - Started process (PID=10665) to work on /opt/airflow/dags/weekly_summary_pipeline.py
[2026-03-28T07:17:49.159+0000] {processor.py:830} INFO - Processing file /opt/airflow/dags/weekly_summary_pipeline.py for tasks to queue
[2026-03-28T07:17:49.160+0000] {logging_mixin.py:188} INFO - [2026-03-28T07:17:49.160+0000] {dagbag.py:538} INFO - Filling up the DagBag from /opt/airflow/dags/weekly_summary_pipeline.py
[2026-03-28T07:17:49.184+0000] {processor.py:840} INFO - DAG(s) 'weekly_summary_pipeline' retrieved from /opt/airflow/dags/weekly_summary_pipeline.py
[2026-03-28T07:17:49.212+0000] {logging_mixin.py:188} INFO - [2026-03-28T07:17:49.212+0000] {dag.py:3036} INFO - Sync 1 DAGs
[2026-03-28T07:17:49.236+0000] {logging_mixin.py:188} INFO - [2026-03-28T07:17:49.236+0000] {dag.py:3823} INFO - Setting next_dagrun for weekly_summary_pipeline to 2026-03-23 06:00:00+00:00, run_after=2026-03-30 06:00:00+00:00
[2026-03-28T07:17:49.255+0000] {processor.py:183} INFO - Processing /opt/airflow/dags/weekly_summary_pipeline.py took 0.101 seconds
[2026-03-28T07:18:19.798+0000] {processor.py:161} INFO - Started process (PID=10680) to work on /opt/airflow/dags/weekly_summary_pipeline.py
[2026-03-28T07:18:19.800+0000] {processor.py:830} INFO - Processing file /opt/airflow/dags/weekly_summary_pipeline.py for tasks to queue
[2026-03-28T07:18:19.801+0000] {logging_mixin.py:188} INFO - [2026-03-28T07:18:19.800+0000] {dagbag.py:538} INFO - Filling up the DagBag from /opt/airflow/dags/weekly_summary_pipeline.py
[2026-03-28T07:18:19.822+0000] {processor.py:840} INFO - DAG(s) 'weekly_summary_pipeline' retrieved from /opt/airflow/dags/weekly_summary_pipeline.py
[2026-03-28T07:18:19.848+0000] {logging_mixin.py:188} INFO - [2026-03-28T07:18:19.848+0000] {dag.py:3036} INFO - Sync 1 DAGs
[2026-03-28T07:18:19.872+0000] {logging_mixin.py:188} INFO - [2026-03-28T07:18:19.872+0000] {dag.py:3823} INFO - Setting next_dagrun for weekly_summary_pipeline to 2026-03-23 06:00:00+00:00, run_after=2026-03-30 06:00:00+00:00
[2026-03-28T07:18:19.896+0000] {processor.py:183} INFO - Processing /opt/airflow/dags/weekly_summary_pipeline.py took 0.100 seconds
[2026-03-28T07:18:50.468+0000] {processor.py:161} INFO - Started process (PID=10703) to work on /opt/airflow/dags/weekly_summary_pipeline.py
[2026-03-28T07:18:50.470+0000] {processor.py:830} INFO - Processing file /opt/airflow/dags/weekly_summary_pipeline.py for tasks to queue
[2026-03-28T07:18:50.472+0000] {logging_mixin.py:188} INFO - [2026-03-28T07:18:50.471+0000] {dagbag.py:538} INFO - Filling up the DagBag from /opt/airflow/dags/weekly_summary_pipeline.py
[2026-03-28T07:18:50.498+0000] {processor.py:840} INFO - DAG(s) 'weekly_summary_pipeline' retrieved from /opt/airflow/dags/weekly_summary_pipeline.py
[2026-03-28T07:18:50.534+0000] {logging_mixin.py:188} INFO - [2026-03-28T07:18:50.534+0000] {dag.py:3036} INFO - Sync 1 DAGs
[2026-03-28T07:18:50.559+0000] {logging_mixin.py:188} INFO - [2026-03-28T07:18:50.559+0000] {dag.py:3823} INFO - Setting next_dagrun for weekly_summary_pipeline to 2026-03-23 06:00:00+00:00, run_after=2026-03-30 06:00:00+00:00
[2026-03-28T07:18:50.587+0000] {processor.py:183} INFO - Processing /opt/airflow/dags/weekly_summary_pipeline.py took 0.121 seconds
[2026-03-28T07:19:21.164+0000] {processor.py:161} INFO - Started process (PID=10726) to work on /opt/airflow/dags/weekly_summary_pipeline.py
[2026-03-28T07:19:21.166+0000] {processor.py:830} INFO - Processing file /opt/airflow/dags/weekly_summary_pipeline.py for tasks to queue
[2026-03-28T07:19:21.167+0000] {logging_mixin.py:188} INFO - [2026-03-28T07:19:21.166+0000] {dagbag.py:538} INFO - Filling up the DagBag from /opt/airflow/dags/weekly_summary_pipeline.py
[2026-03-28T07:19:21.187+0000] {processor.py:840} INFO - DAG(s) 'weekly_summary_pipeline' retrieved from /opt/airflow/dags/weekly_summary_pipeline.py
[2026-03-28T07:19:21.216+0000] {logging_mixin.py:188} INFO - [2026-03-28T07:19:21.216+0000] {dag.py:3036} INFO - Sync 1 DAGs
[2026-03-28T07:19:21.240+0000] {logging_mixin.py:188} INFO - [2026-03-28T07:19:21.240+0000] {dag.py:3823} INFO - Setting next_dagrun for weekly_summary_pipeline to 2026-03-23 06:00:00+00:00, run_after=2026-03-30 06:00:00+00:00
[2026-03-28T07:19:21.263+0000] {processor.py:183} INFO - Processing /opt/airflow/dags/weekly_summary_pipeline.py took 0.102 seconds
[2026-03-28T07:19:51.831+0000] {processor.py:161} INFO - Started process (PID=10749) to work on /opt/airflow/dags/weekly_summary_pipeline.py
[2026-03-28T07:19:51.832+0000] {processor.py:830} INFO - Processing file /opt/airflow/dags/weekly_summary_pipeline.py for tasks to queue
[2026-03-28T07:19:51.833+0000] {logging_mixin.py:188} INFO - [2026-03-28T07:19:51.833+0000] {dagbag.py:538} INFO - Filling up the DagBag from /opt/airflow/dags/weekly_summary_pipeline.py
[2026-03-28T07:19:51.863+0000] {processor.py:840} INFO - DAG(s) 'weekly_summary_pipeline' retrieved from /opt/airflow/dags/weekly_summary_pipeline.py
[2026-03-28T07:19:51.911+0000] {logging_mixin.py:188} INFO - [2026-03-28T07:19:51.911+0000] {dag.py:3036} INFO - Sync 1 DAGs
[2026-03-28T07:19:51.943+0000] {logging_mixin.py:188} INFO - [2026-03-28T07:19:51.943+0000] {dag.py:3823} INFO - Setting next_dagrun for weekly_summary_pipeline to 2026-03-23 06:00:00+00:00, run_after=2026-03-30 06:00:00+00:00
[2026-03-28T07:19:51.963+0000] {processor.py:183} INFO - Processing /opt/airflow/dags/weekly_summary_pipeline.py took 0.135 seconds
[2026-03-28T07:20:22.487+0000] {processor.py:161} INFO - Started process (PID=10772) to work on /opt/airflow/dags/weekly_summary_pipeline.py
[2026-03-28T07:20:22.488+0000] {processor.py:830} INFO - Processing file /opt/airflow/dags/weekly_summary_pipeline.py for tasks to queue
[2026-03-28T07:20:22.489+0000] {logging_mixin.py:188} INFO - [2026-03-28T07:20:22.488+0000] {dagbag.py:538} INFO - Filling up the DagBag from /opt/airflow/dags/weekly_summary_pipeline.py
[2026-03-28T07:20:22.509+0000] {processor.py:840} INFO - DAG(s) 'weekly_summary_pipeline' retrieved from /opt/airflow/dags/weekly_summary_pipeline.py
[2026-03-28T07:20:22.543+0000] {logging_mixin.py:188} INFO - [2026-03-28T07:20:22.543+0000] {dag.py:3036} INFO - Sync 1 DAGs
[2026-03-28T07:20:22.568+0000] {logging_mixin.py:188} INFO - [2026-03-28T07:20:22.568+0000] {dag.py:3823} INFO - Setting next_dagrun for weekly_summary_pipeline to 2026-03-23 06:00:00+00:00, run_after=2026-03-30 06:00:00+00:00
[2026-03-28T07:20:22.593+0000] {processor.py:183} INFO - Processing /opt/airflow/dags/weekly_summary_pipeline.py took 0.110 seconds
[2026-03-28T07:20:53.114+0000] {processor.py:161} INFO - Started process (PID=10795) to work on /opt/airflow/dags/weekly_summary_pipeline.py
[2026-03-28T07:20:53.115+0000] {processor.py:830} INFO - Processing file /opt/airflow/dags/weekly_summary_pipeline.py for tasks to queue
[2026-03-28T07:20:53.116+0000] {logging_mixin.py:188} INFO - [2026-03-28T07:20:53.116+0000] {dagbag.py:538} INFO - Filling up the DagBag from /opt/airflow/dags/weekly_summary_pipeline.py
[2026-03-28T07:20:53.145+0000] {processor.py:840} INFO - DAG(s) 'weekly_summary_pipeline' retrieved from /opt/airflow/dags/weekly_summary_pipeline.py
[2026-03-28T07:20:53.179+0000] {logging_mixin.py:188} INFO - [2026-03-28T07:20:53.178+0000] {dag.py:3036} INFO - Sync 1 DAGs
[2026-03-28T07:20:53.206+0000] {logging_mixin.py:188} INFO - [2026-03-28T07:20:53.206+0000] {dag.py:3823} INFO - Setting next_dagrun for weekly_summary_pipeline to 2026-03-23 06:00:00+00:00, run_after=2026-03-30 06:00:00+00:00
[2026-03-28T07:20:53.230+0000] {processor.py:183} INFO - Processing /opt/airflow/dags/weekly_summary_pipeline.py took 0.119 seconds
[2026-03-28T07:21:23.919+0000] {processor.py:161} INFO - Started process (PID=10818) to work on /opt/airflow/dags/weekly_summary_pipeline.py
[2026-03-28T07:21:23.920+0000] {processor.py:830} INFO - Processing file /opt/airflow/dags/weekly_summary_pipeline.py for tasks to queue
[2026-03-28T07:21:23.922+0000] {logging_mixin.py:188} INFO - [2026-03-28T07:21:23.921+0000] {dagbag.py:538} INFO - Filling up the DagBag from /opt/airflow/dags/weekly_summary_pipeline.py
[2026-03-28T07:21:23.944+0000] {processor.py:840} INFO - DAG(s) 'weekly_summary_pipeline' retrieved from /opt/airflow/dags/weekly_summary_pipeline.py
[2026-03-28T07:21:23.975+0000] {logging_mixin.py:188} INFO - [2026-03-28T07:21:23.974+0000] {dag.py:3036} INFO - Sync 1 DAGs
[2026-03-28T07:21:23.999+0000] {logging_mixin.py:188} INFO - [2026-03-28T07:21:23.999+0000] {dag.py:3823} INFO - Setting next_dagrun for weekly_summary_pipeline to 2026-03-23 06:00:00+00:00, run_after=2026-03-30 06:00:00+00:00
[2026-03-28T07:21:24.022+0000] {processor.py:183} INFO - Processing /opt/airflow/dags/weekly_summary_pipeline.py took 0.106 seconds
[2026-03-28T07:21:54.533+0000] {processor.py:161} INFO - Started process (PID=10841) to work on /opt/airflow/dags/weekly_summary_pipeline.py
[2026-03-28T07:21:54.534+0000] {processor.py:830} INFO - Processing file /opt/airflow/dags/weekly_summary_pipeline.py for tasks to queue
[2026-03-28T07:21:54.535+0000] {logging_mixin.py:188} INFO - [2026-03-28T07:21:54.535+0000] {dagbag.py:538} INFO - Filling up the DagBag from /opt/airflow/dags/weekly_summary_pipeline.py
[2026-03-28T07:21:54.556+0000] {processor.py:840} INFO - DAG(s) 'weekly_summary_pipeline' retrieved from /opt/airflow/dags/weekly_summary_pipeline.py
[2026-03-28T07:21:54.587+0000] {logging_mixin.py:188} INFO - [2026-03-28T07:21:54.587+0000] {dag.py:3036} INFO - Sync 1 DAGs
[2026-03-28T07:21:54.612+0000] {logging_mixin.py:188} INFO - [2026-03-28T07:21:54.612+0000] {dag.py:3823} INFO - Setting next_dagrun for weekly_summary_pipeline to 2026-03-23 06:00:00+00:00, run_after=2026-03-30 06:00:00+00:00
[2026-03-28T07:21:54.638+0000] {processor.py:183} INFO - Processing /opt/airflow/dags/weekly_summary_pipeline.py took 0.108 seconds
[2026-03-28T07:22:25.191+0000] {processor.py:161} INFO - Started process (PID=10864) to work on /opt/airflow/dags/weekly_summary_pipeline.py
[2026-03-28T07:22:25.192+0000] {processor.py:830} INFO - Processing file /opt/airflow/dags/weekly_summary_pipeline.py for tasks to queue
[2026-03-28T07:22:25.193+0000] {logging_mixin.py:188} INFO - [2026-03-28T07:22:25.193+0000] {dagbag.py:538} INFO - Filling up the DagBag from /opt/airflow/dags/weekly_summary_pipeline.py
[2026-03-28T07:22:25.214+0000] {processor.py:840} INFO - DAG(s) 'weekly_summary_pipeline' retrieved from /opt/airflow/dags/weekly_summary_pipeline.py
[2026-03-28T07:22:25.244+0000] {logging_mixin.py:188} INFO - [2026-03-28T07:22:25.244+0000] {dag.py:3036} INFO - Sync 1 DAGs
[2026-03-28T07:22:25.271+0000] {logging_mixin.py:188} INFO - [2026-03-28T07:22:25.271+0000] {dag.py:3823} INFO - Setting next_dagrun for weekly_summary_pipeline to 2026-03-23 06:00:00+00:00, run_after=2026-03-30 06:00:00+00:00
[2026-03-28T07:22:25.296+0000] {processor.py:183} INFO - Processing /opt/airflow/dags/weekly_summary_pipeline.py took 0.108 seconds
[2026-03-28T07:22:55.809+0000] {processor.py:161} INFO - Started process (PID=10887) to work on /opt/airflow/dags/weekly_summary_pipeline.py
[2026-03-28T07:22:55.810+0000] {processor.py:830} INFO - Processing file /opt/airflow/dags/weekly_summary_pipeline.py for tasks to queue
[2026-03-28T07:22:55.811+0000] {logging_mixin.py:188} INFO - [2026-03-28T07:22:55.810+0000] {dagbag.py:538} INFO - Filling up the DagBag from /opt/airflow/dags/weekly_summary_pipeline.py
[2026-03-28T07:22:55.831+0000] {processor.py:840} INFO - DAG(s) 'weekly_summary_pipeline' retrieved from /opt/airflow/dags/weekly_summary_pipeline.py
[2026-03-28T07:22:55.859+0000] {logging_mixin.py:188} INFO - [2026-03-28T07:22:55.859+0000] {dag.py:3036} INFO - Sync 1 DAGs
[2026-03-28T07:22:55.882+0000] {logging_mixin.py:188} INFO - [2026-03-28T07:22:55.882+0000] {dag.py:3823} INFO - Setting next_dagrun for weekly_summary_pipeline to 2026-03-23 06:00:00+00:00, run_after=2026-03-30 06:00:00+00:00
[2026-03-28T07:22:55.903+0000] {processor.py:183} INFO - Processing /opt/airflow/dags/weekly_summary_pipeline.py took 0.097 seconds
[2026-03-28T07:23:26.495+0000] {processor.py:161} INFO - Started process (PID=10910) to work on /opt/airflow/dags/weekly_summary_pipeline.py
[2026-03-28T07:23:26.496+0000] {processor.py:830} INFO - Processing file /opt/airflow/dags/weekly_summary_pipeline.py for tasks to queue
[2026-03-28T07:23:26.497+0000] {logging_mixin.py:188} INFO - [2026-03-28T07:23:26.497+0000] {dagbag.py:538} INFO - Filling up the DagBag from /opt/airflow/dags/weekly_summary_pipeline.py
[2026-03-28T07:23:26.519+0000] {processor.py:840} INFO - DAG(s) 'weekly_summary_pipeline' retrieved from /opt/airflow/dags/weekly_summary_pipeline.py
[2026-03-28T07:23:26.546+0000] {logging_mixin.py:188} INFO - [2026-03-28T07:23:26.546+0000] {dag.py:3036} INFO - Sync 1 DAGs
[2026-03-28T07:23:26.571+0000] {logging_mixin.py:188} INFO - [2026-03-28T07:23:26.571+0000] {dag.py:3823} INFO - Setting next_dagrun for weekly_summary_pipeline to 2026-03-23 06:00:00+00:00, run_after=2026-03-30 06:00:00+00:00
[2026-03-28T07:23:26.595+0000] {processor.py:183} INFO - Processing /opt/airflow/dags/weekly_summary_pipeline.py took 0.102 seconds
[2026-03-28T07:23:57.114+0000] {processor.py:161} INFO - Started process (PID=10925) to work on /opt/airflow/dags/weekly_summary_pipeline.py
[2026-03-28T07:23:57.115+0000] {processor.py:830} INFO - Processing file /opt/airflow/dags/weekly_summary_pipeline.py for tasks to queue
[2026-03-28T07:23:57.116+0000] {logging_mixin.py:188} INFO - [2026-03-28T07:23:57.116+0000] {dagbag.py:538} INFO - Filling up the DagBag from /opt/airflow/dags/weekly_summary_pipeline.py
[2026-03-28T07:23:57.144+0000] {processor.py:840} INFO - DAG(s) 'weekly_summary_pipeline' retrieved from /opt/airflow/dags/weekly_summary_pipeline.py
[2026-03-28T07:23:57.187+0000] {logging_mixin.py:188} INFO - [2026-03-28T07:23:57.187+0000] {dag.py:3036} INFO - Sync 1 DAGs
[2026-03-28T07:23:57.224+0000] {logging_mixin.py:188} INFO - [2026-03-28T07:23:57.224+0000] {dag.py:3823} INFO - Setting next_dagrun for weekly_summary_pipeline to 2026-03-23 06:00:00+00:00, run_after=2026-03-30 06:00:00+00:00
[2026-03-28T07:23:57.250+0000] {processor.py:183} INFO - Processing /opt/airflow/dags/weekly_summary_pipeline.py took 0.140 seconds
[2026-03-28T07:24:27.859+0000] {processor.py:161} INFO - Started process (PID=10948) to work on /opt/airflow/dags/weekly_summary_pipeline.py
[2026-03-28T07:24:27.860+0000] {processor.py:830} INFO - Processing file /opt/airflow/dags/weekly_summary_pipeline.py for tasks to queue
[2026-03-28T07:24:27.861+0000] {logging_mixin.py:188} INFO - [2026-03-28T07:24:27.861+0000] {dagbag.py:538} INFO - Filling up the DagBag from /opt/airflow/dags/weekly_summary_pipeline.py
[2026-03-28T07:24:27.884+0000] {processor.py:840} INFO - DAG(s) 'weekly_summary_pipeline' retrieved from /opt/airflow/dags/weekly_summary_pipeline.py
[2026-03-28T07:24:27.922+0000] {logging_mixin.py:188} INFO - [2026-03-28T07:24:27.922+0000] {dag.py:3036} INFO - Sync 1 DAGs
[2026-03-28T07:24:27.943+0000] {logging_mixin.py:188} INFO - [2026-03-28T07:24:27.943+0000] {dag.py:3823} INFO - Setting next_dagrun for weekly_summary_pipeline to 2026-03-23 06:00:00+00:00, run_after=2026-03-30 06:00:00+00:00
[2026-03-28T07:24:27.968+0000] {processor.py:183} INFO - Processing /opt/airflow/dags/weekly_summary_pipeline.py took 0.112 seconds
[2026-03-28T07:24:59.498+0000] {processor.py:161} INFO - Started process (PID=10971) to work on /opt/airflow/dags/weekly_summary_pipeline.py
[2026-03-28T07:24:59.499+0000] {processor.py:830} INFO - Processing file /opt/airflow/dags/weekly_summary_pipeline.py for tasks to queue
[2026-03-28T07:24:59.500+0000] {logging_mixin.py:188} INFO - [2026-03-28T07:24:59.500+0000] {dagbag.py:538} INFO - Filling up the DagBag from /opt/airflow/dags/weekly_summary_pipeline.py
[2026-03-28T07:24:59.522+0000] {processor.py:840} INFO - DAG(s) 'weekly_summary_pipeline' retrieved from /opt/airflow/dags/weekly_summary_pipeline.py
[2026-03-28T07:24:59.555+0000] {logging_mixin.py:188} INFO - [2026-03-28T07:24:59.555+0000] {dag.py:3036} INFO - Sync 1 DAGs
[2026-03-28T07:24:59.579+0000] {logging_mixin.py:188} INFO - [2026-03-28T07:24:59.579+0000] {dag.py:3823} INFO - Setting next_dagrun for weekly_summary_pipeline to 2026-03-23 06:00:00+00:00, run_after=2026-03-30 06:00:00+00:00
[2026-03-28T07:24:59.605+0000] {processor.py:183} INFO - Processing /opt/airflow/dags/weekly_summary_pipeline.py took 0.109 seconds
[2026-03-28T07:25:31.144+0000] {processor.py:161} INFO - Started process (PID=10994) to work on /opt/airflow/dags/weekly_summary_pipeline.py
[2026-03-28T07:25:31.145+0000] {processor.py:830} INFO - Processing file /opt/airflow/dags/weekly_summary_pipeline.py for tasks to queue
[2026-03-28T07:25:31.147+0000] {logging_mixin.py:188} INFO - [2026-03-28T07:25:31.146+0000] {dagbag.py:538} INFO - Filling up the DagBag from /opt/airflow/dags/weekly_summary_pipeline.py
[2026-03-28T07:25:31.171+0000] {processor.py:840} INFO - DAG(s) 'weekly_summary_pipeline' retrieved from /opt/airflow/dags/weekly_summary_pipeline.py
[2026-03-28T07:25:31.204+0000] {logging_mixin.py:188} INFO - [2026-03-28T07:25:31.204+0000] {dag.py:3036} INFO - Sync 1 DAGs
[2026-03-28T07:25:31.230+0000] {logging_mixin.py:188} INFO - [2026-03-28T07:25:31.230+0000] {dag.py:3823} INFO - Setting next_dagrun for weekly_summary_pipeline to 2026-03-23 06:00:00+00:00, run_after=2026-03-30 06:00:00+00:00
[2026-03-28T07:25:31.251+0000] {processor.py:183} INFO - Processing /opt/airflow/dags/weekly_summary_pipeline.py took 0.109 seconds
[2026-03-28T07:26:01.884+0000] {processor.py:161} INFO - Started process (PID=11017) to work on /opt/airflow/dags/weekly_summary_pipeline.py
[2026-03-28T07:26:01.885+0000] {processor.py:830} INFO - Processing file /opt/airflow/dags/weekly_summary_pipeline.py for tasks to queue
[2026-03-28T07:26:01.886+0000] {logging_mixin.py:188} INFO - [2026-03-28T07:26:01.886+0000] {dagbag.py:538} INFO - Filling up the DagBag from /opt/airflow/dags/weekly_summary_pipeline.py
[2026-03-28T07:26:01.909+0000] {processor.py:840} INFO - DAG(s) 'weekly_summary_pipeline' retrieved from /opt/airflow/dags/weekly_summary_pipeline.py
[2026-03-28T07:26:01.942+0000] {logging_mixin.py:188} INFO - [2026-03-28T07:26:01.941+0000] {dag.py:3036} INFO - Sync 1 DAGs
[2026-03-28T07:26:01.964+0000] {logging_mixin.py:188} INFO - [2026-03-28T07:26:01.964+0000] {dag.py:3823} INFO - Setting next_dagrun for weekly_summary_pipeline to 2026-03-23 06:00:00+00:00, run_after=2026-03-30 06:00:00+00:00
[2026-03-28T07:26:01.988+0000] {processor.py:183} INFO - Processing /opt/airflow/dags/weekly_summary_pipeline.py took 0.107 seconds
[2026-03-28T07:26:33.545+0000] {processor.py:161} INFO - Started process (PID=11040) to work on /opt/airflow/dags/weekly_summary_pipeline.py
[2026-03-28T07:26:33.546+0000] {processor.py:830} INFO - Processing file /opt/airflow/dags/weekly_summary_pipeline.py for tasks to queue
[2026-03-28T07:26:33.547+0000] {logging_mixin.py:188} INFO - [2026-03-28T07:26:33.547+0000] {dagbag.py:538} INFO - Filling up the DagBag from /opt/airflow/dags/weekly_summary_pipeline.py
[2026-03-28T07:26:33.571+0000] {processor.py:840} INFO - DAG(s) 'weekly_summary_pipeline' retrieved from /opt/airflow/dags/weekly_summary_pipeline.py
[2026-03-28T07:26:33.600+0000] {logging_mixin.py:188} INFO - [2026-03-28T07:26:33.600+0000] {dag.py:3036} INFO - Sync 1 DAGs
[2026-03-28T07:26:33.625+0000] {logging_mixin.py:188} INFO - [2026-03-28T07:26:33.624+0000] {dag.py:3823} INFO - Setting next_dagrun for weekly_summary_pipeline to 2026-03-23 06:00:00+00:00, run_after=2026-03-30 06:00:00+00:00
[2026-03-28T07:26:33.646+0000] {processor.py:183} INFO - Processing /opt/airflow/dags/weekly_summary_pipeline.py took 0.103 seconds
[2026-03-28T07:27:04.218+0000] {processor.py:161} INFO - Started process (PID=11063) to work on /opt/airflow/dags/weekly_summary_pipeline.py
[2026-03-28T07:27:04.219+0000] {processor.py:830} INFO - Processing file /opt/airflow/dags/weekly_summary_pipeline.py for tasks to queue
[2026-03-28T07:27:04.221+0000] {logging_mixin.py:188} INFO - [2026-03-28T07:27:04.220+0000] {dagbag.py:538} INFO - Filling up the DagBag from /opt/airflow/dags/weekly_summary_pipeline.py
[2026-03-28T07:27:04.248+0000] {processor.py:840} INFO - DAG(s) 'weekly_summary_pipeline' retrieved from /opt/airflow/dags/weekly_summary_pipeline.py
[2026-03-28T07:27:04.280+0000] {logging_mixin.py:188} INFO - [2026-03-28T07:27:04.280+0000] {dag.py:3036} INFO - Sync 1 DAGs
[2026-03-28T07:27:04.304+0000] {logging_mixin.py:188} INFO - [2026-03-28T07:27:04.304+0000] {dag.py:3823} INFO - Setting next_dagrun for weekly_summary_pipeline to 2026-03-23 06:00:00+00:00, run_after=2026-03-30 06:00:00+00:00
[2026-03-28T07:27:04.328+0000] {processor.py:183} INFO - Processing /opt/airflow/dags/weekly_summary_pipeline.py took 0.112 seconds
[2026-03-28T07:27:35.896+0000] {processor.py:161} INFO - Started process (PID=11086) to work on /opt/airflow/dags/weekly_summary_pipeline.py
[2026-03-28T07:27:35.897+0000] {processor.py:830} INFO - Processing file /opt/airflow/dags/weekly_summary_pipeline.py for tasks to queue
[2026-03-28T07:27:35.898+0000] {logging_mixin.py:188} INFO - [2026-03-28T07:27:35.898+0000] {dagbag.py:538} INFO - Filling up the DagBag from /opt/airflow/dags/weekly_summary_pipeline.py
[2026-03-28T07:27:35.920+0000] {processor.py:840} INFO - DAG(s) 'weekly_summary_pipeline' retrieved from /opt/airflow/dags/weekly_summary_pipeline.py
[2026-03-28T07:27:35.955+0000] {logging_mixin.py:188} INFO - [2026-03-28T07:27:35.954+0000] {dag.py:3036} INFO - Sync 1 DAGs
[2026-03-28T07:27:35.989+0000] {logging_mixin.py:188} INFO - [2026-03-28T07:27:35.988+0000] {dag.py:3823} INFO - Setting next_dagrun for weekly_summary_pipeline to 2026-03-23 06:00:00+00:00, run_after=2026-03-30 06:00:00+00:00
[2026-03-28T07:27:36.011+0000] {processor.py:183} INFO - Processing /opt/airflow/dags/weekly_summary_pipeline.py took 0.119 seconds
[2026-03-28T07:28:07.494+0000] {processor.py:161} INFO - Started process (PID=11109) to work on /opt/airflow/dags/weekly_summary_pipeline.py
[2026-03-28T07:28:07.496+0000] {processor.py:830} INFO - Processing file /opt/airflow/dags/weekly_summary_pipeline.py for tasks to queue
[2026-03-28T07:28:07.497+0000] {logging_mixin.py:188} INFO - [2026-03-28T07:28:07.496+0000] {dagbag.py:538} INFO - Filling up the DagBag from /opt/airflow/dags/weekly_summary_pipeline.py
[2026-03-28T07:28:07.515+0000] {processor.py:840} INFO - DAG(s) 'weekly_summary_pipeline' retrieved from /opt/airflow/dags/weekly_summary_pipeline.py
[2026-03-28T07:28:07.542+0000] {logging_mixin.py:188} INFO - [2026-03-28T07:28:07.541+0000] {dag.py:3036} INFO - Sync 1 DAGs
[2026-03-28T07:28:07.565+0000] {logging_mixin.py:188} INFO - [2026-03-28T07:28:07.565+0000] {dag.py:3823} INFO - Setting next_dagrun for weekly_summary_pipeline to 2026-03-23 06:00:00+00:00, run_after=2026-03-30 06:00:00+00:00
[2026-03-28T07:28:07.591+0000] {processor.py:183} INFO - Processing /opt/airflow/dags/weekly_summary_pipeline.py took 0.099 seconds
[2026-03-28T07:28:38.445+0000] {processor.py:161} INFO - Started process (PID=11132) to work on /opt/airflow/dags/weekly_summary_pipeline.py
[2026-03-28T07:28:38.446+0000] {processor.py:830} INFO - Processing file /opt/airflow/dags/weekly_summary_pipeline.py for tasks to queue
[2026-03-28T07:28:38.447+0000] {logging_mixin.py:188} INFO - [2026-03-28T07:28:38.447+0000] {dagbag.py:538} INFO - Filling up the DagBag from /opt/airflow/dags/weekly_summary_pipeline.py
[2026-03-28T07:28:38.466+0000] {processor.py:840} INFO - DAG(s) 'weekly_summary_pipeline' retrieved from /opt/airflow/dags/weekly_summary_pipeline.py
[2026-03-28T07:28:38.493+0000] {logging_mixin.py:188} INFO - [2026-03-28T07:28:38.493+0000] {dag.py:3036} INFO - Sync 1 DAGs
[2026-03-28T07:28:38.517+0000] {logging_mixin.py:188} INFO - [2026-03-28T07:28:38.517+0000] {dag.py:3823} INFO - Setting next_dagrun for weekly_summary_pipeline to 2026-03-23 06:00:00+00:00, run_after=2026-03-30 06:00:00+00:00
[2026-03-28T07:28:38.538+0000] {processor.py:183} INFO - Processing /opt/airflow/dags/weekly_summary_pipeline.py took 0.096 seconds
[2026-03-28T07:29:09.741+0000] {processor.py:161} INFO - Started process (PID=11155) to work on /opt/airflow/dags/weekly_summary_pipeline.py
[2026-03-28T07:29:09.743+0000] {processor.py:830} INFO - Processing file /opt/airflow/dags/weekly_summary_pipeline.py for tasks to queue
[2026-03-28T07:29:09.744+0000] {logging_mixin.py:188} INFO - [2026-03-28T07:29:09.743+0000] {dagbag.py:538} INFO - Filling up the DagBag from /opt/airflow/dags/weekly_summary_pipeline.py
[2026-03-28T07:29:09.766+0000] {processor.py:840} INFO - DAG(s) 'weekly_summary_pipeline' retrieved from /opt/airflow/dags/weekly_summary_pipeline.py
[2026-03-28T07:29:09.793+0000] {logging_mixin.py:188} INFO - [2026-03-28T07:29:09.793+0000] {dag.py:3036} INFO - Sync 1 DAGs
[2026-03-28T07:29:09.814+0000] {logging_mixin.py:188} INFO - [2026-03-28T07:29:09.814+0000] {dag.py:3823} INFO - Setting next_dagrun for weekly_summary_pipeline to 2026-03-23 06:00:00+00:00, run_after=2026-03-30 06:00:00+00:00
[2026-03-28T07:29:09.838+0000] {processor.py:183} INFO - Processing /opt/airflow/dags/weekly_summary_pipeline.py took 0.099 seconds
[2026-03-28T07:29:40.501+0000] {processor.py:161} INFO - Started process (PID=11178) to work on /opt/airflow/dags/weekly_summary_pipeline.py
[2026-03-28T07:29:40.502+0000] {processor.py:830} INFO - Processing file /opt/airflow/dags/weekly_summary_pipeline.py for tasks to queue
[2026-03-28T07:29:40.503+0000] {logging_mixin.py:188} INFO - [2026-03-28T07:29:40.503+0000] {dagbag.py:538} INFO - Filling up the DagBag from /opt/airflow/dags/weekly_summary_pipeline.py
[2026-03-28T07:29:40.519+0000] {processor.py:840} INFO - DAG(s) 'weekly_summary_pipeline' retrieved from /opt/airflow/dags/weekly_summary_pipeline.py
[2026-03-28T07:29:40.544+0000] {logging_mixin.py:188} INFO - [2026-03-28T07:29:40.543+0000] {dag.py:3036} INFO - Sync 1 DAGs
[2026-03-28T07:29:40.566+0000] {logging_mixin.py:188} INFO - [2026-03-28T07:29:40.565+0000] {dag.py:3823} INFO - Setting next_dagrun for weekly_summary_pipeline to 2026-03-23 06:00:00+00:00, run_after=2026-03-30 06:00:00+00:00
[2026-03-28T07:29:40.586+0000] {processor.py:183} INFO - Processing /opt/airflow/dags/weekly_summary_pipeline.py took 0.088 seconds
[2026-03-28T07:30:12.093+0000] {processor.py:161} INFO - Started process (PID=11201) to work on /opt/airflow/dags/weekly_summary_pipeline.py
[2026-03-28T07:30:12.094+0000] {processor.py:830} INFO - Processing file /opt/airflow/dags/weekly_summary_pipeline.py for tasks to queue
[2026-03-28T07:30:12.095+0000] {logging_mixin.py:188} INFO - [2026-03-28T07:30:12.094+0000] {dagbag.py:538} INFO - Filling up the DagBag from /opt/airflow/dags/weekly_summary_pipeline.py
[2026-03-28T07:30:12.115+0000] {processor.py:840} INFO - DAG(s) 'weekly_summary_pipeline' retrieved from /opt/airflow/dags/weekly_summary_pipeline.py
[2026-03-28T07:30:12.147+0000] {logging_mixin.py:188} INFO - [2026-03-28T07:30:12.146+0000] {dag.py:3036} INFO - Sync 1 DAGs
[2026-03-28T07:30:12.169+0000] {logging_mixin.py:188} INFO - [2026-03-28T07:30:12.169+0000] {dag.py:3823} INFO - Setting next_dagrun for weekly_summary_pipeline to 2026-03-23 06:00:00+00:00, run_after=2026-03-30 06:00:00+00:00
[2026-03-28T07:30:12.196+0000] {processor.py:183} INFO - Processing /opt/airflow/dags/weekly_summary_pipeline.py took 0.107 seconds
[2026-03-28T07:30:43.719+0000] {processor.py:161} INFO - Started process (PID=11224) to work on /opt/airflow/dags/weekly_summary_pipeline.py
[2026-03-28T07:30:43.720+0000] {processor.py:830} INFO - Processing file /opt/airflow/dags/weekly_summary_pipeline.py for tasks to queue
[2026-03-28T07:30:43.721+0000] {logging_mixin.py:188} INFO - [2026-03-28T07:30:43.721+0000] {dagbag.py:538} INFO - Filling up the DagBag from /opt/airflow/dags/weekly_summary_pipeline.py
[2026-03-28T07:30:43.740+0000] {processor.py:840} INFO - DAG(s) 'weekly_summary_pipeline' retrieved from /opt/airflow/dags/weekly_summary_pipeline.py
[2026-03-28T07:30:43.766+0000] {logging_mixin.py:188} INFO - [2026-03-28T07:30:43.766+0000] {dag.py:3036} INFO - Sync 1 DAGs
[2026-03-28T07:30:43.788+0000] {logging_mixin.py:188} INFO - [2026-03-28T07:30:43.787+0000] {dag.py:3823} INFO - Setting next_dagrun for weekly_summary_pipeline to 2026-03-23 06:00:00+00:00, run_after=2026-03-30 06:00:00+00:00
[2026-03-28T07:30:43.808+0000] {processor.py:183} INFO - Processing /opt/airflow/dags/weekly_summary_pipeline.py took 0.092 seconds
[2026-03-28T07:31:14.339+0000] {processor.py:161} INFO - Started process (PID=11247) to work on /opt/airflow/dags/weekly_summary_pipeline.py
[2026-03-28T07:31:14.340+0000] {processor.py:830} INFO - Processing file /opt/airflow/dags/weekly_summary_pipeline.py for tasks to queue
[2026-03-28T07:31:14.341+0000] {logging_mixin.py:188} INFO - [2026-03-28T07:31:14.341+0000] {dagbag.py:538} INFO - Filling up the DagBag from /opt/airflow/dags/weekly_summary_pipeline.py
[2026-03-28T07:31:14.367+0000] {processor.py:840} INFO - DAG(s) 'weekly_summary_pipeline' retrieved from /opt/airflow/dags/weekly_summary_pipeline.py
[2026-03-28T07:31:14.400+0000] {logging_mixin.py:188} INFO - [2026-03-28T07:31:14.399+0000] {dag.py:3036} INFO - Sync 1 DAGs
[2026-03-28T07:31:14.426+0000] {logging_mixin.py:188} INFO - [2026-03-28T07:31:14.426+0000] {dag.py:3823} INFO - Setting next_dagrun for weekly_summary_pipeline to 2026-03-23 06:00:00+00:00, run_after=2026-03-30 06:00:00+00:00
[2026-03-28T07:31:14.482+0000] {processor.py:183} INFO - Processing /opt/airflow/dags/weekly_summary_pipeline.py took 0.146 seconds
[2026-03-28T07:31:44.602+0000] {processor.py:161} INFO - Started process (PID=11262) to work on /opt/airflow/dags/weekly_summary_pipeline.py
[2026-03-28T07:31:44.604+0000] {processor.py:830} INFO - Processing file /opt/airflow/dags/weekly_summary_pipeline.py for tasks to queue
[2026-03-28T07:31:44.605+0000] {logging_mixin.py:188} INFO - [2026-03-28T07:31:44.604+0000] {dagbag.py:538} INFO - Filling up the DagBag from /opt/airflow/dags/weekly_summary_pipeline.py
[2026-03-28T07:31:44.629+0000] {processor.py:840} INFO - DAG(s) 'weekly_summary_pipeline' retrieved from /opt/airflow/dags/weekly_summary_pipeline.py
[2026-03-28T07:31:44.668+0000] {logging_mixin.py:188} INFO - [2026-03-28T07:31:44.668+0000] {dag.py:3036} INFO - Sync 1 DAGs
[2026-03-28T07:31:44.691+0000] {logging_mixin.py:188} INFO - [2026-03-28T07:31:44.691+0000] {dag.py:3823} INFO - Setting next_dagrun for weekly_summary_pipeline to 2026-03-23 06:00:00+00:00, run_after=2026-03-30 06:00:00+00:00
[2026-03-28T07:31:44.713+0000] {processor.py:183} INFO - Processing /opt/airflow/dags/weekly_summary_pipeline.py took 0.115 seconds
[2026-03-28T07:32:14.765+0000] {processor.py:161} INFO - Started process (PID=11285) to work on /opt/airflow/dags/weekly_summary_pipeline.py
[2026-03-28T07:32:14.767+0000] {processor.py:830} INFO - Processing file /opt/airflow/dags/weekly_summary_pipeline.py for tasks to queue
[2026-03-28T07:32:14.768+0000] {logging_mixin.py:188} INFO - [2026-03-28T07:32:14.767+0000] {dagbag.py:538} INFO - Filling up the DagBag from /opt/airflow/dags/weekly_summary_pipeline.py
[2026-03-28T07:32:14.790+0000] {processor.py:840} INFO - DAG(s) 'weekly_summary_pipeline' retrieved from /opt/airflow/dags/weekly_summary_pipeline.py
[2026-03-28T07:32:14.814+0000] {logging_mixin.py:188} INFO - [2026-03-28T07:32:14.814+0000] {dag.py:3036} INFO - Sync 1 DAGs
[2026-03-28T07:32:14.834+0000] {logging_mixin.py:188} INFO - [2026-03-28T07:32:14.834+0000] {dag.py:3823} INFO - Setting next_dagrun for weekly_summary_pipeline to 2026-03-23 06:00:00+00:00, run_after=2026-03-30 06:00:00+00:00
[2026-03-28T07:32:14.857+0000] {processor.py:183} INFO - Processing /opt/airflow/dags/weekly_summary_pipeline.py took 0.094 seconds
[2026-03-28T07:32:45.456+0000] {processor.py:161} INFO - Started process (PID=11308) to work on /opt/airflow/dags/weekly_summary_pipeline.py
[2026-03-28T07:32:45.457+0000] {processor.py:830} INFO - Processing file /opt/airflow/dags/weekly_summary_pipeline.py for tasks to queue
[2026-03-28T07:32:45.458+0000] {logging_mixin.py:188} INFO - [2026-03-28T07:32:45.458+0000] {dagbag.py:538} INFO - Filling up the DagBag from /opt/airflow/dags/weekly_summary_pipeline.py
[2026-03-28T07:32:45.474+0000] {processor.py:840} INFO - DAG(s) 'weekly_summary_pipeline' retrieved from /opt/airflow/dags/weekly_summary_pipeline.py
[2026-03-28T07:32:45.501+0000] {logging_mixin.py:188} INFO - [2026-03-28T07:32:45.501+0000] {dag.py:3036} INFO - Sync 1 DAGs
[2026-03-28T07:32:45.527+0000] {logging_mixin.py:188} INFO - [2026-03-28T07:32:45.527+0000] {dag.py:3823} INFO - Setting next_dagrun for weekly_summary_pipeline to 2026-03-23 06:00:00+00:00, run_after=2026-03-30 06:00:00+00:00
[2026-03-28T07:32:45.554+0000] {processor.py:183} INFO - Processing /opt/airflow/dags/weekly_summary_pipeline.py took 0.100 seconds
[2026-03-28T07:33:16.086+0000] {processor.py:161} INFO - Started process (PID=11331) to work on /opt/airflow/dags/weekly_summary_pipeline.py
[2026-03-28T07:33:16.087+0000] {processor.py:830} INFO - Processing file /opt/airflow/dags/weekly_summary_pipeline.py for tasks to queue
[2026-03-28T07:33:16.088+0000] {logging_mixin.py:188} INFO - [2026-03-28T07:33:16.088+0000] {dagbag.py:538} INFO - Filling up the DagBag from /opt/airflow/dags/weekly_summary_pipeline.py
[2026-03-28T07:33:16.113+0000] {processor.py:840} INFO - DAG(s) 'weekly_summary_pipeline' retrieved from /opt/airflow/dags/weekly_summary_pipeline.py
[2026-03-28T07:33:16.148+0000] {logging_mixin.py:188} INFO - [2026-03-28T07:33:16.148+0000] {dag.py:3036} INFO - Sync 1 DAGs
[2026-03-28T07:33:16.175+0000] {logging_mixin.py:188} INFO - [2026-03-28T07:33:16.175+0000] {dag.py:3823} INFO - Setting next_dagrun for weekly_summary_pipeline to 2026-03-23 06:00:00+00:00, run_after=2026-03-30 06:00:00+00:00
[2026-03-28T07:33:16.202+0000] {processor.py:183} INFO - Processing /opt/airflow/dags/weekly_summary_pipeline.py took 0.119 seconds
[2026-03-28T07:33:46.714+0000] {processor.py:161} INFO - Started process (PID=11354) to work on /opt/airflow/dags/weekly_summary_pipeline.py
[2026-03-28T07:33:46.716+0000] {processor.py:830} INFO - Processing file /opt/airflow/dags/weekly_summary_pipeline.py for tasks to queue
[2026-03-28T07:33:46.716+0000] {logging_mixin.py:188} INFO - [2026-03-28T07:33:46.716+0000] {dagbag.py:538} INFO - Filling up the DagBag from /opt/airflow/dags/weekly_summary_pipeline.py
[2026-03-28T07:33:46.738+0000] {processor.py:840} INFO - DAG(s) 'weekly_summary_pipeline' retrieved from /opt/airflow/dags/weekly_summary_pipeline.py
[2026-03-28T07:33:46.765+0000] {logging_mixin.py:188} INFO - [2026-03-28T07:33:46.765+0000] {dag.py:3036} INFO - Sync 1 DAGs
[2026-03-28T07:33:46.786+0000] {logging_mixin.py:188} INFO - [2026-03-28T07:33:46.786+0000] {dag.py:3823} INFO - Setting next_dagrun for weekly_summary_pipeline to 2026-03-23 06:00:00+00:00, run_after=2026-03-30 06:00:00+00:00
[2026-03-28T07:33:46.806+0000] {processor.py:183} INFO - Processing /opt/airflow/dags/weekly_summary_pipeline.py took 0.094 seconds
[2026-03-28T07:34:17.369+0000] {processor.py:161} INFO - Started process (PID=11377) to work on /opt/airflow/dags/weekly_summary_pipeline.py
[2026-03-28T07:34:17.370+0000] {processor.py:830} INFO - Processing file /opt/airflow/dags/weekly_summary_pipeline.py for tasks to queue
[2026-03-28T07:34:17.371+0000] {logging_mixin.py:188} INFO - [2026-03-28T07:34:17.371+0000] {dagbag.py:538} INFO - Filling up the DagBag from /opt/airflow/dags/weekly_summary_pipeline.py
[2026-03-28T07:34:17.395+0000] {processor.py:840} INFO - DAG(s) 'weekly_summary_pipeline' retrieved from /opt/airflow/dags/weekly_summary_pipeline.py
[2026-03-28T07:34:17.429+0000] {logging_mixin.py:188} INFO - [2026-03-28T07:34:17.428+0000] {dag.py:3036} INFO - Sync 1 DAGs
[2026-03-28T07:34:17.452+0000] {logging_mixin.py:188} INFO - [2026-03-28T07:34:17.452+0000] {dag.py:3823} INFO - Setting next_dagrun for weekly_summary_pipeline to 2026-03-23 06:00:00+00:00, run_after=2026-03-30 06:00:00+00:00
[2026-03-28T07:34:17.472+0000] {processor.py:183} INFO - Processing /opt/airflow/dags/weekly_summary_pipeline.py took 0.105 seconds
[2026-03-28T07:34:48.050+0000] {processor.py:161} INFO - Started process (PID=11400) to work on /opt/airflow/dags/weekly_summary_pipeline.py
[2026-03-28T07:34:48.051+0000] {processor.py:830} INFO - Processing file /opt/airflow/dags/weekly_summary_pipeline.py for tasks to queue
[2026-03-28T07:34:48.052+0000] {logging_mixin.py:188} INFO - [2026-03-28T07:34:48.052+0000] {dagbag.py:538} INFO - Filling up the DagBag from /opt/airflow/dags/weekly_summary_pipeline.py
[2026-03-28T07:34:48.071+0000] {processor.py:840} INFO - DAG(s) 'weekly_summary_pipeline' retrieved from /opt/airflow/dags/weekly_summary_pipeline.py
[2026-03-28T07:34:48.100+0000] {logging_mixin.py:188} INFO - [2026-03-28T07:34:48.100+0000] {dag.py:3036} INFO - Sync 1 DAGs
[2026-03-28T07:34:48.124+0000] {logging_mixin.py:188} INFO - [2026-03-28T07:34:48.123+0000] {dag.py:3823} INFO - Setting next_dagrun for weekly_summary_pipeline to 2026-03-23 06:00:00+00:00, run_after=2026-03-30 06:00:00+00:00
[2026-03-28T07:34:48.143+0000] {processor.py:183} INFO - Processing /opt/airflow/dags/weekly_summary_pipeline.py took 0.096 seconds
[2026-03-28T07:35:18.720+0000] {processor.py:161} INFO - Started process (PID=11423) to work on /opt/airflow/dags/weekly_summary_pipeline.py
[2026-03-28T07:35:18.722+0000] {processor.py:830} INFO - Processing file /opt/airflow/dags/weekly_summary_pipeline.py for tasks to queue
[2026-03-28T07:35:18.723+0000] {logging_mixin.py:188} INFO - [2026-03-28T07:35:18.722+0000] {dagbag.py:538} INFO - Filling up the DagBag from /opt/airflow/dags/weekly_summary_pipeline.py
[2026-03-28T07:35:18.743+0000] {processor.py:840} INFO - DAG(s) 'weekly_summary_pipeline' retrieved from /opt/airflow/dags/weekly_summary_pipeline.py
[2026-03-28T07:35:18.773+0000] {logging_mixin.py:188} INFO - [2026-03-28T07:35:18.773+0000] {dag.py:3036} INFO - Sync 1 DAGs
[2026-03-28T07:35:18.797+0000] {logging_mixin.py:188} INFO - [2026-03-28T07:35:18.796+0000] {dag.py:3823} INFO - Setting next_dagrun for weekly_summary_pipeline to 2026-03-23 06:00:00+00:00, run_after=2026-03-30 06:00:00+00:00
[2026-03-28T07:35:18.821+0000] {processor.py:183} INFO - Processing /opt/airflow/dags/weekly_summary_pipeline.py took 0.104 seconds
[2026-03-28T07:35:49.377+0000] {processor.py:161} INFO - Started process (PID=11446) to work on /opt/airflow/dags/weekly_summary_pipeline.py
[2026-03-28T07:35:49.378+0000] {processor.py:830} INFO - Processing file /opt/airflow/dags/weekly_summary_pipeline.py for tasks to queue
[2026-03-28T07:35:49.379+0000] {logging_mixin.py:188} INFO - [2026-03-28T07:35:49.379+0000] {dagbag.py:538} INFO - Filling up the DagBag from /opt/airflow/dags/weekly_summary_pipeline.py
[2026-03-28T07:35:49.397+0000] {processor.py:840} INFO - DAG(s) 'weekly_summary_pipeline' retrieved from /opt/airflow/dags/weekly_summary_pipeline.py
[2026-03-28T07:35:49.425+0000] {logging_mixin.py:188} INFO - [2026-03-28T07:35:49.425+0000] {dag.py:3036} INFO - Sync 1 DAGs
[2026-03-28T07:35:49.447+0000] {logging_mixin.py:188} INFO - [2026-03-28T07:35:49.446+0000] {dag.py:3823} INFO - Setting next_dagrun for weekly_summary_pipeline to 2026-03-23 06:00:00+00:00, run_after=2026-03-30 06:00:00+00:00
[2026-03-28T07:35:49.465+0000] {processor.py:183} INFO - Processing /opt/airflow/dags/weekly_summary_pipeline.py took 0.091 seconds
[2026-03-28T07:36:20.108+0000] {processor.py:161} INFO - Started process (PID=11469) to work on /opt/airflow/dags/weekly_summary_pipeline.py
[2026-03-28T07:36:20.110+0000] {processor.py:830} INFO - Processing file /opt/airflow/dags/weekly_summary_pipeline.py for tasks to queue
[2026-03-28T07:36:20.112+0000] {logging_mixin.py:188} INFO - [2026-03-28T07:36:20.111+0000] {dagbag.py:538} INFO - Filling up the DagBag from /opt/airflow/dags/weekly_summary_pipeline.py
[2026-03-28T07:36:20.131+0000] {processor.py:840} INFO - DAG(s) 'weekly_summary_pipeline' retrieved from /opt/airflow/dags/weekly_summary_pipeline.py
[2026-03-28T07:36:20.157+0000] {logging_mixin.py:188} INFO - [2026-03-28T07:36:20.157+0000] {dag.py:3036} INFO - Sync 1 DAGs
[2026-03-28T07:36:20.179+0000] {logging_mixin.py:188} INFO - [2026-03-28T07:36:20.179+0000] {dag.py:3823} INFO - Setting next_dagrun for weekly_summary_pipeline to 2026-03-23 06:00:00+00:00, run_after=2026-03-30 06:00:00+00:00
[2026-03-28T07:36:20.198+0000] {processor.py:183} INFO - Processing /opt/airflow/dags/weekly_summary_pipeline.py took 0.093 seconds
[2026-03-28T07:36:50.779+0000] {processor.py:161} INFO - Started process (PID=11492) to work on /opt/airflow/dags/weekly_summary_pipeline.py
[2026-03-28T07:36:50.781+0000] {processor.py:830} INFO - Processing file /opt/airflow/dags/weekly_summary_pipeline.py for tasks to queue
[2026-03-28T07:36:50.782+0000] {logging_mixin.py:188} INFO - [2026-03-28T07:36:50.781+0000] {dagbag.py:538} INFO - Filling up the DagBag from /opt/airflow/dags/weekly_summary_pipeline.py
[2026-03-28T07:36:50.799+0000] {processor.py:840} INFO - DAG(s) 'weekly_summary_pipeline' retrieved from /opt/airflow/dags/weekly_summary_pipeline.py
[2026-03-28T07:36:50.823+0000] {logging_mixin.py:188} INFO - [2026-03-28T07:36:50.823+0000] {dag.py:3036} INFO - Sync 1 DAGs
[2026-03-28T07:36:50.845+0000] {logging_mixin.py:188} INFO - [2026-03-28T07:36:50.844+0000] {dag.py:3823} INFO - Setting next_dagrun for weekly_summary_pipeline to 2026-03-23 06:00:00+00:00, run_after=2026-03-30 06:00:00+00:00
[2026-03-28T07:36:50.866+0000] {processor.py:183} INFO - Processing /opt/airflow/dags/weekly_summary_pipeline.py took 0.090 seconds
[2026-03-28T07:37:21.363+0000] {processor.py:161} INFO - Started process (PID=11515) to work on /opt/airflow/dags/weekly_summary_pipeline.py
[2026-03-28T07:37:21.365+0000] {processor.py:830} INFO - Processing file /opt/airflow/dags/weekly_summary_pipeline.py for tasks to queue
[2026-03-28T07:37:21.366+0000] {logging_mixin.py:188} INFO - [2026-03-28T07:37:21.365+0000] {dagbag.py:538} INFO - Filling up the DagBag from /opt/airflow/dags/weekly_summary_pipeline.py
[2026-03-28T07:37:21.386+0000] {processor.py:840} INFO - DAG(s) 'weekly_summary_pipeline' retrieved from /opt/airflow/dags/weekly_summary_pipeline.py
[2026-03-28T07:37:21.413+0000] {logging_mixin.py:188} INFO - [2026-03-28T07:37:21.413+0000] {dag.py:3036} INFO - Sync 1 DAGs
[2026-03-28T07:37:21.438+0000] {logging_mixin.py:188} INFO - [2026-03-28T07:37:21.438+0000] {dag.py:3823} INFO - Setting next_dagrun for weekly_summary_pipeline to 2026-03-23 06:00:00+00:00, run_after=2026-03-30 06:00:00+00:00
[2026-03-28T07:37:21.463+0000] {processor.py:183} INFO - Processing /opt/airflow/dags/weekly_summary_pipeline.py took 0.104 seconds
[2026-03-28T07:37:51.979+0000] {processor.py:161} INFO - Started process (PID=11530) to work on /opt/airflow/dags/weekly_summary_pipeline.py
[2026-03-28T07:37:51.980+0000] {processor.py:830} INFO - Processing file /opt/airflow/dags/weekly_summary_pipeline.py for tasks to queue
[2026-03-28T07:37:51.981+0000] {logging_mixin.py:188} INFO - [2026-03-28T07:37:51.981+0000] {dagbag.py:538} INFO - Filling up the DagBag from /opt/airflow/dags/weekly_summary_pipeline.py
[2026-03-28T07:37:51.998+0000] {processor.py:840} INFO - DAG(s) 'weekly_summary_pipeline' retrieved from /opt/airflow/dags/weekly_summary_pipeline.py
[2026-03-28T07:37:52.048+0000] {logging_mixin.py:188} INFO - [2026-03-28T07:37:52.047+0000] {dag.py:3036} INFO - Sync 1 DAGs
[2026-03-28T07:37:52.086+0000] {logging_mixin.py:188} INFO - [2026-03-28T07:37:52.086+0000] {dag.py:3823} INFO - Setting next_dagrun for weekly_summary_pipeline to 2026-03-23 06:00:00+00:00, run_after=2026-03-30 06:00:00+00:00
[2026-03-28T07:37:52.111+0000] {processor.py:183} INFO - Processing /opt/airflow/dags/weekly_summary_pipeline.py took 0.135 seconds
[2026-03-28T07:38:22.675+0000] {processor.py:161} INFO - Started process (PID=11553) to work on /opt/airflow/dags/weekly_summary_pipeline.py
[2026-03-28T07:38:22.676+0000] {processor.py:830} INFO - Processing file /opt/airflow/dags/weekly_summary_pipeline.py for tasks to queue
[2026-03-28T07:38:22.677+0000] {logging_mixin.py:188} INFO - [2026-03-28T07:38:22.677+0000] {dagbag.py:538} INFO - Filling up the DagBag from /opt/airflow/dags/weekly_summary_pipeline.py
[2026-03-28T07:38:22.700+0000] {processor.py:840} INFO - DAG(s) 'weekly_summary_pipeline' retrieved from /opt/airflow/dags/weekly_summary_pipeline.py
[2026-03-28T07:38:22.733+0000] {logging_mixin.py:188} INFO - [2026-03-28T07:38:22.733+0000] {dag.py:3036} INFO - Sync 1 DAGs
[2026-03-28T07:38:22.761+0000] {logging_mixin.py:188} INFO - [2026-03-28T07:38:22.761+0000] {dag.py:3823} INFO - Setting next_dagrun for weekly_summary_pipeline to 2026-03-23 06:00:00+00:00, run_after=2026-03-30 06:00:00+00:00
[2026-03-28T07:38:22.785+0000] {processor.py:183} INFO - Processing /opt/airflow/dags/weekly_summary_pipeline.py took 0.112 seconds
[2026-03-28T07:38:53.360+0000] {processor.py:161} INFO - Started process (PID=11576) to work on /opt/airflow/dags/weekly_summary_pipeline.py
[2026-03-28T07:38:53.361+0000] {processor.py:830} INFO - Processing file /opt/airflow/dags/weekly_summary_pipeline.py for tasks to queue
[2026-03-28T07:38:53.362+0000] {logging_mixin.py:188} INFO - [2026-03-28T07:38:53.362+0000] {dagbag.py:538} INFO - Filling up the DagBag from /opt/airflow/dags/weekly_summary_pipeline.py
[2026-03-28T07:38:53.383+0000] {processor.py:840} INFO - DAG(s) 'weekly_summary_pipeline' retrieved from /opt/airflow/dags/weekly_summary_pipeline.py
[2026-03-28T07:38:53.414+0000] {logging_mixin.py:188} INFO - [2026-03-28T07:38:53.414+0000] {dag.py:3036} INFO - Sync 1 DAGs
[2026-03-28T07:38:53.438+0000] {logging_mixin.py:188} INFO - [2026-03-28T07:38:53.438+0000] {dag.py:3823} INFO - Setting next_dagrun for weekly_summary_pipeline to 2026-03-23 06:00:00+00:00, run_after=2026-03-30 06:00:00+00:00
[2026-03-28T07:38:53.459+0000] {processor.py:183} INFO - Processing /opt/airflow/dags/weekly_summary_pipeline.py took 0.102 seconds
[2026-03-28T07:39:24.015+0000] {processor.py:161} INFO - Started process (PID=11599) to work on /opt/airflow/dags/weekly_summary_pipeline.py
[2026-03-28T07:39:24.016+0000] {processor.py:830} INFO - Processing file /opt/airflow/dags/weekly_summary_pipeline.py for tasks to queue
[2026-03-28T07:39:24.017+0000] {logging_mixin.py:188} INFO - [2026-03-28T07:39:24.017+0000] {dagbag.py:538} INFO - Filling up the DagBag from /opt/airflow/dags/weekly_summary_pipeline.py
[2026-03-28T07:39:24.040+0000] {processor.py:840} INFO - DAG(s) 'weekly_summary_pipeline' retrieved from /opt/airflow/dags/weekly_summary_pipeline.py
[2026-03-28T07:39:24.069+0000] {logging_mixin.py:188} INFO - [2026-03-28T07:39:24.069+0000] {dag.py:3036} INFO - Sync 1 DAGs
[2026-03-28T07:39:24.094+0000] {logging_mixin.py:188} INFO - [2026-03-28T07:39:24.093+0000] {dag.py:3823} INFO - Setting next_dagrun for weekly_summary_pipeline to 2026-03-23 06:00:00+00:00, run_after=2026-03-30 06:00:00+00:00
[2026-03-28T07:39:24.117+0000] {processor.py:183} INFO - Processing /opt/airflow/dags/weekly_summary_pipeline.py took 0.108 seconds
[2026-03-28T07:39:54.630+0000] {processor.py:161} INFO - Started process (PID=11622) to work on /opt/airflow/dags/weekly_summary_pipeline.py
[2026-03-28T07:39:54.631+0000] {processor.py:830} INFO - Processing file /opt/airflow/dags/weekly_summary_pipeline.py for tasks to queue
[2026-03-28T07:39:54.632+0000] {logging_mixin.py:188} INFO - [2026-03-28T07:39:54.632+0000] {dagbag.py:538} INFO - Filling up the DagBag from /opt/airflow/dags/weekly_summary_pipeline.py
[2026-03-28T07:39:54.652+0000] {processor.py:840} INFO - DAG(s) 'weekly_summary_pipeline' retrieved from /opt/airflow/dags/weekly_summary_pipeline.py
[2026-03-28T07:39:54.679+0000] {logging_mixin.py:188} INFO - [2026-03-28T07:39:54.679+0000] {dag.py:3036} INFO - Sync 1 DAGs
[2026-03-28T07:39:54.703+0000] {logging_mixin.py:188} INFO - [2026-03-28T07:39:54.703+0000] {dag.py:3823} INFO - Setting next_dagrun for weekly_summary_pipeline to 2026-03-23 06:00:00+00:00, run_after=2026-03-30 06:00:00+00:00
[2026-03-28T07:39:54.722+0000] {processor.py:183} INFO - Processing /opt/airflow/dags/weekly_summary_pipeline.py took 0.095 seconds
[2026-03-28T07:40:25.297+0000] {processor.py:161} INFO - Started process (PID=11645) to work on /opt/airflow/dags/weekly_summary_pipeline.py
[2026-03-28T07:40:25.298+0000] {processor.py:830} INFO - Processing file /opt/airflow/dags/weekly_summary_pipeline.py for tasks to queue
[2026-03-28T07:40:25.299+0000] {logging_mixin.py:188} INFO - [2026-03-28T07:40:25.299+0000] {dagbag.py:538} INFO - Filling up the DagBag from /opt/airflow/dags/weekly_summary_pipeline.py
[2026-03-28T07:40:25.320+0000] {processor.py:840} INFO - DAG(s) 'weekly_summary_pipeline' retrieved from /opt/airflow/dags/weekly_summary_pipeline.py
[2026-03-28T07:40:25.350+0000] {logging_mixin.py:188} INFO - [2026-03-28T07:40:25.350+0000] {dag.py:3036} INFO - Sync 1 DAGs
[2026-03-28T07:40:25.374+0000] {logging_mixin.py:188} INFO - [2026-03-28T07:40:25.374+0000] {dag.py:3823} INFO - Setting next_dagrun for weekly_summary_pipeline to 2026-03-23 06:00:00+00:00, run_after=2026-03-30 06:00:00+00:00
[2026-03-28T07:40:25.397+0000] {processor.py:183} INFO - Processing /opt/airflow/dags/weekly_summary_pipeline.py took 0.103 seconds
[2026-03-28T07:40:55.904+0000] {processor.py:161} INFO - Started process (PID=11668) to work on /opt/airflow/dags/weekly_summary_pipeline.py
[2026-03-28T07:40:55.905+0000] {processor.py:830} INFO - Processing file /opt/airflow/dags/weekly_summary_pipeline.py for tasks to queue
[2026-03-28T07:40:55.907+0000] {logging_mixin.py:188} INFO - [2026-03-28T07:40:55.906+0000] {dagbag.py:538} INFO - Filling up the DagBag from /opt/airflow/dags/weekly_summary_pipeline.py
[2026-03-28T07:40:55.935+0000] {processor.py:840} INFO - DAG(s) 'weekly_summary_pipeline' retrieved from /opt/airflow/dags/weekly_summary_pipeline.py
[2026-03-28T07:40:55.970+0000] {logging_mixin.py:188} INFO - [2026-03-28T07:40:55.970+0000] {dag.py:3036} INFO - Sync 1 DAGs
[2026-03-28T07:40:56.000+0000] {logging_mixin.py:188} INFO - [2026-03-28T07:40:55.999+0000] {dag.py:3823} INFO - Setting next_dagrun for weekly_summary_pipeline to 2026-03-23 06:00:00+00:00, run_after=2026-03-30 06:00:00+00:00
[2026-03-28T07:40:56.024+0000] {processor.py:183} INFO - Processing /opt/airflow/dags/weekly_summary_pipeline.py took 0.124 seconds
[2026-03-28T07:41:26.659+0000] {processor.py:161} INFO - Started process (PID=11691) to work on /opt/airflow/dags/weekly_summary_pipeline.py
[2026-03-28T07:41:26.660+0000] {processor.py:830} INFO - Processing file /opt/airflow/dags/weekly_summary_pipeline.py for tasks to queue
[2026-03-28T07:41:26.661+0000] {logging_mixin.py:188} INFO - [2026-03-28T07:41:26.661+0000] {dagbag.py:538} INFO - Filling up the DagBag from /opt/airflow/dags/weekly_summary_pipeline.py
[2026-03-28T07:41:26.677+0000] {processor.py:840} INFO - DAG(s) 'weekly_summary_pipeline' retrieved from /opt/airflow/dags/weekly_summary_pipeline.py
[2026-03-28T07:41:26.704+0000] {logging_mixin.py:188} INFO - [2026-03-28T07:41:26.704+0000] {dag.py:3036} INFO - Sync 1 DAGs
[2026-03-28T07:41:26.726+0000] {logging_mixin.py:188} INFO - [2026-03-28T07:41:26.726+0000] {dag.py:3823} INFO - Setting next_dagrun for weekly_summary_pipeline to 2026-03-23 06:00:00+00:00, run_after=2026-03-30 06:00:00+00:00
[2026-03-28T07:41:26.749+0000] {processor.py:183} INFO - Processing /opt/airflow/dags/weekly_summary_pipeline.py took 0.092 seconds
[2026-03-28T07:41:57.365+0000] {processor.py:161} INFO - Started process (PID=11714) to work on /opt/airflow/dags/weekly_summary_pipeline.py
[2026-03-28T07:41:57.366+0000] {processor.py:830} INFO - Processing file /opt/airflow/dags/weekly_summary_pipeline.py for tasks to queue
[2026-03-28T07:41:57.367+0000] {logging_mixin.py:188} INFO - [2026-03-28T07:41:57.367+0000] {dagbag.py:538} INFO - Filling up the DagBag from /opt/airflow/dags/weekly_summary_pipeline.py
[2026-03-28T07:41:57.384+0000] {processor.py:840} INFO - DAG(s) 'weekly_summary_pipeline' retrieved from /opt/airflow/dags/weekly_summary_pipeline.py
[2026-03-28T07:41:57.409+0000] {logging_mixin.py:188} INFO - [2026-03-28T07:41:57.409+0000] {dag.py:3036} INFO - Sync 1 DAGs
[2026-03-28T07:41:57.431+0000] {logging_mixin.py:188} INFO - [2026-03-28T07:41:57.431+0000] {dag.py:3823} INFO - Setting next_dagrun for weekly_summary_pipeline to 2026-03-23 06:00:00+00:00, run_after=2026-03-30 06:00:00+00:00
[2026-03-28T07:41:57.451+0000] {processor.py:183} INFO - Processing /opt/airflow/dags/weekly_summary_pipeline.py took 0.088 seconds
[2026-03-28T07:42:28.005+0000] {processor.py:161} INFO - Started process (PID=11737) to work on /opt/airflow/dags/weekly_summary_pipeline.py
[2026-03-28T07:42:28.006+0000] {processor.py:830} INFO - Processing file /opt/airflow/dags/weekly_summary_pipeline.py for tasks to queue
[2026-03-28T07:42:28.007+0000] {logging_mixin.py:188} INFO - [2026-03-28T07:42:28.007+0000] {dagbag.py:538} INFO - Filling up the DagBag from /opt/airflow/dags/weekly_summary_pipeline.py
[2026-03-28T07:42:28.029+0000] {processor.py:840} INFO - DAG(s) 'weekly_summary_pipeline' retrieved from /opt/airflow/dags/weekly_summary_pipeline.py
[2026-03-28T07:42:28.061+0000] {logging_mixin.py:188} INFO - [2026-03-28T07:42:28.061+0000] {dag.py:3036} INFO - Sync 1 DAGs
[2026-03-28T07:42:28.082+0000] {logging_mixin.py:188} INFO - [2026-03-28T07:42:28.082+0000] {dag.py:3823} INFO - Setting next_dagrun for weekly_summary_pipeline to 2026-03-23 06:00:00+00:00, run_after=2026-03-30 06:00:00+00:00
[2026-03-28T07:42:28.102+0000] {processor.py:183} INFO - Processing /opt/airflow/dags/weekly_summary_pipeline.py took 0.101 seconds
[2026-03-28T07:42:58.696+0000] {processor.py:161} INFO - Started process (PID=11760) to work on /opt/airflow/dags/weekly_summary_pipeline.py
[2026-03-28T07:42:58.697+0000] {processor.py:830} INFO - Processing file /opt/airflow/dags/weekly_summary_pipeline.py for tasks to queue
[2026-03-28T07:42:58.698+0000] {logging_mixin.py:188} INFO - [2026-03-28T07:42:58.698+0000] {dagbag.py:538} INFO - Filling up the DagBag from /opt/airflow/dags/weekly_summary_pipeline.py
[2026-03-28T07:42:58.716+0000] {processor.py:840} INFO - DAG(s) 'weekly_summary_pipeline' retrieved from /opt/airflow/dags/weekly_summary_pipeline.py
[2026-03-28T07:42:58.744+0000] {logging_mixin.py:188} INFO - [2026-03-28T07:42:58.744+0000] {dag.py:3036} INFO - Sync 1 DAGs
[2026-03-28T07:42:58.768+0000] {logging_mixin.py:188} INFO - [2026-03-28T07:42:58.767+0000] {dag.py:3823} INFO - Setting next_dagrun for weekly_summary_pipeline to 2026-03-23 06:00:00+00:00, run_after=2026-03-30 06:00:00+00:00
[2026-03-28T07:42:58.789+0000] {processor.py:183} INFO - Processing /opt/airflow/dags/weekly_summary_pipeline.py took 0.095 seconds
[2026-03-28T07:43:29.352+0000] {processor.py:161} INFO - Started process (PID=11783) to work on /opt/airflow/dags/weekly_summary_pipeline.py
[2026-03-28T07:43:29.354+0000] {processor.py:830} INFO - Processing file /opt/airflow/dags/weekly_summary_pipeline.py for tasks to queue
[2026-03-28T07:43:29.355+0000] {logging_mixin.py:188} INFO - [2026-03-28T07:43:29.355+0000] {dagbag.py:538} INFO - Filling up the DagBag from /opt/airflow/dags/weekly_summary_pipeline.py
[2026-03-28T07:43:29.386+0000] {processor.py:840} INFO - DAG(s) 'weekly_summary_pipeline' retrieved from /opt/airflow/dags/weekly_summary_pipeline.py
[2026-03-28T07:43:29.420+0000] {logging_mixin.py:188} INFO - [2026-03-28T07:43:29.420+0000] {dag.py:3036} INFO - Sync 1 DAGs
[2026-03-28T07:43:29.442+0000] {logging_mixin.py:188} INFO - [2026-03-28T07:43:29.442+0000] {dag.py:3823} INFO - Setting next_dagrun for weekly_summary_pipeline to 2026-03-23 06:00:00+00:00, run_after=2026-03-30 06:00:00+00:00
[2026-03-28T07:43:29.467+0000] {processor.py:183} INFO - Processing /opt/airflow/dags/weekly_summary_pipeline.py took 0.119 seconds
[2026-03-28T07:44:00.060+0000] {processor.py:161} INFO - Started process (PID=11798) to work on /opt/airflow/dags/weekly_summary_pipeline.py
[2026-03-28T07:44:00.061+0000] {processor.py:830} INFO - Processing file /opt/airflow/dags/weekly_summary_pipeline.py for tasks to queue
[2026-03-28T07:44:00.063+0000] {logging_mixin.py:188} INFO - [2026-03-28T07:44:00.062+0000] {dagbag.py:538} INFO - Filling up the DagBag from /opt/airflow/dags/weekly_summary_pipeline.py
[2026-03-28T07:44:00.089+0000] {processor.py:840} INFO - DAG(s) 'weekly_summary_pipeline' retrieved from /opt/airflow/dags/weekly_summary_pipeline.py
[2026-03-28T07:44:00.123+0000] {logging_mixin.py:188} INFO - [2026-03-28T07:44:00.123+0000] {dag.py:3036} INFO - Sync 1 DAGs
[2026-03-28T07:44:00.150+0000] {logging_mixin.py:188} INFO - [2026-03-28T07:44:00.150+0000] {dag.py:3823} INFO - Setting next_dagrun for weekly_summary_pipeline to 2026-03-23 06:00:00+00:00, run_after=2026-03-30 06:00:00+00:00
[2026-03-28T07:44:00.175+0000] {processor.py:183} INFO - Processing /opt/airflow/dags/weekly_summary_pipeline.py took 0.120 seconds
[2026-03-28T07:44:30.730+0000] {processor.py:161} INFO - Started process (PID=11821) to work on /opt/airflow/dags/weekly_summary_pipeline.py
[2026-03-28T07:44:30.731+0000] {processor.py:830} INFO - Processing file /opt/airflow/dags/weekly_summary_pipeline.py for tasks to queue
[2026-03-28T07:44:30.732+0000] {logging_mixin.py:188} INFO - [2026-03-28T07:44:30.731+0000] {dagbag.py:538} INFO - Filling up the DagBag from /opt/airflow/dags/weekly_summary_pipeline.py
[2026-03-28T07:44:30.752+0000] {processor.py:840} INFO - DAG(s) 'weekly_summary_pipeline' retrieved from /opt/airflow/dags/weekly_summary_pipeline.py
[2026-03-28T07:44:30.783+0000] {logging_mixin.py:188} INFO - [2026-03-28T07:44:30.783+0000] {dag.py:3036} INFO - Sync 1 DAGs
[2026-03-28T07:44:30.807+0000] {logging_mixin.py:188} INFO - [2026-03-28T07:44:30.807+0000] {dag.py:3823} INFO - Setting next_dagrun for weekly_summary_pipeline to 2026-03-23 06:00:00+00:00, run_after=2026-03-30 06:00:00+00:00
[2026-03-28T07:44:30.900+0000] {processor.py:183} INFO - Processing /opt/airflow/dags/weekly_summary_pipeline.py took 0.173 seconds
[2026-03-28T07:45:01.333+0000] {processor.py:161} INFO - Started process (PID=11844) to work on /opt/airflow/dags/weekly_summary_pipeline.py
[2026-03-28T07:45:01.334+0000] {processor.py:830} INFO - Processing file /opt/airflow/dags/weekly_summary_pipeline.py for tasks to queue
[2026-03-28T07:45:01.335+0000] {logging_mixin.py:188} INFO - [2026-03-28T07:45:01.335+0000] {dagbag.py:538} INFO - Filling up the DagBag from /opt/airflow/dags/weekly_summary_pipeline.py
[2026-03-28T07:45:01.367+0000] {processor.py:840} INFO - DAG(s) 'weekly_summary_pipeline' retrieved from /opt/airflow/dags/weekly_summary_pipeline.py
[2026-03-28T07:45:01.392+0000] {logging_mixin.py:188} INFO - [2026-03-28T07:45:01.392+0000] {dag.py:3036} INFO - Sync 1 DAGs
[2026-03-28T07:45:01.414+0000] {logging_mixin.py:188} INFO - [2026-03-28T07:45:01.414+0000] {dag.py:3823} INFO - Setting next_dagrun for weekly_summary_pipeline to 2026-03-23 06:00:00+00:00, run_after=2026-03-30 06:00:00+00:00
[2026-03-28T07:45:01.452+0000] {processor.py:183} INFO - Processing /opt/airflow/dags/weekly_summary_pipeline.py took 0.122 seconds
[2026-03-28T07:45:32.106+0000] {processor.py:161} INFO - Started process (PID=11867) to work on /opt/airflow/dags/weekly_summary_pipeline.py
[2026-03-28T07:45:32.107+0000] {processor.py:830} INFO - Processing file /opt/airflow/dags/weekly_summary_pipeline.py for tasks to queue
[2026-03-28T07:45:32.108+0000] {logging_mixin.py:188} INFO - [2026-03-28T07:45:32.108+0000] {dagbag.py:538} INFO - Filling up the DagBag from /opt/airflow/dags/weekly_summary_pipeline.py
[2026-03-28T07:45:32.130+0000] {processor.py:840} INFO - DAG(s) 'weekly_summary_pipeline' retrieved from /opt/airflow/dags/weekly_summary_pipeline.py
[2026-03-28T07:45:32.171+0000] {logging_mixin.py:188} INFO - [2026-03-28T07:45:32.171+0000] {dag.py:3036} INFO - Sync 1 DAGs
[2026-03-28T07:45:32.202+0000] {logging_mixin.py:188} INFO - [2026-03-28T07:45:32.202+0000] {dag.py:3823} INFO - Setting next_dagrun for weekly_summary_pipeline to 2026-03-23 06:00:00+00:00, run_after=2026-03-30 06:00:00+00:00
[2026-03-28T07:45:32.241+0000] {processor.py:183} INFO - Processing /opt/airflow/dags/weekly_summary_pipeline.py took 0.138 seconds
[2026-03-28T07:46:02.811+0000] {processor.py:161} INFO - Started process (PID=11890) to work on /opt/airflow/dags/weekly_summary_pipeline.py
[2026-03-28T07:46:02.812+0000] {processor.py:830} INFO - Processing file /opt/airflow/dags/weekly_summary_pipeline.py for tasks to queue
[2026-03-28T07:46:02.813+0000] {logging_mixin.py:188} INFO - [2026-03-28T07:46:02.813+0000] {dagbag.py:538} INFO - Filling up the DagBag from /opt/airflow/dags/weekly_summary_pipeline.py
[2026-03-28T07:46:02.846+0000] {processor.py:840} INFO - DAG(s) 'weekly_summary_pipeline' retrieved from /opt/airflow/dags/weekly_summary_pipeline.py
[2026-03-28T07:46:02.886+0000] {logging_mixin.py:188} INFO - [2026-03-28T07:46:02.886+0000] {dag.py:3036} INFO - Sync 1 DAGs
[2026-03-28T07:46:02.920+0000] {logging_mixin.py:188} INFO - [2026-03-28T07:46:02.920+0000] {dag.py:3823} INFO - Setting next_dagrun for weekly_summary_pipeline to 2026-03-23 06:00:00+00:00, run_after=2026-03-30 06:00:00+00:00
[2026-03-28T07:46:02.959+0000] {processor.py:183} INFO - Processing /opt/airflow/dags/weekly_summary_pipeline.py took 0.151 seconds
[2026-03-28T07:46:33.508+0000] {processor.py:161} INFO - Started process (PID=11913) to work on /opt/airflow/dags/weekly_summary_pipeline.py
[2026-03-28T07:46:33.510+0000] {processor.py:830} INFO - Processing file /opt/airflow/dags/weekly_summary_pipeline.py for tasks to queue
[2026-03-28T07:46:33.512+0000] {logging_mixin.py:188} INFO - [2026-03-28T07:46:33.511+0000] {dagbag.py:538} INFO - Filling up the DagBag from /opt/airflow/dags/weekly_summary_pipeline.py
[2026-03-28T07:46:33.553+0000] {processor.py:840} INFO - DAG(s) 'weekly_summary_pipeline' retrieved from /opt/airflow/dags/weekly_summary_pipeline.py
[2026-03-28T07:46:33.597+0000] {logging_mixin.py:188} INFO - [2026-03-28T07:46:33.596+0000] {dag.py:3036} INFO - Sync 1 DAGs
[2026-03-28T07:46:33.631+0000] {logging_mixin.py:188} INFO - [2026-03-28T07:46:33.630+0000] {dag.py:3823} INFO - Setting next_dagrun for weekly_summary_pipeline to 2026-03-23 06:00:00+00:00, run_after=2026-03-30 06:00:00+00:00
[2026-03-28T07:46:33.688+0000] {processor.py:183} INFO - Processing /opt/airflow/dags/weekly_summary_pipeline.py took 0.183 seconds
[2026-03-28T07:47:04.306+0000] {processor.py:161} INFO - Started process (PID=11935) to work on /opt/airflow/dags/weekly_summary_pipeline.py
[2026-03-28T07:47:04.307+0000] {processor.py:830} INFO - Processing file /opt/airflow/dags/weekly_summary_pipeline.py for tasks to queue
[2026-03-28T07:47:04.308+0000] {logging_mixin.py:188} INFO - [2026-03-28T07:47:04.308+0000] {dagbag.py:538} INFO - Filling up the DagBag from /opt/airflow/dags/weekly_summary_pipeline.py
[2026-03-28T07:47:04.330+0000] {processor.py:840} INFO - DAG(s) 'weekly_summary_pipeline' retrieved from /opt/airflow/dags/weekly_summary_pipeline.py
[2026-03-28T07:47:04.369+0000] {logging_mixin.py:188} INFO - [2026-03-28T07:47:04.368+0000] {dag.py:3036} INFO - Sync 1 DAGs
[2026-03-28T07:47:04.399+0000] {logging_mixin.py:188} INFO - [2026-03-28T07:47:04.399+0000] {dag.py:3823} INFO - Setting next_dagrun for weekly_summary_pipeline to 2026-03-23 06:00:00+00:00, run_after=2026-03-30 06:00:00+00:00
[2026-03-28T07:47:04.419+0000] {processor.py:183} INFO - Processing /opt/airflow/dags/weekly_summary_pipeline.py took 0.115 seconds
[2026-03-28T07:47:35.001+0000] {processor.py:161} INFO - Started process (PID=11958) to work on /opt/airflow/dags/weekly_summary_pipeline.py
[2026-03-28T07:47:35.002+0000] {processor.py:830} INFO - Processing file /opt/airflow/dags/weekly_summary_pipeline.py for tasks to queue
[2026-03-28T07:47:35.003+0000] {logging_mixin.py:188} INFO - [2026-03-28T07:47:35.002+0000] {dagbag.py:538} INFO - Filling up the DagBag from /opt/airflow/dags/weekly_summary_pipeline.py
[2026-03-28T07:47:35.021+0000] {processor.py:840} INFO - DAG(s) 'weekly_summary_pipeline' retrieved from /opt/airflow/dags/weekly_summary_pipeline.py
[2026-03-28T07:47:35.049+0000] {logging_mixin.py:188} INFO - [2026-03-28T07:47:35.049+0000] {dag.py:3036} INFO - Sync 1 DAGs
[2026-03-28T07:47:35.072+0000] {logging_mixin.py:188} INFO - [2026-03-28T07:47:35.072+0000] {dag.py:3823} INFO - Setting next_dagrun for weekly_summary_pipeline to 2026-03-23 06:00:00+00:00, run_after=2026-03-30 06:00:00+00:00
[2026-03-28T07:47:35.094+0000] {processor.py:183} INFO - Processing /opt/airflow/dags/weekly_summary_pipeline.py took 0.096 seconds
[2026-03-28T07:48:05.649+0000] {processor.py:161} INFO - Started process (PID=11981) to work on /opt/airflow/dags/weekly_summary_pipeline.py
[2026-03-28T07:48:05.650+0000] {processor.py:830} INFO - Processing file /opt/airflow/dags/weekly_summary_pipeline.py for tasks to queue
[2026-03-28T07:48:05.650+0000] {logging_mixin.py:188} INFO - [2026-03-28T07:48:05.650+0000] {dagbag.py:538} INFO - Filling up the DagBag from /opt/airflow/dags/weekly_summary_pipeline.py
[2026-03-28T07:48:05.667+0000] {processor.py:840} INFO - DAG(s) 'weekly_summary_pipeline' retrieved from /opt/airflow/dags/weekly_summary_pipeline.py
[2026-03-28T07:48:05.693+0000] {logging_mixin.py:188} INFO - [2026-03-28T07:48:05.693+0000] {dag.py:3036} INFO - Sync 1 DAGs
[2026-03-28T07:48:05.717+0000] {logging_mixin.py:188} INFO - [2026-03-28T07:48:05.716+0000] {dag.py:3823} INFO - Setting next_dagrun for weekly_summary_pipeline to 2026-03-23 06:00:00+00:00, run_after=2026-03-30 06:00:00+00:00
[2026-03-28T07:48:05.740+0000] {processor.py:183} INFO - Processing /opt/airflow/dags/weekly_summary_pipeline.py took 0.094 seconds
[2026-03-28T07:48:36.369+0000] {processor.py:161} INFO - Started process (PID=12004) to work on /opt/airflow/dags/weekly_summary_pipeline.py
[2026-03-28T07:48:36.370+0000] {processor.py:830} INFO - Processing file /opt/airflow/dags/weekly_summary_pipeline.py for tasks to queue
[2026-03-28T07:48:36.371+0000] {logging_mixin.py:188} INFO - [2026-03-28T07:48:36.371+0000] {dagbag.py:538} INFO - Filling up the DagBag from /opt/airflow/dags/weekly_summary_pipeline.py
[2026-03-28T07:48:36.390+0000] {processor.py:840} INFO - DAG(s) 'weekly_summary_pipeline' retrieved from /opt/airflow/dags/weekly_summary_pipeline.py
[2026-03-28T07:48:36.416+0000] {logging_mixin.py:188} INFO - [2026-03-28T07:48:36.415+0000] {dag.py:3036} INFO - Sync 1 DAGs
[2026-03-28T07:48:36.436+0000] {logging_mixin.py:188} INFO - [2026-03-28T07:48:36.436+0000] {dag.py:3823} INFO - Setting next_dagrun for weekly_summary_pipeline to 2026-03-23 06:00:00+00:00, run_after=2026-03-30 06:00:00+00:00
[2026-03-28T07:48:36.458+0000] {processor.py:183} INFO - Processing /opt/airflow/dags/weekly_summary_pipeline.py took 0.092 seconds
[2026-03-28T07:49:07.004+0000] {processor.py:161} INFO - Started process (PID=12027) to work on /opt/airflow/dags/weekly_summary_pipeline.py
[2026-03-28T07:49:07.005+0000] {processor.py:830} INFO - Processing file /opt/airflow/dags/weekly_summary_pipeline.py for tasks to queue
[2026-03-28T07:49:07.006+0000] {logging_mixin.py:188} INFO - [2026-03-28T07:49:07.006+0000] {dagbag.py:538} INFO - Filling up the DagBag from /opt/airflow/dags/weekly_summary_pipeline.py
[2026-03-28T07:49:07.027+0000] {processor.py:840} INFO - DAG(s) 'weekly_summary_pipeline' retrieved from /opt/airflow/dags/weekly_summary_pipeline.py
[2026-03-28T07:49:07.054+0000] {logging_mixin.py:188} INFO - [2026-03-28T07:49:07.054+0000] {dag.py:3036} INFO - Sync 1 DAGs
[2026-03-28T07:49:07.075+0000] {logging_mixin.py:188} INFO - [2026-03-28T07:49:07.075+0000] {dag.py:3823} INFO - Setting next_dagrun for weekly_summary_pipeline to 2026-03-23 06:00:00+00:00, run_after=2026-03-30 06:00:00+00:00
[2026-03-28T07:49:07.094+0000] {processor.py:183} INFO - Processing /opt/airflow/dags/weekly_summary_pipeline.py took 0.092 seconds
[2026-03-28T07:49:37.684+0000] {processor.py:161} INFO - Started process (PID=12050) to work on /opt/airflow/dags/weekly_summary_pipeline.py
[2026-03-28T07:49:37.685+0000] {processor.py:830} INFO - Processing file /opt/airflow/dags/weekly_summary_pipeline.py for tasks to queue
[2026-03-28T07:49:37.686+0000] {logging_mixin.py:188} INFO - [2026-03-28T07:49:37.686+0000] {dagbag.py:538} INFO - Filling up the DagBag from /opt/airflow/dags/weekly_summary_pipeline.py
[2026-03-28T07:49:37.717+0000] {processor.py:840} INFO - DAG(s) 'weekly_summary_pipeline' retrieved from /opt/airflow/dags/weekly_summary_pipeline.py
[2026-03-28T07:49:37.750+0000] {logging_mixin.py:188} INFO - [2026-03-28T07:49:37.750+0000] {dag.py:3036} INFO - Sync 1 DAGs
[2026-03-28T07:49:37.775+0000] {logging_mixin.py:188} INFO - [2026-03-28T07:49:37.775+0000] {dag.py:3823} INFO - Setting next_dagrun for weekly_summary_pipeline to 2026-03-23 06:00:00+00:00, run_after=2026-03-30 06:00:00+00:00
[2026-03-28T07:49:37.799+0000] {processor.py:183} INFO - Processing /opt/airflow/dags/weekly_summary_pipeline.py took 0.120 seconds
[2026-03-28T07:50:08.378+0000] {processor.py:161} INFO - Started process (PID=12065) to work on /opt/airflow/dags/weekly_summary_pipeline.py
[2026-03-28T07:50:08.379+0000] {processor.py:830} INFO - Processing file /opt/airflow/dags/weekly_summary_pipeline.py for tasks to queue
[2026-03-28T07:50:08.380+0000] {logging_mixin.py:188} INFO - [2026-03-28T07:50:08.379+0000] {dagbag.py:538} INFO - Filling up the DagBag from /opt/airflow/dags/weekly_summary_pipeline.py
[2026-03-28T07:50:08.398+0000] {processor.py:840} INFO - DAG(s) 'weekly_summary_pipeline' retrieved from /opt/airflow/dags/weekly_summary_pipeline.py
[2026-03-28T07:50:08.428+0000] {logging_mixin.py:188} INFO - [2026-03-28T07:50:08.428+0000] {dag.py:3036} INFO - Sync 1 DAGs
[2026-03-28T07:50:08.455+0000] {logging_mixin.py:188} INFO - [2026-03-28T07:50:08.455+0000] {dag.py:3823} INFO - Setting next_dagrun for weekly_summary_pipeline to 2026-03-23 06:00:00+00:00, run_after=2026-03-30 06:00:00+00:00
[2026-03-28T07:50:08.476+0000] {processor.py:183} INFO - Processing /opt/airflow/dags/weekly_summary_pipeline.py took 0.102 seconds
[2026-03-28T07:50:38.991+0000] {processor.py:161} INFO - Started process (PID=12088) to work on /opt/airflow/dags/weekly_summary_pipeline.py
[2026-03-28T07:50:38.992+0000] {processor.py:830} INFO - Processing file /opt/airflow/dags/weekly_summary_pipeline.py for tasks to queue
[2026-03-28T07:50:38.993+0000] {logging_mixin.py:188} INFO - [2026-03-28T07:50:38.992+0000] {dagbag.py:538} INFO - Filling up the DagBag from /opt/airflow/dags/weekly_summary_pipeline.py
[2026-03-28T07:50:39.014+0000] {processor.py:840} INFO - DAG(s) 'weekly_summary_pipeline' retrieved from /opt/airflow/dags/weekly_summary_pipeline.py
[2026-03-28T07:50:39.050+0000] {logging_mixin.py:188} INFO - [2026-03-28T07:50:39.049+0000] {dag.py:3036} INFO - Sync 1 DAGs
[2026-03-28T07:50:39.074+0000] {logging_mixin.py:188} INFO - [2026-03-28T07:50:39.074+0000] {dag.py:3823} INFO - Setting next_dagrun for weekly_summary_pipeline to 2026-03-23 06:00:00+00:00, run_after=2026-03-30 06:00:00+00:00
[2026-03-28T07:50:39.091+0000] {processor.py:183} INFO - Processing /opt/airflow/dags/weekly_summary_pipeline.py took 0.103 seconds
[2026-03-28T07:51:09.643+0000] {processor.py:161} INFO - Started process (PID=12111) to work on /opt/airflow/dags/weekly_summary_pipeline.py
[2026-03-28T07:51:09.645+0000] {processor.py:830} INFO - Processing file /opt/airflow/dags/weekly_summary_pipeline.py for tasks to queue
[2026-03-28T07:51:09.646+0000] {logging_mixin.py:188} INFO - [2026-03-28T07:51:09.645+0000] {dagbag.py:538} INFO - Filling up the DagBag from /opt/airflow/dags/weekly_summary_pipeline.py
[2026-03-28T07:51:09.675+0000] {processor.py:840} INFO - DAG(s) 'weekly_summary_pipeline' retrieved from /opt/airflow/dags/weekly_summary_pipeline.py
[2026-03-28T07:51:09.720+0000] {logging_mixin.py:188} INFO - [2026-03-28T07:51:09.720+0000] {dag.py:3036} INFO - Sync 1 DAGs
[2026-03-28T07:51:09.754+0000] {logging_mixin.py:188} INFO - [2026-03-28T07:51:09.753+0000] {dag.py:3823} INFO - Setting next_dagrun for weekly_summary_pipeline to 2026-03-23 06:00:00+00:00, run_after=2026-03-30 06:00:00+00:00
[2026-03-28T07:51:09.777+0000] {processor.py:183} INFO - Processing /opt/airflow/dags/weekly_summary_pipeline.py took 0.137 seconds
[2026-03-28T07:51:40.334+0000] {processor.py:161} INFO - Started process (PID=12134) to work on /opt/airflow/dags/weekly_summary_pipeline.py
[2026-03-28T07:51:40.335+0000] {processor.py:830} INFO - Processing file /opt/airflow/dags/weekly_summary_pipeline.py for tasks to queue
[2026-03-28T07:51:40.336+0000] {logging_mixin.py:188} INFO - [2026-03-28T07:51:40.336+0000] {dagbag.py:538} INFO - Filling up the DagBag from /opt/airflow/dags/weekly_summary_pipeline.py
[2026-03-28T07:51:40.357+0000] {processor.py:840} INFO - DAG(s) 'weekly_summary_pipeline' retrieved from /opt/airflow/dags/weekly_summary_pipeline.py
[2026-03-28T07:51:40.386+0000] {logging_mixin.py:188} INFO - [2026-03-28T07:51:40.386+0000] {dag.py:3036} INFO - Sync 1 DAGs
[2026-03-28T07:51:40.410+0000] {logging_mixin.py:188} INFO - [2026-03-28T07:51:40.410+0000] {dag.py:3823} INFO - Setting next_dagrun for weekly_summary_pipeline to 2026-03-23 06:00:00+00:00, run_after=2026-03-30 06:00:00+00:00
[2026-03-28T07:51:40.432+0000] {processor.py:183} INFO - Processing /opt/airflow/dags/weekly_summary_pipeline.py took 0.100 seconds
[2026-03-28T07:52:11.351+0000] {processor.py:161} INFO - Started process (PID=12157) to work on /opt/airflow/dags/weekly_summary_pipeline.py
[2026-03-28T07:52:11.352+0000] {processor.py:830} INFO - Processing file /opt/airflow/dags/weekly_summary_pipeline.py for tasks to queue
[2026-03-28T07:52:11.353+0000] {logging_mixin.py:188} INFO - [2026-03-28T07:52:11.352+0000] {dagbag.py:538} INFO - Filling up the DagBag from /opt/airflow/dags/weekly_summary_pipeline.py
[2026-03-28T07:52:11.372+0000] {processor.py:840} INFO - DAG(s) 'weekly_summary_pipeline' retrieved from /opt/airflow/dags/weekly_summary_pipeline.py
[2026-03-28T07:52:11.403+0000] {logging_mixin.py:188} INFO - [2026-03-28T07:52:11.403+0000] {dag.py:3036} INFO - Sync 1 DAGs
[2026-03-28T07:52:11.429+0000] {logging_mixin.py:188} INFO - [2026-03-28T07:52:11.429+0000] {dag.py:3823} INFO - Setting next_dagrun for weekly_summary_pipeline to 2026-03-23 06:00:00+00:00, run_after=2026-03-30 06:00:00+00:00
[2026-03-28T07:52:11.457+0000] {processor.py:183} INFO - Processing /opt/airflow/dags/weekly_summary_pipeline.py took 0.108 seconds
[2026-03-28T07:52:42.011+0000] {processor.py:161} INFO - Started process (PID=12180) to work on /opt/airflow/dags/weekly_summary_pipeline.py
[2026-03-28T07:52:42.013+0000] {processor.py:830} INFO - Processing file /opt/airflow/dags/weekly_summary_pipeline.py for tasks to queue
[2026-03-28T07:52:42.014+0000] {logging_mixin.py:188} INFO - [2026-03-28T07:52:42.014+0000] {dagbag.py:538} INFO - Filling up the DagBag from /opt/airflow/dags/weekly_summary_pipeline.py
[2026-03-28T07:52:42.047+0000] {processor.py:840} INFO - DAG(s) 'weekly_summary_pipeline' retrieved from /opt/airflow/dags/weekly_summary_pipeline.py
[2026-03-28T07:52:42.085+0000] {logging_mixin.py:188} INFO - [2026-03-28T07:52:42.084+0000] {dag.py:3036} INFO - Sync 1 DAGs
[2026-03-28T07:52:42.116+0000] {logging_mixin.py:188} INFO - [2026-03-28T07:52:42.116+0000] {dag.py:3823} INFO - Setting next_dagrun for weekly_summary_pipeline to 2026-03-23 06:00:00+00:00, run_after=2026-03-30 06:00:00+00:00
[2026-03-28T07:52:42.139+0000] {processor.py:183} INFO - Processing /opt/airflow/dags/weekly_summary_pipeline.py took 0.131 seconds
[2026-03-28T07:53:13.034+0000] {processor.py:161} INFO - Started process (PID=12203) to work on /opt/airflow/dags/weekly_summary_pipeline.py
[2026-03-28T07:53:13.035+0000] {processor.py:830} INFO - Processing file /opt/airflow/dags/weekly_summary_pipeline.py for tasks to queue
[2026-03-28T07:53:13.036+0000] {logging_mixin.py:188} INFO - [2026-03-28T07:53:13.035+0000] {dagbag.py:538} INFO - Filling up the DagBag from /opt/airflow/dags/weekly_summary_pipeline.py
[2026-03-28T07:53:13.056+0000] {processor.py:840} INFO - DAG(s) 'weekly_summary_pipeline' retrieved from /opt/airflow/dags/weekly_summary_pipeline.py
[2026-03-28T07:53:13.082+0000] {logging_mixin.py:188} INFO - [2026-03-28T07:53:13.082+0000] {dag.py:3036} INFO - Sync 1 DAGs
[2026-03-28T07:53:13.107+0000] {logging_mixin.py:188} INFO - [2026-03-28T07:53:13.107+0000] {dag.py:3823} INFO - Setting next_dagrun for weekly_summary_pipeline to 2026-03-23 06:00:00+00:00, run_after=2026-03-30 06:00:00+00:00
[2026-03-28T07:53:13.129+0000] {processor.py:183} INFO - Processing /opt/airflow/dags/weekly_summary_pipeline.py took 0.098 seconds
[2026-03-28T07:53:43.689+0000] {processor.py:161} INFO - Started process (PID=12226) to work on /opt/airflow/dags/weekly_summary_pipeline.py
[2026-03-28T07:53:43.690+0000] {processor.py:830} INFO - Processing file /opt/airflow/dags/weekly_summary_pipeline.py for tasks to queue
[2026-03-28T07:53:43.691+0000] {logging_mixin.py:188} INFO - [2026-03-28T07:53:43.691+0000] {dagbag.py:538} INFO - Filling up the DagBag from /opt/airflow/dags/weekly_summary_pipeline.py
[2026-03-28T07:53:43.710+0000] {processor.py:840} INFO - DAG(s) 'weekly_summary_pipeline' retrieved from /opt/airflow/dags/weekly_summary_pipeline.py
[2026-03-28T07:53:43.741+0000] {logging_mixin.py:188} INFO - [2026-03-28T07:53:43.741+0000] {dag.py:3036} INFO - Sync 1 DAGs
[2026-03-28T07:53:43.766+0000] {logging_mixin.py:188} INFO - [2026-03-28T07:53:43.765+0000] {dag.py:3823} INFO - Setting next_dagrun for weekly_summary_pipeline to 2026-03-23 06:00:00+00:00, run_after=2026-03-30 06:00:00+00:00
[2026-03-28T07:53:43.789+0000] {processor.py:183} INFO - Processing /opt/airflow/dags/weekly_summary_pipeline.py took 0.103 seconds
[2026-03-28T07:54:14.376+0000] {processor.py:161} INFO - Started process (PID=12249) to work on /opt/airflow/dags/weekly_summary_pipeline.py
[2026-03-28T07:54:14.377+0000] {processor.py:830} INFO - Processing file /opt/airflow/dags/weekly_summary_pipeline.py for tasks to queue
[2026-03-28T07:54:14.378+0000] {logging_mixin.py:188} INFO - [2026-03-28T07:54:14.378+0000] {dagbag.py:538} INFO - Filling up the DagBag from /opt/airflow/dags/weekly_summary_pipeline.py
[2026-03-28T07:54:14.406+0000] {processor.py:840} INFO - DAG(s) 'weekly_summary_pipeline' retrieved from /opt/airflow/dags/weekly_summary_pipeline.py
[2026-03-28T07:54:14.444+0000] {logging_mixin.py:188} INFO - [2026-03-28T07:54:14.444+0000] {dag.py:3036} INFO - Sync 1 DAGs
[2026-03-28T07:54:14.476+0000] {logging_mixin.py:188} INFO - [2026-03-28T07:54:14.476+0000] {dag.py:3823} INFO - Setting next_dagrun for weekly_summary_pipeline to 2026-03-23 06:00:00+00:00, run_after=2026-03-30 06:00:00+00:00
[2026-03-28T07:54:14.498+0000] {processor.py:183} INFO - Processing /opt/airflow/dags/weekly_summary_pipeline.py took 0.126 seconds
[2026-03-28T07:54:45.103+0000] {processor.py:161} INFO - Started process (PID=12272) to work on /opt/airflow/dags/weekly_summary_pipeline.py
[2026-03-28T07:54:45.107+0000] {processor.py:830} INFO - Processing file /opt/airflow/dags/weekly_summary_pipeline.py for tasks to queue
[2026-03-28T07:54:45.110+0000] {logging_mixin.py:188} INFO - [2026-03-28T07:54:45.109+0000] {dagbag.py:538} INFO - Filling up the DagBag from /opt/airflow/dags/weekly_summary_pipeline.py
[2026-03-28T07:54:45.162+0000] {processor.py:840} INFO - DAG(s) 'weekly_summary_pipeline' retrieved from /opt/airflow/dags/weekly_summary_pipeline.py
[2026-03-28T07:54:45.214+0000] {logging_mixin.py:188} INFO - [2026-03-28T07:54:45.213+0000] {dag.py:3036} INFO - Sync 1 DAGs
[2026-03-28T07:54:45.245+0000] {logging_mixin.py:188} INFO - [2026-03-28T07:54:45.244+0000] {dag.py:3823} INFO - Setting next_dagrun for weekly_summary_pipeline to 2026-03-23 06:00:00+00:00, run_after=2026-03-30 06:00:00+00:00
[2026-03-28T07:54:45.271+0000] {processor.py:183} INFO - Processing /opt/airflow/dags/weekly_summary_pipeline.py took 0.176 seconds
[2026-03-28T07:55:15.615+0000] {processor.py:161} INFO - Started process (PID=12295) to work on /opt/airflow/dags/weekly_summary_pipeline.py
[2026-03-28T07:55:15.616+0000] {processor.py:830} INFO - Processing file /opt/airflow/dags/weekly_summary_pipeline.py for tasks to queue
[2026-03-28T07:55:15.617+0000] {logging_mixin.py:188} INFO - [2026-03-28T07:55:15.617+0000] {dagbag.py:538} INFO - Filling up the DagBag from /opt/airflow/dags/weekly_summary_pipeline.py
[2026-03-28T07:55:15.638+0000] {processor.py:840} INFO - DAG(s) 'weekly_summary_pipeline' retrieved from /opt/airflow/dags/weekly_summary_pipeline.py
[2026-03-28T07:55:15.666+0000] {logging_mixin.py:188} INFO - [2026-03-28T07:55:15.665+0000] {dag.py:3036} INFO - Sync 1 DAGs
[2026-03-28T07:55:15.688+0000] {logging_mixin.py:188} INFO - [2026-03-28T07:55:15.687+0000] {dag.py:3823} INFO - Setting next_dagrun for weekly_summary_pipeline to 2026-03-23 06:00:00+00:00, run_after=2026-03-30 06:00:00+00:00
[2026-03-28T07:55:15.706+0000] {processor.py:183} INFO - Processing /opt/airflow/dags/weekly_summary_pipeline.py took 0.093 seconds
[2026-03-28T07:55:46.203+0000] {processor.py:161} INFO - Started process (PID=12318) to work on /opt/airflow/dags/weekly_summary_pipeline.py
[2026-03-28T07:55:46.204+0000] {processor.py:830} INFO - Processing file /opt/airflow/dags/weekly_summary_pipeline.py for tasks to queue
[2026-03-28T07:55:46.205+0000] {logging_mixin.py:188} INFO - [2026-03-28T07:55:46.205+0000] {dagbag.py:538} INFO - Filling up the DagBag from /opt/airflow/dags/weekly_summary_pipeline.py
[2026-03-28T07:55:46.232+0000] {processor.py:840} INFO - DAG(s) 'weekly_summary_pipeline' retrieved from /opt/airflow/dags/weekly_summary_pipeline.py
[2026-03-28T07:55:46.266+0000] {logging_mixin.py:188} INFO - [2026-03-28T07:55:46.266+0000] {dag.py:3036} INFO - Sync 1 DAGs
[2026-03-28T07:55:46.293+0000] {logging_mixin.py:188} INFO - [2026-03-28T07:55:46.292+0000] {dag.py:3823} INFO - Setting next_dagrun for weekly_summary_pipeline to 2026-03-23 06:00:00+00:00, run_after=2026-03-30 06:00:00+00:00
[2026-03-28T07:55:46.321+0000] {processor.py:183} INFO - Processing /opt/airflow/dags/weekly_summary_pipeline.py took 0.122 seconds
[2026-03-28T07:56:16.870+0000] {processor.py:161} INFO - Started process (PID=12333) to work on /opt/airflow/dags/weekly_summary_pipeline.py
[2026-03-28T07:56:16.871+0000] {processor.py:830} INFO - Processing file /opt/airflow/dags/weekly_summary_pipeline.py for tasks to queue
[2026-03-28T07:56:16.872+0000] {logging_mixin.py:188} INFO - [2026-03-28T07:56:16.872+0000] {dagbag.py:538} INFO - Filling up the DagBag from /opt/airflow/dags/weekly_summary_pipeline.py
[2026-03-28T07:56:16.893+0000] {processor.py:840} INFO - DAG(s) 'weekly_summary_pipeline' retrieved from /opt/airflow/dags/weekly_summary_pipeline.py
[2026-03-28T07:56:16.921+0000] {logging_mixin.py:188} INFO - [2026-03-28T07:56:16.921+0000] {dag.py:3036} INFO - Sync 1 DAGs
[2026-03-28T07:56:16.944+0000] {logging_mixin.py:188} INFO - [2026-03-28T07:56:16.944+0000] {dag.py:3823} INFO - Setting next_dagrun for weekly_summary_pipeline to 2026-03-23 06:00:00+00:00, run_after=2026-03-30 06:00:00+00:00
[2026-03-28T07:56:16.964+0000] {processor.py:183} INFO - Processing /opt/airflow/dags/weekly_summary_pipeline.py took 0.097 seconds
[2026-03-28T07:56:47.490+0000] {processor.py:161} INFO - Started process (PID=12356) to work on /opt/airflow/dags/weekly_summary_pipeline.py
[2026-03-28T07:56:47.492+0000] {processor.py:830} INFO - Processing file /opt/airflow/dags/weekly_summary_pipeline.py for tasks to queue
[2026-03-28T07:56:47.492+0000] {logging_mixin.py:188} INFO - [2026-03-28T07:56:47.492+0000] {dagbag.py:538} INFO - Filling up the DagBag from /opt/airflow/dags/weekly_summary_pipeline.py
[2026-03-28T07:56:47.514+0000] {processor.py:840} INFO - DAG(s) 'weekly_summary_pipeline' retrieved from /opt/airflow/dags/weekly_summary_pipeline.py
[2026-03-28T07:56:47.546+0000] {logging_mixin.py:188} INFO - [2026-03-28T07:56:47.546+0000] {dag.py:3036} INFO - Sync 1 DAGs
[2026-03-28T07:56:47.571+0000] {logging_mixin.py:188} INFO - [2026-03-28T07:56:47.571+0000] {dag.py:3823} INFO - Setting next_dagrun for weekly_summary_pipeline to 2026-03-23 06:00:00+00:00, run_after=2026-03-30 06:00:00+00:00
[2026-03-28T07:56:47.598+0000] {processor.py:183} INFO - Processing /opt/airflow/dags/weekly_summary_pipeline.py took 0.110 seconds
[2026-03-28T07:57:18.072+0000] {processor.py:161} INFO - Started process (PID=12379) to work on /opt/airflow/dags/weekly_summary_pipeline.py
[2026-03-28T07:57:18.073+0000] {processor.py:830} INFO - Processing file /opt/airflow/dags/weekly_summary_pipeline.py for tasks to queue
[2026-03-28T07:57:18.074+0000] {logging_mixin.py:188} INFO - [2026-03-28T07:57:18.074+0000] {dagbag.py:538} INFO - Filling up the DagBag from /opt/airflow/dags/weekly_summary_pipeline.py
[2026-03-28T07:57:18.099+0000] {processor.py:840} INFO - DAG(s) 'weekly_summary_pipeline' retrieved from /opt/airflow/dags/weekly_summary_pipeline.py
[2026-03-28T07:57:18.125+0000] {logging_mixin.py:188} INFO - [2026-03-28T07:57:18.125+0000] {dag.py:3036} INFO - Sync 1 DAGs
[2026-03-28T07:57:18.152+0000] {logging_mixin.py:188} INFO - [2026-03-28T07:57:18.152+0000] {dag.py:3823} INFO - Setting next_dagrun for weekly_summary_pipeline to 2026-03-23 06:00:00+00:00, run_after=2026-03-30 06:00:00+00:00
[2026-03-28T07:57:18.174+0000] {processor.py:183} INFO - Processing /opt/airflow/dags/weekly_summary_pipeline.py took 0.105 seconds
[2026-03-28T07:57:48.672+0000] {processor.py:161} INFO - Started process (PID=12402) to work on /opt/airflow/dags/weekly_summary_pipeline.py
[2026-03-28T07:57:48.673+0000] {processor.py:830} INFO - Processing file /opt/airflow/dags/weekly_summary_pipeline.py for tasks to queue
[2026-03-28T07:57:48.674+0000] {logging_mixin.py:188} INFO - [2026-03-28T07:57:48.674+0000] {dagbag.py:538} INFO - Filling up the DagBag from /opt/airflow/dags/weekly_summary_pipeline.py
[2026-03-28T07:57:48.695+0000] {processor.py:840} INFO - DAG(s) 'weekly_summary_pipeline' retrieved from /opt/airflow/dags/weekly_summary_pipeline.py
[2026-03-28T07:57:48.721+0000] {logging_mixin.py:188} INFO - [2026-03-28T07:57:48.721+0000] {dag.py:3036} INFO - Sync 1 DAGs
[2026-03-28T07:57:48.743+0000] {logging_mixin.py:188} INFO - [2026-03-28T07:57:48.743+0000] {dag.py:3823} INFO - Setting next_dagrun for weekly_summary_pipeline to 2026-03-23 06:00:00+00:00, run_after=2026-03-30 06:00:00+00:00
[2026-03-28T07:57:48.763+0000] {processor.py:183} INFO - Processing /opt/airflow/dags/weekly_summary_pipeline.py took 0.094 seconds
[2026-03-28T07:58:20.396+0000] {processor.py:161} INFO - Started process (PID=12425) to work on /opt/airflow/dags/weekly_summary_pipeline.py
[2026-03-28T07:58:20.397+0000] {processor.py:830} INFO - Processing file /opt/airflow/dags/weekly_summary_pipeline.py for tasks to queue
[2026-03-28T07:58:20.398+0000] {logging_mixin.py:188} INFO - [2026-03-28T07:58:20.398+0000] {dagbag.py:538} INFO - Filling up the DagBag from /opt/airflow/dags/weekly_summary_pipeline.py
[2026-03-28T07:58:20.417+0000] {processor.py:840} INFO - DAG(s) 'weekly_summary_pipeline' retrieved from /opt/airflow/dags/weekly_summary_pipeline.py
[2026-03-28T07:58:20.444+0000] {logging_mixin.py:188} INFO - [2026-03-28T07:58:20.444+0000] {dag.py:3036} INFO - Sync 1 DAGs
[2026-03-28T07:58:20.467+0000] {logging_mixin.py:188} INFO - [2026-03-28T07:58:20.467+0000] {dag.py:3823} INFO - Setting next_dagrun for weekly_summary_pipeline to 2026-03-23 06:00:00+00:00, run_after=2026-03-30 06:00:00+00:00
[2026-03-28T07:58:20.487+0000] {processor.py:183} INFO - Processing /opt/airflow/dags/weekly_summary_pipeline.py took 0.094 seconds
[2026-03-28T07:58:51.057+0000] {processor.py:161} INFO - Started process (PID=12448) to work on /opt/airflow/dags/weekly_summary_pipeline.py
[2026-03-28T07:58:51.058+0000] {processor.py:830} INFO - Processing file /opt/airflow/dags/weekly_summary_pipeline.py for tasks to queue
[2026-03-28T07:58:51.059+0000] {logging_mixin.py:188} INFO - [2026-03-28T07:58:51.058+0000] {dagbag.py:538} INFO - Filling up the DagBag from /opt/airflow/dags/weekly_summary_pipeline.py
[2026-03-28T07:58:51.081+0000] {processor.py:840} INFO - DAG(s) 'weekly_summary_pipeline' retrieved from /opt/airflow/dags/weekly_summary_pipeline.py
[2026-03-28T07:58:51.111+0000] {logging_mixin.py:188} INFO - [2026-03-28T07:58:51.111+0000] {dag.py:3036} INFO - Sync 1 DAGs
[2026-03-28T07:58:51.135+0000] {logging_mixin.py:188} INFO - [2026-03-28T07:58:51.135+0000] {dag.py:3823} INFO - Setting next_dagrun for weekly_summary_pipeline to 2026-03-23 06:00:00+00:00, run_after=2026-03-30 06:00:00+00:00
[2026-03-28T07:58:51.159+0000] {processor.py:183} INFO - Processing /opt/airflow/dags/weekly_summary_pipeline.py took 0.105 seconds
[2026-03-28T07:59:22.700+0000] {processor.py:161} INFO - Started process (PID=12472) to work on /opt/airflow/dags/weekly_summary_pipeline.py
[2026-03-28T07:59:22.701+0000] {processor.py:830} INFO - Processing file /opt/airflow/dags/weekly_summary_pipeline.py for tasks to queue
[2026-03-28T07:59:22.702+0000] {logging_mixin.py:188} INFO - [2026-03-28T07:59:22.701+0000] {dagbag.py:538} INFO - Filling up the DagBag from /opt/airflow/dags/weekly_summary_pipeline.py
[2026-03-28T07:59:22.720+0000] {processor.py:840} INFO - DAG(s) 'weekly_summary_pipeline' retrieved from /opt/airflow/dags/weekly_summary_pipeline.py
[2026-03-28T07:59:22.746+0000] {logging_mixin.py:188} INFO - [2026-03-28T07:59:22.746+0000] {dag.py:3036} INFO - Sync 1 DAGs
[2026-03-28T07:59:22.769+0000] {logging_mixin.py:188} INFO - [2026-03-28T07:59:22.769+0000] {dag.py:3823} INFO - Setting next_dagrun for weekly_summary_pipeline to 2026-03-23 06:00:00+00:00, run_after=2026-03-30 06:00:00+00:00
[2026-03-28T07:59:22.793+0000] {processor.py:183} INFO - Processing /opt/airflow/dags/weekly_summary_pipeline.py took 0.096 seconds
[2026-03-28T07:59:54.368+0000] {processor.py:161} INFO - Started process (PID=12495) to work on /opt/airflow/dags/weekly_summary_pipeline.py
[2026-03-28T07:59:54.370+0000] {processor.py:830} INFO - Processing file /opt/airflow/dags/weekly_summary_pipeline.py for tasks to queue
[2026-03-28T07:59:54.371+0000] {logging_mixin.py:188} INFO - [2026-03-28T07:59:54.370+0000] {dagbag.py:538} INFO - Filling up the DagBag from /opt/airflow/dags/weekly_summary_pipeline.py
[2026-03-28T07:59:54.397+0000] {processor.py:840} INFO - DAG(s) 'weekly_summary_pipeline' retrieved from /opt/airflow/dags/weekly_summary_pipeline.py
[2026-03-28T07:59:54.442+0000] {logging_mixin.py:188} INFO - [2026-03-28T07:59:54.442+0000] {dag.py:3036} INFO - Sync 1 DAGs
[2026-03-28T07:59:54.476+0000] {logging_mixin.py:188} INFO - [2026-03-28T07:59:54.475+0000] {dag.py:3823} INFO - Setting next_dagrun for weekly_summary_pipeline to 2026-03-23 06:00:00+00:00, run_after=2026-03-30 06:00:00+00:00
[2026-03-28T07:59:54.500+0000] {processor.py:183} INFO - Processing /opt/airflow/dags/weekly_summary_pipeline.py took 0.134 seconds
[2026-03-28T08:00:25.085+0000] {processor.py:161} INFO - Started process (PID=12518) to work on /opt/airflow/dags/weekly_summary_pipeline.py
[2026-03-28T08:00:25.086+0000] {processor.py:830} INFO - Processing file /opt/airflow/dags/weekly_summary_pipeline.py for tasks to queue
[2026-03-28T08:00:25.087+0000] {logging_mixin.py:188} INFO - [2026-03-28T08:00:25.086+0000] {dagbag.py:538} INFO - Filling up the DagBag from /opt/airflow/dags/weekly_summary_pipeline.py
[2026-03-28T08:00:25.105+0000] {processor.py:840} INFO - DAG(s) 'weekly_summary_pipeline' retrieved from /opt/airflow/dags/weekly_summary_pipeline.py
[2026-03-28T08:00:25.133+0000] {logging_mixin.py:188} INFO - [2026-03-28T08:00:25.132+0000] {dag.py:3036} INFO - Sync 1 DAGs
[2026-03-28T08:00:25.155+0000] {logging_mixin.py:188} INFO - [2026-03-28T08:00:25.155+0000] {dag.py:3823} INFO - Setting next_dagrun for weekly_summary_pipeline to 2026-03-23 06:00:00+00:00, run_after=2026-03-30 06:00:00+00:00
[2026-03-28T08:00:25.175+0000] {processor.py:183} INFO - Processing /opt/airflow/dags/weekly_summary_pipeline.py took 0.092 seconds
[2026-03-28T08:00:56.805+0000] {processor.py:161} INFO - Started process (PID=12541) to work on /opt/airflow/dags/weekly_summary_pipeline.py
[2026-03-28T08:00:56.806+0000] {processor.py:830} INFO - Processing file /opt/airflow/dags/weekly_summary_pipeline.py for tasks to queue
[2026-03-28T08:00:56.807+0000] {logging_mixin.py:188} INFO - [2026-03-28T08:00:56.807+0000] {dagbag.py:538} INFO - Filling up the DagBag from /opt/airflow/dags/weekly_summary_pipeline.py
[2026-03-28T08:00:56.822+0000] {processor.py:840} INFO - DAG(s) 'weekly_summary_pipeline' retrieved from /opt/airflow/dags/weekly_summary_pipeline.py
[2026-03-28T08:00:56.848+0000] {logging_mixin.py:188} INFO - [2026-03-28T08:00:56.847+0000] {dag.py:3036} INFO - Sync 1 DAGs
[2026-03-28T08:00:56.869+0000] {logging_mixin.py:188} INFO - [2026-03-28T08:00:56.869+0000] {dag.py:3823} INFO - Setting next_dagrun for weekly_summary_pipeline to 2026-03-23 06:00:00+00:00, run_after=2026-03-30 06:00:00+00:00
[2026-03-28T08:00:56.895+0000] {processor.py:183} INFO - Processing /opt/airflow/dags/weekly_summary_pipeline.py took 0.092 seconds
[2026-03-28T08:01:27.535+0000] {processor.py:161} INFO - Started process (PID=12564) to work on /opt/airflow/dags/weekly_summary_pipeline.py
[2026-03-28T08:01:27.536+0000] {processor.py:830} INFO - Processing file /opt/airflow/dags/weekly_summary_pipeline.py for tasks to queue
[2026-03-28T08:01:27.537+0000] {logging_mixin.py:188} INFO - [2026-03-28T08:01:27.536+0000] {dagbag.py:538} INFO - Filling up the DagBag from /opt/airflow/dags/weekly_summary_pipeline.py
[2026-03-28T08:01:27.553+0000] {processor.py:840} INFO - DAG(s) 'weekly_summary_pipeline' retrieved from /opt/airflow/dags/weekly_summary_pipeline.py
[2026-03-28T08:01:27.580+0000] {logging_mixin.py:188} INFO - [2026-03-28T08:01:27.579+0000] {dag.py:3036} INFO - Sync 1 DAGs
[2026-03-28T08:01:27.601+0000] {logging_mixin.py:188} INFO - [2026-03-28T08:01:27.601+0000] {dag.py:3823} INFO - Setting next_dagrun for weekly_summary_pipeline to 2026-03-23 06:00:00+00:00, run_after=2026-03-30 06:00:00+00:00
[2026-03-28T08:01:27.625+0000] {processor.py:183} INFO - Processing /opt/airflow/dags/weekly_summary_pipeline.py took 0.093 seconds
[2026-03-28T08:01:59.240+0000] {processor.py:161} INFO - Started process (PID=12587) to work on /opt/airflow/dags/weekly_summary_pipeline.py
[2026-03-28T08:01:59.241+0000] {processor.py:830} INFO - Processing file /opt/airflow/dags/weekly_summary_pipeline.py for tasks to queue
[2026-03-28T08:01:59.241+0000] {logging_mixin.py:188} INFO - [2026-03-28T08:01:59.241+0000] {dagbag.py:538} INFO - Filling up the DagBag from /opt/airflow/dags/weekly_summary_pipeline.py
[2026-03-28T08:01:59.259+0000] {processor.py:840} INFO - DAG(s) 'weekly_summary_pipeline' retrieved from /opt/airflow/dags/weekly_summary_pipeline.py
[2026-03-28T08:01:59.288+0000] {logging_mixin.py:188} INFO - [2026-03-28T08:01:59.288+0000] {dag.py:3036} INFO - Sync 1 DAGs
[2026-03-28T08:01:59.312+0000] {logging_mixin.py:188} INFO - [2026-03-28T08:01:59.312+0000] {dag.py:3823} INFO - Setting next_dagrun for weekly_summary_pipeline to 2026-03-23 06:00:00+00:00, run_after=2026-03-30 06:00:00+00:00
[2026-03-28T08:01:59.333+0000] {processor.py:183} INFO - Processing /opt/airflow/dags/weekly_summary_pipeline.py took 0.096 seconds
[2026-03-28T08:02:30.859+0000] {processor.py:161} INFO - Started process (PID=12610) to work on /opt/airflow/dags/weekly_summary_pipeline.py
[2026-03-28T08:02:30.860+0000] {processor.py:830} INFO - Processing file /opt/airflow/dags/weekly_summary_pipeline.py for tasks to queue
[2026-03-28T08:02:30.861+0000] {logging_mixin.py:188} INFO - [2026-03-28T08:02:30.861+0000] {dagbag.py:538} INFO - Filling up the DagBag from /opt/airflow/dags/weekly_summary_pipeline.py
[2026-03-28T08:02:30.880+0000] {processor.py:840} INFO - DAG(s) 'weekly_summary_pipeline' retrieved from /opt/airflow/dags/weekly_summary_pipeline.py
[2026-03-28T08:02:30.906+0000] {logging_mixin.py:188} INFO - [2026-03-28T08:02:30.906+0000] {dag.py:3036} INFO - Sync 1 DAGs
[2026-03-28T08:02:30.929+0000] {logging_mixin.py:188} INFO - [2026-03-28T08:02:30.929+0000] {dag.py:3823} INFO - Setting next_dagrun for weekly_summary_pipeline to 2026-03-23 06:00:00+00:00, run_after=2026-03-30 06:00:00+00:00
[2026-03-28T08:02:30.953+0000] {processor.py:183} INFO - Processing /opt/airflow/dags/weekly_summary_pipeline.py took 0.096 seconds
[2026-03-28T08:03:01.550+0000] {processor.py:161} INFO - Started process (PID=12632) to work on /opt/airflow/dags/weekly_summary_pipeline.py
[2026-03-28T08:03:01.551+0000] {processor.py:830} INFO - Processing file /opt/airflow/dags/weekly_summary_pipeline.py for tasks to queue
[2026-03-28T08:03:01.552+0000] {logging_mixin.py:188} INFO - [2026-03-28T08:03:01.551+0000] {dagbag.py:538} INFO - Filling up the DagBag from /opt/airflow/dags/weekly_summary_pipeline.py
[2026-03-28T08:03:01.576+0000] {processor.py:840} INFO - DAG(s) 'weekly_summary_pipeline' retrieved from /opt/airflow/dags/weekly_summary_pipeline.py
[2026-03-28T08:03:01.611+0000] {logging_mixin.py:188} INFO - [2026-03-28T08:03:01.611+0000] {dag.py:3036} INFO - Sync 1 DAGs
[2026-03-28T08:03:01.679+0000] {logging_mixin.py:188} INFO - [2026-03-28T08:03:01.679+0000] {dag.py:3823} INFO - Setting next_dagrun for weekly_summary_pipeline to 2026-03-23 06:00:00+00:00, run_after=2026-03-30 06:00:00+00:00
[2026-03-28T08:03:01.725+0000] {processor.py:183} INFO - Processing /opt/airflow/dags/weekly_summary_pipeline.py took 0.179 seconds
[2026-03-28T08:03:33.239+0000] {processor.py:161} INFO - Started process (PID=12655) to work on /opt/airflow/dags/weekly_summary_pipeline.py
[2026-03-28T08:03:33.240+0000] {processor.py:830} INFO - Processing file /opt/airflow/dags/weekly_summary_pipeline.py for tasks to queue
[2026-03-28T08:03:33.241+0000] {logging_mixin.py:188} INFO - [2026-03-28T08:03:33.241+0000] {dagbag.py:538} INFO - Filling up the DagBag from /opt/airflow/dags/weekly_summary_pipeline.py
[2026-03-28T08:03:33.266+0000] {processor.py:840} INFO - DAG(s) 'weekly_summary_pipeline' retrieved from /opt/airflow/dags/weekly_summary_pipeline.py
[2026-03-28T08:03:33.295+0000] {logging_mixin.py:188} INFO - [2026-03-28T08:03:33.295+0000] {dag.py:3036} INFO - Sync 1 DAGs
[2026-03-28T08:03:33.318+0000] {logging_mixin.py:188} INFO - [2026-03-28T08:03:33.318+0000] {dag.py:3823} INFO - Setting next_dagrun for weekly_summary_pipeline to 2026-03-23 06:00:00+00:00, run_after=2026-03-30 06:00:00+00:00
[2026-03-28T08:03:33.344+0000] {processor.py:183} INFO - Processing /opt/airflow/dags/weekly_summary_pipeline.py took 0.108 seconds
[2026-03-28T08:04:03.871+0000] {processor.py:161} INFO - Started process (PID=12670) to work on /opt/airflow/dags/weekly_summary_pipeline.py
[2026-03-28T08:04:03.872+0000] {processor.py:830} INFO - Processing file /opt/airflow/dags/weekly_summary_pipeline.py for tasks to queue
[2026-03-28T08:04:03.874+0000] {logging_mixin.py:188} INFO - [2026-03-28T08:04:03.873+0000] {dagbag.py:538} INFO - Filling up the DagBag from /opt/airflow/dags/weekly_summary_pipeline.py
[2026-03-28T08:04:03.891+0000] {processor.py:840} INFO - DAG(s) 'weekly_summary_pipeline' retrieved from /opt/airflow/dags/weekly_summary_pipeline.py
[2026-03-28T08:04:03.919+0000] {logging_mixin.py:188} INFO - [2026-03-28T08:04:03.918+0000] {dag.py:3036} INFO - Sync 1 DAGs
[2026-03-28T08:04:03.944+0000] {logging_mixin.py:188} INFO - [2026-03-28T08:04:03.944+0000] {dag.py:3823} INFO - Setting next_dagrun for weekly_summary_pipeline to 2026-03-23 06:00:00+00:00, run_after=2026-03-30 06:00:00+00:00
[2026-03-28T08:04:03.972+0000] {processor.py:183} INFO - Processing /opt/airflow/dags/weekly_summary_pipeline.py took 0.103 seconds
[2026-03-28T08:04:35.623+0000] {processor.py:161} INFO - Started process (PID=12693) to work on /opt/airflow/dags/weekly_summary_pipeline.py
[2026-03-28T08:04:35.624+0000] {processor.py:830} INFO - Processing file /opt/airflow/dags/weekly_summary_pipeline.py for tasks to queue
[2026-03-28T08:04:35.626+0000] {logging_mixin.py:188} INFO - [2026-03-28T08:04:35.625+0000] {dagbag.py:538} INFO - Filling up the DagBag from /opt/airflow/dags/weekly_summary_pipeline.py
[2026-03-28T08:04:35.650+0000] {processor.py:840} INFO - DAG(s) 'weekly_summary_pipeline' retrieved from /opt/airflow/dags/weekly_summary_pipeline.py
[2026-03-28T08:04:35.689+0000] {logging_mixin.py:188} INFO - [2026-03-28T08:04:35.688+0000] {dag.py:3036} INFO - Sync 1 DAGs
[2026-03-28T08:04:35.722+0000] {logging_mixin.py:188} INFO - [2026-03-28T08:04:35.722+0000] {dag.py:3823} INFO - Setting next_dagrun for weekly_summary_pipeline to 2026-03-23 06:00:00+00:00, run_after=2026-03-30 06:00:00+00:00
[2026-03-28T08:04:35.744+0000] {processor.py:183} INFO - Processing /opt/airflow/dags/weekly_summary_pipeline.py took 0.123 seconds
[2026-03-28T08:05:06.407+0000] {processor.py:161} INFO - Started process (PID=12905) to work on /opt/airflow/dags/weekly_summary_pipeline.py
[2026-03-28T08:05:06.409+0000] {processor.py:830} INFO - Processing file /opt/airflow/dags/weekly_summary_pipeline.py for tasks to queue
[2026-03-28T08:05:06.410+0000] {logging_mixin.py:188} INFO - [2026-03-28T08:05:06.410+0000] {dagbag.py:538} INFO - Filling up the DagBag from /opt/airflow/dags/weekly_summary_pipeline.py
[2026-03-28T08:05:06.473+0000] {processor.py:840} INFO - DAG(s) 'weekly_summary_pipeline' retrieved from /opt/airflow/dags/weekly_summary_pipeline.py
[2026-03-28T08:05:06.538+0000] {logging_mixin.py:188} INFO - [2026-03-28T08:05:06.538+0000] {dag.py:3036} INFO - Sync 1 DAGs
[2026-03-28T08:05:06.611+0000] {logging_mixin.py:188} INFO - [2026-03-28T08:05:06.610+0000] {dag.py:3823} INFO - Setting next_dagrun for weekly_summary_pipeline to 2026-03-23 06:00:00+00:00, run_after=2026-03-30 06:00:00+00:00
[2026-03-28T08:05:06.645+0000] {processor.py:183} INFO - Processing /opt/airflow/dags/weekly_summary_pipeline.py took 0.242 seconds
[2026-03-28T08:05:38.223+0000] {processor.py:161} INFO - Started process (PID=12928) to work on /opt/airflow/dags/weekly_summary_pipeline.py
[2026-03-28T08:05:38.224+0000] {processor.py:830} INFO - Processing file /opt/airflow/dags/weekly_summary_pipeline.py for tasks to queue
[2026-03-28T08:05:38.225+0000] {logging_mixin.py:188} INFO - [2026-03-28T08:05:38.225+0000] {dagbag.py:538} INFO - Filling up the DagBag from /opt/airflow/dags/weekly_summary_pipeline.py
[2026-03-28T08:05:38.257+0000] {processor.py:840} INFO - DAG(s) 'weekly_summary_pipeline' retrieved from /opt/airflow/dags/weekly_summary_pipeline.py
[2026-03-28T08:05:38.288+0000] {logging_mixin.py:188} INFO - [2026-03-28T08:05:38.288+0000] {dag.py:3036} INFO - Sync 1 DAGs
[2026-03-28T08:05:38.350+0000] {logging_mixin.py:188} INFO - [2026-03-28T08:05:38.349+0000] {dag.py:3823} INFO - Setting next_dagrun for weekly_summary_pipeline to 2026-03-23 06:00:00+00:00, run_after=2026-03-30 06:00:00+00:00
[2026-03-28T08:05:38.370+0000] {processor.py:183} INFO - Processing /opt/airflow/dags/weekly_summary_pipeline.py took 0.149 seconds
[2026-03-28T08:06:08.970+0000] {processor.py:161} INFO - Started process (PID=12951) to work on /opt/airflow/dags/weekly_summary_pipeline.py
[2026-03-28T08:06:08.972+0000] {processor.py:830} INFO - Processing file /opt/airflow/dags/weekly_summary_pipeline.py for tasks to queue
[2026-03-28T08:06:08.973+0000] {logging_mixin.py:188} INFO - [2026-03-28T08:06:08.972+0000] {dagbag.py:538} INFO - Filling up the DagBag from /opt/airflow/dags/weekly_summary_pipeline.py
[2026-03-28T08:06:08.996+0000] {processor.py:840} INFO - DAG(s) 'weekly_summary_pipeline' retrieved from /opt/airflow/dags/weekly_summary_pipeline.py
[2026-03-28T08:06:09.034+0000] {logging_mixin.py:188} INFO - [2026-03-28T08:06:09.034+0000] {dag.py:3036} INFO - Sync 1 DAGs
[2026-03-28T08:06:09.057+0000] {logging_mixin.py:188} INFO - [2026-03-28T08:06:09.057+0000] {dag.py:3823} INFO - Setting next_dagrun for weekly_summary_pipeline to 2026-03-23 06:00:00+00:00, run_after=2026-03-30 06:00:00+00:00
[2026-03-28T08:06:09.078+0000] {processor.py:183} INFO - Processing /opt/airflow/dags/weekly_summary_pipeline.py took 0.111 seconds
[2026-03-28T08:06:40.541+0000] {processor.py:161} INFO - Started process (PID=12974) to work on /opt/airflow/dags/weekly_summary_pipeline.py
[2026-03-28T08:06:40.542+0000] {processor.py:830} INFO - Processing file /opt/airflow/dags/weekly_summary_pipeline.py for tasks to queue
[2026-03-28T08:06:40.544+0000] {logging_mixin.py:188} INFO - [2026-03-28T08:06:40.543+0000] {dagbag.py:538} INFO - Filling up the DagBag from /opt/airflow/dags/weekly_summary_pipeline.py
[2026-03-28T08:06:40.588+0000] {processor.py:840} INFO - DAG(s) 'weekly_summary_pipeline' retrieved from /opt/airflow/dags/weekly_summary_pipeline.py
[2026-03-28T08:06:40.625+0000] {logging_mixin.py:188} INFO - [2026-03-28T08:06:40.624+0000] {dag.py:3036} INFO - Sync 1 DAGs
[2026-03-28T08:06:40.648+0000] {logging_mixin.py:188} INFO - [2026-03-28T08:06:40.648+0000] {dag.py:3823} INFO - Setting next_dagrun for weekly_summary_pipeline to 2026-03-23 06:00:00+00:00, run_after=2026-03-30 06:00:00+00:00
[2026-03-28T08:06:40.665+0000] {processor.py:183} INFO - Processing /opt/airflow/dags/weekly_summary_pipeline.py took 0.127 seconds
[2026-03-28T08:07:12.181+0000] {processor.py:161} INFO - Started process (PID=12999) to work on /opt/airflow/dags/weekly_summary_pipeline.py
[2026-03-28T08:07:12.182+0000] {processor.py:830} INFO - Processing file /opt/airflow/dags/weekly_summary_pipeline.py for tasks to queue
[2026-03-28T08:07:12.183+0000] {logging_mixin.py:188} INFO - [2026-03-28T08:07:12.182+0000] {dagbag.py:538} INFO - Filling up the DagBag from /opt/airflow/dags/weekly_summary_pipeline.py
[2026-03-28T08:07:12.208+0000] {processor.py:840} INFO - DAG(s) 'weekly_summary_pipeline' retrieved from /opt/airflow/dags/weekly_summary_pipeline.py
[2026-03-28T08:07:12.239+0000] {logging_mixin.py:188} INFO - [2026-03-28T08:07:12.239+0000] {dag.py:3036} INFO - Sync 1 DAGs
[2026-03-28T08:07:12.261+0000] {logging_mixin.py:188} INFO - [2026-03-28T08:07:12.261+0000] {dag.py:3823} INFO - Setting next_dagrun for weekly_summary_pipeline to 2026-03-23 06:00:00+00:00, run_after=2026-03-30 06:00:00+00:00
[2026-03-28T08:07:12.282+0000] {processor.py:183} INFO - Processing /opt/airflow/dags/weekly_summary_pipeline.py took 0.104 seconds
[2026-03-28T08:07:42.847+0000] {processor.py:161} INFO - Started process (PID=13022) to work on /opt/airflow/dags/weekly_summary_pipeline.py
[2026-03-28T08:07:42.848+0000] {processor.py:830} INFO - Processing file /opt/airflow/dags/weekly_summary_pipeline.py for tasks to queue
[2026-03-28T08:07:42.849+0000] {logging_mixin.py:188} INFO - [2026-03-28T08:07:42.849+0000] {dagbag.py:538} INFO - Filling up the DagBag from /opt/airflow/dags/weekly_summary_pipeline.py
[2026-03-28T08:07:42.870+0000] {processor.py:840} INFO - DAG(s) 'weekly_summary_pipeline' retrieved from /opt/airflow/dags/weekly_summary_pipeline.py
[2026-03-28T08:07:42.897+0000] {logging_mixin.py:188} INFO - [2026-03-28T08:07:42.896+0000] {dag.py:3036} INFO - Sync 1 DAGs
[2026-03-28T08:07:42.919+0000] {logging_mixin.py:188} INFO - [2026-03-28T08:07:42.919+0000] {dag.py:3823} INFO - Setting next_dagrun for weekly_summary_pipeline to 2026-03-23 06:00:00+00:00, run_after=2026-03-30 06:00:00+00:00
[2026-03-28T08:07:42.940+0000] {processor.py:183} INFO - Processing /opt/airflow/dags/weekly_summary_pipeline.py took 0.095 seconds
[2026-03-28T08:08:14.555+0000] {processor.py:161} INFO - Started process (PID=13045) to work on /opt/airflow/dags/weekly_summary_pipeline.py
[2026-03-28T08:08:14.556+0000] {processor.py:830} INFO - Processing file /opt/airflow/dags/weekly_summary_pipeline.py for tasks to queue
[2026-03-28T08:08:14.557+0000] {logging_mixin.py:188} INFO - [2026-03-28T08:08:14.557+0000] {dagbag.py:538} INFO - Filling up the DagBag from /opt/airflow/dags/weekly_summary_pipeline.py
[2026-03-28T08:08:14.577+0000] {processor.py:840} INFO - DAG(s) 'weekly_summary_pipeline' retrieved from /opt/airflow/dags/weekly_summary_pipeline.py
[2026-03-28T08:08:14.603+0000] {logging_mixin.py:188} INFO - [2026-03-28T08:08:14.602+0000] {dag.py:3036} INFO - Sync 1 DAGs
[2026-03-28T08:08:14.623+0000] {logging_mixin.py:188} INFO - [2026-03-28T08:08:14.623+0000] {dag.py:3823} INFO - Setting next_dagrun for weekly_summary_pipeline to 2026-03-23 06:00:00+00:00, run_after=2026-03-30 06:00:00+00:00
[2026-03-28T08:08:14.648+0000] {processor.py:183} INFO - Processing /opt/airflow/dags/weekly_summary_pipeline.py took 0.095 seconds
[2026-03-28T08:08:45.328+0000] {processor.py:161} INFO - Started process (PID=13068) to work on /opt/airflow/dags/weekly_summary_pipeline.py
[2026-03-28T08:08:45.329+0000] {processor.py:830} INFO - Processing file /opt/airflow/dags/weekly_summary_pipeline.py for tasks to queue
[2026-03-28T08:08:45.330+0000] {logging_mixin.py:188} INFO - [2026-03-28T08:08:45.329+0000] {dagbag.py:538} INFO - Filling up the DagBag from /opt/airflow/dags/weekly_summary_pipeline.py
[2026-03-28T08:08:45.351+0000] {processor.py:840} INFO - DAG(s) 'weekly_summary_pipeline' retrieved from /opt/airflow/dags/weekly_summary_pipeline.py
[2026-03-28T08:08:45.382+0000] {logging_mixin.py:188} INFO - [2026-03-28T08:08:45.381+0000] {dag.py:3036} INFO - Sync 1 DAGs
[2026-03-28T08:08:45.404+0000] {logging_mixin.py:188} INFO - [2026-03-28T08:08:45.404+0000] {dag.py:3823} INFO - Setting next_dagrun for weekly_summary_pipeline to 2026-03-23 06:00:00+00:00, run_after=2026-03-30 06:00:00+00:00
[2026-03-28T08:08:45.426+0000] {processor.py:183} INFO - Processing /opt/airflow/dags/weekly_summary_pipeline.py took 0.101 seconds
[2026-03-28T08:09:17.022+0000] {processor.py:161} INFO - Started process (PID=13091) to work on /opt/airflow/dags/weekly_summary_pipeline.py
[2026-03-28T08:09:17.023+0000] {processor.py:830} INFO - Processing file /opt/airflow/dags/weekly_summary_pipeline.py for tasks to queue
[2026-03-28T08:09:17.024+0000] {logging_mixin.py:188} INFO - [2026-03-28T08:09:17.023+0000] {dagbag.py:538} INFO - Filling up the DagBag from /opt/airflow/dags/weekly_summary_pipeline.py
[2026-03-28T08:09:17.049+0000] {processor.py:840} INFO - DAG(s) 'weekly_summary_pipeline' retrieved from /opt/airflow/dags/weekly_summary_pipeline.py
[2026-03-28T08:09:17.078+0000] {logging_mixin.py:188} INFO - [2026-03-28T08:09:17.078+0000] {dag.py:3036} INFO - Sync 1 DAGs
[2026-03-28T08:09:17.112+0000] {logging_mixin.py:188} INFO - [2026-03-28T08:09:17.112+0000] {dag.py:3823} INFO - Setting next_dagrun for weekly_summary_pipeline to 2026-03-23 06:00:00+00:00, run_after=2026-03-30 06:00:00+00:00
[2026-03-28T08:09:17.137+0000] {processor.py:183} INFO - Processing /opt/airflow/dags/weekly_summary_pipeline.py took 0.119 seconds
[2026-03-28T08:09:48.712+0000] {processor.py:161} INFO - Started process (PID=13114) to work on /opt/airflow/dags/weekly_summary_pipeline.py
[2026-03-28T08:09:48.715+0000] {processor.py:830} INFO - Processing file /opt/airflow/dags/weekly_summary_pipeline.py for tasks to queue
[2026-03-28T08:09:48.718+0000] {logging_mixin.py:188} INFO - [2026-03-28T08:09:48.717+0000] {dagbag.py:538} INFO - Filling up the DagBag from /opt/airflow/dags/weekly_summary_pipeline.py
[2026-03-28T08:09:48.748+0000] {processor.py:840} INFO - DAG(s) 'weekly_summary_pipeline' retrieved from /opt/airflow/dags/weekly_summary_pipeline.py
[2026-03-28T08:09:48.785+0000] {logging_mixin.py:188} INFO - [2026-03-28T08:09:48.785+0000] {dag.py:3036} INFO - Sync 1 DAGs
[2026-03-28T08:09:48.808+0000] {logging_mixin.py:188} INFO - [2026-03-28T08:09:48.807+0000] {dag.py:3823} INFO - Setting next_dagrun for weekly_summary_pipeline to 2026-03-23 06:00:00+00:00, run_after=2026-03-30 06:00:00+00:00
[2026-03-28T08:09:48.825+0000] {processor.py:183} INFO - Processing /opt/airflow/dags/weekly_summary_pipeline.py took 0.119 seconds
[2026-03-28T08:10:19.473+0000] {processor.py:161} INFO - Started process (PID=13137) to work on /opt/airflow/dags/weekly_summary_pipeline.py
[2026-03-28T08:10:19.474+0000] {processor.py:830} INFO - Processing file /opt/airflow/dags/weekly_summary_pipeline.py for tasks to queue
[2026-03-28T08:10:19.478+0000] {logging_mixin.py:188} INFO - [2026-03-28T08:10:19.477+0000] {dagbag.py:538} INFO - Filling up the DagBag from /opt/airflow/dags/weekly_summary_pipeline.py
[2026-03-28T08:10:19.509+0000] {processor.py:840} INFO - DAG(s) 'weekly_summary_pipeline' retrieved from /opt/airflow/dags/weekly_summary_pipeline.py
[2026-03-28T08:10:19.556+0000] {logging_mixin.py:188} INFO - [2026-03-28T08:10:19.555+0000] {dag.py:3036} INFO - Sync 1 DAGs
[2026-03-28T08:10:19.606+0000] {logging_mixin.py:188} INFO - [2026-03-28T08:10:19.605+0000] {dag.py:3823} INFO - Setting next_dagrun for weekly_summary_pipeline to 2026-03-23 06:00:00+00:00, run_after=2026-03-30 06:00:00+00:00
[2026-03-28T08:10:19.632+0000] {processor.py:183} INFO - Processing /opt/airflow/dags/weekly_summary_pipeline.py took 0.163 seconds
[2026-03-28T08:10:51.292+0000] {processor.py:161} INFO - Started process (PID=13152) to work on /opt/airflow/dags/weekly_summary_pipeline.py
[2026-03-28T08:10:51.295+0000] {processor.py:830} INFO - Processing file /opt/airflow/dags/weekly_summary_pipeline.py for tasks to queue
[2026-03-28T08:10:51.297+0000] {logging_mixin.py:188} INFO - [2026-03-28T08:10:51.296+0000] {dagbag.py:538} INFO - Filling up the DagBag from /opt/airflow/dags/weekly_summary_pipeline.py
[2026-03-28T08:10:51.331+0000] {processor.py:840} INFO - DAG(s) 'weekly_summary_pipeline' retrieved from /opt/airflow/dags/weekly_summary_pipeline.py
[2026-03-28T08:10:51.364+0000] {logging_mixin.py:188} INFO - [2026-03-28T08:10:51.364+0000] {dag.py:3036} INFO - Sync 1 DAGs
[2026-03-28T08:10:51.388+0000] {logging_mixin.py:188} INFO - [2026-03-28T08:10:51.388+0000] {dag.py:3823} INFO - Setting next_dagrun for weekly_summary_pipeline to 2026-03-23 06:00:00+00:00, run_after=2026-03-30 06:00:00+00:00
[2026-03-28T08:10:51.408+0000] {processor.py:183} INFO - Processing /opt/airflow/dags/weekly_summary_pipeline.py took 0.125 seconds
[2026-03-28T08:11:22.090+0000] {processor.py:161} INFO - Started process (PID=13175) to work on /opt/airflow/dags/weekly_summary_pipeline.py
[2026-03-28T08:11:22.092+0000] {processor.py:830} INFO - Processing file /opt/airflow/dags/weekly_summary_pipeline.py for tasks to queue
[2026-03-28T08:11:22.093+0000] {logging_mixin.py:188} INFO - [2026-03-28T08:11:22.093+0000] {dagbag.py:538} INFO - Filling up the DagBag from /opt/airflow/dags/weekly_summary_pipeline.py
[2026-03-28T08:11:22.128+0000] {processor.py:840} INFO - DAG(s) 'weekly_summary_pipeline' retrieved from /opt/airflow/dags/weekly_summary_pipeline.py
[2026-03-28T08:11:22.159+0000] {logging_mixin.py:188} INFO - [2026-03-28T08:11:22.159+0000] {dag.py:3036} INFO - Sync 1 DAGs
[2026-03-28T08:11:22.189+0000] {logging_mixin.py:188} INFO - [2026-03-28T08:11:22.189+0000] {dag.py:3823} INFO - Setting next_dagrun for weekly_summary_pipeline to 2026-03-23 06:00:00+00:00, run_after=2026-03-30 06:00:00+00:00
[2026-03-28T08:11:22.214+0000] {processor.py:183} INFO - Processing /opt/airflow/dags/weekly_summary_pipeline.py took 0.130 seconds
[2026-03-28T08:11:53.871+0000] {processor.py:161} INFO - Started process (PID=13198) to work on /opt/airflow/dags/weekly_summary_pipeline.py
[2026-03-28T08:11:53.872+0000] {processor.py:830} INFO - Processing file /opt/airflow/dags/weekly_summary_pipeline.py for tasks to queue
[2026-03-28T08:11:53.874+0000] {logging_mixin.py:188} INFO - [2026-03-28T08:11:53.874+0000] {dagbag.py:538} INFO - Filling up the DagBag from /opt/airflow/dags/weekly_summary_pipeline.py
[2026-03-28T08:11:53.903+0000] {processor.py:840} INFO - DAG(s) 'weekly_summary_pipeline' retrieved from /opt/airflow/dags/weekly_summary_pipeline.py
[2026-03-28T08:11:53.936+0000] {logging_mixin.py:188} INFO - [2026-03-28T08:11:53.936+0000] {dag.py:3036} INFO - Sync 1 DAGs
[2026-03-28T08:11:53.960+0000] {logging_mixin.py:188} INFO - [2026-03-28T08:11:53.960+0000] {dag.py:3823} INFO - Setting next_dagrun for weekly_summary_pipeline to 2026-03-23 06:00:00+00:00, run_after=2026-03-30 06:00:00+00:00
[2026-03-28T08:11:53.980+0000] {processor.py:183} INFO - Processing /opt/airflow/dags/weekly_summary_pipeline.py took 0.114 seconds
[2026-03-28T08:12:24.643+0000] {processor.py:161} INFO - Started process (PID=13221) to work on /opt/airflow/dags/weekly_summary_pipeline.py
[2026-03-28T08:12:24.645+0000] {processor.py:830} INFO - Processing file /opt/airflow/dags/weekly_summary_pipeline.py for tasks to queue
[2026-03-28T08:12:24.647+0000] {logging_mixin.py:188} INFO - [2026-03-28T08:12:24.646+0000] {dagbag.py:538} INFO - Filling up the DagBag from /opt/airflow/dags/weekly_summary_pipeline.py
[2026-03-28T08:12:24.695+0000] {processor.py:840} INFO - DAG(s) 'weekly_summary_pipeline' retrieved from /opt/airflow/dags/weekly_summary_pipeline.py
[2026-03-28T08:12:24.759+0000] {logging_mixin.py:188} INFO - [2026-03-28T08:12:24.758+0000] {dag.py:3036} INFO - Sync 1 DAGs
[2026-03-28T08:12:24.790+0000] {logging_mixin.py:188} INFO - [2026-03-28T08:12:24.790+0000] {dag.py:3823} INFO - Setting next_dagrun for weekly_summary_pipeline to 2026-03-23 06:00:00+00:00, run_after=2026-03-30 06:00:00+00:00
[2026-03-28T08:12:24.814+0000] {processor.py:183} INFO - Processing /opt/airflow/dags/weekly_summary_pipeline.py took 0.176 seconds
[2026-03-28T08:12:56.364+0000] {processor.py:161} INFO - Started process (PID=13244) to work on /opt/airflow/dags/weekly_summary_pipeline.py
[2026-03-28T08:12:56.365+0000] {processor.py:830} INFO - Processing file /opt/airflow/dags/weekly_summary_pipeline.py for tasks to queue
[2026-03-28T08:12:56.366+0000] {logging_mixin.py:188} INFO - [2026-03-28T08:12:56.366+0000] {dagbag.py:538} INFO - Filling up the DagBag from /opt/airflow/dags/weekly_summary_pipeline.py
[2026-03-28T08:12:56.387+0000] {processor.py:840} INFO - DAG(s) 'weekly_summary_pipeline' retrieved from /opt/airflow/dags/weekly_summary_pipeline.py
[2026-03-28T08:12:56.415+0000] {logging_mixin.py:188} INFO - [2026-03-28T08:12:56.414+0000] {dag.py:3036} INFO - Sync 1 DAGs
[2026-03-28T08:12:56.438+0000] {logging_mixin.py:188} INFO - [2026-03-28T08:12:56.438+0000] {dag.py:3823} INFO - Setting next_dagrun for weekly_summary_pipeline to 2026-03-23 06:00:00+00:00, run_after=2026-03-30 06:00:00+00:00
[2026-03-28T08:12:56.458+0000] {processor.py:183} INFO - Processing /opt/airflow/dags/weekly_summary_pipeline.py took 0.096 seconds
[2026-03-28T08:13:27.101+0000] {processor.py:161} INFO - Started process (PID=13267) to work on /opt/airflow/dags/weekly_summary_pipeline.py
[2026-03-28T08:13:27.102+0000] {processor.py:830} INFO - Processing file /opt/airflow/dags/weekly_summary_pipeline.py for tasks to queue
[2026-03-28T08:13:27.103+0000] {logging_mixin.py:188} INFO - [2026-03-28T08:13:27.103+0000] {dagbag.py:538} INFO - Filling up the DagBag from /opt/airflow/dags/weekly_summary_pipeline.py
[2026-03-28T08:13:27.129+0000] {processor.py:840} INFO - DAG(s) 'weekly_summary_pipeline' retrieved from /opt/airflow/dags/weekly_summary_pipeline.py
[2026-03-28T08:13:27.161+0000] {logging_mixin.py:188} INFO - [2026-03-28T08:13:27.161+0000] {dag.py:3036} INFO - Sync 1 DAGs
[2026-03-28T08:13:27.186+0000] {logging_mixin.py:188} INFO - [2026-03-28T08:13:27.186+0000] {dag.py:3823} INFO - Setting next_dagrun for weekly_summary_pipeline to 2026-03-23 06:00:00+00:00, run_after=2026-03-30 06:00:00+00:00
[2026-03-28T08:13:27.206+0000] {processor.py:183} INFO - Processing /opt/airflow/dags/weekly_summary_pipeline.py took 0.108 seconds
[2026-03-28T08:13:58.755+0000] {processor.py:161} INFO - Started process (PID=13291) to work on /opt/airflow/dags/weekly_summary_pipeline.py
[2026-03-28T08:13:58.756+0000] {processor.py:830} INFO - Processing file /opt/airflow/dags/weekly_summary_pipeline.py for tasks to queue
[2026-03-28T08:13:58.757+0000] {logging_mixin.py:188} INFO - [2026-03-28T08:13:58.756+0000] {dagbag.py:538} INFO - Filling up the DagBag from /opt/airflow/dags/weekly_summary_pipeline.py
[2026-03-28T08:13:58.776+0000] {processor.py:840} INFO - DAG(s) 'weekly_summary_pipeline' retrieved from /opt/airflow/dags/weekly_summary_pipeline.py
[2026-03-28T08:13:58.805+0000] {logging_mixin.py:188} INFO - [2026-03-28T08:13:58.805+0000] {dag.py:3036} INFO - Sync 1 DAGs
[2026-03-28T08:13:58.826+0000] {logging_mixin.py:188} INFO - [2026-03-28T08:13:58.826+0000] {dag.py:3823} INFO - Setting next_dagrun for weekly_summary_pipeline to 2026-03-23 06:00:00+00:00, run_after=2026-03-30 06:00:00+00:00
[2026-03-28T08:13:58.846+0000] {processor.py:183} INFO - Processing /opt/airflow/dags/weekly_summary_pipeline.py took 0.094 seconds
[2026-03-28T08:14:29.576+0000] {processor.py:161} INFO - Started process (PID=13314) to work on /opt/airflow/dags/weekly_summary_pipeline.py
[2026-03-28T08:14:29.577+0000] {processor.py:830} INFO - Processing file /opt/airflow/dags/weekly_summary_pipeline.py for tasks to queue
[2026-03-28T08:14:29.578+0000] {logging_mixin.py:188} INFO - [2026-03-28T08:14:29.577+0000] {dagbag.py:538} INFO - Filling up the DagBag from /opt/airflow/dags/weekly_summary_pipeline.py
[2026-03-28T08:14:29.597+0000] {processor.py:840} INFO - DAG(s) 'weekly_summary_pipeline' retrieved from /opt/airflow/dags/weekly_summary_pipeline.py
[2026-03-28T08:14:29.629+0000] {logging_mixin.py:188} INFO - [2026-03-28T08:14:29.629+0000] {dag.py:3036} INFO - Sync 1 DAGs
[2026-03-28T08:14:29.652+0000] {logging_mixin.py:188} INFO - [2026-03-28T08:14:29.652+0000] {dag.py:3823} INFO - Setting next_dagrun for weekly_summary_pipeline to 2026-03-23 06:00:00+00:00, run_after=2026-03-30 06:00:00+00:00
[2026-03-28T08:14:29.673+0000] {processor.py:183} INFO - Processing /opt/airflow/dags/weekly_summary_pipeline.py took 0.100 seconds
[2026-03-28T08:15:01.280+0000] {processor.py:161} INFO - Started process (PID=13339) to work on /opt/airflow/dags/weekly_summary_pipeline.py
[2026-03-28T08:15:01.282+0000] {processor.py:830} INFO - Processing file /opt/airflow/dags/weekly_summary_pipeline.py for tasks to queue
[2026-03-28T08:15:01.283+0000] {logging_mixin.py:188} INFO - [2026-03-28T08:15:01.283+0000] {dagbag.py:538} INFO - Filling up the DagBag from /opt/airflow/dags/weekly_summary_pipeline.py
[2026-03-28T08:15:01.310+0000] {processor.py:840} INFO - DAG(s) 'weekly_summary_pipeline' retrieved from /opt/airflow/dags/weekly_summary_pipeline.py
[2026-03-28T08:15:01.341+0000] {logging_mixin.py:188} INFO - [2026-03-28T08:15:01.341+0000] {dag.py:3036} INFO - Sync 1 DAGs
[2026-03-28T08:15:01.364+0000] {logging_mixin.py:188} INFO - [2026-03-28T08:15:01.363+0000] {dag.py:3823} INFO - Setting next_dagrun for weekly_summary_pipeline to 2026-03-23 06:00:00+00:00, run_after=2026-03-30 06:00:00+00:00
[2026-03-28T08:15:01.384+0000] {processor.py:183} INFO - Processing /opt/airflow/dags/weekly_summary_pipeline.py took 0.108 seconds
[2026-03-28T08:15:32.976+0000] {processor.py:161} INFO - Started process (PID=13362) to work on /opt/airflow/dags/weekly_summary_pipeline.py
[2026-03-28T08:15:32.977+0000] {processor.py:830} INFO - Processing file /opt/airflow/dags/weekly_summary_pipeline.py for tasks to queue
[2026-03-28T08:15:32.978+0000] {logging_mixin.py:188} INFO - [2026-03-28T08:15:32.978+0000] {dagbag.py:538} INFO - Filling up the DagBag from /opt/airflow/dags/weekly_summary_pipeline.py
[2026-03-28T08:15:32.997+0000] {processor.py:840} INFO - DAG(s) 'weekly_summary_pipeline' retrieved from /opt/airflow/dags/weekly_summary_pipeline.py
[2026-03-28T08:15:33.026+0000] {logging_mixin.py:188} INFO - [2026-03-28T08:15:33.025+0000] {dag.py:3036} INFO - Sync 1 DAGs
[2026-03-28T08:15:33.050+0000] {logging_mixin.py:188} INFO - [2026-03-28T08:15:33.050+0000] {dag.py:3823} INFO - Setting next_dagrun for weekly_summary_pipeline to 2026-03-23 06:00:00+00:00, run_after=2026-03-30 06:00:00+00:00
[2026-03-28T08:15:33.069+0000] {processor.py:183} INFO - Processing /opt/airflow/dags/weekly_summary_pipeline.py took 0.095 seconds
[2026-03-28T08:16:03.739+0000] {processor.py:161} INFO - Started process (PID=13385) to work on /opt/airflow/dags/weekly_summary_pipeline.py
[2026-03-28T08:16:03.740+0000] {processor.py:830} INFO - Processing file /opt/airflow/dags/weekly_summary_pipeline.py for tasks to queue
[2026-03-28T08:16:03.741+0000] {logging_mixin.py:188} INFO - [2026-03-28T08:16:03.741+0000] {dagbag.py:538} INFO - Filling up the DagBag from /opt/airflow/dags/weekly_summary_pipeline.py
[2026-03-28T08:16:03.767+0000] {processor.py:840} INFO - DAG(s) 'weekly_summary_pipeline' retrieved from /opt/airflow/dags/weekly_summary_pipeline.py
[2026-03-28T08:16:03.796+0000] {logging_mixin.py:188} INFO - [2026-03-28T08:16:03.795+0000] {dag.py:3036} INFO - Sync 1 DAGs
[2026-03-28T08:16:03.817+0000] {logging_mixin.py:188} INFO - [2026-03-28T08:16:03.816+0000] {dag.py:3823} INFO - Setting next_dagrun for weekly_summary_pipeline to 2026-03-23 06:00:00+00:00, run_after=2026-03-30 06:00:00+00:00
[2026-03-28T08:16:03.837+0000] {processor.py:183} INFO - Processing /opt/airflow/dags/weekly_summary_pipeline.py took 0.101 seconds
[2026-03-28T08:16:35.518+0000] {processor.py:161} INFO - Started process (PID=13408) to work on /opt/airflow/dags/weekly_summary_pipeline.py
[2026-03-28T08:16:35.519+0000] {processor.py:830} INFO - Processing file /opt/airflow/dags/weekly_summary_pipeline.py for tasks to queue
[2026-03-28T08:16:35.520+0000] {logging_mixin.py:188} INFO - [2026-03-28T08:16:35.519+0000] {dagbag.py:538} INFO - Filling up the DagBag from /opt/airflow/dags/weekly_summary_pipeline.py
[2026-03-28T08:16:35.544+0000] {processor.py:840} INFO - DAG(s) 'weekly_summary_pipeline' retrieved from /opt/airflow/dags/weekly_summary_pipeline.py
[2026-03-28T08:16:35.573+0000] {logging_mixin.py:188} INFO - [2026-03-28T08:16:35.573+0000] {dag.py:3036} INFO - Sync 1 DAGs
[2026-03-28T08:16:35.595+0000] {logging_mixin.py:188} INFO - [2026-03-28T08:16:35.594+0000] {dag.py:3823} INFO - Setting next_dagrun for weekly_summary_pipeline to 2026-03-23 06:00:00+00:00, run_after=2026-03-30 06:00:00+00:00
[2026-03-28T08:16:35.617+0000] {processor.py:183} INFO - Processing /opt/airflow/dags/weekly_summary_pipeline.py took 0.102 seconds
[2026-03-28T08:17:06.093+0000] {processor.py:161} INFO - Started process (PID=13431) to work on /opt/airflow/dags/weekly_summary_pipeline.py
[2026-03-28T08:17:06.094+0000] {processor.py:830} INFO - Processing file /opt/airflow/dags/weekly_summary_pipeline.py for tasks to queue
[2026-03-28T08:17:06.095+0000] {logging_mixin.py:188} INFO - [2026-03-28T08:17:06.095+0000] {dagbag.py:538} INFO - Filling up the DagBag from /opt/airflow/dags/weekly_summary_pipeline.py
[2026-03-28T08:17:06.116+0000] {processor.py:840} INFO - DAG(s) 'weekly_summary_pipeline' retrieved from /opt/airflow/dags/weekly_summary_pipeline.py
[2026-03-28T08:17:06.144+0000] {logging_mixin.py:188} INFO - [2026-03-28T08:17:06.144+0000] {dag.py:3036} INFO - Sync 1 DAGs
[2026-03-28T08:17:06.165+0000] {logging_mixin.py:188} INFO - [2026-03-28T08:17:06.165+0000] {dag.py:3823} INFO - Setting next_dagrun for weekly_summary_pipeline to 2026-03-23 06:00:00+00:00, run_after=2026-03-30 06:00:00+00:00
[2026-03-28T08:17:06.186+0000] {processor.py:183} INFO - Processing /opt/airflow/dags/weekly_summary_pipeline.py took 0.095 seconds
[2026-03-28T08:17:37.753+0000] {processor.py:161} INFO - Started process (PID=13454) to work on /opt/airflow/dags/weekly_summary_pipeline.py
[2026-03-28T08:17:37.755+0000] {processor.py:830} INFO - Processing file /opt/airflow/dags/weekly_summary_pipeline.py for tasks to queue
[2026-03-28T08:17:37.755+0000] {logging_mixin.py:188} INFO - [2026-03-28T08:17:37.755+0000] {dagbag.py:538} INFO - Filling up the DagBag from /opt/airflow/dags/weekly_summary_pipeline.py
[2026-03-28T08:17:37.775+0000] {processor.py:840} INFO - DAG(s) 'weekly_summary_pipeline' retrieved from /opt/airflow/dags/weekly_summary_pipeline.py
[2026-03-28T08:17:37.803+0000] {logging_mixin.py:188} INFO - [2026-03-28T08:17:37.803+0000] {dag.py:3036} INFO - Sync 1 DAGs
[2026-03-28T08:17:37.825+0000] {logging_mixin.py:188} INFO - [2026-03-28T08:17:37.825+0000] {dag.py:3823} INFO - Setting next_dagrun for weekly_summary_pipeline to 2026-03-23 06:00:00+00:00, run_after=2026-03-30 06:00:00+00:00
[2026-03-28T08:17:37.845+0000] {processor.py:183} INFO - Processing /opt/airflow/dags/weekly_summary_pipeline.py took 0.094 seconds
[2026-03-28T08:18:09.460+0000] {processor.py:161} INFO - Started process (PID=13477) to work on /opt/airflow/dags/weekly_summary_pipeline.py
[2026-03-28T08:18:09.462+0000] {processor.py:830} INFO - Processing file /opt/airflow/dags/weekly_summary_pipeline.py for tasks to queue
[2026-03-28T08:18:09.464+0000] {logging_mixin.py:188} INFO - [2026-03-28T08:18:09.463+0000] {dagbag.py:538} INFO - Filling up the DagBag from /opt/airflow/dags/weekly_summary_pipeline.py
[2026-03-28T08:18:09.490+0000] {processor.py:840} INFO - DAG(s) 'weekly_summary_pipeline' retrieved from /opt/airflow/dags/weekly_summary_pipeline.py
[2026-03-28T08:18:09.524+0000] {logging_mixin.py:188} INFO - [2026-03-28T08:18:09.523+0000] {dag.py:3036} INFO - Sync 1 DAGs
[2026-03-28T08:18:09.552+0000] {logging_mixin.py:188} INFO - [2026-03-28T08:18:09.552+0000] {dag.py:3823} INFO - Setting next_dagrun for weekly_summary_pipeline to 2026-03-23 06:00:00+00:00, run_after=2026-03-30 06:00:00+00:00
[2026-03-28T08:18:09.573+0000] {processor.py:183} INFO - Processing /opt/airflow/dags/weekly_summary_pipeline.py took 0.117 seconds
[2026-03-28T08:18:40.200+0000] {processor.py:161} INFO - Started process (PID=13492) to work on /opt/airflow/dags/weekly_summary_pipeline.py
[2026-03-28T08:18:40.259+0000] {processor.py:830} INFO - Processing file /opt/airflow/dags/weekly_summary_pipeline.py for tasks to queue
[2026-03-28T08:18:40.260+0000] {logging_mixin.py:188} INFO - [2026-03-28T08:18:40.260+0000] {dagbag.py:538} INFO - Filling up the DagBag from /opt/airflow/dags/weekly_summary_pipeline.py
[2026-03-28T08:18:40.541+0000] {processor.py:840} INFO - DAG(s) 'weekly_summary_pipeline' retrieved from /opt/airflow/dags/weekly_summary_pipeline.py
[2026-03-28T08:18:41.283+0000] {logging_mixin.py:188} INFO - [2026-03-28T08:18:41.283+0000] {dag.py:3036} INFO - Sync 1 DAGs
[2026-03-28T08:18:41.303+0000] {logging_mixin.py:188} INFO - [2026-03-28T08:18:41.302+0000] {dag.py:3823} INFO - Setting next_dagrun for weekly_summary_pipeline to 2026-03-23 06:00:00+00:00, run_after=2026-03-30 06:00:00+00:00
[2026-03-28T08:18:41.612+0000] {processor.py:183} INFO - Processing /opt/airflow/dags/weekly_summary_pipeline.py took 1.414 seconds
[2026-03-28T08:19:12.511+0000] {processor.py:161} INFO - Started process (PID=13515) to work on /opt/airflow/dags/weekly_summary_pipeline.py
[2026-03-28T08:19:12.512+0000] {processor.py:830} INFO - Processing file /opt/airflow/dags/weekly_summary_pipeline.py for tasks to queue
[2026-03-28T08:19:12.513+0000] {logging_mixin.py:188} INFO - [2026-03-28T08:19:12.513+0000] {dagbag.py:538} INFO - Filling up the DagBag from /opt/airflow/dags/weekly_summary_pipeline.py
[2026-03-28T08:19:12.552+0000] {processor.py:840} INFO - DAG(s) 'weekly_summary_pipeline' retrieved from /opt/airflow/dags/weekly_summary_pipeline.py
[2026-03-28T08:19:12.588+0000] {logging_mixin.py:188} INFO - [2026-03-28T08:19:12.588+0000] {dag.py:3036} INFO - Sync 1 DAGs
[2026-03-28T08:19:12.616+0000] {logging_mixin.py:188} INFO - [2026-03-28T08:19:12.616+0000] {dag.py:3823} INFO - Setting next_dagrun for weekly_summary_pipeline to 2026-03-23 06:00:00+00:00, run_after=2026-03-30 06:00:00+00:00
[2026-03-28T08:19:12.638+0000] {processor.py:183} INFO - Processing /opt/airflow/dags/weekly_summary_pipeline.py took 0.131 seconds
[2026-03-28T08:19:43.199+0000] {processor.py:161} INFO - Started process (PID=13538) to work on /opt/airflow/dags/weekly_summary_pipeline.py
[2026-03-28T08:19:43.201+0000] {processor.py:830} INFO - Processing file /opt/airflow/dags/weekly_summary_pipeline.py for tasks to queue
[2026-03-28T08:19:43.201+0000] {logging_mixin.py:188} INFO - [2026-03-28T08:19:43.201+0000] {dagbag.py:538} INFO - Filling up the DagBag from /opt/airflow/dags/weekly_summary_pipeline.py
[2026-03-28T08:19:43.219+0000] {processor.py:840} INFO - DAG(s) 'weekly_summary_pipeline' retrieved from /opt/airflow/dags/weekly_summary_pipeline.py
[2026-03-28T08:19:43.246+0000] {logging_mixin.py:188} INFO - [2026-03-28T08:19:43.246+0000] {dag.py:3036} INFO - Sync 1 DAGs
[2026-03-28T08:19:43.268+0000] {logging_mixin.py:188} INFO - [2026-03-28T08:19:43.268+0000] {dag.py:3823} INFO - Setting next_dagrun for weekly_summary_pipeline to 2026-03-23 06:00:00+00:00, run_after=2026-03-30 06:00:00+00:00
[2026-03-28T08:19:43.294+0000] {processor.py:183} INFO - Processing /opt/airflow/dags/weekly_summary_pipeline.py took 0.097 seconds
[2026-03-28T08:20:13.872+0000] {processor.py:161} INFO - Started process (PID=13561) to work on /opt/airflow/dags/weekly_summary_pipeline.py
[2026-03-28T08:20:13.874+0000] {processor.py:830} INFO - Processing file /opt/airflow/dags/weekly_summary_pipeline.py for tasks to queue
[2026-03-28T08:20:13.875+0000] {logging_mixin.py:188} INFO - [2026-03-28T08:20:13.874+0000] {dagbag.py:538} INFO - Filling up the DagBag from /opt/airflow/dags/weekly_summary_pipeline.py
[2026-03-28T08:20:13.911+0000] {processor.py:840} INFO - DAG(s) 'weekly_summary_pipeline' retrieved from /opt/airflow/dags/weekly_summary_pipeline.py
[2026-03-28T08:20:13.953+0000] {logging_mixin.py:188} INFO - [2026-03-28T08:20:13.952+0000] {dag.py:3036} INFO - Sync 1 DAGs
[2026-03-28T08:20:13.984+0000] {logging_mixin.py:188} INFO - [2026-03-28T08:20:13.983+0000] {dag.py:3823} INFO - Setting next_dagrun for weekly_summary_pipeline to 2026-03-23 06:00:00+00:00, run_after=2026-03-30 06:00:00+00:00
[2026-03-28T08:20:14.015+0000] {processor.py:183} INFO - Processing /opt/airflow/dags/weekly_summary_pipeline.py took 0.146 seconds
[2026-03-28T08:20:45.621+0000] {processor.py:161} INFO - Started process (PID=13584) to work on /opt/airflow/dags/weekly_summary_pipeline.py
[2026-03-28T08:20:45.622+0000] {processor.py:830} INFO - Processing file /opt/airflow/dags/weekly_summary_pipeline.py for tasks to queue
[2026-03-28T08:20:45.623+0000] {logging_mixin.py:188} INFO - [2026-03-28T08:20:45.623+0000] {dagbag.py:538} INFO - Filling up the DagBag from /opt/airflow/dags/weekly_summary_pipeline.py
[2026-03-28T08:20:45.644+0000] {processor.py:840} INFO - DAG(s) 'weekly_summary_pipeline' retrieved from /opt/airflow/dags/weekly_summary_pipeline.py
[2026-03-28T08:20:45.672+0000] {logging_mixin.py:188} INFO - [2026-03-28T08:20:45.672+0000] {dag.py:3036} INFO - Sync 1 DAGs
[2026-03-28T08:20:45.694+0000] {logging_mixin.py:188} INFO - [2026-03-28T08:20:45.694+0000] {dag.py:3823} INFO - Setting next_dagrun for weekly_summary_pipeline to 2026-03-23 06:00:00+00:00, run_after=2026-03-30 06:00:00+00:00
[2026-03-28T08:20:45.716+0000] {processor.py:183} INFO - Processing /opt/airflow/dags/weekly_summary_pipeline.py took 0.098 seconds
[2026-03-28T08:21:17.420+0000] {processor.py:161} INFO - Started process (PID=13607) to work on /opt/airflow/dags/weekly_summary_pipeline.py
[2026-03-28T08:21:17.422+0000] {processor.py:830} INFO - Processing file /opt/airflow/dags/weekly_summary_pipeline.py for tasks to queue
[2026-03-28T08:21:17.423+0000] {logging_mixin.py:188} INFO - [2026-03-28T08:21:17.423+0000] {dagbag.py:538} INFO - Filling up the DagBag from /opt/airflow/dags/weekly_summary_pipeline.py
[2026-03-28T08:21:17.452+0000] {processor.py:840} INFO - DAG(s) 'weekly_summary_pipeline' retrieved from /opt/airflow/dags/weekly_summary_pipeline.py
[2026-03-28T08:21:17.486+0000] {logging_mixin.py:188} INFO - [2026-03-28T08:21:17.485+0000] {dag.py:3036} INFO - Sync 1 DAGs
[2026-03-28T08:21:17.515+0000] {logging_mixin.py:188} INFO - [2026-03-28T08:21:17.515+0000] {dag.py:3823} INFO - Setting next_dagrun for weekly_summary_pipeline to 2026-03-23 06:00:00+00:00, run_after=2026-03-30 06:00:00+00:00
[2026-03-28T08:21:17.546+0000] {processor.py:183} INFO - Processing /opt/airflow/dags/weekly_summary_pipeline.py took 0.130 seconds
[2026-03-28T08:21:48.062+0000] {processor.py:161} INFO - Started process (PID=13630) to work on /opt/airflow/dags/weekly_summary_pipeline.py
[2026-03-28T08:21:48.063+0000] {processor.py:830} INFO - Processing file /opt/airflow/dags/weekly_summary_pipeline.py for tasks to queue
[2026-03-28T08:21:48.064+0000] {logging_mixin.py:188} INFO - [2026-03-28T08:21:48.064+0000] {dagbag.py:538} INFO - Filling up the DagBag from /opt/airflow/dags/weekly_summary_pipeline.py
[2026-03-28T08:21:48.085+0000] {processor.py:840} INFO - DAG(s) 'weekly_summary_pipeline' retrieved from /opt/airflow/dags/weekly_summary_pipeline.py
[2026-03-28T08:21:48.113+0000] {logging_mixin.py:188} INFO - [2026-03-28T08:21:48.112+0000] {dag.py:3036} INFO - Sync 1 DAGs
[2026-03-28T08:21:48.134+0000] {logging_mixin.py:188} INFO - [2026-03-28T08:21:48.134+0000] {dag.py:3823} INFO - Setting next_dagrun for weekly_summary_pipeline to 2026-03-23 06:00:00+00:00, run_after=2026-03-30 06:00:00+00:00
[2026-03-28T08:21:48.155+0000] {processor.py:183} INFO - Processing /opt/airflow/dags/weekly_summary_pipeline.py took 0.095 seconds
[2026-03-28T08:22:19.795+0000] {processor.py:161} INFO - Started process (PID=13653) to work on /opt/airflow/dags/weekly_summary_pipeline.py
[2026-03-28T08:22:19.796+0000] {processor.py:830} INFO - Processing file /opt/airflow/dags/weekly_summary_pipeline.py for tasks to queue
[2026-03-28T08:22:19.797+0000] {logging_mixin.py:188} INFO - [2026-03-28T08:22:19.797+0000] {dagbag.py:538} INFO - Filling up the DagBag from /opt/airflow/dags/weekly_summary_pipeline.py
[2026-03-28T08:22:19.820+0000] {processor.py:840} INFO - DAG(s) 'weekly_summary_pipeline' retrieved from /opt/airflow/dags/weekly_summary_pipeline.py
[2026-03-28T08:22:19.855+0000] {logging_mixin.py:188} INFO - [2026-03-28T08:22:19.854+0000] {dag.py:3036} INFO - Sync 1 DAGs
[2026-03-28T08:22:19.883+0000] {logging_mixin.py:188} INFO - [2026-03-28T08:22:19.883+0000] {dag.py:3823} INFO - Setting next_dagrun for weekly_summary_pipeline to 2026-03-23 06:00:00+00:00, run_after=2026-03-30 06:00:00+00:00
[2026-03-28T08:22:19.904+0000] {processor.py:183} INFO - Processing /opt/airflow/dags/weekly_summary_pipeline.py took 0.112 seconds
[2026-03-28T08:22:50.515+0000] {processor.py:161} INFO - Started process (PID=13677) to work on /opt/airflow/dags/weekly_summary_pipeline.py
[2026-03-28T08:22:50.516+0000] {processor.py:830} INFO - Processing file /opt/airflow/dags/weekly_summary_pipeline.py for tasks to queue
[2026-03-28T08:22:50.517+0000] {logging_mixin.py:188} INFO - [2026-03-28T08:22:50.517+0000] {dagbag.py:538} INFO - Filling up the DagBag from /opt/airflow/dags/weekly_summary_pipeline.py
[2026-03-28T08:22:50.554+0000] {processor.py:840} INFO - DAG(s) 'weekly_summary_pipeline' retrieved from /opt/airflow/dags/weekly_summary_pipeline.py
[2026-03-28T08:22:50.602+0000] {logging_mixin.py:188} INFO - [2026-03-28T08:22:50.602+0000] {dag.py:3036} INFO - Sync 1 DAGs
[2026-03-28T08:22:50.640+0000] {logging_mixin.py:188} INFO - [2026-03-28T08:22:50.640+0000] {dag.py:3823} INFO - Setting next_dagrun for weekly_summary_pipeline to 2026-03-23 06:00:00+00:00, run_after=2026-03-30 06:00:00+00:00
[2026-03-28T08:22:50.660+0000] {processor.py:183} INFO - Processing /opt/airflow/dags/weekly_summary_pipeline.py took 0.149 seconds
[2026-03-28T08:23:22.206+0000] {processor.py:161} INFO - Started process (PID=13700) to work on /opt/airflow/dags/weekly_summary_pipeline.py
[2026-03-28T08:23:22.207+0000] {processor.py:830} INFO - Processing file /opt/airflow/dags/weekly_summary_pipeline.py for tasks to queue
[2026-03-28T08:23:22.208+0000] {logging_mixin.py:188} INFO - [2026-03-28T08:23:22.208+0000] {dagbag.py:538} INFO - Filling up the DagBag from /opt/airflow/dags/weekly_summary_pipeline.py
[2026-03-28T08:23:22.233+0000] {processor.py:840} INFO - DAG(s) 'weekly_summary_pipeline' retrieved from /opt/airflow/dags/weekly_summary_pipeline.py
[2026-03-28T08:23:22.269+0000] {logging_mixin.py:188} INFO - [2026-03-28T08:23:22.269+0000] {dag.py:3036} INFO - Sync 1 DAGs
[2026-03-28T08:23:22.303+0000] {logging_mixin.py:188} INFO - [2026-03-28T08:23:22.303+0000] {dag.py:3823} INFO - Setting next_dagrun for weekly_summary_pipeline to 2026-03-23 06:00:00+00:00, run_after=2026-03-30 06:00:00+00:00
[2026-03-28T08:23:22.327+0000] {processor.py:183} INFO - Processing /opt/airflow/dags/weekly_summary_pipeline.py took 0.125 seconds
[2026-03-28T08:23:53.016+0000] {processor.py:161} INFO - Started process (PID=13723) to work on /opt/airflow/dags/weekly_summary_pipeline.py
[2026-03-28T08:23:53.018+0000] {processor.py:830} INFO - Processing file /opt/airflow/dags/weekly_summary_pipeline.py for tasks to queue
[2026-03-28T08:23:53.019+0000] {logging_mixin.py:188} INFO - [2026-03-28T08:23:53.019+0000] {dagbag.py:538} INFO - Filling up the DagBag from /opt/airflow/dags/weekly_summary_pipeline.py
[2026-03-28T08:23:53.045+0000] {processor.py:840} INFO - DAG(s) 'weekly_summary_pipeline' retrieved from /opt/airflow/dags/weekly_summary_pipeline.py
[2026-03-28T08:23:53.079+0000] {logging_mixin.py:188} INFO - [2026-03-28T08:23:53.079+0000] {dag.py:3036} INFO - Sync 1 DAGs
[2026-03-28T08:23:53.105+0000] {logging_mixin.py:188} INFO - [2026-03-28T08:23:53.105+0000] {dag.py:3823} INFO - Setting next_dagrun for weekly_summary_pipeline to 2026-03-23 06:00:00+00:00, run_after=2026-03-30 06:00:00+00:00
[2026-03-28T08:23:53.128+0000] {processor.py:183} INFO - Processing /opt/airflow/dags/weekly_summary_pipeline.py took 0.115 seconds
[2026-03-28T08:24:24.738+0000] {processor.py:161} INFO - Started process (PID=13746) to work on /opt/airflow/dags/weekly_summary_pipeline.py
[2026-03-28T08:24:24.740+0000] {processor.py:830} INFO - Processing file /opt/airflow/dags/weekly_summary_pipeline.py for tasks to queue
[2026-03-28T08:24:24.741+0000] {logging_mixin.py:188} INFO - [2026-03-28T08:24:24.740+0000] {dagbag.py:538} INFO - Filling up the DagBag from /opt/airflow/dags/weekly_summary_pipeline.py
[2026-03-28T08:24:24.762+0000] {processor.py:840} INFO - DAG(s) 'weekly_summary_pipeline' retrieved from /opt/airflow/dags/weekly_summary_pipeline.py
[2026-03-28T08:24:24.791+0000] {logging_mixin.py:188} INFO - [2026-03-28T08:24:24.790+0000] {dag.py:3036} INFO - Sync 1 DAGs
[2026-03-28T08:24:24.814+0000] {logging_mixin.py:188} INFO - [2026-03-28T08:24:24.813+0000] {dag.py:3823} INFO - Setting next_dagrun for weekly_summary_pipeline to 2026-03-23 06:00:00+00:00, run_after=2026-03-30 06:00:00+00:00
[2026-03-28T08:24:24.834+0000] {processor.py:183} INFO - Processing /opt/airflow/dags/weekly_summary_pipeline.py took 0.098 seconds
[2026-03-28T08:24:56.469+0000] {processor.py:161} INFO - Started process (PID=13769) to work on /opt/airflow/dags/weekly_summary_pipeline.py
[2026-03-28T08:24:56.470+0000] {processor.py:830} INFO - Processing file /opt/airflow/dags/weekly_summary_pipeline.py for tasks to queue
[2026-03-28T08:24:56.471+0000] {logging_mixin.py:188} INFO - [2026-03-28T08:24:56.470+0000] {dagbag.py:538} INFO - Filling up the DagBag from /opt/airflow/dags/weekly_summary_pipeline.py
[2026-03-28T08:24:56.490+0000] {processor.py:840} INFO - DAG(s) 'weekly_summary_pipeline' retrieved from /opt/airflow/dags/weekly_summary_pipeline.py
[2026-03-28T08:24:56.522+0000] {logging_mixin.py:188} INFO - [2026-03-28T08:24:56.522+0000] {dag.py:3036} INFO - Sync 1 DAGs
[2026-03-28T08:24:56.546+0000] {logging_mixin.py:188} INFO - [2026-03-28T08:24:56.546+0000] {dag.py:3823} INFO - Setting next_dagrun for weekly_summary_pipeline to 2026-03-23 06:00:00+00:00, run_after=2026-03-30 06:00:00+00:00
[2026-03-28T08:24:56.566+0000] {processor.py:183} INFO - Processing /opt/airflow/dags/weekly_summary_pipeline.py took 0.100 seconds
[2026-03-28T08:25:27.180+0000] {processor.py:161} INFO - Started process (PID=13792) to work on /opt/airflow/dags/weekly_summary_pipeline.py
[2026-03-28T08:25:27.181+0000] {processor.py:830} INFO - Processing file /opt/airflow/dags/weekly_summary_pipeline.py for tasks to queue
[2026-03-28T08:25:27.182+0000] {logging_mixin.py:188} INFO - [2026-03-28T08:25:27.182+0000] {dagbag.py:538} INFO - Filling up the DagBag from /opt/airflow/dags/weekly_summary_pipeline.py
[2026-03-28T08:25:27.206+0000] {processor.py:840} INFO - DAG(s) 'weekly_summary_pipeline' retrieved from /opt/airflow/dags/weekly_summary_pipeline.py
[2026-03-28T08:25:27.240+0000] {logging_mixin.py:188} INFO - [2026-03-28T08:25:27.240+0000] {dag.py:3036} INFO - Sync 1 DAGs
[2026-03-28T08:25:27.268+0000] {logging_mixin.py:188} INFO - [2026-03-28T08:25:27.268+0000] {dag.py:3823} INFO - Setting next_dagrun for weekly_summary_pipeline to 2026-03-23 06:00:00+00:00, run_after=2026-03-30 06:00:00+00:00
[2026-03-28T08:25:27.290+0000] {processor.py:183} INFO - Processing /opt/airflow/dags/weekly_summary_pipeline.py took 0.113 seconds
[2026-03-28T08:25:58.901+0000] {processor.py:161} INFO - Started process (PID=13815) to work on /opt/airflow/dags/weekly_summary_pipeline.py
[2026-03-28T08:25:58.903+0000] {processor.py:830} INFO - Processing file /opt/airflow/dags/weekly_summary_pipeline.py for tasks to queue
[2026-03-28T08:25:58.905+0000] {logging_mixin.py:188} INFO - [2026-03-28T08:25:58.904+0000] {dagbag.py:538} INFO - Filling up the DagBag from /opt/airflow/dags/weekly_summary_pipeline.py
[2026-03-28T08:25:58.953+0000] {processor.py:840} INFO - DAG(s) 'weekly_summary_pipeline' retrieved from /opt/airflow/dags/weekly_summary_pipeline.py
[2026-03-28T08:25:59.025+0000] {logging_mixin.py:188} INFO - [2026-03-28T08:25:59.024+0000] {dag.py:3036} INFO - Sync 1 DAGs
[2026-03-28T08:25:59.070+0000] {logging_mixin.py:188} INFO - [2026-03-28T08:25:59.070+0000] {dag.py:3823} INFO - Setting next_dagrun for weekly_summary_pipeline to 2026-03-23 06:00:00+00:00, run_after=2026-03-30 06:00:00+00:00
[2026-03-28T08:25:59.108+0000] {processor.py:183} INFO - Processing /opt/airflow/dags/weekly_summary_pipeline.py took 0.213 seconds
[2026-03-28T08:26:29.198+0000] {processor.py:161} INFO - Started process (PID=13830) to work on /opt/airflow/dags/weekly_summary_pipeline.py
[2026-03-28T08:26:29.199+0000] {processor.py:830} INFO - Processing file /opt/airflow/dags/weekly_summary_pipeline.py for tasks to queue
[2026-03-28T08:26:29.200+0000] {logging_mixin.py:188} INFO - [2026-03-28T08:26:29.200+0000] {dagbag.py:538} INFO - Filling up the DagBag from /opt/airflow/dags/weekly_summary_pipeline.py
[2026-03-28T08:26:29.221+0000] {processor.py:840} INFO - DAG(s) 'weekly_summary_pipeline' retrieved from /opt/airflow/dags/weekly_summary_pipeline.py
[2026-03-28T08:26:29.256+0000] {logging_mixin.py:188} INFO - [2026-03-28T08:26:29.256+0000] {dag.py:3036} INFO - Sync 1 DAGs
[2026-03-28T08:26:29.284+0000] {logging_mixin.py:188} INFO - [2026-03-28T08:26:29.283+0000] {dag.py:3823} INFO - Setting next_dagrun for weekly_summary_pipeline to 2026-03-23 06:00:00+00:00, run_after=2026-03-30 06:00:00+00:00
[2026-03-28T08:26:29.309+0000] {processor.py:183} INFO - Processing /opt/airflow/dags/weekly_summary_pipeline.py took 0.113 seconds
[2026-03-28T08:26:59.928+0000] {processor.py:161} INFO - Started process (PID=13853) to work on /opt/airflow/dags/weekly_summary_pipeline.py
[2026-03-28T08:26:59.929+0000] {processor.py:830} INFO - Processing file /opt/airflow/dags/weekly_summary_pipeline.py for tasks to queue
[2026-03-28T08:26:59.930+0000] {logging_mixin.py:188} INFO - [2026-03-28T08:26:59.929+0000] {dagbag.py:538} INFO - Filling up the DagBag from /opt/airflow/dags/weekly_summary_pipeline.py
[2026-03-28T08:26:59.950+0000] {processor.py:840} INFO - DAG(s) 'weekly_summary_pipeline' retrieved from /opt/airflow/dags/weekly_summary_pipeline.py
[2026-03-28T08:26:59.978+0000] {logging_mixin.py:188} INFO - [2026-03-28T08:26:59.977+0000] {dag.py:3036} INFO - Sync 1 DAGs
[2026-03-28T08:27:00.005+0000] {logging_mixin.py:188} INFO - [2026-03-28T08:27:00.005+0000] {dag.py:3823} INFO - Setting next_dagrun for weekly_summary_pipeline to 2026-03-23 06:00:00+00:00, run_after=2026-03-30 06:00:00+00:00
[2026-03-28T08:27:00.030+0000] {processor.py:183} INFO - Processing /opt/airflow/dags/weekly_summary_pipeline.py took 0.104 seconds
[2026-03-28T08:27:30.108+0000] {processor.py:161} INFO - Started process (PID=13876) to work on /opt/airflow/dags/weekly_summary_pipeline.py
[2026-03-28T08:27:30.109+0000] {processor.py:830} INFO - Processing file /opt/airflow/dags/weekly_summary_pipeline.py for tasks to queue
[2026-03-28T08:27:30.110+0000] {logging_mixin.py:188} INFO - [2026-03-28T08:27:30.109+0000] {dagbag.py:538} INFO - Filling up the DagBag from /opt/airflow/dags/weekly_summary_pipeline.py
[2026-03-28T08:27:30.129+0000] {processor.py:840} INFO - DAG(s) 'weekly_summary_pipeline' retrieved from /opt/airflow/dags/weekly_summary_pipeline.py
[2026-03-28T08:27:30.160+0000] {logging_mixin.py:188} INFO - [2026-03-28T08:27:30.159+0000] {dag.py:3036} INFO - Sync 1 DAGs
[2026-03-28T08:27:30.182+0000] {logging_mixin.py:188} INFO - [2026-03-28T08:27:30.181+0000] {dag.py:3823} INFO - Setting next_dagrun for weekly_summary_pipeline to 2026-03-23 06:00:00+00:00, run_after=2026-03-30 06:00:00+00:00
[2026-03-28T08:27:30.203+0000] {processor.py:183} INFO - Processing /opt/airflow/dags/weekly_summary_pipeline.py took 0.098 seconds
[2026-03-28T08:28:00.653+0000] {processor.py:161} INFO - Started process (PID=13899) to work on /opt/airflow/dags/weekly_summary_pipeline.py
[2026-03-28T08:28:00.654+0000] {processor.py:830} INFO - Processing file /opt/airflow/dags/weekly_summary_pipeline.py for tasks to queue
[2026-03-28T08:28:00.655+0000] {logging_mixin.py:188} INFO - [2026-03-28T08:28:00.655+0000] {dagbag.py:538} INFO - Filling up the DagBag from /opt/airflow/dags/weekly_summary_pipeline.py
[2026-03-28T08:28:00.675+0000] {processor.py:840} INFO - DAG(s) 'weekly_summary_pipeline' retrieved from /opt/airflow/dags/weekly_summary_pipeline.py
[2026-03-28T08:28:00.703+0000] {logging_mixin.py:188} INFO - [2026-03-28T08:28:00.703+0000] {dag.py:3036} INFO - Sync 1 DAGs
[2026-03-28T08:28:00.731+0000] {logging_mixin.py:188} INFO - [2026-03-28T08:28:00.731+0000] {dag.py:3823} INFO - Setting next_dagrun for weekly_summary_pipeline to 2026-03-23 06:00:00+00:00, run_after=2026-03-30 06:00:00+00:00
[2026-03-28T08:28:00.750+0000] {processor.py:183} INFO - Processing /opt/airflow/dags/weekly_summary_pipeline.py took 0.100 seconds
[2026-03-28T08:28:31.309+0000] {processor.py:161} INFO - Started process (PID=13922) to work on /opt/airflow/dags/weekly_summary_pipeline.py
[2026-03-28T08:28:31.310+0000] {processor.py:830} INFO - Processing file /opt/airflow/dags/weekly_summary_pipeline.py for tasks to queue
[2026-03-28T08:28:31.311+0000] {logging_mixin.py:188} INFO - [2026-03-28T08:28:31.311+0000] {dagbag.py:538} INFO - Filling up the DagBag from /opt/airflow/dags/weekly_summary_pipeline.py
[2026-03-28T08:28:31.329+0000] {processor.py:840} INFO - DAG(s) 'weekly_summary_pipeline' retrieved from /opt/airflow/dags/weekly_summary_pipeline.py
[2026-03-28T08:28:31.359+0000] {logging_mixin.py:188} INFO - [2026-03-28T08:28:31.359+0000] {dag.py:3036} INFO - Sync 1 DAGs
[2026-03-28T08:28:31.381+0000] {logging_mixin.py:188} INFO - [2026-03-28T08:28:31.381+0000] {dag.py:3823} INFO - Setting next_dagrun for weekly_summary_pipeline to 2026-03-23 06:00:00+00:00, run_after=2026-03-30 06:00:00+00:00
[2026-03-28T08:28:31.403+0000] {processor.py:183} INFO - Processing /opt/airflow/dags/weekly_summary_pipeline.py took 0.097 seconds
[2026-03-28T08:29:02.011+0000] {processor.py:161} INFO - Started process (PID=13945) to work on /opt/airflow/dags/weekly_summary_pipeline.py
[2026-03-28T08:29:02.013+0000] {processor.py:830} INFO - Processing file /opt/airflow/dags/weekly_summary_pipeline.py for tasks to queue
[2026-03-28T08:29:02.013+0000] {logging_mixin.py:188} INFO - [2026-03-28T08:29:02.013+0000] {dagbag.py:538} INFO - Filling up the DagBag from /opt/airflow/dags/weekly_summary_pipeline.py
[2026-03-28T08:29:02.031+0000] {processor.py:840} INFO - DAG(s) 'weekly_summary_pipeline' retrieved from /opt/airflow/dags/weekly_summary_pipeline.py
[2026-03-28T08:29:02.059+0000] {logging_mixin.py:188} INFO - [2026-03-28T08:29:02.058+0000] {dag.py:3036} INFO - Sync 1 DAGs
[2026-03-28T08:29:02.081+0000] {logging_mixin.py:188} INFO - [2026-03-28T08:29:02.081+0000] {dag.py:3823} INFO - Setting next_dagrun for weekly_summary_pipeline to 2026-03-23 06:00:00+00:00, run_after=2026-03-30 06:00:00+00:00
[2026-03-28T08:29:02.110+0000] {processor.py:183} INFO - Processing /opt/airflow/dags/weekly_summary_pipeline.py took 0.101 seconds
[2026-03-28T08:29:32.698+0000] {processor.py:161} INFO - Started process (PID=13968) to work on /opt/airflow/dags/weekly_summary_pipeline.py
[2026-03-28T08:29:32.699+0000] {processor.py:830} INFO - Processing file /opt/airflow/dags/weekly_summary_pipeline.py for tasks to queue
[2026-03-28T08:29:32.700+0000] {logging_mixin.py:188} INFO - [2026-03-28T08:29:32.700+0000] {dagbag.py:538} INFO - Filling up the DagBag from /opt/airflow/dags/weekly_summary_pipeline.py
[2026-03-28T08:29:32.717+0000] {processor.py:840} INFO - DAG(s) 'weekly_summary_pipeline' retrieved from /opt/airflow/dags/weekly_summary_pipeline.py
[2026-03-28T08:29:32.746+0000] {logging_mixin.py:188} INFO - [2026-03-28T08:29:32.745+0000] {dag.py:3036} INFO - Sync 1 DAGs
[2026-03-28T08:29:32.768+0000] {logging_mixin.py:188} INFO - [2026-03-28T08:29:32.768+0000] {dag.py:3823} INFO - Setting next_dagrun for weekly_summary_pipeline to 2026-03-23 06:00:00+00:00, run_after=2026-03-30 06:00:00+00:00
[2026-03-28T08:29:32.787+0000] {processor.py:183} INFO - Processing /opt/airflow/dags/weekly_summary_pipeline.py took 0.092 seconds
[2026-03-28T08:30:03.493+0000] {processor.py:161} INFO - Started process (PID=13991) to work on /opt/airflow/dags/weekly_summary_pipeline.py
[2026-03-28T08:30:03.496+0000] {processor.py:830} INFO - Processing file /opt/airflow/dags/weekly_summary_pipeline.py for tasks to queue
[2026-03-28T08:30:03.498+0000] {logging_mixin.py:188} INFO - [2026-03-28T08:30:03.497+0000] {dagbag.py:538} INFO - Filling up the DagBag from /opt/airflow/dags/weekly_summary_pipeline.py
[2026-03-28T08:30:03.528+0000] {processor.py:840} INFO - DAG(s) 'weekly_summary_pipeline' retrieved from /opt/airflow/dags/weekly_summary_pipeline.py
[2026-03-28T08:30:03.562+0000] {logging_mixin.py:188} INFO - [2026-03-28T08:30:03.562+0000] {dag.py:3036} INFO - Sync 1 DAGs
[2026-03-28T08:30:03.585+0000] {logging_mixin.py:188} INFO - [2026-03-28T08:30:03.585+0000] {dag.py:3823} INFO - Setting next_dagrun for weekly_summary_pipeline to 2026-03-23 06:00:00+00:00, run_after=2026-03-30 06:00:00+00:00
[2026-03-28T08:30:03.610+0000] {processor.py:183} INFO - Processing /opt/airflow/dags/weekly_summary_pipeline.py took 0.121 seconds
[2026-03-28T08:30:34.166+0000] {processor.py:161} INFO - Started process (PID=14014) to work on /opt/airflow/dags/weekly_summary_pipeline.py
[2026-03-28T08:30:34.167+0000] {processor.py:830} INFO - Processing file /opt/airflow/dags/weekly_summary_pipeline.py for tasks to queue
[2026-03-28T08:30:34.169+0000] {logging_mixin.py:188} INFO - [2026-03-28T08:30:34.168+0000] {dagbag.py:538} INFO - Filling up the DagBag from /opt/airflow/dags/weekly_summary_pipeline.py
[2026-03-28T08:30:34.203+0000] {processor.py:840} INFO - DAG(s) 'weekly_summary_pipeline' retrieved from /opt/airflow/dags/weekly_summary_pipeline.py
[2026-03-28T08:30:34.254+0000] {logging_mixin.py:188} INFO - [2026-03-28T08:30:34.253+0000] {dag.py:3036} INFO - Sync 1 DAGs
[2026-03-28T08:30:34.290+0000] {logging_mixin.py:188} INFO - [2026-03-28T08:30:34.290+0000] {dag.py:3823} INFO - Setting next_dagrun for weekly_summary_pipeline to 2026-03-23 06:00:00+00:00, run_after=2026-03-30 06:00:00+00:00
[2026-03-28T08:30:34.320+0000] {processor.py:183} INFO - Processing /opt/airflow/dags/weekly_summary_pipeline.py took 0.159 seconds
[2026-03-28T08:31:04.941+0000] {processor.py:161} INFO - Started process (PID=14036) to work on /opt/airflow/dags/weekly_summary_pipeline.py
[2026-03-28T08:31:04.943+0000] {processor.py:830} INFO - Processing file /opt/airflow/dags/weekly_summary_pipeline.py for tasks to queue
[2026-03-28T08:31:04.943+0000] {logging_mixin.py:188} INFO - [2026-03-28T08:31:04.943+0000] {dagbag.py:538} INFO - Filling up the DagBag from /opt/airflow/dags/weekly_summary_pipeline.py
[2026-03-28T08:31:04.964+0000] {processor.py:840} INFO - DAG(s) 'weekly_summary_pipeline' retrieved from /opt/airflow/dags/weekly_summary_pipeline.py
[2026-03-28T08:31:04.994+0000] {logging_mixin.py:188} INFO - [2026-03-28T08:31:04.994+0000] {dag.py:3036} INFO - Sync 1 DAGs
[2026-03-28T08:31:05.017+0000] {logging_mixin.py:188} INFO - [2026-03-28T08:31:05.017+0000] {dag.py:3823} INFO - Setting next_dagrun for weekly_summary_pipeline to 2026-03-23 06:00:00+00:00, run_after=2026-03-30 06:00:00+00:00
[2026-03-28T08:31:05.042+0000] {processor.py:183} INFO - Processing /opt/airflow/dags/weekly_summary_pipeline.py took 0.104 seconds
[2026-03-28T08:31:35.689+0000] {processor.py:161} INFO - Started process (PID=14059) to work on /opt/airflow/dags/weekly_summary_pipeline.py
[2026-03-28T08:31:35.690+0000] {processor.py:830} INFO - Processing file /opt/airflow/dags/weekly_summary_pipeline.py for tasks to queue
[2026-03-28T08:31:35.691+0000] {logging_mixin.py:188} INFO - [2026-03-28T08:31:35.691+0000] {dagbag.py:538} INFO - Filling up the DagBag from /opt/airflow/dags/weekly_summary_pipeline.py
[2026-03-28T08:31:35.717+0000] {processor.py:840} INFO - DAG(s) 'weekly_summary_pipeline' retrieved from /opt/airflow/dags/weekly_summary_pipeline.py
[2026-03-28T08:31:35.753+0000] {logging_mixin.py:188} INFO - [2026-03-28T08:31:35.752+0000] {dag.py:3036} INFO - Sync 1 DAGs
[2026-03-28T08:31:35.778+0000] {logging_mixin.py:188} INFO - [2026-03-28T08:31:35.778+0000] {dag.py:3823} INFO - Setting next_dagrun for weekly_summary_pipeline to 2026-03-23 06:00:00+00:00, run_after=2026-03-30 06:00:00+00:00
[2026-03-28T08:31:35.804+0000] {processor.py:183} INFO - Processing /opt/airflow/dags/weekly_summary_pipeline.py took 0.119 seconds
[2026-03-28T08:32:06.379+0000] {processor.py:161} INFO - Started process (PID=14074) to work on /opt/airflow/dags/weekly_summary_pipeline.py
[2026-03-28T08:32:06.380+0000] {processor.py:830} INFO - Processing file /opt/airflow/dags/weekly_summary_pipeline.py for tasks to queue
[2026-03-28T08:32:06.381+0000] {logging_mixin.py:188} INFO - [2026-03-28T08:32:06.380+0000] {dagbag.py:538} INFO - Filling up the DagBag from /opt/airflow/dags/weekly_summary_pipeline.py
[2026-03-28T08:32:06.404+0000] {processor.py:840} INFO - DAG(s) 'weekly_summary_pipeline' retrieved from /opt/airflow/dags/weekly_summary_pipeline.py
[2026-03-28T08:32:06.437+0000] {logging_mixin.py:188} INFO - [2026-03-28T08:32:06.437+0000] {dag.py:3036} INFO - Sync 1 DAGs
[2026-03-28T08:32:06.461+0000] {logging_mixin.py:188} INFO - [2026-03-28T08:32:06.461+0000] {dag.py:3823} INFO - Setting next_dagrun for weekly_summary_pipeline to 2026-03-23 06:00:00+00:00, run_after=2026-03-30 06:00:00+00:00
[2026-03-28T08:32:06.482+0000] {processor.py:183} INFO - Processing /opt/airflow/dags/weekly_summary_pipeline.py took 0.107 seconds
[2026-03-28T08:32:37.075+0000] {processor.py:161} INFO - Started process (PID=14097) to work on /opt/airflow/dags/weekly_summary_pipeline.py
[2026-03-28T08:32:37.077+0000] {processor.py:830} INFO - Processing file /opt/airflow/dags/weekly_summary_pipeline.py for tasks to queue
[2026-03-28T08:32:37.078+0000] {logging_mixin.py:188} INFO - [2026-03-28T08:32:37.077+0000] {dagbag.py:538} INFO - Filling up the DagBag from /opt/airflow/dags/weekly_summary_pipeline.py
[2026-03-28T08:32:37.100+0000] {processor.py:840} INFO - DAG(s) 'weekly_summary_pipeline' retrieved from /opt/airflow/dags/weekly_summary_pipeline.py
[2026-03-28T08:32:37.130+0000] {logging_mixin.py:188} INFO - [2026-03-28T08:32:37.130+0000] {dag.py:3036} INFO - Sync 1 DAGs
[2026-03-28T08:32:37.152+0000] {logging_mixin.py:188} INFO - [2026-03-28T08:32:37.152+0000] {dag.py:3823} INFO - Setting next_dagrun for weekly_summary_pipeline to 2026-03-23 06:00:00+00:00, run_after=2026-03-30 06:00:00+00:00
[2026-03-28T08:32:37.172+0000] {processor.py:183} INFO - Processing /opt/airflow/dags/weekly_summary_pipeline.py took 0.099 seconds
[2026-03-28T08:33:07.774+0000] {processor.py:161} INFO - Started process (PID=14120) to work on /opt/airflow/dags/weekly_summary_pipeline.py
[2026-03-28T08:33:07.775+0000] {processor.py:830} INFO - Processing file /opt/airflow/dags/weekly_summary_pipeline.py for tasks to queue
[2026-03-28T08:33:07.776+0000] {logging_mixin.py:188} INFO - [2026-03-28T08:33:07.776+0000] {dagbag.py:538} INFO - Filling up the DagBag from /opt/airflow/dags/weekly_summary_pipeline.py
[2026-03-28T08:33:07.799+0000] {processor.py:840} INFO - DAG(s) 'weekly_summary_pipeline' retrieved from /opt/airflow/dags/weekly_summary_pipeline.py
[2026-03-28T08:33:07.834+0000] {logging_mixin.py:188} INFO - [2026-03-28T08:33:07.833+0000] {dag.py:3036} INFO - Sync 1 DAGs
[2026-03-28T08:33:07.862+0000] {logging_mixin.py:188} INFO - [2026-03-28T08:33:07.862+0000] {dag.py:3823} INFO - Setting next_dagrun for weekly_summary_pipeline to 2026-03-23 06:00:00+00:00, run_after=2026-03-30 06:00:00+00:00
[2026-03-28T08:33:07.889+0000] {processor.py:183} INFO - Processing /opt/airflow/dags/weekly_summary_pipeline.py took 0.118 seconds
[2026-03-28T08:33:38.478+0000] {processor.py:161} INFO - Started process (PID=14143) to work on /opt/airflow/dags/weekly_summary_pipeline.py
[2026-03-28T08:33:38.479+0000] {processor.py:830} INFO - Processing file /opt/airflow/dags/weekly_summary_pipeline.py for tasks to queue
[2026-03-28T08:33:38.480+0000] {logging_mixin.py:188} INFO - [2026-03-28T08:33:38.480+0000] {dagbag.py:538} INFO - Filling up the DagBag from /opt/airflow/dags/weekly_summary_pipeline.py
[2026-03-28T08:33:38.501+0000] {processor.py:840} INFO - DAG(s) 'weekly_summary_pipeline' retrieved from /opt/airflow/dags/weekly_summary_pipeline.py
[2026-03-28T08:33:38.539+0000] {logging_mixin.py:188} INFO - [2026-03-28T08:33:38.539+0000] {dag.py:3036} INFO - Sync 1 DAGs
[2026-03-28T08:33:38.571+0000] {logging_mixin.py:188} INFO - [2026-03-28T08:33:38.571+0000] {dag.py:3823} INFO - Setting next_dagrun for weekly_summary_pipeline to 2026-03-23 06:00:00+00:00, run_after=2026-03-30 06:00:00+00:00
[2026-03-28T08:33:38.593+0000] {processor.py:183} INFO - Processing /opt/airflow/dags/weekly_summary_pipeline.py took 0.118 seconds
[2026-03-28T08:34:09.160+0000] {processor.py:161} INFO - Started process (PID=14166) to work on /opt/airflow/dags/weekly_summary_pipeline.py
[2026-03-28T08:34:09.161+0000] {processor.py:830} INFO - Processing file /opt/airflow/dags/weekly_summary_pipeline.py for tasks to queue
[2026-03-28T08:34:09.163+0000] {logging_mixin.py:188} INFO - [2026-03-28T08:34:09.162+0000] {dagbag.py:538} INFO - Filling up the DagBag from /opt/airflow/dags/weekly_summary_pipeline.py
[2026-03-28T08:34:09.195+0000] {processor.py:840} INFO - DAG(s) 'weekly_summary_pipeline' retrieved from /opt/airflow/dags/weekly_summary_pipeline.py
[2026-03-28T08:34:09.236+0000] {logging_mixin.py:188} INFO - [2026-03-28T08:34:09.236+0000] {dag.py:3036} INFO - Sync 1 DAGs
[2026-03-28T08:34:09.275+0000] {logging_mixin.py:188} INFO - [2026-03-28T08:34:09.275+0000] {dag.py:3823} INFO - Setting next_dagrun for weekly_summary_pipeline to 2026-03-23 06:00:00+00:00, run_after=2026-03-30 06:00:00+00:00
[2026-03-28T08:34:09.302+0000] {processor.py:183} INFO - Processing /opt/airflow/dags/weekly_summary_pipeline.py took 0.147 seconds
[2026-03-28T08:34:39.812+0000] {processor.py:161} INFO - Started process (PID=14189) to work on /opt/airflow/dags/weekly_summary_pipeline.py
[2026-03-28T08:34:39.813+0000] {processor.py:830} INFO - Processing file /opt/airflow/dags/weekly_summary_pipeline.py for tasks to queue
[2026-03-28T08:34:39.815+0000] {logging_mixin.py:188} INFO - [2026-03-28T08:34:39.815+0000] {dagbag.py:538} INFO - Filling up the DagBag from /opt/airflow/dags/weekly_summary_pipeline.py
[2026-03-28T08:34:39.853+0000] {processor.py:840} INFO - DAG(s) 'weekly_summary_pipeline' retrieved from /opt/airflow/dags/weekly_summary_pipeline.py
[2026-03-28T08:34:39.892+0000] {logging_mixin.py:188} INFO - [2026-03-28T08:34:39.892+0000] {dag.py:3036} INFO - Sync 1 DAGs
[2026-03-28T08:34:39.919+0000] {logging_mixin.py:188} INFO - [2026-03-28T08:34:39.919+0000] {dag.py:3823} INFO - Setting next_dagrun for weekly_summary_pipeline to 2026-03-23 06:00:00+00:00, run_after=2026-03-30 06:00:00+00:00
[2026-03-28T08:34:39.945+0000] {processor.py:183} INFO - Processing /opt/airflow/dags/weekly_summary_pipeline.py took 0.136 seconds
[2026-03-28T08:35:10.567+0000] {processor.py:161} INFO - Started process (PID=14212) to work on /opt/airflow/dags/weekly_summary_pipeline.py
[2026-03-28T08:35:10.568+0000] {processor.py:830} INFO - Processing file /opt/airflow/dags/weekly_summary_pipeline.py for tasks to queue
[2026-03-28T08:35:10.569+0000] {logging_mixin.py:188} INFO - [2026-03-28T08:35:10.569+0000] {dagbag.py:538} INFO - Filling up the DagBag from /opt/airflow/dags/weekly_summary_pipeline.py
[2026-03-28T08:35:10.595+0000] {processor.py:840} INFO - DAG(s) 'weekly_summary_pipeline' retrieved from /opt/airflow/dags/weekly_summary_pipeline.py
[2026-03-28T08:35:10.627+0000] {logging_mixin.py:188} INFO - [2026-03-28T08:35:10.627+0000] {dag.py:3036} INFO - Sync 1 DAGs
[2026-03-28T08:35:10.657+0000] {logging_mixin.py:188} INFO - [2026-03-28T08:35:10.657+0000] {dag.py:3823} INFO - Setting next_dagrun for weekly_summary_pipeline to 2026-03-23 06:00:00+00:00, run_after=2026-03-30 06:00:00+00:00
[2026-03-28T08:35:10.682+0000] {processor.py:183} INFO - Processing /opt/airflow/dags/weekly_summary_pipeline.py took 0.118 seconds
[2026-03-28T08:35:41.267+0000] {processor.py:161} INFO - Started process (PID=14237) to work on /opt/airflow/dags/weekly_summary_pipeline.py
[2026-03-28T08:35:41.269+0000] {processor.py:830} INFO - Processing file /opt/airflow/dags/weekly_summary_pipeline.py for tasks to queue
[2026-03-28T08:35:41.271+0000] {logging_mixin.py:188} INFO - [2026-03-28T08:35:41.270+0000] {dagbag.py:538} INFO - Filling up the DagBag from /opt/airflow/dags/weekly_summary_pipeline.py
[2026-03-28T08:35:41.306+0000] {processor.py:840} INFO - DAG(s) 'weekly_summary_pipeline' retrieved from /opt/airflow/dags/weekly_summary_pipeline.py
[2026-03-28T08:35:41.347+0000] {logging_mixin.py:188} INFO - [2026-03-28T08:35:41.346+0000] {dag.py:3036} INFO - Sync 1 DAGs
[2026-03-28T08:35:41.377+0000] {logging_mixin.py:188} INFO - [2026-03-28T08:35:41.377+0000] {dag.py:3823} INFO - Setting next_dagrun for weekly_summary_pipeline to 2026-03-23 06:00:00+00:00, run_after=2026-03-30 06:00:00+00:00
[2026-03-28T08:35:41.400+0000] {processor.py:183} INFO - Processing /opt/airflow/dags/weekly_summary_pipeline.py took 0.146 seconds
[2026-03-28T08:36:11.945+0000] {processor.py:161} INFO - Started process (PID=14444) to work on /opt/airflow/dags/weekly_summary_pipeline.py
[2026-03-28T08:36:11.946+0000] {processor.py:830} INFO - Processing file /opt/airflow/dags/weekly_summary_pipeline.py for tasks to queue
[2026-03-28T08:36:11.947+0000] {logging_mixin.py:188} INFO - [2026-03-28T08:36:11.947+0000] {dagbag.py:538} INFO - Filling up the DagBag from /opt/airflow/dags/weekly_summary_pipeline.py
[2026-03-28T08:36:11.974+0000] {processor.py:840} INFO - DAG(s) 'weekly_summary_pipeline' retrieved from /opt/airflow/dags/weekly_summary_pipeline.py
[2026-03-28T08:36:12.009+0000] {logging_mixin.py:188} INFO - [2026-03-28T08:36:12.009+0000] {dag.py:3036} INFO - Sync 1 DAGs
[2026-03-28T08:36:12.036+0000] {logging_mixin.py:188} INFO - [2026-03-28T08:36:12.035+0000] {dag.py:3823} INFO - Setting next_dagrun for weekly_summary_pipeline to 2026-03-23 06:00:00+00:00, run_after=2026-03-30 06:00:00+00:00
[2026-03-28T08:36:12.059+0000] {processor.py:183} INFO - Processing /opt/airflow/dags/weekly_summary_pipeline.py took 0.116 seconds
[2026-03-28T08:36:42.723+0000] {processor.py:161} INFO - Started process (PID=14467) to work on /opt/airflow/dags/weekly_summary_pipeline.py
[2026-03-28T08:36:42.725+0000] {processor.py:830} INFO - Processing file /opt/airflow/dags/weekly_summary_pipeline.py for tasks to queue
[2026-03-28T08:36:42.728+0000] {logging_mixin.py:188} INFO - [2026-03-28T08:36:42.727+0000] {dagbag.py:538} INFO - Filling up the DagBag from /opt/airflow/dags/weekly_summary_pipeline.py
[2026-03-28T08:36:42.761+0000] {processor.py:840} INFO - DAG(s) 'weekly_summary_pipeline' retrieved from /opt/airflow/dags/weekly_summary_pipeline.py
[2026-03-28T08:36:42.794+0000] {logging_mixin.py:188} INFO - [2026-03-28T08:36:42.794+0000] {dag.py:3036} INFO - Sync 1 DAGs
[2026-03-28T08:36:42.821+0000] {logging_mixin.py:188} INFO - [2026-03-28T08:36:42.821+0000] {dag.py:3823} INFO - Setting next_dagrun for weekly_summary_pipeline to 2026-03-23 06:00:00+00:00, run_after=2026-03-30 06:00:00+00:00
[2026-03-28T08:36:42.843+0000] {processor.py:183} INFO - Processing /opt/airflow/dags/weekly_summary_pipeline.py took 0.124 seconds
[2026-03-28T08:37:13.440+0000] {processor.py:161} INFO - Started process (PID=14490) to work on /opt/airflow/dags/weekly_summary_pipeline.py
[2026-03-28T08:37:13.444+0000] {processor.py:830} INFO - Processing file /opt/airflow/dags/weekly_summary_pipeline.py for tasks to queue
[2026-03-28T08:37:13.454+0000] {logging_mixin.py:188} INFO - [2026-03-28T08:37:13.450+0000] {dagbag.py:538} INFO - Filling up the DagBag from /opt/airflow/dags/weekly_summary_pipeline.py
[2026-03-28T08:37:13.540+0000] {processor.py:840} INFO - DAG(s) 'weekly_summary_pipeline' retrieved from /opt/airflow/dags/weekly_summary_pipeline.py
[2026-03-28T08:37:13.724+0000] {logging_mixin.py:188} INFO - [2026-03-28T08:37:13.724+0000] {dag.py:3036} INFO - Sync 1 DAGs
[2026-03-28T08:37:13.847+0000] {logging_mixin.py:188} INFO - [2026-03-28T08:37:13.847+0000] {dag.py:3823} INFO - Setting next_dagrun for weekly_summary_pipeline to 2026-03-23 06:00:00+00:00, run_after=2026-03-30 06:00:00+00:00
[2026-03-28T08:37:13.916+0000] {processor.py:183} INFO - Processing /opt/airflow/dags/weekly_summary_pipeline.py took 0.509 seconds
[2026-03-28T08:37:44.683+0000] {processor.py:161} INFO - Started process (PID=14505) to work on /opt/airflow/dags/weekly_summary_pipeline.py
[2026-03-28T08:37:44.685+0000] {processor.py:830} INFO - Processing file /opt/airflow/dags/weekly_summary_pipeline.py for tasks to queue
[2026-03-28T08:37:44.686+0000] {logging_mixin.py:188} INFO - [2026-03-28T08:37:44.685+0000] {dagbag.py:538} INFO - Filling up the DagBag from /opt/airflow/dags/weekly_summary_pipeline.py
[2026-03-28T08:37:44.711+0000] {processor.py:840} INFO - DAG(s) 'weekly_summary_pipeline' retrieved from /opt/airflow/dags/weekly_summary_pipeline.py
[2026-03-28T08:37:44.741+0000] {logging_mixin.py:188} INFO - [2026-03-28T08:37:44.740+0000] {dag.py:3036} INFO - Sync 1 DAGs
[2026-03-28T08:37:44.770+0000] {logging_mixin.py:188} INFO - [2026-03-28T08:37:44.770+0000] {dag.py:3823} INFO - Setting next_dagrun for weekly_summary_pipeline to 2026-03-23 06:00:00+00:00, run_after=2026-03-30 06:00:00+00:00
[2026-03-28T08:37:44.789+0000] {processor.py:183} INFO - Processing /opt/airflow/dags/weekly_summary_pipeline.py took 0.109 seconds
[2026-03-28T08:38:15.346+0000] {processor.py:161} INFO - Started process (PID=14530) to work on /opt/airflow/dags/weekly_summary_pipeline.py
[2026-03-28T08:38:15.347+0000] {processor.py:830} INFO - Processing file /opt/airflow/dags/weekly_summary_pipeline.py for tasks to queue
[2026-03-28T08:38:15.348+0000] {logging_mixin.py:188} INFO - [2026-03-28T08:38:15.348+0000] {dagbag.py:538} INFO - Filling up the DagBag from /opt/airflow/dags/weekly_summary_pipeline.py
[2026-03-28T08:38:15.368+0000] {processor.py:840} INFO - DAG(s) 'weekly_summary_pipeline' retrieved from /opt/airflow/dags/weekly_summary_pipeline.py
[2026-03-28T08:38:15.398+0000] {logging_mixin.py:188} INFO - [2026-03-28T08:38:15.398+0000] {dag.py:3036} INFO - Sync 1 DAGs
[2026-03-28T08:38:15.428+0000] {logging_mixin.py:188} INFO - [2026-03-28T08:38:15.428+0000] {dag.py:3823} INFO - Setting next_dagrun for weekly_summary_pipeline to 2026-03-23 06:00:00+00:00, run_after=2026-03-30 06:00:00+00:00
[2026-03-28T08:38:15.550+0000] {processor.py:183} INFO - Processing /opt/airflow/dags/weekly_summary_pipeline.py took 0.207 seconds
[2026-03-28T08:38:45.938+0000] {processor.py:161} INFO - Started process (PID=14553) to work on /opt/airflow/dags/weekly_summary_pipeline.py
[2026-03-28T08:38:45.942+0000] {processor.py:830} INFO - Processing file /opt/airflow/dags/weekly_summary_pipeline.py for tasks to queue
[2026-03-28T08:38:45.944+0000] {logging_mixin.py:188} INFO - [2026-03-28T08:38:45.943+0000] {dagbag.py:538} INFO - Filling up the DagBag from /opt/airflow/dags/weekly_summary_pipeline.py
[2026-03-28T08:38:45.972+0000] {processor.py:840} INFO - DAG(s) 'weekly_summary_pipeline' retrieved from /opt/airflow/dags/weekly_summary_pipeline.py
[2026-03-28T08:38:46.005+0000] {logging_mixin.py:188} INFO - [2026-03-28T08:38:46.005+0000] {dag.py:3036} INFO - Sync 1 DAGs
[2026-03-28T08:38:46.030+0000] {logging_mixin.py:188} INFO - [2026-03-28T08:38:46.029+0000] {dag.py:3823} INFO - Setting next_dagrun for weekly_summary_pipeline to 2026-03-23 06:00:00+00:00, run_after=2026-03-30 06:00:00+00:00
[2026-03-28T08:38:46.051+0000] {processor.py:183} INFO - Processing /opt/airflow/dags/weekly_summary_pipeline.py took 0.115 seconds
[2026-03-28T08:39:16.647+0000] {processor.py:161} INFO - Started process (PID=14576) to work on /opt/airflow/dags/weekly_summary_pipeline.py
[2026-03-28T08:39:16.649+0000] {processor.py:830} INFO - Processing file /opt/airflow/dags/weekly_summary_pipeline.py for tasks to queue
[2026-03-28T08:39:16.650+0000] {logging_mixin.py:188} INFO - [2026-03-28T08:39:16.650+0000] {dagbag.py:538} INFO - Filling up the DagBag from /opt/airflow/dags/weekly_summary_pipeline.py
[2026-03-28T08:39:16.682+0000] {processor.py:840} INFO - DAG(s) 'weekly_summary_pipeline' retrieved from /opt/airflow/dags/weekly_summary_pipeline.py
[2026-03-28T08:39:16.732+0000] {logging_mixin.py:188} INFO - [2026-03-28T08:39:16.732+0000] {dag.py:3036} INFO - Sync 1 DAGs
[2026-03-28T08:39:16.757+0000] {logging_mixin.py:188} INFO - [2026-03-28T08:39:16.757+0000] {dag.py:3823} INFO - Setting next_dagrun for weekly_summary_pipeline to 2026-03-23 06:00:00+00:00, run_after=2026-03-30 06:00:00+00:00
[2026-03-28T08:39:16.781+0000] {processor.py:183} INFO - Processing /opt/airflow/dags/weekly_summary_pipeline.py took 0.137 seconds
[2026-03-28T08:39:47.337+0000] {processor.py:161} INFO - Started process (PID=14599) to work on /opt/airflow/dags/weekly_summary_pipeline.py
[2026-03-28T08:39:47.339+0000] {processor.py:830} INFO - Processing file /opt/airflow/dags/weekly_summary_pipeline.py for tasks to queue
[2026-03-28T08:39:47.339+0000] {logging_mixin.py:188} INFO - [2026-03-28T08:39:47.339+0000] {dagbag.py:538} INFO - Filling up the DagBag from /opt/airflow/dags/weekly_summary_pipeline.py
[2026-03-28T08:39:47.361+0000] {processor.py:840} INFO - DAG(s) 'weekly_summary_pipeline' retrieved from /opt/airflow/dags/weekly_summary_pipeline.py
[2026-03-28T08:39:47.387+0000] {logging_mixin.py:188} INFO - [2026-03-28T08:39:47.387+0000] {dag.py:3036} INFO - Sync 1 DAGs
[2026-03-28T08:39:47.408+0000] {logging_mixin.py:188} INFO - [2026-03-28T08:39:47.408+0000] {dag.py:3823} INFO - Setting next_dagrun for weekly_summary_pipeline to 2026-03-23 06:00:00+00:00, run_after=2026-03-30 06:00:00+00:00
[2026-03-28T08:39:47.427+0000] {processor.py:183} INFO - Processing /opt/airflow/dags/weekly_summary_pipeline.py took 0.092 seconds
[2026-03-28T08:40:18.065+0000] {processor.py:161} INFO - Started process (PID=14622) to work on /opt/airflow/dags/weekly_summary_pipeline.py
[2026-03-28T08:40:18.075+0000] {processor.py:830} INFO - Processing file /opt/airflow/dags/weekly_summary_pipeline.py for tasks to queue
[2026-03-28T08:40:18.076+0000] {logging_mixin.py:188} INFO - [2026-03-28T08:40:18.076+0000] {dagbag.py:538} INFO - Filling up the DagBag from /opt/airflow/dags/weekly_summary_pipeline.py
[2026-03-28T08:40:18.100+0000] {processor.py:840} INFO - DAG(s) 'weekly_summary_pipeline' retrieved from /opt/airflow/dags/weekly_summary_pipeline.py
[2026-03-28T08:40:18.131+0000] {logging_mixin.py:188} INFO - [2026-03-28T08:40:18.131+0000] {dag.py:3036} INFO - Sync 1 DAGs
[2026-03-28T08:40:18.156+0000] {logging_mixin.py:188} INFO - [2026-03-28T08:40:18.156+0000] {dag.py:3823} INFO - Setting next_dagrun for weekly_summary_pipeline to 2026-03-23 06:00:00+00:00, run_after=2026-03-30 06:00:00+00:00
[2026-03-28T08:40:18.186+0000] {processor.py:183} INFO - Processing /opt/airflow/dags/weekly_summary_pipeline.py took 0.124 seconds
[2026-03-28T08:40:48.775+0000] {processor.py:161} INFO - Started process (PID=14645) to work on /opt/airflow/dags/weekly_summary_pipeline.py
[2026-03-28T08:40:48.776+0000] {processor.py:830} INFO - Processing file /opt/airflow/dags/weekly_summary_pipeline.py for tasks to queue
[2026-03-28T08:40:48.777+0000] {logging_mixin.py:188} INFO - [2026-03-28T08:40:48.777+0000] {dagbag.py:538} INFO - Filling up the DagBag from /opt/airflow/dags/weekly_summary_pipeline.py
[2026-03-28T08:40:48.800+0000] {processor.py:840} INFO - DAG(s) 'weekly_summary_pipeline' retrieved from /opt/airflow/dags/weekly_summary_pipeline.py
[2026-03-28T08:40:48.832+0000] {logging_mixin.py:188} INFO - [2026-03-28T08:40:48.832+0000] {dag.py:3036} INFO - Sync 1 DAGs
[2026-03-28T08:40:48.858+0000] {logging_mixin.py:188} INFO - [2026-03-28T08:40:48.857+0000] {dag.py:3823} INFO - Setting next_dagrun for weekly_summary_pipeline to 2026-03-23 06:00:00+00:00, run_after=2026-03-30 06:00:00+00:00
[2026-03-28T08:40:48.894+0000] {processor.py:183} INFO - Processing /opt/airflow/dags/weekly_summary_pipeline.py took 0.122 seconds
[2026-03-28T08:41:19.493+0000] {processor.py:161} INFO - Started process (PID=14668) to work on /opt/airflow/dags/weekly_summary_pipeline.py
[2026-03-28T08:41:19.494+0000] {processor.py:830} INFO - Processing file /opt/airflow/dags/weekly_summary_pipeline.py for tasks to queue
[2026-03-28T08:41:19.495+0000] {logging_mixin.py:188} INFO - [2026-03-28T08:41:19.495+0000] {dagbag.py:538} INFO - Filling up the DagBag from /opt/airflow/dags/weekly_summary_pipeline.py
[2026-03-28T08:41:19.515+0000] {processor.py:840} INFO - DAG(s) 'weekly_summary_pipeline' retrieved from /opt/airflow/dags/weekly_summary_pipeline.py
[2026-03-28T08:41:19.544+0000] {logging_mixin.py:188} INFO - [2026-03-28T08:41:19.544+0000] {dag.py:3036} INFO - Sync 1 DAGs
[2026-03-28T08:41:19.567+0000] {logging_mixin.py:188} INFO - [2026-03-28T08:41:19.567+0000] {dag.py:3823} INFO - Setting next_dagrun for weekly_summary_pipeline to 2026-03-23 06:00:00+00:00, run_after=2026-03-30 06:00:00+00:00
[2026-03-28T08:41:19.590+0000] {processor.py:183} INFO - Processing /opt/airflow/dags/weekly_summary_pipeline.py took 0.099 seconds
[2026-03-28T08:41:50.191+0000] {processor.py:161} INFO - Started process (PID=14692) to work on /opt/airflow/dags/weekly_summary_pipeline.py
[2026-03-28T08:41:50.192+0000] {processor.py:830} INFO - Processing file /opt/airflow/dags/weekly_summary_pipeline.py for tasks to queue
[2026-03-28T08:41:50.193+0000] {logging_mixin.py:188} INFO - [2026-03-28T08:41:50.193+0000] {dagbag.py:538} INFO - Filling up the DagBag from /opt/airflow/dags/weekly_summary_pipeline.py
[2026-03-28T08:41:50.217+0000] {processor.py:840} INFO - DAG(s) 'weekly_summary_pipeline' retrieved from /opt/airflow/dags/weekly_summary_pipeline.py
[2026-03-28T08:41:50.249+0000] {logging_mixin.py:188} INFO - [2026-03-28T08:41:50.249+0000] {dag.py:3036} INFO - Sync 1 DAGs
[2026-03-28T08:41:50.276+0000] {logging_mixin.py:188} INFO - [2026-03-28T08:41:50.275+0000] {dag.py:3823} INFO - Setting next_dagrun for weekly_summary_pipeline to 2026-03-23 06:00:00+00:00, run_after=2026-03-30 06:00:00+00:00
[2026-03-28T08:41:50.299+0000] {processor.py:183} INFO - Processing /opt/airflow/dags/weekly_summary_pipeline.py took 0.111 seconds
[2026-03-28T08:42:20.769+0000] {processor.py:161} INFO - Started process (PID=14715) to work on /opt/airflow/dags/weekly_summary_pipeline.py
[2026-03-28T08:42:20.770+0000] {processor.py:830} INFO - Processing file /opt/airflow/dags/weekly_summary_pipeline.py for tasks to queue
[2026-03-28T08:42:20.771+0000] {logging_mixin.py:188} INFO - [2026-03-28T08:42:20.770+0000] {dagbag.py:538} INFO - Filling up the DagBag from /opt/airflow/dags/weekly_summary_pipeline.py
[2026-03-28T08:42:20.794+0000] {processor.py:840} INFO - DAG(s) 'weekly_summary_pipeline' retrieved from /opt/airflow/dags/weekly_summary_pipeline.py
[2026-03-28T08:42:20.824+0000] {logging_mixin.py:188} INFO - [2026-03-28T08:42:20.824+0000] {dag.py:3036} INFO - Sync 1 DAGs
[2026-03-28T08:42:20.844+0000] {logging_mixin.py:188} INFO - [2026-03-28T08:42:20.844+0000] {dag.py:3823} INFO - Setting next_dagrun for weekly_summary_pipeline to 2026-03-23 06:00:00+00:00, run_after=2026-03-30 06:00:00+00:00
[2026-03-28T08:42:20.863+0000] {processor.py:183} INFO - Processing /opt/airflow/dags/weekly_summary_pipeline.py took 0.096 seconds
[2026-03-28T08:42:51.449+0000] {processor.py:161} INFO - Started process (PID=14738) to work on /opt/airflow/dags/weekly_summary_pipeline.py
[2026-03-28T08:42:51.450+0000] {processor.py:830} INFO - Processing file /opt/airflow/dags/weekly_summary_pipeline.py for tasks to queue
[2026-03-28T08:42:51.451+0000] {logging_mixin.py:188} INFO - [2026-03-28T08:42:51.450+0000] {dagbag.py:538} INFO - Filling up the DagBag from /opt/airflow/dags/weekly_summary_pipeline.py
[2026-03-28T08:42:51.472+0000] {processor.py:840} INFO - DAG(s) 'weekly_summary_pipeline' retrieved from /opt/airflow/dags/weekly_summary_pipeline.py
[2026-03-28T08:42:51.497+0000] {logging_mixin.py:188} INFO - [2026-03-28T08:42:51.497+0000] {dag.py:3036} INFO - Sync 1 DAGs
[2026-03-28T08:42:51.520+0000] {logging_mixin.py:188} INFO - [2026-03-28T08:42:51.520+0000] {dag.py:3823} INFO - Setting next_dagrun for weekly_summary_pipeline to 2026-03-23 06:00:00+00:00, run_after=2026-03-30 06:00:00+00:00
[2026-03-28T08:42:51.539+0000] {processor.py:183} INFO - Processing /opt/airflow/dags/weekly_summary_pipeline.py took 0.093 seconds
[2026-03-28T08:43:22.139+0000] {processor.py:161} INFO - Started process (PID=14761) to work on /opt/airflow/dags/weekly_summary_pipeline.py
[2026-03-28T08:43:22.140+0000] {processor.py:830} INFO - Processing file /opt/airflow/dags/weekly_summary_pipeline.py for tasks to queue
[2026-03-28T08:43:22.141+0000] {logging_mixin.py:188} INFO - [2026-03-28T08:43:22.140+0000] {dagbag.py:538} INFO - Filling up the DagBag from /opt/airflow/dags/weekly_summary_pipeline.py
[2026-03-28T08:43:22.164+0000] {processor.py:840} INFO - DAG(s) 'weekly_summary_pipeline' retrieved from /opt/airflow/dags/weekly_summary_pipeline.py
[2026-03-28T08:43:22.194+0000] {logging_mixin.py:188} INFO - [2026-03-28T08:43:22.194+0000] {dag.py:3036} INFO - Sync 1 DAGs
[2026-03-28T08:43:22.223+0000] {logging_mixin.py:188} INFO - [2026-03-28T08:43:22.223+0000] {dag.py:3823} INFO - Setting next_dagrun for weekly_summary_pipeline to 2026-03-23 06:00:00+00:00, run_after=2026-03-30 06:00:00+00:00
[2026-03-28T08:43:22.262+0000] {processor.py:183} INFO - Processing /opt/airflow/dags/weekly_summary_pipeline.py took 0.126 seconds
[2026-03-28T08:43:52.852+0000] {processor.py:161} INFO - Started process (PID=14776) to work on /opt/airflow/dags/weekly_summary_pipeline.py
[2026-03-28T08:43:52.853+0000] {processor.py:830} INFO - Processing file /opt/airflow/dags/weekly_summary_pipeline.py for tasks to queue
[2026-03-28T08:43:52.854+0000] {logging_mixin.py:188} INFO - [2026-03-28T08:43:52.854+0000] {dagbag.py:538} INFO - Filling up the DagBag from /opt/airflow/dags/weekly_summary_pipeline.py
[2026-03-28T08:43:52.879+0000] {processor.py:840} INFO - DAG(s) 'weekly_summary_pipeline' retrieved from /opt/airflow/dags/weekly_summary_pipeline.py
[2026-03-28T08:43:52.911+0000] {logging_mixin.py:188} INFO - [2026-03-28T08:43:52.910+0000] {dag.py:3036} INFO - Sync 1 DAGs
[2026-03-28T08:43:52.937+0000] {logging_mixin.py:188} INFO - [2026-03-28T08:43:52.937+0000] {dag.py:3823} INFO - Setting next_dagrun for weekly_summary_pipeline to 2026-03-23 06:00:00+00:00, run_after=2026-03-30 06:00:00+00:00
[2026-03-28T08:43:52.962+0000] {processor.py:183} INFO - Processing /opt/airflow/dags/weekly_summary_pipeline.py took 0.112 seconds
[2026-03-28T08:44:23.533+0000] {processor.py:161} INFO - Started process (PID=14799) to work on /opt/airflow/dags/weekly_summary_pipeline.py
[2026-03-28T08:44:23.535+0000] {processor.py:830} INFO - Processing file /opt/airflow/dags/weekly_summary_pipeline.py for tasks to queue
[2026-03-28T08:44:23.536+0000] {logging_mixin.py:188} INFO - [2026-03-28T08:44:23.535+0000] {dagbag.py:538} INFO - Filling up the DagBag from /opt/airflow/dags/weekly_summary_pipeline.py
[2026-03-28T08:44:23.571+0000] {processor.py:840} INFO - DAG(s) 'weekly_summary_pipeline' retrieved from /opt/airflow/dags/weekly_summary_pipeline.py
[2026-03-28T08:44:23.618+0000] {logging_mixin.py:188} INFO - [2026-03-28T08:44:23.618+0000] {dag.py:3036} INFO - Sync 1 DAGs
[2026-03-28T08:44:23.652+0000] {logging_mixin.py:188} INFO - [2026-03-28T08:44:23.651+0000] {dag.py:3823} INFO - Setting next_dagrun for weekly_summary_pipeline to 2026-03-23 06:00:00+00:00, run_after=2026-03-30 06:00:00+00:00
[2026-03-28T08:44:23.683+0000] {processor.py:183} INFO - Processing /opt/airflow/dags/weekly_summary_pipeline.py took 0.153 seconds
[2026-03-28T08:44:54.316+0000] {processor.py:161} INFO - Started process (PID=14822) to work on /opt/airflow/dags/weekly_summary_pipeline.py
[2026-03-28T08:44:54.317+0000] {processor.py:830} INFO - Processing file /opt/airflow/dags/weekly_summary_pipeline.py for tasks to queue
[2026-03-28T08:44:54.319+0000] {logging_mixin.py:188} INFO - [2026-03-28T08:44:54.318+0000] {dagbag.py:538} INFO - Filling up the DagBag from /opt/airflow/dags/weekly_summary_pipeline.py
[2026-03-28T08:44:54.351+0000] {processor.py:840} INFO - DAG(s) 'weekly_summary_pipeline' retrieved from /opt/airflow/dags/weekly_summary_pipeline.py
[2026-03-28T08:44:54.405+0000] {logging_mixin.py:188} INFO - [2026-03-28T08:44:54.405+0000] {dag.py:3036} INFO - Sync 1 DAGs
[2026-03-28T08:44:54.440+0000] {logging_mixin.py:188} INFO - [2026-03-28T08:44:54.440+0000] {dag.py:3823} INFO - Setting next_dagrun for weekly_summary_pipeline to 2026-03-23 06:00:00+00:00, run_after=2026-03-30 06:00:00+00:00
[2026-03-28T08:44:54.480+0000] {processor.py:183} INFO - Processing /opt/airflow/dags/weekly_summary_pipeline.py took 0.168 seconds
[2026-03-28T08:45:25.062+0000] {processor.py:161} INFO - Started process (PID=14845) to work on /opt/airflow/dags/weekly_summary_pipeline.py
[2026-03-28T08:45:25.063+0000] {processor.py:830} INFO - Processing file /opt/airflow/dags/weekly_summary_pipeline.py for tasks to queue
[2026-03-28T08:45:25.063+0000] {logging_mixin.py:188} INFO - [2026-03-28T08:45:25.063+0000] {dagbag.py:538} INFO - Filling up the DagBag from /opt/airflow/dags/weekly_summary_pipeline.py
[2026-03-28T08:45:25.082+0000] {processor.py:840} INFO - DAG(s) 'weekly_summary_pipeline' retrieved from /opt/airflow/dags/weekly_summary_pipeline.py
[2026-03-28T08:45:25.108+0000] {logging_mixin.py:188} INFO - [2026-03-28T08:45:25.108+0000] {dag.py:3036} INFO - Sync 1 DAGs
[2026-03-28T08:45:25.129+0000] {logging_mixin.py:188} INFO - [2026-03-28T08:45:25.129+0000] {dag.py:3823} INFO - Setting next_dagrun for weekly_summary_pipeline to 2026-03-23 06:00:00+00:00, run_after=2026-03-30 06:00:00+00:00
[2026-03-28T08:45:25.150+0000] {processor.py:183} INFO - Processing /opt/airflow/dags/weekly_summary_pipeline.py took 0.091 seconds
[2026-03-28T08:45:55.798+0000] {processor.py:161} INFO - Started process (PID=14868) to work on /opt/airflow/dags/weekly_summary_pipeline.py
[2026-03-28T08:45:55.799+0000] {processor.py:830} INFO - Processing file /opt/airflow/dags/weekly_summary_pipeline.py for tasks to queue
[2026-03-28T08:45:55.800+0000] {logging_mixin.py:188} INFO - [2026-03-28T08:45:55.800+0000] {dagbag.py:538} INFO - Filling up the DagBag from /opt/airflow/dags/weekly_summary_pipeline.py
[2026-03-28T08:45:55.821+0000] {processor.py:840} INFO - DAG(s) 'weekly_summary_pipeline' retrieved from /opt/airflow/dags/weekly_summary_pipeline.py
[2026-03-28T08:45:55.848+0000] {logging_mixin.py:188} INFO - [2026-03-28T08:45:55.848+0000] {dag.py:3036} INFO - Sync 1 DAGs
[2026-03-28T08:45:55.875+0000] {logging_mixin.py:188} INFO - [2026-03-28T08:45:55.875+0000] {dag.py:3823} INFO - Setting next_dagrun for weekly_summary_pipeline to 2026-03-23 06:00:00+00:00, run_after=2026-03-30 06:00:00+00:00
[2026-03-28T08:45:55.899+0000] {processor.py:183} INFO - Processing /opt/airflow/dags/weekly_summary_pipeline.py took 0.104 seconds
[2026-03-28T08:46:26.540+0000] {processor.py:161} INFO - Started process (PID=14891) to work on /opt/airflow/dags/weekly_summary_pipeline.py
[2026-03-28T08:46:26.541+0000] {processor.py:830} INFO - Processing file /opt/airflow/dags/weekly_summary_pipeline.py for tasks to queue
[2026-03-28T08:46:26.542+0000] {logging_mixin.py:188} INFO - [2026-03-28T08:46:26.542+0000] {dagbag.py:538} INFO - Filling up the DagBag from /opt/airflow/dags/weekly_summary_pipeline.py
[2026-03-28T08:46:26.566+0000] {processor.py:840} INFO - DAG(s) 'weekly_summary_pipeline' retrieved from /opt/airflow/dags/weekly_summary_pipeline.py
[2026-03-28T08:46:26.596+0000] {logging_mixin.py:188} INFO - [2026-03-28T08:46:26.595+0000] {dag.py:3036} INFO - Sync 1 DAGs
[2026-03-28T08:46:26.619+0000] {logging_mixin.py:188} INFO - [2026-03-28T08:46:26.619+0000] {dag.py:3823} INFO - Setting next_dagrun for weekly_summary_pipeline to 2026-03-23 06:00:00+00:00, run_after=2026-03-30 06:00:00+00:00
[2026-03-28T08:46:26.637+0000] {processor.py:183} INFO - Processing /opt/airflow/dags/weekly_summary_pipeline.py took 0.100 seconds
[2026-03-28T08:46:57.234+0000] {processor.py:161} INFO - Started process (PID=14914) to work on /opt/airflow/dags/weekly_summary_pipeline.py
[2026-03-28T08:46:57.235+0000] {processor.py:830} INFO - Processing file /opt/airflow/dags/weekly_summary_pipeline.py for tasks to queue
[2026-03-28T08:46:57.236+0000] {logging_mixin.py:188} INFO - [2026-03-28T08:46:57.236+0000] {dagbag.py:538} INFO - Filling up the DagBag from /opt/airflow/dags/weekly_summary_pipeline.py
[2026-03-28T08:46:57.263+0000] {processor.py:840} INFO - DAG(s) 'weekly_summary_pipeline' retrieved from /opt/airflow/dags/weekly_summary_pipeline.py
[2026-03-28T08:46:57.290+0000] {logging_mixin.py:188} INFO - [2026-03-28T08:46:57.290+0000] {dag.py:3036} INFO - Sync 1 DAGs
[2026-03-28T08:46:57.312+0000] {logging_mixin.py:188} INFO - [2026-03-28T08:46:57.312+0000] {dag.py:3823} INFO - Setting next_dagrun for weekly_summary_pipeline to 2026-03-23 06:00:00+00:00, run_after=2026-03-30 06:00:00+00:00
[2026-03-28T08:46:57.335+0000] {processor.py:183} INFO - Processing /opt/airflow/dags/weekly_summary_pipeline.py took 0.103 seconds
[2026-03-28T08:47:27.998+0000] {processor.py:161} INFO - Started process (PID=14937) to work on /opt/airflow/dags/weekly_summary_pipeline.py
[2026-03-28T08:47:28.000+0000] {processor.py:830} INFO - Processing file /opt/airflow/dags/weekly_summary_pipeline.py for tasks to queue
[2026-03-28T08:47:28.001+0000] {logging_mixin.py:188} INFO - [2026-03-28T08:47:28.000+0000] {dagbag.py:538} INFO - Filling up the DagBag from /opt/airflow/dags/weekly_summary_pipeline.py
[2026-03-28T08:47:28.021+0000] {processor.py:840} INFO - DAG(s) 'weekly_summary_pipeline' retrieved from /opt/airflow/dags/weekly_summary_pipeline.py
[2026-03-28T08:47:28.048+0000] {logging_mixin.py:188} INFO - [2026-03-28T08:47:28.048+0000] {dag.py:3036} INFO - Sync 1 DAGs
[2026-03-28T08:47:28.076+0000] {logging_mixin.py:188} INFO - [2026-03-28T08:47:28.076+0000] {dag.py:3823} INFO - Setting next_dagrun for weekly_summary_pipeline to 2026-03-23 06:00:00+00:00, run_after=2026-03-30 06:00:00+00:00
[2026-03-28T08:47:28.104+0000] {processor.py:183} INFO - Processing /opt/airflow/dags/weekly_summary_pipeline.py took 0.109 seconds
[2026-03-28T08:47:58.718+0000] {processor.py:161} INFO - Started process (PID=14960) to work on /opt/airflow/dags/weekly_summary_pipeline.py
[2026-03-28T08:47:58.719+0000] {processor.py:830} INFO - Processing file /opt/airflow/dags/weekly_summary_pipeline.py for tasks to queue
[2026-03-28T08:47:58.721+0000] {logging_mixin.py:188} INFO - [2026-03-28T08:47:58.720+0000] {dagbag.py:538} INFO - Filling up the DagBag from /opt/airflow/dags/weekly_summary_pipeline.py
[2026-03-28T08:47:58.745+0000] {processor.py:840} INFO - DAG(s) 'weekly_summary_pipeline' retrieved from /opt/airflow/dags/weekly_summary_pipeline.py
[2026-03-28T08:47:58.771+0000] {logging_mixin.py:188} INFO - [2026-03-28T08:47:58.771+0000] {dag.py:3036} INFO - Sync 1 DAGs
[2026-03-28T08:47:58.793+0000] {logging_mixin.py:188} INFO - [2026-03-28T08:47:58.792+0000] {dag.py:3823} INFO - Setting next_dagrun for weekly_summary_pipeline to 2026-03-23 06:00:00+00:00, run_after=2026-03-30 06:00:00+00:00
[2026-03-28T08:47:58.812+0000] {processor.py:183} INFO - Processing /opt/airflow/dags/weekly_summary_pipeline.py took 0.097 seconds
[2026-03-28T08:48:29.412+0000] {processor.py:161} INFO - Started process (PID=14983) to work on /opt/airflow/dags/weekly_summary_pipeline.py
[2026-03-28T08:48:29.413+0000] {processor.py:830} INFO - Processing file /opt/airflow/dags/weekly_summary_pipeline.py for tasks to queue
[2026-03-28T08:48:29.414+0000] {logging_mixin.py:188} INFO - [2026-03-28T08:48:29.414+0000] {dagbag.py:538} INFO - Filling up the DagBag from /opt/airflow/dags/weekly_summary_pipeline.py
[2026-03-28T08:48:29.440+0000] {processor.py:840} INFO - DAG(s) 'weekly_summary_pipeline' retrieved from /opt/airflow/dags/weekly_summary_pipeline.py
[2026-03-28T08:48:29.472+0000] {logging_mixin.py:188} INFO - [2026-03-28T08:48:29.472+0000] {dag.py:3036} INFO - Sync 1 DAGs
[2026-03-28T08:48:29.495+0000] {logging_mixin.py:188} INFO - [2026-03-28T08:48:29.495+0000] {dag.py:3823} INFO - Setting next_dagrun for weekly_summary_pipeline to 2026-03-23 06:00:00+00:00, run_after=2026-03-30 06:00:00+00:00
[2026-03-28T08:48:29.522+0000] {processor.py:183} INFO - Processing /opt/airflow/dags/weekly_summary_pipeline.py took 0.115 seconds
[2026-03-28T08:49:00.142+0000] {processor.py:161} INFO - Started process (PID=15006) to work on /opt/airflow/dags/weekly_summary_pipeline.py
[2026-03-28T08:49:00.143+0000] {processor.py:830} INFO - Processing file /opt/airflow/dags/weekly_summary_pipeline.py for tasks to queue
[2026-03-28T08:49:00.144+0000] {logging_mixin.py:188} INFO - [2026-03-28T08:49:00.144+0000] {dagbag.py:538} INFO - Filling up the DagBag from /opt/airflow/dags/weekly_summary_pipeline.py
[2026-03-28T08:49:00.169+0000] {processor.py:840} INFO - DAG(s) 'weekly_summary_pipeline' retrieved from /opt/airflow/dags/weekly_summary_pipeline.py
[2026-03-28T08:49:00.200+0000] {logging_mixin.py:188} INFO - [2026-03-28T08:49:00.200+0000] {dag.py:3036} INFO - Sync 1 DAGs
[2026-03-28T08:49:00.225+0000] {logging_mixin.py:188} INFO - [2026-03-28T08:49:00.225+0000] {dag.py:3823} INFO - Setting next_dagrun for weekly_summary_pipeline to 2026-03-23 06:00:00+00:00, run_after=2026-03-30 06:00:00+00:00
[2026-03-28T08:49:00.248+0000] {processor.py:183} INFO - Processing /opt/airflow/dags/weekly_summary_pipeline.py took 0.109 seconds
[2026-03-28T08:49:30.803+0000] {processor.py:161} INFO - Started process (PID=15021) to work on /opt/airflow/dags/weekly_summary_pipeline.py
[2026-03-28T08:49:30.805+0000] {processor.py:830} INFO - Processing file /opt/airflow/dags/weekly_summary_pipeline.py for tasks to queue
[2026-03-28T08:49:30.806+0000] {logging_mixin.py:188} INFO - [2026-03-28T08:49:30.805+0000] {dagbag.py:538} INFO - Filling up the DagBag from /opt/airflow/dags/weekly_summary_pipeline.py
[2026-03-28T08:49:30.830+0000] {processor.py:840} INFO - DAG(s) 'weekly_summary_pipeline' retrieved from /opt/airflow/dags/weekly_summary_pipeline.py
[2026-03-28T08:49:30.857+0000] {logging_mixin.py:188} INFO - [2026-03-28T08:49:30.857+0000] {dag.py:3036} INFO - Sync 1 DAGs
[2026-03-28T08:49:30.880+0000] {logging_mixin.py:188} INFO - [2026-03-28T08:49:30.880+0000] {dag.py:3823} INFO - Setting next_dagrun for weekly_summary_pipeline to 2026-03-23 06:00:00+00:00, run_after=2026-03-30 06:00:00+00:00
[2026-03-28T08:49:30.902+0000] {processor.py:183} INFO - Processing /opt/airflow/dags/weekly_summary_pipeline.py took 0.101 seconds
[2026-03-28T08:50:01.517+0000] {processor.py:161} INFO - Started process (PID=15044) to work on /opt/airflow/dags/weekly_summary_pipeline.py
[2026-03-28T08:50:01.518+0000] {processor.py:830} INFO - Processing file /opt/airflow/dags/weekly_summary_pipeline.py for tasks to queue
[2026-03-28T08:50:01.519+0000] {logging_mixin.py:188} INFO - [2026-03-28T08:50:01.519+0000] {dagbag.py:538} INFO - Filling up the DagBag from /opt/airflow/dags/weekly_summary_pipeline.py
[2026-03-28T08:50:01.544+0000] {processor.py:840} INFO - DAG(s) 'weekly_summary_pipeline' retrieved from /opt/airflow/dags/weekly_summary_pipeline.py
[2026-03-28T08:50:01.590+0000] {logging_mixin.py:188} INFO - [2026-03-28T08:50:01.589+0000] {dag.py:3036} INFO - Sync 1 DAGs
[2026-03-28T08:50:01.615+0000] {logging_mixin.py:188} INFO - [2026-03-28T08:50:01.615+0000] {dag.py:3823} INFO - Setting next_dagrun for weekly_summary_pipeline to 2026-03-23 06:00:00+00:00, run_after=2026-03-30 06:00:00+00:00
[2026-03-28T08:50:01.635+0000] {processor.py:183} INFO - Processing /opt/airflow/dags/weekly_summary_pipeline.py took 0.120 seconds
[2026-03-28T08:50:32.282+0000] {processor.py:161} INFO - Started process (PID=15067) to work on /opt/airflow/dags/weekly_summary_pipeline.py
[2026-03-28T08:50:32.283+0000] {processor.py:830} INFO - Processing file /opt/airflow/dags/weekly_summary_pipeline.py for tasks to queue
[2026-03-28T08:50:32.284+0000] {logging_mixin.py:188} INFO - [2026-03-28T08:50:32.283+0000] {dagbag.py:538} INFO - Filling up the DagBag from /opt/airflow/dags/weekly_summary_pipeline.py
[2026-03-28T08:50:32.303+0000] {processor.py:840} INFO - DAG(s) 'weekly_summary_pipeline' retrieved from /opt/airflow/dags/weekly_summary_pipeline.py
[2026-03-28T08:50:32.329+0000] {logging_mixin.py:188} INFO - [2026-03-28T08:50:32.329+0000] {dag.py:3036} INFO - Sync 1 DAGs
[2026-03-28T08:50:32.353+0000] {logging_mixin.py:188} INFO - [2026-03-28T08:50:32.353+0000] {dag.py:3823} INFO - Setting next_dagrun for weekly_summary_pipeline to 2026-03-23 06:00:00+00:00, run_after=2026-03-30 06:00:00+00:00
[2026-03-28T08:50:32.376+0000] {processor.py:183} INFO - Processing /opt/airflow/dags/weekly_summary_pipeline.py took 0.096 seconds
[2026-03-28T08:51:02.978+0000] {processor.py:161} INFO - Started process (PID=15090) to work on /opt/airflow/dags/weekly_summary_pipeline.py
[2026-03-28T08:51:02.979+0000] {processor.py:830} INFO - Processing file /opt/airflow/dags/weekly_summary_pipeline.py for tasks to queue
[2026-03-28T08:51:02.980+0000] {logging_mixin.py:188} INFO - [2026-03-28T08:51:02.980+0000] {dagbag.py:538} INFO - Filling up the DagBag from /opt/airflow/dags/weekly_summary_pipeline.py
[2026-03-28T08:51:03.000+0000] {processor.py:840} INFO - DAG(s) 'weekly_summary_pipeline' retrieved from /opt/airflow/dags/weekly_summary_pipeline.py
[2026-03-28T08:51:03.026+0000] {logging_mixin.py:188} INFO - [2026-03-28T08:51:03.026+0000] {dag.py:3036} INFO - Sync 1 DAGs
[2026-03-28T08:51:03.050+0000] {logging_mixin.py:188} INFO - [2026-03-28T08:51:03.050+0000] {dag.py:3823} INFO - Setting next_dagrun for weekly_summary_pipeline to 2026-03-23 06:00:00+00:00, run_after=2026-03-30 06:00:00+00:00
[2026-03-28T08:51:03.074+0000] {processor.py:183} INFO - Processing /opt/airflow/dags/weekly_summary_pipeline.py took 0.098 seconds
[2026-03-28T08:51:33.784+0000] {processor.py:161} INFO - Started process (PID=15113) to work on /opt/airflow/dags/weekly_summary_pipeline.py
[2026-03-28T08:51:33.786+0000] {processor.py:830} INFO - Processing file /opt/airflow/dags/weekly_summary_pipeline.py for tasks to queue
[2026-03-28T08:51:33.787+0000] {logging_mixin.py:188} INFO - [2026-03-28T08:51:33.786+0000] {dagbag.py:538} INFO - Filling up the DagBag from /opt/airflow/dags/weekly_summary_pipeline.py
[2026-03-28T08:51:33.813+0000] {processor.py:840} INFO - DAG(s) 'weekly_summary_pipeline' retrieved from /opt/airflow/dags/weekly_summary_pipeline.py
[2026-03-28T08:51:33.846+0000] {logging_mixin.py:188} INFO - [2026-03-28T08:51:33.846+0000] {dag.py:3036} INFO - Sync 1 DAGs
[2026-03-28T08:51:33.878+0000] {logging_mixin.py:188} INFO - [2026-03-28T08:51:33.877+0000] {dag.py:3823} INFO - Setting next_dagrun for weekly_summary_pipeline to 2026-03-23 06:00:00+00:00, run_after=2026-03-30 06:00:00+00:00
[2026-03-28T08:51:33.906+0000] {processor.py:183} INFO - Processing /opt/airflow/dags/weekly_summary_pipeline.py took 0.124 seconds
[2026-03-28T08:52:04.528+0000] {processor.py:161} INFO - Started process (PID=15131) to work on /opt/airflow/dags/weekly_summary_pipeline.py
[2026-03-28T08:52:04.529+0000] {processor.py:830} INFO - Processing file /opt/airflow/dags/weekly_summary_pipeline.py for tasks to queue
[2026-03-28T08:52:04.530+0000] {logging_mixin.py:188} INFO - [2026-03-28T08:52:04.530+0000] {dagbag.py:538} INFO - Filling up the DagBag from /opt/airflow/dags/weekly_summary_pipeline.py
[2026-03-28T08:52:04.561+0000] {processor.py:840} INFO - DAG(s) 'weekly_summary_pipeline' retrieved from /opt/airflow/dags/weekly_summary_pipeline.py
[2026-03-28T08:52:04.605+0000] {logging_mixin.py:188} INFO - [2026-03-28T08:52:04.605+0000] {dag.py:3036} INFO - Sync 1 DAGs
[2026-03-28T08:52:04.642+0000] {logging_mixin.py:188} INFO - [2026-03-28T08:52:04.642+0000] {dag.py:3823} INFO - Setting next_dagrun for weekly_summary_pipeline to 2026-03-23 06:00:00+00:00, run_after=2026-03-30 06:00:00+00:00
[2026-03-28T08:52:04.672+0000] {processor.py:183} INFO - Processing /opt/airflow/dags/weekly_summary_pipeline.py took 0.147 seconds
[2026-03-28T08:52:35.375+0000] {processor.py:161} INFO - Started process (PID=15154) to work on /opt/airflow/dags/weekly_summary_pipeline.py
[2026-03-28T08:52:35.376+0000] {processor.py:830} INFO - Processing file /opt/airflow/dags/weekly_summary_pipeline.py for tasks to queue
[2026-03-28T08:52:35.377+0000] {logging_mixin.py:188} INFO - [2026-03-28T08:52:35.377+0000] {dagbag.py:538} INFO - Filling up the DagBag from /opt/airflow/dags/weekly_summary_pipeline.py
[2026-03-28T08:52:35.399+0000] {processor.py:840} INFO - DAG(s) 'weekly_summary_pipeline' retrieved from /opt/airflow/dags/weekly_summary_pipeline.py
[2026-03-28T08:52:35.428+0000] {logging_mixin.py:188} INFO - [2026-03-28T08:52:35.427+0000] {dag.py:3036} INFO - Sync 1 DAGs
[2026-03-28T08:52:35.452+0000] {logging_mixin.py:188} INFO - [2026-03-28T08:52:35.451+0000] {dag.py:3823} INFO - Setting next_dagrun for weekly_summary_pipeline to 2026-03-23 06:00:00+00:00, run_after=2026-03-30 06:00:00+00:00
[2026-03-28T08:52:35.474+0000] {processor.py:183} INFO - Processing /opt/airflow/dags/weekly_summary_pipeline.py took 0.102 seconds
[2026-03-28T08:53:07.150+0000] {processor.py:161} INFO - Started process (PID=15177) to work on /opt/airflow/dags/weekly_summary_pipeline.py
[2026-03-28T08:53:07.152+0000] {processor.py:830} INFO - Processing file /opt/airflow/dags/weekly_summary_pipeline.py for tasks to queue
[2026-03-28T08:53:07.153+0000] {logging_mixin.py:188} INFO - [2026-03-28T08:53:07.152+0000] {dagbag.py:538} INFO - Filling up the DagBag from /opt/airflow/dags/weekly_summary_pipeline.py
[2026-03-28T08:53:07.172+0000] {processor.py:840} INFO - DAG(s) 'weekly_summary_pipeline' retrieved from /opt/airflow/dags/weekly_summary_pipeline.py
[2026-03-28T08:53:07.198+0000] {logging_mixin.py:188} INFO - [2026-03-28T08:53:07.198+0000] {dag.py:3036} INFO - Sync 1 DAGs
[2026-03-28T08:53:07.222+0000] {logging_mixin.py:188} INFO - [2026-03-28T08:53:07.222+0000] {dag.py:3823} INFO - Setting next_dagrun for weekly_summary_pipeline to 2026-03-23 06:00:00+00:00, run_after=2026-03-30 06:00:00+00:00
[2026-03-28T08:53:07.242+0000] {processor.py:183} INFO - Processing /opt/airflow/dags/weekly_summary_pipeline.py took 0.096 seconds
[2026-03-28T08:53:38.809+0000] {processor.py:161} INFO - Started process (PID=15200) to work on /opt/airflow/dags/weekly_summary_pipeline.py
[2026-03-28T08:53:38.810+0000] {processor.py:830} INFO - Processing file /opt/airflow/dags/weekly_summary_pipeline.py for tasks to queue
[2026-03-28T08:53:38.811+0000] {logging_mixin.py:188} INFO - [2026-03-28T08:53:38.811+0000] {dagbag.py:538} INFO - Filling up the DagBag from /opt/airflow/dags/weekly_summary_pipeline.py
[2026-03-28T08:53:38.829+0000] {processor.py:840} INFO - DAG(s) 'weekly_summary_pipeline' retrieved from /opt/airflow/dags/weekly_summary_pipeline.py
[2026-03-28T08:53:38.857+0000] {logging_mixin.py:188} INFO - [2026-03-28T08:53:38.857+0000] {dag.py:3036} INFO - Sync 1 DAGs
[2026-03-28T08:53:38.882+0000] {logging_mixin.py:188} INFO - [2026-03-28T08:53:38.882+0000] {dag.py:3823} INFO - Setting next_dagrun for weekly_summary_pipeline to 2026-03-23 06:00:00+00:00, run_after=2026-03-30 06:00:00+00:00
[2026-03-28T08:53:38.911+0000] {processor.py:183} INFO - Processing /opt/airflow/dags/weekly_summary_pipeline.py took 0.106 seconds
[2026-03-28T08:54:09.479+0000] {processor.py:161} INFO - Started process (PID=15223) to work on /opt/airflow/dags/weekly_summary_pipeline.py
[2026-03-28T08:54:09.481+0000] {processor.py:830} INFO - Processing file /opt/airflow/dags/weekly_summary_pipeline.py for tasks to queue
[2026-03-28T08:54:09.482+0000] {logging_mixin.py:188} INFO - [2026-03-28T08:54:09.482+0000] {dagbag.py:538} INFO - Filling up the DagBag from /opt/airflow/dags/weekly_summary_pipeline.py
[2026-03-28T08:54:09.505+0000] {processor.py:840} INFO - DAG(s) 'weekly_summary_pipeline' retrieved from /opt/airflow/dags/weekly_summary_pipeline.py
[2026-03-28T08:54:09.533+0000] {logging_mixin.py:188} INFO - [2026-03-28T08:54:09.533+0000] {dag.py:3036} INFO - Sync 1 DAGs
[2026-03-28T08:54:09.558+0000] {logging_mixin.py:188} INFO - [2026-03-28T08:54:09.558+0000] {dag.py:3823} INFO - Setting next_dagrun for weekly_summary_pipeline to 2026-03-23 06:00:00+00:00, run_after=2026-03-30 06:00:00+00:00
[2026-03-28T08:54:09.580+0000] {processor.py:183} INFO - Processing /opt/airflow/dags/weekly_summary_pipeline.py took 0.104 seconds
[2026-03-28T08:54:41.242+0000] {processor.py:161} INFO - Started process (PID=15246) to work on /opt/airflow/dags/weekly_summary_pipeline.py
[2026-03-28T08:54:41.243+0000] {processor.py:830} INFO - Processing file /opt/airflow/dags/weekly_summary_pipeline.py for tasks to queue
[2026-03-28T08:54:41.244+0000] {logging_mixin.py:188} INFO - [2026-03-28T08:54:41.244+0000] {dagbag.py:538} INFO - Filling up the DagBag from /opt/airflow/dags/weekly_summary_pipeline.py
[2026-03-28T08:54:41.268+0000] {processor.py:840} INFO - DAG(s) 'weekly_summary_pipeline' retrieved from /opt/airflow/dags/weekly_summary_pipeline.py
[2026-03-28T08:54:41.301+0000] {logging_mixin.py:188} INFO - [2026-03-28T08:54:41.301+0000] {dag.py:3036} INFO - Sync 1 DAGs
[2026-03-28T08:54:41.330+0000] {logging_mixin.py:188} INFO - [2026-03-28T08:54:41.330+0000] {dag.py:3823} INFO - Setting next_dagrun for weekly_summary_pipeline to 2026-03-23 06:00:00+00:00, run_after=2026-03-30 06:00:00+00:00
[2026-03-28T08:54:41.356+0000] {processor.py:183} INFO - Processing /opt/airflow/dags/weekly_summary_pipeline.py took 0.118 seconds
[2026-03-28T08:55:12.064+0000] {processor.py:161} INFO - Started process (PID=15269) to work on /opt/airflow/dags/weekly_summary_pipeline.py
[2026-03-28T08:55:12.065+0000] {processor.py:830} INFO - Processing file /opt/airflow/dags/weekly_summary_pipeline.py for tasks to queue
[2026-03-28T08:55:12.068+0000] {logging_mixin.py:188} INFO - [2026-03-28T08:55:12.067+0000] {dagbag.py:538} INFO - Filling up the DagBag from /opt/airflow/dags/weekly_summary_pipeline.py
[2026-03-28T08:55:12.096+0000] {processor.py:840} INFO - DAG(s) 'weekly_summary_pipeline' retrieved from /opt/airflow/dags/weekly_summary_pipeline.py
[2026-03-28T08:55:12.125+0000] {logging_mixin.py:188} INFO - [2026-03-28T08:55:12.125+0000] {dag.py:3036} INFO - Sync 1 DAGs
[2026-03-28T08:55:12.154+0000] {logging_mixin.py:188} INFO - [2026-03-28T08:55:12.154+0000] {dag.py:3823} INFO - Setting next_dagrun for weekly_summary_pipeline to 2026-03-23 06:00:00+00:00, run_after=2026-03-30 06:00:00+00:00
[2026-03-28T08:55:12.179+0000] {processor.py:183} INFO - Processing /opt/airflow/dags/weekly_summary_pipeline.py took 0.120 seconds
[2026-03-28T08:55:42.273+0000] {processor.py:161} INFO - Started process (PID=15292) to work on /opt/airflow/dags/weekly_summary_pipeline.py
[2026-03-28T08:55:42.275+0000] {processor.py:830} INFO - Processing file /opt/airflow/dags/weekly_summary_pipeline.py for tasks to queue
[2026-03-28T08:55:42.276+0000] {logging_mixin.py:188} INFO - [2026-03-28T08:55:42.276+0000] {dagbag.py:538} INFO - Filling up the DagBag from /opt/airflow/dags/weekly_summary_pipeline.py
[2026-03-28T08:55:42.312+0000] {processor.py:840} INFO - DAG(s) 'weekly_summary_pipeline' retrieved from /opt/airflow/dags/weekly_summary_pipeline.py
[2026-03-28T08:55:42.355+0000] {logging_mixin.py:188} INFO - [2026-03-28T08:55:42.354+0000] {dag.py:3036} INFO - Sync 1 DAGs
[2026-03-28T08:55:42.384+0000] {logging_mixin.py:188} INFO - [2026-03-28T08:55:42.384+0000] {dag.py:3823} INFO - Setting next_dagrun for weekly_summary_pipeline to 2026-03-23 06:00:00+00:00, run_after=2026-03-30 06:00:00+00:00
[2026-03-28T08:55:42.415+0000] {processor.py:183} INFO - Processing /opt/airflow/dags/weekly_summary_pipeline.py took 0.147 seconds
[2026-03-28T08:56:12.577+0000] {processor.py:161} INFO - Started process (PID=15307) to work on /opt/airflow/dags/weekly_summary_pipeline.py
[2026-03-28T08:56:12.578+0000] {processor.py:830} INFO - Processing file /opt/airflow/dags/weekly_summary_pipeline.py for tasks to queue
[2026-03-28T08:56:12.579+0000] {logging_mixin.py:188} INFO - [2026-03-28T08:56:12.578+0000] {dagbag.py:538} INFO - Filling up the DagBag from /opt/airflow/dags/weekly_summary_pipeline.py
[2026-03-28T08:56:12.597+0000] {processor.py:840} INFO - DAG(s) 'weekly_summary_pipeline' retrieved from /opt/airflow/dags/weekly_summary_pipeline.py
[2026-03-28T08:56:12.624+0000] {logging_mixin.py:188} INFO - [2026-03-28T08:56:12.623+0000] {dag.py:3036} INFO - Sync 1 DAGs
[2026-03-28T08:56:12.654+0000] {logging_mixin.py:188} INFO - [2026-03-28T08:56:12.653+0000] {dag.py:3823} INFO - Setting next_dagrun for weekly_summary_pipeline to 2026-03-23 06:00:00+00:00, run_after=2026-03-30 06:00:00+00:00
[2026-03-28T08:56:12.679+0000] {processor.py:183} INFO - Processing /opt/airflow/dags/weekly_summary_pipeline.py took 0.105 seconds
[2026-03-28T08:56:43.371+0000] {processor.py:161} INFO - Started process (PID=15330) to work on /opt/airflow/dags/weekly_summary_pipeline.py
[2026-03-28T08:56:43.372+0000] {processor.py:830} INFO - Processing file /opt/airflow/dags/weekly_summary_pipeline.py for tasks to queue
[2026-03-28T08:56:43.373+0000] {logging_mixin.py:188} INFO - [2026-03-28T08:56:43.373+0000] {dagbag.py:538} INFO - Filling up the DagBag from /opt/airflow/dags/weekly_summary_pipeline.py
[2026-03-28T08:56:43.397+0000] {processor.py:840} INFO - DAG(s) 'weekly_summary_pipeline' retrieved from /opt/airflow/dags/weekly_summary_pipeline.py
[2026-03-28T08:56:43.434+0000] {logging_mixin.py:188} INFO - [2026-03-28T08:56:43.434+0000] {dag.py:3036} INFO - Sync 1 DAGs
[2026-03-28T08:56:43.463+0000] {logging_mixin.py:188} INFO - [2026-03-28T08:56:43.463+0000] {dag.py:3823} INFO - Setting next_dagrun for weekly_summary_pipeline to 2026-03-23 06:00:00+00:00, run_after=2026-03-30 06:00:00+00:00
[2026-03-28T08:56:43.486+0000] {processor.py:183} INFO - Processing /opt/airflow/dags/weekly_summary_pipeline.py took 0.118 seconds
[2026-03-28T08:57:14.117+0000] {processor.py:161} INFO - Started process (PID=15353) to work on /opt/airflow/dags/weekly_summary_pipeline.py
[2026-03-28T08:57:14.118+0000] {processor.py:830} INFO - Processing file /opt/airflow/dags/weekly_summary_pipeline.py for tasks to queue
[2026-03-28T08:57:14.118+0000] {logging_mixin.py:188} INFO - [2026-03-28T08:57:14.118+0000] {dagbag.py:538} INFO - Filling up the DagBag from /opt/airflow/dags/weekly_summary_pipeline.py
[2026-03-28T08:57:14.142+0000] {processor.py:840} INFO - DAG(s) 'weekly_summary_pipeline' retrieved from /opt/airflow/dags/weekly_summary_pipeline.py
[2026-03-28T08:57:14.173+0000] {logging_mixin.py:188} INFO - [2026-03-28T08:57:14.172+0000] {dag.py:3036} INFO - Sync 1 DAGs
[2026-03-28T08:57:14.196+0000] {logging_mixin.py:188} INFO - [2026-03-28T08:57:14.196+0000] {dag.py:3823} INFO - Setting next_dagrun for weekly_summary_pipeline to 2026-03-23 06:00:00+00:00, run_after=2026-03-30 06:00:00+00:00
[2026-03-28T08:57:14.218+0000] {processor.py:183} INFO - Processing /opt/airflow/dags/weekly_summary_pipeline.py took 0.104 seconds
[2026-03-28T08:57:44.829+0000] {processor.py:161} INFO - Started process (PID=15376) to work on /opt/airflow/dags/weekly_summary_pipeline.py
[2026-03-28T08:57:44.830+0000] {processor.py:830} INFO - Processing file /opt/airflow/dags/weekly_summary_pipeline.py for tasks to queue
[2026-03-28T08:57:44.831+0000] {logging_mixin.py:188} INFO - [2026-03-28T08:57:44.831+0000] {dagbag.py:538} INFO - Filling up the DagBag from /opt/airflow/dags/weekly_summary_pipeline.py
[2026-03-28T08:57:44.852+0000] {processor.py:840} INFO - DAG(s) 'weekly_summary_pipeline' retrieved from /opt/airflow/dags/weekly_summary_pipeline.py
[2026-03-28T08:57:44.879+0000] {logging_mixin.py:188} INFO - [2026-03-28T08:57:44.879+0000] {dag.py:3036} INFO - Sync 1 DAGs
[2026-03-28T08:57:44.903+0000] {logging_mixin.py:188} INFO - [2026-03-28T08:57:44.903+0000] {dag.py:3823} INFO - Setting next_dagrun for weekly_summary_pipeline to 2026-03-23 06:00:00+00:00, run_after=2026-03-30 06:00:00+00:00
[2026-03-28T08:57:44.928+0000] {processor.py:183} INFO - Processing /opt/airflow/dags/weekly_summary_pipeline.py took 0.102 seconds
[2026-03-28T08:58:15.526+0000] {processor.py:161} INFO - Started process (PID=15399) to work on /opt/airflow/dags/weekly_summary_pipeline.py
[2026-03-28T08:58:15.527+0000] {processor.py:830} INFO - Processing file /opt/airflow/dags/weekly_summary_pipeline.py for tasks to queue
[2026-03-28T08:58:15.528+0000] {logging_mixin.py:188} INFO - [2026-03-28T08:58:15.528+0000] {dagbag.py:538} INFO - Filling up the DagBag from /opt/airflow/dags/weekly_summary_pipeline.py
[2026-03-28T08:58:15.548+0000] {processor.py:840} INFO - DAG(s) 'weekly_summary_pipeline' retrieved from /opt/airflow/dags/weekly_summary_pipeline.py
[2026-03-28T08:58:15.576+0000] {logging_mixin.py:188} INFO - [2026-03-28T08:58:15.576+0000] {dag.py:3036} INFO - Sync 1 DAGs
[2026-03-28T08:58:15.601+0000] {logging_mixin.py:188} INFO - [2026-03-28T08:58:15.601+0000] {dag.py:3823} INFO - Setting next_dagrun for weekly_summary_pipeline to 2026-03-23 06:00:00+00:00, run_after=2026-03-30 06:00:00+00:00
[2026-03-28T08:58:15.622+0000] {processor.py:183} INFO - Processing /opt/airflow/dags/weekly_summary_pipeline.py took 0.099 seconds
[2026-03-28T08:58:46.219+0000] {processor.py:161} INFO - Started process (PID=15422) to work on /opt/airflow/dags/weekly_summary_pipeline.py
[2026-03-28T08:58:46.220+0000] {processor.py:830} INFO - Processing file /opt/airflow/dags/weekly_summary_pipeline.py for tasks to queue
[2026-03-28T08:58:46.221+0000] {logging_mixin.py:188} INFO - [2026-03-28T08:58:46.221+0000] {dagbag.py:538} INFO - Filling up the DagBag from /opt/airflow/dags/weekly_summary_pipeline.py
[2026-03-28T08:58:46.244+0000] {processor.py:840} INFO - DAG(s) 'weekly_summary_pipeline' retrieved from /opt/airflow/dags/weekly_summary_pipeline.py
[2026-03-28T08:58:46.280+0000] {logging_mixin.py:188} INFO - [2026-03-28T08:58:46.280+0000] {dag.py:3036} INFO - Sync 1 DAGs
[2026-03-28T08:58:46.312+0000] {logging_mixin.py:188} INFO - [2026-03-28T08:58:46.311+0000] {dag.py:3823} INFO - Setting next_dagrun for weekly_summary_pipeline to 2026-03-23 06:00:00+00:00, run_after=2026-03-30 06:00:00+00:00
[2026-03-28T08:58:46.334+0000] {processor.py:183} INFO - Processing /opt/airflow/dags/weekly_summary_pipeline.py took 0.118 seconds
[2026-03-28T08:59:16.980+0000] {processor.py:161} INFO - Started process (PID=15445) to work on /opt/airflow/dags/weekly_summary_pipeline.py
[2026-03-28T08:59:16.981+0000] {processor.py:830} INFO - Processing file /opt/airflow/dags/weekly_summary_pipeline.py for tasks to queue
[2026-03-28T08:59:16.983+0000] {logging_mixin.py:188} INFO - [2026-03-28T08:59:16.982+0000] {dagbag.py:538} INFO - Filling up the DagBag from /opt/airflow/dags/weekly_summary_pipeline.py
[2026-03-28T08:59:17.009+0000] {processor.py:840} INFO - DAG(s) 'weekly_summary_pipeline' retrieved from /opt/airflow/dags/weekly_summary_pipeline.py
[2026-03-28T08:59:17.050+0000] {logging_mixin.py:188} INFO - [2026-03-28T08:59:17.050+0000] {dag.py:3036} INFO - Sync 1 DAGs
[2026-03-28T08:59:17.102+0000] {logging_mixin.py:188} INFO - [2026-03-28T08:59:17.102+0000] {dag.py:3823} INFO - Setting next_dagrun for weekly_summary_pipeline to 2026-03-23 06:00:00+00:00, run_after=2026-03-30 06:00:00+00:00
[2026-03-28T08:59:17.144+0000] {processor.py:183} INFO - Processing /opt/airflow/dags/weekly_summary_pipeline.py took 0.167 seconds
[2026-03-28T08:59:47.822+0000] {processor.py:161} INFO - Started process (PID=15468) to work on /opt/airflow/dags/weekly_summary_pipeline.py
[2026-03-28T08:59:47.823+0000] {processor.py:830} INFO - Processing file /opt/airflow/dags/weekly_summary_pipeline.py for tasks to queue
[2026-03-28T08:59:47.824+0000] {logging_mixin.py:188} INFO - [2026-03-28T08:59:47.824+0000] {dagbag.py:538} INFO - Filling up the DagBag from /opt/airflow/dags/weekly_summary_pipeline.py
[2026-03-28T08:59:47.845+0000] {processor.py:840} INFO - DAG(s) 'weekly_summary_pipeline' retrieved from /opt/airflow/dags/weekly_summary_pipeline.py
[2026-03-28T08:59:47.870+0000] {logging_mixin.py:188} INFO - [2026-03-28T08:59:47.870+0000] {dag.py:3036} INFO - Sync 1 DAGs
[2026-03-28T08:59:47.894+0000] {logging_mixin.py:188} INFO - [2026-03-28T08:59:47.894+0000] {dag.py:3823} INFO - Setting next_dagrun for weekly_summary_pipeline to 2026-03-23 06:00:00+00:00, run_after=2026-03-30 06:00:00+00:00
[2026-03-28T08:59:47.916+0000] {processor.py:183} INFO - Processing /opt/airflow/dags/weekly_summary_pipeline.py took 0.097 seconds
[2026-03-28T09:00:18.511+0000] {processor.py:161} INFO - Started process (PID=15491) to work on /opt/airflow/dags/weekly_summary_pipeline.py
[2026-03-28T09:00:18.512+0000] {processor.py:830} INFO - Processing file /opt/airflow/dags/weekly_summary_pipeline.py for tasks to queue
[2026-03-28T09:00:18.513+0000] {logging_mixin.py:188} INFO - [2026-03-28T09:00:18.512+0000] {dagbag.py:538} INFO - Filling up the DagBag from /opt/airflow/dags/weekly_summary_pipeline.py
[2026-03-28T09:00:18.547+0000] {processor.py:840} INFO - DAG(s) 'weekly_summary_pipeline' retrieved from /opt/airflow/dags/weekly_summary_pipeline.py
[2026-03-28T09:00:18.590+0000] {logging_mixin.py:188} INFO - [2026-03-28T09:00:18.590+0000] {dag.py:3036} INFO - Sync 1 DAGs
[2026-03-28T09:00:18.621+0000] {logging_mixin.py:188} INFO - [2026-03-28T09:00:18.621+0000] {dag.py:3823} INFO - Setting next_dagrun for weekly_summary_pipeline to 2026-03-23 06:00:00+00:00, run_after=2026-03-30 06:00:00+00:00
[2026-03-28T09:00:18.646+0000] {processor.py:183} INFO - Processing /opt/airflow/dags/weekly_summary_pipeline.py took 0.139 seconds
[2026-03-28T09:00:49.270+0000] {processor.py:161} INFO - Started process (PID=15514) to work on /opt/airflow/dags/weekly_summary_pipeline.py
[2026-03-28T09:00:49.271+0000] {processor.py:830} INFO - Processing file /opt/airflow/dags/weekly_summary_pipeline.py for tasks to queue
[2026-03-28T09:00:49.272+0000] {logging_mixin.py:188} INFO - [2026-03-28T09:00:49.272+0000] {dagbag.py:538} INFO - Filling up the DagBag from /opt/airflow/dags/weekly_summary_pipeline.py
[2026-03-28T09:00:49.292+0000] {processor.py:840} INFO - DAG(s) 'weekly_summary_pipeline' retrieved from /opt/airflow/dags/weekly_summary_pipeline.py
[2026-03-28T09:00:49.318+0000] {logging_mixin.py:188} INFO - [2026-03-28T09:00:49.318+0000] {dag.py:3036} INFO - Sync 1 DAGs
[2026-03-28T09:00:49.339+0000] {logging_mixin.py:188} INFO - [2026-03-28T09:00:49.339+0000] {dag.py:3823} INFO - Setting next_dagrun for weekly_summary_pipeline to 2026-03-23 06:00:00+00:00, run_after=2026-03-30 06:00:00+00:00
[2026-03-28T09:00:49.369+0000] {processor.py:183} INFO - Processing /opt/airflow/dags/weekly_summary_pipeline.py took 0.102 seconds
[2026-03-28T09:01:20.144+0000] {processor.py:161} INFO - Started process (PID=15537) to work on /opt/airflow/dags/weekly_summary_pipeline.py
[2026-03-28T09:01:20.145+0000] {processor.py:830} INFO - Processing file /opt/airflow/dags/weekly_summary_pipeline.py for tasks to queue
[2026-03-28T09:01:20.146+0000] {logging_mixin.py:188} INFO - [2026-03-28T09:01:20.145+0000] {dagbag.py:538} INFO - Filling up the DagBag from /opt/airflow/dags/weekly_summary_pipeline.py
[2026-03-28T09:01:20.182+0000] {processor.py:840} INFO - DAG(s) 'weekly_summary_pipeline' retrieved from /opt/airflow/dags/weekly_summary_pipeline.py
[2026-03-28T09:01:20.216+0000] {logging_mixin.py:188} INFO - [2026-03-28T09:01:20.215+0000] {dag.py:3036} INFO - Sync 1 DAGs
[2026-03-28T09:01:20.242+0000] {logging_mixin.py:188} INFO - [2026-03-28T09:01:20.242+0000] {dag.py:3823} INFO - Setting next_dagrun for weekly_summary_pipeline to 2026-03-23 06:00:00+00:00, run_after=2026-03-30 06:00:00+00:00
[2026-03-28T09:01:20.262+0000] {processor.py:183} INFO - Processing /opt/airflow/dags/weekly_summary_pipeline.py took 0.121 seconds
[2026-03-28T09:01:50.892+0000] {processor.py:161} INFO - Started process (PID=15552) to work on /opt/airflow/dags/weekly_summary_pipeline.py
[2026-03-28T09:01:50.893+0000] {processor.py:830} INFO - Processing file /opt/airflow/dags/weekly_summary_pipeline.py for tasks to queue
[2026-03-28T09:01:50.894+0000] {logging_mixin.py:188} INFO - [2026-03-28T09:01:50.894+0000] {dagbag.py:538} INFO - Filling up the DagBag from /opt/airflow/dags/weekly_summary_pipeline.py
[2026-03-28T09:01:50.914+0000] {processor.py:840} INFO - DAG(s) 'weekly_summary_pipeline' retrieved from /opt/airflow/dags/weekly_summary_pipeline.py
[2026-03-28T09:01:50.941+0000] {logging_mixin.py:188} INFO - [2026-03-28T09:01:50.940+0000] {dag.py:3036} INFO - Sync 1 DAGs
[2026-03-28T09:01:50.963+0000] {logging_mixin.py:188} INFO - [2026-03-28T09:01:50.963+0000] {dag.py:3823} INFO - Setting next_dagrun for weekly_summary_pipeline to 2026-03-23 06:00:00+00:00, run_after=2026-03-30 06:00:00+00:00
[2026-03-28T09:01:50.987+0000] {processor.py:183} INFO - Processing /opt/airflow/dags/weekly_summary_pipeline.py took 0.098 seconds
[2026-03-28T09:02:21.627+0000] {processor.py:161} INFO - Started process (PID=15575) to work on /opt/airflow/dags/weekly_summary_pipeline.py
[2026-03-28T09:02:21.629+0000] {processor.py:830} INFO - Processing file /opt/airflow/dags/weekly_summary_pipeline.py for tasks to queue
[2026-03-28T09:02:21.631+0000] {logging_mixin.py:188} INFO - [2026-03-28T09:02:21.630+0000] {dagbag.py:538} INFO - Filling up the DagBag from /opt/airflow/dags/weekly_summary_pipeline.py
[2026-03-28T09:02:21.658+0000] {processor.py:840} INFO - DAG(s) 'weekly_summary_pipeline' retrieved from /opt/airflow/dags/weekly_summary_pipeline.py
[2026-03-28T09:02:21.689+0000] {logging_mixin.py:188} INFO - [2026-03-28T09:02:21.689+0000] {dag.py:3036} INFO - Sync 1 DAGs
[2026-03-28T09:02:21.730+0000] {logging_mixin.py:188} INFO - [2026-03-28T09:02:21.730+0000] {dag.py:3823} INFO - Setting next_dagrun for weekly_summary_pipeline to 2026-03-23 06:00:00+00:00, run_after=2026-03-30 06:00:00+00:00
[2026-03-28T09:02:21.752+0000] {processor.py:183} INFO - Processing /opt/airflow/dags/weekly_summary_pipeline.py took 0.134 seconds
[2026-03-28T09:02:52.354+0000] {processor.py:161} INFO - Started process (PID=15598) to work on /opt/airflow/dags/weekly_summary_pipeline.py
[2026-03-28T09:02:52.355+0000] {processor.py:830} INFO - Processing file /opt/airflow/dags/weekly_summary_pipeline.py for tasks to queue
[2026-03-28T09:02:52.356+0000] {logging_mixin.py:188} INFO - [2026-03-28T09:02:52.356+0000] {dagbag.py:538} INFO - Filling up the DagBag from /opt/airflow/dags/weekly_summary_pipeline.py
[2026-03-28T09:02:52.380+0000] {processor.py:840} INFO - DAG(s) 'weekly_summary_pipeline' retrieved from /opt/airflow/dags/weekly_summary_pipeline.py
[2026-03-28T09:02:52.407+0000] {logging_mixin.py:188} INFO - [2026-03-28T09:02:52.407+0000] {dag.py:3036} INFO - Sync 1 DAGs
[2026-03-28T09:02:52.430+0000] {logging_mixin.py:188} INFO - [2026-03-28T09:02:52.430+0000] {dag.py:3823} INFO - Setting next_dagrun for weekly_summary_pipeline to 2026-03-23 06:00:00+00:00, run_after=2026-03-30 06:00:00+00:00
[2026-03-28T09:02:52.461+0000] {processor.py:183} INFO - Processing /opt/airflow/dags/weekly_summary_pipeline.py took 0.109 seconds
[2026-03-28T09:03:23.073+0000] {processor.py:161} INFO - Started process (PID=15621) to work on /opt/airflow/dags/weekly_summary_pipeline.py
[2026-03-28T09:03:23.074+0000] {processor.py:830} INFO - Processing file /opt/airflow/dags/weekly_summary_pipeline.py for tasks to queue
[2026-03-28T09:03:23.075+0000] {logging_mixin.py:188} INFO - [2026-03-28T09:03:23.075+0000] {dagbag.py:538} INFO - Filling up the DagBag from /opt/airflow/dags/weekly_summary_pipeline.py
[2026-03-28T09:03:23.097+0000] {processor.py:840} INFO - DAG(s) 'weekly_summary_pipeline' retrieved from /opt/airflow/dags/weekly_summary_pipeline.py
[2026-03-28T09:03:23.129+0000] {logging_mixin.py:188} INFO - [2026-03-28T09:03:23.129+0000] {dag.py:3036} INFO - Sync 1 DAGs
[2026-03-28T09:03:23.152+0000] {logging_mixin.py:188} INFO - [2026-03-28T09:03:23.152+0000] {dag.py:3823} INFO - Setting next_dagrun for weekly_summary_pipeline to 2026-03-23 06:00:00+00:00, run_after=2026-03-30 06:00:00+00:00
[2026-03-28T09:03:23.172+0000] {processor.py:183} INFO - Processing /opt/airflow/dags/weekly_summary_pipeline.py took 0.102 seconds
[2026-03-28T09:03:53.820+0000] {processor.py:161} INFO - Started process (PID=15644) to work on /opt/airflow/dags/weekly_summary_pipeline.py
[2026-03-28T09:03:53.821+0000] {processor.py:830} INFO - Processing file /opt/airflow/dags/weekly_summary_pipeline.py for tasks to queue
[2026-03-28T09:03:53.822+0000] {logging_mixin.py:188} INFO - [2026-03-28T09:03:53.822+0000] {dagbag.py:538} INFO - Filling up the DagBag from /opt/airflow/dags/weekly_summary_pipeline.py
[2026-03-28T09:03:53.857+0000] {processor.py:840} INFO - DAG(s) 'weekly_summary_pipeline' retrieved from /opt/airflow/dags/weekly_summary_pipeline.py
[2026-03-28T09:03:53.890+0000] {logging_mixin.py:188} INFO - [2026-03-28T09:03:53.890+0000] {dag.py:3036} INFO - Sync 1 DAGs
[2026-03-28T09:03:53.915+0000] {logging_mixin.py:188} INFO - [2026-03-28T09:03:53.914+0000] {dag.py:3823} INFO - Setting next_dagrun for weekly_summary_pipeline to 2026-03-23 06:00:00+00:00, run_after=2026-03-30 06:00:00+00:00
[2026-03-28T09:03:53.935+0000] {processor.py:183} INFO - Processing /opt/airflow/dags/weekly_summary_pipeline.py took 0.119 seconds
[2026-03-28T09:04:24.516+0000] {processor.py:161} INFO - Started process (PID=15667) to work on /opt/airflow/dags/weekly_summary_pipeline.py
[2026-03-28T09:04:24.517+0000] {processor.py:830} INFO - Processing file /opt/airflow/dags/weekly_summary_pipeline.py for tasks to queue
[2026-03-28T09:04:24.518+0000] {logging_mixin.py:188} INFO - [2026-03-28T09:04:24.517+0000] {dagbag.py:538} INFO - Filling up the DagBag from /opt/airflow/dags/weekly_summary_pipeline.py
[2026-03-28T09:04:24.541+0000] {processor.py:840} INFO - DAG(s) 'weekly_summary_pipeline' retrieved from /opt/airflow/dags/weekly_summary_pipeline.py
[2026-03-28T09:04:24.570+0000] {logging_mixin.py:188} INFO - [2026-03-28T09:04:24.570+0000] {dag.py:3036} INFO - Sync 1 DAGs
[2026-03-28T09:04:24.595+0000] {logging_mixin.py:188} INFO - [2026-03-28T09:04:24.595+0000] {dag.py:3823} INFO - Setting next_dagrun for weekly_summary_pipeline to 2026-03-23 06:00:00+00:00, run_after=2026-03-30 06:00:00+00:00
[2026-03-28T09:04:24.616+0000] {processor.py:183} INFO - Processing /opt/airflow/dags/weekly_summary_pipeline.py took 0.104 seconds
[2026-03-28T09:04:55.232+0000] {processor.py:161} INFO - Started process (PID=15690) to work on /opt/airflow/dags/weekly_summary_pipeline.py
[2026-03-28T09:04:55.234+0000] {processor.py:830} INFO - Processing file /opt/airflow/dags/weekly_summary_pipeline.py for tasks to queue
[2026-03-28T09:04:55.235+0000] {logging_mixin.py:188} INFO - [2026-03-28T09:04:55.234+0000] {dagbag.py:538} INFO - Filling up the DagBag from /opt/airflow/dags/weekly_summary_pipeline.py
[2026-03-28T09:04:55.258+0000] {processor.py:840} INFO - DAG(s) 'weekly_summary_pipeline' retrieved from /opt/airflow/dags/weekly_summary_pipeline.py
[2026-03-28T09:04:55.289+0000] {logging_mixin.py:188} INFO - [2026-03-28T09:04:55.289+0000] {dag.py:3036} INFO - Sync 1 DAGs
[2026-03-28T09:04:55.315+0000] {logging_mixin.py:188} INFO - [2026-03-28T09:04:55.314+0000] {dag.py:3823} INFO - Setting next_dagrun for weekly_summary_pipeline to 2026-03-23 06:00:00+00:00, run_after=2026-03-30 06:00:00+00:00
[2026-03-28T09:04:55.336+0000] {processor.py:183} INFO - Processing /opt/airflow/dags/weekly_summary_pipeline.py took 0.107 seconds
[2026-03-28T09:05:26.002+0000] {processor.py:161} INFO - Started process (PID=15713) to work on /opt/airflow/dags/weekly_summary_pipeline.py
[2026-03-28T09:05:26.003+0000] {processor.py:830} INFO - Processing file /opt/airflow/dags/weekly_summary_pipeline.py for tasks to queue
[2026-03-28T09:05:26.004+0000] {logging_mixin.py:188} INFO - [2026-03-28T09:05:26.004+0000] {dagbag.py:538} INFO - Filling up the DagBag from /opt/airflow/dags/weekly_summary_pipeline.py
[2026-03-28T09:05:26.029+0000] {processor.py:840} INFO - DAG(s) 'weekly_summary_pipeline' retrieved from /opt/airflow/dags/weekly_summary_pipeline.py
[2026-03-28T09:05:26.060+0000] {logging_mixin.py:188} INFO - [2026-03-28T09:05:26.059+0000] {dag.py:3036} INFO - Sync 1 DAGs
[2026-03-28T09:05:26.085+0000] {logging_mixin.py:188} INFO - [2026-03-28T09:05:26.085+0000] {dag.py:3823} INFO - Setting next_dagrun for weekly_summary_pipeline to 2026-03-23 06:00:00+00:00, run_after=2026-03-30 06:00:00+00:00
[2026-03-28T09:05:26.108+0000] {processor.py:183} INFO - Processing /opt/airflow/dags/weekly_summary_pipeline.py took 0.111 seconds
[2026-03-28T09:05:56.741+0000] {processor.py:161} INFO - Started process (PID=15736) to work on /opt/airflow/dags/weekly_summary_pipeline.py
[2026-03-28T09:05:56.742+0000] {processor.py:830} INFO - Processing file /opt/airflow/dags/weekly_summary_pipeline.py for tasks to queue
[2026-03-28T09:05:56.743+0000] {logging_mixin.py:188} INFO - [2026-03-28T09:05:56.743+0000] {dagbag.py:538} INFO - Filling up the DagBag from /opt/airflow/dags/weekly_summary_pipeline.py
[2026-03-28T09:05:56.759+0000] {processor.py:840} INFO - DAG(s) 'weekly_summary_pipeline' retrieved from /opt/airflow/dags/weekly_summary_pipeline.py
[2026-03-28T09:05:56.788+0000] {logging_mixin.py:188} INFO - [2026-03-28T09:05:56.788+0000] {dag.py:3036} INFO - Sync 1 DAGs
[2026-03-28T09:05:56.812+0000] {logging_mixin.py:188} INFO - [2026-03-28T09:05:56.812+0000] {dag.py:3823} INFO - Setting next_dagrun for weekly_summary_pipeline to 2026-03-23 06:00:00+00:00, run_after=2026-03-30 06:00:00+00:00
[2026-03-28T09:05:56.833+0000] {processor.py:183} INFO - Processing /opt/airflow/dags/weekly_summary_pipeline.py took 0.094 seconds
[2026-03-28T09:06:27.536+0000] {processor.py:161} INFO - Started process (PID=15759) to work on /opt/airflow/dags/weekly_summary_pipeline.py
[2026-03-28T09:06:27.537+0000] {processor.py:830} INFO - Processing file /opt/airflow/dags/weekly_summary_pipeline.py for tasks to queue
[2026-03-28T09:06:27.537+0000] {logging_mixin.py:188} INFO - [2026-03-28T09:06:27.537+0000] {dagbag.py:538} INFO - Filling up the DagBag from /opt/airflow/dags/weekly_summary_pipeline.py
[2026-03-28T09:06:27.556+0000] {processor.py:840} INFO - DAG(s) 'weekly_summary_pipeline' retrieved from /opt/airflow/dags/weekly_summary_pipeline.py
[2026-03-28T09:06:27.587+0000] {logging_mixin.py:188} INFO - [2026-03-28T09:06:27.587+0000] {dag.py:3036} INFO - Sync 1 DAGs
[2026-03-28T09:06:27.619+0000] {logging_mixin.py:188} INFO - [2026-03-28T09:06:27.618+0000] {dag.py:3823} INFO - Setting next_dagrun for weekly_summary_pipeline to 2026-03-23 06:00:00+00:00, run_after=2026-03-30 06:00:00+00:00
[2026-03-28T09:06:27.651+0000] {processor.py:183} INFO - Processing /opt/airflow/dags/weekly_summary_pipeline.py took 0.118 seconds
[2026-03-28T09:06:58.257+0000] {processor.py:161} INFO - Started process (PID=15782) to work on /opt/airflow/dags/weekly_summary_pipeline.py
[2026-03-28T09:06:58.258+0000] {processor.py:830} INFO - Processing file /opt/airflow/dags/weekly_summary_pipeline.py for tasks to queue
[2026-03-28T09:06:58.259+0000] {logging_mixin.py:188} INFO - [2026-03-28T09:06:58.259+0000] {dagbag.py:538} INFO - Filling up the DagBag from /opt/airflow/dags/weekly_summary_pipeline.py
[2026-03-28T09:06:58.280+0000] {processor.py:840} INFO - DAG(s) 'weekly_summary_pipeline' retrieved from /opt/airflow/dags/weekly_summary_pipeline.py
[2026-03-28T09:06:58.307+0000] {logging_mixin.py:188} INFO - [2026-03-28T09:06:58.306+0000] {dag.py:3036} INFO - Sync 1 DAGs
[2026-03-28T09:06:58.330+0000] {logging_mixin.py:188} INFO - [2026-03-28T09:06:58.330+0000] {dag.py:3823} INFO - Setting next_dagrun for weekly_summary_pipeline to 2026-03-23 06:00:00+00:00, run_after=2026-03-30 06:00:00+00:00
[2026-03-28T09:06:58.356+0000] {processor.py:183} INFO - Processing /opt/airflow/dags/weekly_summary_pipeline.py took 0.102 seconds
[2026-03-28T09:07:28.980+0000] {processor.py:161} INFO - Started process (PID=15805) to work on /opt/airflow/dags/weekly_summary_pipeline.py
[2026-03-28T09:07:28.982+0000] {processor.py:830} INFO - Processing file /opt/airflow/dags/weekly_summary_pipeline.py for tasks to queue
[2026-03-28T09:07:28.983+0000] {logging_mixin.py:188} INFO - [2026-03-28T09:07:28.983+0000] {dagbag.py:538} INFO - Filling up the DagBag from /opt/airflow/dags/weekly_summary_pipeline.py
[2026-03-28T09:07:29.013+0000] {processor.py:840} INFO - DAG(s) 'weekly_summary_pipeline' retrieved from /opt/airflow/dags/weekly_summary_pipeline.py
[2026-03-28T09:07:29.056+0000] {logging_mixin.py:188} INFO - [2026-03-28T09:07:29.056+0000] {dag.py:3036} INFO - Sync 1 DAGs
[2026-03-28T09:07:29.091+0000] {logging_mixin.py:188} INFO - [2026-03-28T09:07:29.090+0000] {dag.py:3823} INFO - Setting next_dagrun for weekly_summary_pipeline to 2026-03-23 06:00:00+00:00, run_after=2026-03-30 06:00:00+00:00
[2026-03-28T09:07:29.115+0000] {processor.py:183} INFO - Processing /opt/airflow/dags/weekly_summary_pipeline.py took 0.139 seconds
[2026-03-28T09:07:59.810+0000] {processor.py:161} INFO - Started process (PID=15820) to work on /opt/airflow/dags/weekly_summary_pipeline.py
[2026-03-28T09:07:59.812+0000] {processor.py:830} INFO - Processing file /opt/airflow/dags/weekly_summary_pipeline.py for tasks to queue
[2026-03-28T09:07:59.813+0000] {logging_mixin.py:188} INFO - [2026-03-28T09:07:59.813+0000] {dagbag.py:538} INFO - Filling up the DagBag from /opt/airflow/dags/weekly_summary_pipeline.py
[2026-03-28T09:07:59.840+0000] {processor.py:840} INFO - DAG(s) 'weekly_summary_pipeline' retrieved from /opt/airflow/dags/weekly_summary_pipeline.py
[2026-03-28T09:07:59.866+0000] {logging_mixin.py:188} INFO - [2026-03-28T09:07:59.866+0000] {dag.py:3036} INFO - Sync 1 DAGs
[2026-03-28T09:07:59.894+0000] {logging_mixin.py:188} INFO - [2026-03-28T09:07:59.893+0000] {dag.py:3823} INFO - Setting next_dagrun for weekly_summary_pipeline to 2026-03-23 06:00:00+00:00, run_after=2026-03-30 06:00:00+00:00
[2026-03-28T09:07:59.926+0000] {processor.py:183} INFO - Processing /opt/airflow/dags/weekly_summary_pipeline.py took 0.118 seconds
[2026-03-28T09:08:30.553+0000] {processor.py:161} INFO - Started process (PID=15843) to work on /opt/airflow/dags/weekly_summary_pipeline.py
[2026-03-28T09:08:30.554+0000] {processor.py:830} INFO - Processing file /opt/airflow/dags/weekly_summary_pipeline.py for tasks to queue
[2026-03-28T09:08:30.555+0000] {logging_mixin.py:188} INFO - [2026-03-28T09:08:30.555+0000] {dagbag.py:538} INFO - Filling up the DagBag from /opt/airflow/dags/weekly_summary_pipeline.py
[2026-03-28T09:08:30.574+0000] {processor.py:840} INFO - DAG(s) 'weekly_summary_pipeline' retrieved from /opt/airflow/dags/weekly_summary_pipeline.py
[2026-03-28T09:08:30.599+0000] {logging_mixin.py:188} INFO - [2026-03-28T09:08:30.599+0000] {dag.py:3036} INFO - Sync 1 DAGs
[2026-03-28T09:08:30.623+0000] {logging_mixin.py:188} INFO - [2026-03-28T09:08:30.622+0000] {dag.py:3823} INFO - Setting next_dagrun for weekly_summary_pipeline to 2026-03-23 06:00:00+00:00, run_after=2026-03-30 06:00:00+00:00
[2026-03-28T09:08:30.643+0000] {processor.py:183} INFO - Processing /opt/airflow/dags/weekly_summary_pipeline.py took 0.094 seconds
[2026-03-28T09:09:01.273+0000] {processor.py:161} INFO - Started process (PID=15866) to work on /opt/airflow/dags/weekly_summary_pipeline.py
[2026-03-28T09:09:01.274+0000] {processor.py:830} INFO - Processing file /opt/airflow/dags/weekly_summary_pipeline.py for tasks to queue
[2026-03-28T09:09:01.275+0000] {logging_mixin.py:188} INFO - [2026-03-28T09:09:01.274+0000] {dagbag.py:538} INFO - Filling up the DagBag from /opt/airflow/dags/weekly_summary_pipeline.py
[2026-03-28T09:09:01.295+0000] {processor.py:840} INFO - DAG(s) 'weekly_summary_pipeline' retrieved from /opt/airflow/dags/weekly_summary_pipeline.py
[2026-03-28T09:09:01.324+0000] {logging_mixin.py:188} INFO - [2026-03-28T09:09:01.324+0000] {dag.py:3036} INFO - Sync 1 DAGs
[2026-03-28T09:09:01.347+0000] {logging_mixin.py:188} INFO - [2026-03-28T09:09:01.347+0000] {dag.py:3823} INFO - Setting next_dagrun for weekly_summary_pipeline to 2026-03-23 06:00:00+00:00, run_after=2026-03-30 06:00:00+00:00
[2026-03-28T09:09:01.369+0000] {processor.py:183} INFO - Processing /opt/airflow/dags/weekly_summary_pipeline.py took 0.100 seconds
[2026-03-28T09:09:32.001+0000] {processor.py:161} INFO - Started process (PID=15889) to work on /opt/airflow/dags/weekly_summary_pipeline.py
[2026-03-28T09:09:32.002+0000] {processor.py:830} INFO - Processing file /opt/airflow/dags/weekly_summary_pipeline.py for tasks to queue
[2026-03-28T09:09:32.002+0000] {logging_mixin.py:188} INFO - [2026-03-28T09:09:32.002+0000] {dagbag.py:538} INFO - Filling up the DagBag from /opt/airflow/dags/weekly_summary_pipeline.py
[2026-03-28T09:09:32.024+0000] {processor.py:840} INFO - DAG(s) 'weekly_summary_pipeline' retrieved from /opt/airflow/dags/weekly_summary_pipeline.py
[2026-03-28T09:09:32.054+0000] {logging_mixin.py:188} INFO - [2026-03-28T09:09:32.053+0000] {dag.py:3036} INFO - Sync 1 DAGs
[2026-03-28T09:09:32.076+0000] {logging_mixin.py:188} INFO - [2026-03-28T09:09:32.075+0000] {dag.py:3823} INFO - Setting next_dagrun for weekly_summary_pipeline to 2026-03-23 06:00:00+00:00, run_after=2026-03-30 06:00:00+00:00
[2026-03-28T09:09:32.096+0000] {processor.py:183} INFO - Processing /opt/airflow/dags/weekly_summary_pipeline.py took 0.099 seconds
[2026-03-28T09:10:02.776+0000] {processor.py:161} INFO - Started process (PID=15912) to work on /opt/airflow/dags/weekly_summary_pipeline.py
[2026-03-28T09:10:02.778+0000] {processor.py:830} INFO - Processing file /opt/airflow/dags/weekly_summary_pipeline.py for tasks to queue
[2026-03-28T09:10:02.780+0000] {logging_mixin.py:188} INFO - [2026-03-28T09:10:02.779+0000] {dagbag.py:538} INFO - Filling up the DagBag from /opt/airflow/dags/weekly_summary_pipeline.py
[2026-03-28T09:10:02.835+0000] {processor.py:840} INFO - DAG(s) 'weekly_summary_pipeline' retrieved from /opt/airflow/dags/weekly_summary_pipeline.py
[2026-03-28T09:10:02.900+0000] {logging_mixin.py:188} INFO - [2026-03-28T09:10:02.899+0000] {dag.py:3036} INFO - Sync 1 DAGs
[2026-03-28T09:10:02.927+0000] {logging_mixin.py:188} INFO - [2026-03-28T09:10:02.927+0000] {dag.py:3823} INFO - Setting next_dagrun for weekly_summary_pipeline to 2026-03-23 06:00:00+00:00, run_after=2026-03-30 06:00:00+00:00
[2026-03-28T09:10:02.948+0000] {processor.py:183} INFO - Processing /opt/airflow/dags/weekly_summary_pipeline.py took 0.176 seconds
[2026-03-28T09:10:33.544+0000] {processor.py:161} INFO - Started process (PID=15935) to work on /opt/airflow/dags/weekly_summary_pipeline.py
[2026-03-28T09:10:33.545+0000] {processor.py:830} INFO - Processing file /opt/airflow/dags/weekly_summary_pipeline.py for tasks to queue
[2026-03-28T09:10:33.547+0000] {logging_mixin.py:188} INFO - [2026-03-28T09:10:33.546+0000] {dagbag.py:538} INFO - Filling up the DagBag from /opt/airflow/dags/weekly_summary_pipeline.py
[2026-03-28T09:10:33.565+0000] {processor.py:840} INFO - DAG(s) 'weekly_summary_pipeline' retrieved from /opt/airflow/dags/weekly_summary_pipeline.py
[2026-03-28T09:10:33.593+0000] {logging_mixin.py:188} INFO - [2026-03-28T09:10:33.593+0000] {dag.py:3036} INFO - Sync 1 DAGs
[2026-03-28T09:10:33.616+0000] {logging_mixin.py:188} INFO - [2026-03-28T09:10:33.615+0000] {dag.py:3823} INFO - Setting next_dagrun for weekly_summary_pipeline to 2026-03-23 06:00:00+00:00, run_after=2026-03-30 06:00:00+00:00
[2026-03-28T09:10:33.637+0000] {processor.py:183} INFO - Processing /opt/airflow/dags/weekly_summary_pipeline.py took 0.095 seconds
[2026-03-28T09:11:04.220+0000] {processor.py:161} INFO - Started process (PID=15958) to work on /opt/airflow/dags/weekly_summary_pipeline.py
[2026-03-28T09:11:04.221+0000] {processor.py:830} INFO - Processing file /opt/airflow/dags/weekly_summary_pipeline.py for tasks to queue
[2026-03-28T09:11:04.222+0000] {logging_mixin.py:188} INFO - [2026-03-28T09:11:04.222+0000] {dagbag.py:538} INFO - Filling up the DagBag from /opt/airflow/dags/weekly_summary_pipeline.py
[2026-03-28T09:11:04.241+0000] {processor.py:840} INFO - DAG(s) 'weekly_summary_pipeline' retrieved from /opt/airflow/dags/weekly_summary_pipeline.py
[2026-03-28T09:11:04.271+0000] {logging_mixin.py:188} INFO - [2026-03-28T09:11:04.271+0000] {dag.py:3036} INFO - Sync 1 DAGs
[2026-03-28T09:11:04.296+0000] {logging_mixin.py:188} INFO - [2026-03-28T09:11:04.296+0000] {dag.py:3823} INFO - Setting next_dagrun for weekly_summary_pipeline to 2026-03-23 06:00:00+00:00, run_after=2026-03-30 06:00:00+00:00
[2026-03-28T09:11:04.315+0000] {processor.py:183} INFO - Processing /opt/airflow/dags/weekly_summary_pipeline.py took 0.097 seconds
[2026-03-28T09:11:35.036+0000] {processor.py:161} INFO - Started process (PID=15981) to work on /opt/airflow/dags/weekly_summary_pipeline.py
[2026-03-28T09:11:35.038+0000] {processor.py:830} INFO - Processing file /opt/airflow/dags/weekly_summary_pipeline.py for tasks to queue
[2026-03-28T09:11:35.039+0000] {logging_mixin.py:188} INFO - [2026-03-28T09:11:35.038+0000] {dagbag.py:538} INFO - Filling up the DagBag from /opt/airflow/dags/weekly_summary_pipeline.py
[2026-03-28T09:11:35.058+0000] {processor.py:840} INFO - DAG(s) 'weekly_summary_pipeline' retrieved from /opt/airflow/dags/weekly_summary_pipeline.py
[2026-03-28T09:11:35.086+0000] {logging_mixin.py:188} INFO - [2026-03-28T09:11:35.086+0000] {dag.py:3036} INFO - Sync 1 DAGs
[2026-03-28T09:11:35.113+0000] {logging_mixin.py:188} INFO - [2026-03-28T09:11:35.113+0000] {dag.py:3823} INFO - Setting next_dagrun for weekly_summary_pipeline to 2026-03-23 06:00:00+00:00, run_after=2026-03-30 06:00:00+00:00
[2026-03-28T09:11:35.133+0000] {processor.py:183} INFO - Processing /opt/airflow/dags/weekly_summary_pipeline.py took 0.099 seconds
[2026-03-28T09:12:05.821+0000] {processor.py:161} INFO - Started process (PID=16004) to work on /opt/airflow/dags/weekly_summary_pipeline.py
[2026-03-28T09:12:05.822+0000] {processor.py:830} INFO - Processing file /opt/airflow/dags/weekly_summary_pipeline.py for tasks to queue
[2026-03-28T09:12:05.823+0000] {logging_mixin.py:188} INFO - [2026-03-28T09:12:05.822+0000] {dagbag.py:538} INFO - Filling up the DagBag from /opt/airflow/dags/weekly_summary_pipeline.py
[2026-03-28T09:12:05.840+0000] {processor.py:840} INFO - DAG(s) 'weekly_summary_pipeline' retrieved from /opt/airflow/dags/weekly_summary_pipeline.py
[2026-03-28T09:12:05.870+0000] {logging_mixin.py:188} INFO - [2026-03-28T09:12:05.869+0000] {dag.py:3036} INFO - Sync 1 DAGs
[2026-03-28T09:12:05.892+0000] {logging_mixin.py:188} INFO - [2026-03-28T09:12:05.892+0000] {dag.py:3823} INFO - Setting next_dagrun for weekly_summary_pipeline to 2026-03-23 06:00:00+00:00, run_after=2026-03-30 06:00:00+00:00
[2026-03-28T09:12:05.915+0000] {processor.py:183} INFO - Processing /opt/airflow/dags/weekly_summary_pipeline.py took 0.096 seconds
[2026-03-28T09:12:36.576+0000] {processor.py:161} INFO - Started process (PID=16027) to work on /opt/airflow/dags/weekly_summary_pipeline.py
[2026-03-28T09:12:36.577+0000] {processor.py:830} INFO - Processing file /opt/airflow/dags/weekly_summary_pipeline.py for tasks to queue
[2026-03-28T09:12:36.578+0000] {logging_mixin.py:188} INFO - [2026-03-28T09:12:36.578+0000] {dagbag.py:538} INFO - Filling up the DagBag from /opt/airflow/dags/weekly_summary_pipeline.py
[2026-03-28T09:12:36.613+0000] {processor.py:840} INFO - DAG(s) 'weekly_summary_pipeline' retrieved from /opt/airflow/dags/weekly_summary_pipeline.py
[2026-03-28T09:12:36.643+0000] {logging_mixin.py:188} INFO - [2026-03-28T09:12:36.643+0000] {dag.py:3036} INFO - Sync 1 DAGs
[2026-03-28T09:12:36.671+0000] {logging_mixin.py:188} INFO - [2026-03-28T09:12:36.671+0000] {dag.py:3823} INFO - Setting next_dagrun for weekly_summary_pipeline to 2026-03-23 06:00:00+00:00, run_after=2026-03-30 06:00:00+00:00
[2026-03-28T09:12:36.690+0000] {processor.py:183} INFO - Processing /opt/airflow/dags/weekly_summary_pipeline.py took 0.117 seconds
[2026-03-28T09:13:07.318+0000] {processor.py:161} INFO - Started process (PID=16049) to work on /opt/airflow/dags/weekly_summary_pipeline.py
[2026-03-28T09:13:07.319+0000] {processor.py:830} INFO - Processing file /opt/airflow/dags/weekly_summary_pipeline.py for tasks to queue
[2026-03-28T09:13:07.320+0000] {logging_mixin.py:188} INFO - [2026-03-28T09:13:07.320+0000] {dagbag.py:538} INFO - Filling up the DagBag from /opt/airflow/dags/weekly_summary_pipeline.py
[2026-03-28T09:13:07.342+0000] {processor.py:840} INFO - DAG(s) 'weekly_summary_pipeline' retrieved from /opt/airflow/dags/weekly_summary_pipeline.py
[2026-03-28T09:13:07.373+0000] {logging_mixin.py:188} INFO - [2026-03-28T09:13:07.373+0000] {dag.py:3036} INFO - Sync 1 DAGs
[2026-03-28T09:13:07.398+0000] {logging_mixin.py:188} INFO - [2026-03-28T09:13:07.398+0000] {dag.py:3823} INFO - Setting next_dagrun for weekly_summary_pipeline to 2026-03-23 06:00:00+00:00, run_after=2026-03-30 06:00:00+00:00
[2026-03-28T09:13:07.422+0000] {processor.py:183} INFO - Processing /opt/airflow/dags/weekly_summary_pipeline.py took 0.107 seconds
[2026-03-28T09:13:38.054+0000] {processor.py:161} INFO - Started process (PID=16064) to work on /opt/airflow/dags/weekly_summary_pipeline.py
[2026-03-28T09:13:38.055+0000] {processor.py:830} INFO - Processing file /opt/airflow/dags/weekly_summary_pipeline.py for tasks to queue
[2026-03-28T09:13:38.056+0000] {logging_mixin.py:188} INFO - [2026-03-28T09:13:38.056+0000] {dagbag.py:538} INFO - Filling up the DagBag from /opt/airflow/dags/weekly_summary_pipeline.py
[2026-03-28T09:13:38.080+0000] {processor.py:840} INFO - DAG(s) 'weekly_summary_pipeline' retrieved from /opt/airflow/dags/weekly_summary_pipeline.py
[2026-03-28T09:13:38.108+0000] {logging_mixin.py:188} INFO - [2026-03-28T09:13:38.107+0000] {dag.py:3036} INFO - Sync 1 DAGs
[2026-03-28T09:13:38.132+0000] {logging_mixin.py:188} INFO - [2026-03-28T09:13:38.132+0000] {dag.py:3823} INFO - Setting next_dagrun for weekly_summary_pipeline to 2026-03-23 06:00:00+00:00, run_after=2026-03-30 06:00:00+00:00
[2026-03-28T09:13:38.155+0000] {processor.py:183} INFO - Processing /opt/airflow/dags/weekly_summary_pipeline.py took 0.104 seconds
[2026-03-28T09:14:08.828+0000] {processor.py:161} INFO - Started process (PID=16087) to work on /opt/airflow/dags/weekly_summary_pipeline.py
[2026-03-28T09:14:08.829+0000] {processor.py:830} INFO - Processing file /opt/airflow/dags/weekly_summary_pipeline.py for tasks to queue
[2026-03-28T09:14:08.830+0000] {logging_mixin.py:188} INFO - [2026-03-28T09:14:08.830+0000] {dagbag.py:538} INFO - Filling up the DagBag from /opt/airflow/dags/weekly_summary_pipeline.py
[2026-03-28T09:14:08.850+0000] {processor.py:840} INFO - DAG(s) 'weekly_summary_pipeline' retrieved from /opt/airflow/dags/weekly_summary_pipeline.py
[2026-03-28T09:14:08.878+0000] {logging_mixin.py:188} INFO - [2026-03-28T09:14:08.878+0000] {dag.py:3036} INFO - Sync 1 DAGs
[2026-03-28T09:14:08.903+0000] {logging_mixin.py:188} INFO - [2026-03-28T09:14:08.903+0000] {dag.py:3823} INFO - Setting next_dagrun for weekly_summary_pipeline to 2026-03-23 06:00:00+00:00, run_after=2026-03-30 06:00:00+00:00
[2026-03-28T09:14:08.926+0000] {processor.py:183} INFO - Processing /opt/airflow/dags/weekly_summary_pipeline.py took 0.101 seconds
[2026-03-28T09:14:39.566+0000] {processor.py:161} INFO - Started process (PID=16110) to work on /opt/airflow/dags/weekly_summary_pipeline.py
[2026-03-28T09:14:39.568+0000] {processor.py:830} INFO - Processing file /opt/airflow/dags/weekly_summary_pipeline.py for tasks to queue
[2026-03-28T09:14:39.569+0000] {logging_mixin.py:188} INFO - [2026-03-28T09:14:39.568+0000] {dagbag.py:538} INFO - Filling up the DagBag from /opt/airflow/dags/weekly_summary_pipeline.py
[2026-03-28T09:14:39.590+0000] {processor.py:840} INFO - DAG(s) 'weekly_summary_pipeline' retrieved from /opt/airflow/dags/weekly_summary_pipeline.py
[2026-03-28T09:14:39.616+0000] {logging_mixin.py:188} INFO - [2026-03-28T09:14:39.616+0000] {dag.py:3036} INFO - Sync 1 DAGs
[2026-03-28T09:14:39.640+0000] {logging_mixin.py:188} INFO - [2026-03-28T09:14:39.639+0000] {dag.py:3823} INFO - Setting next_dagrun for weekly_summary_pipeline to 2026-03-23 06:00:00+00:00, run_after=2026-03-30 06:00:00+00:00
[2026-03-28T09:14:39.663+0000] {processor.py:183} INFO - Processing /opt/airflow/dags/weekly_summary_pipeline.py took 0.099 seconds
[2026-03-28T09:15:10.298+0000] {processor.py:161} INFO - Started process (PID=16133) to work on /opt/airflow/dags/weekly_summary_pipeline.py
[2026-03-28T09:15:10.300+0000] {processor.py:830} INFO - Processing file /opt/airflow/dags/weekly_summary_pipeline.py for tasks to queue
[2026-03-28T09:15:10.302+0000] {logging_mixin.py:188} INFO - [2026-03-28T09:15:10.301+0000] {dagbag.py:538} INFO - Filling up the DagBag from /opt/airflow/dags/weekly_summary_pipeline.py
[2026-03-28T09:15:10.335+0000] {processor.py:840} INFO - DAG(s) 'weekly_summary_pipeline' retrieved from /opt/airflow/dags/weekly_summary_pipeline.py
[2026-03-28T09:15:10.369+0000] {logging_mixin.py:188} INFO - [2026-03-28T09:15:10.369+0000] {dag.py:3036} INFO - Sync 1 DAGs
[2026-03-28T09:15:10.400+0000] {logging_mixin.py:188} INFO - [2026-03-28T09:15:10.400+0000] {dag.py:3823} INFO - Setting next_dagrun for weekly_summary_pipeline to 2026-03-23 06:00:00+00:00, run_after=2026-03-30 06:00:00+00:00
[2026-03-28T09:15:10.428+0000] {processor.py:183} INFO - Processing /opt/airflow/dags/weekly_summary_pipeline.py took 0.133 seconds
[2026-03-28T09:15:41.081+0000] {processor.py:161} INFO - Started process (PID=16156) to work on /opt/airflow/dags/weekly_summary_pipeline.py
[2026-03-28T09:15:41.082+0000] {processor.py:830} INFO - Processing file /opt/airflow/dags/weekly_summary_pipeline.py for tasks to queue
[2026-03-28T09:15:41.083+0000] {logging_mixin.py:188} INFO - [2026-03-28T09:15:41.083+0000] {dagbag.py:538} INFO - Filling up the DagBag from /opt/airflow/dags/weekly_summary_pipeline.py
[2026-03-28T09:15:41.101+0000] {processor.py:840} INFO - DAG(s) 'weekly_summary_pipeline' retrieved from /opt/airflow/dags/weekly_summary_pipeline.py
[2026-03-28T09:15:41.129+0000] {logging_mixin.py:188} INFO - [2026-03-28T09:15:41.129+0000] {dag.py:3036} INFO - Sync 1 DAGs
[2026-03-28T09:15:41.151+0000] {logging_mixin.py:188} INFO - [2026-03-28T09:15:41.151+0000] {dag.py:3823} INFO - Setting next_dagrun for weekly_summary_pipeline to 2026-03-23 06:00:00+00:00, run_after=2026-03-30 06:00:00+00:00
[2026-03-28T09:15:41.174+0000] {processor.py:183} INFO - Processing /opt/airflow/dags/weekly_summary_pipeline.py took 0.095 seconds
[2026-03-28T09:16:11.796+0000] {processor.py:161} INFO - Started process (PID=16179) to work on /opt/airflow/dags/weekly_summary_pipeline.py
[2026-03-28T09:16:11.797+0000] {processor.py:830} INFO - Processing file /opt/airflow/dags/weekly_summary_pipeline.py for tasks to queue
[2026-03-28T09:16:11.798+0000] {logging_mixin.py:188} INFO - [2026-03-28T09:16:11.798+0000] {dagbag.py:538} INFO - Filling up the DagBag from /opt/airflow/dags/weekly_summary_pipeline.py
[2026-03-28T09:16:11.817+0000] {processor.py:840} INFO - DAG(s) 'weekly_summary_pipeline' retrieved from /opt/airflow/dags/weekly_summary_pipeline.py
[2026-03-28T09:16:11.846+0000] {logging_mixin.py:188} INFO - [2026-03-28T09:16:11.846+0000] {dag.py:3036} INFO - Sync 1 DAGs
[2026-03-28T09:16:11.868+0000] {logging_mixin.py:188} INFO - [2026-03-28T09:16:11.867+0000] {dag.py:3823} INFO - Setting next_dagrun for weekly_summary_pipeline to 2026-03-23 06:00:00+00:00, run_after=2026-03-30 06:00:00+00:00
[2026-03-28T09:16:11.890+0000] {processor.py:183} INFO - Processing /opt/airflow/dags/weekly_summary_pipeline.py took 0.097 seconds
[2026-03-28T09:16:42.579+0000] {processor.py:161} INFO - Started process (PID=16202) to work on /opt/airflow/dags/weekly_summary_pipeline.py
[2026-03-28T09:16:42.580+0000] {processor.py:830} INFO - Processing file /opt/airflow/dags/weekly_summary_pipeline.py for tasks to queue
[2026-03-28T09:16:42.581+0000] {logging_mixin.py:188} INFO - [2026-03-28T09:16:42.581+0000] {dagbag.py:538} INFO - Filling up the DagBag from /opt/airflow/dags/weekly_summary_pipeline.py
[2026-03-28T09:16:42.598+0000] {processor.py:840} INFO - DAG(s) 'weekly_summary_pipeline' retrieved from /opt/airflow/dags/weekly_summary_pipeline.py
[2026-03-28T09:16:42.624+0000] {logging_mixin.py:188} INFO - [2026-03-28T09:16:42.624+0000] {dag.py:3036} INFO - Sync 1 DAGs
[2026-03-28T09:16:42.649+0000] {logging_mixin.py:188} INFO - [2026-03-28T09:16:42.649+0000] {dag.py:3823} INFO - Setting next_dagrun for weekly_summary_pipeline to 2026-03-23 06:00:00+00:00, run_after=2026-03-30 06:00:00+00:00
[2026-03-28T09:16:42.669+0000] {processor.py:183} INFO - Processing /opt/airflow/dags/weekly_summary_pipeline.py took 0.092 seconds
[2026-03-28T09:17:13.248+0000] {processor.py:161} INFO - Started process (PID=16225) to work on /opt/airflow/dags/weekly_summary_pipeline.py
[2026-03-28T09:17:13.249+0000] {processor.py:830} INFO - Processing file /opt/airflow/dags/weekly_summary_pipeline.py for tasks to queue
[2026-03-28T09:17:13.250+0000] {logging_mixin.py:188} INFO - [2026-03-28T09:17:13.250+0000] {dagbag.py:538} INFO - Filling up the DagBag from /opt/airflow/dags/weekly_summary_pipeline.py
[2026-03-28T09:17:13.267+0000] {processor.py:840} INFO - DAG(s) 'weekly_summary_pipeline' retrieved from /opt/airflow/dags/weekly_summary_pipeline.py
[2026-03-28T09:17:13.297+0000] {logging_mixin.py:188} INFO - [2026-03-28T09:17:13.297+0000] {dag.py:3036} INFO - Sync 1 DAGs
[2026-03-28T09:17:13.319+0000] {logging_mixin.py:188} INFO - [2026-03-28T09:17:13.319+0000] {dag.py:3823} INFO - Setting next_dagrun for weekly_summary_pipeline to 2026-03-23 06:00:00+00:00, run_after=2026-03-30 06:00:00+00:00
[2026-03-28T09:17:13.340+0000] {processor.py:183} INFO - Processing /opt/airflow/dags/weekly_summary_pipeline.py took 0.094 seconds
[2026-03-28T09:17:43.966+0000] {processor.py:161} INFO - Started process (PID=16248) to work on /opt/airflow/dags/weekly_summary_pipeline.py
[2026-03-28T09:17:43.967+0000] {processor.py:830} INFO - Processing file /opt/airflow/dags/weekly_summary_pipeline.py for tasks to queue
[2026-03-28T09:17:43.968+0000] {logging_mixin.py:188} INFO - [2026-03-28T09:17:43.968+0000] {dagbag.py:538} INFO - Filling up the DagBag from /opt/airflow/dags/weekly_summary_pipeline.py
[2026-03-28T09:17:43.990+0000] {processor.py:840} INFO - DAG(s) 'weekly_summary_pipeline' retrieved from /opt/airflow/dags/weekly_summary_pipeline.py
[2026-03-28T09:17:44.016+0000] {logging_mixin.py:188} INFO - [2026-03-28T09:17:44.016+0000] {dag.py:3036} INFO - Sync 1 DAGs
[2026-03-28T09:17:44.039+0000] {logging_mixin.py:188} INFO - [2026-03-28T09:17:44.039+0000] {dag.py:3823} INFO - Setting next_dagrun for weekly_summary_pipeline to 2026-03-23 06:00:00+00:00, run_after=2026-03-30 06:00:00+00:00
[2026-03-28T09:17:44.059+0000] {processor.py:183} INFO - Processing /opt/airflow/dags/weekly_summary_pipeline.py took 0.095 seconds
[2026-03-28T09:18:14.763+0000] {processor.py:161} INFO - Started process (PID=16271) to work on /opt/airflow/dags/weekly_summary_pipeline.py
[2026-03-28T09:18:14.764+0000] {processor.py:830} INFO - Processing file /opt/airflow/dags/weekly_summary_pipeline.py for tasks to queue
[2026-03-28T09:18:14.765+0000] {logging_mixin.py:188} INFO - [2026-03-28T09:18:14.765+0000] {dagbag.py:538} INFO - Filling up the DagBag from /opt/airflow/dags/weekly_summary_pipeline.py
[2026-03-28T09:18:14.786+0000] {processor.py:840} INFO - DAG(s) 'weekly_summary_pipeline' retrieved from /opt/airflow/dags/weekly_summary_pipeline.py
[2026-03-28T09:18:14.817+0000] {logging_mixin.py:188} INFO - [2026-03-28T09:18:14.817+0000] {dag.py:3036} INFO - Sync 1 DAGs
[2026-03-28T09:18:14.841+0000] {logging_mixin.py:188} INFO - [2026-03-28T09:18:14.840+0000] {dag.py:3823} INFO - Setting next_dagrun for weekly_summary_pipeline to 2026-03-23 06:00:00+00:00, run_after=2026-03-30 06:00:00+00:00
[2026-03-28T09:18:14.863+0000] {processor.py:183} INFO - Processing /opt/airflow/dags/weekly_summary_pipeline.py took 0.102 seconds
[2026-03-28T09:18:45.529+0000] {processor.py:161} INFO - Started process (PID=16294) to work on /opt/airflow/dags/weekly_summary_pipeline.py
[2026-03-28T09:18:45.531+0000] {processor.py:830} INFO - Processing file /opt/airflow/dags/weekly_summary_pipeline.py for tasks to queue
[2026-03-28T09:18:45.532+0000] {logging_mixin.py:188} INFO - [2026-03-28T09:18:45.531+0000] {dagbag.py:538} INFO - Filling up the DagBag from /opt/airflow/dags/weekly_summary_pipeline.py
[2026-03-28T09:18:45.560+0000] {processor.py:840} INFO - DAG(s) 'weekly_summary_pipeline' retrieved from /opt/airflow/dags/weekly_summary_pipeline.py
[2026-03-28T09:18:45.590+0000] {logging_mixin.py:188} INFO - [2026-03-28T09:18:45.590+0000] {dag.py:3036} INFO - Sync 1 DAGs
[2026-03-28T09:18:45.618+0000] {logging_mixin.py:188} INFO - [2026-03-28T09:18:45.618+0000] {dag.py:3823} INFO - Setting next_dagrun for weekly_summary_pipeline to 2026-03-23 06:00:00+00:00, run_after=2026-03-30 06:00:00+00:00
[2026-03-28T09:18:45.641+0000] {processor.py:183} INFO - Processing /opt/airflow/dags/weekly_summary_pipeline.py took 0.114 seconds
[2026-03-28T09:19:16.257+0000] {processor.py:161} INFO - Started process (PID=16317) to work on /opt/airflow/dags/weekly_summary_pipeline.py
[2026-03-28T09:19:16.258+0000] {processor.py:830} INFO - Processing file /opt/airflow/dags/weekly_summary_pipeline.py for tasks to queue
[2026-03-28T09:19:16.259+0000] {logging_mixin.py:188} INFO - [2026-03-28T09:19:16.259+0000] {dagbag.py:538} INFO - Filling up the DagBag from /opt/airflow/dags/weekly_summary_pipeline.py
[2026-03-28T09:19:16.282+0000] {processor.py:840} INFO - DAG(s) 'weekly_summary_pipeline' retrieved from /opt/airflow/dags/weekly_summary_pipeline.py
[2026-03-28T09:19:16.312+0000] {logging_mixin.py:188} INFO - [2026-03-28T09:19:16.312+0000] {dag.py:3036} INFO - Sync 1 DAGs
[2026-03-28T09:19:16.337+0000] {logging_mixin.py:188} INFO - [2026-03-28T09:19:16.337+0000] {dag.py:3823} INFO - Setting next_dagrun for weekly_summary_pipeline to 2026-03-23 06:00:00+00:00, run_after=2026-03-30 06:00:00+00:00
[2026-03-28T09:19:16.359+0000] {processor.py:183} INFO - Processing /opt/airflow/dags/weekly_summary_pipeline.py took 0.107 seconds
[2026-03-28T09:19:47.002+0000] {processor.py:161} INFO - Started process (PID=16332) to work on /opt/airflow/dags/weekly_summary_pipeline.py
[2026-03-28T09:19:47.003+0000] {processor.py:830} INFO - Processing file /opt/airflow/dags/weekly_summary_pipeline.py for tasks to queue
[2026-03-28T09:19:47.004+0000] {logging_mixin.py:188} INFO - [2026-03-28T09:19:47.004+0000] {dagbag.py:538} INFO - Filling up the DagBag from /opt/airflow/dags/weekly_summary_pipeline.py
[2026-03-28T09:19:47.025+0000] {processor.py:840} INFO - DAG(s) 'weekly_summary_pipeline' retrieved from /opt/airflow/dags/weekly_summary_pipeline.py
[2026-03-28T09:19:47.051+0000] {logging_mixin.py:188} INFO - [2026-03-28T09:19:47.051+0000] {dag.py:3036} INFO - Sync 1 DAGs
[2026-03-28T09:19:47.073+0000] {logging_mixin.py:188} INFO - [2026-03-28T09:19:47.073+0000] {dag.py:3823} INFO - Setting next_dagrun for weekly_summary_pipeline to 2026-03-23 06:00:00+00:00, run_after=2026-03-30 06:00:00+00:00
[2026-03-28T09:19:47.093+0000] {processor.py:183} INFO - Processing /opt/airflow/dags/weekly_summary_pipeline.py took 0.093 seconds
[2026-03-28T09:20:17.715+0000] {processor.py:161} INFO - Started process (PID=16354) to work on /opt/airflow/dags/weekly_summary_pipeline.py
[2026-03-28T09:20:17.716+0000] {processor.py:830} INFO - Processing file /opt/airflow/dags/weekly_summary_pipeline.py for tasks to queue
[2026-03-28T09:20:17.717+0000] {logging_mixin.py:188} INFO - [2026-03-28T09:20:17.716+0000] {dagbag.py:538} INFO - Filling up the DagBag from /opt/airflow/dags/weekly_summary_pipeline.py
[2026-03-28T09:20:17.735+0000] {processor.py:840} INFO - DAG(s) 'weekly_summary_pipeline' retrieved from /opt/airflow/dags/weekly_summary_pipeline.py
[2026-03-28T09:20:17.761+0000] {logging_mixin.py:188} INFO - [2026-03-28T09:20:17.761+0000] {dag.py:3036} INFO - Sync 1 DAGs
[2026-03-28T09:20:17.786+0000] {logging_mixin.py:188} INFO - [2026-03-28T09:20:17.785+0000] {dag.py:3823} INFO - Setting next_dagrun for weekly_summary_pipeline to 2026-03-23 06:00:00+00:00, run_after=2026-03-30 06:00:00+00:00
[2026-03-28T09:20:17.808+0000] {processor.py:183} INFO - Processing /opt/airflow/dags/weekly_summary_pipeline.py took 0.096 seconds
[2026-03-28T09:20:47.866+0000] {processor.py:161} INFO - Started process (PID=16377) to work on /opt/airflow/dags/weekly_summary_pipeline.py
[2026-03-28T09:20:47.867+0000] {processor.py:830} INFO - Processing file /opt/airflow/dags/weekly_summary_pipeline.py for tasks to queue
[2026-03-28T09:20:47.868+0000] {logging_mixin.py:188} INFO - [2026-03-28T09:20:47.867+0000] {dagbag.py:538} INFO - Filling up the DagBag from /opt/airflow/dags/weekly_summary_pipeline.py
[2026-03-28T09:20:47.885+0000] {processor.py:840} INFO - DAG(s) 'weekly_summary_pipeline' retrieved from /opt/airflow/dags/weekly_summary_pipeline.py
[2026-03-28T09:20:47.912+0000] {logging_mixin.py:188} INFO - [2026-03-28T09:20:47.912+0000] {dag.py:3036} INFO - Sync 1 DAGs
[2026-03-28T09:20:47.934+0000] {logging_mixin.py:188} INFO - [2026-03-28T09:20:47.934+0000] {dag.py:3823} INFO - Setting next_dagrun for weekly_summary_pipeline to 2026-03-23 06:00:00+00:00, run_after=2026-03-30 06:00:00+00:00
[2026-03-28T09:20:47.955+0000] {processor.py:183} INFO - Processing /opt/airflow/dags/weekly_summary_pipeline.py took 0.092 seconds
[2026-03-28T09:21:19.221+0000] {processor.py:161} INFO - Started process (PID=16395) to work on /opt/airflow/dags/weekly_summary_pipeline.py
[2026-03-28T09:21:19.222+0000] {processor.py:830} INFO - Processing file /opt/airflow/dags/weekly_summary_pipeline.py for tasks to queue
[2026-03-28T09:21:19.223+0000] {logging_mixin.py:188} INFO - [2026-03-28T09:21:19.222+0000] {dagbag.py:538} INFO - Filling up the DagBag from /opt/airflow/dags/weekly_summary_pipeline.py
[2026-03-28T09:21:19.244+0000] {processor.py:840} INFO - DAG(s) 'weekly_summary_pipeline' retrieved from /opt/airflow/dags/weekly_summary_pipeline.py
[2026-03-28T09:21:19.273+0000] {logging_mixin.py:188} INFO - [2026-03-28T09:21:19.273+0000] {dag.py:3036} INFO - Sync 1 DAGs
[2026-03-28T09:21:19.297+0000] {logging_mixin.py:188} INFO - [2026-03-28T09:21:19.297+0000] {dag.py:3823} INFO - Setting next_dagrun for weekly_summary_pipeline to 2026-03-23 06:00:00+00:00, run_after=2026-03-30 06:00:00+00:00
[2026-03-28T09:21:19.319+0000] {processor.py:183} INFO - Processing /opt/airflow/dags/weekly_summary_pipeline.py took 0.101 seconds
[2026-03-28T09:21:51.120+0000] {processor.py:161} INFO - Started process (PID=16418) to work on /opt/airflow/dags/weekly_summary_pipeline.py
[2026-03-28T09:21:51.121+0000] {processor.py:830} INFO - Processing file /opt/airflow/dags/weekly_summary_pipeline.py for tasks to queue
[2026-03-28T09:21:51.122+0000] {logging_mixin.py:188} INFO - [2026-03-28T09:21:51.122+0000] {dagbag.py:538} INFO - Filling up the DagBag from /opt/airflow/dags/weekly_summary_pipeline.py
[2026-03-28T09:21:51.141+0000] {processor.py:840} INFO - DAG(s) 'weekly_summary_pipeline' retrieved from /opt/airflow/dags/weekly_summary_pipeline.py
[2026-03-28T09:21:51.171+0000] {logging_mixin.py:188} INFO - [2026-03-28T09:21:51.171+0000] {dag.py:3036} INFO - Sync 1 DAGs
[2026-03-28T09:21:51.194+0000] {logging_mixin.py:188} INFO - [2026-03-28T09:21:51.194+0000] {dag.py:3823} INFO - Setting next_dagrun for weekly_summary_pipeline to 2026-03-23 06:00:00+00:00, run_after=2026-03-30 06:00:00+00:00
[2026-03-28T09:21:51.215+0000] {processor.py:183} INFO - Processing /opt/airflow/dags/weekly_summary_pipeline.py took 0.098 seconds
[2026-03-28T09:22:21.928+0000] {processor.py:161} INFO - Started process (PID=16441) to work on /opt/airflow/dags/weekly_summary_pipeline.py
[2026-03-28T09:22:21.929+0000] {processor.py:830} INFO - Processing file /opt/airflow/dags/weekly_summary_pipeline.py for tasks to queue
[2026-03-28T09:22:21.930+0000] {logging_mixin.py:188} INFO - [2026-03-28T09:22:21.929+0000] {dagbag.py:538} INFO - Filling up the DagBag from /opt/airflow/dags/weekly_summary_pipeline.py
[2026-03-28T09:22:21.947+0000] {processor.py:840} INFO - DAG(s) 'weekly_summary_pipeline' retrieved from /opt/airflow/dags/weekly_summary_pipeline.py
[2026-03-28T09:22:21.972+0000] {logging_mixin.py:188} INFO - [2026-03-28T09:22:21.972+0000] {dag.py:3036} INFO - Sync 1 DAGs
[2026-03-28T09:22:21.994+0000] {logging_mixin.py:188} INFO - [2026-03-28T09:22:21.993+0000] {dag.py:3823} INFO - Setting next_dagrun for weekly_summary_pipeline to 2026-03-23 06:00:00+00:00, run_after=2026-03-30 06:00:00+00:00
[2026-03-28T09:22:22.015+0000] {processor.py:183} INFO - Processing /opt/airflow/dags/weekly_summary_pipeline.py took 0.090 seconds
[2026-03-28T09:22:53.672+0000] {processor.py:161} INFO - Started process (PID=16464) to work on /opt/airflow/dags/weekly_summary_pipeline.py
[2026-03-28T09:22:53.672+0000] {processor.py:830} INFO - Processing file /opt/airflow/dags/weekly_summary_pipeline.py for tasks to queue
[2026-03-28T09:22:53.673+0000] {logging_mixin.py:188} INFO - [2026-03-28T09:22:53.673+0000] {dagbag.py:538} INFO - Filling up the DagBag from /opt/airflow/dags/weekly_summary_pipeline.py
[2026-03-28T09:22:53.690+0000] {processor.py:840} INFO - DAG(s) 'weekly_summary_pipeline' retrieved from /opt/airflow/dags/weekly_summary_pipeline.py
[2026-03-28T09:22:53.717+0000] {logging_mixin.py:188} INFO - [2026-03-28T09:22:53.717+0000] {dag.py:3036} INFO - Sync 1 DAGs
[2026-03-28T09:22:53.740+0000] {logging_mixin.py:188} INFO - [2026-03-28T09:22:53.739+0000] {dag.py:3823} INFO - Setting next_dagrun for weekly_summary_pipeline to 2026-03-23 06:00:00+00:00, run_after=2026-03-30 06:00:00+00:00
[2026-03-28T09:22:53.764+0000] {processor.py:183} INFO - Processing /opt/airflow/dags/weekly_summary_pipeline.py took 0.095 seconds
[2026-03-28T09:23:25.373+0000] {processor.py:161} INFO - Started process (PID=16487) to work on /opt/airflow/dags/weekly_summary_pipeline.py
[2026-03-28T09:23:25.374+0000] {processor.py:830} INFO - Processing file /opt/airflow/dags/weekly_summary_pipeline.py for tasks to queue
[2026-03-28T09:23:25.377+0000] {logging_mixin.py:188} INFO - [2026-03-28T09:23:25.376+0000] {dagbag.py:538} INFO - Filling up the DagBag from /opt/airflow/dags/weekly_summary_pipeline.py
[2026-03-28T09:23:25.397+0000] {processor.py:840} INFO - DAG(s) 'weekly_summary_pipeline' retrieved from /opt/airflow/dags/weekly_summary_pipeline.py
[2026-03-28T09:23:25.430+0000] {logging_mixin.py:188} INFO - [2026-03-28T09:23:25.430+0000] {dag.py:3036} INFO - Sync 1 DAGs
[2026-03-28T09:23:25.457+0000] {logging_mixin.py:188} INFO - [2026-03-28T09:23:25.457+0000] {dag.py:3823} INFO - Setting next_dagrun for weekly_summary_pipeline to 2026-03-23 06:00:00+00:00, run_after=2026-03-30 06:00:00+00:00
[2026-03-28T09:23:25.483+0000] {processor.py:183} INFO - Processing /opt/airflow/dags/weekly_summary_pipeline.py took 0.113 seconds
[2026-03-28T09:23:56.121+0000] {processor.py:161} INFO - Started process (PID=16510) to work on /opt/airflow/dags/weekly_summary_pipeline.py
[2026-03-28T09:23:56.122+0000] {processor.py:830} INFO - Processing file /opt/airflow/dags/weekly_summary_pipeline.py for tasks to queue
[2026-03-28T09:23:56.123+0000] {logging_mixin.py:188} INFO - [2026-03-28T09:23:56.123+0000] {dagbag.py:538} INFO - Filling up the DagBag from /opt/airflow/dags/weekly_summary_pipeline.py
[2026-03-28T09:23:56.139+0000] {processor.py:840} INFO - DAG(s) 'weekly_summary_pipeline' retrieved from /opt/airflow/dags/weekly_summary_pipeline.py
[2026-03-28T09:23:56.167+0000] {logging_mixin.py:188} INFO - [2026-03-28T09:23:56.167+0000] {dag.py:3036} INFO - Sync 1 DAGs
[2026-03-28T09:23:56.189+0000] {logging_mixin.py:188} INFO - [2026-03-28T09:23:56.189+0000] {dag.py:3823} INFO - Setting next_dagrun for weekly_summary_pipeline to 2026-03-23 06:00:00+00:00, run_after=2026-03-30 06:00:00+00:00
[2026-03-28T09:23:56.210+0000] {processor.py:183} INFO - Processing /opt/airflow/dags/weekly_summary_pipeline.py took 0.092 seconds
[2026-03-28T09:24:27.836+0000] {processor.py:161} INFO - Started process (PID=16533) to work on /opt/airflow/dags/weekly_summary_pipeline.py
[2026-03-28T09:24:27.837+0000] {processor.py:830} INFO - Processing file /opt/airflow/dags/weekly_summary_pipeline.py for tasks to queue
[2026-03-28T09:24:27.838+0000] {logging_mixin.py:188} INFO - [2026-03-28T09:24:27.838+0000] {dagbag.py:538} INFO - Filling up the DagBag from /opt/airflow/dags/weekly_summary_pipeline.py
[2026-03-28T09:24:27.857+0000] {processor.py:840} INFO - DAG(s) 'weekly_summary_pipeline' retrieved from /opt/airflow/dags/weekly_summary_pipeline.py
[2026-03-28T09:24:27.885+0000] {logging_mixin.py:188} INFO - [2026-03-28T09:24:27.884+0000] {dag.py:3036} INFO - Sync 1 DAGs
[2026-03-28T09:24:27.912+0000] {logging_mixin.py:188} INFO - [2026-03-28T09:24:27.912+0000] {dag.py:3823} INFO - Setting next_dagrun for weekly_summary_pipeline to 2026-03-23 06:00:00+00:00, run_after=2026-03-30 06:00:00+00:00
[2026-03-28T09:24:27.939+0000] {processor.py:183} INFO - Processing /opt/airflow/dags/weekly_summary_pipeline.py took 0.106 seconds
[2026-03-28T09:24:59.622+0000] {processor.py:161} INFO - Started process (PID=16556) to work on /opt/airflow/dags/weekly_summary_pipeline.py
[2026-03-28T09:24:59.624+0000] {processor.py:830} INFO - Processing file /opt/airflow/dags/weekly_summary_pipeline.py for tasks to queue
[2026-03-28T09:24:59.625+0000] {logging_mixin.py:188} INFO - [2026-03-28T09:24:59.625+0000] {dagbag.py:538} INFO - Filling up the DagBag from /opt/airflow/dags/weekly_summary_pipeline.py
[2026-03-28T09:24:59.649+0000] {processor.py:840} INFO - DAG(s) 'weekly_summary_pipeline' retrieved from /opt/airflow/dags/weekly_summary_pipeline.py
[2026-03-28T09:24:59.676+0000] {logging_mixin.py:188} INFO - [2026-03-28T09:24:59.675+0000] {dag.py:3036} INFO - Sync 1 DAGs
[2026-03-28T09:24:59.698+0000] {logging_mixin.py:188} INFO - [2026-03-28T09:24:59.698+0000] {dag.py:3823} INFO - Setting next_dagrun for weekly_summary_pipeline to 2026-03-23 06:00:00+00:00, run_after=2026-03-30 06:00:00+00:00
[2026-03-28T09:24:59.719+0000] {processor.py:183} INFO - Processing /opt/airflow/dags/weekly_summary_pipeline.py took 0.099 seconds
[2026-03-28T09:25:30.385+0000] {processor.py:161} INFO - Started process (PID=16579) to work on /opt/airflow/dags/weekly_summary_pipeline.py
[2026-03-28T09:25:30.386+0000] {processor.py:830} INFO - Processing file /opt/airflow/dags/weekly_summary_pipeline.py for tasks to queue
[2026-03-28T09:25:30.387+0000] {logging_mixin.py:188} INFO - [2026-03-28T09:25:30.387+0000] {dagbag.py:538} INFO - Filling up the DagBag from /opt/airflow/dags/weekly_summary_pipeline.py
[2026-03-28T09:25:30.405+0000] {processor.py:840} INFO - DAG(s) 'weekly_summary_pipeline' retrieved from /opt/airflow/dags/weekly_summary_pipeline.py
[2026-03-28T09:25:30.433+0000] {logging_mixin.py:188} INFO - [2026-03-28T09:25:30.432+0000] {dag.py:3036} INFO - Sync 1 DAGs
[2026-03-28T09:25:30.454+0000] {logging_mixin.py:188} INFO - [2026-03-28T09:25:30.454+0000] {dag.py:3823} INFO - Setting next_dagrun for weekly_summary_pipeline to 2026-03-23 06:00:00+00:00, run_after=2026-03-30 06:00:00+00:00
[2026-03-28T09:25:30.474+0000] {processor.py:183} INFO - Processing /opt/airflow/dags/weekly_summary_pipeline.py took 0.092 seconds
[2026-03-28T09:26:02.183+0000] {processor.py:161} INFO - Started process (PID=16602) to work on /opt/airflow/dags/weekly_summary_pipeline.py
[2026-03-28T09:26:02.184+0000] {processor.py:830} INFO - Processing file /opt/airflow/dags/weekly_summary_pipeline.py for tasks to queue
[2026-03-28T09:26:02.185+0000] {logging_mixin.py:188} INFO - [2026-03-28T09:26:02.184+0000] {dagbag.py:538} INFO - Filling up the DagBag from /opt/airflow/dags/weekly_summary_pipeline.py
[2026-03-28T09:26:02.204+0000] {processor.py:840} INFO - DAG(s) 'weekly_summary_pipeline' retrieved from /opt/airflow/dags/weekly_summary_pipeline.py
[2026-03-28T09:26:02.232+0000] {logging_mixin.py:188} INFO - [2026-03-28T09:26:02.231+0000] {dag.py:3036} INFO - Sync 1 DAGs
[2026-03-28T09:26:02.255+0000] {logging_mixin.py:188} INFO - [2026-03-28T09:26:02.255+0000] {dag.py:3823} INFO - Setting next_dagrun for weekly_summary_pipeline to 2026-03-23 06:00:00+00:00, run_after=2026-03-30 06:00:00+00:00
[2026-03-28T09:26:02.277+0000] {processor.py:183} INFO - Processing /opt/airflow/dags/weekly_summary_pipeline.py took 0.097 seconds
[2026-03-28T09:26:32.937+0000] {processor.py:161} INFO - Started process (PID=16625) to work on /opt/airflow/dags/weekly_summary_pipeline.py
[2026-03-28T09:26:32.938+0000] {processor.py:830} INFO - Processing file /opt/airflow/dags/weekly_summary_pipeline.py for tasks to queue
[2026-03-28T09:26:32.939+0000] {logging_mixin.py:188} INFO - [2026-03-28T09:26:32.939+0000] {dagbag.py:538} INFO - Filling up the DagBag from /opt/airflow/dags/weekly_summary_pipeline.py
[2026-03-28T09:26:32.957+0000] {processor.py:840} INFO - DAG(s) 'weekly_summary_pipeline' retrieved from /opt/airflow/dags/weekly_summary_pipeline.py
[2026-03-28T09:26:32.987+0000] {logging_mixin.py:188} INFO - [2026-03-28T09:26:32.987+0000] {dag.py:3036} INFO - Sync 1 DAGs
[2026-03-28T09:26:33.007+0000] {logging_mixin.py:188} INFO - [2026-03-28T09:26:33.006+0000] {dag.py:3823} INFO - Setting next_dagrun for weekly_summary_pipeline to 2026-03-23 06:00:00+00:00, run_after=2026-03-30 06:00:00+00:00
[2026-03-28T09:26:33.028+0000] {processor.py:183} INFO - Processing /opt/airflow/dags/weekly_summary_pipeline.py took 0.093 seconds
[2026-03-28T09:27:04.685+0000] {processor.py:161} INFO - Started process (PID=16648) to work on /opt/airflow/dags/weekly_summary_pipeline.py
[2026-03-28T09:27:04.686+0000] {processor.py:830} INFO - Processing file /opt/airflow/dags/weekly_summary_pipeline.py for tasks to queue
[2026-03-28T09:27:04.687+0000] {logging_mixin.py:188} INFO - [2026-03-28T09:27:04.687+0000] {dagbag.py:538} INFO - Filling up the DagBag from /opt/airflow/dags/weekly_summary_pipeline.py
[2026-03-28T09:27:04.708+0000] {processor.py:840} INFO - DAG(s) 'weekly_summary_pipeline' retrieved from /opt/airflow/dags/weekly_summary_pipeline.py
[2026-03-28T09:27:04.736+0000] {logging_mixin.py:188} INFO - [2026-03-28T09:27:04.736+0000] {dag.py:3036} INFO - Sync 1 DAGs
[2026-03-28T09:27:04.760+0000] {logging_mixin.py:188} INFO - [2026-03-28T09:27:04.760+0000] {dag.py:3823} INFO - Setting next_dagrun for weekly_summary_pipeline to 2026-03-23 06:00:00+00:00, run_after=2026-03-30 06:00:00+00:00
[2026-03-28T09:27:04.782+0000] {processor.py:183} INFO - Processing /opt/airflow/dags/weekly_summary_pipeline.py took 0.100 seconds
[2026-03-28T09:27:35.547+0000] {processor.py:161} INFO - Started process (PID=16663) to work on /opt/airflow/dags/weekly_summary_pipeline.py
[2026-03-28T09:27:35.548+0000] {processor.py:830} INFO - Processing file /opt/airflow/dags/weekly_summary_pipeline.py for tasks to queue
[2026-03-28T09:27:35.549+0000] {logging_mixin.py:188} INFO - [2026-03-28T09:27:35.548+0000] {dagbag.py:538} INFO - Filling up the DagBag from /opt/airflow/dags/weekly_summary_pipeline.py
[2026-03-28T09:27:35.566+0000] {processor.py:840} INFO - DAG(s) 'weekly_summary_pipeline' retrieved from /opt/airflow/dags/weekly_summary_pipeline.py
[2026-03-28T09:27:35.592+0000] {logging_mixin.py:188} INFO - [2026-03-28T09:27:35.592+0000] {dag.py:3036} INFO - Sync 1 DAGs
[2026-03-28T09:27:35.615+0000] {logging_mixin.py:188} INFO - [2026-03-28T09:27:35.615+0000] {dag.py:3823} INFO - Setting next_dagrun for weekly_summary_pipeline to 2026-03-23 06:00:00+00:00, run_after=2026-03-30 06:00:00+00:00
[2026-03-28T09:27:35.638+0000] {processor.py:183} INFO - Processing /opt/airflow/dags/weekly_summary_pipeline.py took 0.094 seconds
[2026-03-28T09:28:07.330+0000] {processor.py:161} INFO - Started process (PID=16687) to work on /opt/airflow/dags/weekly_summary_pipeline.py
[2026-03-28T09:28:07.331+0000] {processor.py:830} INFO - Processing file /opt/airflow/dags/weekly_summary_pipeline.py for tasks to queue
[2026-03-28T09:28:07.332+0000] {logging_mixin.py:188} INFO - [2026-03-28T09:28:07.332+0000] {dagbag.py:538} INFO - Filling up the DagBag from /opt/airflow/dags/weekly_summary_pipeline.py
[2026-03-28T09:28:07.358+0000] {processor.py:840} INFO - DAG(s) 'weekly_summary_pipeline' retrieved from /opt/airflow/dags/weekly_summary_pipeline.py
[2026-03-28T09:28:07.393+0000] {logging_mixin.py:188} INFO - [2026-03-28T09:28:07.393+0000] {dag.py:3036} INFO - Sync 1 DAGs
[2026-03-28T09:28:07.418+0000] {logging_mixin.py:188} INFO - [2026-03-28T09:28:07.418+0000] {dag.py:3823} INFO - Setting next_dagrun for weekly_summary_pipeline to 2026-03-23 06:00:00+00:00, run_after=2026-03-30 06:00:00+00:00
[2026-03-28T09:28:07.440+0000] {processor.py:183} INFO - Processing /opt/airflow/dags/weekly_summary_pipeline.py took 0.112 seconds
[2026-03-28T09:28:38.132+0000] {processor.py:161} INFO - Started process (PID=16710) to work on /opt/airflow/dags/weekly_summary_pipeline.py
[2026-03-28T09:28:38.133+0000] {processor.py:830} INFO - Processing file /opt/airflow/dags/weekly_summary_pipeline.py for tasks to queue
[2026-03-28T09:28:38.134+0000] {logging_mixin.py:188} INFO - [2026-03-28T09:28:38.134+0000] {dagbag.py:538} INFO - Filling up the DagBag from /opt/airflow/dags/weekly_summary_pipeline.py
[2026-03-28T09:28:38.152+0000] {processor.py:840} INFO - DAG(s) 'weekly_summary_pipeline' retrieved from /opt/airflow/dags/weekly_summary_pipeline.py
[2026-03-28T09:28:38.178+0000] {logging_mixin.py:188} INFO - [2026-03-28T09:28:38.178+0000] {dag.py:3036} INFO - Sync 1 DAGs
[2026-03-28T09:28:38.201+0000] {logging_mixin.py:188} INFO - [2026-03-28T09:28:38.200+0000] {dag.py:3823} INFO - Setting next_dagrun for weekly_summary_pipeline to 2026-03-23 06:00:00+00:00, run_after=2026-03-30 06:00:00+00:00
[2026-03-28T09:28:38.222+0000] {processor.py:183} INFO - Processing /opt/airflow/dags/weekly_summary_pipeline.py took 0.093 seconds
[2026-03-28T09:29:09.874+0000] {processor.py:161} INFO - Started process (PID=16733) to work on /opt/airflow/dags/weekly_summary_pipeline.py
[2026-03-28T09:29:09.875+0000] {processor.py:830} INFO - Processing file /opt/airflow/dags/weekly_summary_pipeline.py for tasks to queue
[2026-03-28T09:29:09.876+0000] {logging_mixin.py:188} INFO - [2026-03-28T09:29:09.876+0000] {dagbag.py:538} INFO - Filling up the DagBag from /opt/airflow/dags/weekly_summary_pipeline.py
[2026-03-28T09:29:09.897+0000] {processor.py:840} INFO - DAG(s) 'weekly_summary_pipeline' retrieved from /opt/airflow/dags/weekly_summary_pipeline.py
[2026-03-28T09:29:09.925+0000] {logging_mixin.py:188} INFO - [2026-03-28T09:29:09.925+0000] {dag.py:3036} INFO - Sync 1 DAGs
[2026-03-28T09:29:09.949+0000] {logging_mixin.py:188} INFO - [2026-03-28T09:29:09.949+0000] {dag.py:3823} INFO - Setting next_dagrun for weekly_summary_pipeline to 2026-03-23 06:00:00+00:00, run_after=2026-03-30 06:00:00+00:00
[2026-03-28T09:29:09.972+0000] {processor.py:183} INFO - Processing /opt/airflow/dags/weekly_summary_pipeline.py took 0.101 seconds
[2026-03-28T09:29:41.625+0000] {processor.py:161} INFO - Started process (PID=16756) to work on /opt/airflow/dags/weekly_summary_pipeline.py
[2026-03-28T09:29:41.627+0000] {processor.py:830} INFO - Processing file /opt/airflow/dags/weekly_summary_pipeline.py for tasks to queue
[2026-03-28T09:29:41.628+0000] {logging_mixin.py:188} INFO - [2026-03-28T09:29:41.628+0000] {dagbag.py:538} INFO - Filling up the DagBag from /opt/airflow/dags/weekly_summary_pipeline.py
[2026-03-28T09:29:41.646+0000] {processor.py:840} INFO - DAG(s) 'weekly_summary_pipeline' retrieved from /opt/airflow/dags/weekly_summary_pipeline.py
[2026-03-28T09:29:41.670+0000] {logging_mixin.py:188} INFO - [2026-03-28T09:29:41.669+0000] {dag.py:3036} INFO - Sync 1 DAGs
[2026-03-28T09:29:41.692+0000] {logging_mixin.py:188} INFO - [2026-03-28T09:29:41.692+0000] {dag.py:3823} INFO - Setting next_dagrun for weekly_summary_pipeline to 2026-03-23 06:00:00+00:00, run_after=2026-03-30 06:00:00+00:00
[2026-03-28T09:29:41.712+0000] {processor.py:183} INFO - Processing /opt/airflow/dags/weekly_summary_pipeline.py took 0.090 seconds
[2026-03-28T09:30:12.334+0000] {processor.py:161} INFO - Started process (PID=16779) to work on /opt/airflow/dags/weekly_summary_pipeline.py
[2026-03-28T09:30:12.335+0000] {processor.py:830} INFO - Processing file /opt/airflow/dags/weekly_summary_pipeline.py for tasks to queue
[2026-03-28T09:30:12.336+0000] {logging_mixin.py:188} INFO - [2026-03-28T09:30:12.336+0000] {dagbag.py:538} INFO - Filling up the DagBag from /opt/airflow/dags/weekly_summary_pipeline.py
[2026-03-28T09:30:12.362+0000] {processor.py:840} INFO - DAG(s) 'weekly_summary_pipeline' retrieved from /opt/airflow/dags/weekly_summary_pipeline.py
[2026-03-28T09:30:12.393+0000] {logging_mixin.py:188} INFO - [2026-03-28T09:30:12.393+0000] {dag.py:3036} INFO - Sync 1 DAGs
[2026-03-28T09:30:12.422+0000] {logging_mixin.py:188} INFO - [2026-03-28T09:30:12.422+0000] {dag.py:3823} INFO - Setting next_dagrun for weekly_summary_pipeline to 2026-03-23 06:00:00+00:00, run_after=2026-03-30 06:00:00+00:00
[2026-03-28T09:30:12.446+0000] {processor.py:183} INFO - Processing /opt/airflow/dags/weekly_summary_pipeline.py took 0.116 seconds
[2026-03-28T09:30:44.118+0000] {processor.py:161} INFO - Started process (PID=16802) to work on /opt/airflow/dags/weekly_summary_pipeline.py
[2026-03-28T09:30:44.119+0000] {processor.py:830} INFO - Processing file /opt/airflow/dags/weekly_summary_pipeline.py for tasks to queue
[2026-03-28T09:30:44.120+0000] {logging_mixin.py:188} INFO - [2026-03-28T09:30:44.120+0000] {dagbag.py:538} INFO - Filling up the DagBag from /opt/airflow/dags/weekly_summary_pipeline.py
[2026-03-28T09:30:44.139+0000] {processor.py:840} INFO - DAG(s) 'weekly_summary_pipeline' retrieved from /opt/airflow/dags/weekly_summary_pipeline.py
[2026-03-28T09:30:44.166+0000] {logging_mixin.py:188} INFO - [2026-03-28T09:30:44.166+0000] {dag.py:3036} INFO - Sync 1 DAGs
[2026-03-28T09:30:44.188+0000] {logging_mixin.py:188} INFO - [2026-03-28T09:30:44.188+0000] {dag.py:3823} INFO - Setting next_dagrun for weekly_summary_pipeline to 2026-03-23 06:00:00+00:00, run_after=2026-03-30 06:00:00+00:00
[2026-03-28T09:30:44.213+0000] {processor.py:183} INFO - Processing /opt/airflow/dags/weekly_summary_pipeline.py took 0.097 seconds
[2026-03-28T09:31:15.142+0000] {processor.py:161} INFO - Started process (PID=16825) to work on /opt/airflow/dags/weekly_summary_pipeline.py
[2026-03-28T09:31:15.143+0000] {processor.py:830} INFO - Processing file /opt/airflow/dags/weekly_summary_pipeline.py for tasks to queue
[2026-03-28T09:31:15.144+0000] {logging_mixin.py:188} INFO - [2026-03-28T09:31:15.144+0000] {dagbag.py:538} INFO - Filling up the DagBag from /opt/airflow/dags/weekly_summary_pipeline.py
[2026-03-28T09:31:15.160+0000] {processor.py:840} INFO - DAG(s) 'weekly_summary_pipeline' retrieved from /opt/airflow/dags/weekly_summary_pipeline.py
[2026-03-28T09:31:15.189+0000] {logging_mixin.py:188} INFO - [2026-03-28T09:31:15.189+0000] {dag.py:3036} INFO - Sync 1 DAGs
[2026-03-28T09:31:15.211+0000] {logging_mixin.py:188} INFO - [2026-03-28T09:31:15.211+0000] {dag.py:3823} INFO - Setting next_dagrun for weekly_summary_pipeline to 2026-03-23 06:00:00+00:00, run_after=2026-03-30 06:00:00+00:00
[2026-03-28T09:31:15.232+0000] {processor.py:183} INFO - Processing /opt/airflow/dags/weekly_summary_pipeline.py took 0.093 seconds
[2026-03-28T09:31:46.611+0000] {processor.py:161} INFO - Started process (PID=16848) to work on /opt/airflow/dags/weekly_summary_pipeline.py
[2026-03-28T09:31:46.612+0000] {processor.py:830} INFO - Processing file /opt/airflow/dags/weekly_summary_pipeline.py for tasks to queue
[2026-03-28T09:31:46.613+0000] {logging_mixin.py:188} INFO - [2026-03-28T09:31:46.612+0000] {dagbag.py:538} INFO - Filling up the DagBag from /opt/airflow/dags/weekly_summary_pipeline.py
[2026-03-28T09:31:46.630+0000] {processor.py:840} INFO - DAG(s) 'weekly_summary_pipeline' retrieved from /opt/airflow/dags/weekly_summary_pipeline.py
[2026-03-28T09:31:46.658+0000] {logging_mixin.py:188} INFO - [2026-03-28T09:31:46.657+0000] {dag.py:3036} INFO - Sync 1 DAGs
[2026-03-28T09:31:46.680+0000] {logging_mixin.py:188} INFO - [2026-03-28T09:31:46.679+0000] {dag.py:3823} INFO - Setting next_dagrun for weekly_summary_pipeline to 2026-03-23 06:00:00+00:00, run_after=2026-03-30 06:00:00+00:00
[2026-03-28T09:31:46.701+0000] {processor.py:183} INFO - Processing /opt/airflow/dags/weekly_summary_pipeline.py took 0.093 seconds
[2026-03-28T09:32:18.417+0000] {processor.py:161} INFO - Started process (PID=16871) to work on /opt/airflow/dags/weekly_summary_pipeline.py
[2026-03-28T09:32:18.418+0000] {processor.py:830} INFO - Processing file /opt/airflow/dags/weekly_summary_pipeline.py for tasks to queue
[2026-03-28T09:32:18.419+0000] {logging_mixin.py:188} INFO - [2026-03-28T09:32:18.419+0000] {dagbag.py:538} INFO - Filling up the DagBag from /opt/airflow/dags/weekly_summary_pipeline.py
[2026-03-28T09:32:18.442+0000] {processor.py:840} INFO - DAG(s) 'weekly_summary_pipeline' retrieved from /opt/airflow/dags/weekly_summary_pipeline.py
[2026-03-28T09:32:18.471+0000] {logging_mixin.py:188} INFO - [2026-03-28T09:32:18.471+0000] {dag.py:3036} INFO - Sync 1 DAGs
[2026-03-28T09:32:18.494+0000] {logging_mixin.py:188} INFO - [2026-03-28T09:32:18.494+0000] {dag.py:3823} INFO - Setting next_dagrun for weekly_summary_pipeline to 2026-03-23 06:00:00+00:00, run_after=2026-03-30 06:00:00+00:00
[2026-03-28T09:32:18.514+0000] {processor.py:183} INFO - Processing /opt/airflow/dags/weekly_summary_pipeline.py took 0.100 seconds
[2026-03-28T09:32:49.131+0000] {processor.py:161} INFO - Started process (PID=16894) to work on /opt/airflow/dags/weekly_summary_pipeline.py
[2026-03-28T09:32:49.132+0000] {processor.py:830} INFO - Processing file /opt/airflow/dags/weekly_summary_pipeline.py for tasks to queue
[2026-03-28T09:32:49.133+0000] {logging_mixin.py:188} INFO - [2026-03-28T09:32:49.132+0000] {dagbag.py:538} INFO - Filling up the DagBag from /opt/airflow/dags/weekly_summary_pipeline.py
[2026-03-28T09:32:49.152+0000] {processor.py:840} INFO - DAG(s) 'weekly_summary_pipeline' retrieved from /opt/airflow/dags/weekly_summary_pipeline.py
[2026-03-28T09:32:49.180+0000] {logging_mixin.py:188} INFO - [2026-03-28T09:32:49.180+0000] {dag.py:3036} INFO - Sync 1 DAGs
[2026-03-28T09:32:49.202+0000] {logging_mixin.py:188} INFO - [2026-03-28T09:32:49.201+0000] {dag.py:3823} INFO - Setting next_dagrun for weekly_summary_pipeline to 2026-03-23 06:00:00+00:00, run_after=2026-03-30 06:00:00+00:00
[2026-03-28T09:32:49.226+0000] {processor.py:183} INFO - Processing /opt/airflow/dags/weekly_summary_pipeline.py took 0.097 seconds
[2026-03-28T09:33:20.853+0000] {processor.py:161} INFO - Started process (PID=16917) to work on /opt/airflow/dags/weekly_summary_pipeline.py
[2026-03-28T09:33:20.854+0000] {processor.py:830} INFO - Processing file /opt/airflow/dags/weekly_summary_pipeline.py for tasks to queue
[2026-03-28T09:33:20.855+0000] {logging_mixin.py:188} INFO - [2026-03-28T09:33:20.855+0000] {dagbag.py:538} INFO - Filling up the DagBag from /opt/airflow/dags/weekly_summary_pipeline.py
[2026-03-28T09:33:20.874+0000] {processor.py:840} INFO - DAG(s) 'weekly_summary_pipeline' retrieved from /opt/airflow/dags/weekly_summary_pipeline.py
[2026-03-28T09:33:20.904+0000] {logging_mixin.py:188} INFO - [2026-03-28T09:33:20.904+0000] {dag.py:3036} INFO - Sync 1 DAGs
[2026-03-28T09:33:20.928+0000] {logging_mixin.py:188} INFO - [2026-03-28T09:33:20.928+0000] {dag.py:3823} INFO - Setting next_dagrun for weekly_summary_pipeline to 2026-03-23 06:00:00+00:00, run_after=2026-03-30 06:00:00+00:00
[2026-03-28T09:33:20.949+0000] {processor.py:183} INFO - Processing /opt/airflow/dags/weekly_summary_pipeline.py took 0.099 seconds
[2026-03-28T09:33:52.557+0000] {processor.py:161} INFO - Started process (PID=16940) to work on /opt/airflow/dags/weekly_summary_pipeline.py
[2026-03-28T09:33:52.558+0000] {processor.py:830} INFO - Processing file /opt/airflow/dags/weekly_summary_pipeline.py for tasks to queue
[2026-03-28T09:33:52.559+0000] {logging_mixin.py:188} INFO - [2026-03-28T09:33:52.559+0000] {dagbag.py:538} INFO - Filling up the DagBag from /opt/airflow/dags/weekly_summary_pipeline.py
[2026-03-28T09:33:52.576+0000] {processor.py:840} INFO - DAG(s) 'weekly_summary_pipeline' retrieved from /opt/airflow/dags/weekly_summary_pipeline.py
[2026-03-28T09:33:52.602+0000] {logging_mixin.py:188} INFO - [2026-03-28T09:33:52.602+0000] {dag.py:3036} INFO - Sync 1 DAGs
[2026-03-28T09:33:52.623+0000] {logging_mixin.py:188} INFO - [2026-03-28T09:33:52.623+0000] {dag.py:3823} INFO - Setting next_dagrun for weekly_summary_pipeline to 2026-03-23 06:00:00+00:00, run_after=2026-03-30 06:00:00+00:00
[2026-03-28T09:33:52.643+0000] {processor.py:183} INFO - Processing /opt/airflow/dags/weekly_summary_pipeline.py took 0.089 seconds
[2026-03-28T09:34:23.287+0000] {processor.py:161} INFO - Started process (PID=16963) to work on /opt/airflow/dags/weekly_summary_pipeline.py
[2026-03-28T09:34:23.288+0000] {processor.py:830} INFO - Processing file /opt/airflow/dags/weekly_summary_pipeline.py for tasks to queue
[2026-03-28T09:34:23.289+0000] {logging_mixin.py:188} INFO - [2026-03-28T09:34:23.289+0000] {dagbag.py:538} INFO - Filling up the DagBag from /opt/airflow/dags/weekly_summary_pipeline.py
[2026-03-28T09:34:23.310+0000] {processor.py:840} INFO - DAG(s) 'weekly_summary_pipeline' retrieved from /opt/airflow/dags/weekly_summary_pipeline.py
[2026-03-28T09:34:23.342+0000] {logging_mixin.py:188} INFO - [2026-03-28T09:34:23.342+0000] {dag.py:3036} INFO - Sync 1 DAGs
[2026-03-28T09:34:23.366+0000] {logging_mixin.py:188} INFO - [2026-03-28T09:34:23.366+0000] {dag.py:3823} INFO - Setting next_dagrun for weekly_summary_pipeline to 2026-03-23 06:00:00+00:00, run_after=2026-03-30 06:00:00+00:00
[2026-03-28T09:34:23.390+0000] {processor.py:183} INFO - Processing /opt/airflow/dags/weekly_summary_pipeline.py took 0.106 seconds
[2026-03-28T09:34:55.023+0000] {processor.py:161} INFO - Started process (PID=16987) to work on /opt/airflow/dags/weekly_summary_pipeline.py
[2026-03-28T09:34:55.024+0000] {processor.py:830} INFO - Processing file /opt/airflow/dags/weekly_summary_pipeline.py for tasks to queue
[2026-03-28T09:34:55.025+0000] {logging_mixin.py:188} INFO - [2026-03-28T09:34:55.025+0000] {dagbag.py:538} INFO - Filling up the DagBag from /opt/airflow/dags/weekly_summary_pipeline.py
[2026-03-28T09:34:55.045+0000] {processor.py:840} INFO - DAG(s) 'weekly_summary_pipeline' retrieved from /opt/airflow/dags/weekly_summary_pipeline.py
[2026-03-28T09:34:55.073+0000] {logging_mixin.py:188} INFO - [2026-03-28T09:34:55.073+0000] {dag.py:3036} INFO - Sync 1 DAGs
[2026-03-28T09:34:55.096+0000] {logging_mixin.py:188} INFO - [2026-03-28T09:34:55.095+0000] {dag.py:3823} INFO - Setting next_dagrun for weekly_summary_pipeline to 2026-03-23 06:00:00+00:00, run_after=2026-03-30 06:00:00+00:00
[2026-03-28T09:34:55.117+0000] {processor.py:183} INFO - Processing /opt/airflow/dags/weekly_summary_pipeline.py took 0.097 seconds
[2026-03-28T12:21:46.571+0000] {processor.py:161} INFO - Started process (PID=17010) to work on /opt/airflow/dags/weekly_summary_pipeline.py
[2026-03-28T12:21:46.581+0000] {processor.py:830} INFO - Processing file /opt/airflow/dags/weekly_summary_pipeline.py for tasks to queue
[2026-03-28T12:21:46.585+0000] {logging_mixin.py:188} INFO - [2026-03-28T12:21:46.585+0000] {dagbag.py:538} INFO - Filling up the DagBag from /opt/airflow/dags/weekly_summary_pipeline.py
[2026-03-28T12:21:46.628+0000] {processor.py:840} INFO - DAG(s) 'weekly_summary_pipeline' retrieved from /opt/airflow/dags/weekly_summary_pipeline.py
[2026-03-28T12:21:46.800+0000] {logging_mixin.py:188} INFO - [2026-03-28T12:21:46.799+0000] {dag.py:3036} INFO - Sync 1 DAGs
[2026-03-28T12:21:46.992+0000] {logging_mixin.py:188} INFO - [2026-03-28T12:21:46.992+0000] {dag.py:3823} INFO - Setting next_dagrun for weekly_summary_pipeline to 2026-03-23 06:00:00+00:00, run_after=2026-03-30 06:00:00+00:00
[2026-03-28T12:21:47.146+0000] {processor.py:183} INFO - Processing /opt/airflow/dags/weekly_summary_pipeline.py took 0.628 seconds
[2026-03-28T12:22:17.631+0000] {processor.py:161} INFO - Started process (PID=17027) to work on /opt/airflow/dags/weekly_summary_pipeline.py
[2026-03-28T12:22:17.644+0000] {processor.py:830} INFO - Processing file /opt/airflow/dags/weekly_summary_pipeline.py for tasks to queue
[2026-03-28T12:22:17.649+0000] {logging_mixin.py:188} INFO - [2026-03-28T12:22:17.647+0000] {dagbag.py:538} INFO - Filling up the DagBag from /opt/airflow/dags/weekly_summary_pipeline.py
[2026-03-28T12:22:17.694+0000] {processor.py:840} INFO - DAG(s) 'weekly_summary_pipeline' retrieved from /opt/airflow/dags/weekly_summary_pipeline.py
[2026-03-28T12:22:17.728+0000] {logging_mixin.py:188} INFO - [2026-03-28T12:22:17.728+0000] {dag.py:3036} INFO - Sync 1 DAGs
[2026-03-28T12:22:17.759+0000] {logging_mixin.py:188} INFO - [2026-03-28T12:22:17.759+0000] {dag.py:3823} INFO - Setting next_dagrun for weekly_summary_pipeline to 2026-03-23 06:00:00+00:00, run_after=2026-03-30 06:00:00+00:00
[2026-03-28T12:22:17.784+0000] {processor.py:183} INFO - Processing /opt/airflow/dags/weekly_summary_pipeline.py took 0.158 seconds
[2026-03-28T12:22:48.227+0000] {processor.py:161} INFO - Started process (PID=17050) to work on /opt/airflow/dags/weekly_summary_pipeline.py
[2026-03-28T12:22:48.229+0000] {processor.py:830} INFO - Processing file /opt/airflow/dags/weekly_summary_pipeline.py for tasks to queue
[2026-03-28T12:22:48.233+0000] {logging_mixin.py:188} INFO - [2026-03-28T12:22:48.232+0000] {dagbag.py:538} INFO - Filling up the DagBag from /opt/airflow/dags/weekly_summary_pipeline.py
[2026-03-28T12:22:48.296+0000] {processor.py:840} INFO - DAG(s) 'weekly_summary_pipeline' retrieved from /opt/airflow/dags/weekly_summary_pipeline.py
[2026-03-28T12:22:48.337+0000] {logging_mixin.py:188} INFO - [2026-03-28T12:22:48.337+0000] {dag.py:3036} INFO - Sync 1 DAGs
[2026-03-28T12:22:48.365+0000] {logging_mixin.py:188} INFO - [2026-03-28T12:22:48.365+0000] {dag.py:3823} INFO - Setting next_dagrun for weekly_summary_pipeline to 2026-03-23 06:00:00+00:00, run_after=2026-03-30 06:00:00+00:00
[2026-03-28T12:22:48.392+0000] {processor.py:183} INFO - Processing /opt/airflow/dags/weekly_summary_pipeline.py took 0.170 seconds
[2026-03-28T12:23:18.709+0000] {processor.py:161} INFO - Started process (PID=17073) to work on /opt/airflow/dags/weekly_summary_pipeline.py
[2026-03-28T12:23:18.710+0000] {processor.py:830} INFO - Processing file /opt/airflow/dags/weekly_summary_pipeline.py for tasks to queue
[2026-03-28T12:23:18.711+0000] {logging_mixin.py:188} INFO - [2026-03-28T12:23:18.711+0000] {dagbag.py:538} INFO - Filling up the DagBag from /opt/airflow/dags/weekly_summary_pipeline.py
[2026-03-28T12:23:18.734+0000] {processor.py:840} INFO - DAG(s) 'weekly_summary_pipeline' retrieved from /opt/airflow/dags/weekly_summary_pipeline.py
[2026-03-28T12:23:18.769+0000] {logging_mixin.py:188} INFO - [2026-03-28T12:23:18.769+0000] {dag.py:3036} INFO - Sync 1 DAGs
[2026-03-28T12:23:18.794+0000] {logging_mixin.py:188} INFO - [2026-03-28T12:23:18.794+0000] {dag.py:3823} INFO - Setting next_dagrun for weekly_summary_pipeline to 2026-03-23 06:00:00+00:00, run_after=2026-03-30 06:00:00+00:00
[2026-03-28T12:23:18.819+0000] {processor.py:183} INFO - Processing /opt/airflow/dags/weekly_summary_pipeline.py took 0.113 seconds
[2026-03-28T12:23:49.168+0000] {processor.py:161} INFO - Started process (PID=17097) to work on /opt/airflow/dags/weekly_summary_pipeline.py
[2026-03-28T12:23:49.169+0000] {processor.py:830} INFO - Processing file /opt/airflow/dags/weekly_summary_pipeline.py for tasks to queue
[2026-03-28T12:23:49.170+0000] {logging_mixin.py:188} INFO - [2026-03-28T12:23:49.169+0000] {dagbag.py:538} INFO - Filling up the DagBag from /opt/airflow/dags/weekly_summary_pipeline.py
[2026-03-28T12:23:49.195+0000] {processor.py:840} INFO - DAG(s) 'weekly_summary_pipeline' retrieved from /opt/airflow/dags/weekly_summary_pipeline.py
[2026-03-28T12:23:49.228+0000] {logging_mixin.py:188} INFO - [2026-03-28T12:23:49.228+0000] {dag.py:3036} INFO - Sync 1 DAGs
[2026-03-28T12:23:49.253+0000] {logging_mixin.py:188} INFO - [2026-03-28T12:23:49.253+0000] {dag.py:3823} INFO - Setting next_dagrun for weekly_summary_pipeline to 2026-03-23 06:00:00+00:00, run_after=2026-03-30 06:00:00+00:00
[2026-03-28T12:23:49.277+0000] {processor.py:183} INFO - Processing /opt/airflow/dags/weekly_summary_pipeline.py took 0.112 seconds
[2026-03-28T12:24:19.612+0000] {processor.py:161} INFO - Started process (PID=17120) to work on /opt/airflow/dags/weekly_summary_pipeline.py
[2026-03-28T12:24:19.613+0000] {processor.py:830} INFO - Processing file /opt/airflow/dags/weekly_summary_pipeline.py for tasks to queue
[2026-03-28T12:24:19.615+0000] {logging_mixin.py:188} INFO - [2026-03-28T12:24:19.614+0000] {dagbag.py:538} INFO - Filling up the DagBag from /opt/airflow/dags/weekly_summary_pipeline.py
[2026-03-28T12:24:19.638+0000] {processor.py:840} INFO - DAG(s) 'weekly_summary_pipeline' retrieved from /opt/airflow/dags/weekly_summary_pipeline.py
[2026-03-28T12:24:19.672+0000] {logging_mixin.py:188} INFO - [2026-03-28T12:24:19.672+0000] {dag.py:3036} INFO - Sync 1 DAGs
[2026-03-28T12:24:19.698+0000] {logging_mixin.py:188} INFO - [2026-03-28T12:24:19.698+0000] {dag.py:3823} INFO - Setting next_dagrun for weekly_summary_pipeline to 2026-03-23 06:00:00+00:00, run_after=2026-03-30 06:00:00+00:00
[2026-03-28T12:24:19.721+0000] {processor.py:183} INFO - Processing /opt/airflow/dags/weekly_summary_pipeline.py took 0.113 seconds
[2026-03-28T12:24:50.045+0000] {processor.py:161} INFO - Started process (PID=17143) to work on /opt/airflow/dags/weekly_summary_pipeline.py
[2026-03-28T12:24:50.047+0000] {processor.py:830} INFO - Processing file /opt/airflow/dags/weekly_summary_pipeline.py for tasks to queue
[2026-03-28T12:24:50.047+0000] {logging_mixin.py:188} INFO - [2026-03-28T12:24:50.047+0000] {dagbag.py:538} INFO - Filling up the DagBag from /opt/airflow/dags/weekly_summary_pipeline.py
[2026-03-28T12:24:50.066+0000] {processor.py:840} INFO - DAG(s) 'weekly_summary_pipeline' retrieved from /opt/airflow/dags/weekly_summary_pipeline.py
[2026-03-28T12:24:50.094+0000] {logging_mixin.py:188} INFO - [2026-03-28T12:24:50.094+0000] {dag.py:3036} INFO - Sync 1 DAGs
[2026-03-28T12:24:50.126+0000] {logging_mixin.py:188} INFO - [2026-03-28T12:24:50.125+0000] {dag.py:3823} INFO - Setting next_dagrun for weekly_summary_pipeline to 2026-03-23 06:00:00+00:00, run_after=2026-03-30 06:00:00+00:00
[2026-03-28T12:24:50.150+0000] {processor.py:183} INFO - Processing /opt/airflow/dags/weekly_summary_pipeline.py took 0.108 seconds
[2026-03-28T12:25:20.482+0000] {processor.py:161} INFO - Started process (PID=17166) to work on /opt/airflow/dags/weekly_summary_pipeline.py
[2026-03-28T12:25:20.484+0000] {processor.py:830} INFO - Processing file /opt/airflow/dags/weekly_summary_pipeline.py for tasks to queue
[2026-03-28T12:25:20.485+0000] {logging_mixin.py:188} INFO - [2026-03-28T12:25:20.484+0000] {dagbag.py:538} INFO - Filling up the DagBag from /opt/airflow/dags/weekly_summary_pipeline.py
[2026-03-28T12:25:20.519+0000] {processor.py:840} INFO - DAG(s) 'weekly_summary_pipeline' retrieved from /opt/airflow/dags/weekly_summary_pipeline.py
[2026-03-28T12:25:20.577+0000] {logging_mixin.py:188} INFO - [2026-03-28T12:25:20.576+0000] {dag.py:3036} INFO - Sync 1 DAGs
[2026-03-28T12:25:20.612+0000] {logging_mixin.py:188} INFO - [2026-03-28T12:25:20.611+0000] {dag.py:3823} INFO - Setting next_dagrun for weekly_summary_pipeline to 2026-03-23 06:00:00+00:00, run_after=2026-03-30 06:00:00+00:00
[2026-03-28T12:25:20.642+0000] {processor.py:183} INFO - Processing /opt/airflow/dags/weekly_summary_pipeline.py took 0.164 seconds
[2026-03-28T12:25:51.016+0000] {processor.py:161} INFO - Started process (PID=17189) to work on /opt/airflow/dags/weekly_summary_pipeline.py
[2026-03-28T12:25:51.017+0000] {processor.py:830} INFO - Processing file /opt/airflow/dags/weekly_summary_pipeline.py for tasks to queue
[2026-03-28T12:25:51.018+0000] {logging_mixin.py:188} INFO - [2026-03-28T12:25:51.018+0000] {dagbag.py:538} INFO - Filling up the DagBag from /opt/airflow/dags/weekly_summary_pipeline.py
[2026-03-28T12:25:51.038+0000] {processor.py:840} INFO - DAG(s) 'weekly_summary_pipeline' retrieved from /opt/airflow/dags/weekly_summary_pipeline.py
[2026-03-28T12:25:51.069+0000] {logging_mixin.py:188} INFO - [2026-03-28T12:25:51.069+0000] {dag.py:3036} INFO - Sync 1 DAGs
[2026-03-28T12:25:51.094+0000] {logging_mixin.py:188} INFO - [2026-03-28T12:25:51.094+0000] {dag.py:3823} INFO - Setting next_dagrun for weekly_summary_pipeline to 2026-03-23 06:00:00+00:00, run_after=2026-03-30 06:00:00+00:00
[2026-03-28T12:25:51.117+0000] {processor.py:183} INFO - Processing /opt/airflow/dags/weekly_summary_pipeline.py took 0.104 seconds
[2026-03-28T12:26:21.464+0000] {processor.py:161} INFO - Started process (PID=17212) to work on /opt/airflow/dags/weekly_summary_pipeline.py
[2026-03-28T12:26:21.465+0000] {processor.py:830} INFO - Processing file /opt/airflow/dags/weekly_summary_pipeline.py for tasks to queue
[2026-03-28T12:26:21.466+0000] {logging_mixin.py:188} INFO - [2026-03-28T12:26:21.466+0000] {dagbag.py:538} INFO - Filling up the DagBag from /opt/airflow/dags/weekly_summary_pipeline.py
[2026-03-28T12:26:21.488+0000] {processor.py:840} INFO - DAG(s) 'weekly_summary_pipeline' retrieved from /opt/airflow/dags/weekly_summary_pipeline.py
[2026-03-28T12:26:21.514+0000] {logging_mixin.py:188} INFO - [2026-03-28T12:26:21.514+0000] {dag.py:3036} INFO - Sync 1 DAGs
[2026-03-28T12:26:21.537+0000] {logging_mixin.py:188} INFO - [2026-03-28T12:26:21.536+0000] {dag.py:3823} INFO - Setting next_dagrun for weekly_summary_pipeline to 2026-03-23 06:00:00+00:00, run_after=2026-03-30 06:00:00+00:00
[2026-03-28T12:26:21.557+0000] {processor.py:183} INFO - Processing /opt/airflow/dags/weekly_summary_pipeline.py took 0.096 seconds
[2026-03-28T12:26:51.986+0000] {processor.py:161} INFO - Started process (PID=17235) to work on /opt/airflow/dags/weekly_summary_pipeline.py
[2026-03-28T12:26:51.988+0000] {processor.py:830} INFO - Processing file /opt/airflow/dags/weekly_summary_pipeline.py for tasks to queue
[2026-03-28T12:26:51.989+0000] {logging_mixin.py:188} INFO - [2026-03-28T12:26:51.988+0000] {dagbag.py:538} INFO - Filling up the DagBag from /opt/airflow/dags/weekly_summary_pipeline.py
[2026-03-28T12:26:52.026+0000] {processor.py:840} INFO - DAG(s) 'weekly_summary_pipeline' retrieved from /opt/airflow/dags/weekly_summary_pipeline.py
[2026-03-28T12:26:52.059+0000] {logging_mixin.py:188} INFO - [2026-03-28T12:26:52.059+0000] {dag.py:3036} INFO - Sync 1 DAGs
[2026-03-28T12:26:52.086+0000] {logging_mixin.py:188} INFO - [2026-03-28T12:26:52.085+0000] {dag.py:3823} INFO - Setting next_dagrun for weekly_summary_pipeline to 2026-03-23 06:00:00+00:00, run_after=2026-03-30 06:00:00+00:00
[2026-03-28T12:26:52.112+0000] {processor.py:183} INFO - Processing /opt/airflow/dags/weekly_summary_pipeline.py took 0.129 seconds
[2026-03-28T12:27:22.494+0000] {processor.py:161} INFO - Started process (PID=17258) to work on /opt/airflow/dags/weekly_summary_pipeline.py
[2026-03-28T12:27:22.496+0000] {processor.py:830} INFO - Processing file /opt/airflow/dags/weekly_summary_pipeline.py for tasks to queue
[2026-03-28T12:27:22.497+0000] {logging_mixin.py:188} INFO - [2026-03-28T12:27:22.496+0000] {dagbag.py:538} INFO - Filling up the DagBag from /opt/airflow/dags/weekly_summary_pipeline.py
[2026-03-28T12:27:22.526+0000] {processor.py:840} INFO - DAG(s) 'weekly_summary_pipeline' retrieved from /opt/airflow/dags/weekly_summary_pipeline.py
[2026-03-28T12:27:22.558+0000] {logging_mixin.py:188} INFO - [2026-03-28T12:27:22.558+0000] {dag.py:3036} INFO - Sync 1 DAGs
[2026-03-28T12:27:22.598+0000] {logging_mixin.py:188} INFO - [2026-03-28T12:27:22.597+0000] {dag.py:3823} INFO - Setting next_dagrun for weekly_summary_pipeline to 2026-03-23 06:00:00+00:00, run_after=2026-03-30 06:00:00+00:00
[2026-03-28T12:27:22.641+0000] {processor.py:183} INFO - Processing /opt/airflow/dags/weekly_summary_pipeline.py took 0.152 seconds
[2026-03-28T12:27:53.000+0000] {processor.py:161} INFO - Started process (PID=17281) to work on /opt/airflow/dags/weekly_summary_pipeline.py
[2026-03-28T12:27:53.002+0000] {processor.py:830} INFO - Processing file /opt/airflow/dags/weekly_summary_pipeline.py for tasks to queue
[2026-03-28T12:27:53.004+0000] {logging_mixin.py:188} INFO - [2026-03-28T12:27:53.003+0000] {dagbag.py:538} INFO - Filling up the DagBag from /opt/airflow/dags/weekly_summary_pipeline.py
[2026-03-28T12:27:53.027+0000] {processor.py:840} INFO - DAG(s) 'weekly_summary_pipeline' retrieved from /opt/airflow/dags/weekly_summary_pipeline.py
[2026-03-28T12:27:53.054+0000] {logging_mixin.py:188} INFO - [2026-03-28T12:27:53.054+0000] {dag.py:3036} INFO - Sync 1 DAGs
[2026-03-28T12:27:53.077+0000] {logging_mixin.py:188} INFO - [2026-03-28T12:27:53.077+0000] {dag.py:3823} INFO - Setting next_dagrun for weekly_summary_pipeline to 2026-03-23 06:00:00+00:00, run_after=2026-03-30 06:00:00+00:00
[2026-03-28T12:27:53.099+0000] {processor.py:183} INFO - Processing /opt/airflow/dags/weekly_summary_pipeline.py took 0.102 seconds
[2026-03-28T12:28:23.474+0000] {processor.py:161} INFO - Started process (PID=17304) to work on /opt/airflow/dags/weekly_summary_pipeline.py
[2026-03-28T12:28:23.475+0000] {processor.py:830} INFO - Processing file /opt/airflow/dags/weekly_summary_pipeline.py for tasks to queue
[2026-03-28T12:28:23.476+0000] {logging_mixin.py:188} INFO - [2026-03-28T12:28:23.476+0000] {dagbag.py:538} INFO - Filling up the DagBag from /opt/airflow/dags/weekly_summary_pipeline.py
[2026-03-28T12:28:23.510+0000] {processor.py:840} INFO - DAG(s) 'weekly_summary_pipeline' retrieved from /opt/airflow/dags/weekly_summary_pipeline.py
[2026-03-28T12:28:23.548+0000] {logging_mixin.py:188} INFO - [2026-03-28T12:28:23.547+0000] {dag.py:3036} INFO - Sync 1 DAGs
[2026-03-28T12:28:23.583+0000] {logging_mixin.py:188} INFO - [2026-03-28T12:28:23.583+0000] {dag.py:3823} INFO - Setting next_dagrun for weekly_summary_pipeline to 2026-03-23 06:00:00+00:00, run_after=2026-03-30 06:00:00+00:00
[2026-03-28T12:28:23.617+0000] {processor.py:183} INFO - Processing /opt/airflow/dags/weekly_summary_pipeline.py took 0.147 seconds
[2026-03-28T12:28:54.092+0000] {processor.py:161} INFO - Started process (PID=17327) to work on /opt/airflow/dags/weekly_summary_pipeline.py
[2026-03-28T12:28:54.093+0000] {processor.py:830} INFO - Processing file /opt/airflow/dags/weekly_summary_pipeline.py for tasks to queue
[2026-03-28T12:28:54.094+0000] {logging_mixin.py:188} INFO - [2026-03-28T12:28:54.094+0000] {dagbag.py:538} INFO - Filling up the DagBag from /opt/airflow/dags/weekly_summary_pipeline.py
[2026-03-28T12:28:54.124+0000] {processor.py:840} INFO - DAG(s) 'weekly_summary_pipeline' retrieved from /opt/airflow/dags/weekly_summary_pipeline.py
[2026-03-28T12:28:54.158+0000] {logging_mixin.py:188} INFO - [2026-03-28T12:28:54.158+0000] {dag.py:3036} INFO - Sync 1 DAGs
[2026-03-28T12:28:54.186+0000] {logging_mixin.py:188} INFO - [2026-03-28T12:28:54.186+0000] {dag.py:3823} INFO - Setting next_dagrun for weekly_summary_pipeline to 2026-03-23 06:00:00+00:00, run_after=2026-03-30 06:00:00+00:00
[2026-03-28T12:28:54.212+0000] {processor.py:183} INFO - Processing /opt/airflow/dags/weekly_summary_pipeline.py took 0.124 seconds
[2026-03-28T12:29:24.561+0000] {processor.py:161} INFO - Started process (PID=17342) to work on /opt/airflow/dags/weekly_summary_pipeline.py
[2026-03-28T12:29:24.562+0000] {processor.py:830} INFO - Processing file /opt/airflow/dags/weekly_summary_pipeline.py for tasks to queue
[2026-03-28T12:29:24.563+0000] {logging_mixin.py:188} INFO - [2026-03-28T12:29:24.563+0000] {dagbag.py:538} INFO - Filling up the DagBag from /opt/airflow/dags/weekly_summary_pipeline.py
[2026-03-28T12:29:24.594+0000] {processor.py:840} INFO - DAG(s) 'weekly_summary_pipeline' retrieved from /opt/airflow/dags/weekly_summary_pipeline.py
[2026-03-28T12:29:24.633+0000] {logging_mixin.py:188} INFO - [2026-03-28T12:29:24.632+0000] {dag.py:3036} INFO - Sync 1 DAGs
[2026-03-28T12:29:24.667+0000] {logging_mixin.py:188} INFO - [2026-03-28T12:29:24.667+0000] {dag.py:3823} INFO - Setting next_dagrun for weekly_summary_pipeline to 2026-03-23 06:00:00+00:00, run_after=2026-03-30 06:00:00+00:00
[2026-03-28T12:29:24.705+0000] {processor.py:183} INFO - Processing /opt/airflow/dags/weekly_summary_pipeline.py took 0.148 seconds
[2026-03-28T12:29:55.055+0000] {processor.py:161} INFO - Started process (PID=17364) to work on /opt/airflow/dags/weekly_summary_pipeline.py
[2026-03-28T12:29:55.057+0000] {processor.py:830} INFO - Processing file /opt/airflow/dags/weekly_summary_pipeline.py for tasks to queue
[2026-03-28T12:29:55.058+0000] {logging_mixin.py:188} INFO - [2026-03-28T12:29:55.058+0000] {dagbag.py:538} INFO - Filling up the DagBag from /opt/airflow/dags/weekly_summary_pipeline.py
[2026-03-28T12:29:55.086+0000] {processor.py:840} INFO - DAG(s) 'weekly_summary_pipeline' retrieved from /opt/airflow/dags/weekly_summary_pipeline.py
[2026-03-28T12:29:55.125+0000] {logging_mixin.py:188} INFO - [2026-03-28T12:29:55.125+0000] {dag.py:3036} INFO - Sync 1 DAGs
[2026-03-28T12:29:55.154+0000] {logging_mixin.py:188} INFO - [2026-03-28T12:29:55.153+0000] {dag.py:3823} INFO - Setting next_dagrun for weekly_summary_pipeline to 2026-03-23 06:00:00+00:00, run_after=2026-03-30 06:00:00+00:00
[2026-03-28T12:29:55.181+0000] {processor.py:183} INFO - Processing /opt/airflow/dags/weekly_summary_pipeline.py took 0.132 seconds
[2026-03-28T12:30:25.535+0000] {processor.py:161} INFO - Started process (PID=17387) to work on /opt/airflow/dags/weekly_summary_pipeline.py
[2026-03-28T12:30:25.536+0000] {processor.py:830} INFO - Processing file /opt/airflow/dags/weekly_summary_pipeline.py for tasks to queue
[2026-03-28T12:30:25.537+0000] {logging_mixin.py:188} INFO - [2026-03-28T12:30:25.537+0000] {dagbag.py:538} INFO - Filling up the DagBag from /opt/airflow/dags/weekly_summary_pipeline.py
[2026-03-28T12:30:25.560+0000] {processor.py:840} INFO - DAG(s) 'weekly_summary_pipeline' retrieved from /opt/airflow/dags/weekly_summary_pipeline.py
[2026-03-28T12:30:25.589+0000] {logging_mixin.py:188} INFO - [2026-03-28T12:30:25.589+0000] {dag.py:3036} INFO - Sync 1 DAGs
[2026-03-28T12:30:25.614+0000] {logging_mixin.py:188} INFO - [2026-03-28T12:30:25.614+0000] {dag.py:3823} INFO - Setting next_dagrun for weekly_summary_pipeline to 2026-03-23 06:00:00+00:00, run_after=2026-03-30 06:00:00+00:00
[2026-03-28T12:30:25.641+0000] {processor.py:183} INFO - Processing /opt/airflow/dags/weekly_summary_pipeline.py took 0.109 seconds
[2026-03-28T12:30:55.966+0000] {processor.py:161} INFO - Started process (PID=17410) to work on /opt/airflow/dags/weekly_summary_pipeline.py
[2026-03-28T12:30:55.967+0000] {processor.py:830} INFO - Processing file /opt/airflow/dags/weekly_summary_pipeline.py for tasks to queue
[2026-03-28T12:30:55.968+0000] {logging_mixin.py:188} INFO - [2026-03-28T12:30:55.968+0000] {dagbag.py:538} INFO - Filling up the DagBag from /opt/airflow/dags/weekly_summary_pipeline.py
[2026-03-28T12:30:55.990+0000] {processor.py:840} INFO - DAG(s) 'weekly_summary_pipeline' retrieved from /opt/airflow/dags/weekly_summary_pipeline.py
[2026-03-28T12:30:56.020+0000] {logging_mixin.py:188} INFO - [2026-03-28T12:30:56.020+0000] {dag.py:3036} INFO - Sync 1 DAGs
[2026-03-28T12:30:56.044+0000] {logging_mixin.py:188} INFO - [2026-03-28T12:30:56.043+0000] {dag.py:3823} INFO - Setting next_dagrun for weekly_summary_pipeline to 2026-03-23 06:00:00+00:00, run_after=2026-03-30 06:00:00+00:00
[2026-03-28T12:30:56.198+0000] {processor.py:183} INFO - Processing /opt/airflow/dags/weekly_summary_pipeline.py took 0.235 seconds
[2026-03-28T12:31:26.352+0000] {processor.py:161} INFO - Started process (PID=17433) to work on /opt/airflow/dags/weekly_summary_pipeline.py
[2026-03-28T12:31:26.354+0000] {processor.py:830} INFO - Processing file /opt/airflow/dags/weekly_summary_pipeline.py for tasks to queue
[2026-03-28T12:31:26.354+0000] {logging_mixin.py:188} INFO - [2026-03-28T12:31:26.354+0000] {dagbag.py:538} INFO - Filling up the DagBag from /opt/airflow/dags/weekly_summary_pipeline.py
[2026-03-28T12:31:26.377+0000] {processor.py:840} INFO - DAG(s) 'weekly_summary_pipeline' retrieved from /opt/airflow/dags/weekly_summary_pipeline.py
[2026-03-28T12:31:26.410+0000] {logging_mixin.py:188} INFO - [2026-03-28T12:31:26.410+0000] {dag.py:3036} INFO - Sync 1 DAGs
[2026-03-28T12:31:26.438+0000] {logging_mixin.py:188} INFO - [2026-03-28T12:31:26.438+0000] {dag.py:3823} INFO - Setting next_dagrun for weekly_summary_pipeline to 2026-03-23 06:00:00+00:00, run_after=2026-03-30 06:00:00+00:00
[2026-03-28T12:31:26.465+0000] {processor.py:183} INFO - Processing /opt/airflow/dags/weekly_summary_pipeline.py took 0.116 seconds
[2026-03-28T12:31:56.819+0000] {processor.py:161} INFO - Started process (PID=17456) to work on /opt/airflow/dags/weekly_summary_pipeline.py
[2026-03-28T12:31:56.820+0000] {processor.py:830} INFO - Processing file /opt/airflow/dags/weekly_summary_pipeline.py for tasks to queue
[2026-03-28T12:31:56.821+0000] {logging_mixin.py:188} INFO - [2026-03-28T12:31:56.820+0000] {dagbag.py:538} INFO - Filling up the DagBag from /opt/airflow/dags/weekly_summary_pipeline.py
[2026-03-28T12:31:56.844+0000] {processor.py:840} INFO - DAG(s) 'weekly_summary_pipeline' retrieved from /opt/airflow/dags/weekly_summary_pipeline.py
[2026-03-28T12:31:56.876+0000] {logging_mixin.py:188} INFO - [2026-03-28T12:31:56.876+0000] {dag.py:3036} INFO - Sync 1 DAGs
[2026-03-28T12:31:56.901+0000] {logging_mixin.py:188} INFO - [2026-03-28T12:31:56.900+0000] {dag.py:3823} INFO - Setting next_dagrun for weekly_summary_pipeline to 2026-03-23 06:00:00+00:00, run_after=2026-03-30 06:00:00+00:00
[2026-03-28T12:31:56.924+0000] {processor.py:183} INFO - Processing /opt/airflow/dags/weekly_summary_pipeline.py took 0.108 seconds
[2026-03-28T12:32:27.270+0000] {processor.py:161} INFO - Started process (PID=17479) to work on /opt/airflow/dags/weekly_summary_pipeline.py
[2026-03-28T12:32:27.271+0000] {processor.py:830} INFO - Processing file /opt/airflow/dags/weekly_summary_pipeline.py for tasks to queue
[2026-03-28T12:32:27.272+0000] {logging_mixin.py:188} INFO - [2026-03-28T12:32:27.272+0000] {dagbag.py:538} INFO - Filling up the DagBag from /opt/airflow/dags/weekly_summary_pipeline.py
[2026-03-28T12:32:27.296+0000] {processor.py:840} INFO - DAG(s) 'weekly_summary_pipeline' retrieved from /opt/airflow/dags/weekly_summary_pipeline.py
[2026-03-28T12:32:27.327+0000] {logging_mixin.py:188} INFO - [2026-03-28T12:32:27.327+0000] {dag.py:3036} INFO - Sync 1 DAGs
[2026-03-28T12:32:27.352+0000] {logging_mixin.py:188} INFO - [2026-03-28T12:32:27.352+0000] {dag.py:3823} INFO - Setting next_dagrun for weekly_summary_pipeline to 2026-03-23 06:00:00+00:00, run_after=2026-03-30 06:00:00+00:00
[2026-03-28T12:32:27.374+0000] {processor.py:183} INFO - Processing /opt/airflow/dags/weekly_summary_pipeline.py took 0.108 seconds
[2026-03-28T12:32:57.747+0000] {processor.py:161} INFO - Started process (PID=17503) to work on /opt/airflow/dags/weekly_summary_pipeline.py
[2026-03-28T12:32:57.748+0000] {processor.py:830} INFO - Processing file /opt/airflow/dags/weekly_summary_pipeline.py for tasks to queue
[2026-03-28T12:32:57.750+0000] {logging_mixin.py:188} INFO - [2026-03-28T12:32:57.749+0000] {dagbag.py:538} INFO - Filling up the DagBag from /opt/airflow/dags/weekly_summary_pipeline.py
[2026-03-28T12:32:57.776+0000] {processor.py:840} INFO - DAG(s) 'weekly_summary_pipeline' retrieved from /opt/airflow/dags/weekly_summary_pipeline.py
[2026-03-28T12:32:57.814+0000] {logging_mixin.py:188} INFO - [2026-03-28T12:32:57.814+0000] {dag.py:3036} INFO - Sync 1 DAGs
[2026-03-28T12:32:57.846+0000] {logging_mixin.py:188} INFO - [2026-03-28T12:32:57.846+0000] {dag.py:3823} INFO - Setting next_dagrun for weekly_summary_pipeline to 2026-03-23 06:00:00+00:00, run_after=2026-03-30 06:00:00+00:00
[2026-03-28T12:32:57.871+0000] {processor.py:183} INFO - Processing /opt/airflow/dags/weekly_summary_pipeline.py took 0.126 seconds
[2026-03-28T12:33:28.184+0000] {processor.py:161} INFO - Started process (PID=17526) to work on /opt/airflow/dags/weekly_summary_pipeline.py
[2026-03-28T12:33:28.186+0000] {processor.py:830} INFO - Processing file /opt/airflow/dags/weekly_summary_pipeline.py for tasks to queue
[2026-03-28T12:33:28.187+0000] {logging_mixin.py:188} INFO - [2026-03-28T12:33:28.187+0000] {dagbag.py:538} INFO - Filling up the DagBag from /opt/airflow/dags/weekly_summary_pipeline.py
[2026-03-28T12:33:28.210+0000] {processor.py:840} INFO - DAG(s) 'weekly_summary_pipeline' retrieved from /opt/airflow/dags/weekly_summary_pipeline.py
[2026-03-28T12:33:28.246+0000] {logging_mixin.py:188} INFO - [2026-03-28T12:33:28.245+0000] {dag.py:3036} INFO - Sync 1 DAGs
[2026-03-28T12:33:28.281+0000] {logging_mixin.py:188} INFO - [2026-03-28T12:33:28.281+0000] {dag.py:3823} INFO - Setting next_dagrun for weekly_summary_pipeline to 2026-03-23 06:00:00+00:00, run_after=2026-03-30 06:00:00+00:00
[2026-03-28T12:33:28.307+0000] {processor.py:183} INFO - Processing /opt/airflow/dags/weekly_summary_pipeline.py took 0.127 seconds
[2026-03-28T12:33:58.638+0000] {processor.py:161} INFO - Started process (PID=17549) to work on /opt/airflow/dags/weekly_summary_pipeline.py
[2026-03-28T12:33:58.639+0000] {processor.py:830} INFO - Processing file /opt/airflow/dags/weekly_summary_pipeline.py for tasks to queue
[2026-03-28T12:33:58.641+0000] {logging_mixin.py:188} INFO - [2026-03-28T12:33:58.640+0000] {dagbag.py:538} INFO - Filling up the DagBag from /opt/airflow/dags/weekly_summary_pipeline.py
[2026-03-28T12:33:58.674+0000] {processor.py:840} INFO - DAG(s) 'weekly_summary_pipeline' retrieved from /opt/airflow/dags/weekly_summary_pipeline.py
[2026-03-28T12:33:58.718+0000] {logging_mixin.py:188} INFO - [2026-03-28T12:33:58.718+0000] {dag.py:3036} INFO - Sync 1 DAGs
[2026-03-28T12:33:58.758+0000] {logging_mixin.py:188} INFO - [2026-03-28T12:33:58.757+0000] {dag.py:3823} INFO - Setting next_dagrun for weekly_summary_pipeline to 2026-03-23 06:00:00+00:00, run_after=2026-03-30 06:00:00+00:00
[2026-03-28T12:33:58.788+0000] {processor.py:183} INFO - Processing /opt/airflow/dags/weekly_summary_pipeline.py took 0.154 seconds
[2026-03-28T12:34:29.156+0000] {processor.py:161} INFO - Started process (PID=17572) to work on /opt/airflow/dags/weekly_summary_pipeline.py
[2026-03-28T12:34:29.157+0000] {processor.py:830} INFO - Processing file /opt/airflow/dags/weekly_summary_pipeline.py for tasks to queue
[2026-03-28T12:34:29.159+0000] {logging_mixin.py:188} INFO - [2026-03-28T12:34:29.158+0000] {dagbag.py:538} INFO - Filling up the DagBag from /opt/airflow/dags/weekly_summary_pipeline.py
[2026-03-28T12:34:29.192+0000] {processor.py:840} INFO - DAG(s) 'weekly_summary_pipeline' retrieved from /opt/airflow/dags/weekly_summary_pipeline.py
[2026-03-28T12:34:29.230+0000] {logging_mixin.py:188} INFO - [2026-03-28T12:34:29.230+0000] {dag.py:3036} INFO - Sync 1 DAGs
[2026-03-28T12:34:29.268+0000] {logging_mixin.py:188} INFO - [2026-03-28T12:34:29.267+0000] {dag.py:3823} INFO - Setting next_dagrun for weekly_summary_pipeline to 2026-03-23 06:00:00+00:00, run_after=2026-03-30 06:00:00+00:00
[2026-03-28T12:34:29.295+0000] {processor.py:183} INFO - Processing /opt/airflow/dags/weekly_summary_pipeline.py took 0.143 seconds
[2026-03-28T12:34:59.437+0000] {processor.py:161} INFO - Started process (PID=17595) to work on /opt/airflow/dags/weekly_summary_pipeline.py
[2026-03-28T12:34:59.438+0000] {processor.py:830} INFO - Processing file /opt/airflow/dags/weekly_summary_pipeline.py for tasks to queue
[2026-03-28T12:34:59.440+0000] {logging_mixin.py:188} INFO - [2026-03-28T12:34:59.439+0000] {dagbag.py:538} INFO - Filling up the DagBag from /opt/airflow/dags/weekly_summary_pipeline.py
[2026-03-28T12:34:59.466+0000] {processor.py:840} INFO - DAG(s) 'weekly_summary_pipeline' retrieved from /opt/airflow/dags/weekly_summary_pipeline.py
[2026-03-28T12:34:59.497+0000] {logging_mixin.py:188} INFO - [2026-03-28T12:34:59.496+0000] {dag.py:3036} INFO - Sync 1 DAGs
[2026-03-28T12:34:59.523+0000] {logging_mixin.py:188} INFO - [2026-03-28T12:34:59.523+0000] {dag.py:3823} INFO - Setting next_dagrun for weekly_summary_pipeline to 2026-03-23 06:00:00+00:00, run_after=2026-03-30 06:00:00+00:00
[2026-03-28T12:34:59.546+0000] {processor.py:183} INFO - Processing /opt/airflow/dags/weekly_summary_pipeline.py took 0.113 seconds
[2026-03-28T12:35:29.914+0000] {processor.py:161} INFO - Started process (PID=17618) to work on /opt/airflow/dags/weekly_summary_pipeline.py
[2026-03-28T12:35:29.915+0000] {processor.py:830} INFO - Processing file /opt/airflow/dags/weekly_summary_pipeline.py for tasks to queue
[2026-03-28T12:35:29.916+0000] {logging_mixin.py:188} INFO - [2026-03-28T12:35:29.916+0000] {dagbag.py:538} INFO - Filling up the DagBag from /opt/airflow/dags/weekly_summary_pipeline.py
[2026-03-28T12:35:29.937+0000] {processor.py:840} INFO - DAG(s) 'weekly_summary_pipeline' retrieved from /opt/airflow/dags/weekly_summary_pipeline.py
[2026-03-28T12:35:29.973+0000] {logging_mixin.py:188} INFO - [2026-03-28T12:35:29.973+0000] {dag.py:3036} INFO - Sync 1 DAGs
[2026-03-28T12:35:30.000+0000] {logging_mixin.py:188} INFO - [2026-03-28T12:35:30.000+0000] {dag.py:3823} INFO - Setting next_dagrun for weekly_summary_pipeline to 2026-03-23 06:00:00+00:00, run_after=2026-03-30 06:00:00+00:00
[2026-03-28T12:35:30.031+0000] {processor.py:183} INFO - Processing /opt/airflow/dags/weekly_summary_pipeline.py took 0.121 seconds
[2026-03-28T12:36:00.389+0000] {processor.py:161} INFO - Started process (PID=17641) to work on /opt/airflow/dags/weekly_summary_pipeline.py
[2026-03-28T12:36:00.390+0000] {processor.py:830} INFO - Processing file /opt/airflow/dags/weekly_summary_pipeline.py for tasks to queue
[2026-03-28T12:36:00.391+0000] {logging_mixin.py:188} INFO - [2026-03-28T12:36:00.391+0000] {dagbag.py:538} INFO - Filling up the DagBag from /opt/airflow/dags/weekly_summary_pipeline.py
[2026-03-28T12:36:00.415+0000] {processor.py:840} INFO - DAG(s) 'weekly_summary_pipeline' retrieved from /opt/airflow/dags/weekly_summary_pipeline.py
[2026-03-28T12:36:00.451+0000] {logging_mixin.py:188} INFO - [2026-03-28T12:36:00.450+0000] {dag.py:3036} INFO - Sync 1 DAGs
[2026-03-28T12:36:00.483+0000] {logging_mixin.py:188} INFO - [2026-03-28T12:36:00.483+0000] {dag.py:3823} INFO - Setting next_dagrun for weekly_summary_pipeline to 2026-03-23 06:00:00+00:00, run_after=2026-03-30 06:00:00+00:00
[2026-03-28T12:36:00.508+0000] {processor.py:183} INFO - Processing /opt/airflow/dags/weekly_summary_pipeline.py took 0.123 seconds
[2026-03-28T12:36:30.847+0000] {processor.py:161} INFO - Started process (PID=17664) to work on /opt/airflow/dags/weekly_summary_pipeline.py
[2026-03-28T12:36:30.849+0000] {processor.py:830} INFO - Processing file /opt/airflow/dags/weekly_summary_pipeline.py for tasks to queue
[2026-03-28T12:36:30.850+0000] {logging_mixin.py:188} INFO - [2026-03-28T12:36:30.850+0000] {dagbag.py:538} INFO - Filling up the DagBag from /opt/airflow/dags/weekly_summary_pipeline.py
[2026-03-28T12:36:30.872+0000] {processor.py:840} INFO - DAG(s) 'weekly_summary_pipeline' retrieved from /opt/airflow/dags/weekly_summary_pipeline.py
[2026-03-28T12:36:30.901+0000] {logging_mixin.py:188} INFO - [2026-03-28T12:36:30.901+0000] {dag.py:3036} INFO - Sync 1 DAGs
[2026-03-28T12:36:30.927+0000] {logging_mixin.py:188} INFO - [2026-03-28T12:36:30.926+0000] {dag.py:3823} INFO - Setting next_dagrun for weekly_summary_pipeline to 2026-03-23 06:00:00+00:00, run_after=2026-03-30 06:00:00+00:00
[2026-03-28T12:36:30.949+0000] {processor.py:183} INFO - Processing /opt/airflow/dags/weekly_summary_pipeline.py took 0.105 seconds
[2026-03-28T12:37:01.347+0000] {processor.py:161} INFO - Started process (PID=17687) to work on /opt/airflow/dags/weekly_summary_pipeline.py
[2026-03-28T12:37:01.349+0000] {processor.py:830} INFO - Processing file /opt/airflow/dags/weekly_summary_pipeline.py for tasks to queue
[2026-03-28T12:37:01.351+0000] {logging_mixin.py:188} INFO - [2026-03-28T12:37:01.350+0000] {dagbag.py:538} INFO - Filling up the DagBag from /opt/airflow/dags/weekly_summary_pipeline.py
[2026-03-28T12:37:01.385+0000] {processor.py:840} INFO - DAG(s) 'weekly_summary_pipeline' retrieved from /opt/airflow/dags/weekly_summary_pipeline.py
[2026-03-28T12:37:01.430+0000] {logging_mixin.py:188} INFO - [2026-03-28T12:37:01.429+0000] {dag.py:3036} INFO - Sync 1 DAGs
[2026-03-28T12:37:01.465+0000] {logging_mixin.py:188} INFO - [2026-03-28T12:37:01.464+0000] {dag.py:3823} INFO - Setting next_dagrun for weekly_summary_pipeline to 2026-03-23 06:00:00+00:00, run_after=2026-03-30 06:00:00+00:00
[2026-03-28T12:37:01.501+0000] {processor.py:183} INFO - Processing /opt/airflow/dags/weekly_summary_pipeline.py took 0.160 seconds
[2026-03-28T12:37:31.841+0000] {processor.py:161} INFO - Started process (PID=17702) to work on /opt/airflow/dags/weekly_summary_pipeline.py
[2026-03-28T12:37:31.843+0000] {processor.py:830} INFO - Processing file /opt/airflow/dags/weekly_summary_pipeline.py for tasks to queue
[2026-03-28T12:37:31.844+0000] {logging_mixin.py:188} INFO - [2026-03-28T12:37:31.844+0000] {dagbag.py:538} INFO - Filling up the DagBag from /opt/airflow/dags/weekly_summary_pipeline.py
[2026-03-28T12:37:31.866+0000] {processor.py:840} INFO - DAG(s) 'weekly_summary_pipeline' retrieved from /opt/airflow/dags/weekly_summary_pipeline.py
[2026-03-28T12:37:31.896+0000] {logging_mixin.py:188} INFO - [2026-03-28T12:37:31.895+0000] {dag.py:3036} INFO - Sync 1 DAGs
[2026-03-28T12:37:31.921+0000] {logging_mixin.py:188} INFO - [2026-03-28T12:37:31.921+0000] {dag.py:3823} INFO - Setting next_dagrun for weekly_summary_pipeline to 2026-03-23 06:00:00+00:00, run_after=2026-03-30 06:00:00+00:00
[2026-03-28T12:37:31.952+0000] {processor.py:183} INFO - Processing /opt/airflow/dags/weekly_summary_pipeline.py took 0.114 seconds
[2026-03-28T12:38:02.307+0000] {processor.py:161} INFO - Started process (PID=17725) to work on /opt/airflow/dags/weekly_summary_pipeline.py
[2026-03-28T12:38:02.310+0000] {processor.py:830} INFO - Processing file /opt/airflow/dags/weekly_summary_pipeline.py for tasks to queue
[2026-03-28T12:38:02.312+0000] {logging_mixin.py:188} INFO - [2026-03-28T12:38:02.311+0000] {dagbag.py:538} INFO - Filling up the DagBag from /opt/airflow/dags/weekly_summary_pipeline.py
[2026-03-28T12:38:02.352+0000] {processor.py:840} INFO - DAG(s) 'weekly_summary_pipeline' retrieved from /opt/airflow/dags/weekly_summary_pipeline.py
[2026-03-28T12:38:02.404+0000] {logging_mixin.py:188} INFO - [2026-03-28T12:38:02.403+0000] {dag.py:3036} INFO - Sync 1 DAGs
[2026-03-28T12:38:02.430+0000] {logging_mixin.py:188} INFO - [2026-03-28T12:38:02.429+0000] {dag.py:3823} INFO - Setting next_dagrun for weekly_summary_pipeline to 2026-03-23 06:00:00+00:00, run_after=2026-03-30 06:00:00+00:00
[2026-03-28T12:38:02.467+0000] {processor.py:183} INFO - Processing /opt/airflow/dags/weekly_summary_pipeline.py took 0.166 seconds
[2026-03-28T12:38:32.832+0000] {processor.py:161} INFO - Started process (PID=17748) to work on /opt/airflow/dags/weekly_summary_pipeline.py
[2026-03-28T12:38:32.833+0000] {processor.py:830} INFO - Processing file /opt/airflow/dags/weekly_summary_pipeline.py for tasks to queue
[2026-03-28T12:38:32.834+0000] {logging_mixin.py:188} INFO - [2026-03-28T12:38:32.834+0000] {dagbag.py:538} INFO - Filling up the DagBag from /opt/airflow/dags/weekly_summary_pipeline.py
[2026-03-28T12:38:32.857+0000] {processor.py:840} INFO - DAG(s) 'weekly_summary_pipeline' retrieved from /opt/airflow/dags/weekly_summary_pipeline.py
[2026-03-28T12:38:32.890+0000] {logging_mixin.py:188} INFO - [2026-03-28T12:38:32.890+0000] {dag.py:3036} INFO - Sync 1 DAGs
[2026-03-28T12:38:32.916+0000] {logging_mixin.py:188} INFO - [2026-03-28T12:38:32.916+0000] {dag.py:3823} INFO - Setting next_dagrun for weekly_summary_pipeline to 2026-03-23 06:00:00+00:00, run_after=2026-03-30 06:00:00+00:00
[2026-03-28T12:38:32.939+0000] {processor.py:183} INFO - Processing /opt/airflow/dags/weekly_summary_pipeline.py took 0.110 seconds
[2026-03-28T12:39:03.310+0000] {processor.py:161} INFO - Started process (PID=17771) to work on /opt/airflow/dags/weekly_summary_pipeline.py
[2026-03-28T12:39:03.312+0000] {processor.py:830} INFO - Processing file /opt/airflow/dags/weekly_summary_pipeline.py for tasks to queue
[2026-03-28T12:39:03.313+0000] {logging_mixin.py:188} INFO - [2026-03-28T12:39:03.313+0000] {dagbag.py:538} INFO - Filling up the DagBag from /opt/airflow/dags/weekly_summary_pipeline.py
[2026-03-28T12:39:03.335+0000] {processor.py:840} INFO - DAG(s) 'weekly_summary_pipeline' retrieved from /opt/airflow/dags/weekly_summary_pipeline.py
[2026-03-28T12:39:03.367+0000] {logging_mixin.py:188} INFO - [2026-03-28T12:39:03.366+0000] {dag.py:3036} INFO - Sync 1 DAGs
[2026-03-28T12:39:03.393+0000] {logging_mixin.py:188} INFO - [2026-03-28T12:39:03.393+0000] {dag.py:3823} INFO - Setting next_dagrun for weekly_summary_pipeline to 2026-03-23 06:00:00+00:00, run_after=2026-03-30 06:00:00+00:00
[2026-03-28T12:39:03.433+0000] {processor.py:183} INFO - Processing /opt/airflow/dags/weekly_summary_pipeline.py took 0.125 seconds
[2026-03-28T12:39:33.779+0000] {processor.py:161} INFO - Started process (PID=17794) to work on /opt/airflow/dags/weekly_summary_pipeline.py
[2026-03-28T12:39:33.781+0000] {processor.py:830} INFO - Processing file /opt/airflow/dags/weekly_summary_pipeline.py for tasks to queue
[2026-03-28T12:39:33.782+0000] {logging_mixin.py:188} INFO - [2026-03-28T12:39:33.781+0000] {dagbag.py:538} INFO - Filling up the DagBag from /opt/airflow/dags/weekly_summary_pipeline.py
[2026-03-28T12:39:33.806+0000] {processor.py:840} INFO - DAG(s) 'weekly_summary_pipeline' retrieved from /opt/airflow/dags/weekly_summary_pipeline.py
[2026-03-28T12:39:33.844+0000] {logging_mixin.py:188} INFO - [2026-03-28T12:39:33.844+0000] {dag.py:3036} INFO - Sync 1 DAGs
[2026-03-28T12:39:33.871+0000] {logging_mixin.py:188} INFO - [2026-03-28T12:39:33.870+0000] {dag.py:3823} INFO - Setting next_dagrun for weekly_summary_pipeline to 2026-03-23 06:00:00+00:00, run_after=2026-03-30 06:00:00+00:00
[2026-03-28T12:39:33.902+0000] {processor.py:183} INFO - Processing /opt/airflow/dags/weekly_summary_pipeline.py took 0.126 seconds
[2026-03-28T12:40:04.232+0000] {processor.py:161} INFO - Started process (PID=17818) to work on /opt/airflow/dags/weekly_summary_pipeline.py
[2026-03-28T12:40:04.234+0000] {processor.py:830} INFO - Processing file /opt/airflow/dags/weekly_summary_pipeline.py for tasks to queue
[2026-03-28T12:40:04.235+0000] {logging_mixin.py:188} INFO - [2026-03-28T12:40:04.234+0000] {dagbag.py:538} INFO - Filling up the DagBag from /opt/airflow/dags/weekly_summary_pipeline.py
[2026-03-28T12:40:04.259+0000] {processor.py:840} INFO - DAG(s) 'weekly_summary_pipeline' retrieved from /opt/airflow/dags/weekly_summary_pipeline.py
[2026-03-28T12:40:04.292+0000] {logging_mixin.py:188} INFO - [2026-03-28T12:40:04.291+0000] {dag.py:3036} INFO - Sync 1 DAGs
[2026-03-28T12:40:04.322+0000] {logging_mixin.py:188} INFO - [2026-03-28T12:40:04.322+0000] {dag.py:3823} INFO - Setting next_dagrun for weekly_summary_pipeline to 2026-03-23 06:00:00+00:00, run_after=2026-03-30 06:00:00+00:00
[2026-03-28T12:40:04.350+0000] {processor.py:183} INFO - Processing /opt/airflow/dags/weekly_summary_pipeline.py took 0.121 seconds
[2026-03-28T12:40:34.753+0000] {processor.py:161} INFO - Started process (PID=17841) to work on /opt/airflow/dags/weekly_summary_pipeline.py
[2026-03-28T12:40:34.755+0000] {processor.py:830} INFO - Processing file /opt/airflow/dags/weekly_summary_pipeline.py for tasks to queue
[2026-03-28T12:40:34.756+0000] {logging_mixin.py:188} INFO - [2026-03-28T12:40:34.756+0000] {dagbag.py:538} INFO - Filling up the DagBag from /opt/airflow/dags/weekly_summary_pipeline.py
[2026-03-28T12:40:34.791+0000] {processor.py:840} INFO - DAG(s) 'weekly_summary_pipeline' retrieved from /opt/airflow/dags/weekly_summary_pipeline.py
[2026-03-28T12:40:34.840+0000] {logging_mixin.py:188} INFO - [2026-03-28T12:40:34.839+0000] {dag.py:3036} INFO - Sync 1 DAGs
[2026-03-28T12:40:34.874+0000] {logging_mixin.py:188} INFO - [2026-03-28T12:40:34.873+0000] {dag.py:3823} INFO - Setting next_dagrun for weekly_summary_pipeline to 2026-03-23 06:00:00+00:00, run_after=2026-03-30 06:00:00+00:00
[2026-03-28T12:40:34.905+0000] {processor.py:183} INFO - Processing /opt/airflow/dags/weekly_summary_pipeline.py took 0.157 seconds
[2026-03-28T12:41:05.272+0000] {processor.py:161} INFO - Started process (PID=17864) to work on /opt/airflow/dags/weekly_summary_pipeline.py
[2026-03-28T12:41:05.273+0000] {processor.py:830} INFO - Processing file /opt/airflow/dags/weekly_summary_pipeline.py for tasks to queue
[2026-03-28T12:41:05.274+0000] {logging_mixin.py:188} INFO - [2026-03-28T12:41:05.273+0000] {dagbag.py:538} INFO - Filling up the DagBag from /opt/airflow/dags/weekly_summary_pipeline.py
[2026-03-28T12:41:05.295+0000] {processor.py:840} INFO - DAG(s) 'weekly_summary_pipeline' retrieved from /opt/airflow/dags/weekly_summary_pipeline.py
[2026-03-28T12:41:05.324+0000] {logging_mixin.py:188} INFO - [2026-03-28T12:41:05.324+0000] {dag.py:3036} INFO - Sync 1 DAGs
[2026-03-28T12:41:05.350+0000] {logging_mixin.py:188} INFO - [2026-03-28T12:41:05.349+0000] {dag.py:3823} INFO - Setting next_dagrun for weekly_summary_pipeline to 2026-03-23 06:00:00+00:00, run_after=2026-03-30 06:00:00+00:00
[2026-03-28T12:41:05.374+0000] {processor.py:183} INFO - Processing /opt/airflow/dags/weekly_summary_pipeline.py took 0.106 seconds
[2026-03-28T12:41:35.758+0000] {processor.py:161} INFO - Started process (PID=17887) to work on /opt/airflow/dags/weekly_summary_pipeline.py
[2026-03-28T12:41:35.759+0000] {processor.py:830} INFO - Processing file /opt/airflow/dags/weekly_summary_pipeline.py for tasks to queue
[2026-03-28T12:41:35.761+0000] {logging_mixin.py:188} INFO - [2026-03-28T12:41:35.760+0000] {dagbag.py:538} INFO - Filling up the DagBag from /opt/airflow/dags/weekly_summary_pipeline.py
[2026-03-28T12:41:35.783+0000] {processor.py:840} INFO - DAG(s) 'weekly_summary_pipeline' retrieved from /opt/airflow/dags/weekly_summary_pipeline.py
[2026-03-28T12:41:35.816+0000] {logging_mixin.py:188} INFO - [2026-03-28T12:41:35.816+0000] {dag.py:3036} INFO - Sync 1 DAGs
[2026-03-28T12:41:35.846+0000] {logging_mixin.py:188} INFO - [2026-03-28T12:41:35.846+0000] {dag.py:3823} INFO - Setting next_dagrun for weekly_summary_pipeline to 2026-03-23 06:00:00+00:00, run_after=2026-03-30 06:00:00+00:00
[2026-03-28T12:41:35.870+0000] {processor.py:183} INFO - Processing /opt/airflow/dags/weekly_summary_pipeline.py took 0.115 seconds
[2026-03-28T12:42:06.273+0000] {processor.py:161} INFO - Started process (PID=17910) to work on /opt/airflow/dags/weekly_summary_pipeline.py
[2026-03-28T12:42:06.275+0000] {processor.py:830} INFO - Processing file /opt/airflow/dags/weekly_summary_pipeline.py for tasks to queue
[2026-03-28T12:42:06.276+0000] {logging_mixin.py:188} INFO - [2026-03-28T12:42:06.276+0000] {dagbag.py:538} INFO - Filling up the DagBag from /opt/airflow/dags/weekly_summary_pipeline.py
[2026-03-28T12:42:06.301+0000] {processor.py:840} INFO - DAG(s) 'weekly_summary_pipeline' retrieved from /opt/airflow/dags/weekly_summary_pipeline.py
[2026-03-28T12:42:06.340+0000] {logging_mixin.py:188} INFO - [2026-03-28T12:42:06.339+0000] {dag.py:3036} INFO - Sync 1 DAGs
[2026-03-28T12:42:06.370+0000] {logging_mixin.py:188} INFO - [2026-03-28T12:42:06.370+0000] {dag.py:3823} INFO - Setting next_dagrun for weekly_summary_pipeline to 2026-03-23 06:00:00+00:00, run_after=2026-03-30 06:00:00+00:00
[2026-03-28T12:42:06.398+0000] {processor.py:183} INFO - Processing /opt/airflow/dags/weekly_summary_pipeline.py took 0.128 seconds
[2026-03-28T12:42:36.720+0000] {processor.py:161} INFO - Started process (PID=17933) to work on /opt/airflow/dags/weekly_summary_pipeline.py
[2026-03-28T12:42:36.722+0000] {processor.py:830} INFO - Processing file /opt/airflow/dags/weekly_summary_pipeline.py for tasks to queue
[2026-03-28T12:42:36.724+0000] {logging_mixin.py:188} INFO - [2026-03-28T12:42:36.723+0000] {dagbag.py:538} INFO - Filling up the DagBag from /opt/airflow/dags/weekly_summary_pipeline.py
[2026-03-28T12:42:36.746+0000] {processor.py:840} INFO - DAG(s) 'weekly_summary_pipeline' retrieved from /opt/airflow/dags/weekly_summary_pipeline.py
[2026-03-28T12:42:36.782+0000] {logging_mixin.py:188} INFO - [2026-03-28T12:42:36.782+0000] {dag.py:3036} INFO - Sync 1 DAGs
[2026-03-28T12:42:36.815+0000] {logging_mixin.py:188} INFO - [2026-03-28T12:42:36.814+0000] {dag.py:3823} INFO - Setting next_dagrun for weekly_summary_pipeline to 2026-03-23 06:00:00+00:00, run_after=2026-03-30 06:00:00+00:00
[2026-03-28T12:42:36.839+0000] {processor.py:183} INFO - Processing /opt/airflow/dags/weekly_summary_pipeline.py took 0.122 seconds
[2026-03-28T12:43:07.237+0000] {processor.py:161} INFO - Started process (PID=17956) to work on /opt/airflow/dags/weekly_summary_pipeline.py
[2026-03-28T12:43:07.239+0000] {processor.py:830} INFO - Processing file /opt/airflow/dags/weekly_summary_pipeline.py for tasks to queue
[2026-03-28T12:43:07.241+0000] {logging_mixin.py:188} INFO - [2026-03-28T12:43:07.240+0000] {dagbag.py:538} INFO - Filling up the DagBag from /opt/airflow/dags/weekly_summary_pipeline.py
[2026-03-28T12:43:07.266+0000] {processor.py:840} INFO - DAG(s) 'weekly_summary_pipeline' retrieved from /opt/airflow/dags/weekly_summary_pipeline.py
[2026-03-28T12:43:07.303+0000] {logging_mixin.py:188} INFO - [2026-03-28T12:43:07.303+0000] {dag.py:3036} INFO - Sync 1 DAGs
[2026-03-28T12:43:07.338+0000] {logging_mixin.py:188} INFO - [2026-03-28T12:43:07.338+0000] {dag.py:3823} INFO - Setting next_dagrun for weekly_summary_pipeline to 2026-03-23 06:00:00+00:00, run_after=2026-03-30 06:00:00+00:00
[2026-03-28T12:43:07.365+0000] {processor.py:183} INFO - Processing /opt/airflow/dags/weekly_summary_pipeline.py took 0.134 seconds
[2026-03-28T12:43:37.682+0000] {processor.py:161} INFO - Started process (PID=17979) to work on /opt/airflow/dags/weekly_summary_pipeline.py
[2026-03-28T12:43:37.683+0000] {processor.py:830} INFO - Processing file /opt/airflow/dags/weekly_summary_pipeline.py for tasks to queue
[2026-03-28T12:43:37.683+0000] {logging_mixin.py:188} INFO - [2026-03-28T12:43:37.683+0000] {dagbag.py:538} INFO - Filling up the DagBag from /opt/airflow/dags/weekly_summary_pipeline.py
[2026-03-28T12:43:37.704+0000] {processor.py:840} INFO - DAG(s) 'weekly_summary_pipeline' retrieved from /opt/airflow/dags/weekly_summary_pipeline.py
[2026-03-28T12:43:37.733+0000] {logging_mixin.py:188} INFO - [2026-03-28T12:43:37.733+0000] {dag.py:3036} INFO - Sync 1 DAGs
[2026-03-28T12:43:37.757+0000] {logging_mixin.py:188} INFO - [2026-03-28T12:43:37.757+0000] {dag.py:3823} INFO - Setting next_dagrun for weekly_summary_pipeline to 2026-03-23 06:00:00+00:00, run_after=2026-03-30 06:00:00+00:00
[2026-03-28T12:43:37.786+0000] {processor.py:183} INFO - Processing /opt/airflow/dags/weekly_summary_pipeline.py took 0.107 seconds
[2026-03-28T12:44:08.116+0000] {processor.py:161} INFO - Started process (PID=18002) to work on /opt/airflow/dags/weekly_summary_pipeline.py
[2026-03-28T12:44:08.117+0000] {processor.py:830} INFO - Processing file /opt/airflow/dags/weekly_summary_pipeline.py for tasks to queue
[2026-03-28T12:44:08.118+0000] {logging_mixin.py:188} INFO - [2026-03-28T12:44:08.118+0000] {dagbag.py:538} INFO - Filling up the DagBag from /opt/airflow/dags/weekly_summary_pipeline.py
[2026-03-28T12:44:08.141+0000] {processor.py:840} INFO - DAG(s) 'weekly_summary_pipeline' retrieved from /opt/airflow/dags/weekly_summary_pipeline.py
[2026-03-28T12:44:08.176+0000] {logging_mixin.py:188} INFO - [2026-03-28T12:44:08.175+0000] {dag.py:3036} INFO - Sync 1 DAGs
[2026-03-28T12:44:08.203+0000] {logging_mixin.py:188} INFO - [2026-03-28T12:44:08.203+0000] {dag.py:3823} INFO - Setting next_dagrun for weekly_summary_pipeline to 2026-03-23 06:00:00+00:00, run_after=2026-03-30 06:00:00+00:00
[2026-03-28T12:44:08.229+0000] {processor.py:183} INFO - Processing /opt/airflow/dags/weekly_summary_pipeline.py took 0.116 seconds
[2026-03-28T12:44:38.584+0000] {processor.py:161} INFO - Started process (PID=18025) to work on /opt/airflow/dags/weekly_summary_pipeline.py
[2026-03-28T12:44:38.585+0000] {processor.py:830} INFO - Processing file /opt/airflow/dags/weekly_summary_pipeline.py for tasks to queue
[2026-03-28T12:44:38.587+0000] {logging_mixin.py:188} INFO - [2026-03-28T12:44:38.586+0000] {dagbag.py:538} INFO - Filling up the DagBag from /opt/airflow/dags/weekly_summary_pipeline.py
[2026-03-28T12:44:38.616+0000] {processor.py:840} INFO - DAG(s) 'weekly_summary_pipeline' retrieved from /opt/airflow/dags/weekly_summary_pipeline.py
[2026-03-28T12:44:38.649+0000] {logging_mixin.py:188} INFO - [2026-03-28T12:44:38.649+0000] {dag.py:3036} INFO - Sync 1 DAGs
[2026-03-28T12:44:38.674+0000] {logging_mixin.py:188} INFO - [2026-03-28T12:44:38.674+0000] {dag.py:3823} INFO - Setting next_dagrun for weekly_summary_pipeline to 2026-03-23 06:00:00+00:00, run_after=2026-03-30 06:00:00+00:00
[2026-03-28T12:44:38.711+0000] {processor.py:183} INFO - Processing /opt/airflow/dags/weekly_summary_pipeline.py took 0.131 seconds
[2026-03-28T12:45:09.059+0000] {processor.py:161} INFO - Started process (PID=18048) to work on /opt/airflow/dags/weekly_summary_pipeline.py
[2026-03-28T12:45:09.061+0000] {processor.py:830} INFO - Processing file /opt/airflow/dags/weekly_summary_pipeline.py for tasks to queue
[2026-03-28T12:45:09.062+0000] {logging_mixin.py:188} INFO - [2026-03-28T12:45:09.062+0000] {dagbag.py:538} INFO - Filling up the DagBag from /opt/airflow/dags/weekly_summary_pipeline.py
[2026-03-28T12:45:09.095+0000] {processor.py:840} INFO - DAG(s) 'weekly_summary_pipeline' retrieved from /opt/airflow/dags/weekly_summary_pipeline.py
[2026-03-28T12:45:09.148+0000] {logging_mixin.py:188} INFO - [2026-03-28T12:45:09.147+0000] {dag.py:3036} INFO - Sync 1 DAGs
[2026-03-28T12:45:09.182+0000] {logging_mixin.py:188} INFO - [2026-03-28T12:45:09.182+0000] {dag.py:3823} INFO - Setting next_dagrun for weekly_summary_pipeline to 2026-03-23 06:00:00+00:00, run_after=2026-03-30 06:00:00+00:00
[2026-03-28T12:45:09.208+0000] {processor.py:183} INFO - Processing /opt/airflow/dags/weekly_summary_pipeline.py took 0.153 seconds
[2026-03-28T12:45:39.581+0000] {processor.py:161} INFO - Started process (PID=18063) to work on /opt/airflow/dags/weekly_summary_pipeline.py
[2026-03-28T12:45:39.583+0000] {processor.py:830} INFO - Processing file /opt/airflow/dags/weekly_summary_pipeline.py for tasks to queue
[2026-03-28T12:45:39.584+0000] {logging_mixin.py:188} INFO - [2026-03-28T12:45:39.584+0000] {dagbag.py:538} INFO - Filling up the DagBag from /opt/airflow/dags/weekly_summary_pipeline.py
[2026-03-28T12:45:39.610+0000] {processor.py:840} INFO - DAG(s) 'weekly_summary_pipeline' retrieved from /opt/airflow/dags/weekly_summary_pipeline.py
[2026-03-28T12:45:39.650+0000] {logging_mixin.py:188} INFO - [2026-03-28T12:45:39.650+0000] {dag.py:3036} INFO - Sync 1 DAGs
[2026-03-28T12:45:39.682+0000] {logging_mixin.py:188} INFO - [2026-03-28T12:45:39.682+0000] {dag.py:3823} INFO - Setting next_dagrun for weekly_summary_pipeline to 2026-03-23 06:00:00+00:00, run_after=2026-03-30 06:00:00+00:00
[2026-03-28T12:45:39.708+0000] {processor.py:183} INFO - Processing /opt/airflow/dags/weekly_summary_pipeline.py took 0.130 seconds
[2026-03-28T12:46:10.075+0000] {processor.py:161} INFO - Started process (PID=18086) to work on /opt/airflow/dags/weekly_summary_pipeline.py
[2026-03-28T12:46:10.076+0000] {processor.py:830} INFO - Processing file /opt/airflow/dags/weekly_summary_pipeline.py for tasks to queue
[2026-03-28T12:46:10.078+0000] {logging_mixin.py:188} INFO - [2026-03-28T12:46:10.078+0000] {dagbag.py:538} INFO - Filling up the DagBag from /opt/airflow/dags/weekly_summary_pipeline.py
[2026-03-28T12:46:10.102+0000] {processor.py:840} INFO - DAG(s) 'weekly_summary_pipeline' retrieved from /opt/airflow/dags/weekly_summary_pipeline.py
[2026-03-28T12:46:10.134+0000] {logging_mixin.py:188} INFO - [2026-03-28T12:46:10.134+0000] {dag.py:3036} INFO - Sync 1 DAGs
[2026-03-28T12:46:10.162+0000] {logging_mixin.py:188} INFO - [2026-03-28T12:46:10.162+0000] {dag.py:3823} INFO - Setting next_dagrun for weekly_summary_pipeline to 2026-03-23 06:00:00+00:00, run_after=2026-03-30 06:00:00+00:00
[2026-03-28T12:46:10.188+0000] {processor.py:183} INFO - Processing /opt/airflow/dags/weekly_summary_pipeline.py took 0.116 seconds
[2026-03-28T12:46:40.533+0000] {processor.py:161} INFO - Started process (PID=18109) to work on /opt/airflow/dags/weekly_summary_pipeline.py
[2026-03-28T12:46:40.534+0000] {processor.py:830} INFO - Processing file /opt/airflow/dags/weekly_summary_pipeline.py for tasks to queue
[2026-03-28T12:46:40.535+0000] {logging_mixin.py:188} INFO - [2026-03-28T12:46:40.535+0000] {dagbag.py:538} INFO - Filling up the DagBag from /opt/airflow/dags/weekly_summary_pipeline.py
[2026-03-28T12:46:40.559+0000] {processor.py:840} INFO - DAG(s) 'weekly_summary_pipeline' retrieved from /opt/airflow/dags/weekly_summary_pipeline.py
[2026-03-28T12:46:40.594+0000] {logging_mixin.py:188} INFO - [2026-03-28T12:46:40.594+0000] {dag.py:3036} INFO - Sync 1 DAGs
[2026-03-28T12:46:40.622+0000] {logging_mixin.py:188} INFO - [2026-03-28T12:46:40.622+0000] {dag.py:3823} INFO - Setting next_dagrun for weekly_summary_pipeline to 2026-03-23 06:00:00+00:00, run_after=2026-03-30 06:00:00+00:00
[2026-03-28T12:46:40.648+0000] {processor.py:183} INFO - Processing /opt/airflow/dags/weekly_summary_pipeline.py took 0.117 seconds
[2026-03-28T12:47:11.082+0000] {processor.py:161} INFO - Started process (PID=18132) to work on /opt/airflow/dags/weekly_summary_pipeline.py
[2026-03-28T12:47:11.083+0000] {processor.py:830} INFO - Processing file /opt/airflow/dags/weekly_summary_pipeline.py for tasks to queue
[2026-03-28T12:47:11.084+0000] {logging_mixin.py:188} INFO - [2026-03-28T12:47:11.084+0000] {dagbag.py:538} INFO - Filling up the DagBag from /opt/airflow/dags/weekly_summary_pipeline.py
[2026-03-28T12:47:11.107+0000] {processor.py:840} INFO - DAG(s) 'weekly_summary_pipeline' retrieved from /opt/airflow/dags/weekly_summary_pipeline.py
[2026-03-28T12:47:11.140+0000] {logging_mixin.py:188} INFO - [2026-03-28T12:47:11.140+0000] {dag.py:3036} INFO - Sync 1 DAGs
[2026-03-28T12:47:11.174+0000] {logging_mixin.py:188} INFO - [2026-03-28T12:47:11.174+0000] {dag.py:3823} INFO - Setting next_dagrun for weekly_summary_pipeline to 2026-03-23 06:00:00+00:00, run_after=2026-03-30 06:00:00+00:00
[2026-03-28T12:47:11.203+0000] {processor.py:183} INFO - Processing /opt/airflow/dags/weekly_summary_pipeline.py took 0.125 seconds
[2026-03-28T12:47:41.580+0000] {processor.py:161} INFO - Started process (PID=18155) to work on /opt/airflow/dags/weekly_summary_pipeline.py
[2026-03-28T12:47:41.581+0000] {processor.py:830} INFO - Processing file /opt/airflow/dags/weekly_summary_pipeline.py for tasks to queue
[2026-03-28T12:47:41.582+0000] {logging_mixin.py:188} INFO - [2026-03-28T12:47:41.581+0000] {dagbag.py:538} INFO - Filling up the DagBag from /opt/airflow/dags/weekly_summary_pipeline.py
[2026-03-28T12:47:41.603+0000] {processor.py:840} INFO - DAG(s) 'weekly_summary_pipeline' retrieved from /opt/airflow/dags/weekly_summary_pipeline.py
[2026-03-28T12:47:41.636+0000] {logging_mixin.py:188} INFO - [2026-03-28T12:47:41.636+0000] {dag.py:3036} INFO - Sync 1 DAGs
[2026-03-28T12:47:41.659+0000] {logging_mixin.py:188} INFO - [2026-03-28T12:47:41.659+0000] {dag.py:3823} INFO - Setting next_dagrun for weekly_summary_pipeline to 2026-03-23 06:00:00+00:00, run_after=2026-03-30 06:00:00+00:00
[2026-03-28T12:47:41.682+0000] {processor.py:183} INFO - Processing /opt/airflow/dags/weekly_summary_pipeline.py took 0.106 seconds
[2026-03-28T12:48:12.034+0000] {processor.py:161} INFO - Started process (PID=18178) to work on /opt/airflow/dags/weekly_summary_pipeline.py
[2026-03-28T12:48:12.036+0000] {processor.py:830} INFO - Processing file /opt/airflow/dags/weekly_summary_pipeline.py for tasks to queue
[2026-03-28T12:48:12.037+0000] {logging_mixin.py:188} INFO - [2026-03-28T12:48:12.037+0000] {dagbag.py:538} INFO - Filling up the DagBag from /opt/airflow/dags/weekly_summary_pipeline.py
[2026-03-28T12:48:12.058+0000] {processor.py:840} INFO - DAG(s) 'weekly_summary_pipeline' retrieved from /opt/airflow/dags/weekly_summary_pipeline.py
[2026-03-28T12:48:12.087+0000] {logging_mixin.py:188} INFO - [2026-03-28T12:48:12.086+0000] {dag.py:3036} INFO - Sync 1 DAGs
[2026-03-28T12:48:12.112+0000] {logging_mixin.py:188} INFO - [2026-03-28T12:48:12.111+0000] {dag.py:3823} INFO - Setting next_dagrun for weekly_summary_pipeline to 2026-03-23 06:00:00+00:00, run_after=2026-03-30 06:00:00+00:00
[2026-03-28T12:48:12.138+0000] {processor.py:183} INFO - Processing /opt/airflow/dags/weekly_summary_pipeline.py took 0.106 seconds
[2026-03-28T12:48:42.465+0000] {processor.py:161} INFO - Started process (PID=18201) to work on /opt/airflow/dags/weekly_summary_pipeline.py
[2026-03-28T12:48:42.466+0000] {processor.py:830} INFO - Processing file /opt/airflow/dags/weekly_summary_pipeline.py for tasks to queue
[2026-03-28T12:48:42.467+0000] {logging_mixin.py:188} INFO - [2026-03-28T12:48:42.467+0000] {dagbag.py:538} INFO - Filling up the DagBag from /opt/airflow/dags/weekly_summary_pipeline.py
[2026-03-28T12:48:42.488+0000] {processor.py:840} INFO - DAG(s) 'weekly_summary_pipeline' retrieved from /opt/airflow/dags/weekly_summary_pipeline.py
[2026-03-28T12:48:42.517+0000] {logging_mixin.py:188} INFO - [2026-03-28T12:48:42.517+0000] {dag.py:3036} INFO - Sync 1 DAGs
[2026-03-28T12:48:42.543+0000] {logging_mixin.py:188} INFO - [2026-03-28T12:48:42.543+0000] {dag.py:3823} INFO - Setting next_dagrun for weekly_summary_pipeline to 2026-03-23 06:00:00+00:00, run_after=2026-03-30 06:00:00+00:00
[2026-03-28T12:48:42.569+0000] {processor.py:183} INFO - Processing /opt/airflow/dags/weekly_summary_pipeline.py took 0.106 seconds
[2026-03-28T12:49:12.878+0000] {processor.py:161} INFO - Started process (PID=18224) to work on /opt/airflow/dags/weekly_summary_pipeline.py
[2026-03-28T12:49:12.879+0000] {processor.py:830} INFO - Processing file /opt/airflow/dags/weekly_summary_pipeline.py for tasks to queue
[2026-03-28T12:49:12.880+0000] {logging_mixin.py:188} INFO - [2026-03-28T12:49:12.879+0000] {dagbag.py:538} INFO - Filling up the DagBag from /opt/airflow/dags/weekly_summary_pipeline.py
[2026-03-28T12:49:12.906+0000] {processor.py:840} INFO - DAG(s) 'weekly_summary_pipeline' retrieved from /opt/airflow/dags/weekly_summary_pipeline.py
[2026-03-28T12:49:12.949+0000] {logging_mixin.py:188} INFO - [2026-03-28T12:49:12.949+0000] {dag.py:3036} INFO - Sync 1 DAGs
[2026-03-28T12:49:12.977+0000] {logging_mixin.py:188} INFO - [2026-03-28T12:49:12.977+0000] {dag.py:3823} INFO - Setting next_dagrun for weekly_summary_pipeline to 2026-03-23 06:00:00+00:00, run_after=2026-03-30 06:00:00+00:00
[2026-03-28T12:49:13.005+0000] {processor.py:183} INFO - Processing /opt/airflow/dags/weekly_summary_pipeline.py took 0.130 seconds
[2026-03-28T12:49:43.342+0000] {processor.py:161} INFO - Started process (PID=18247) to work on /opt/airflow/dags/weekly_summary_pipeline.py
[2026-03-28T12:49:43.343+0000] {processor.py:830} INFO - Processing file /opt/airflow/dags/weekly_summary_pipeline.py for tasks to queue
[2026-03-28T12:49:43.344+0000] {logging_mixin.py:188} INFO - [2026-03-28T12:49:43.344+0000] {dagbag.py:538} INFO - Filling up the DagBag from /opt/airflow/dags/weekly_summary_pipeline.py
[2026-03-28T12:49:43.374+0000] {processor.py:840} INFO - DAG(s) 'weekly_summary_pipeline' retrieved from /opt/airflow/dags/weekly_summary_pipeline.py
[2026-03-28T12:49:43.429+0000] {logging_mixin.py:188} INFO - [2026-03-28T12:49:43.429+0000] {dag.py:3036} INFO - Sync 1 DAGs
[2026-03-28T12:49:43.458+0000] {logging_mixin.py:188} INFO - [2026-03-28T12:49:43.457+0000] {dag.py:3823} INFO - Setting next_dagrun for weekly_summary_pipeline to 2026-03-23 06:00:00+00:00, run_after=2026-03-30 06:00:00+00:00
[2026-03-28T12:49:43.488+0000] {processor.py:183} INFO - Processing /opt/airflow/dags/weekly_summary_pipeline.py took 0.149 seconds
[2026-03-28T12:50:13.860+0000] {processor.py:161} INFO - Started process (PID=18270) to work on /opt/airflow/dags/weekly_summary_pipeline.py
[2026-03-28T12:50:13.862+0000] {processor.py:830} INFO - Processing file /opt/airflow/dags/weekly_summary_pipeline.py for tasks to queue
[2026-03-28T12:50:13.863+0000] {logging_mixin.py:188} INFO - [2026-03-28T12:50:13.862+0000] {dagbag.py:538} INFO - Filling up the DagBag from /opt/airflow/dags/weekly_summary_pipeline.py
[2026-03-28T12:50:13.886+0000] {processor.py:840} INFO - DAG(s) 'weekly_summary_pipeline' retrieved from /opt/airflow/dags/weekly_summary_pipeline.py
[2026-03-28T12:50:13.916+0000] {logging_mixin.py:188} INFO - [2026-03-28T12:50:13.916+0000] {dag.py:3036} INFO - Sync 1 DAGs
[2026-03-28T12:50:13.949+0000] {logging_mixin.py:188} INFO - [2026-03-28T12:50:13.949+0000] {dag.py:3823} INFO - Setting next_dagrun for weekly_summary_pipeline to 2026-03-23 06:00:00+00:00, run_after=2026-03-30 06:00:00+00:00
[2026-03-28T12:50:13.977+0000] {processor.py:183} INFO - Processing /opt/airflow/dags/weekly_summary_pipeline.py took 0.120 seconds
[2026-03-28T12:50:44.294+0000] {processor.py:161} INFO - Started process (PID=18293) to work on /opt/airflow/dags/weekly_summary_pipeline.py
[2026-03-28T12:50:44.296+0000] {processor.py:830} INFO - Processing file /opt/airflow/dags/weekly_summary_pipeline.py for tasks to queue
[2026-03-28T12:50:44.296+0000] {logging_mixin.py:188} INFO - [2026-03-28T12:50:44.296+0000] {dagbag.py:538} INFO - Filling up the DagBag from /opt/airflow/dags/weekly_summary_pipeline.py
[2026-03-28T12:50:44.317+0000] {processor.py:840} INFO - DAG(s) 'weekly_summary_pipeline' retrieved from /opt/airflow/dags/weekly_summary_pipeline.py
[2026-03-28T12:50:44.349+0000] {logging_mixin.py:188} INFO - [2026-03-28T12:50:44.348+0000] {dag.py:3036} INFO - Sync 1 DAGs
[2026-03-28T12:50:44.377+0000] {logging_mixin.py:188} INFO - [2026-03-28T12:50:44.376+0000] {dag.py:3823} INFO - Setting next_dagrun for weekly_summary_pipeline to 2026-03-23 06:00:00+00:00, run_after=2026-03-30 06:00:00+00:00
[2026-03-28T12:50:44.402+0000] {processor.py:183} INFO - Processing /opt/airflow/dags/weekly_summary_pipeline.py took 0.111 seconds
[2026-03-28T12:51:14.745+0000] {processor.py:161} INFO - Started process (PID=18316) to work on /opt/airflow/dags/weekly_summary_pipeline.py
[2026-03-28T12:51:14.746+0000] {processor.py:830} INFO - Processing file /opt/airflow/dags/weekly_summary_pipeline.py for tasks to queue
[2026-03-28T12:51:14.747+0000] {logging_mixin.py:188} INFO - [2026-03-28T12:51:14.747+0000] {dagbag.py:538} INFO - Filling up the DagBag from /opt/airflow/dags/weekly_summary_pipeline.py
[2026-03-28T12:51:14.768+0000] {processor.py:840} INFO - DAG(s) 'weekly_summary_pipeline' retrieved from /opt/airflow/dags/weekly_summary_pipeline.py
[2026-03-28T12:51:14.798+0000] {logging_mixin.py:188} INFO - [2026-03-28T12:51:14.798+0000] {dag.py:3036} INFO - Sync 1 DAGs
[2026-03-28T12:51:14.825+0000] {logging_mixin.py:188} INFO - [2026-03-28T12:51:14.825+0000] {dag.py:3823} INFO - Setting next_dagrun for weekly_summary_pipeline to 2026-03-23 06:00:00+00:00, run_after=2026-03-30 06:00:00+00:00
[2026-03-28T12:51:14.848+0000] {processor.py:183} INFO - Processing /opt/airflow/dags/weekly_summary_pipeline.py took 0.105 seconds
[2026-03-28T12:51:45.178+0000] {processor.py:161} INFO - Started process (PID=18339) to work on /opt/airflow/dags/weekly_summary_pipeline.py
[2026-03-28T12:51:45.180+0000] {processor.py:830} INFO - Processing file /opt/airflow/dags/weekly_summary_pipeline.py for tasks to queue
[2026-03-28T12:51:45.182+0000] {logging_mixin.py:188} INFO - [2026-03-28T12:51:45.181+0000] {dagbag.py:538} INFO - Filling up the DagBag from /opt/airflow/dags/weekly_summary_pipeline.py
[2026-03-28T12:51:45.205+0000] {processor.py:840} INFO - DAG(s) 'weekly_summary_pipeline' retrieved from /opt/airflow/dags/weekly_summary_pipeline.py
[2026-03-28T12:51:45.238+0000] {logging_mixin.py:188} INFO - [2026-03-28T12:51:45.238+0000] {dag.py:3036} INFO - Sync 1 DAGs
[2026-03-28T12:51:45.265+0000] {logging_mixin.py:188} INFO - [2026-03-28T12:51:45.265+0000] {dag.py:3823} INFO - Setting next_dagrun for weekly_summary_pipeline to 2026-03-23 06:00:00+00:00, run_after=2026-03-30 06:00:00+00:00
[2026-03-28T12:51:45.289+0000] {processor.py:183} INFO - Processing /opt/airflow/dags/weekly_summary_pipeline.py took 0.113 seconds
[2026-03-28T12:52:15.705+0000] {processor.py:161} INFO - Started process (PID=18362) to work on /opt/airflow/dags/weekly_summary_pipeline.py
[2026-03-28T12:52:15.706+0000] {processor.py:830} INFO - Processing file /opt/airflow/dags/weekly_summary_pipeline.py for tasks to queue
[2026-03-28T12:52:15.707+0000] {logging_mixin.py:188} INFO - [2026-03-28T12:52:15.707+0000] {dagbag.py:538} INFO - Filling up the DagBag from /opt/airflow/dags/weekly_summary_pipeline.py
[2026-03-28T12:52:15.731+0000] {processor.py:840} INFO - DAG(s) 'weekly_summary_pipeline' retrieved from /opt/airflow/dags/weekly_summary_pipeline.py
[2026-03-28T12:52:15.767+0000] {logging_mixin.py:188} INFO - [2026-03-28T12:52:15.767+0000] {dag.py:3036} INFO - Sync 1 DAGs
[2026-03-28T12:52:15.794+0000] {logging_mixin.py:188} INFO - [2026-03-28T12:52:15.793+0000] {dag.py:3823} INFO - Setting next_dagrun for weekly_summary_pipeline to 2026-03-23 06:00:00+00:00, run_after=2026-03-30 06:00:00+00:00
[2026-03-28T12:52:15.818+0000] {processor.py:183} INFO - Processing /opt/airflow/dags/weekly_summary_pipeline.py took 0.116 seconds
[2026-03-28T12:52:46.140+0000] {processor.py:161} INFO - Started process (PID=18385) to work on /opt/airflow/dags/weekly_summary_pipeline.py
[2026-03-28T12:52:46.142+0000] {processor.py:830} INFO - Processing file /opt/airflow/dags/weekly_summary_pipeline.py for tasks to queue
[2026-03-28T12:52:46.143+0000] {logging_mixin.py:188} INFO - [2026-03-28T12:52:46.142+0000] {dagbag.py:538} INFO - Filling up the DagBag from /opt/airflow/dags/weekly_summary_pipeline.py
[2026-03-28T12:52:46.176+0000] {processor.py:840} INFO - DAG(s) 'weekly_summary_pipeline' retrieved from /opt/airflow/dags/weekly_summary_pipeline.py
[2026-03-28T12:52:46.211+0000] {logging_mixin.py:188} INFO - [2026-03-28T12:52:46.211+0000] {dag.py:3036} INFO - Sync 1 DAGs
[2026-03-28T12:52:46.243+0000] {logging_mixin.py:188} INFO - [2026-03-28T12:52:46.243+0000] {dag.py:3823} INFO - Setting next_dagrun for weekly_summary_pipeline to 2026-03-23 06:00:00+00:00, run_after=2026-03-30 06:00:00+00:00
[2026-03-28T12:52:46.276+0000] {processor.py:183} INFO - Processing /opt/airflow/dags/weekly_summary_pipeline.py took 0.138 seconds
[2026-03-28T12:53:16.591+0000] {processor.py:161} INFO - Started process (PID=18408) to work on /opt/airflow/dags/weekly_summary_pipeline.py
[2026-03-28T12:53:16.592+0000] {processor.py:830} INFO - Processing file /opt/airflow/dags/weekly_summary_pipeline.py for tasks to queue
[2026-03-28T12:53:16.594+0000] {logging_mixin.py:188} INFO - [2026-03-28T12:53:16.593+0000] {dagbag.py:538} INFO - Filling up the DagBag from /opt/airflow/dags/weekly_summary_pipeline.py
[2026-03-28T12:53:16.619+0000] {processor.py:840} INFO - DAG(s) 'weekly_summary_pipeline' retrieved from /opt/airflow/dags/weekly_summary_pipeline.py
[2026-03-28T12:53:16.651+0000] {logging_mixin.py:188} INFO - [2026-03-28T12:53:16.651+0000] {dag.py:3036} INFO - Sync 1 DAGs
[2026-03-28T12:53:16.675+0000] {logging_mixin.py:188} INFO - [2026-03-28T12:53:16.674+0000] {dag.py:3823} INFO - Setting next_dagrun for weekly_summary_pipeline to 2026-03-23 06:00:00+00:00, run_after=2026-03-30 06:00:00+00:00
[2026-03-28T12:53:16.702+0000] {processor.py:183} INFO - Processing /opt/airflow/dags/weekly_summary_pipeline.py took 0.114 seconds
[2026-03-28T12:53:47.045+0000] {processor.py:161} INFO - Started process (PID=18431) to work on /opt/airflow/dags/weekly_summary_pipeline.py
[2026-03-28T12:53:47.047+0000] {processor.py:830} INFO - Processing file /opt/airflow/dags/weekly_summary_pipeline.py for tasks to queue
[2026-03-28T12:53:47.049+0000] {logging_mixin.py:188} INFO - [2026-03-28T12:53:47.048+0000] {dagbag.py:538} INFO - Filling up the DagBag from /opt/airflow/dags/weekly_summary_pipeline.py
[2026-03-28T12:53:47.083+0000] {processor.py:840} INFO - DAG(s) 'weekly_summary_pipeline' retrieved from /opt/airflow/dags/weekly_summary_pipeline.py
[2026-03-28T12:53:47.126+0000] {logging_mixin.py:188} INFO - [2026-03-28T12:53:47.126+0000] {dag.py:3036} INFO - Sync 1 DAGs
[2026-03-28T12:53:47.154+0000] {logging_mixin.py:188} INFO - [2026-03-28T12:53:47.154+0000] {dag.py:3823} INFO - Setting next_dagrun for weekly_summary_pipeline to 2026-03-23 06:00:00+00:00, run_after=2026-03-30 06:00:00+00:00
[2026-03-28T12:53:47.181+0000] {processor.py:183} INFO - Processing /opt/airflow/dags/weekly_summary_pipeline.py took 0.142 seconds
[2026-03-28T12:54:17.363+0000] {processor.py:161} INFO - Started process (PID=18446) to work on /opt/airflow/dags/weekly_summary_pipeline.py
[2026-03-28T12:54:17.364+0000] {processor.py:830} INFO - Processing file /opt/airflow/dags/weekly_summary_pipeline.py for tasks to queue
[2026-03-28T12:54:17.365+0000] {logging_mixin.py:188} INFO - [2026-03-28T12:54:17.365+0000] {dagbag.py:538} INFO - Filling up the DagBag from /opt/airflow/dags/weekly_summary_pipeline.py
[2026-03-28T12:54:17.392+0000] {processor.py:840} INFO - DAG(s) 'weekly_summary_pipeline' retrieved from /opt/airflow/dags/weekly_summary_pipeline.py
[2026-03-28T12:54:17.426+0000] {logging_mixin.py:188} INFO - [2026-03-28T12:54:17.426+0000] {dag.py:3036} INFO - Sync 1 DAGs
[2026-03-28T12:54:17.462+0000] {logging_mixin.py:188} INFO - [2026-03-28T12:54:17.462+0000] {dag.py:3823} INFO - Setting next_dagrun for weekly_summary_pipeline to 2026-03-23 06:00:00+00:00, run_after=2026-03-30 06:00:00+00:00
[2026-03-28T12:54:17.490+0000] {processor.py:183} INFO - Processing /opt/airflow/dags/weekly_summary_pipeline.py took 0.131 seconds
[2026-03-28T12:54:47.806+0000] {processor.py:161} INFO - Started process (PID=18469) to work on /opt/airflow/dags/weekly_summary_pipeline.py
[2026-03-28T12:54:47.807+0000] {processor.py:830} INFO - Processing file /opt/airflow/dags/weekly_summary_pipeline.py for tasks to queue
[2026-03-28T12:54:47.808+0000] {logging_mixin.py:188} INFO - [2026-03-28T12:54:47.807+0000] {dagbag.py:538} INFO - Filling up the DagBag from /opt/airflow/dags/weekly_summary_pipeline.py
[2026-03-28T12:54:47.835+0000] {processor.py:840} INFO - DAG(s) 'weekly_summary_pipeline' retrieved from /opt/airflow/dags/weekly_summary_pipeline.py
[2026-03-28T12:54:47.867+0000] {logging_mixin.py:188} INFO - [2026-03-28T12:54:47.867+0000] {dag.py:3036} INFO - Sync 1 DAGs
[2026-03-28T12:54:47.897+0000] {logging_mixin.py:188} INFO - [2026-03-28T12:54:47.897+0000] {dag.py:3823} INFO - Setting next_dagrun for weekly_summary_pipeline to 2026-03-23 06:00:00+00:00, run_after=2026-03-30 06:00:00+00:00
[2026-03-28T12:54:47.924+0000] {processor.py:183} INFO - Processing /opt/airflow/dags/weekly_summary_pipeline.py took 0.121 seconds
[2026-03-28T12:55:18.240+0000] {processor.py:161} INFO - Started process (PID=18492) to work on /opt/airflow/dags/weekly_summary_pipeline.py
[2026-03-28T12:55:18.241+0000] {processor.py:830} INFO - Processing file /opt/airflow/dags/weekly_summary_pipeline.py for tasks to queue
[2026-03-28T12:55:18.242+0000] {logging_mixin.py:188} INFO - [2026-03-28T12:55:18.242+0000] {dagbag.py:538} INFO - Filling up the DagBag from /opt/airflow/dags/weekly_summary_pipeline.py
[2026-03-28T12:55:18.266+0000] {processor.py:840} INFO - DAG(s) 'weekly_summary_pipeline' retrieved from /opt/airflow/dags/weekly_summary_pipeline.py
[2026-03-28T12:55:18.307+0000] {logging_mixin.py:188} INFO - [2026-03-28T12:55:18.307+0000] {dag.py:3036} INFO - Sync 1 DAGs
[2026-03-28T12:55:18.340+0000] {logging_mixin.py:188} INFO - [2026-03-28T12:55:18.340+0000] {dag.py:3823} INFO - Setting next_dagrun for weekly_summary_pipeline to 2026-03-23 06:00:00+00:00, run_after=2026-03-30 06:00:00+00:00
[2026-03-28T12:55:18.374+0000] {processor.py:183} INFO - Processing /opt/airflow/dags/weekly_summary_pipeline.py took 0.137 seconds
[2026-03-28T12:55:48.691+0000] {processor.py:161} INFO - Started process (PID=18515) to work on /opt/airflow/dags/weekly_summary_pipeline.py
[2026-03-28T12:55:48.692+0000] {processor.py:830} INFO - Processing file /opt/airflow/dags/weekly_summary_pipeline.py for tasks to queue
[2026-03-28T12:55:48.693+0000] {logging_mixin.py:188} INFO - [2026-03-28T12:55:48.693+0000] {dagbag.py:538} INFO - Filling up the DagBag from /opt/airflow/dags/weekly_summary_pipeline.py
[2026-03-28T12:55:48.723+0000] {processor.py:840} INFO - DAG(s) 'weekly_summary_pipeline' retrieved from /opt/airflow/dags/weekly_summary_pipeline.py
[2026-03-28T12:55:48.762+0000] {logging_mixin.py:188} INFO - [2026-03-28T12:55:48.762+0000] {dag.py:3036} INFO - Sync 1 DAGs
[2026-03-28T12:55:48.787+0000] {logging_mixin.py:188} INFO - [2026-03-28T12:55:48.787+0000] {dag.py:3823} INFO - Setting next_dagrun for weekly_summary_pipeline to 2026-03-23 06:00:00+00:00, run_after=2026-03-30 06:00:00+00:00
[2026-03-28T12:55:48.813+0000] {processor.py:183} INFO - Processing /opt/airflow/dags/weekly_summary_pipeline.py took 0.126 seconds
[2026-03-28T12:56:19.114+0000] {processor.py:161} INFO - Started process (PID=18538) to work on /opt/airflow/dags/weekly_summary_pipeline.py
[2026-03-28T12:56:19.115+0000] {processor.py:830} INFO - Processing file /opt/airflow/dags/weekly_summary_pipeline.py for tasks to queue
[2026-03-28T12:56:19.116+0000] {logging_mixin.py:188} INFO - [2026-03-28T12:56:19.116+0000] {dagbag.py:538} INFO - Filling up the DagBag from /opt/airflow/dags/weekly_summary_pipeline.py
[2026-03-28T12:56:19.144+0000] {processor.py:840} INFO - DAG(s) 'weekly_summary_pipeline' retrieved from /opt/airflow/dags/weekly_summary_pipeline.py
[2026-03-28T12:56:19.178+0000] {logging_mixin.py:188} INFO - [2026-03-28T12:56:19.177+0000] {dag.py:3036} INFO - Sync 1 DAGs
[2026-03-28T12:56:19.207+0000] {logging_mixin.py:188} INFO - [2026-03-28T12:56:19.207+0000] {dag.py:3823} INFO - Setting next_dagrun for weekly_summary_pipeline to 2026-03-23 06:00:00+00:00, run_after=2026-03-30 06:00:00+00:00
[2026-03-28T12:56:19.232+0000] {processor.py:183} INFO - Processing /opt/airflow/dags/weekly_summary_pipeline.py took 0.121 seconds
[2026-03-28T12:56:49.614+0000] {processor.py:161} INFO - Started process (PID=18561) to work on /opt/airflow/dags/weekly_summary_pipeline.py
[2026-03-28T12:56:49.615+0000] {processor.py:830} INFO - Processing file /opt/airflow/dags/weekly_summary_pipeline.py for tasks to queue
[2026-03-28T12:56:49.616+0000] {logging_mixin.py:188} INFO - [2026-03-28T12:56:49.616+0000] {dagbag.py:538} INFO - Filling up the DagBag from /opt/airflow/dags/weekly_summary_pipeline.py
[2026-03-28T12:56:49.643+0000] {processor.py:840} INFO - DAG(s) 'weekly_summary_pipeline' retrieved from /opt/airflow/dags/weekly_summary_pipeline.py
[2026-03-28T12:56:49.673+0000] {logging_mixin.py:188} INFO - [2026-03-28T12:56:49.673+0000] {dag.py:3036} INFO - Sync 1 DAGs
[2026-03-28T12:56:49.697+0000] {logging_mixin.py:188} INFO - [2026-03-28T12:56:49.697+0000] {dag.py:3823} INFO - Setting next_dagrun for weekly_summary_pipeline to 2026-03-23 06:00:00+00:00, run_after=2026-03-30 06:00:00+00:00
[2026-03-28T12:56:49.730+0000] {processor.py:183} INFO - Processing /opt/airflow/dags/weekly_summary_pipeline.py took 0.118 seconds
[2026-03-28T12:57:20.047+0000] {processor.py:161} INFO - Started process (PID=18584) to work on /opt/airflow/dags/weekly_summary_pipeline.py
[2026-03-28T12:57:20.048+0000] {processor.py:830} INFO - Processing file /opt/airflow/dags/weekly_summary_pipeline.py for tasks to queue
[2026-03-28T12:57:20.050+0000] {logging_mixin.py:188} INFO - [2026-03-28T12:57:20.049+0000] {dagbag.py:538} INFO - Filling up the DagBag from /opt/airflow/dags/weekly_summary_pipeline.py
[2026-03-28T12:57:20.075+0000] {processor.py:840} INFO - DAG(s) 'weekly_summary_pipeline' retrieved from /opt/airflow/dags/weekly_summary_pipeline.py
[2026-03-28T12:57:20.109+0000] {logging_mixin.py:188} INFO - [2026-03-28T12:57:20.109+0000] {dag.py:3036} INFO - Sync 1 DAGs
[2026-03-28T12:57:20.134+0000] {logging_mixin.py:188} INFO - [2026-03-28T12:57:20.134+0000] {dag.py:3823} INFO - Setting next_dagrun for weekly_summary_pipeline to 2026-03-23 06:00:00+00:00, run_after=2026-03-30 06:00:00+00:00
[2026-03-28T12:57:20.159+0000] {processor.py:183} INFO - Processing /opt/airflow/dags/weekly_summary_pipeline.py took 0.115 seconds
[2026-03-28T12:57:50.480+0000] {processor.py:161} INFO - Started process (PID=18607) to work on /opt/airflow/dags/weekly_summary_pipeline.py
[2026-03-28T12:57:50.481+0000] {processor.py:830} INFO - Processing file /opt/airflow/dags/weekly_summary_pipeline.py for tasks to queue
[2026-03-28T12:57:50.482+0000] {logging_mixin.py:188} INFO - [2026-03-28T12:57:50.482+0000] {dagbag.py:538} INFO - Filling up the DagBag from /opt/airflow/dags/weekly_summary_pipeline.py
[2026-03-28T12:57:50.507+0000] {processor.py:840} INFO - DAG(s) 'weekly_summary_pipeline' retrieved from /opt/airflow/dags/weekly_summary_pipeline.py
[2026-03-28T12:57:50.544+0000] {logging_mixin.py:188} INFO - [2026-03-28T12:57:50.544+0000] {dag.py:3036} INFO - Sync 1 DAGs
[2026-03-28T12:57:50.568+0000] {logging_mixin.py:188} INFO - [2026-03-28T12:57:50.568+0000] {dag.py:3823} INFO - Setting next_dagrun for weekly_summary_pipeline to 2026-03-23 06:00:00+00:00, run_after=2026-03-30 06:00:00+00:00
[2026-03-28T12:57:50.596+0000] {processor.py:183} INFO - Processing /opt/airflow/dags/weekly_summary_pipeline.py took 0.119 seconds
[2026-03-28T12:58:20.936+0000] {processor.py:161} INFO - Started process (PID=18630) to work on /opt/airflow/dags/weekly_summary_pipeline.py
[2026-03-28T12:58:20.938+0000] {processor.py:830} INFO - Processing file /opt/airflow/dags/weekly_summary_pipeline.py for tasks to queue
[2026-03-28T12:58:20.939+0000] {logging_mixin.py:188} INFO - [2026-03-28T12:58:20.938+0000] {dagbag.py:538} INFO - Filling up the DagBag from /opt/airflow/dags/weekly_summary_pipeline.py
[2026-03-28T12:58:20.962+0000] {processor.py:840} INFO - DAG(s) 'weekly_summary_pipeline' retrieved from /opt/airflow/dags/weekly_summary_pipeline.py
[2026-03-28T12:58:20.994+0000] {logging_mixin.py:188} INFO - [2026-03-28T12:58:20.994+0000] {dag.py:3036} INFO - Sync 1 DAGs
[2026-03-28T12:58:21.023+0000] {logging_mixin.py:188} INFO - [2026-03-28T12:58:21.023+0000] {dag.py:3823} INFO - Setting next_dagrun for weekly_summary_pipeline to 2026-03-23 06:00:00+00:00, run_after=2026-03-30 06:00:00+00:00
[2026-03-28T12:58:21.048+0000] {processor.py:183} INFO - Processing /opt/airflow/dags/weekly_summary_pipeline.py took 0.115 seconds
[2026-03-28T12:58:51.378+0000] {processor.py:161} INFO - Started process (PID=18653) to work on /opt/airflow/dags/weekly_summary_pipeline.py
[2026-03-28T12:58:51.379+0000] {processor.py:830} INFO - Processing file /opt/airflow/dags/weekly_summary_pipeline.py for tasks to queue
[2026-03-28T12:58:51.382+0000] {logging_mixin.py:188} INFO - [2026-03-28T12:58:51.381+0000] {dagbag.py:538} INFO - Filling up the DagBag from /opt/airflow/dags/weekly_summary_pipeline.py
[2026-03-28T12:58:51.411+0000] {processor.py:840} INFO - DAG(s) 'weekly_summary_pipeline' retrieved from /opt/airflow/dags/weekly_summary_pipeline.py
[2026-03-28T12:58:51.444+0000] {logging_mixin.py:188} INFO - [2026-03-28T12:58:51.444+0000] {dag.py:3036} INFO - Sync 1 DAGs
[2026-03-28T12:58:51.470+0000] {logging_mixin.py:188} INFO - [2026-03-28T12:58:51.470+0000] {dag.py:3823} INFO - Setting next_dagrun for weekly_summary_pipeline to 2026-03-23 06:00:00+00:00, run_after=2026-03-30 06:00:00+00:00
[2026-03-28T12:58:51.508+0000] {processor.py:183} INFO - Processing /opt/airflow/dags/weekly_summary_pipeline.py took 0.133 seconds
[2026-03-28T12:59:21.847+0000] {processor.py:161} INFO - Started process (PID=18676) to work on /opt/airflow/dags/weekly_summary_pipeline.py
[2026-03-28T12:59:21.848+0000] {processor.py:830} INFO - Processing file /opt/airflow/dags/weekly_summary_pipeline.py for tasks to queue
[2026-03-28T12:59:21.850+0000] {logging_mixin.py:188} INFO - [2026-03-28T12:59:21.849+0000] {dagbag.py:538} INFO - Filling up the DagBag from /opt/airflow/dags/weekly_summary_pipeline.py
[2026-03-28T12:59:21.873+0000] {processor.py:840} INFO - DAG(s) 'weekly_summary_pipeline' retrieved from /opt/airflow/dags/weekly_summary_pipeline.py
[2026-03-28T12:59:21.903+0000] {logging_mixin.py:188} INFO - [2026-03-28T12:59:21.903+0000] {dag.py:3036} INFO - Sync 1 DAGs
[2026-03-28T12:59:21.928+0000] {logging_mixin.py:188} INFO - [2026-03-28T12:59:21.928+0000] {dag.py:3823} INFO - Setting next_dagrun for weekly_summary_pipeline to 2026-03-23 06:00:00+00:00, run_after=2026-03-30 06:00:00+00:00
[2026-03-28T12:59:21.951+0000] {processor.py:183} INFO - Processing /opt/airflow/dags/weekly_summary_pipeline.py took 0.108 seconds
[2026-03-28T12:59:52.253+0000] {processor.py:161} INFO - Started process (PID=18699) to work on /opt/airflow/dags/weekly_summary_pipeline.py
[2026-03-28T12:59:52.255+0000] {processor.py:830} INFO - Processing file /opt/airflow/dags/weekly_summary_pipeline.py for tasks to queue
[2026-03-28T12:59:52.256+0000] {logging_mixin.py:188} INFO - [2026-03-28T12:59:52.256+0000] {dagbag.py:538} INFO - Filling up the DagBag from /opt/airflow/dags/weekly_summary_pipeline.py
[2026-03-28T12:59:52.283+0000] {processor.py:840} INFO - DAG(s) 'weekly_summary_pipeline' retrieved from /opt/airflow/dags/weekly_summary_pipeline.py
[2026-03-28T12:59:52.317+0000] {logging_mixin.py:188} INFO - [2026-03-28T12:59:52.316+0000] {dag.py:3036} INFO - Sync 1 DAGs
[2026-03-28T12:59:52.344+0000] {logging_mixin.py:188} INFO - [2026-03-28T12:59:52.344+0000] {dag.py:3823} INFO - Setting next_dagrun for weekly_summary_pipeline to 2026-03-23 06:00:00+00:00, run_after=2026-03-30 06:00:00+00:00
[2026-03-28T12:59:52.371+0000] {processor.py:183} INFO - Processing /opt/airflow/dags/weekly_summary_pipeline.py took 0.121 seconds
[2026-03-28T13:00:22.666+0000] {processor.py:161} INFO - Started process (PID=18722) to work on /opt/airflow/dags/weekly_summary_pipeline.py
[2026-03-28T13:00:22.667+0000] {processor.py:830} INFO - Processing file /opt/airflow/dags/weekly_summary_pipeline.py for tasks to queue
[2026-03-28T13:00:22.668+0000] {logging_mixin.py:188} INFO - [2026-03-28T13:00:22.668+0000] {dagbag.py:538} INFO - Filling up the DagBag from /opt/airflow/dags/weekly_summary_pipeline.py
[2026-03-28T13:00:22.690+0000] {processor.py:840} INFO - DAG(s) 'weekly_summary_pipeline' retrieved from /opt/airflow/dags/weekly_summary_pipeline.py
[2026-03-28T13:00:22.721+0000] {logging_mixin.py:188} INFO - [2026-03-28T13:00:22.721+0000] {dag.py:3036} INFO - Sync 1 DAGs
[2026-03-28T13:00:22.747+0000] {logging_mixin.py:188} INFO - [2026-03-28T13:00:22.747+0000] {dag.py:3823} INFO - Setting next_dagrun for weekly_summary_pipeline to 2026-03-23 06:00:00+00:00, run_after=2026-03-30 06:00:00+00:00
[2026-03-28T13:00:22.771+0000] {processor.py:183} INFO - Processing /opt/airflow/dags/weekly_summary_pipeline.py took 0.108 seconds
[2026-03-28T13:00:53.092+0000] {processor.py:161} INFO - Started process (PID=18745) to work on /opt/airflow/dags/weekly_summary_pipeline.py
[2026-03-28T13:00:53.093+0000] {processor.py:830} INFO - Processing file /opt/airflow/dags/weekly_summary_pipeline.py for tasks to queue
[2026-03-28T13:00:53.094+0000] {logging_mixin.py:188} INFO - [2026-03-28T13:00:53.093+0000] {dagbag.py:538} INFO - Filling up the DagBag from /opt/airflow/dags/weekly_summary_pipeline.py
[2026-03-28T13:00:53.114+0000] {processor.py:840} INFO - DAG(s) 'weekly_summary_pipeline' retrieved from /opt/airflow/dags/weekly_summary_pipeline.py
[2026-03-28T13:00:53.142+0000] {logging_mixin.py:188} INFO - [2026-03-28T13:00:53.142+0000] {dag.py:3036} INFO - Sync 1 DAGs
[2026-03-28T13:00:53.168+0000] {logging_mixin.py:188} INFO - [2026-03-28T13:00:53.168+0000] {dag.py:3823} INFO - Setting next_dagrun for weekly_summary_pipeline to 2026-03-23 06:00:00+00:00, run_after=2026-03-30 06:00:00+00:00
[2026-03-28T13:00:53.196+0000] {processor.py:183} INFO - Processing /opt/airflow/dags/weekly_summary_pipeline.py took 0.108 seconds
[2026-03-28T13:01:23.543+0000] {processor.py:161} INFO - Started process (PID=18767) to work on /opt/airflow/dags/weekly_summary_pipeline.py
[2026-03-28T13:01:23.545+0000] {processor.py:830} INFO - Processing file /opt/airflow/dags/weekly_summary_pipeline.py for tasks to queue
[2026-03-28T13:01:23.546+0000] {logging_mixin.py:188} INFO - [2026-03-28T13:01:23.545+0000] {dagbag.py:538} INFO - Filling up the DagBag from /opt/airflow/dags/weekly_summary_pipeline.py
[2026-03-28T13:01:23.566+0000] {processor.py:840} INFO - DAG(s) 'weekly_summary_pipeline' retrieved from /opt/airflow/dags/weekly_summary_pipeline.py
[2026-03-28T13:01:23.594+0000] {logging_mixin.py:188} INFO - [2026-03-28T13:01:23.594+0000] {dag.py:3036} INFO - Sync 1 DAGs
[2026-03-28T13:01:23.618+0000] {logging_mixin.py:188} INFO - [2026-03-28T13:01:23.618+0000] {dag.py:3823} INFO - Setting next_dagrun for weekly_summary_pipeline to 2026-03-23 06:00:00+00:00, run_after=2026-03-30 06:00:00+00:00
[2026-03-28T13:01:23.642+0000] {processor.py:183} INFO - Processing /opt/airflow/dags/weekly_summary_pipeline.py took 0.102 seconds
[2026-03-28T13:01:54.016+0000] {processor.py:161} INFO - Started process (PID=18790) to work on /opt/airflow/dags/weekly_summary_pipeline.py
[2026-03-28T13:01:54.017+0000] {processor.py:830} INFO - Processing file /opt/airflow/dags/weekly_summary_pipeline.py for tasks to queue
[2026-03-28T13:01:54.018+0000] {logging_mixin.py:188} INFO - [2026-03-28T13:01:54.017+0000] {dagbag.py:538} INFO - Filling up the DagBag from /opt/airflow/dags/weekly_summary_pipeline.py
[2026-03-28T13:01:54.041+0000] {processor.py:840} INFO - DAG(s) 'weekly_summary_pipeline' retrieved from /opt/airflow/dags/weekly_summary_pipeline.py
[2026-03-28T13:01:54.072+0000] {logging_mixin.py:188} INFO - [2026-03-28T13:01:54.071+0000] {dag.py:3036} INFO - Sync 1 DAGs
[2026-03-28T13:01:54.097+0000] {logging_mixin.py:188} INFO - [2026-03-28T13:01:54.096+0000] {dag.py:3823} INFO - Setting next_dagrun for weekly_summary_pipeline to 2026-03-23 06:00:00+00:00, run_after=2026-03-30 06:00:00+00:00
[2026-03-28T13:01:54.120+0000] {processor.py:183} INFO - Processing /opt/airflow/dags/weekly_summary_pipeline.py took 0.107 seconds
[2026-03-28T13:02:24.482+0000] {processor.py:161} INFO - Started process (PID=18814) to work on /opt/airflow/dags/weekly_summary_pipeline.py
[2026-03-28T13:02:24.484+0000] {processor.py:830} INFO - Processing file /opt/airflow/dags/weekly_summary_pipeline.py for tasks to queue
[2026-03-28T13:02:24.486+0000] {logging_mixin.py:188} INFO - [2026-03-28T13:02:24.485+0000] {dagbag.py:538} INFO - Filling up the DagBag from /opt/airflow/dags/weekly_summary_pipeline.py
[2026-03-28T13:02:24.518+0000] {processor.py:840} INFO - DAG(s) 'weekly_summary_pipeline' retrieved from /opt/airflow/dags/weekly_summary_pipeline.py
[2026-03-28T13:02:24.559+0000] {logging_mixin.py:188} INFO - [2026-03-28T13:02:24.559+0000] {dag.py:3036} INFO - Sync 1 DAGs
[2026-03-28T13:02:24.594+0000] {logging_mixin.py:188} INFO - [2026-03-28T13:02:24.593+0000] {dag.py:3823} INFO - Setting next_dagrun for weekly_summary_pipeline to 2026-03-23 06:00:00+00:00, run_after=2026-03-30 06:00:00+00:00
[2026-03-28T13:02:24.624+0000] {processor.py:183} INFO - Processing /opt/airflow/dags/weekly_summary_pipeline.py took 0.159 seconds
[2026-03-28T13:02:54.953+0000] {processor.py:161} INFO - Started process (PID=18829) to work on /opt/airflow/dags/weekly_summary_pipeline.py
[2026-03-28T13:02:54.955+0000] {processor.py:830} INFO - Processing file /opt/airflow/dags/weekly_summary_pipeline.py for tasks to queue
[2026-03-28T13:02:54.955+0000] {logging_mixin.py:188} INFO - [2026-03-28T13:02:54.955+0000] {dagbag.py:538} INFO - Filling up the DagBag from /opt/airflow/dags/weekly_summary_pipeline.py
[2026-03-28T13:02:54.979+0000] {processor.py:840} INFO - DAG(s) 'weekly_summary_pipeline' retrieved from /opt/airflow/dags/weekly_summary_pipeline.py
[2026-03-28T13:02:55.009+0000] {logging_mixin.py:188} INFO - [2026-03-28T13:02:55.009+0000] {dag.py:3036} INFO - Sync 1 DAGs
[2026-03-28T13:02:55.034+0000] {logging_mixin.py:188} INFO - [2026-03-28T13:02:55.034+0000] {dag.py:3823} INFO - Setting next_dagrun for weekly_summary_pipeline to 2026-03-23 06:00:00+00:00, run_after=2026-03-30 06:00:00+00:00
[2026-03-28T13:02:55.058+0000] {processor.py:183} INFO - Processing /opt/airflow/dags/weekly_summary_pipeline.py took 0.107 seconds
[2026-03-28T13:03:25.406+0000] {processor.py:161} INFO - Started process (PID=18852) to work on /opt/airflow/dags/weekly_summary_pipeline.py
[2026-03-28T13:03:25.407+0000] {processor.py:830} INFO - Processing file /opt/airflow/dags/weekly_summary_pipeline.py for tasks to queue
[2026-03-28T13:03:25.408+0000] {logging_mixin.py:188} INFO - [2026-03-28T13:03:25.408+0000] {dagbag.py:538} INFO - Filling up the DagBag from /opt/airflow/dags/weekly_summary_pipeline.py
[2026-03-28T13:03:25.429+0000] {processor.py:840} INFO - DAG(s) 'weekly_summary_pipeline' retrieved from /opt/airflow/dags/weekly_summary_pipeline.py
[2026-03-28T13:03:25.457+0000] {logging_mixin.py:188} INFO - [2026-03-28T13:03:25.457+0000] {dag.py:3036} INFO - Sync 1 DAGs
[2026-03-28T13:03:25.481+0000] {logging_mixin.py:188} INFO - [2026-03-28T13:03:25.481+0000] {dag.py:3823} INFO - Setting next_dagrun for weekly_summary_pipeline to 2026-03-23 06:00:00+00:00, run_after=2026-03-30 06:00:00+00:00
[2026-03-28T13:03:25.505+0000] {processor.py:183} INFO - Processing /opt/airflow/dags/weekly_summary_pipeline.py took 0.102 seconds
[2026-03-28T13:03:55.856+0000] {processor.py:161} INFO - Started process (PID=18875) to work on /opt/airflow/dags/weekly_summary_pipeline.py
[2026-03-28T13:03:55.857+0000] {processor.py:830} INFO - Processing file /opt/airflow/dags/weekly_summary_pipeline.py for tasks to queue
[2026-03-28T13:03:55.858+0000] {logging_mixin.py:188} INFO - [2026-03-28T13:03:55.857+0000] {dagbag.py:538} INFO - Filling up the DagBag from /opt/airflow/dags/weekly_summary_pipeline.py
[2026-03-28T13:03:55.879+0000] {processor.py:840} INFO - DAG(s) 'weekly_summary_pipeline' retrieved from /opt/airflow/dags/weekly_summary_pipeline.py
[2026-03-28T13:03:55.909+0000] {logging_mixin.py:188} INFO - [2026-03-28T13:03:55.908+0000] {dag.py:3036} INFO - Sync 1 DAGs
[2026-03-28T13:03:55.933+0000] {logging_mixin.py:188} INFO - [2026-03-28T13:03:55.933+0000] {dag.py:3823} INFO - Setting next_dagrun for weekly_summary_pipeline to 2026-03-23 06:00:00+00:00, run_after=2026-03-30 06:00:00+00:00
[2026-03-28T13:03:55.956+0000] {processor.py:183} INFO - Processing /opt/airflow/dags/weekly_summary_pipeline.py took 0.103 seconds
[2026-03-28T13:04:26.290+0000] {processor.py:161} INFO - Started process (PID=18898) to work on /opt/airflow/dags/weekly_summary_pipeline.py
[2026-03-28T13:04:26.291+0000] {processor.py:830} INFO - Processing file /opt/airflow/dags/weekly_summary_pipeline.py for tasks to queue
[2026-03-28T13:04:26.292+0000] {logging_mixin.py:188} INFO - [2026-03-28T13:04:26.292+0000] {dagbag.py:538} INFO - Filling up the DagBag from /opt/airflow/dags/weekly_summary_pipeline.py
[2026-03-28T13:04:26.313+0000] {processor.py:840} INFO - DAG(s) 'weekly_summary_pipeline' retrieved from /opt/airflow/dags/weekly_summary_pipeline.py
[2026-03-28T13:04:26.344+0000] {logging_mixin.py:188} INFO - [2026-03-28T13:04:26.343+0000] {dag.py:3036} INFO - Sync 1 DAGs
[2026-03-28T13:04:26.367+0000] {logging_mixin.py:188} INFO - [2026-03-28T13:04:26.367+0000] {dag.py:3823} INFO - Setting next_dagrun for weekly_summary_pipeline to 2026-03-23 06:00:00+00:00, run_after=2026-03-30 06:00:00+00:00
[2026-03-28T13:04:26.392+0000] {processor.py:183} INFO - Processing /opt/airflow/dags/weekly_summary_pipeline.py took 0.104 seconds
[2026-03-28T13:04:56.760+0000] {processor.py:161} INFO - Started process (PID=18921) to work on /opt/airflow/dags/weekly_summary_pipeline.py
[2026-03-28T13:04:56.761+0000] {processor.py:830} INFO - Processing file /opt/airflow/dags/weekly_summary_pipeline.py for tasks to queue
[2026-03-28T13:04:56.762+0000] {logging_mixin.py:188} INFO - [2026-03-28T13:04:56.761+0000] {dagbag.py:538} INFO - Filling up the DagBag from /opt/airflow/dags/weekly_summary_pipeline.py
[2026-03-28T13:04:56.789+0000] {processor.py:840} INFO - DAG(s) 'weekly_summary_pipeline' retrieved from /opt/airflow/dags/weekly_summary_pipeline.py
[2026-03-28T13:04:56.821+0000] {logging_mixin.py:188} INFO - [2026-03-28T13:04:56.820+0000] {dag.py:3036} INFO - Sync 1 DAGs
[2026-03-28T13:04:56.848+0000] {logging_mixin.py:188} INFO - [2026-03-28T13:04:56.847+0000] {dag.py:3823} INFO - Setting next_dagrun for weekly_summary_pipeline to 2026-03-23 06:00:00+00:00, run_after=2026-03-30 06:00:00+00:00
[2026-03-28T13:04:56.868+0000] {processor.py:183} INFO - Processing /opt/airflow/dags/weekly_summary_pipeline.py took 0.112 seconds
[2026-03-28T13:05:27.186+0000] {processor.py:161} INFO - Started process (PID=18944) to work on /opt/airflow/dags/weekly_summary_pipeline.py
[2026-03-28T13:05:27.188+0000] {processor.py:830} INFO - Processing file /opt/airflow/dags/weekly_summary_pipeline.py for tasks to queue
[2026-03-28T13:05:27.188+0000] {logging_mixin.py:188} INFO - [2026-03-28T13:05:27.188+0000] {dagbag.py:538} INFO - Filling up the DagBag from /opt/airflow/dags/weekly_summary_pipeline.py
[2026-03-28T13:05:27.210+0000] {processor.py:840} INFO - DAG(s) 'weekly_summary_pipeline' retrieved from /opt/airflow/dags/weekly_summary_pipeline.py
[2026-03-28T13:05:27.237+0000] {logging_mixin.py:188} INFO - [2026-03-28T13:05:27.237+0000] {dag.py:3036} INFO - Sync 1 DAGs
[2026-03-28T13:05:27.261+0000] {logging_mixin.py:188} INFO - [2026-03-28T13:05:27.261+0000] {dag.py:3823} INFO - Setting next_dagrun for weekly_summary_pipeline to 2026-03-23 06:00:00+00:00, run_after=2026-03-30 06:00:00+00:00
[2026-03-28T13:05:27.286+0000] {processor.py:183} INFO - Processing /opt/airflow/dags/weekly_summary_pipeline.py took 0.104 seconds
[2026-03-28T13:05:57.639+0000] {processor.py:161} INFO - Started process (PID=18967) to work on /opt/airflow/dags/weekly_summary_pipeline.py
[2026-03-28T13:05:57.640+0000] {processor.py:830} INFO - Processing file /opt/airflow/dags/weekly_summary_pipeline.py for tasks to queue
[2026-03-28T13:05:57.641+0000] {logging_mixin.py:188} INFO - [2026-03-28T13:05:57.641+0000] {dagbag.py:538} INFO - Filling up the DagBag from /opt/airflow/dags/weekly_summary_pipeline.py
[2026-03-28T13:05:57.662+0000] {processor.py:840} INFO - DAG(s) 'weekly_summary_pipeline' retrieved from /opt/airflow/dags/weekly_summary_pipeline.py
[2026-03-28T13:05:57.687+0000] {logging_mixin.py:188} INFO - [2026-03-28T13:05:57.687+0000] {dag.py:3036} INFO - Sync 1 DAGs
[2026-03-28T13:05:57.710+0000] {logging_mixin.py:188} INFO - [2026-03-28T13:05:57.710+0000] {dag.py:3823} INFO - Setting next_dagrun for weekly_summary_pipeline to 2026-03-23 06:00:00+00:00, run_after=2026-03-30 06:00:00+00:00
[2026-03-28T13:05:57.736+0000] {processor.py:183} INFO - Processing /opt/airflow/dags/weekly_summary_pipeline.py took 0.099 seconds
[2026-03-28T13:06:28.058+0000] {processor.py:161} INFO - Started process (PID=18990) to work on /opt/airflow/dags/weekly_summary_pipeline.py
[2026-03-28T13:06:28.059+0000] {processor.py:830} INFO - Processing file /opt/airflow/dags/weekly_summary_pipeline.py for tasks to queue
[2026-03-28T13:06:28.061+0000] {logging_mixin.py:188} INFO - [2026-03-28T13:06:28.060+0000] {dagbag.py:538} INFO - Filling up the DagBag from /opt/airflow/dags/weekly_summary_pipeline.py
[2026-03-28T13:06:28.084+0000] {processor.py:840} INFO - DAG(s) 'weekly_summary_pipeline' retrieved from /opt/airflow/dags/weekly_summary_pipeline.py
[2026-03-28T13:06:28.114+0000] {logging_mixin.py:188} INFO - [2026-03-28T13:06:28.114+0000] {dag.py:3036} INFO - Sync 1 DAGs
[2026-03-28T13:06:28.140+0000] {logging_mixin.py:188} INFO - [2026-03-28T13:06:28.140+0000] {dag.py:3823} INFO - Setting next_dagrun for weekly_summary_pipeline to 2026-03-23 06:00:00+00:00, run_after=2026-03-30 06:00:00+00:00
[2026-03-28T13:06:28.164+0000] {processor.py:183} INFO - Processing /opt/airflow/dags/weekly_summary_pipeline.py took 0.109 seconds
[2026-03-28T13:06:58.579+0000] {processor.py:161} INFO - Started process (PID=19013) to work on /opt/airflow/dags/weekly_summary_pipeline.py
[2026-03-28T13:06:58.581+0000] {processor.py:830} INFO - Processing file /opt/airflow/dags/weekly_summary_pipeline.py for tasks to queue
[2026-03-28T13:06:58.582+0000] {logging_mixin.py:188} INFO - [2026-03-28T13:06:58.582+0000] {dagbag.py:538} INFO - Filling up the DagBag from /opt/airflow/dags/weekly_summary_pipeline.py
[2026-03-28T13:06:58.607+0000] {processor.py:840} INFO - DAG(s) 'weekly_summary_pipeline' retrieved from /opt/airflow/dags/weekly_summary_pipeline.py
[2026-03-28T13:06:58.638+0000] {logging_mixin.py:188} INFO - [2026-03-28T13:06:58.638+0000] {dag.py:3036} INFO - Sync 1 DAGs
[2026-03-28T13:06:58.663+0000] {logging_mixin.py:188} INFO - [2026-03-28T13:06:58.662+0000] {dag.py:3823} INFO - Setting next_dagrun for weekly_summary_pipeline to 2026-03-23 06:00:00+00:00, run_after=2026-03-30 06:00:00+00:00
[2026-03-28T13:06:58.685+0000] {processor.py:183} INFO - Processing /opt/airflow/dags/weekly_summary_pipeline.py took 0.110 seconds
[2026-03-28T13:07:29.006+0000] {processor.py:161} INFO - Started process (PID=19036) to work on /opt/airflow/dags/weekly_summary_pipeline.py
[2026-03-28T13:07:29.007+0000] {processor.py:830} INFO - Processing file /opt/airflow/dags/weekly_summary_pipeline.py for tasks to queue
[2026-03-28T13:07:29.009+0000] {logging_mixin.py:188} INFO - [2026-03-28T13:07:29.008+0000] {dagbag.py:538} INFO - Filling up the DagBag from /opt/airflow/dags/weekly_summary_pipeline.py
[2026-03-28T13:07:29.037+0000] {processor.py:840} INFO - DAG(s) 'weekly_summary_pipeline' retrieved from /opt/airflow/dags/weekly_summary_pipeline.py
[2026-03-28T13:07:29.112+0000] {logging_mixin.py:188} INFO - [2026-03-28T13:07:29.112+0000] {dag.py:3036} INFO - Sync 1 DAGs
[2026-03-28T13:07:29.165+0000] {logging_mixin.py:188} INFO - [2026-03-28T13:07:29.164+0000] {dag.py:3823} INFO - Setting next_dagrun for weekly_summary_pipeline to 2026-03-23 06:00:00+00:00, run_after=2026-03-30 06:00:00+00:00
[2026-03-28T13:07:29.192+0000] {processor.py:183} INFO - Processing /opt/airflow/dags/weekly_summary_pipeline.py took 0.189 seconds
[2026-03-28T13:07:59.569+0000] {processor.py:161} INFO - Started process (PID=19059) to work on /opt/airflow/dags/weekly_summary_pipeline.py
[2026-03-28T13:07:59.571+0000] {processor.py:830} INFO - Processing file /opt/airflow/dags/weekly_summary_pipeline.py for tasks to queue
[2026-03-28T13:07:59.572+0000] {logging_mixin.py:188} INFO - [2026-03-28T13:07:59.572+0000] {dagbag.py:538} INFO - Filling up the DagBag from /opt/airflow/dags/weekly_summary_pipeline.py
[2026-03-28T13:07:59.593+0000] {processor.py:840} INFO - DAG(s) 'weekly_summary_pipeline' retrieved from /opt/airflow/dags/weekly_summary_pipeline.py
[2026-03-28T13:07:59.619+0000] {logging_mixin.py:188} INFO - [2026-03-28T13:07:59.619+0000] {dag.py:3036} INFO - Sync 1 DAGs
[2026-03-28T13:07:59.642+0000] {logging_mixin.py:188} INFO - [2026-03-28T13:07:59.641+0000] {dag.py:3823} INFO - Setting next_dagrun for weekly_summary_pipeline to 2026-03-23 06:00:00+00:00, run_after=2026-03-30 06:00:00+00:00
[2026-03-28T13:07:59.669+0000] {processor.py:183} INFO - Processing /opt/airflow/dags/weekly_summary_pipeline.py took 0.103 seconds
[2026-03-28T13:08:29.978+0000] {processor.py:161} INFO - Started process (PID=19082) to work on /opt/airflow/dags/weekly_summary_pipeline.py
[2026-03-28T13:08:29.979+0000] {processor.py:830} INFO - Processing file /opt/airflow/dags/weekly_summary_pipeline.py for tasks to queue
[2026-03-28T13:08:29.980+0000] {logging_mixin.py:188} INFO - [2026-03-28T13:08:29.980+0000] {dagbag.py:538} INFO - Filling up the DagBag from /opt/airflow/dags/weekly_summary_pipeline.py
[2026-03-28T13:08:30.003+0000] {processor.py:840} INFO - DAG(s) 'weekly_summary_pipeline' retrieved from /opt/airflow/dags/weekly_summary_pipeline.py
[2026-03-28T13:08:30.034+0000] {logging_mixin.py:188} INFO - [2026-03-28T13:08:30.034+0000] {dag.py:3036} INFO - Sync 1 DAGs
[2026-03-28T13:08:30.061+0000] {logging_mixin.py:188} INFO - [2026-03-28T13:08:30.061+0000] {dag.py:3823} INFO - Setting next_dagrun for weekly_summary_pipeline to 2026-03-23 06:00:00+00:00, run_after=2026-03-30 06:00:00+00:00
[2026-03-28T13:08:30.085+0000] {processor.py:183} INFO - Processing /opt/airflow/dags/weekly_summary_pipeline.py took 0.110 seconds
[2026-03-28T13:09:00.438+0000] {processor.py:161} INFO - Started process (PID=19105) to work on /opt/airflow/dags/weekly_summary_pipeline.py
[2026-03-28T13:09:00.439+0000] {processor.py:830} INFO - Processing file /opt/airflow/dags/weekly_summary_pipeline.py for tasks to queue
[2026-03-28T13:09:00.441+0000] {logging_mixin.py:188} INFO - [2026-03-28T13:09:00.441+0000] {dagbag.py:538} INFO - Filling up the DagBag from /opt/airflow/dags/weekly_summary_pipeline.py
[2026-03-28T13:09:00.467+0000] {processor.py:840} INFO - DAG(s) 'weekly_summary_pipeline' retrieved from /opt/airflow/dags/weekly_summary_pipeline.py
[2026-03-28T13:09:00.495+0000] {logging_mixin.py:188} INFO - [2026-03-28T13:09:00.495+0000] {dag.py:3036} INFO - Sync 1 DAGs
[2026-03-28T13:09:00.522+0000] {logging_mixin.py:188} INFO - [2026-03-28T13:09:00.522+0000] {dag.py:3823} INFO - Setting next_dagrun for weekly_summary_pipeline to 2026-03-23 06:00:00+00:00, run_after=2026-03-30 06:00:00+00:00
[2026-03-28T13:09:00.551+0000] {processor.py:183} INFO - Processing /opt/airflow/dags/weekly_summary_pipeline.py took 0.116 seconds
[2026-03-28T13:09:30.904+0000] {processor.py:161} INFO - Started process (PID=19129) to work on /opt/airflow/dags/weekly_summary_pipeline.py
[2026-03-28T13:09:30.905+0000] {processor.py:830} INFO - Processing file /opt/airflow/dags/weekly_summary_pipeline.py for tasks to queue
[2026-03-28T13:09:30.906+0000] {logging_mixin.py:188} INFO - [2026-03-28T13:09:30.905+0000] {dagbag.py:538} INFO - Filling up the DagBag from /opt/airflow/dags/weekly_summary_pipeline.py
[2026-03-28T13:09:30.925+0000] {processor.py:840} INFO - DAG(s) 'weekly_summary_pipeline' retrieved from /opt/airflow/dags/weekly_summary_pipeline.py
[2026-03-28T13:09:30.951+0000] {logging_mixin.py:188} INFO - [2026-03-28T13:09:30.951+0000] {dag.py:3036} INFO - Sync 1 DAGs
[2026-03-28T13:09:30.979+0000] {logging_mixin.py:188} INFO - [2026-03-28T13:09:30.978+0000] {dag.py:3823} INFO - Setting next_dagrun for weekly_summary_pipeline to 2026-03-23 06:00:00+00:00, run_after=2026-03-30 06:00:00+00:00
[2026-03-28T13:09:31.002+0000] {processor.py:183} INFO - Processing /opt/airflow/dags/weekly_summary_pipeline.py took 0.101 seconds
[2026-03-28T13:10:01.336+0000] {processor.py:161} INFO - Started process (PID=19152) to work on /opt/airflow/dags/weekly_summary_pipeline.py
[2026-03-28T13:10:01.337+0000] {processor.py:830} INFO - Processing file /opt/airflow/dags/weekly_summary_pipeline.py for tasks to queue
[2026-03-28T13:10:01.337+0000] {logging_mixin.py:188} INFO - [2026-03-28T13:10:01.337+0000] {dagbag.py:538} INFO - Filling up the DagBag from /opt/airflow/dags/weekly_summary_pipeline.py
[2026-03-28T13:10:01.357+0000] {processor.py:840} INFO - DAG(s) 'weekly_summary_pipeline' retrieved from /opt/airflow/dags/weekly_summary_pipeline.py
[2026-03-28T13:10:01.388+0000] {logging_mixin.py:188} INFO - [2026-03-28T13:10:01.387+0000] {dag.py:3036} INFO - Sync 1 DAGs
[2026-03-28T13:10:01.411+0000] {logging_mixin.py:188} INFO - [2026-03-28T13:10:01.411+0000] {dag.py:3823} INFO - Setting next_dagrun for weekly_summary_pipeline to 2026-03-23 06:00:00+00:00, run_after=2026-03-30 06:00:00+00:00
[2026-03-28T13:10:01.435+0000] {processor.py:183} INFO - Processing /opt/airflow/dags/weekly_summary_pipeline.py took 0.102 seconds
[2026-03-28T13:10:31.800+0000] {processor.py:161} INFO - Started process (PID=19175) to work on /opt/airflow/dags/weekly_summary_pipeline.py
[2026-03-28T13:10:31.801+0000] {processor.py:830} INFO - Processing file /opt/airflow/dags/weekly_summary_pipeline.py for tasks to queue
[2026-03-28T13:10:31.803+0000] {logging_mixin.py:188} INFO - [2026-03-28T13:10:31.803+0000] {dagbag.py:538} INFO - Filling up the DagBag from /opt/airflow/dags/weekly_summary_pipeline.py
[2026-03-28T13:10:31.824+0000] {processor.py:840} INFO - DAG(s) 'weekly_summary_pipeline' retrieved from /opt/airflow/dags/weekly_summary_pipeline.py
[2026-03-28T13:10:31.852+0000] {logging_mixin.py:188} INFO - [2026-03-28T13:10:31.852+0000] {dag.py:3036} INFO - Sync 1 DAGs
[2026-03-28T13:10:31.876+0000] {logging_mixin.py:188} INFO - [2026-03-28T13:10:31.876+0000] {dag.py:3823} INFO - Setting next_dagrun for weekly_summary_pipeline to 2026-03-23 06:00:00+00:00, run_after=2026-03-30 06:00:00+00:00
[2026-03-28T13:10:31.898+0000] {processor.py:183} INFO - Processing /opt/airflow/dags/weekly_summary_pipeline.py took 0.103 seconds
[2026-03-28T13:11:02.228+0000] {processor.py:161} INFO - Started process (PID=19198) to work on /opt/airflow/dags/weekly_summary_pipeline.py
[2026-03-28T13:11:02.229+0000] {processor.py:830} INFO - Processing file /opt/airflow/dags/weekly_summary_pipeline.py for tasks to queue
[2026-03-28T13:11:02.230+0000] {logging_mixin.py:188} INFO - [2026-03-28T13:11:02.230+0000] {dagbag.py:538} INFO - Filling up the DagBag from /opt/airflow/dags/weekly_summary_pipeline.py
[2026-03-28T13:11:02.250+0000] {processor.py:840} INFO - DAG(s) 'weekly_summary_pipeline' retrieved from /opt/airflow/dags/weekly_summary_pipeline.py
[2026-03-28T13:11:02.278+0000] {logging_mixin.py:188} INFO - [2026-03-28T13:11:02.278+0000] {dag.py:3036} INFO - Sync 1 DAGs
[2026-03-28T13:11:02.300+0000] {logging_mixin.py:188} INFO - [2026-03-28T13:11:02.299+0000] {dag.py:3823} INFO - Setting next_dagrun for weekly_summary_pipeline to 2026-03-23 06:00:00+00:00, run_after=2026-03-30 06:00:00+00:00
[2026-03-28T13:11:02.318+0000] {processor.py:183} INFO - Processing /opt/airflow/dags/weekly_summary_pipeline.py took 0.094 seconds
[2026-03-28T13:11:32.633+0000] {processor.py:161} INFO - Started process (PID=19221) to work on /opt/airflow/dags/weekly_summary_pipeline.py
[2026-03-28T13:11:32.635+0000] {processor.py:830} INFO - Processing file /opt/airflow/dags/weekly_summary_pipeline.py for tasks to queue
[2026-03-28T13:11:32.636+0000] {logging_mixin.py:188} INFO - [2026-03-28T13:11:32.635+0000] {dagbag.py:538} INFO - Filling up the DagBag from /opt/airflow/dags/weekly_summary_pipeline.py
[2026-03-28T13:11:32.668+0000] {processor.py:840} INFO - DAG(s) 'weekly_summary_pipeline' retrieved from /opt/airflow/dags/weekly_summary_pipeline.py
[2026-03-28T13:11:32.701+0000] {logging_mixin.py:188} INFO - [2026-03-28T13:11:32.701+0000] {dag.py:3036} INFO - Sync 1 DAGs
[2026-03-28T13:11:32.728+0000] {logging_mixin.py:188} INFO - [2026-03-28T13:11:32.727+0000] {dag.py:3823} INFO - Setting next_dagrun for weekly_summary_pipeline to 2026-03-23 06:00:00+00:00, run_after=2026-03-30 06:00:00+00:00
[2026-03-28T13:11:32.751+0000] {processor.py:183} INFO - Processing /opt/airflow/dags/weekly_summary_pipeline.py took 0.121 seconds
[2026-03-28T13:12:02.996+0000] {processor.py:161} INFO - Started process (PID=19236) to work on /opt/airflow/dags/weekly_summary_pipeline.py
[2026-03-28T13:12:02.997+0000] {processor.py:830} INFO - Processing file /opt/airflow/dags/weekly_summary_pipeline.py for tasks to queue
[2026-03-28T13:12:02.998+0000] {logging_mixin.py:188} INFO - [2026-03-28T13:12:02.998+0000] {dagbag.py:538} INFO - Filling up the DagBag from /opt/airflow/dags/weekly_summary_pipeline.py
[2026-03-28T13:12:03.020+0000] {processor.py:840} INFO - DAG(s) 'weekly_summary_pipeline' retrieved from /opt/airflow/dags/weekly_summary_pipeline.py
[2026-03-28T13:12:03.048+0000] {logging_mixin.py:188} INFO - [2026-03-28T13:12:03.048+0000] {dag.py:3036} INFO - Sync 1 DAGs
[2026-03-28T13:12:03.071+0000] {logging_mixin.py:188} INFO - [2026-03-28T13:12:03.071+0000] {dag.py:3823} INFO - Setting next_dagrun for weekly_summary_pipeline to 2026-03-23 06:00:00+00:00, run_after=2026-03-30 06:00:00+00:00
[2026-03-28T13:12:03.092+0000] {processor.py:183} INFO - Processing /opt/airflow/dags/weekly_summary_pipeline.py took 0.100 seconds
[2026-03-28T13:12:33.435+0000] {processor.py:161} INFO - Started process (PID=19259) to work on /opt/airflow/dags/weekly_summary_pipeline.py
[2026-03-28T13:12:33.436+0000] {processor.py:830} INFO - Processing file /opt/airflow/dags/weekly_summary_pipeline.py for tasks to queue
[2026-03-28T13:12:33.437+0000] {logging_mixin.py:188} INFO - [2026-03-28T13:12:33.437+0000] {dagbag.py:538} INFO - Filling up the DagBag from /opt/airflow/dags/weekly_summary_pipeline.py
[2026-03-28T13:12:33.459+0000] {processor.py:840} INFO - DAG(s) 'weekly_summary_pipeline' retrieved from /opt/airflow/dags/weekly_summary_pipeline.py
[2026-03-28T13:12:33.492+0000] {logging_mixin.py:188} INFO - [2026-03-28T13:12:33.492+0000] {dag.py:3036} INFO - Sync 1 DAGs
[2026-03-28T13:12:33.518+0000] {logging_mixin.py:188} INFO - [2026-03-28T13:12:33.518+0000] {dag.py:3823} INFO - Setting next_dagrun for weekly_summary_pipeline to 2026-03-23 06:00:00+00:00, run_after=2026-03-30 06:00:00+00:00
[2026-03-28T13:12:33.540+0000] {processor.py:183} INFO - Processing /opt/airflow/dags/weekly_summary_pipeline.py took 0.108 seconds
[2026-03-28T13:13:03.883+0000] {processor.py:161} INFO - Started process (PID=19282) to work on /opt/airflow/dags/weekly_summary_pipeline.py
[2026-03-28T13:13:03.884+0000] {processor.py:830} INFO - Processing file /opt/airflow/dags/weekly_summary_pipeline.py for tasks to queue
[2026-03-28T13:13:03.885+0000] {logging_mixin.py:188} INFO - [2026-03-28T13:13:03.885+0000] {dagbag.py:538} INFO - Filling up the DagBag from /opt/airflow/dags/weekly_summary_pipeline.py
[2026-03-28T13:13:03.904+0000] {processor.py:840} INFO - DAG(s) 'weekly_summary_pipeline' retrieved from /opt/airflow/dags/weekly_summary_pipeline.py
[2026-03-28T13:13:03.932+0000] {logging_mixin.py:188} INFO - [2026-03-28T13:13:03.932+0000] {dag.py:3036} INFO - Sync 1 DAGs
[2026-03-28T13:13:03.963+0000] {logging_mixin.py:188} INFO - [2026-03-28T13:13:03.963+0000] {dag.py:3823} INFO - Setting next_dagrun for weekly_summary_pipeline to 2026-03-23 06:00:00+00:00, run_after=2026-03-30 06:00:00+00:00
[2026-03-28T13:13:03.989+0000] {processor.py:183} INFO - Processing /opt/airflow/dags/weekly_summary_pipeline.py took 0.108 seconds
[2026-03-28T13:13:34.216+0000] {processor.py:161} INFO - Started process (PID=19305) to work on /opt/airflow/dags/weekly_summary_pipeline.py
[2026-03-28T13:13:34.217+0000] {processor.py:830} INFO - Processing file /opt/airflow/dags/weekly_summary_pipeline.py for tasks to queue
[2026-03-28T13:13:34.218+0000] {logging_mixin.py:188} INFO - [2026-03-28T13:13:34.218+0000] {dagbag.py:538} INFO - Filling up the DagBag from /opt/airflow/dags/weekly_summary_pipeline.py
[2026-03-28T13:13:34.238+0000] {processor.py:840} INFO - DAG(s) 'weekly_summary_pipeline' retrieved from /opt/airflow/dags/weekly_summary_pipeline.py
[2026-03-28T13:13:34.274+0000] {logging_mixin.py:188} INFO - [2026-03-28T13:13:34.273+0000] {dag.py:3036} INFO - Sync 1 DAGs
[2026-03-28T13:13:34.298+0000] {logging_mixin.py:188} INFO - [2026-03-28T13:13:34.297+0000] {dag.py:3823} INFO - Setting next_dagrun for weekly_summary_pipeline to 2026-03-23 06:00:00+00:00, run_after=2026-03-30 06:00:00+00:00
[2026-03-28T13:13:34.320+0000] {processor.py:183} INFO - Processing /opt/airflow/dags/weekly_summary_pipeline.py took 0.107 seconds
[2026-03-28T13:14:04.649+0000] {processor.py:161} INFO - Started process (PID=19328) to work on /opt/airflow/dags/weekly_summary_pipeline.py
[2026-03-28T13:14:04.650+0000] {processor.py:830} INFO - Processing file /opt/airflow/dags/weekly_summary_pipeline.py for tasks to queue
[2026-03-28T13:14:04.651+0000] {logging_mixin.py:188} INFO - [2026-03-28T13:14:04.651+0000] {dagbag.py:538} INFO - Filling up the DagBag from /opt/airflow/dags/weekly_summary_pipeline.py
[2026-03-28T13:14:04.673+0000] {processor.py:840} INFO - DAG(s) 'weekly_summary_pipeline' retrieved from /opt/airflow/dags/weekly_summary_pipeline.py
[2026-03-28T13:14:04.704+0000] {logging_mixin.py:188} INFO - [2026-03-28T13:14:04.704+0000] {dag.py:3036} INFO - Sync 1 DAGs
[2026-03-28T13:14:04.732+0000] {logging_mixin.py:188} INFO - [2026-03-28T13:14:04.732+0000] {dag.py:3823} INFO - Setting next_dagrun for weekly_summary_pipeline to 2026-03-23 06:00:00+00:00, run_after=2026-03-30 06:00:00+00:00
[2026-03-28T13:14:04.762+0000] {processor.py:183} INFO - Processing /opt/airflow/dags/weekly_summary_pipeline.py took 0.116 seconds
[2026-03-28T13:14:35.134+0000] {processor.py:161} INFO - Started process (PID=19351) to work on /opt/airflow/dags/weekly_summary_pipeline.py
[2026-03-28T13:14:35.136+0000] {processor.py:830} INFO - Processing file /opt/airflow/dags/weekly_summary_pipeline.py for tasks to queue
[2026-03-28T13:14:35.137+0000] {logging_mixin.py:188} INFO - [2026-03-28T13:14:35.137+0000] {dagbag.py:538} INFO - Filling up the DagBag from /opt/airflow/dags/weekly_summary_pipeline.py
[2026-03-28T13:14:35.158+0000] {processor.py:840} INFO - DAG(s) 'weekly_summary_pipeline' retrieved from /opt/airflow/dags/weekly_summary_pipeline.py
[2026-03-28T13:14:35.193+0000] {logging_mixin.py:188} INFO - [2026-03-28T13:14:35.192+0000] {dag.py:3036} INFO - Sync 1 DAGs
[2026-03-28T13:14:35.223+0000] {logging_mixin.py:188} INFO - [2026-03-28T13:14:35.222+0000] {dag.py:3823} INFO - Setting next_dagrun for weekly_summary_pipeline to 2026-03-23 06:00:00+00:00, run_after=2026-03-30 06:00:00+00:00
[2026-03-28T13:14:35.251+0000] {processor.py:183} INFO - Processing /opt/airflow/dags/weekly_summary_pipeline.py took 0.119 seconds
[2026-03-28T13:15:05.641+0000] {processor.py:161} INFO - Started process (PID=19374) to work on /opt/airflow/dags/weekly_summary_pipeline.py
[2026-03-28T13:15:05.642+0000] {processor.py:830} INFO - Processing file /opt/airflow/dags/weekly_summary_pipeline.py for tasks to queue
[2026-03-28T13:15:05.644+0000] {logging_mixin.py:188} INFO - [2026-03-28T13:15:05.643+0000] {dagbag.py:538} INFO - Filling up the DagBag from /opt/airflow/dags/weekly_summary_pipeline.py
[2026-03-28T13:15:05.671+0000] {processor.py:840} INFO - DAG(s) 'weekly_summary_pipeline' retrieved from /opt/airflow/dags/weekly_summary_pipeline.py
[2026-03-28T13:15:05.706+0000] {logging_mixin.py:188} INFO - [2026-03-28T13:15:05.706+0000] {dag.py:3036} INFO - Sync 1 DAGs
[2026-03-28T13:15:05.733+0000] {logging_mixin.py:188} INFO - [2026-03-28T13:15:05.733+0000] {dag.py:3823} INFO - Setting next_dagrun for weekly_summary_pipeline to 2026-03-23 06:00:00+00:00, run_after=2026-03-30 06:00:00+00:00
[2026-03-28T13:15:05.756+0000] {processor.py:183} INFO - Processing /opt/airflow/dags/weekly_summary_pipeline.py took 0.118 seconds
[2026-03-28T13:15:36.100+0000] {processor.py:161} INFO - Started process (PID=19397) to work on /opt/airflow/dags/weekly_summary_pipeline.py
[2026-03-28T13:15:36.102+0000] {processor.py:830} INFO - Processing file /opt/airflow/dags/weekly_summary_pipeline.py for tasks to queue
[2026-03-28T13:15:36.105+0000] {logging_mixin.py:188} INFO - [2026-03-28T13:15:36.104+0000] {dagbag.py:538} INFO - Filling up the DagBag from /opt/airflow/dags/weekly_summary_pipeline.py
[2026-03-28T13:15:36.139+0000] {processor.py:840} INFO - DAG(s) 'weekly_summary_pipeline' retrieved from /opt/airflow/dags/weekly_summary_pipeline.py
[2026-03-28T13:15:36.186+0000] {logging_mixin.py:188} INFO - [2026-03-28T13:15:36.185+0000] {dag.py:3036} INFO - Sync 1 DAGs
[2026-03-28T13:15:36.214+0000] {logging_mixin.py:188} INFO - [2026-03-28T13:15:36.213+0000] {dag.py:3823} INFO - Setting next_dagrun for weekly_summary_pipeline to 2026-03-23 06:00:00+00:00, run_after=2026-03-30 06:00:00+00:00
[2026-03-28T13:15:36.239+0000] {processor.py:183} INFO - Processing /opt/airflow/dags/weekly_summary_pipeline.py took 0.145 seconds
[2026-03-28T13:16:06.582+0000] {processor.py:161} INFO - Started process (PID=19420) to work on /opt/airflow/dags/weekly_summary_pipeline.py
[2026-03-28T13:16:06.583+0000] {processor.py:830} INFO - Processing file /opt/airflow/dags/weekly_summary_pipeline.py for tasks to queue
[2026-03-28T13:16:06.584+0000] {logging_mixin.py:188} INFO - [2026-03-28T13:16:06.583+0000] {dagbag.py:538} INFO - Filling up the DagBag from /opt/airflow/dags/weekly_summary_pipeline.py
[2026-03-28T13:16:06.602+0000] {processor.py:840} INFO - DAG(s) 'weekly_summary_pipeline' retrieved from /opt/airflow/dags/weekly_summary_pipeline.py
[2026-03-28T13:16:06.634+0000] {logging_mixin.py:188} INFO - [2026-03-28T13:16:06.634+0000] {dag.py:3036} INFO - Sync 1 DAGs
[2026-03-28T13:16:06.657+0000] {logging_mixin.py:188} INFO - [2026-03-28T13:16:06.657+0000] {dag.py:3823} INFO - Setting next_dagrun for weekly_summary_pipeline to 2026-03-23 06:00:00+00:00, run_after=2026-03-30 06:00:00+00:00
[2026-03-28T13:16:06.681+0000] {processor.py:183} INFO - Processing /opt/airflow/dags/weekly_summary_pipeline.py took 0.102 seconds
[2026-03-28T13:16:37.028+0000] {processor.py:161} INFO - Started process (PID=19443) to work on /opt/airflow/dags/weekly_summary_pipeline.py
[2026-03-28T13:16:37.029+0000] {processor.py:830} INFO - Processing file /opt/airflow/dags/weekly_summary_pipeline.py for tasks to queue
[2026-03-28T13:16:37.030+0000] {logging_mixin.py:188} INFO - [2026-03-28T13:16:37.030+0000] {dagbag.py:538} INFO - Filling up the DagBag from /opt/airflow/dags/weekly_summary_pipeline.py
[2026-03-28T13:16:37.049+0000] {processor.py:840} INFO - DAG(s) 'weekly_summary_pipeline' retrieved from /opt/airflow/dags/weekly_summary_pipeline.py
[2026-03-28T13:16:37.079+0000] {logging_mixin.py:188} INFO - [2026-03-28T13:16:37.078+0000] {dag.py:3036} INFO - Sync 1 DAGs
[2026-03-28T13:16:37.104+0000] {logging_mixin.py:188} INFO - [2026-03-28T13:16:37.104+0000] {dag.py:3823} INFO - Setting next_dagrun for weekly_summary_pipeline to 2026-03-23 06:00:00+00:00, run_after=2026-03-30 06:00:00+00:00
[2026-03-28T13:16:37.129+0000] {processor.py:183} INFO - Processing /opt/airflow/dags/weekly_summary_pipeline.py took 0.103 seconds
[2026-03-28T13:17:07.503+0000] {processor.py:161} INFO - Started process (PID=19466) to work on /opt/airflow/dags/weekly_summary_pipeline.py
[2026-03-28T13:17:07.504+0000] {processor.py:830} INFO - Processing file /opt/airflow/dags/weekly_summary_pipeline.py for tasks to queue
[2026-03-28T13:17:07.505+0000] {logging_mixin.py:188} INFO - [2026-03-28T13:17:07.505+0000] {dagbag.py:538} INFO - Filling up the DagBag from /opt/airflow/dags/weekly_summary_pipeline.py
[2026-03-28T13:17:07.527+0000] {processor.py:840} INFO - DAG(s) 'weekly_summary_pipeline' retrieved from /opt/airflow/dags/weekly_summary_pipeline.py
[2026-03-28T13:17:07.554+0000] {logging_mixin.py:188} INFO - [2026-03-28T13:17:07.554+0000] {dag.py:3036} INFO - Sync 1 DAGs
[2026-03-28T13:17:07.582+0000] {logging_mixin.py:188} INFO - [2026-03-28T13:17:07.581+0000] {dag.py:3823} INFO - Setting next_dagrun for weekly_summary_pipeline to 2026-03-23 06:00:00+00:00, run_after=2026-03-30 06:00:00+00:00
[2026-03-28T13:17:07.601+0000] {processor.py:183} INFO - Processing /opt/airflow/dags/weekly_summary_pipeline.py took 0.101 seconds
[2026-03-28T13:17:37.919+0000] {processor.py:161} INFO - Started process (PID=19489) to work on /opt/airflow/dags/weekly_summary_pipeline.py
[2026-03-28T13:17:37.920+0000] {processor.py:830} INFO - Processing file /opt/airflow/dags/weekly_summary_pipeline.py for tasks to queue
[2026-03-28T13:17:37.921+0000] {logging_mixin.py:188} INFO - [2026-03-28T13:17:37.921+0000] {dagbag.py:538} INFO - Filling up the DagBag from /opt/airflow/dags/weekly_summary_pipeline.py
[2026-03-28T13:17:37.942+0000] {processor.py:840} INFO - DAG(s) 'weekly_summary_pipeline' retrieved from /opt/airflow/dags/weekly_summary_pipeline.py
[2026-03-28T13:17:37.971+0000] {logging_mixin.py:188} INFO - [2026-03-28T13:17:37.971+0000] {dag.py:3036} INFO - Sync 1 DAGs
[2026-03-28T13:17:37.997+0000] {logging_mixin.py:188} INFO - [2026-03-28T13:17:37.996+0000] {dag.py:3823} INFO - Setting next_dagrun for weekly_summary_pipeline to 2026-03-23 06:00:00+00:00, run_after=2026-03-30 06:00:00+00:00
[2026-03-28T13:17:38.020+0000] {processor.py:183} INFO - Processing /opt/airflow/dags/weekly_summary_pipeline.py took 0.104 seconds
[2026-03-28T13:18:08.364+0000] {processor.py:161} INFO - Started process (PID=19512) to work on /opt/airflow/dags/weekly_summary_pipeline.py
[2026-03-28T13:18:08.366+0000] {processor.py:830} INFO - Processing file /opt/airflow/dags/weekly_summary_pipeline.py for tasks to queue
[2026-03-28T13:18:08.367+0000] {logging_mixin.py:188} INFO - [2026-03-28T13:18:08.366+0000] {dagbag.py:538} INFO - Filling up the DagBag from /opt/airflow/dags/weekly_summary_pipeline.py
[2026-03-28T13:18:08.389+0000] {processor.py:840} INFO - DAG(s) 'weekly_summary_pipeline' retrieved from /opt/airflow/dags/weekly_summary_pipeline.py
[2026-03-28T13:18:08.420+0000] {logging_mixin.py:188} INFO - [2026-03-28T13:18:08.420+0000] {dag.py:3036} INFO - Sync 1 DAGs
[2026-03-28T13:18:08.445+0000] {logging_mixin.py:188} INFO - [2026-03-28T13:18:08.444+0000] {dag.py:3823} INFO - Setting next_dagrun for weekly_summary_pipeline to 2026-03-23 06:00:00+00:00, run_after=2026-03-30 06:00:00+00:00
[2026-03-28T13:18:08.470+0000] {processor.py:183} INFO - Processing /opt/airflow/dags/weekly_summary_pipeline.py took 0.109 seconds
[2026-03-28T13:18:38.801+0000] {processor.py:161} INFO - Started process (PID=19535) to work on /opt/airflow/dags/weekly_summary_pipeline.py
[2026-03-28T13:18:38.802+0000] {processor.py:830} INFO - Processing file /opt/airflow/dags/weekly_summary_pipeline.py for tasks to queue
[2026-03-28T13:18:38.803+0000] {logging_mixin.py:188} INFO - [2026-03-28T13:18:38.803+0000] {dagbag.py:538} INFO - Filling up the DagBag from /opt/airflow/dags/weekly_summary_pipeline.py
[2026-03-28T13:18:38.830+0000] {processor.py:840} INFO - DAG(s) 'weekly_summary_pipeline' retrieved from /opt/airflow/dags/weekly_summary_pipeline.py
[2026-03-28T13:18:38.867+0000] {logging_mixin.py:188} INFO - [2026-03-28T13:18:38.867+0000] {dag.py:3036} INFO - Sync 1 DAGs
[2026-03-28T13:18:38.894+0000] {logging_mixin.py:188} INFO - [2026-03-28T13:18:38.894+0000] {dag.py:3823} INFO - Setting next_dagrun for weekly_summary_pipeline to 2026-03-23 06:00:00+00:00, run_after=2026-03-30 06:00:00+00:00
[2026-03-28T13:18:38.921+0000] {processor.py:183} INFO - Processing /opt/airflow/dags/weekly_summary_pipeline.py took 0.123 seconds
[2026-03-28T13:19:09.257+0000] {processor.py:161} INFO - Started process (PID=19558) to work on /opt/airflow/dags/weekly_summary_pipeline.py
[2026-03-28T13:19:09.259+0000] {processor.py:830} INFO - Processing file /opt/airflow/dags/weekly_summary_pipeline.py for tasks to queue
[2026-03-28T13:19:09.261+0000] {logging_mixin.py:188} INFO - [2026-03-28T13:19:09.260+0000] {dagbag.py:538} INFO - Filling up the DagBag from /opt/airflow/dags/weekly_summary_pipeline.py
[2026-03-28T13:19:09.284+0000] {processor.py:840} INFO - DAG(s) 'weekly_summary_pipeline' retrieved from /opt/airflow/dags/weekly_summary_pipeline.py
[2026-03-28T13:19:09.317+0000] {logging_mixin.py:188} INFO - [2026-03-28T13:19:09.317+0000] {dag.py:3036} INFO - Sync 1 DAGs
[2026-03-28T13:19:09.343+0000] {logging_mixin.py:188} INFO - [2026-03-28T13:19:09.342+0000] {dag.py:3823} INFO - Setting next_dagrun for weekly_summary_pipeline to 2026-03-23 06:00:00+00:00, run_after=2026-03-30 06:00:00+00:00
[2026-03-28T13:19:09.365+0000] {processor.py:183} INFO - Processing /opt/airflow/dags/weekly_summary_pipeline.py took 0.111 seconds
[2026-03-28T13:19:39.692+0000] {processor.py:161} INFO - Started process (PID=19581) to work on /opt/airflow/dags/weekly_summary_pipeline.py
[2026-03-28T13:19:39.693+0000] {processor.py:830} INFO - Processing file /opt/airflow/dags/weekly_summary_pipeline.py for tasks to queue
[2026-03-28T13:19:39.694+0000] {logging_mixin.py:188} INFO - [2026-03-28T13:19:39.694+0000] {dagbag.py:538} INFO - Filling up the DagBag from /opt/airflow/dags/weekly_summary_pipeline.py
[2026-03-28T13:19:39.714+0000] {processor.py:840} INFO - DAG(s) 'weekly_summary_pipeline' retrieved from /opt/airflow/dags/weekly_summary_pipeline.py
[2026-03-28T13:19:39.739+0000] {logging_mixin.py:188} INFO - [2026-03-28T13:19:39.739+0000] {dag.py:3036} INFO - Sync 1 DAGs
[2026-03-28T13:19:39.761+0000] {logging_mixin.py:188} INFO - [2026-03-28T13:19:39.761+0000] {dag.py:3823} INFO - Setting next_dagrun for weekly_summary_pipeline to 2026-03-23 06:00:00+00:00, run_after=2026-03-30 06:00:00+00:00
[2026-03-28T13:19:39.784+0000] {processor.py:183} INFO - Processing /opt/airflow/dags/weekly_summary_pipeline.py took 0.095 seconds
[2026-03-28T13:20:10.136+0000] {processor.py:161} INFO - Started process (PID=19604) to work on /opt/airflow/dags/weekly_summary_pipeline.py
[2026-03-28T13:20:10.138+0000] {processor.py:830} INFO - Processing file /opt/airflow/dags/weekly_summary_pipeline.py for tasks to queue
[2026-03-28T13:20:10.139+0000] {logging_mixin.py:188} INFO - [2026-03-28T13:20:10.138+0000] {dagbag.py:538} INFO - Filling up the DagBag from /opt/airflow/dags/weekly_summary_pipeline.py
[2026-03-28T13:20:10.165+0000] {processor.py:840} INFO - DAG(s) 'weekly_summary_pipeline' retrieved from /opt/airflow/dags/weekly_summary_pipeline.py
[2026-03-28T13:20:10.194+0000] {logging_mixin.py:188} INFO - [2026-03-28T13:20:10.194+0000] {dag.py:3036} INFO - Sync 1 DAGs
[2026-03-28T13:20:10.217+0000] {logging_mixin.py:188} INFO - [2026-03-28T13:20:10.217+0000] {dag.py:3823} INFO - Setting next_dagrun for weekly_summary_pipeline to 2026-03-23 06:00:00+00:00, run_after=2026-03-30 06:00:00+00:00
[2026-03-28T13:20:10.237+0000] {processor.py:183} INFO - Processing /opt/airflow/dags/weekly_summary_pipeline.py took 0.104 seconds
[2026-03-28T13:20:40.588+0000] {processor.py:161} INFO - Started process (PID=19627) to work on /opt/airflow/dags/weekly_summary_pipeline.py
[2026-03-28T13:20:40.590+0000] {processor.py:830} INFO - Processing file /opt/airflow/dags/weekly_summary_pipeline.py for tasks to queue
[2026-03-28T13:20:40.591+0000] {logging_mixin.py:188} INFO - [2026-03-28T13:20:40.590+0000] {dagbag.py:538} INFO - Filling up the DagBag from /opt/airflow/dags/weekly_summary_pipeline.py
[2026-03-28T13:20:40.618+0000] {processor.py:840} INFO - DAG(s) 'weekly_summary_pipeline' retrieved from /opt/airflow/dags/weekly_summary_pipeline.py
[2026-03-28T13:20:40.652+0000] {logging_mixin.py:188} INFO - [2026-03-28T13:20:40.652+0000] {dag.py:3036} INFO - Sync 1 DAGs
[2026-03-28T13:20:40.678+0000] {logging_mixin.py:188} INFO - [2026-03-28T13:20:40.678+0000] {dag.py:3823} INFO - Setting next_dagrun for weekly_summary_pipeline to 2026-03-23 06:00:00+00:00, run_after=2026-03-30 06:00:00+00:00
[2026-03-28T13:20:40.701+0000] {processor.py:183} INFO - Processing /opt/airflow/dags/weekly_summary_pipeline.py took 0.117 seconds
[2026-03-28T13:21:11.056+0000] {processor.py:161} INFO - Started process (PID=19642) to work on /opt/airflow/dags/weekly_summary_pipeline.py
[2026-03-28T13:21:11.057+0000] {processor.py:830} INFO - Processing file /opt/airflow/dags/weekly_summary_pipeline.py for tasks to queue
[2026-03-28T13:21:11.058+0000] {logging_mixin.py:188} INFO - [2026-03-28T13:21:11.058+0000] {dagbag.py:538} INFO - Filling up the DagBag from /opt/airflow/dags/weekly_summary_pipeline.py
[2026-03-28T13:21:11.082+0000] {processor.py:840} INFO - DAG(s) 'weekly_summary_pipeline' retrieved from /opt/airflow/dags/weekly_summary_pipeline.py
[2026-03-28T13:21:11.118+0000] {logging_mixin.py:188} INFO - [2026-03-28T13:21:11.118+0000] {dag.py:3036} INFO - Sync 1 DAGs
[2026-03-28T13:21:11.149+0000] {logging_mixin.py:188} INFO - [2026-03-28T13:21:11.149+0000] {dag.py:3823} INFO - Setting next_dagrun for weekly_summary_pipeline to 2026-03-23 06:00:00+00:00, run_after=2026-03-30 06:00:00+00:00
[2026-03-28T13:21:11.173+0000] {processor.py:183} INFO - Processing /opt/airflow/dags/weekly_summary_pipeline.py took 0.120 seconds
[2026-03-28T13:21:41.503+0000] {processor.py:161} INFO - Started process (PID=19665) to work on /opt/airflow/dags/weekly_summary_pipeline.py
[2026-03-28T13:21:41.504+0000] {processor.py:830} INFO - Processing file /opt/airflow/dags/weekly_summary_pipeline.py for tasks to queue
[2026-03-28T13:21:41.506+0000] {logging_mixin.py:188} INFO - [2026-03-28T13:21:41.505+0000] {dagbag.py:538} INFO - Filling up the DagBag from /opt/airflow/dags/weekly_summary_pipeline.py
[2026-03-28T13:21:41.528+0000] {processor.py:840} INFO - DAG(s) 'weekly_summary_pipeline' retrieved from /opt/airflow/dags/weekly_summary_pipeline.py
[2026-03-28T13:21:41.561+0000] {logging_mixin.py:188} INFO - [2026-03-28T13:21:41.561+0000] {dag.py:3036} INFO - Sync 1 DAGs
[2026-03-28T13:21:41.586+0000] {logging_mixin.py:188} INFO - [2026-03-28T13:21:41.586+0000] {dag.py:3823} INFO - Setting next_dagrun for weekly_summary_pipeline to 2026-03-23 06:00:00+00:00, run_after=2026-03-30 06:00:00+00:00
[2026-03-28T13:21:41.613+0000] {processor.py:183} INFO - Processing /opt/airflow/dags/weekly_summary_pipeline.py took 0.113 seconds
[2026-03-28T13:22:12.115+0000] {processor.py:161} INFO - Started process (PID=19688) to work on /opt/airflow/dags/weekly_summary_pipeline.py
[2026-03-28T13:22:12.116+0000] {processor.py:830} INFO - Processing file /opt/airflow/dags/weekly_summary_pipeline.py for tasks to queue
[2026-03-28T13:22:12.118+0000] {logging_mixin.py:188} INFO - [2026-03-28T13:22:12.118+0000] {dagbag.py:538} INFO - Filling up the DagBag from /opt/airflow/dags/weekly_summary_pipeline.py
[2026-03-28T13:22:12.147+0000] {processor.py:840} INFO - DAG(s) 'weekly_summary_pipeline' retrieved from /opt/airflow/dags/weekly_summary_pipeline.py
[2026-03-28T13:22:12.191+0000] {logging_mixin.py:188} INFO - [2026-03-28T13:22:12.191+0000] {dag.py:3036} INFO - Sync 1 DAGs
[2026-03-28T13:22:12.222+0000] {logging_mixin.py:188} INFO - [2026-03-28T13:22:12.221+0000] {dag.py:3823} INFO - Setting next_dagrun for weekly_summary_pipeline to 2026-03-23 06:00:00+00:00, run_after=2026-03-30 06:00:00+00:00
[2026-03-28T13:22:12.252+0000] {processor.py:183} INFO - Processing /opt/airflow/dags/weekly_summary_pipeline.py took 0.140 seconds
[2026-03-28T13:22:42.627+0000] {processor.py:161} INFO - Started process (PID=19711) to work on /opt/airflow/dags/weekly_summary_pipeline.py
[2026-03-28T13:22:42.628+0000] {processor.py:830} INFO - Processing file /opt/airflow/dags/weekly_summary_pipeline.py for tasks to queue
[2026-03-28T13:22:42.629+0000] {logging_mixin.py:188} INFO - [2026-03-28T13:22:42.628+0000] {dagbag.py:538} INFO - Filling up the DagBag from /opt/airflow/dags/weekly_summary_pipeline.py
[2026-03-28T13:22:42.655+0000] {processor.py:840} INFO - DAG(s) 'weekly_summary_pipeline' retrieved from /opt/airflow/dags/weekly_summary_pipeline.py
[2026-03-28T13:22:42.695+0000] {logging_mixin.py:188} INFO - [2026-03-28T13:22:42.695+0000] {dag.py:3036} INFO - Sync 1 DAGs
[2026-03-28T13:22:42.725+0000] {logging_mixin.py:188} INFO - [2026-03-28T13:22:42.725+0000] {dag.py:3823} INFO - Setting next_dagrun for weekly_summary_pipeline to 2026-03-23 06:00:00+00:00, run_after=2026-03-30 06:00:00+00:00
[2026-03-28T13:22:42.751+0000] {processor.py:183} INFO - Processing /opt/airflow/dags/weekly_summary_pipeline.py took 0.128 seconds
[2026-03-28T13:23:13.045+0000] {processor.py:161} INFO - Started process (PID=19734) to work on /opt/airflow/dags/weekly_summary_pipeline.py
[2026-03-28T13:23:13.046+0000] {processor.py:830} INFO - Processing file /opt/airflow/dags/weekly_summary_pipeline.py for tasks to queue
[2026-03-28T13:23:13.047+0000] {logging_mixin.py:188} INFO - [2026-03-28T13:23:13.047+0000] {dagbag.py:538} INFO - Filling up the DagBag from /opt/airflow/dags/weekly_summary_pipeline.py
[2026-03-28T13:23:13.068+0000] {processor.py:840} INFO - DAG(s) 'weekly_summary_pipeline' retrieved from /opt/airflow/dags/weekly_summary_pipeline.py
[2026-03-28T13:23:13.103+0000] {logging_mixin.py:188} INFO - [2026-03-28T13:23:13.103+0000] {dag.py:3036} INFO - Sync 1 DAGs
[2026-03-28T13:23:13.133+0000] {logging_mixin.py:188} INFO - [2026-03-28T13:23:13.132+0000] {dag.py:3823} INFO - Setting next_dagrun for weekly_summary_pipeline to 2026-03-23 06:00:00+00:00, run_after=2026-03-30 06:00:00+00:00
[2026-03-28T13:23:13.170+0000] {processor.py:183} INFO - Processing /opt/airflow/dags/weekly_summary_pipeline.py took 0.128 seconds
[2026-03-28T13:23:43.491+0000] {processor.py:161} INFO - Started process (PID=19758) to work on /opt/airflow/dags/weekly_summary_pipeline.py
[2026-03-28T13:23:43.493+0000] {processor.py:830} INFO - Processing file /opt/airflow/dags/weekly_summary_pipeline.py for tasks to queue
[2026-03-28T13:23:43.494+0000] {logging_mixin.py:188} INFO - [2026-03-28T13:23:43.494+0000] {dagbag.py:538} INFO - Filling up the DagBag from /opt/airflow/dags/weekly_summary_pipeline.py
[2026-03-28T13:23:43.519+0000] {processor.py:840} INFO - DAG(s) 'weekly_summary_pipeline' retrieved from /opt/airflow/dags/weekly_summary_pipeline.py
[2026-03-28T13:23:43.549+0000] {logging_mixin.py:188} INFO - [2026-03-28T13:23:43.549+0000] {dag.py:3036} INFO - Sync 1 DAGs
[2026-03-28T13:23:43.589+0000] {logging_mixin.py:188} INFO - [2026-03-28T13:23:43.589+0000] {dag.py:3823} INFO - Setting next_dagrun for weekly_summary_pipeline to 2026-03-23 06:00:00+00:00, run_after=2026-03-30 06:00:00+00:00
[2026-03-28T13:23:43.616+0000] {processor.py:183} INFO - Processing /opt/airflow/dags/weekly_summary_pipeline.py took 0.128 seconds
[2026-03-28T13:24:13.794+0000] {processor.py:161} INFO - Started process (PID=19781) to work on /opt/airflow/dags/weekly_summary_pipeline.py
[2026-03-28T13:24:13.796+0000] {processor.py:830} INFO - Processing file /opt/airflow/dags/weekly_summary_pipeline.py for tasks to queue
[2026-03-28T13:24:13.797+0000] {logging_mixin.py:188} INFO - [2026-03-28T13:24:13.796+0000] {dagbag.py:538} INFO - Filling up the DagBag from /opt/airflow/dags/weekly_summary_pipeline.py
[2026-03-28T13:24:13.816+0000] {processor.py:840} INFO - DAG(s) 'weekly_summary_pipeline' retrieved from /opt/airflow/dags/weekly_summary_pipeline.py
[2026-03-28T13:24:13.848+0000] {logging_mixin.py:188} INFO - [2026-03-28T13:24:13.848+0000] {dag.py:3036} INFO - Sync 1 DAGs
[2026-03-28T13:24:13.874+0000] {logging_mixin.py:188} INFO - [2026-03-28T13:24:13.874+0000] {dag.py:3823} INFO - Setting next_dagrun for weekly_summary_pipeline to 2026-03-23 06:00:00+00:00, run_after=2026-03-30 06:00:00+00:00
[2026-03-28T13:24:13.909+0000] {processor.py:183} INFO - Processing /opt/airflow/dags/weekly_summary_pipeline.py took 0.118 seconds
[2026-03-28T13:24:44.276+0000] {processor.py:161} INFO - Started process (PID=19804) to work on /opt/airflow/dags/weekly_summary_pipeline.py
[2026-03-28T13:24:44.278+0000] {processor.py:830} INFO - Processing file /opt/airflow/dags/weekly_summary_pipeline.py for tasks to queue
[2026-03-28T13:24:44.279+0000] {logging_mixin.py:188} INFO - [2026-03-28T13:24:44.279+0000] {dagbag.py:538} INFO - Filling up the DagBag from /opt/airflow/dags/weekly_summary_pipeline.py
[2026-03-28T13:24:44.316+0000] {processor.py:840} INFO - DAG(s) 'weekly_summary_pipeline' retrieved from /opt/airflow/dags/weekly_summary_pipeline.py
[2026-03-28T13:24:44.363+0000] {logging_mixin.py:188} INFO - [2026-03-28T13:24:44.362+0000] {dag.py:3036} INFO - Sync 1 DAGs
[2026-03-28T13:24:44.397+0000] {logging_mixin.py:188} INFO - [2026-03-28T13:24:44.396+0000] {dag.py:3823} INFO - Setting next_dagrun for weekly_summary_pipeline to 2026-03-23 06:00:00+00:00, run_after=2026-03-30 06:00:00+00:00
[2026-03-28T13:24:44.440+0000] {processor.py:183} INFO - Processing /opt/airflow/dags/weekly_summary_pipeline.py took 0.169 seconds
[2026-03-28T13:25:14.908+0000] {processor.py:161} INFO - Started process (PID=19827) to work on /opt/airflow/dags/weekly_summary_pipeline.py
[2026-03-28T13:25:14.910+0000] {processor.py:830} INFO - Processing file /opt/airflow/dags/weekly_summary_pipeline.py for tasks to queue
[2026-03-28T13:25:14.912+0000] {logging_mixin.py:188} INFO - [2026-03-28T13:25:14.911+0000] {dagbag.py:538} INFO - Filling up the DagBag from /opt/airflow/dags/weekly_summary_pipeline.py
[2026-03-28T13:25:14.969+0000] {processor.py:840} INFO - DAG(s) 'weekly_summary_pipeline' retrieved from /opt/airflow/dags/weekly_summary_pipeline.py
[2026-03-28T13:25:15.022+0000] {logging_mixin.py:188} INFO - [2026-03-28T13:25:15.022+0000] {dag.py:3036} INFO - Sync 1 DAGs
[2026-03-28T13:25:15.054+0000] {logging_mixin.py:188} INFO - [2026-03-28T13:25:15.054+0000] {dag.py:3823} INFO - Setting next_dagrun for weekly_summary_pipeline to 2026-03-23 06:00:00+00:00, run_after=2026-03-30 06:00:00+00:00
[2026-03-28T13:25:15.086+0000] {processor.py:183} INFO - Processing /opt/airflow/dags/weekly_summary_pipeline.py took 0.184 seconds
[2026-03-28T13:25:45.451+0000] {processor.py:161} INFO - Started process (PID=19850) to work on /opt/airflow/dags/weekly_summary_pipeline.py
[2026-03-28T13:25:45.452+0000] {processor.py:830} INFO - Processing file /opt/airflow/dags/weekly_summary_pipeline.py for tasks to queue
[2026-03-28T13:25:45.453+0000] {logging_mixin.py:188} INFO - [2026-03-28T13:25:45.453+0000] {dagbag.py:538} INFO - Filling up the DagBag from /opt/airflow/dags/weekly_summary_pipeline.py
[2026-03-28T13:25:45.478+0000] {processor.py:840} INFO - DAG(s) 'weekly_summary_pipeline' retrieved from /opt/airflow/dags/weekly_summary_pipeline.py
[2026-03-28T13:25:45.524+0000] {logging_mixin.py:188} INFO - [2026-03-28T13:25:45.524+0000] {dag.py:3036} INFO - Sync 1 DAGs
[2026-03-28T13:25:45.550+0000] {logging_mixin.py:188} INFO - [2026-03-28T13:25:45.550+0000] {dag.py:3823} INFO - Setting next_dagrun for weekly_summary_pipeline to 2026-03-23 06:00:00+00:00, run_after=2026-03-30 06:00:00+00:00
[2026-03-28T13:25:45.576+0000] {processor.py:183} INFO - Processing /opt/airflow/dags/weekly_summary_pipeline.py took 0.128 seconds
[2026-03-28T13:26:15.853+0000] {processor.py:161} INFO - Started process (PID=19873) to work on /opt/airflow/dags/weekly_summary_pipeline.py
[2026-03-28T13:26:15.854+0000] {processor.py:830} INFO - Processing file /opt/airflow/dags/weekly_summary_pipeline.py for tasks to queue
[2026-03-28T13:26:15.855+0000] {logging_mixin.py:188} INFO - [2026-03-28T13:26:15.855+0000] {dagbag.py:538} INFO - Filling up the DagBag from /opt/airflow/dags/weekly_summary_pipeline.py
[2026-03-28T13:26:15.879+0000] {processor.py:840} INFO - DAG(s) 'weekly_summary_pipeline' retrieved from /opt/airflow/dags/weekly_summary_pipeline.py
[2026-03-28T13:26:15.917+0000] {logging_mixin.py:188} INFO - [2026-03-28T13:26:15.917+0000] {dag.py:3036} INFO - Sync 1 DAGs
[2026-03-28T13:26:15.941+0000] {logging_mixin.py:188} INFO - [2026-03-28T13:26:15.941+0000] {dag.py:3823} INFO - Setting next_dagrun for weekly_summary_pipeline to 2026-03-23 06:00:00+00:00, run_after=2026-03-30 06:00:00+00:00
[2026-03-28T13:26:15.964+0000] {processor.py:183} INFO - Processing /opt/airflow/dags/weekly_summary_pipeline.py took 0.114 seconds
[2026-03-28T13:26:46.268+0000] {processor.py:161} INFO - Started process (PID=19896) to work on /opt/airflow/dags/weekly_summary_pipeline.py
[2026-03-28T13:26:46.270+0000] {processor.py:830} INFO - Processing file /opt/airflow/dags/weekly_summary_pipeline.py for tasks to queue
[2026-03-28T13:26:46.271+0000] {logging_mixin.py:188} INFO - [2026-03-28T13:26:46.271+0000] {dagbag.py:538} INFO - Filling up the DagBag from /opt/airflow/dags/weekly_summary_pipeline.py
[2026-03-28T13:26:46.293+0000] {processor.py:840} INFO - DAG(s) 'weekly_summary_pipeline' retrieved from /opt/airflow/dags/weekly_summary_pipeline.py
[2026-03-28T13:26:46.332+0000] {logging_mixin.py:188} INFO - [2026-03-28T13:26:46.332+0000] {dag.py:3036} INFO - Sync 1 DAGs
[2026-03-28T13:26:46.378+0000] {logging_mixin.py:188} INFO - [2026-03-28T13:26:46.378+0000] {dag.py:3823} INFO - Setting next_dagrun for weekly_summary_pipeline to 2026-03-23 06:00:00+00:00, run_after=2026-03-30 06:00:00+00:00
[2026-03-28T13:26:46.417+0000] {processor.py:183} INFO - Processing /opt/airflow/dags/weekly_summary_pipeline.py took 0.152 seconds
[2026-03-28T13:27:16.667+0000] {processor.py:161} INFO - Started process (PID=19919) to work on /opt/airflow/dags/weekly_summary_pipeline.py
[2026-03-28T13:27:16.668+0000] {processor.py:830} INFO - Processing file /opt/airflow/dags/weekly_summary_pipeline.py for tasks to queue
[2026-03-28T13:27:16.669+0000] {logging_mixin.py:188} INFO - [2026-03-28T13:27:16.669+0000] {dagbag.py:538} INFO - Filling up the DagBag from /opt/airflow/dags/weekly_summary_pipeline.py
[2026-03-28T13:27:16.689+0000] {processor.py:840} INFO - DAG(s) 'weekly_summary_pipeline' retrieved from /opt/airflow/dags/weekly_summary_pipeline.py
[2026-03-28T13:27:16.719+0000] {logging_mixin.py:188} INFO - [2026-03-28T13:27:16.719+0000] {dag.py:3036} INFO - Sync 1 DAGs
[2026-03-28T13:27:16.741+0000] {logging_mixin.py:188} INFO - [2026-03-28T13:27:16.741+0000] {dag.py:3823} INFO - Setting next_dagrun for weekly_summary_pipeline to 2026-03-23 06:00:00+00:00, run_after=2026-03-30 06:00:00+00:00
[2026-03-28T13:27:16.766+0000] {processor.py:183} INFO - Processing /opt/airflow/dags/weekly_summary_pipeline.py took 0.102 seconds
[2026-03-28T13:27:47.112+0000] {processor.py:161} INFO - Started process (PID=19942) to work on /opt/airflow/dags/weekly_summary_pipeline.py
[2026-03-28T13:27:47.113+0000] {processor.py:830} INFO - Processing file /opt/airflow/dags/weekly_summary_pipeline.py for tasks to queue
[2026-03-28T13:27:47.114+0000] {logging_mixin.py:188} INFO - [2026-03-28T13:27:47.114+0000] {dagbag.py:538} INFO - Filling up the DagBag from /opt/airflow/dags/weekly_summary_pipeline.py
[2026-03-28T13:27:47.133+0000] {processor.py:840} INFO - DAG(s) 'weekly_summary_pipeline' retrieved from /opt/airflow/dags/weekly_summary_pipeline.py
[2026-03-28T13:27:47.163+0000] {logging_mixin.py:188} INFO - [2026-03-28T13:27:47.163+0000] {dag.py:3036} INFO - Sync 1 DAGs
[2026-03-28T13:27:47.186+0000] {logging_mixin.py:188} INFO - [2026-03-28T13:27:47.186+0000] {dag.py:3823} INFO - Setting next_dagrun for weekly_summary_pipeline to 2026-03-23 06:00:00+00:00, run_after=2026-03-30 06:00:00+00:00
[2026-03-28T13:27:47.215+0000] {processor.py:183} INFO - Processing /opt/airflow/dags/weekly_summary_pipeline.py took 0.106 seconds
[2026-03-28T13:28:17.582+0000] {processor.py:161} INFO - Started process (PID=19965) to work on /opt/airflow/dags/weekly_summary_pipeline.py
[2026-03-28T13:28:17.583+0000] {processor.py:830} INFO - Processing file /opt/airflow/dags/weekly_summary_pipeline.py for tasks to queue
[2026-03-28T13:28:17.584+0000] {logging_mixin.py:188} INFO - [2026-03-28T13:28:17.584+0000] {dagbag.py:538} INFO - Filling up the DagBag from /opt/airflow/dags/weekly_summary_pipeline.py
[2026-03-28T13:28:17.606+0000] {processor.py:840} INFO - DAG(s) 'weekly_summary_pipeline' retrieved from /opt/airflow/dags/weekly_summary_pipeline.py
[2026-03-28T13:28:17.645+0000] {logging_mixin.py:188} INFO - [2026-03-28T13:28:17.645+0000] {dag.py:3036} INFO - Sync 1 DAGs
[2026-03-28T13:28:17.676+0000] {logging_mixin.py:188} INFO - [2026-03-28T13:28:17.675+0000] {dag.py:3823} INFO - Setting next_dagrun for weekly_summary_pipeline to 2026-03-23 06:00:00+00:00, run_after=2026-03-30 06:00:00+00:00
[2026-03-28T13:28:17.710+0000] {processor.py:183} INFO - Processing /opt/airflow/dags/weekly_summary_pipeline.py took 0.131 seconds
[2026-03-28T13:28:48.048+0000] {processor.py:161} INFO - Started process (PID=19988) to work on /opt/airflow/dags/weekly_summary_pipeline.py
[2026-03-28T13:28:48.049+0000] {processor.py:830} INFO - Processing file /opt/airflow/dags/weekly_summary_pipeline.py for tasks to queue
[2026-03-28T13:28:48.050+0000] {logging_mixin.py:188} INFO - [2026-03-28T13:28:48.050+0000] {dagbag.py:538} INFO - Filling up the DagBag from /opt/airflow/dags/weekly_summary_pipeline.py
[2026-03-28T13:28:48.068+0000] {processor.py:840} INFO - DAG(s) 'weekly_summary_pipeline' retrieved from /opt/airflow/dags/weekly_summary_pipeline.py
[2026-03-28T13:28:48.094+0000] {logging_mixin.py:188} INFO - [2026-03-28T13:28:48.094+0000] {dag.py:3036} INFO - Sync 1 DAGs
[2026-03-28T13:28:48.117+0000] {logging_mixin.py:188} INFO - [2026-03-28T13:28:48.117+0000] {dag.py:3823} INFO - Setting next_dagrun for weekly_summary_pipeline to 2026-03-23 06:00:00+00:00, run_after=2026-03-30 06:00:00+00:00
[2026-03-28T13:28:48.140+0000] {processor.py:183} INFO - Processing /opt/airflow/dags/weekly_summary_pipeline.py took 0.095 seconds
[2026-03-28T13:29:18.532+0000] {processor.py:161} INFO - Started process (PID=20011) to work on /opt/airflow/dags/weekly_summary_pipeline.py
[2026-03-28T13:29:18.533+0000] {processor.py:830} INFO - Processing file /opt/airflow/dags/weekly_summary_pipeline.py for tasks to queue
[2026-03-28T13:29:18.535+0000] {logging_mixin.py:188} INFO - [2026-03-28T13:29:18.534+0000] {dagbag.py:538} INFO - Filling up the DagBag from /opt/airflow/dags/weekly_summary_pipeline.py
[2026-03-28T13:29:18.561+0000] {processor.py:840} INFO - DAG(s) 'weekly_summary_pipeline' retrieved from /opt/airflow/dags/weekly_summary_pipeline.py
[2026-03-28T13:29:18.595+0000] {logging_mixin.py:188} INFO - [2026-03-28T13:29:18.594+0000] {dag.py:3036} INFO - Sync 1 DAGs
[2026-03-28T13:29:18.621+0000] {logging_mixin.py:188} INFO - [2026-03-28T13:29:18.620+0000] {dag.py:3823} INFO - Setting next_dagrun for weekly_summary_pipeline to 2026-03-23 06:00:00+00:00, run_after=2026-03-30 06:00:00+00:00
[2026-03-28T13:29:18.649+0000] {processor.py:183} INFO - Processing /opt/airflow/dags/weekly_summary_pipeline.py took 0.120 seconds
