ma_sinh_vien,hoc_ky,diem_ren_luyen,xep_loai_rl,loai_hoc_bong,muc_tien_hb,hinh_thuc_ky_luat,ly_do_ky_luat
B22DCKT134,HK2-2024-25,93,Xuất sắc,KKHT Loại Xuất sắc,8000000,,
B22DCKT017,HK2-2024-25,78,Khá,KKHT Loại Khá,1200000,,
B22DCKT043,HK2-2024-25,88,Tốt,KKHT Loại Giỏi,3600000,,
B22DCKT114,HK2-2024-25,83,Tốt,KKHT Loại Giỏi,3600000,,
B22DCKT131,HK2-2024-25,88,Tốt,KKHT Loại Giỏi,3600000,,
B22DCKT120,HK2-2024-25,88,Tốt,KKHT Loại Giỏi,3600000,,
B22DCKT128,HK2-2024-25,94,Xuất sắc,KKHT Loại Giỏi,3600000,,
B22DCKT092,HK2-2024-25,87,Tốt,KKHT Loại Giỏi,3600000,,
B22DCKT027,HK2-2024-25,83,Tốt,KKHT Loại Giỏi,3600000,,
B22DCKT060,HK2-2024-25,82,Tốt,KKHT Loại Giỏi,3600000,,
B22DCKT001,HK2-2024-25,,,KKHT Loại Giỏi,3600000,,
B22DCKT002,HK2-2024-25,82,Tốt,KKHT Loại Giỏi,3600000,,
B22DCKT026,HK2-2024-25,80,Tốt,,0,,
B22DCKT003,HK2-2024-25,81,Tốt,,0,,
B22DCKT101,HK2-2024-25,90,Xuất sắc,,0,,
B22DCKT007,HK2-2024-25,84,Tố?,,0,,
B22DCKT012,HK2-2024-25,84,Tốt,,0,,
B22DCKT086,HK2-2024-25,79,Khá,,0,,
B22DCKT063,HK2-2024-25,,,,0,,
B22DCKT123,HK2-2024-25,79,Khá,,0,,
B22DCKT076,HK2-2024-25,91,Xuất sắc,,0,,
B22DCKT077,HK2-2024-25,79,Khá,,0,,
B22DCKT127,HK2-2024-25,72,Khá,,0,,
B22DCKT067,HK2-2024-25,85,Tốt,,0,,
B22DCKT054,HK2-2024-25,84,Tốt,,0,,
B22DCKT072,HK2-2024-25,79,Khá,,0,,
B22DCKT004,HK2-2024-25,79,Khá,,0,,
B22DCKT051,HK2-2024-25,,,,0,,
B22DCKT083,HK2-2024-25,70,Khá,,0,,
B22DCKT109,HK2-2024-25,68,Khá,,0,,
B22DCKT046,HK2-2024-25,82,Tốt,,0,,
B22DCKT005,HK2-2024-25,62,Trung bình,,0,,
B22DCKT124,HK2-2024-25,71,Khá,,0,,
B22DCKT080,HK2-2024-25,75,Khá,,0,,
B22DCKT069,HK2-2024-25,63,Trung bình,,0,,
B22DCKT066,HK2-2024-25,78,Khá,,0,,
B22DCKT132,HK2-2024-25,68,Khá,,0,,
B22DCKT022,HK2-2024-25,69,Khá,,0,,
B22DCKT029,HK2-2024-25,71,Khá,,0,,
B22DCKT011,HK2-2024-25,64,Trung bình,,0,,
B22DCKT138,HK2-2024-25,71,Khá,,0,,
B22DCKT098,HK2-2024-25,72,Khá,,0,,
B22DCKT031,HK2-2024-25,78,Khá,,0,,
B22DCKT100,HK2-2024-25,81,Tốt,,0,,
B22DCKT106,HK2-2024-25,79,Khá,,0,,
B22DCKT073,HK2-2024-25,76,Khá,,0,,
B22DCKT039,HK2-2024-25,75,Khá,,0,,
B22DCKT137,HK2-2024-25,61,Trung bình,,0,,
B22DCKT065,HK2-2024-25,78,Khá,,0,,
B22DCKT041,HK2-2024-25,,,,0,,
B22DCKT105,HK2-2024-25,,,,0,,
B22DCKT036 ,HK2-2024-25,69,Khá,,0,,
B22DCKT097,HK2-2024-25,67,Khá,,0,,
B22DCKT088,HK2-2024-25,64,Trung bình,,0,,
B22DCKT103,HK2-2024-25,76,Khá,,0,,
B22DCKT102,HK2-2024-25,76,Khá,,0,,
B22DCKT094,HK2-2024-25,67,Khá,,0,,
B22DCKT122,HK2-2024-25,67,Khá,,0,,
B22DCKT118,HK2-2024-25,77,Khá,,0,,
B22DCKT121,HK2-2024-25,73,Khá,,0,,
B22DCKT117,HK2-2024-25,78,Khá,,0,,
B22DCKT040,HK2-2024-25,70,Khá,,0,,
B22DCKT139,HK2-2024-25,70,Khá,,0,,
B22DCKT136,HK2-2024-25,67,Khá,,0,,
B22DCKT008,HK2-2024-25,62,Trung bình,,0,,
B22DCKT021,HK2-2024-25,76,Khá,,0,,
B22DCKT018,HK2-2024-25,73,Khá,,0,,
B22DCKT055,HK2-2024-25,64,Trung bình,,0,,
B22DCKT071,HK2-2024-25,69,Khá,,0,,
B22DCKT016,HK2-2024-25,69,Khá,,0,,
B22DCKT129,HK2-2024-25,69,Khá,,0,,
B22DCKT082,HK2-2024-25,82,Tốt,,0,,
B22DCKT009,HK2-2024-25,,,,0,,
B22DCKT020,HK2-2024-25,75,Khá,,0,,
B22DCKT033,HK2-2024-25,75,Khá,,0,,
B22DCKT074,HK2-2024-25,75,Khá,,0,,
B22DCKT078,HK2-2024-25,77,Khá,,0,,
B22DCKT023,HK2-2024-25,72,Khá,,0,,
B22DCKT056,HK2-2024-25,51,Trung bình,,0,,
B22DCKT079,HK2-2024-25,81,Tốt,,0,,
B22DCKT113,HK2-2024-25,81,Tốt,,0,,
B22DCKT087,HK2-2024-25,63,Trung bình,,0,,
B22DCKT107,HK2-2024-25,69,Khá,,0,,
B22DCKT112,HK2-2024-25,65,Khá,,0,,
B22DCKT049,HK2-2024-25,66,Khá,,0,,
B22DCKT025,HK2-2024-25,81,Tốt,,0,,
B22DCKT126,HK2-2024-25,75,Khá,,0,,
B22DCKT099,HK2-2024-25,73,Khá,,0,,
B22DCKT095,HK2-2024-25,77,Khá,,0,,
B22DCKT091,HK2-2024-25,71,Khá,,0,,
B22DCKT133,HK2-2024-25,67,Khá,,0,,
B22DCKT116,HK2-2024-25,48,Yếu,,0,,
B22DCKT013,HK2-2024-25,85,Tốt,,0,,
B22DCKT081,HK2-2024-25,55,Trung bình,,0,,
B22DCKT130,HK2-2024-25,66,Khá,,0,,
B22DCKT037,HK2-2024-25,,,,0,,
B22DCKT064,HK2-2024-25,76,Khá,,0,,
B22DCKT034,HK2-2024-25,68,Khá,,0,,
B22DCKT110,HK2-2024-25,70,Khá,,0,,
B22DCKT125,HK2-2024-25,66,Khá,,0,,
B22DCKT038,HK2-2024-25,48,Yếu,,0,,
B22DCKT052,HK2-2024-25,80,Tốt,,0,,
B22DCKT089,HK2-2024-25,71,Khá,,0,,
B22DCKT075,HK2-2024-25,,,,0,,
B22DCKT058,HK2-2024-25,61,Trung bình,,0,,
B22DCKT096,HK2-2024-25,,,,0,,
B22DCKT115,HK2-2024-25,80,Tốt,,0,,
B22DCKT108,HK2-2024-25,67,Khá,,0,,
B22DCKT135,HK2-2024-25,75,Khá,,0,,
B22DCKT032,HK2-2024-25,55,Trung bình,,0,,
B22DCKT085,HK2-2024-25,55,Trung bình,,0,,
B22DCKT045,HK2-2024-25,66,Khá,,0,,
B22DCKT035,HK2-2024-25,54,Trung bình,,0,,
B22DCKT061,HK2-2024-25,,,,0,,
B22DCKT042,HK2-2024-25,65,Khá,,0,,
B22DCKT059,HK2-2024-25,72,Khá,,0,,
B22DCKT048,HK2-2024-25,60,Trung bình,,0,,
B22DCKT070,HK2-2024-25,65,Khá,,0,,
B22DCKT093,HK2-2024-25,58,Trung bình,,0,,
B22DCKT047,HK2-2024-25,62,Trung bình,,0,,
B22DCKT111,HK2-2024-25,58,Trung bình,,0,,
B22DCKT010,HK2-2024-25,60,Trung bình,,0,,
B22DCKT057,HK2-2024-25,56,Trung bình,,0,,
B22DCKT015,HK2-2024-25,65,Khá,,0,,
B22DCKT140,HK2-2024-25,48,Yếu,,0,,
B22DCKT053,HK2-2024-25,45,Yếu,,0,,
B22DCKT104,HK2-2024-25,57,Trung bình,,0,,
B22DCKT024,HK2-2024-25,62,Trung bình,,0,,
B22DCKT068,HK2-2024-25,78,Khá,,0,,
B23DCKT115,HK2-2024-25,85,Tốt,KKHT Loại Giỏi,3600000,,
B23DCKT049,HK2-2024-25,88,Tốt,KKHT Loại Giỏi,3600000,,
B23DCKT086,HK2-2024-25,94,Xuất sắc,KKHT Loại Xuất sắc,8000000,,
B23DCKT139,HK2-2024-25,88,Tốt,KKHT Loại Giỏi,3600000,,
B23DCKT126,HK2-2024-25,89,Tốt,KKHT Loại Giỏi,3600000,,
B23DCKT097,HK2-2024-25,76,Khá,KKHT Loại Khá,1200000,,
B23DCKT012,HK2-2024-25,78,Khá,KKHT Loại Khá,1200000,,
B23DCKT052,HK2-2024-25,,,KKHT Loại Giỏi,3600000,,
B23DCKT008,HK2-2024-25,77,Khá,KKHT Loại Khá,1200000,,
B23DCKT135,HK2-2024-25,79,Khá,KKHT Loại Khá,1200000,,
B23DCKT074,HK2-2024-25,83,Tốt,KKHT Loại Giỏi,3600000,,
B23DCKT118,HK2-2024-25,81,Tốt,KKHT Loại Giỏi,3600000,,
B23DCKT114,HK2-2024-25,74,Khá,KKHT Loại Khá,1200000,,
B23DCKT089,HK2-2024-25,80,Tốt,,0,,
B23DCKT117,HK2-2024-25,80,Tốt,,0,,
B23DCKT028,HK2-2024-25,73,Khá,,0,,
B23DCKT005,HK2-2024-25,81,Tốt,,0,,
B23DCKT003,HK2-2024-25,82,Tốt,,0,,
B23DCKT017,HK2-2024-25,75,Khá,,0,,
B23DCKT124,HK2-2024-25,80,Tốt,,0,,
B23DCKT083,HK2-2024-25,81,Tốt,,0,,
B23DCKT120,HK2-2024-25,81,Tốt,,0,,
B23DCKT051,HK2-2024-25,82,Tốt,,0,,
B23DCKT106,HK2-2024-25,82,Tốt,,0,,
B23DCKT085,HK2-2024-25,87,Tốt,,0,,
B23DCKT077,HK2-2024-25,85,Tốt,,0,,
B23DCKT029,HK2-2024-25,81,Tốt,,0,,
B23DCKT087,HK2-2024-25,82,Tốt,,0,,
B23DCKT107,HK2-2024-25,72,Khá,,0,,
B23DCKT104,HK2-2024-25,86,Tốt,,0,,
B23DCKT042,HK2-2024-25,86,Tốt,,0,,
B23DCKT102,HK2-2024-25,63,Trung bình,,0,,
B23DCKT060,HK2-2024-25,67,Khá,,0,,
B23DCKT127,HK2-2024-25,72,Khá,,0,,
B23DCKT099,HK2-2024-25,87,Tốt,,0,,
B23DCKT137,HK2-2024-25,,,,0,,
B23DCKT098,HK2-2024-25,71,Khá,,0,,
B23DCKT082,HK2-2024-25,68,Khá,,0,,
B23DCKT092,HK2-2024-25,83,Tốt,,0,,
B23DCKT023 ,HK2-2024-25,72,Khá,,0,,
B23DCKT026,HK2-2024-25,71,Khá,,0,,
B23DCKT041,HK2-2024-25,75,Khá,,0,,
B23DCKT084,HK2-2024-25,79,Khá,,0,,
B23DCKT061,HK2-2024-25,74,Khá,,0,,
B23DCKT071,HK2-2024-25,86,Tốt,,0,,
B23DCKT007,HK2-2024-25,72,Khá,,0,,
B23DCKT128,HK2-2024-25,68,Khá,,0,,
B23DCKT113,HK2-2024-25,82,Tốt,,0,,
B23DCKT022 ,HK2-2024-25,71,Khá,,0,,
B23DCKT067,HK2-2024-25,65,Khá,,0,,
B23DCKT140,HK2-2024-25,85,Tốt,,0,,
B23DCKT081,HK2-2024-25,77,Khá,,0,,
B23DCKT044,HK2-2024-25,68,Khá,,0,,
B23DCKT138,HK2-2024-25,65,Khá,,0,,
B23DCKT103,HK2-2024-25,69,Khá,,0,,
B23DCKT025,HK2-2024-25,79,Khá,,0,,
B23DCKT112,HK2-2024-25,71,Khá,,0,,
B23DCKT134 ,HK2-2024-25,71,Khá,,0,,
B23DCKT145,HK2-2024-25,71,Khá,,0,,
B23DCKT070,HK2-2024-25,64,Trung bình,,0,,
B23DCKT105,HK2-2024-25,67,Khá,,0,,
B23DCKT053,HK2-2024-25,63,Trung bình,,0,,
B23DCKT094,HK2-2024-25,67,Khá,,0,,
B23DCKT068,HK2-2024-25,64,Trung bình,,0,,
B23DCKT141,HK2-2024-25,74,Khá,,0,,
B23DCKT065,HK2-2024-25,79,Khá,,0,,
B23DCKT063,HK2-2024-25,75,Khá,,0,,
B23DCKT066,HK2-2024-25,72,Khá,,0,,
B23DCKT109,HK2-2024-25,,,,0,,
B23DCKT050,HK2-2024-25,69,Khá,,0,,
B23DCKT056,HK2-2024-25,65,Khá,,0,,
B23DCKT131,HK2-2024-25,71,Khá,,0,,
B23DCKT096,HK2-2024-25,63,Trung bình,,0,,
B23DCKT043,HK2-2024-25,70,Khá,,0,,
B23DCKT046,HK2-2024-25,71,Khá,,0,,
B23DCKT136,HK2-2024-25,67,Khá,,0,,
B23DCKT037,HK2-2024-25,76,Khá,,0,,
B23DCKT142,HK2-2024-25,75,Khá,,0,,
B23DCKT033,HK2-2024-25,66,Khá,,0,,
B23DCKT132,HK2-2024-25,76,Khá,,0,,
B23DCKT125,HK2-2024-25,71,Khá,,0,,
B23DCKT133,HK2-2024-25,75,Khá,,0,,
B23DCKT030,HK2-2024-25,73,Khá,,0,,
B23DCKT055,HK2-2024-25,66,Khá,,0,,
B23DCKT032,HK2-2024-25,65,Khá,,0,,
B23DCKT001 ,HK2-2024-25,73,Khá,,0,,
B23DCKT062,HK2-2024-25,71,Khá,,0,,
B23DCKT019,HK2-2024-25,64,Trung bình,,0,,
B23DCKT002,HK2-2024-25,80,Tốt,,0,,
B23DCKT116,HK2-2024-25,74,Khá,,0,,
B23DCKT009,HK2-2024-25,81,Tốt,,0,,
B23DCKT091,HK2-2024-25,73,Khá,,0,,
B23DCKT090,HK2-2024-25,52,Trung bình,,0,,
B23DCKT045,HK2-2024-25,74,Khá,,0,,
B23DCKT039,HK2-2024-25,74,Khá,,0,,
B23DCKT020,HK2-2024-25,67,Khá,,0,,
B23DCKT072,HK2-2024-25,82,Tốt,,0,,
B23DCKT111,HK2-2024-25,74,Khá,,0,,
B23DCKT048,HK2-2024-25,73,Khá,,0,,
B23DCKT014,HK2-2024-25,65,Khá,,0,,
B23DCKT101,HK2-2024-25,69,Khá,,0,,
B23DCKT143,HK2-2024-25,74,Khá,,0,,
B23DCKT079,HK2-2024-25,59,Trung bình,,0,,
B23DCKT119,HK2-2024-25,73,Khá,,0,,
B23DCKT010,HK2-2024-25,74,Khá,,0,,
B23DCKT054,HK2-2024-25,58,Trung bình,,0,,
B23DCKT015,HK2-2024-25,70,Khá,,0,,
B23DCKT035,HK2-2024-25,60,Trung bình,,0,,
B23DCKT108,HK2-2024-25,46,Yếu,,0,,
B23DCKT078,HK2-2024-25,46,Yếu,,0,,
B23DCKT006,HK2-2024-25,77,Khá,,0,,
B23DCKT123,HK2-2024-25,78,Khá,,0,,
B23DCKT088,HK2-2024-25,66,Khá,,0,,
B23DCKT129,HK2-2024-25,66,Khá,,0,,
B23DCKT027,HK2-2024-25,75,Khá,,0,,
B23DCKT095,HK2-2024-25,83,Tốt,,0,,
B23DCKT110,HK2-2024-25,80,Tốt,,0,,
B23DCKT047,HK2-2024-25,63,Trung bình,,0,,
B23DCKT031,HK2-2024-25,70,Khá,,0,,
B23DCKT059,HK2-2024-25,63,Trung bình,,0,,
B23DCKT021,HK2-2024-25,83,Tốt,,0,,
B23DCKT004,HK2-2024-25,,,,0,,
B23DCKT075,HK2-2024-25,58,Trung bình,,0,,
B23DCKT069,HK2-2024-25,62,Trung bình,,0,,
B23DCKT058,HK2-2024-25,67,Khá,,0,,
B23DCKT038,HK2-2024-25,52,Trung bình,,0,,
B23DCKT130,HK2-2024-25,73,Khá,,0,,
B23DCKT011,HK2-2024-25,61,Trung bình,,0,,
B23DCKT024,HK2-2024-25,69,Khá,,0,,
B23DCKT040,HK2-2024-25,63,Trung bình,,0,,
B23DCKT036,HK2-2024-25,71,Khá,,0,,
B23DCKT076,HK2-2024-25,67,Khá,,0,,
B23DCKT100,HK2-2024-25,69,Khá,,0,,
B23DCKT013,HK2-2024-25,73,Khá,,0,,
B23DCKT144,HK2-2024-25,66,Khá,,0,,
B23DCKT073,HK2-2024-25,71,Khá,,0,,
B23DCKT121,HK2-2024-25,41,Yếu,,0,,
B24DCKT139,HK2-2024-25,84,Tốt,KKHT Loại Giỏi,3600000,,
B24DCKT008,HK2-2024-25,90,Xuất sắc,KKHT Loại Giỏi,3600000,,
B24DCKT147,HK2-2024-25,79,Khá,KKHT Loại Khá,1200000,,
B24DCKT033,HK2-2024-25,91,Xuất sắc,KKHT Loại Giỏi,3600000,,
B24DCKT148,HK2-2024-25,83,Tốt,KKHT Loại Giỏi,3600000,,
B24DCKT039,HK2-2024-25,87,Tốt,KKHT Loại Giỏi,3600000,,
B24DCKT037,HK2-2024-25,85,Tốt,KKHT Loại Giỏi,3600000,,
B24DCKT117,HK2-2024-25,75,Khá,KKHT Loại Khá,1200000,,
B24DCKT011,HK2-2024-25,93,Xuất sắc,KKHT Loại Giỏi,3600000,,
B24DCKT089,HK2-2024-25,85,Tốt,KKHT Loại Giỏi,3600000,,
B24DCKT084,HK2-2024-25,91,Xuất sắc,KKHT Loại Giỏi,3600000,,
B24DCKT136,HK2-2024-25,84,Tốt,KKHT Loại Giỏi,3600000,,
B24DCKT032,HK2-2024-25,92,Xuất sắc,KKHT Loại Giỏi,3600000,,
B24DCKT140,HK2-2024-25,82,Tốt,KKHT Loại Giỏi,3600000,,
B24DCKT043,HK2-2024-25,76,Kh?,KKHT Loại Khá,1200000,,
B24DCKT004,HK2-2024-25,83,Tốt,,0,,
B24DCKT067,HK2-2024-25,78,Khá,,0,,
B24DCKT063,HK2-2024-25,87,Tốt,,0,,
B24DCKT094 ,HK2-2024-25,82,Tốt,,0,,
B24DCKT123,HK2-2024-25,92,Xuất sắc,,0,,
B24DCKT097,HK2-2024-25,85,Tốt,,0,,
B24DCKT100,HK2-2024-25,,,,0,,
B24DCKT048,HK2-2024-25,84,Tốt,,0,,
B24DCKT080,HK2-2024-25,83,Tốt,,0,,
B24DCKT072,HK2-2024-25,91,Xuất sắc,,0,,
B24DCKT031,HK2-2024-25,77,Khá,,0,,
B24DCKT093,HK2-2024-25,,,,0,,
B24DCKT073,HK2-2024-25,87,Tốt,,0,,
B24DCKT070,HK2-2024-25,90,Xuất sắc,,0,,
B24DCKT090,HK2-2024-25,83,Tốt,,0,,
B24DCKT015,HK2-2024-25,73,Khá,,0,,
B24DCKT044,HK2-2024-25,80,Tốt,,0,,
B24DCKT022,HK2-2024-25,62,Trung bình,,0,,
B24DCKT014,HK2-2024-25,70,Khá,,0,,
B24DCKT066,HK2-2024-25,68,Khá,,0,,
B24DCKT109,HK2-2024-25,79,Khá,,0,,
B24DCKT010,HK2-2024-25,80,Tốt,,0,,
B24DCKT142,HK2-2024-25,68,Khá,,0,,
B24DCKT061,HK2-2024-25,88,Tốt,,0,,
B24DCKT062,HK2-2024-25,,,,0,,
B24DCKT115,HK2-2024-25,63,Trung bình,,0,,
B24DCKT029,HK2-2024-25,,,,0,,
B24DCKT088,HK2-2024-25,68,Khá,,0,,
B24DCKT129,HK2-2024-25,72,Khá,,0,,
B24DCKT024,HK2-2024-25,71,Khá,,0,,
B24DCKT135,HK2-2024-25,74,Khá,,0,,
B24DCKT006,HK2-2024-25,64,Trung bình,,0,,
B24DCKT059,HK2-2024-25,82,Tốt,,0,,
B24DCKT003,HK2-2024-25,68,Khá,,0,,
B24DCKT105,HK2-2024-25,68,Khá,,0,,
B24DCKT138,HK2-2024-25,86,Tốt,,0,,
B24DCKT053,HK2-2024-25,62,Trung bình,,0,,
B24DCKT051,HK2-2024-25,71,Khá,,0,,
B24DCKT007,HK2-2024-25,82,Tốt,,0,,
B24DCKT018,HK2-2024-25,75,Khá,,0,,
B24DCKT108,HK2-2024-25,72,Khá,,0,,
B24DCKT005,HK2-2024-25,70,Khá,,0,,
B24DCKT017,HK2-2024-25,70,Khá,,0,,
B24DCKT074,HK2-2024-25,76,Khá,,0,,
B24DCKT058,HK2-2024-25,75,Khá,,0,,
B24DCKT102,HK2-2024-25,70,Khá,,0,,
B24DCKT122,HK2-2024-25,70,Khá,,0,,
B24DCKT116,HK2-2024-25,67,Khá,,0,,
B24DCKT013,HK2-2024-25,67,Khá,,0,,
B24DCKT060,HK2-2024-25,57,Trung bình,,0,,
B24DCKT042,HK2-2024-25,76,Khá,,0,,
B24DCKT087,HK2-2024-25,82,Tốt,,0,,
B24DCKT146,HK2-2024-25,,,,0,,
B24DCKT047 ,HK2-2024-25,67,Khá,,0,,
B24DCKT023,HK2-2024-25,63,Trung bình,,0,,
B24DCKT107,HK2-2024-25,72,Khá,,0,,
B24DCKT130,HK2-2024-25,72,Khá,,0,,
B24DCKT021,HK2-2024-25,70,Khá,,0,,
B24DCKT021,HK2-2024-25,70,Khá,,0,,
B24DCKT016,HK2-2024-25,72,Khá,,0,,
B24DCKT012,HK2-2024-25,80,Tốt,,0,,
B24DCKT077,HK2-2024-25,,,,0,,
B24DCKT125,HK2-2024-25,75,Khá,,0,,
B24DCKT045,HK2-2024-25,62,Trung bình,,0,,
B24DCKT137,HK2-2024-25,71,Khá,,0,,
B24DCKT099,HK2-2024-25,70,Khá,,0,,
B24DCKT049,HK2-2024-25,67,Khá,,0,,
B24DCKT113,HK2-2024-25,71,Khá,,0,,
B24DCKT055,HK2-2024-25,73,Khá,,0,,
B24DCKT132,HK2-2024-25,84,Tốt,,0,,
B24DCKT124,HK2-2024-25,76,Khá,,0,,
B24DCKT103,HK2-2024-25,75,Khá,,0,,
B24DCKT083,HK2-2024-25,66,Khá,,0,,
B24DCKT069,HK2-2024-25,75,Khá,,0,,
B24DCKT092,HK2-2024-25,56,Trung bình,,0,,
B24DCKT104,HK2-2024-25,51,Trung bình,,0,,
B24DCKT121,HK2-2024-25,85,Tốt,,0,,
B24DCKT086,HK2-2024-25,76,Khá,,0,,
B24DCKT075,HK2-2024-25,74,Khá,,0,,
B24DCKT141,HK2-2024-25,68,Khá,,0,,
B24DCKT041,HK2-2024-25,76,Khá,,0,,
B24DCKT079,HK2-2024-25,75,Khá,,0,,
B24DCKT057,HK2-2024-25,71,Khá,,0,,
B24DCKT134,HK2-2024-25,69,Khá,,0,,
B24DCKT085,HK2-2024-25,61,Trung bình,,0,,
B24DCKT106,HK2-2024-25,51,Trung bình,,0,,
B24DCKT054,HK2-2024-25,77,Khá,,0,,
B24DCKT027,HK2-2024-25,72,Khá,,0,,
B24DCKT128,HK2-2024-25,59,Trung bình,,0,,
B24DCKT127,HK2-2024-25,72,Khá,,0,,
B24DCKT036,HK2-2024-25,59,Trung bình,,0,,
B24DCKT145,HK2-2024-25,69,Khá,,0,,
B24DCKT035,HK2-2024-25,69,Khá,,0,,
B24DCKT076,HK2-2024-25,66,Khá,,0,,
B24DCKT119,HK2-2024-25,65,Khá,,0,,
B24DCKT150,HK2-2024-25,55,Trung bìn?,,0,,
B24DCKT064,HK2-2024-25,68,Khá,,0,,
B24DCKT071,HK2-2024-25,64,Trung bình,,0,,
B24DCKT002,HK2-2024-25,75,Khá,,0,,
B24DCKT118,HK2-2024-25,72,Khá,,0,,
B24DCKT091,HK2-2024-25,66,Khá,,0,,
B24DCKT098,HK2-2024-25,55,Trung bình,,0,,
B24DCKT110,HK2-2024-25,,,,0,,
B24DCKT133,HK2-2024-25,59,Trung bình,,0,,
B24DCKT081,HK2-2024-25,54,Trung bình,,0,,
B24DCKT082,HK2-2024-25,54,Trung bình,,0,,
B24DCKT143,HK2-2024-25,69,Khá,,0,,
B24DCKT126,HK2-2024-25,65,Khá,,0,,
B24DCKT009,HK2-2024-25,64,Trung bình,,0,,
B24DCKT149,HK2-2024-25,58,Trung bình,,0,,
B24DCKT112,HK2-2024-25,64,Trung bình,,0,,
B24DCKT052,HK2-2024-25,64,Trung bình,,0,,
B24DCKT030,HK2-2024-25,61,Trung bình,,0,,
B24DCKT095,HK2-2024-25,52,Trung bình,,0,,
B24DCKT120,HK2-2024-25,67,Khá,,0,,
B24DCKT026,HK2-2024-25,66,Khá,,0,,
B24DCKT001,HK2-2024-25,58,Trung bình,,0,,
B24DCKT056,HK2-2024-25,76,Khá,,0,,
B24DCKT065,HK2-2024-25,55,Trung bình,,0,,
B24DCKT114,HK2-2024-25,58,Trung bình,,0,,
B24DCKT144,HK2-2024-25,55,Trung bình,,0,,
B24DCKT046,HK2-2024-25,63,Trung bình,,0,,
B24DCKT096,HK2-2024-25,65,Khá,,0,,
B24DCKT078,HK2-2024-25,54,Trung bình,,0,,
B24DCKT111,HK2-2024-25,56,Trung bình,,0,,
B24DCKT050,HK2-2024-25,53,Trung bình,,0,,
B24DCKT131,HK2-2024-25,50,Trung bình,,0,,
B24DCKT101,HK2-2024-25,47,Yếu,,0,,
B24DCKT034,HK2-2024-25,46,Yếu,,0,,
B24DCKT040,HK2-2024-25,36,Yếu,,0,,
B24DCKT025,HK2-2024-25,52,Trung bình,,0,,
B24DCKT028,HK2-2024-25,47,Yếu,,0,Khiển trách,Vi phạm nội quy KTX
B24DCKT068,HK2-2024-25,52,Trung bình,,0,,
B24DCKT038,HK2-2024-25,57,Trung bình,,0,,
B24DCKT019,HK2-2024-25,49,Yếu,,0,,
B24DCKT020,HK2-2024-25,56,Trung bình,,0,,
B21DCVT069,HK2-2024-25,84,Tốt,KKHT Loại Giỏi,3600000,,
B21DCVT044,HK2-2024-25,74,Khá,KKHT Loại Khá,1200000,,
B21DCVT074,HK2-2024-25,82,Tốt,KKHT Loại Giỏi,3600000,,
B21DCVT048,HK2-2024-25,82,Tốt,KKHT Loại Giỏi,3600000,,
B21DCVT071,HK2-2024-25,83,Tốt,KKHT Loại Giỏi,3600000,,
B21DCVT082,HK2-2024-25,79,Khá,KKHT Loại Khá,1200000,,
B21DCVT129,HK2-2024-25,89,Tốt,KKHT Loại Giỏi,3600000,,
B21DCVT047,HK2-2024-25,88,Tốt,KKHT Loại Giỏi,3600000,,
B21DCVT040,HK2-2024-25,84,Tốt,KKHT Loại Giỏi,3600000,,
B21DCVT115,HK2-2024-25,83,Tốt,KKHT Loại Giỏi,3600000,,
B21DCVT025,HK2-2024-25,76,Khá,KKHT Loại Khá,1200000,,
B21DCVT037,HK2-2024-25,65,Khá,,0,,
B21DCVT093,HK2-2024-25,79,Khá,,0,,
B21DCVT120,HK2-2024-25,81,Tốt,,0,,
B21DCVT102,HK2-2024-25,88,Tốt,,0,,
B21DCVT036,HK2-2024-25,75,Khá,,0,,
B21DCVT105,HK2-2024-25,75,Khá,,0,,
B21DCVT079,HK2-2024-25,64,Trung bình,,0,,
B21DCVT023,HK2-2024-25,67,Khá,,0,,
B21DCVT086,HK2-2024-25,88,Tốt,,0,,
B21DCVT032,HK2-2024-25,84,Tốt,,0,,
B21DCVT031,HK2-2024-25,69,Khá,,0,,
B21DCVT103,HK2-2024-25,76,Khá,,0,,
B21DCVT010,HK2-2024-25,80,Tốt,,0,,
B21DCVT095,HK2-2024-25,78,Khá,,0,,
B21DCVT027,HK2-2024-25,79,Khá,,0,,
B21DCVT053,HK2-2024-25,69,Khá,,0,,
B21DCVT130,HK2-2024-25,77,Khá,,0,,
B21DCVT005 ,HK2-2024-25,70,Khá,,0,,
B21DCVT046,HK2-2024-25,65,Khá,,0,,
B21DCVT125,HK2-2024-25,,,,0,,
B21DCVT068,HK2-2024-25,61,Trung bình,,0,,
B21DCVT121,HK2-2024-25,64,Trung bình,,0,,
B21DCVT020,HK2-2024-25,73,Khá,,0,,
B21DCVT083,HK2-2024-25,74,Khá,,0,,
B21DCVT043,HK2-2024-25,73,Khá,,0,,
B21DCVT015,HK2-2024-25,72,Khá,,0,,
B21DCVT109,HK2-2024-25,73,Khá,,0,,
B21DCVT006,HK2-2024-25,75,Khá,,0,,
B21DCVT073,HK2-2024-25,71,Khá,,0,,
B21DCVT099,HK2-2024-25,77,Khá,,0,,
B21DCVT045,HK2-2024-25,77,Khá,,0,,
B21DCVT042,HK2-2024-25,75,Khá,,0,,
B21DCVT123,HK2-2024-25,70,Khá,,0,,
B21DCVT059,HK2-2024-25,,,,0,,
B21DCVT063,HK2-2024-25,78,Khá,,0,,
B21DCVT038,HK2-2024-25,77,Khá,,0,,
B21DCVT019,HK2-2024-25,73,Khá,,0,,
B21DCVT051,HK2-2024-25,61,Trung bình,,0,,
B21DCVT084,HK2-2024-25,77,Khá,,0,,
B21DCVT090,HK2-2024-25,66,Khá,,0,,
B21DCVT127,HK2-2024-25,75,Khá,,0,,
B21DCVT106,HK2-2024-25,74,Khá,,0,,
B21DCVT070,HK2-2024-25,66,Khá,,0,,
B21DCVT076,HK2-2024-25,71,Khá,,0,,
B21DCVT034,HK2-2024-25,88,Tốt,,0,,
B21DCVT056,HK2-2024-25,76,Khá,,0,,
B21DCVT075,HK2-2024-25,73,Khá,,0,,
B21DCVT114,HK2-2024-25,77,Khá,,0,,
B21DCVT097,HK2-2024-25,70,Khá,,0,,
B21DCVT107,HK2-2024-25,82,Tốt,,0,,
B21DCVT096,HK2-2024-25,70,Khá,,0,,
B21DCVT116,HK2-2024-25,62,Trung bình,,0,,
B21DCVT112,HK2-2024-25,77,Khá,,0,,
B21DCVT054,HK2-2024-25,76,Khá,,0,,
B21DCVT013,HK2-2024-25,68,Khá,,0,,
B21DCVT119,HK2-2024-25,76,Khá,,0,,
B21DCVT016,HK2-2024-25,77,Khá,,0,,
B21DCVT088,HK2-2024-25,74,Khá,,0,,
B21DCVT118,HK2-2024-25,64,Trung bình,,0,,
B21DCVT009,HK2-2024-25,69,Khá,,0,,
B21DCVT085,HK2-2024-25,65,Khá,,0,,
B21DCVT011,HK2-2024-25,59,Trung bình,,0,,
B21DCVT066,HK2-2024-25,,,,0,,
B21DCVT028,HK2-2024-25,52,Trung bình,,0,,
B21DCVT030,HK2-2024-25,68,Khá,,0,,
B21DCVT080,HK2-2024-25,74,Khá,,0,,
B21DCVT108,HK2-2024-25,63,Trung bình,,0,,
B21DCVT017,HK2-2024-25,60,Trung bình,,0,,
B21DCVT055,HK2-2024-25,79,Khá,,0,,
B21DCVT122,HK2-2024-25,75,Khá,,0,,
B21DCVT033,HK2-2024-25,74,Khá,,0,,
B21DCVT078 ,HK2-2024-25,60,Trung bình,,0,,
B21DCVT050,HK2-2024-25,63,Trung bình,,0,,
B21DCVT002,HK2-2024-25,75,Khá,,0,,
B21DCVT077,HK2-2024-25,57,Trung bình,,0,,
B21DCVT052,HK2-2024-25,66,Khá,,0,,
B21DCVT003,HK2-2024-25,66,Khá,,0,,
B21DCVT061,HK2-2024-25,61,Trung bình,,0,,
B21DCVT060,HK2-2024-25,62,Trung bình,,0,,
B21DCVT089,HK2-2024-25,74,Khá,,0,,
B21DCVT021,HK2-2024-25,57,Trung bình,,0,,
B21DCVT024,HK2-2024-25,65,Khá,,0,,
B21DCVT101,HK2-2024-25,55,Trung bình,,0,,
B21DCVT035,HK2-2024-25,79,Khá,,0,,
B21DCVT128,HK2-2024-25,70,Khá,,0,,
B21DCVT012,HK2-2024-25,,,,0,,
B21DCVT100,HK2-2024-25,53,Trung bình,,0,,
B21DCVT067,HK2-2024-25,41,Yếu,,0,,
B21DCVT064,HK2-2024-25,65,Khá,,0,,
B21DCVT049,HK2-2024-25,63,Trung bình,,0,,
B21DCVT008,HK2-2024-25,55,Trung bình,,0,,
B21DCVT104,HK2-2024-25,49,Yếu,,0,,
B21DCVT041,HK2-2024-25,66,Khá,,0,,
B21DCVT065,HK2-2024-25,70,Khá,,0,,
B21DCVT094,HK2-2024-25,57,Trung bình,,0,,
B21DCVT087,HK2-2024-25,70,Khá,,0,,
B21DCVT029,HK2-2024-25,46,Yếu,,0,,
B21DCVT098,HK2-2024-25,68,Khá,,0,,
B21DCVT057,HK2-2024-25,65,Khá,,0,,
B21DCVT092,HK2-2024-25,61,Trung bình,,0,,
B21DCVT124,HK2-2024-25,61,Trung bình,,0,,
B21DCVT117,HK2-2024-25,47,Yếu,,0,,
B21DCVT081,HK2-2024-25,58,Trung bình,,0,,
B21DCVT113,HK2-2024-25,57,Trung bình,,0,,
B21DCVT001,HK2-2024-25,45,Yếu,,0,,
B21DCVT111,HK2-2024-25,65,Khá,,0,,
B21DCVT072,HK2-2024-25,63,Trung bình,,0,,
B21DCVT126,HK2-2024-25,50,Trung bình,,0,,
B22DCVT006,HK2-2024-25,87,Tốt,KKHT Loại Giỏi,3600000,,
B22DCKT134,HK2-2024-25,93,Xuất sắc,KKHT Loại Xuất sắc,8000000,,
B22DCKT017,HK2-2024-25,78,Khá,KKHT Loại Khá,1200000,,
B22DCVT013,HK2-2024-25,83,Tốt,KKHT Loại Giỏi,3600000,,
B22DCKT043,HK2-2024-25,88,Tốt,KKHT Loại Giỏi,3600000,,
B22DCVT026,HK2-2024-25,81,Tốt,KKHT Loại Giỏi,3600000,,
B22DCKT114,HK2-2024-25,83,Tốt,KKHT Loại Giỏi,3600000,,
B22DCKT131,HK2-2024-25,88,Tốt,KKHT Loại Giỏi,3600000,,
B22DCKT120,HK2-2024-25,88,Tốt,KKHT Loại Giỏi,3600000,,
B22DCKT128,HK2-2024-25,94,Xuất sắc,KKHT Loại Giỏi,3600000,,
B22DCVT069,HK2-2024-25,93,Xuất sắc,KKHT Loại Giỏi,3600000,,
B22DCKT092,HK2-2024-25,,,KKHT Loại Giỏi,3600000,,
B22DCKT027,HK2-2024-25,83,Tốt,KKHT Loại Giỏi,3600000,,
B22DCVT099,HK2-2024-25,91,Xuất sắc,KKHT Loại Giỏi,3600000,,
B22DCVT014,HK2-2024-25,87,Tốt,KKHT Loại Giỏi,3600000,,
B22DCVT092,HK2-2024-25,77,Khá,KKHT Loại Khá,1200000,,
B22DCVT039,HK2-2024-25,78,Khá,KKHT Loại Khá,1200000,,
B22DCKT060,HK2-2024-25,82,Tốt,KKHT Loại Giỏi,3600000,,
B22DCVT080,HK2-2024-25,83,Tốt,KKHT Loại Giỏi,3600000,,
B22DCVT016,HK2-2024-25,82,Tốt,KKHT Loại Giỏi,3600000,,
B22DCKT001,HK2-2024-25,85,Tốt,KKHT Loại Giỏi,3600000,,
B22DCKT002,HK2-2024-25,82,Tốt,KKHT Loại Giỏi,3600000,,
B22DCKT026,HK2-2024-25,80,Tốt,KKHT Loại Giỏi,3600000,,
B22DCVT012,HK2-2024-25,84,Tốt,KKHT Loại Giỏi,3600000,,
B22DCVT098,HK2-2024-25,77,Khá,KKHT Loại Khá,1200000,,
B22DCKT003,HK2-2024-25,81,Tốt,,0,,
B22DCKT101,HK2-2024-25,90,Xuất sắc,,0,,
B22DCVT021,HK2-2024-25,74,Khá,,0,,
B22DCVT018,HK2-2024-25,74,Khá,,0,,
B22DCVT128,HK2-2024-25,80,Tốt,,0,,
B22DCVT070,HK2-2024-25,82,Tốt,,0,,
B22DCKT007,HK2-2024-25,84,Tốt,,0,,
B22DCKT012,HK2-2024-25,84,Tốt,,0,,
B22DCVT123,HK2-2024-25,79,Khá,,0,,
B22DCKT086,HK2-2024-25,79,Khá,,0,,
B22DCVT059,HK2-2024-25,81,Tốt,,0,,
B22DCVT004,HK2-2024-25,84,Tốt,,0,,
B22DCKT063,HK2-2024-25,81,Tốt,,0,,
B22DCVT118,HK2-2024-25,81,Tốt,,0,,
B22DCVT109,HK2-2024-25,82,Tốt,,0,,
B22DCKT123,HK2-2024-25,79,Khá,,0,,
B22DCVT122,HK2-2024-25,88,Tốt,,0,,
B22DCKT076,HK2-2024-25,91,Xuất sắc,,0,,
B22DCVT010,HK2-2024-25,86,Tốt,,0,,
B22DCKT077,HK2-2024-25,79,Kh?,,0,,
B22DCVT009,HK2-2024-25,82,Tốt,,0,,
B22DCKT127,HK2-2024-25,72,Khá,,0,,
B22DCVT001,HK2-2024-25,88,Tốt,,0,,
B22DCVT119,HK2-2024-25,78,Khá,,0,,
B22DCKT067,HK2-2024-25,85,Tốt,,0,,
B22DCVT095,HK2-2024-25,84,Tốt,,0,,
B22DCVT072,HK2-2024-25,77,Khá,,0,,
B22DCVT079,HK2-2024-25,76,Khá,,0,,
B22DCVT121,HK2-2024-25,84,Tốt,,0,,
B22DCVT066,HK2-2024-25,88,Tốt,,0,,
B22DCVT043,HK2-2024-25,80,Tốt,,0,,
B22DCVT040,HK2-2024-25,,,,0,,
B22DCVT089,HK2-2024-25,83,Tốt,,0,,
B22DCKT054,HK2-2024-25,84,Tốt,,0,,
B22DCKT072,HK2-2024-25,79,Khá,,0,,
B22DCVT068,HK2-2024-25,77,Khá,,0,,
B22DCVT094,HK2-2024-25,90,Xuất sắc,,0,,
B22DCKT004,HK2-2024-25,79,Khá,,0,,
B22DCKT051,HK2-2024-25,74,Khá,,0,,
B22DCKT083,HK2-2024-25,,,,0,,
B22DCKT109,HK2-2024-25,68,Khá,,0,,
B22DCKT109,HK2-2024-25,68,Khá,,0,,
B22DCVT035,HK2-2024-25,88,Tốt,,0,,
B22DCVT136,HK2-2024-25,80,Tốt,,0,,
B22DCKT046,HK2-2024-25,82,Tốt,,0,,
B22DCKT005 ,HK2-2024-25,62,Trung bình,,0,,
B22DCKT124,HK2-2024-25,71,Khá,,0,,
B22DCKT080,HK2-2024-25,75,Khá,,0,,
B22DCKT069,HK2-2024-25,,,,0,,
B22DCKT066,HK2-2024-25,78,Khá,,0,,
B22DCVT130,HK2-2024-25,63,Trung bình,,0,,
B22DCVT056,HK2-2024-25,75,Khá,,0,,
B22DCVT103,HK2-2024-25,69,Khá,,0,,
B22DCKT132,HK2-2024-25,68,Khá,,0,,
B22DCVT108,HK2-2024-25,68,Khá,,0,,
B22DCKT022,HK2-2024-25,69,Khá,,0,,
B22DCKT029,HK2-2024-25,71,Khá,,0,,
B22DCKT011,HK2-2024-25,64,Trung bình,,0,,
B22DCVT029,HK2-2024-25,82,Tốt,,0,,
B22DCKT138,HK2-2024-25,71,Khá,,0,,
B22DCKT098,HK2-2024-25,72,Khá,,0,,
B22DCVT085,HK2-2024-25,69,Khá,,0,,
B22DCKT031,HK2-2024-25,78,Khá,,0,,
B22DCVT097,HK2-2024-25,66,Khá,,0,,
B22DCKT100,HK2-2024-25,81,Tốt,,0,,
B22DCKT106,HK2-2024-25,79,Khá,,0,,
B22DCVT011,HK2-2024-25,75,Khá,,0,,
B22DCVT033,HK2-2024-25,62,Trung bình,,0,,
B22DCVT020,HK2-2024-25,,,,0,,
B22DCKT073,HK2-2024-25,76,Khá,,0,,
B22DCKT039,HK2-2024-25,75,Khá,,0,,
B22DCVT061,HK2-2024-25,74,Khá,,0,,
B22DCKT137,HK2-2024-25,61,Trung bình,,0,,
B22DCVT053,HK2-2024-25,76,Khá,,0,,
B22DCVT075,HK2-2024-25,70,Khá,,0,,
B22DCKT065,HK2-2024-25,,,,0,,
B22DCKT041,HK2-2024-25,61,Trung bình,,0,,
B22DCKT105,HK2-2024-25,78,Khá,,0,,
B22DCKT036,HK2-2024-25,69,Khá,,0,,
B22DCKT097,HK2-2024-25,67,Khá,,0,,
B22DCKT097,HK2-2024-25,67,Khá,,0,,
B22DCKT088,HK2-2024-25,64,Trung bình,,0,,
B22DCVT112,HK2-2024-25,70,Khá,,0,,
B22DCKT103,HK2-2024-25,76,Khá,,0,,
B22DCVT091,HK2-2024-25,72,Khá,,0,,
B22DCKT102,HK2-2024-25,76,Khá,,0,,
B22DCVT137 ,HK2-2024-25,79,Khá,,0,,
B22DCKT094,HK2-2024-25,67,Khá,,0,,
B22DCVT133,HK2-2024-25,76,Khá,,0,,
B22DCVT082,HK2-2024-25,72,Khá,,0,,
B22DCKT122,HK2-2024-25,67,Khá,,0,,
B22DCVT138,HK2-2024-25,83,Tốt,,0,,
B22DCKT118,HK2-2024-25,77,Khá,,0,,
B22DCVT049,HK2-2024-25,67,Khá,,0,,
B22DCKT121,HK2-2024-25,73,Khá,,0,,
B22DCKT117,HK2-2024-25,78,Khá,,0,,
B22DCKT040,HK2-2024-25,70,Khá,,0,,
B22DCKT139,HK2-2024-25,,,,0,,
B22DCKT136,HK2-2024-25,67,Khá,,0,,
B22DCVT074,HK2-2024-25,85,Tốt,,0,,
B22DCVT131,HK2-2024-25,76,Khá,,0,,
B22DCVT107,HK2-2024-25,64,Trung bình,,0,,
B22DCKT008,HK2-2024-25,62,Trung bình,,0,,
B22DCVT037,HK2-2024-25,71,Khá,,0,,
B22DCVT110,HK2-2024-25,62,Trung bình,,0,,
B22DCKT021,HK2-2024-25,76,Khá,,0,,
B22DCVT125,HK2-2024-25,63,Trung bình,,0,,
B22DCVT076,HK2-2024-25,80,Tốt,,0,,
B22DCVT054,HK2-2024-25,70,Khá,,0,,
B22DCVT126,HK2-2024-25,68,Khá,,0,,
B22DCKT018,HK2-2024-25,73,Khá,,0,,
B22DCKT055,HK2-2024-25,64,Trung bình,,0,,
B22DCVT088,HK2-2024-25,71,Khá,,0,,
B22DCVT116,HK2-2024-25,69,Khá,,0,,
B22DCKT071,HK2-2024-25,69,Khá,,0,,
B22DCKT016,HK2-2024-25,69,Khá,,0,,
B22DCKT129,HK2-2024-25,69,Khá,,0,,
B22DCVT104,HK2-2024-25,73,Khá,,0,,
B22DCVT046,HK2-2024-25,54,Trung bình,,0,,
B22DCKT082,HK2-2024-25,82,Tốt,,0,,
B22DCKT009,HK2-2024-25,70,Khá,,0,,
B22DCVT031,HK2-2024-25,74,Khá,,0,,
B22DCKT020,HK2-2024-25,75,Khá,,0,,
B22DCVT008,HK2-2024-25,71,Khá,,0,,
B22DCKT033,HK2-2024-25,75,Khá,,0,,
B22DCKT074,HK2-2024-25,75,Khá,,0,,
B22DCVT038,HK2-2024-25,70,Khá,,0,,
B22DCVT120,HK2-2024-25,70,Khá,,0,,
B22DCKT078,HK2-2024-25,77,Khá,,0,,
B22DCKT023,HK2-2024-25,72,Khá,,0,,
B22DCKT056,HK2-2024-25,51,Trung bình,,0,,
B22DCVT052,HK2-2024-25,77,Khá,,0,,
B22DCKT079,HK2-2024-25,81,Tốt,,0,,
B22DCKT113,HK2-2024-25,81,Tốt,,0,,
B22DCKT087,HK2-2024-25,63,Trung bình,,0,,
B22DCKT107,HK2-2024-25,69,Khá,,0,,
B22DCVT028,HK2-2024-25,75,Khá,,0,,
B22DCKT112,HK2-2024-25,65,Khá,,0,,
B22DCVT027,HK2-2024-25,65,Khá,,0,,
B22DCVT067,HK2-2024-25,48,Yếu,,0,,
B22DCKT049,HK2-2024-25,66,Khá,,0,,
B22DCKT025,HK2-2024-25,81,Tốt,,0,,
B22DCKT126,HK2-2024-25,75,Khá,,0,,
B22DCKT099,HK2-2024-25,73,Khá,,0,,
B22DCVT086,HK2-2024-25,79,Khá,,0,,
B22DCVT132,HK2-2024-25,71,Khá,,0,,
B22DCVT139,HK2-2024-25,67,Khá,,0,,
B22DCKT095,HK2-2024-25,77,Khá,,0,,
B22DCVT117,HK2-2024-25,73,Khá,,0,,
B22DCKT091,HK2-2024-25,71,Khá,,0,,
B22DCKT133,HK2-2024-25,67,Khá,,0,,
B22DCKT116,HK2-2024-25,48,Yếu,,0,,
B22DCKT013,HK2-2024-25,85,Tốt,,0,,
B22DCVT111,HK2-2024-25,65,Khá,,0,,
B22DCVT060,HK2-2024-25,64,Trung bình,,0,,
B22DCKT081,HK2-2024-25,55,Trung bình,,0,,
B22DCKT130,HK2-2024-25,66,Khá,,0,,
B22DCVT115,HK2-2024-25,,,,0,,
B22DCKT037,HK2-2024-25,61,Trung bình,,0,,
B22DCKT064,HK2-2024-25,76,Khá,,0,,
B22DCKT034,HK2-2024-25,68,Khá,,0,,
B22DCKT110,HK2-2024-25,70,Khá,,0,,
B22DCKT125,HK2-2024-25,66,Khá,,0,,
B22DCVT022,HK2-2024-25,75,Khá,,0,,
B22DCKT038,HK2-2024-25,48,Yếu,,0,,
B22DCKT052,HK2-2024-25,80,Tốt,,0,,
B22DCVT114,HK2-2024-25,54,Trung bình,,0,,
B22DCKT089,HK2-2024-25,71,Khá,,0,,
B22DCVT005,HK2-2024-25,74,Khá,,0,,
B22DCVT057,HK2-2024-25,60,Trung bình,,0,,
B22DCVT077,HK2-2024-25,80,Tốt,,0,,
B22DCVT055,HK2-2024-25,64,Trung bình,,0,,
B22DCKT075,HK2-2024-25,79,Khá,,0,,
B22DCKT058,HK2-2024-25,61,Trung bình,,0,,
B22DCVT134,HK2-2024-25,68,Khá,,0,,
B22DCKT096,HK2-2024-25,61,Trung bình,,0,,
B22DCKT115,HK2-2024-25,80,Tốt,,0,,
B22DCKT108,HK2-2024-25,67,Khá,,0,,
B22DCVT058,HK2-2024-25,64,Trung bình,,0,,
B22DCKT135,HK2-2024-25,75,Khá,,0,,
B22DCVT025,HK2-2024-25,81,Tốt,,0,,
B22DCVT090,HK2-2024-25,67,Khá,,0,,
B22DCKT032,HK2-2024-25,55,Trung bình,,0,,
B22DCKT085,HK2-2024-25,55,Trung bình,,0,,
B22DCKT045,HK2-2024-25,66,Khá,,0,,
B22DCVT034,HK2-2024-25,58,Trung bình,,0,,
B22DCKT035,HK2-2024-25,54,Trung bình,,0,,
B22DCVT073,HK2-2024-25,64,Trung bình,,0,,
B22DCVT071,HK2-2024-25,51,Trung bình,,0,,
B22DCVT019,HK2-2024-25,71,Khá,,0,,
B22DCKT061,HK2-2024-25,67,Khá,,0,,
B22DCKT042,HK2-2024-25,65,Khá,,0,,
B22DCVT017,HK2-2024-25,59,Trung bình,,0,,
B22DCVT062,HK2-2024-25,70,Khá,,0,,
B22DCVT129,HK2-2024-25,82,Tốt,,0,,
B22DCVT042,HK2-2024-25,68,Khá,,0,,
B22DCVT044,HK2-2024-25,65,Khá,,0,,
B22DCKT059,HK2-2024-25,72,Khá,,0,,
B22DCKT048,HK2-2024-25,60,Trung bình,,0,,
B22DCVT007,HK2-2024-25,72,Khá,,0,,
B22DCVT105,HK2-2024-25,61,Trung bình,,0,,
B22DCVT015,HK2-2024-25,,,,0,,
B22DCVT032,HK2-2024-25,58,Trung bình,,0,,
B22DCVT063,HK2-2024-25,55,Trung bình,,0,,
B22DCVT081,HK2-2024-25,54,Trung bình,,0,,
B22DCKT070,HK2-2024-25,65,Khá,,0,,
B22DCKT093,HK2-2024-25,58,Trung bình,,0,,
B22DCKT047,HK2-2024-25,62,Trung bình,,0,,
B22DCVT047,HK2-2024-25,66,Khá,,0,,
B22DCVT023,HK2-2024-25,58,Trung bình,,0,,
B22DCVT093,HK2-2024-25,54,Trung bình,,0,,
B22DCKT111,HK2-2024-25,58,Trung bình,,0,,
B22DCVT050,HK2-2024-25,74,Khá,,0,,
B22DCVT124,HK2-2024-25,61,Trung bình,,0,,
B22DCKT010,HK2-2024-25,60,Trung bình,,0,,
B22DCVT002,HK2-2024-25,65,Khá,,0,,
B22DCKT057,HK2-2024-25,56,Trung bình,,0,,
B22DCVT087,HK2-2024-25,70,Khá,,0,,
B22DCVT048,HK2-2024-25,55,Trung bình,,0,,
B22DCKT015,HK2-2024-25,65,Khá,,0,,
B22DCKT140,HK2-2024-25,48,Yếu,,0,,
B22DCVT024,HK2-2024-25,74,Khá,,0,,
B22DCVT041,HK2-2024-25,63,Trung bình,,0,,
B22DCKT053,HK2-2024-25,45,Yếu,,0,,
B22DCVT084,HK2-2024-25,70,Khá,,0,,
B22DCVT065,HK2-2024-25,64,Trung bình,,0,,
B22DCVT102,HK2-2024-25,62,Trung bình,,0,,
B22DCKT104,HK2-2024-25,57,Trung bình,,0,,
B22DCKT024,HK2-2024-25,62,Trung bình,,0,,
B22DCVT036,HK2-2024-25,63,Trung bình,,0,,
B22DCVT064,HK2-2024-25,66,Khá,,0,,
B22DCVT135,HK2-2024-25,60,Trung bình,,0,,
B22DCKT068,HK2-2024-25,78,Khá,,0,,
B22DCVT113,HK2-2024-25,71,Khá,,0,,
B22DCVT078,HK2-2024-25,67,Khá,,0,,
B23DCKT115,HK2-2024-25,85,Tốt,KKHT Loại Giỏi,3600000,,
B23DCVT058,HK2-2024-25,87,Tốt,KKHT Loại Giỏi,3600000,,
B23DCKT049,HK2-2024-25,88,Tốt,KKHT Loại Giỏi,3600000,,
B23DCKT086,HK2-2024-25,94,Xuất sắc,KKHT Loại Xuất sắc,8000000,,
B23DCVT093,HK2-2024-25,87,Tốt,KKHT Loại Giỏi,3600000,,
B23DCKT139,HK2-2024-25,88,Tốt,KKHT Loại Giỏi,3600000,,
B23DCVT048,HK2-2024-25,85,Tốt,KKHT Loại Giỏi,3600000,,
B23DCKT126,HK2-2024-25,89,Tốt,KKHT Loại Giỏi,3600000,,
B23DCVT001,HK2-2024-25,90,Xuất sắc,KKHT Loại Giỏi,3600000,,
B23DCVT101,HK2-2024-25,88,Tốt,KKHT Loại Giỏi,3600000,,
B23DCKT097,HK2-2024-25,76,Khá,KKHT Loại Khá,1200000,,
B23DCVT056,HK2-2024-25,87,Tốt,KKHT Loại Giỏi,3600000,,
B23DCVT111,HK2-2024-25,86,Tốt,KKHT Loại Giỏi,3600000,,
B23DCKT012,HK2-2024-25,78,Khá,KKHT Loại Khá,1200000,,
B23DCVT055,HK2-2024-25,90,Xuất sắc,KKHT Loại Giỏi,3600000,,
B23DCVT008,HK2-2024-25,92,Xuất sắc,KKHT Loại Giỏi,3600000,,
B23DCKT052,HK2-2024-25,92,Xuất sắc,KKHT Loại Giỏi,3600000,,
B23DCKT008,HK2-2024-25,77,Khá,KKHT Loại Khá,1200000,,
B23DCKT135,HK2-2024-25,79,Khá,KKHT Loại Khá,1200000,,
B23DCKT074,HK2-2024-25,83,Tốt,KKHT Loại Giỏi,3600000,,
B23DCKT118,HK2-2024-25,81,Tốt,KKHT Loại Giỏi,3600000,,
B23DCVT002,HK2-2024-25,86,Tốt,KKHT Loại Giỏi,3600000,,
B23DCVT059,HK2-2024-25,73,Khá,KKHT Loại Khá,1200000,,
B23DCVT076,HK2-2024-25,72,Khá,KKHT Loại Khá,1200000,,
B23DCKT114,HK2-2024-25,74,Khá,KKHT Loại Khá,1200000,,
B23DCKT089,HK2-2024-25,80,Tốt,KKHT Loại Giỏi,3600000,,
B23DCKT117,HK2-2024-25,80,Tốt,,0,,
B23DCVT097,HK2-2024-25,84,Tốt,,0,,
B23DCVT022,HK2-2024-25,89,Tốt,,0,,
B23DCKT028,HK2-2024-25,73,Khá,,0,,
B23DCVT013,HK2-2024-25,82,Tốt,,0,,
B23DCVT107,HK2-2024-25,88,Tốt,,0,,
B23DCKT005,HK2-2024-25,81,Tốt,,0,,
B23DCVT023,HK2-2024-25,88,Tốt,,0,,
B23DCKT003,HK2-2024-25,82,Tốt,,0,,
B23DCKT017,HK2-2024-25,75,Khá,,0,,
B23DCVT090,HK2-2024-25,86,Tốt,,0,,
B23DCKT124,HK2-2024-25,80,Tốt,,0,,
B23DCKT083,HK2-2024-25,81,Tốt,,0,,
B23DCVT005,HK2-2024-25,80,Tốt,,0,,
B23DCKT120,HK2-2024-25,81,Tốt,,0,,
B23DCKT051,HK2-2024-25,82,Tốt,,0,,
B23DCKT106,HK2-2024-25,82,Tốt,,0,,
B23DCVT015,HK2-2024-25,82,Tốt,,0,,
B23DCVT034,HK2-2024-25,87,Tốt,,0,,
B23DCVT110,HK2-2024-25,82,Tốt,,0,,
B23DCVT030,HK2-2024-25,87,Tốt,,0,,
B23DCVT051,HK2-2024-25,88,Tốt,,0,,
B23DCKT085,HK2-2024-25,87,Tốt,,0,,
B23DCKT077,HK2-2024-25,85,Tốt,,0,,
B23DCKT029,HK2-2024-25,81,Tốt,,0,,
B23DCVT021,HK2-2024-25,77,Khá,,0,,
B23DCVT115,HK2-2024-25,92,Xuất sắc,,0,,
B23DCVT037,HK2-2024-25,78,Khá,,0,,
B23DCVT088,HK2-2024-25,,,,0,,
B23DCVT127,HK2-2024-25,80,Tốt,,0,,
B23DCKT087,HK2-2024-25,82,Tốt,,0,,
B23DCVT129,HK2-2024-25,86,Tốt,,0,,
B23DCKT107,HK2-2024-25,72,Khá,,0,,
B23DCVT057,HK2-2024-25,82,Tốt,,0,,
B23DCVT063,HK2-2024-25,79,Khá,,0,,
B23DCVT112,HK2-2024-25,78,Khá,,0,,
B23DCKT104,HK2-2024-25,86,Tốt,,0,,
B23DCVT003,HK2-2024-25,77,Khá,,0,,
B23DCKT042,HK2-2024-25,86,Tốt,,0,,
B23DCKT102,HK2-2024-25,63,Trung bình,,0,,
B23DCVT105,HK2-2024-25,81,Tốt,,0,,
B23DCKT060,HK2-2024-25,67,Khá,,0,,
B23DCVT049,HK2-2024-25,73,Khá,,0,,
B23DCKT127,HK2-2024-25,72,Khá,,0,,
B23DCVT094,HK2-2024-25,75,Khá,,0,,
B23DCKT099,HK2-2024-25,87,Tốt,,0,,
B23DCVT142,HK2-2024-25,81,Tốt,,0,,
B23DCKT137,HK2-2024-25,88,Tốt,,0,,
B23DCKT137,HK2-2024-25,88,Tốt,,0,,
B23DCKT098,HK2-2024-25,71,Khá,,0,,
B23DCVT027,HK2-2024-25,78,Khá,,0,,
B23DCKT082,HK2-2024-25,68,Khá,,0,,
B23DCKT092,HK2-2024-25,83,Tốt,,0,,
B23DCKT023,HK2-2024-25,72,Khá,,0,,
B23DCVT116,HK2-2024-25,87,Tốt,,0,,
B23DCKT026,HK2-2024-25,71,Khá,,0,,
B23DCKT041,HK2-2024-25,75,Khá,,0,,
B23DCVT113,HK2-2024-25,63,Trung bình,,0,,
B23DCVT095,HK2-2024-25,85,Tốt,,0,,
B23DCKT084,HK2-2024-25,,,,0,,
B23DCKT061,HK2-2024-25,74,Khá,,0,,
B23DCKT071,HK2-2024-25,86,Tốt,,0,,
B23DCKT007,HK2-2024-25,72,Khá,,0,,
B23DCKT128,HK2-2024-25,68,Khá,,0,,
B23DCVT054,HK2-2024-25,71,Khá,,0,,
B23DCVT012,HK2-2024-25,,,,0,,
B23DCKT113,HK2-2024-25,82,Tốt,,0,,
B23DCKT022,HK2-2024-25,71,Khá,,0,,
B23DCKT067,HK2-2024-25,65,Khá,,0,,
B23DCKT140,HK2-2024-25,85,Tố?,,0,,
B23DCKT081,HK2-2024-25,77,Khá,,0,,
B23DCKT044,HK2-2024-25,68,Khá,,0,,
B23DCKT138,HK2-2024-25,65,Khá,,0,,
B23DCKT103,HK2-2024-25,,,,0,,
B23DCVT145,HK2-2024-25,82,Tốt,,0,,
B23DCVT119,HK2-2024-25,70,Khá,,0,,
B23DCVT122,HK2-2024-25,61,Trung bình,,0,,
B23DCKT025,HK2-2024-25,79,Khá,,0,,
B23DCKT112 ,HK2-2024-25,71,Khá,,0,,
B23DCKT134,HK2-2024-25,71,Khá,,0,,
B23DCKT145,HK2-2024-25,71,Khá,,0,,
B23DCKT070,HK2-2024-25,64,Trung bình,,0,,
B23DCVT050,HK2-2024-25,82,Tốt,,0,,
B23DCVT073,HK2-2024-25,68,Khá,,0,,
B23DCKT105,HK2-2024-25,67,Khá,,0,,
B23DCKT053,HK2-2024-25,63,Trung bình,,0,,
B23DCVT091,HK2-2024-25,67,Khá,,0,,
B23DCKT094,HK2-2024-25,67,Khá,,0,,
B23DCKT068,HK2-2024-25,64,Trung bình,,0,,
B23DCKT141,HK2-2024-25,74,Khá,,0,,
B23DCKT065,HK2-2024-25,79,Khá,,0,,
B23DCVT106,HK2-2024-25,67,Khá,,0,,
B23DCKT063,HK2-2024-25,75,Khá,,0,,
B23DCKT066,HK2-2024-25,72,Khá,,0,,
B23DCVT074,HK2-2024-25,70,Khá,,0,,
B23DCKT109,HK2-2024-25,66,Khá,,0,,
B23DCVT061,HK2-2024-25,66,Khá,,0,,
B23DCVT036,HK2-2024-25,72,Khá,,0,,
B23DCKT050,HK2-2024-25,69,Khá,,0,,
B23DCVT096,HK2-2024-25,71,Khá,,0,,
B23DCKT056,HK2-2024-25,65,Khá,,0,,
B23DCVT019,HK2-2024-25,72,Khá,,0,,
B23DCVT133,HK2-2024-25,72,Khá,,0,,
B23DCVT135,HK2-2024-25,62,Trung bình,,0,,
B23DCKT131,HK2-2024-25,71,Khá,,0,,
B23DCKT096,HK2-2024-25,63,Trung bình,,0,,
B23DCVT100,HK2-2024-25,75,Khá,,0,,
B23DCKT043,HK2-2024-25,70,Khá,,0,,
B23DCKT046,HK2-2024-25,71,Khá,,0,,
B23DCVT065,HK2-2024-25,73,Khá,,0,,
B23DCVT086,HK2-2024-25,73,Khá,,0,,
B23DCVT041,HK2-2024-25,71,Khá,,0,,
B23DCKT136,HK2-2024-25,67,Khá,,0,,
B23DCKT037,HK2-2024-25,76,Khá,,0,,
B23DCKT142,HK2-2024-25,75,Khá,,0,,
B23DCKT033,HK2-2024-25,66,Khá,,0,,
B23DCKT132,HK2-2024-25,76,Khá,,0,,
B23DCKT125,HK2-2024-25,71,Khá,,0,,
B23DCVT102,HK2-2024-25,74,Khá,,0,,
B23DCVT136,HK2-2024-25,72,Khá,,0,,
B23DCVT084,HK2-2024-25,71,Khá,,0,,
B23DCKT133,HK2-2024-25,75,Khá,,0,,
B23DCKT030,HK2-2024-25,73,Khá,,0,,
B23DCKT055,HK2-2024-25,66,Khá,,0,,
B23DCKT032,HK2-2024-25,65,Khá,,0,,
B23DCVT089,HK2-2024-25,,,,0,,
B23DCVT035,HK2-2024-25,73,Khá,,0,,
B23DCVT033,HK2-2024-25,71,Khá,,0,,
B23DCKT001,HK2-2024-25,73,Khá,,0,,
B23DCKT062,HK2-2024-25,71,Khá,,0,,
B23DCKT019,HK2-2024-25,64,Trung bình,,0,,
B23DCVT026,HK2-2024-25,76,Khá,,0,,
B23DCKT002,HK2-2024-25,80,Tốt,,0,,
B23DCKT116,HK2-2024-25,,,,0,,
B23DCVT124,HK2-2024-25,68,Khá,,0,,
B23DCKT009,HK2-2024-25,81,Tốt,,0,,
B23DCKT091,HK2-2024-25,73,Khá,,0,,
B23DCKT090,HK2-2024-25,52,Trung bình,,0,,
B23DCVT140,HK2-2024-25,77,Khá,,0,,
B23DCKT045,HK2-2024-25,74,Khá,,0,,
B23DCVT066,HK2-2024-25,84,Tốt,,0,,
B23DCVT025,HK2-2024-25,79,Khá,,0,,
B23DCKT039,HK2-2024-25,74,Khá,,0,,
B23DCVT092,HK2-2024-25,72,Khá,,0,,
B23DCVT114,HK2-2024-25,53,Trung bình,,0,,
B23DCVT099,HK2-2024-25,65,Khá,,0,,
B23DCKT020,HK2-2024-25,67,Khá,,0,,
B23DCKT072,HK2-2024-25,82,Tốt,,0,,
B23DCKT111,HK2-2024-25,74,Khá,,0,,
B23DCKT048,HK2-2024-25,73,Khá,,0,,
B23DCKT014,HK2-2024-25,65,Khá,,0,,
B23DCVT009,HK2-2024-25,58,Trung bình,,0,,
B23DCVT042,HK2-2024-25,68,Khá,,0,,
B23DCVT144,HK2-2024-25,61,Trung bình,,0,,
B23DCKT101,HK2-2024-25,69,Khá,,0,,
B23DCKT143,HK2-2024-25,74,Khá,,0,,
B23DCKT079,HK2-2024-25,59,Trung bình,,0,,
B23DCVT072,HK2-2024-25,76,Khá,,0,,
B23DCVT118,HK2-2024-25,71,Khá,,0,,
B23DCVT075,HK2-2024-25,67,Khá,,0,,
B23DCVT082,HK2-2024-25,76,Khá,,0,,
B23DCVT032,HK2-2024-25,75,Khá,,0,,
B23DCVT064,HK2-2024-25,70,Khá,,0,,
B23DCVT031,HK2-2024-25,71,Khá,,0,,
B23DCVT011,HK2-2024-25,66,Khá,,0,,
B23DCVT108,HK2-2024-25,66,Khá,,0,,
B23DCVT071,HK2-2024-25,63,Trung bình,,0,,
B23DCKT119,HK2-2024-25,73,Khá,,0,,
B23DCKT010,HK2-2024-25,74,Kh?,,0,,
B23DCKT054,HK2-2024-25,58,Trung bình,,0,,
B23DCVT117,HK2-2024-25,60,Trung bình,,0,,
B23DCKT015,HK2-2024-25,,,,0,,
B23DCKT035 ,HK2-2024-25,60,Trung bình,,0,,
B23DCKT108,HK2-2024-25,,,,0,,
B23DCKT078,HK2-2024-25,46,Yếu,,0,,
B23DCKT006,HK2-2024-25,77,Khá,,0,,
B23DCVT068,HK2-2024-25,69,Khá,,0,,
B23DCVT079,HK2-2024-25,67,Khá,,0,,
B23DCVT017,HK2-2024-25,64,Trung bình,,0,,
B23DCKT123,HK2-2024-25,78,Khá,,0,,
B23DCKT088,HK2-2024-25,66,Khá,,0,,
B23DCVT080,HK2-2024-25,72,Khá,,0,,
B23DCVT087,HK2-2024-25,72,Khá,,0,,
B23DCVT130,HK2-2024-25,,,,0,,
B23DCVT104,HK2-2024-25,60,Trung bình,,0,,
B23DCVT039 ,HK2-2024-25,57,Trung bình,,0,,
B23DCVT043,HK2-2024-25,65,Khá,,0,,
B23DCKT129,HK2-2024-25,66,Khá,,0,,
B23DCKT027,HK2-2024-25,75,Khá,,0,,
B23DCKT095,HK2-2024-25,83,Tốt,,0,,
B23DCVT040,HK2-2024-25,73,Khá,,0,,
B23DCVT132,HK2-2024-25,70,Khá,,0,,
B23DCKT110,HK2-2024-25,80,Tốt,,0,,
B23DCKT047,HK2-2024-25,63,Trung bình,,0,,
B23DCVT029,HK2-2024-25,74,Khá,,0,,
B23DCKT031,HK2-2024-25,70,Khá,,0,,
B23DCVT045,HK2-2024-25,66,Khá,,0,,
B23DCKT059,HK2-2024-25,63,Trung bình,,0,,
B23DCKT021,HK2-2024-25,83,Tốt,,0,,
B23DCVT085,HK2-2024-25,75,Khá,,0,,
B23DCVT143,HK2-2024-25,73,Khá,,0,,
B23DCVT137,HK2-2024-25,78,Khá,,0,,
B23DCVT028,HK2-2024-25,50,Trung bình,,0,,
B23DCKT004,HK2-2024-25,63,Trung bình,,0,,
B23DCKT075,HK2-2024-25,58,Trung bình,,0,,
B23DCVT120,HK2-2024-25,73,Khá,,0,,
B23DCVT069,HK2-2024-25,75,Khá,,0,,
B23DCKT069,HK2-2024-25,62,Trung bình,,0,,
B23DCVT053,HK2-2024-25,71,Khá,,0,,
B23DCKT058,HK2-2024-25,67,Khá,,0,,
B23DCVT007,HK2-2024-25,70,Khá,,0,,
B23DCVT070,HK2-2024-25,56,Trung bình,,0,,
B23DCVT046,HK2-2024-25,66,Khá,,0,,
B23DCVT123,HK2-2024-25,52,Trung bình,,0,,
B23DCKT038,HK2-2024-25,52,Trung bình,,0,,
B23DCVT083,HK2-2024-25,63,Trung bình,,0,,
B23DCKT130,HK2-2024-25,73,Khá,,0,,
B23DCKT011,HK2-2024-25,61,Trung bình,,0,,
B23DCVT139,HK2-2024-25,56,Trung bình,,0,,
B23DCKT024,HK2-2024-25,69,Khá,,0,,
B23DCKT040,HK2-2024-25,63,Trung bình,,0,,
B23DCVT121,HK2-2024-25,66,Khá,,0,,
B23DCKT036,HK2-2024-25,71,Khá,,0,,
B23DCVT052,HK2-2024-25,68,Khá,,0,,
B23DCKT076,HK2-2024-25,67,Khá,,0,,
B23DCVT010,HK2-2024-25,82,Tốt,,0,,
B23DCVT125,HK2-2024-25,64,Trung bình,,0,,
B23DCVT131,HK2-2024-25,59,Trung bình,,0,,
B23DCVT141,HK2-2024-25,51,Trung bình,,0,,
B23DCKT100,HK2-2024-25,69,Khá,,0,,
B23DCVT004,HK2-2024-25,62,Trung bình,,0,,
B23DCKT013,HK2-2024-25,73,Khá,,0,,
B23DCKT144,HK2-2024-25,66,Khá,,0,,
B23DCVT018,HK2-2024-25,54,Trung bình,,0,,
B23DCVT060,HK2-2024-25,46,Yếu,,0,,
B23DCVT006,HK2-2024-25,74,Khá,,0,,
B23DCVT078,HK2-2024-25,71,Khá,,0,,
B23DCKT073,HK2-2024-25,71,Kh?,,0,,
B23DCVT044,HK2-2024-25,65,Khá,,0,,
B23DCVT103,HK2-2024-25,70,Khá,,0,,
B23DCVT109,HK2-2024-25,61,Trung bình,,0,,
B23DCVT038,HK2-2024-25,61,Trung bình,,0,,
B23DCVT024,HK2-2024-25,52,Trung bình,,0,,
B23DCKT121,HK2-2024-25,41,Yếu,,0,,
B24DCVT112,HK2-2024-25,90,Xuất sắc,KKHT Loại Xuất sắc,8000000,,
B24DCKT139,HK2-2024-25,84,Tốt,KKHT Loại Giỏi,3600000,,
B24DCVT078,HK2-2024-25,91,Xuất sắc,KKHT Loại Giỏi,3600000,,
B24DCKT008,HK2-2024-25,90,Xuất sắc,KKHT Loại Giỏi,3600000,,
B24DCKT147,HK2-2024-25,79,Khá,KKHT Loại Khá,1200000,,
B24DCKT033,HK2-2024-25,91,Xuất sắc,KKHT Loại Giỏi,3600000,,
B24DCKT033,HK2-2024-25,91,Xuất sắc,KKHT Loại Giỏi,3600000,,
B24DCKT148,HK2-2024-25,83,Tốt,KKHT Loại Giỏi,3600000,,
B24DCVT101,HK2-2024-25,78,Khá,KKHT Loại Khá,1200000,,
B24DCKT039,HK2-2024-25,87,Tốt,KKHT Loại Giỏi,3600000,,
B24DCKT037,HK2-2024-25,85,Tốt,KKHT Loại Giỏi,3600000,,
B24DCKT117,HK2-2024-25,75,Khá,KKHT Loại Khá,1200000,,
B24DCKT011,HK2-2024-25,,,KKHT Loại Giỏi,3600000,,
B24DCKT089,HK2-2024-25,85,Tốt,KKHT Loại Giỏi,3600000,,
B24DCKT084,HK2-2024-25,91,Xuất sắc,KKHT Loại Giỏi,3600000,,
B24DCVT022,HK2-2024-25,77,Khá,KKHT Loại Khá,1200000,,
B24DCVT057,HK2-2024-25,89,Tốt,KKHT Loại Giỏi,3600000,,
B24DCKT136,HK2-2024-25,84,Tốt,KKHT Loại Giỏi,3600000,,
B24DCKT032,HK2-2024-25,92,Xuất sắc,KKHT Loại Giỏi,3600000,,
B24DCVT036,HK2-2024-25,82,Tốt,KKHT Loại Giỏi,3600000,,
B24DCVT012,HK2-2024-25,76,Khá,KKHT Loại Khá,1200000,,
B24DCKT140,HK2-2024-25,82,Tốt,KKHT Loại Giỏi,3600000,,
B24DCVT010,HK2-2024-25,88,Tốt,KKHT Loại Giỏi,3600000,,
B24DCVT039,HK2-2024-25,72,Khá,KKHT Loại Khá,1200000,,
B24DCVT009,HK2-2024-25,90,Xuất sắc,KKHT Loại Khá,1200000,,
B24DCKT043,HK2-2024-25,76,Khá,KKHT Loại Khá,1200000,,
B24DCVT011,HK2-2024-25,86,Tốt,KKHT Loại Khá,1200000,,
B24DCKT004,HK2-2024-25,83,Tốt,KKHT Loại Khá,1200000,,
B24DCKT067,HK2-2024-25,78,Khá,KKHT Loại Khá,1200000,,
B24DCKT063,HK2-2024-25,87,Tốt,KKHT Loại Khá,1200000,,
B24DCKT094,HK2-2024-25,82,Tốt,KKHT Loại Khá,1200000,,
B24DCVT109,HK2-2024-25,81,Tốt,,0,,
B24DCVT051,HK2-2024-25,75,Khá,,0,,
B24DCKT123,HK2-2024-25,92,Xuất sắc,,0,,
B24DCKT097 ,HK2-2024-25,85,Tốt,,0,,
B24DCVT008,HK2-2024-25,85,Tốt,,0,,
B24DCKT100,HK2-2024-25,74,Khá,,0,,
B24DCVT013,HK2-2024-25,82,Tốt,,0,,
B24DCVT058,HK2-2024-25,80,Tốt,,0,,
B24DCVT140,HK2-2024-25,83,Tốt,,0,,
B24DCKT048 ,HK2-2024-25,84,Tốt,,0,,
B24DCVT118,HK2-2024-25,81,Tốt,,0,,
B24DCVT118,HK2-2024-25,81,Tốt,,0,,
B24DCKT080,HK2-2024-25,83,Tốt,,0,,
B24DCVT044,HK2-2024-25,75,Khá,,0,,
B24DCKT072,HK2-2024-25,91,Xuất sắc,,0,,
B24DCKT031,HK2-2024-25,77,Khá,,0,,
B24DCKT093,HK2-2024-25,87,Tốt,,0,,
B24DCKT073,HK2-2024-25,87,Tốt,,0,,
B24DCKT073,HK2-2024-25,87,Tốt,,0,,
B24DCVT075,HK2-2024-25,85,Tốt,,0,,
B24DCVT113,HK2-2024-25,69,Khá,,0,,
B24DCKT070,HK2-2024-25,90,Xuất sắc,,0,,
B24DCKT090,HK2-2024-25,83,Tốt,,0,,
B24DCKT015,HK2-2024-25,73,Khá,,0,,
B24DCVT087,HK2-2024-25,82,Tốt,,0,,
B24DCKT044,HK2-2024-25,80,Tốt,,0,,
B24DCKT022,HK2-2024-25,62,Trung bình,,0,,
B24DCVT037 ,HK2-2024-25,80,Tốt,,0,,
B24DCVT122,HK2-2024-25,72,Khá,,0,,
B24DCKT014,HK2-2024-25,70,Khá,,0,,
B24DCVT131,HK2-2024-25,79,Khá,,0,,
B24DCKT066,HK2-2024-25,68,Khá,,0,,
B24DCKT109,HK2-2024-25,79,Khá,,0,,
B24DCKT010,HK2-2024-25,80,Tốt,,0,,
B24DCVT070,HK2-2024-25,74,Khá,,0,,
B24DCVT092,HK2-2024-25,76,Khá,,0,,
B24DCVT084,HK2-2024-25,79,Khá,,0,,
B24DCVT110,HK2-2024-25,73,Khá,,0,,
B24DCKT142,HK2-2024-25,68,Khá,,0,,
B24DCKT061,HK2-2024-25,88,Tốt,,0,,
B24DCKT062,HK2-2024-25,76,Khá,,0,,
B24DCVT034,HK2-2024-25,73,Khá,,0,,
B24DCKT115,HK2-2024-25,63,Trung bình,,0,,
B24DCKT029,HK2-2024-25,75,Khá,,0,,
B24DCVT093,HK2-2024-25,70,Khá,,0,,
B24DCKT088,HK2-2024-25,68,Khá,,0,,
B24DCKT129,HK2-2024-25,72,Khá,,0,,
B24DCKT024,HK2-2024-25,71,Khá,,0,,
B24DCKT135,HK2-2024-25,74,Khá,,0,,
B24DCVT082,HK2-2024-25,80,Tốt,,0,,
B24DCKT006,HK2-2024-25,64,Trung bình,,0,,
B24DCVT045,HK2-2024-25,78,Khá,,0,,
B24DCVT038,HK2-2024-25,,,,0,,
B24DCKT059,HK2-2024-25,82,Tốt,,0,,
B24DCVT069,HK2-2024-25,67,Khá,,0,,
B24DCKT003,HK2-2024-25,68,Khá,,0,,
B24DCKT105,HK2-2024-25,68,Khá,,0,,
B24DCKT138,HK2-2024-25,86,Tốt,,0,,
B24DCKT053,HK2-2024-25,62,Trung bình,,0,,
B24DCVT018,HK2-2024-25,75,Khá,,0,,
B24DCVT150,HK2-2024-25,68,Khá,,0,,
B24DCKT051,HK2-2024-25,71,Khá,,0,,
B24DCVT102,HK2-2024-25,70,Khá,,0,,
B24DCKT007,HK2-2024-25,82,Tốt,,0,,
B24DCVT019,HK2-2024-25,81,Tốt,,0,,
B24DCVT048,HK2-2024-25,76,Khá,,0,,
B24DCKT018,HK2-2024-25,75,Khá,,0,,
B24DCKT108,HK2-2024-25,72,Khá,,0,,
B24DCKT005,HK2-2024-25,70,Khá,,0,,
B24DCKT017,HK2-2024-25,70,Khá,,0,,
B24DCVT117,HK2-2024-25,70,Khá,,0,,
B24DCVT031,HK2-2024-25,68,Khá,,0,,
B24DCVT136,HK2-2024-25,68,Khá,,0,,
B24DCVT126,HK2-2024-25,69,Khá,,0,,
B24DCKT074,HK2-2024-25,76,Khá,,0,,
B24DCKT058,HK2-2024-25,75,Khá,,0,,
B24DCKT102,HK2-2024-25,70,Khá,,0,,
B24DCKT122,HK2-2024-25,70,Khá,,0,,
B24DCKT116,HK2-2024-25,67,Khá,,0,,
B24DCVT114,HK2-2024-25,,,,0,,
B24DCVT023,HK2-2024-25,76,Khá,,0,,
B24DCVT128,HK2-2024-25,70,Khá,,0,,
B24DCVT035,HK2-2024-25,69,Khá,,0,,
B24DCKT013,HK2-2024-25,,,,0,,
B24DCVT133,HK2-2024-25,68,Khá,,0,,
B24DCVT007,HK2-2024-25,72,Khá,,0,,
B24DCVT147,HK2-2024-25,71,Khá,,0,,
B24DCVT026,HK2-2024-25,72,Khá,,0,,
B24DCKT060,HK2-2024-25,57,Trung bình,,0,,
B24DCKT042,HK2-2024-25,76,Khá,,0,,
B24DCVT001,HK2-2024-25,72,Khá,,0,,
B24DCVT072,HK2-2024-25,69,Khá,,0,,
B24DCVT120,HK2-2024-25,69,Khá,,0,,
B24DCVT068,HK2-2024-25,67,Khá,,0,,
B24DCVT091,HK2-2024-25,67,Khá,,0,,
B24DCVT115,HK2-2024-25,65,Khá,,0,,
B24DCVT077,HK2-2024-25,64,Trung bình,,0,,
B24DCVT086,HK2-2024-25,85,Tốt,,0,,
B24DCKT087,HK2-2024-25,82,Tốt,,0,,
B24DCKT087,HK2-2024-25,82,Tốt,,0,,
B24DCKT146 ,HK2-2024-25,78,Khá,,0,,
B24DCKT047,HK2-2024-25,67,Khá,,0,,
B24DCVT014,HK2-2024-25,67,Khá,,0,,
B24DCKT023,HK2-2024-25,63,Trung bình,,0,,
B24DCVT062,HK2-2024-25,78,Khá,,0,,
B24DCVT129,HK2-2024-25,75,Khá,,0,,
B24DCVT083,HK2-2024-25,73,Khá,,0,,
B24DCKT107,HK2-2024-25,72,Khá,,0,,
B24DCKT130,HK2-2024-25,72,Khá,,0,,
B24DCVT080,HK2-2024-25,70,Khá,,0,,
B24DCVT104,HK2-2024-25,62,Trung bình,,0,,
B24DCVT124,HK2-2024-25,62,Trung bình,,0,,
B24DCVT111,HK2-2024-25,57,Trung bình,,0,,
B24DCKT021,HK2-2024-25,,,,0,,
B24DCKT016,HK2-2024-25,72,Khá,,0,,
B24DCVT149,HK2-2024-25,82,Tốt,,0,,
B24DCKT012,HK2-2024-25,80,Tốt,,0,,
B24DCKT077,HK2-2024-25,75,Khá,,0,,
B24DCKT125,HK2-2024-25,75,Khá,,0,,
B24DCVT123,HK2-2024-25,71,Khá,,0,,
B24DCVT066,HK2-2024-25,65,Khá,,0,,
B24DCVT015,HK2-2024-25,72,Khá,,0,,
B24DCVT143,HK2-2024-25,72,Khá,,0,,
B24DCVT053,HK2-2024-25,71,Khá,,0,,
B24DCVT107,HK2-2024-25,71,Khá,,0,,
B24DCVT107,HK2-2024-25,71,Khá,,0,,
B24DCKT045,HK2-2024-25,62,Trung bình,,0,,
B24DCVT139,HK2-2024-25,80,Tốt,,0,,
B24DCVT047,HK2-2024-25,72,Khá,,0,,
B24DCKT137,HK2-2024-25,71,Khá,,0,,
B24DCKT099,HK2-2024-25,,,,0,,
B24DCKT049,HK2-2024-25,67,Khá,,0,,
B24DCVT096,HK2-2024-25,64,Trung bình,,0,,
B24DCKT113,HK2-2024-25,71,Khá,,0,,
B24DCVT125,HK2-2024-25,79,Khá,,0,,
B24DCVT006,HK2-2024-25,75,Khá,,0,,
B24DCKT055,HK2-2024-25,73,Khá,,0,,
B24DCVT148,HK2-2024-25,72,Khá,,0,,
B24DCVT028,HK2-2024-25,69,Khá,,0,,
B24DCKT132,HK2-2024-25,84,Tốt,,0,,
B24DCKT124,HK2-2024-25,76,Khá,,0,,
B24DCKT103,HK2-2024-25,75,Khá,,0,,
B24DCVT130,HK2-2024-25,72,Khá,,0,,
B24DCVT073,HK2-2024-25,70,Khá,,0,,
B24DCKT083,HK2-2024-25,66,Khá,,0,,
B24DCKT069,HK2-2024-25,75,Khá,,0,,
B24DCVT116,HK2-2024-25,68,Khá,,0,,
B24DCKT092,HK2-2024-25,56,Trung bình,,0,,
B24DCKT104,HK2-2024-25,51,Trung bình,,0,,
B24DCKT121,HK2-2024-25,85,Tốt,,0,,
B24DCKT086,HK2-2024-25,76,Khá,,0,,
B24DCKT075,HK2-2024-25,74,Khá,,0,,
B24DCVT021,HK2-2024-25,,,,0,,
B24DCVT017,HK2-2024-25,69,Khá,,0,,
B24DCKT141,HK2-2024-25,68,Khá,,0,,
B24DCKT041,HK2-2024-25,76,Khá,,0,,
B24DCVT030,HK2-2024-25,76,Khá,,0,,
B24DCKT079,HK2-2024-25,75,Khá,,0,,
B24DCKT057,HK2-2024-25,,,,0,,
B24DCKT134,HK2-2024-25,69,Khá,,0,,
B24DCVT081,HK2-2024-25,68,Khá,,0,,
B24DCKT085,HK2-2024-25,61,Trung bình,,0,,
B24DCVT100,HK2-2024-25,53,Trung bình,,0,,
B24DCKT106,HK2-2024-25,51,Trung bình,,0,,
B24DCKT054,HK2-2024-25,77,Khá,,0,,
B24DCKT027,HK2-2024-25,72,Khá,,0,,
B24DCVT095,HK2-2024-25,63,Trung bình,,0,,
B24DCKT128,HK2-2024-25,59,Trung bình,,0,,
B24DCVT002,HK2-2024-25,76,Khá,,0,,
B24DCKT127,HK2-2024-25,72,Khá,,0,,
B24DCVT089,HK2-2024-25,70,Khá,,0,,
B24DCVT063,HK2-2024-25,67,Khá,,0,,
B24DCVT060,HK2-2024-25,65,Khá,,0,,
B24DCVT043,HK2-2024-25,64,Trung bình,,0,,
B24DCVT097,HK2-2024-25,60,Trung bình,,0,,
B24DCKT036,HK2-2024-25,59,Trung bình,,0,,
B24DCKT145,HK2-2024-25,69,Khá,,0,,
B24DCVT079,HK2-2024-25,57,Trung bình,,0,,
B24DCKT035,HK2-2024-25,69,Khá,,0,,
B24DCVT065,HK2-2024-25,68,Khá,,0,,
B24DCKT076,HK2-2024-25,66,Khá,,0,,
B24DCKT119,HK2-2024-25,65,Khá,,0,,
B24DCVT033,HK2-2024-25,62,Trung bình,,0,,
B24DCKT150,HK2-2024-25,55,Trung bình,,0,,
B24DCVT099,HK2-2024-25,55,Trung bình,,0,,
B24DCVT141,HK2-2024-25,84,Tốt,,0,,
B24DCVT050,HK2-2024-25,73,Khá,,0,,
B24DCVT055,HK2-2024-25,74,Khá,,0,,
B24DCKT064,HK2-2024-25,68,Khá,,0,,
B24DCKT071,HK2-2024-25,64,Trung bình,,0,,
B24DCVT005,HK2-2024-25,79,Khá,,0,,
B24DCVT085,HK2-2024-25,84,Tốt,,0,,
B24DCVT142,HK2-2024-25,76,Khá,,0,,
B24DCKT002,HK2-2024-25,,,,0,,
B24DCKT118,HK2-2024-25,72,Khá,,0,,
B24DCKT091,HK2-2024-25,66,Khá,,0,,
B24DCVT108,HK2-2024-25,60,Trung bình,,0,,
B24DCKT098,HK2-2024-25,55,Trung bình,,0,,
B24DCKT110,HK2-2024-25,75,Khá,,0,,
B24DCKT133,HK2-2024-25,59,Trung bình,,0,,
B24DCKT081,HK2-2024-25,54,Trung bình,,0,,
B24DCVT088,HK2-2024-25,64,Trung bình,,0,,
B24DCKT082,HK2-2024-25,54,Trung bình,,0,,
B24DCKT143,HK2-2024-25,,,,0,,
B24DCKT126,HK2-2024-25,65,Khá,,0,,
B24DCKT009,HK2-2024-25,64,Trung bình,,0,,
B24DCKT149,HK2-2024-25,58,Trung bình,,0,,
B24DCVT027,HK2-2024-25,58,Trung bình,,0,,
B24DCVT067,HK2-2024-25,78,Khá,,0,,
B24DCVT054,HK2-2024-25,61,Trung bình,,0,,
B24DCVT127,HK2-2024-25,57,Trung bình,,0,,
B24DCVT052,HK2-2024-25,71,Khá,,0,,
B24DCKT112,HK2-2024-25,64,Trung bình,,0,,
B24DCKT052,HK2-2024-25,64,Trung bình,,0,,
B24DCKT030,HK2-2024-25,61,Trung bình,,0,,
B24DCKT095,HK2-2024-25,52,Trung bình,,0,,
B24DCKT120,HK2-2024-25,67,Khá,,0,,
B24DCVT132,HK2-2024-25,52,Trung bình,,0,,
B24DCKT026,HK2-2024-25,66,Khá,,0,,
B24DCKT001,HK2-2024-25,58,Trung bình,,0,,
B24DCVT020,HK2-2024-25,52,Trung bình,,0,,
B24DCVT105,HK2-2024-25,60,Trung bình,,0,,
B24DCVT025,HK2-2024-25,58,Trung bình,,0,,
B24DCKT056,HK2-2024-25,76,Khá,,0,,
B24DCVT061,HK2-2024-25,57,Trung bình,,0,,
B24DCKT065,HK2-2024-25,55,Trung bình,,0,,
B24DCKT114,HK2-2024-25,58,Trung bình,,0,,
B24DCVT076,HK2-2024-25,59,Trung bình,,0,,
B24DCVT119,HK2-2024-25,56,Trung bình,,0,,
B24DCVT032,HK2-2024-25,51,Trung bình,,0,,
B24DCVT090,HK2-2024-25,73,Khá,,0,,
B24DCKT144,HK2-2024-25,55,Trung bình,,0,,
B24DCKT046,HK2-2024-25,63,Trung bình,,0,,
B24DCVT029,HK2-2024-25,61,Trung bình,,0,,
B24DCVT059,HK2-2024-25,58,Trung bình,,0,,
B24DCVT135,HK2-2024-25,51,Trung bình,,0,,
B24DCVT134,HK2-2024-25,,,,0,,
B24DCKT096,HK2-2024-25,65,Khá,,0,,
B24DCVT042,HK2-2024-25,63,Trung bình,,0,,
B24DCVT004,HK2-2024-25,58,Trung bình,,0,,
B24DCVT103,HK2-2024-25,70,Khá,,0,,
B24DCVT138,HK2-2024-25,59,Trung bình,,0,,
B24DCVT094,HK2-2024-25,70,Khá,,0,,
B24DCVT049,HK2-2024-25,60,Trung bình,,0,,
B24DCVT098,HK2-2024-25,57,Trung bình,,0,,
B24DCKT078,HK2-2024-25,54,Trung bình,,0,,
B24DCVT041,HK2-2024-25,54,Trung bình,,0,,
B24DCKT111,HK2-2024-25,56,Trung bình,,0,,
B24DCVT144,HK2-2024-25,73,Khá,,0,,
B24DCVT040,HK2-2024-25,67,Khá,,0,,
B24DCKT050,HK2-2024-25,53,Trung bình,,0,,
B24DCKT131,HK2-2024-25,50,Trung bình,,0,,
B24DCKT101,HK2-2024-25,47,Yếu,,0,,
B24DCVT137,HK2-2024-25,43,Yếu,,0,Cảnh cáo lần 2,Vi phạm nội quy KTX
B24DCVT121,HK2-2024-25,30,Kém,,0,,
B24DCVT064,HK2-2024-25,27,Kém,,0,,
B24DCKT034,HK2-2024-25,46,Yếu,,0,,
B24DCVT106,HK2-2024-25,45,Yếu,,0,,
B24DCVT046,HK2-2024-25,58,Trung bình,,0,,
B24DCKT040,HK2-2024-25,,,,0,,
B24DCKT025,HK2-2024-25,,,,0,,
B24DCVT056,HK2-2024-25,47,Yếu,,0,,
B24DCVT071,HK2-2024-25,34,Kém,,0,Cảnh cáo lần 2,Thi hộ
B24DCKT028,HK2-2024-25,,,,0,Khiển trách,Vi phạm nội quy KTX
B24DCVT016,HK2-2024-25,37,Yếu,,0,,
B24DCKT068,HK2-2024-25,52,Trung bình,,0,,
B24DCVT146,HK2-2024-25,52,Trung bình,,0,Cảnh cáo lần 1,Vi phạm quy chế thi
B24DCKT038,HK2-2024-25,57,Trung bình,,0,,
B24DCVT074,HK2-2024-25,53,Trung bình,,0,,
B24DCKT019,HK2-2024-25,49,Yếu,,0,,
B24DCVT024,HK2-2024-25,42,Yếu,,0,,
B24DCKT020,HK2-2024-25,56,Trung bình,,0,,
B24DCVT003,HK2-2024-25,45,Yếu,,0,,
B24DCVT145,HK2-2024-25,31,Kém,,0,,
B21DCCN062,HK2-2024-25,,,KKHT Loại Giỏi,3600000,,
B21DCVT069,HK2-2024-25,84,Tốt,KKHT Loại Giỏi,3600000,,
B21DCVT069,HK2-2024-25,84,Tốt,KKHT Loại Giỏi,3600000,,
B21DCVT044,HK2-2024-25,74,Khá,KKHT Loại Khá,1200000,,
B21DCCN101,HK2-2024-25,85,Tốt,KKHT Loại Giỏi,3600000,,
B21DCCN085,HK2-2024-25,81,Tốt,KKHT Loại Giỏi,3600000,,
B21DCCN041,HK2-2024-25,80,Tốt,KKHT Loại Giỏi,3600000,,
B21DCVT074,HK2-2024-25,82,Tốt,KKHT Loại Giỏi,3600000,,
B21DCVT048,HK2-2024-25,82,Tốt,KKHT Loại Giỏi,3600000,,
B21DCVT071,HK2-2024-25,83,Tốt,KKHT Loại Giỏi,3600000,,
B21DCVT082,HK2-2024-25,79,Khá,KKHT Loại Khá,1200000,,
B21DCVT129,HK2-2024-25,89,Tốt,KKHT Loại Giỏi,3600000,,
B21DCCN016,HK2-2024-25,84,Tốt,KKHT Loại Giỏi,3600000,,
B21DCCN065,HK2-2024-25,75,Khá,KKHT Loại Khá,1200000,,
B21DCCN008,HK2-2024-25,87,Tốt,KKHT Loại Giỏi,3600000,,
B21DCCN021,HK2-2024-25,83,Tốt,KKHT Loại Giỏi,3600000,,
B21DCVT047,HK2-2024-25,88,Tốt,KKHT Loại Giỏi,3600000,,
B21DCCN084,HK2-2024-25,85,Tốt,KKHT Loại Giỏi,3600000,,
B21DCVT040,HK2-2024-25,84,Tốt,KKHT Loại Giỏi,3600000,,
B21DCVT115,HK2-2024-25,83,Tốt,KKHT Loại Giỏi,3600000,,
B21DCVT025,HK2-2024-25,76,Khá,KKHT Loại Khá,1200000,,
B21DCVT037,HK2-2024-25,65,Khá,KKHT Loại Khá,1200000,,
B21DCVT093,HK2-2024-25,79,Khá,KKHT Loại Khá,1200000,,
B21DCVT120,HK2-2024-25,81,Tốt,KKHT Loại Giỏi,3600000,,
B21DCCN048,HK2-2024-25,86,Tốt,,0,,
B21DCCN072,HK2-2024-25,91,Xuất sắc,,0,,
B21DCCN087,HK2-2024-25,,,,0,,
B21DCCN007,HK2-2024-25,77,Khá,,0,,
B21DCCN081,HK2-2024-25,81,Tốt,,0,,
B21DCCN025,HK2-2024-25,89,Tốt,,0,,
B21DCVT102,HK2-2024-25,88,Tốt,,0,,
B21DCCN126,HK2-2024-25,,,,0,,
B21DCCN003,HK2-2024-25,72,Khá,,0,,
B21DCCN060,HK2-2024-25,70,Khá,,0,,
B21DCCN038,HK2-2024-25,58,Trung bình,,0,,
B21DCVT036,HK2-2024-25,75,Khá,,0,,
B21DCCN033,HK2-2024-25,81,Tốt,,0,,
B21DCVT105,HK2-2024-25,75,Khá,,0,,
B21DCCN093,HK2-2024-25,71,Khá,,0,,
B21DCCN023,HK2-2024-25,66,Khá,,0,,
B21DCVT079,HK2-2024-25,64,Trung bình,,0,,
B21DCVT023,HK2-2024-25,67,Khá,,0,,
B21DCCN114,HK2-2024-25,82,Tốt,,0,,
B21DCVT086,HK2-2024-25,88,Tốt,,0,,
B21DCVT032,HK2-2024-25,84,Tốt,,0,,
B21DCCN026,HK2-2024-25,85,Tốt,,0,,
B21DCCN034,HK2-2024-25,79,Khá,,0,,
B21DCCN091,HK2-2024-25,77,Khá,,0,,
B21DCVT031,HK2-2024-25,69,Khá,,0,,
B21DCCN056,HK2-2024-25,67,Khá,,0,,
B21DCVT103,HK2-2024-25,76,Khá,,0,,
B21DCVT010 ,HK2-2024-25,80,Tốt,,0,,
B21DCCN061,HK2-2024-25,77,Khá,,0,,
B21DCCN027,HK2-2024-25,75,Khá,,0,,
B21DCCN030,HK2-2024-25,63,Trung bình,,0,,
B21DCVT095,HK2-2024-25,78,Khá,,0,,
B21DCVT027,HK2-2024-25,79,Khá,,0,,
B21DCCN022,HK2-2024-25,72,Khá,,0,,
B21DCCN071,HK2-2024-25,68,Khá,,0,,
B21DCVT053,HK2-2024-25,69,Khá,,0,,
B21DCCN004,HK2-2024-25,64,Trung bình,,0,,
B21DCVT130,HK2-2024-25,77,Khá,,0,,
B21DCVT005,HK2-2024-25,70,Khá,,0,,
B21DCVT046,HK2-2024-25,65,Khá,,0,,
B21DCVT125,HK2-2024-25,65,Khá,,0,,
B21DCVT068,HK2-2024-25,61,Trung bình,,0,,
B21DCCN029,HK2-2024-25,80,Tốt,,0,,
B21DCCN011,HK2-2024-25,86,Tốt,,0,,
B21DCCN001,HK2-2024-25,78,Khá,,0,,
B21DCCN095,HK2-2024-25,73,Khá,,0,,
B21DCCN098,HK2-2024-25,64,Trung bình,,0,,
B21DCCN020,HK2-2024-25,73,Khá,,0,,
B21DCVT121,HK2-2024-25,64,Trung bình,,0,,
B21DCVT020,HK2-2024-25,73,Khá,,0,,
B21DCVT083,HK2-2024-25,74,Khá,,0,,
B21DCVT043,HK2-2024-25,73,Khá,,0,,
B21DCVT015,HK2-2024-25,72,Khá,,0,,
B21DCVT109,HK2-2024-25,73,Khá,,0,,
B21DCVT006,HK2-2024-25,75,Khá,,0,,
B21DCCN019,HK2-2024-25,84,Tốt,,0,,
B21DCCN051,HK2-2024-25,79,Khá,,0,,
B21DCVT073,HK2-2024-25,71,Khá,,0,,
B21DCVT099,HK2-2024-25,77,Khá,,0,,
B21DCCN111,HK2-2024-25,79,Khá,,0,,
B21DCCN032,HK2-2024-25,72,Khá,,0,,
B21DCCN129,HK2-2024-25,69,Khá,,0,,
B21DCVT045,HK2-2024-25,77,Khá,,0,,
B21DCVT042,HK2-2024-25,75,Khá,,0,,
B21DCCN089,HK2-2024-25,65,Khá,,0,,
B21DCVT123,HK2-2024-25,70,Khá,,0,,
B21DCVT059,HK2-2024-25,68,Khá,,0,,
B21DCVT063,HK2-2024-25,78,Khá,,0,,
B21DCVT038,HK2-2024-25,77,Khá,,0,,
B21DCCN088,HK2-2024-25,52,Trung bình,,0,,
B21DCCN037,HK2-2024-25,70,Khá,,0,,
B21DCVT019,HK2-2024-25,73,Khá,,0,,
B21DCVT051,HK2-2024-25,61,Trung bình,,0,,
B21DCCN042,HK2-2024-25,43,Yếu,,0,,
B21DCVT084 ,HK2-2024-25,77,Khá,,0,,
B21DCVT090,HK2-2024-25,66,Khá,,0,,
B21DCVT127,HK2-2024-25,75,Khá,,0,,
B21DCCN096,HK2-2024-25,,,,0,,
B21DCCN052,HK2-2024-25,68,Khá,,0,,
B21DCCN069,HK2-2024-25,68,Khá,,0,,
B21DCCN028,HK2-2024-25,64,Trung bình,,0,,
B21DCCN073,HK2-2024-25,64,Trung bình,,0,,
B21DCCN127,HK2-2024-25,64,Trung bình,,0,,
B21DCVT106,HK2-2024-25,74,Khá,,0,,
B21DCVT070,HK2-2024-25,66,Khá,,0,,
B21DCVT076,HK2-2024-25,71,Khá,,0,,
B21DCVT034,HK2-2024-25,88,Tốt,,0,,
B21DCCN067,HK2-2024-25,76,Khá,,0,,
B21DCCN122,HK2-2024-25,67,Khá,,0,,
B21DCVT056,HK2-2024-25,76,Khá,,0,,
B21DCVT075,HK2-2024-25,73,Khá,,0,,
B21DCCN046,HK2-2024-25,79,Khá,,0,,
B21DCCN063,HK2-2024-25,70,Khá,,0,,
B21DCCN130,HK2-2024-25,70,Khá,,0,,
B21DCCN104,HK2-2024-25,66,Khá,,0,,
B21DCCN115,HK2-2024-25,66,Khá,,0,,
B21DCCN024,HK2-2024-25,63,Trung bình,,0,,
B21DCCN009,HK2-2024-25,61,Trung bình,,0,,
B21DCCN099,HK2-2024-25,57,Trung bình,,0,,
B21DCCN110,HK2-2024-25,75,Khá,,0,,
B21DCCN117,HK2-2024-25,69,Khá,,0,,
B21DCVT114 ,HK2-2024-25,77,Khá,,0,,
B21DCVT097,HK2-2024-25,70,Khá,,0,,
B21DCVT107,HK2-2024-25,82,Tốt,,0,,
B21DCCN035,HK2-2024-25,,,,0,,
B21DCCN010 ,HK2-2024-25,68,Khá,,0,,
B21DCVT096,HK2-2024-25,70,Khá,,0,,
B21DCVT116,HK2-2024-25,62,Trung bình,,0,,
B21DCCN086,HK2-2024-25,82,Tốt,,0,,
B21DCCN070,HK2-2024-25,76,Khá,,0,,
B21DCCN123,HK2-2024-25,74,Khá,,0,,
B21DCCN107,HK2-2024-25,71,Khá,,0,,
B21DCCN100,HK2-2024-25,69,Khá,,0,,
B21DCCN077,HK2-2024-25,66,Khá,,0,,
B21DCVT112,HK2-2024-25,77,Khá,,0,,
B21DCVT054,HK2-2024-25,76,Khá,,0,,
B21DCVT013,HK2-2024-25,68,Khá,,0,,
B21DCVT119,HK2-2024-25,76,Khá,,0,,
B21DCCN102,HK2-2024-25,59,Trung bình,,0,,
B21DCVT016,HK2-2024-25,77,Khá,,0,,
B21DCVT088,HK2-2024-25,74,Khá,,0,,
B21DCVT118,HK2-2024-25,64,Trung bình,,0,,
B21DCVT009,HK2-2024-25,69,Khá,,0,,
B21DCVT085,HK2-2024-25,65,Khá,,0,,
B21DCVT011,HK2-2024-25,59,Trung bình,,0,,
B21DCCN076,HK2-2024-25,76,Khá,,0,,
B21DCCN106,HK2-2024-25,74,Khá,,0,,
B21DCCN092,HK2-2024-25,72,Khá,,0,,
B21DCCN119,HK2-2024-25,71,Khá,,0,,
B21DCCN014,HK2-2024-25,69,Khá,,0,,
B21DCCN121,HK2-2024-25,68,Khá,,0,,
B21DCVT066,HK2-2024-25,72,Khá,,0,,
B21DCVT028,HK2-2024-25,,,,0,,
B21DCVT030,HK2-2024-25,68,Khá,,0,,
B21DCCN079,HK2-2024-25,70,Khá,,0,,
B21DCVT080,HK2-2024-25,74,Khá,,0,,
B21DCVT108,HK2-2024-25,63,Trung bình,,0,,
B21DCVT017,HK2-2024-25,,,,0,,
B21DCVT055,HK2-2024-25,79,Khá,,0,,
B21DCVT122,HK2-2024-25,75,Khá,,0,,
B21DCVT033,HK2-2024-25,,,,0,,
B21DCVT078,HK2-2024-25,60,Trung bình,,0,,
B21DCCN075,HK2-2024-25,78,Khá,,0,,
B21DCCN055,HK2-2024-25,72,Khá,,0,,
B21DCCN059,HK2-2024-25,61,Trung bình,,0,,
B21DCCN118,HK2-2024-25,58,Trung bình,,0,,
B21DCVT050,HK2-2024-25,63,Trung bình,,0,,
B21DCCN094,HK2-2024-25,72,Khá,,0,,
B21DCCN005,HK2-2024-25,71,Khá,,0,,
B21DCVT002,HK2-2024-25,75,Khá,,0,,
B21DCVT077,HK2-2024-25,57,Trung bình,,0,,
B21DCVT052,HK2-2024-25,66,Khá,,0,,
B21DCCN012,HK2-2024-25,62,Trung bình,,0,,
B21DCCN120,HK2-2024-25,60,Trung bình,,0,,
B21DCCN083,HK2-2024-25,44,Yếu,,0,,
B21DCVT003,HK2-2024-25,66,Khá,,0,,
B21DCVT061,HK2-2024-25,61,Trung bình,,0,,
B21DCVT060,HK2-2024-25,62,Trung bình,,0,,
B21DCVT089,HK2-2024-25,74,Khá,,0,,
B21DCVT021,HK2-2024-25,57,Trung bình,,0,,
B21DCVT024,HK2-2024-25,65,Khá,,0,,
B21DCVT101,HK2-2024-25,55,Trung bình,,0,,
B21DCVT035,HK2-2024-25,79,Khá,,0,,
B21DCVT128,HK2-2024-25,70,Khá,,0,,
B21DCVT012,HK2-2024-25,69,Khá,,0,,
B21DCVT100,HK2-2024-25,53,Trung bình,,0,,
B21DCVT067,HK2-2024-25,41,Yếu,,0,,
B21DCCN043,HK2-2024-25,,,,0,,
B21DCCN049,HK2-2024-25,76,Khá,,0,,
B21DCCN124,HK2-2024-25,76,Khá,,0,,
B21DCCN053,HK2-2024-25,66,Khá,,0,,
B21DCCN105,HK2-2024-25,66,Khá,,0,,
B21DCVT064,HK2-2024-25,65,Khá,,0,,
B21DCCN116,HK2-2024-25,64,Trung bình,,0,,
B21DCVT049,HK2-2024-25,63,Trung bình,,0,,
B21DCCN066,HK2-2024-25,60,Trung bình,,0,,
B21DCCN057,HK2-2024-25,57,Trung bình,,0,,
B21DCVT008,HK2-2024-25,55,Trung bình,,0,,
B21DCCN006,HK2-2024-25,55,Trung bình,,0,,
B21DCVT104,HK2-2024-25,49,Yếu,,0,,
B21DCVT041,HK2-2024-25,66,Khá,,0,,
B21DCCN015,HK2-2024-25,,,,0,,
B21DCCN074,HK2-2024-25,73,Khá,,0,,
B21DCCN054,HK2-2024-25,65,Khá,,0,,
B21DCCN018,HK2-2024-25,57,Trung bình,,0,,
B21DCCN050,HK2-2024-25,74,Khá,,0,,
B21DCVT065,HK2-2024-25,70,Khá,,0,,
B21DCVT094,HK2-2024-25,57,Trung bình,,0,,
B21DCVT087,HK2-2024-25,70,Khá,,0,,
B21DCCN113,HK2-2024-25,72,Khá,,0,,
B21DCCN047,HK2-2024-25,67,Khá,,0,,
B21DCCN125,HK2-2024-25,63,Trung bình,,0,,
B21DCCN058,HK2-2024-25,72,Khá,,0,,
B21DCCN109,HK2-2024-25,62,Trung bình,,0,,
B21DCCN082,HK2-2024-25,60,Trung bình,,0,,
B21DCVT029,HK2-2024-25,46,Yếu,,0,,
B21DCVT098,HK2-2024-25,68,Khá,,0,,
B21DCVT057,HK2-2024-25,65,Khá,,0,,
B21DCVT092,HK2-2024-25,61,Trung bình,,0,,
B21DCVT124,HK2-2024-25,61,Trung bình,,0,,
B21DCVT117,HK2-2024-25,47,Yếu,,0,,
B21DCCN044,HK2-2024-25,74,Khá,,0,,
B21DCCN103,HK2-2024-25,58,Trung bình,,0,,
B21DCVT081,HK2-2024-25,58,Trung bình,,0,,
B21DCCN108,HK2-2024-25,68,Khá,,0,,
B21DCVT113,HK2-2024-25,57,Trung bình,,0,,
B21DCVT001,HK2-2024-25,45,Yếu,,0,,
B21DCCN002,HK2-2024-25,53,Trung bình,,0,,
B21DCCN080,HK2-2024-25,51,Trung bình,,0,,
B21DCCN031,HK2-2024-25,57,Trung bình,,0,,
B21DCCN040,HK2-2024-25,57,Trung bình,,0,,
B21DCVT111,HK2-2024-25,65,Khá,,0,,
B21DCCN112,HK2-2024-25,54,Trung bình,,0,,
B21DCVT072,HK2-2024-25,63,Trung bình,,0,,
B21DCVT126,HK2-2024-25,,,,0,,
B22DCVT006,HK2-2024-25,87,Tốt,KKHT Loại Giỏi,3600000,,
B22DCKT134,HK2-2024-25,93,Xuất sắc,KKHT Loại Xuất sắc,8000000,,
B22DCCN001,HK2-2024-25,86,Tốt,KKHT Loại Giỏi,3600000,,
B22DCKT017,HK2-2024-25,78,Khá,KKHT Loại Khá,1200000,,
B22DCVT013,HK2-2024-25,83,Tốt,KKHT Loại Giỏi,3600000,,
B22DCKT043,HK2-2024-25,88,Tốt,KKHT Loại Giỏi,3600000,,
B22DCVT026,HK2-2024-25,81,Tốt,KKHT Loại Giỏi,3600000,,
B22DCCN096,HK2-2024-25,80,Tốt,KKHT Loại Giỏi,3600000,,
B22DCKT114,HK2-2024-25,83,Tốt,KKHT Loại Giỏi,3600000,,
B22DCCN032,HK2-2024-25,84,Tốt,KKHT Loại Giỏi,3600000,,
B22DCKT131,HK2-2024-25,88,Tốt,KKHT Loại Giỏi,3600000,,
B22DCCN120,HK2-2024-25,81,Tốt,KKHT Loại Giỏi,3600000,,
B22DCKT120,HK2-2024-25,88,Tốt,KKHT Loại Giỏi,3600000,,
B22DCKT128,HK2-2024-25,94,Xuất sắc,KKHT Loại Giỏi,3600000,,
B22DCVT069,HK2-2024-25,93,Xuất sắc,KKHT Loại Giỏi,3600000,,
B22DCKT092,HK2-2024-25,87,Tốt,KKHT Loại Giỏi,3600000,,
B22DCKT027,HK2-2024-25,83,Tốt,KKHT Loại Giỏi,3600000,,
B22DCCN027,HK2-2024-25,85,Tốt,KKHT Loại Giỏi,3600000,,
B22DCVT099,HK2-2024-25,91,Xuất sắc,KKHT Loại Giỏi,3600000,,
B22DCVT014,HK2-2024-25,87,Tốt,KKHT Loại Giỏi,3600000,,
B22DCVT092,HK2-2024-25,77,Khá,KKHT Loại Khá,1200000,,
B22DCVT039,HK2-2024-25,78,Khá,KKHT Loại Khá,1200000,,
B22DCKT060,HK2-2024-25,82,Tốt,KKHT Loại Giỏi,3600000,,
B22DCVT080,HK2-2024-25,83,Tốt,KKHT Loại Giỏi,3600000,,
B22DCVT016,HK2-2024-25,82,Tốt,KKHT Loại Giỏi,3600000,,
B22DCCN108,HK2-2024-25,89,Tốt,KKHT Loại Giỏi,3600000,,
B22DCKT001,HK2-2024-25,85,Tốt,KKHT Loại Giỏi,3600000,,
B22DCKT002,HK2-2024-25,82,Tốt,KKHT Loại Giỏi,3600000,,
B22DCKT026,HK2-2024-25,80,Tốt,KKHT Loại Giỏi,3600000,,
B22DCVT012,HK2-2024-25,84,Tốt,KKHT Loại Giỏi,3600000,,
B22DCCN011,HK2-2024-25,86,Tốt,KKHT Loại Giỏi,3600000,,
B22DCVT098,HK2-2024-25,77,Khá,KKHT Loại Khá,1200000,,
B22DCKT003,HK2-2024-25,81,Tốt,KKHT Loại Giỏi,3600000,,
B22DCKT101,HK2-2024-25,,,KKHT Loại Giỏi,3600000,,
B22DCCN107,HK2-2024-25,,,KKHT Loại Khá,1200000,,
B22DCCN083,HK2-2024-25,74,Khá,KKHT Loại Khá,1200000,,
B22DCVT021,HK2-2024-25,74,Khá,KKHT Loại Khá,1200000,,
B22DCVT018,HK2-2024-25,74,Khá,KKHT Loại Khá,1200000,,
B22DCVT128,HK2-2024-25,80,Tốt,,0,,
B22DCVT070,HK2-2024-25,82,Tốt,,0,,
B22DCKT007,HK2-2024-25,84,Tốt,,0,,
B22DCKT012,HK2-2024-25,84,Tốt,,0,,
B22DCVT123,HK2-2024-25,79,Khá,,0,,
B22DCCN086,HK2-2024-25,78,Khá,,0,,
B22DCCN041,HK2-2024-25,72,Khá,,0,,
B22DCCN048,HK2-2024-25,87,Tốt,,0,,
B22DCKT086,HK2-2024-25,79,Khá,,0,,
B22DCVT059,HK2-2024-25,81,Tốt,,0,,
B22DCVT004,HK2-2024-25,84,Tốt,,0,,
B22DCKT063,HK2-2024-25,81,Tốt,,0,,
B22DCCN005,HK2-2024-25,80,Tốt,,0,,
B22DCCN019,HK2-2024-25,78,Khá,,0,,
B22DCCN061,HK2-2024-25,84,Tốt,,0,,
B22DCVT118,HK2-2024-25,81,Tốt,,0,,
B22DCVT109,HK2-2024-25,82,Tốt,,0,,
B22DCKT123,HK2-2024-25,79,Khá,,0,,
B22DCVT122,HK2-2024-25,88,Tốt,,0,,
B22DCCN076,HK2-2024-25,86,Tốt,,0,,
B22DCCN136,HK2-2024-25,85,Tốt,,0,,
B22DCCN121,HK2-2024-25,85,Tốt,,0,,
B22DCKT076,HK2-2024-25,91,Xuất sắc,,0,,
B22DCVT010,HK2-2024-25,86,Tốt,,0,,
B22DCCN125,HK2-2024-25,84,Tốt,,0,,
B22DCCN046,HK2-2024-25,75,Khá,,0,,
B22DCKT077,HK2-2024-25,79,Khá,,0,,
B22DCVT009,HK2-2024-25,82,Tốt,,0,,
B22DCKT127,HK2-2024-25,,,,0,,
B22DCCN084,HK2-2024-25,76,Khá,,0,,
B22DCVT001,HK2-2024-25,88,Tốt,,0,,
B22DCVT119,HK2-2024-25,78,Khá,,0,,
B22DCKT067,HK2-2024-25,85,Tốt,,0,,
B22DCVT095,HK2-2024-25,84,Tốt,,0,,
B22DCVT072,HK2-2024-25,77,Khá,,0,,
B22DCVT079,HK2-2024-25,76,Khá,,0,,
B22DCCN069,HK2-2024-25,84,Tốt,,0,,
B22DCCN069,HK2-2024-25,84,Tốt,,0,,
B22DCCN132,HK2-2024-25,83,Tốt,,0,,
B22DCVT121,HK2-2024-25,84,Tốt,,0,,
B22DCVT066 ,HK2-2024-25,88,Tốt,,0,,
B22DCCN014,HK2-2024-25,74,Khá,,0,,
B22DCVT043,HK2-2024-25,80,Tốt,,0,,
B22DCVT040,HK2-2024-25,86,Tốt,,0,,
B22DCCN004,HK2-2024-25,75,Khá,,0,,
B22DCVT089 ,HK2-2024-25,83,Tốt,,0,,
B22DCCN129,HK2-2024-25,81,Tốt,,0,,
B22DCKT054,HK2-2024-25,84,Tốt,,0,,
B22DCKT072,HK2-2024-25,79,Khá,,0,,
B22DCCN050,HK2-2024-25,87,Tốt,,0,,
B22DCCN089,HK2-2024-25,67,Khá,,0,,
B22DCCN105,HK2-2024-25,80,Tốt,,0,,
B22DCCN100,HK2-2024-25,69,Khá,,0,,
B22DCCN066,HK2-2024-25,60,Trung bình,,0,,
B22DCVT068,HK2-2024-25,77,Khá,,0,,
B22DCVT094,HK2-2024-25,90,Xuất sắc,,0,,
B22DCCN064,HK2-2024-25,76,Khá,,0,,
B22DCCN039,HK2-2024-25,61,Trung bình,,0,,
B22DCKT004,HK2-2024-25,79,Khá,,0,,
B22DCKT051,HK2-2024-25,74,Khá,,0,,
B22DCKT083,HK2-2024-25,,,,0,,
B22DCKT109,HK2-2024-25,68,Khá,,0,,
B22DCKT109,HK2-2024-25,68,Khá,,0,,
B22DCVT035,HK2-2024-25,88,Tốt,,0,,
B22DCVT136,HK2-2024-25,80,Tốt,,0,,
B22DCKT046,HK2-2024-25,82,Tốt,,0,,
B22DCKT005 ,HK2-2024-25,62,Trung bình,,0,,
B22DCCN003,HK2-2024-25,80,Tốt,,0,,
B22DCCN075,HK2-2024-25,77,Khá,,0,,
B22DCKT124,HK2-2024-25,71,Khá,,0,,
B22DCCN063,HK2-2024-25,76,Khá,,0,,
B22DCCN119,HK2-2024-25,,,,0,,
B22DCCN082,HK2-2024-25,73,Khá,,0,,
B22DCCN124,HK2-2024-25,69,Khá,,0,,
B22DCKT080,HK2-2024-25,75,Khá,,0,,
B22DCKT069,HK2-2024-25,63,Trung bình,,0,,
B22DCKT066,HK2-2024-25,78,Khá,,0,,
B22DCVT130,HK2-2024-25,63,Trung bình,,0,,
B22DCCN140,HK2-2024-25,64,Trung bình,,0,,
B22DCCN065,HK2-2024-25,59,Trung bình,,0,,
B22DCVT056,HK2-2024-25,75,Khá,,0,,
B22DCVT103,HK2-2024-25,69,Khá,,0,,
B22DCKT132,HK2-2024-25,68,Khá,,0,,
B22DCVT108,HK2-2024-25,68,Khá,,0,,
B22DCCN101,HK2-2024-25,74,Khá,,0,,
B22DCKT022,HK2-2024-25,69,Khá,,0,,
B22DCCN085,HK2-2024-25,86,Tốt,,0,,
B22DCCN025,HK2-2024-25,,,,0,,
B22DCCN059,HK2-2024-25,68,Khá,,0,,
B22DCKT029,HK2-2024-25,71,Khá,,0,,
B22DCKT011,HK2-2024-25,64,Trung bình,,0,,
B22DCVT029,HK2-2024-25,82,Tốt,,0,,
B22DCCN051,HK2-2024-25,75,Khá,,0,,
B22DCCN079,HK2-2024-25,68,Khá,,0,,
B22DCCN057,HK2-2024-25,64,Trung bình,,0,,
B22DCKT138,HK2-2024-25,71,Khá,,0,,
B22DCCN135,HK2-2024-25,73,Khá,,0,,
B22DCKT098,HK2-2024-25,72,Khá,,0,,
B22DCVT085,HK2-2024-25,69,Khá,,0,,
B22DCCN139,HK2-2024-25,83,Tốt,,0,,
B22DCKT031,HK2-2024-25,78,Khá,,0,,
B22DCCN114,HK2-2024-25,62,Trung bình,,0,,
B22DCVT097,HK2-2024-25,66,Khá,,0,,
B22DCCN016,HK2-2024-25,72,Khá,,0,,
B22DCCN018,HK2-2024-25,68,Khá,,0,,
B22DCKT100,HK2-2024-25,,,,0,,
B22DCCN009,HK2-2024-25,74,Khá,,0,,
B22DCKT106,HK2-2024-25,,,,0,,
B22DCVT011,HK2-2024-25,75,Khá,,0,,
B22DCVT033,HK2-2024-25,62,Trung bình,,0,,
B22DCVT020,HK2-2024-25,81,Tốt,,0,,
B22DCKT073,HK2-2024-25,76,Khá,,0,,
B22DCKT039,HK2-2024-25,75,Khá,,0,,
B22DCVT061,HK2-2024-25,74,Khá,,0,,
B22DCCN111,HK2-2024-25,67,Khá,,0,,
B22DCKT137,HK2-2024-25,61,Trung bình,,0,,
B22DCVT053 ,HK2-2024-25,76,Khá,,0,,
B22DCVT075,HK2-2024-25,70,Khá,,0,,
B22DCKT065,HK2-2024-25,78,Khá,,0,,
B22DCKT041,HK2-2024-25,61,Trung bình,,0,,
B22DCKT105,HK2-2024-25,78,Khá,,0,,
B22DCKT036,HK2-2024-25,69,Khá,,0,,
B22DCKT097,HK2-2024-25,67,Khá,,0,,
B22DCCN137,HK2-2024-25,64,Trung bình,,0,,
B22DCCN137,HK2-2024-25,64,Trung bình,,0,,
B22DCKT088,HK2-2024-25,64,Trung bình,,0,,
B22DCVT112,HK2-2024-25,70,Khá,,0,,
B22DCCN045,HK2-2024-25,72,Kh?,,0,,
B22DCCN106,HK2-2024-25,60,Trung bình,,0,,
B22DCKT103,HK2-2024-25,76,Khá,,0,,
B22DCVT091,HK2-2024-25,72,Khá,,0,,
B22DCKT102,HK2-2024-25,76,Khá,,0,,
B22DCVT137,HK2-2024-25,79,Khá,,0,,
B22DCKT094,HK2-2024-25,,,,0,,
B22DCVT133,HK2-2024-25,76,Khá,,0,,
B22DCVT082,HK2-2024-25,72,Khá,,0,,
B22DCKT122,HK2-2024-25,67,Khá,,0,,
B22DCCN116,HK2-2024-25,74,Khá,,0,,
B22DCCN099,HK2-2024-25,65,Khá,,0,,
B22DCCN087,HK2-2024-25,71,Khá,,0,,
B22DCVT138,HK2-2024-25,83,Tốt,,0,,
B22DCCN112,HK2-2024-25,60,Trung bình,,0,,
B22DCKT118,HK2-2024-25,77,Khá,,0,,
B22DCVT049,HK2-2024-25,67,Khá,,0,,
B22DCKT121,HK2-2024-25,73,Khá,,0,,
B22DCKT117,HK2-2024-25,78,Khá,,0,,
B22DCKT040,HK2-2024-25,70,Khá,,0,,
B22DCKT139,HK2-2024-25,70,Khá,,0,,
B22DCCN134,HK2-2024-25,58,Trung bình,,0,,
B22DCKT136,HK2-2024-25,67,Khá,,0,,
B22DCVT074,HK2-2024-25,85,Tốt,,0,,
B22DCVT131,HK2-2024-25,76,Khá,,0,,
B22DCVT107,HK2-2024-25,64,Trung bình,,0,,
B22DCKT008,HK2-2024-25,62,Trung bình,,0,,
B22DCVT037,HK2-2024-25,71,Khá,,0,,
B22DCCN036,HK2-2024-25,74,Khá,,0,,
B22DCVT110,HK2-2024-25,62,Trung bình,,0,,
B22DCCN021,HK2-2024-25,65,Khá,,0,,
B22DCKT021 ,HK2-2024-25,76,Khá,,0,,
B22DCVT125,HK2-2024-25,63,Trung bình,,0,,
B22DCCN028,HK2-2024-25,71,Khá,,0,,
B22DCVT076,HK2-2024-25,80,Tốt,,0,,
B22DCVT054,HK2-2024-25,70,Khá,,0,,
B22DCVT126,HK2-2024-25,68,Khá,,0,,
B22DCKT018,HK2-2024-25,73,Khá,,0,,
B22DCCN033,HK2-2024-25,,,,0,,
B22DCKT055,HK2-2024-25,64,Trung bình,,0,,
B22DCVT088,HK2-2024-25,71,Khá,,0,,
B22DCVT116,HK2-2024-25,69,Khá,,0,,
B22DCKT071,HK2-2024-25,69,Khá,,0,,
B22DCCN055,HK2-2024-25,75,Khá,,0,,
B22DCKT016,HK2-2024-25,69,Khá,,0,,
B22DCKT129,HK2-2024-25,69,Khá,,0,,
B22DCCN052,HK2-2024-25,66,Khá,,0,,
B22DCCN127,HK2-2024-25,63,Trung bình,,0,,
B22DCVT104,HK2-2024-25,73,Khá,,0,,
B22DCVT046,HK2-2024-25,54,Trung bình,,0,,
B22DCCN010,HK2-2024-25,49,Yếu,,0,,
B22DCKT082,HK2-2024-25,82,Tốt,,0,,
B22DCKT009,HK2-2024-25,70,Khá,,0,,
B22DCCN006,HK2-2024-25,72,Khá,,0,,
B22DCVT031,HK2-2024-25,74,Khá,,0,,
B22DCKT020,HK2-2024-25,75,Khá,,0,,
B22DCVT008,HK2-2024-25,71,Khá,,0,,
B22DCKT033,HK2-2024-25,,,,0,,
B22DCKT074,HK2-2024-25,75,Khá,,0,,
B22DCCN023,HK2-2024-25,68,Khá,,0,,
B22DCCN122,HK2-2024-25,53,Trung bình,,0,,
B22DCCN103,HK2-2024-25,65,Khá,,0,,
B22DCVT038,HK2-2024-25,70,Khá,,0,,
B22DCVT120,HK2-2024-25,70,Khá,,0,,
B22DCKT078,HK2-2024-25,77,Khá,,0,,
B22DCKT023,HK2-2024-25,72,Khá,,0,,
B22DCCN015,HK2-2024-25,72,Khá,,0,,
B22DCCN078,HK2-2024-25,66,Khá,,0,,
B22DCKT056,HK2-2024-25,51,Trung bình,,0,,
B22DCVT052,HK2-2024-25,77,Khá,,0,,
B22DCCN047,HK2-2024-25,54,Trung bình,,0,,
B22DCKT079,HK2-2024-25,81,Tốt,,0,,
B22DCKT113,HK2-2024-25,81,Tốt,,0,,
B22DCKT087,HK2-2024-25,63,Trung bình,,0,,
B22DCCN017,HK2-2024-25,75,Khá,,0,,
B22DCKT107,HK2-2024-25,69,Khá,,0,,
B22DCCN115,HK2-2024-25,75,Khá,,0,,
B22DCCN049,HK2-2024-25,70,Khá,,0,,
B22DCVT028,HK2-2024-25,75,Khá,,0,,
B22DCKT112,HK2-2024-25,65,Khá,,0,,
B22DCVT027,HK2-2024-25,65,Khá,,0,,
B22DCVT067,HK2-2024-25,48,Yếu,,0,,
B22DCKT049,HK2-2024-25,66,Khá,,0,,
B22DCCN042,HK2-2024-25,75,Khá,,0,,
B22DCCN056,HK2-2024-25,70,Khá,,0,,
B22DCCN043,HK2-2024-25,68,Khá,,0,,
B22DCCN054,HK2-2024-25,67,Khá,,0,,
B22DCCN118,HK2-2024-25,61,Trung bình,,0,,
B22DCCN008,HK2-2024-25,,,,0,,
B22DCCN068,HK2-2024-25,58,Trung bình,,0,,
B22DCKT025,HK2-2024-25,81,Tốt,,0,,
B22DCKT126,HK2-2024-25,75,Khá,,0,,
B22DCKT099,HK2-2024-25,73,Khá,,0,,
B22DCCN022,HK2-2024-25,68,Khá,,0,,
B22DCCN095,HK2-2024-25,68,Khá,,0,,
B22DCCN034,HK2-2024-25,64,Trung bình,,0,,
B22DCVT086,HK2-2024-25,79,Khá,,0,,
B22DCVT132,HK2-2024-25,71,Khá,,0,,
B22DCVT139,HK2-2024-25,,,,0,,
B22DCKT095,HK2-2024-25,77,Kh?,,0,,
B22DCVT117,HK2-2024-25,73,Khá,,0,,
B22DCCN109,HK2-2024-25,77,Khá,,0,,
B22DCCN097,HK2-2024-25,74,Khá,,0,,
B22DCKT091,HK2-2024-25,71,Khá,,0,,
B22DCKT133,HK2-2024-25,67,Khá,,0,,
B22DCKT116,HK2-2024-25,48,Yếu,,0,,
B22DCKT013,HK2-2024-25,85,Tốt,,0,,
B22DCVT111,HK2-2024-25,65,Khá,,0,,
B22DCVT060,HK2-2024-25,64,Trung bình,,0,,
B22DCCN053,HK2-2024-25,60,Trung bình,,0,,
B22DCKT081,HK2-2024-25,55,Trung bình,,0,,
B22DCKT130,HK2-2024-25,66,Khá,,0,,
B22DCVT115,HK2-2024-25,64,Trung bình,,0,,
B22DCKT037,HK2-2024-25,61,Trung bình,,0,,
B22DCCN070,HK2-2024-25,83,Tốt,,0,,
B22DCKT064,HK2-2024-25,76,Khá,,0,,
B22DCKT034,HK2-2024-25,68,Khá,,0,,
B22DCKT110,HK2-2024-25,70,Khá,,0,,
B22DCKT125,HK2-2024-25,66,Khá,,0,,
B22DCVT022,HK2-2024-25,75,Khá,,0,,
B22DCKT038,HK2-2024-25,48,Yếu,,0,,
B22DCKT052,HK2-2024-25,80,Tốt,,0,,
B22DCVT114,HK2-2024-25,54,Trung bình,,0,,
B22DCCN090,HK2-2024-25,52,Trung bình,,0,,
B22DCCN104,HK2-2024-25,69,Khá,,0,,
B22DCCN044,HK2-2024-25,66,Khá,,0,,
B22DCKT089,HK2-2024-25,71,Khá,,0,,
B22DCVT005,HK2-2024-25,74,Khá,,0,,
B22DCVT057,HK2-2024-25,60,Trung bình,,0,,
B22DCVT077,HK2-2024-25,80,Tốt,,0,,
B22DCCN067,HK2-2024-25,67,Khá,,0,,
B22DCCN094,HK2-2024-25,59,Trung bình,,0,,
B22DCCN110,HK2-2024-25,65,Khá,,0,,
B22DCVT055,HK2-2024-25,64,Trung bình,,0,,
B22DCCN071,HK2-2024-25,46,Yếu,,0,,
B22DCCN030,HK2-2024-25,44,Yếu,,0,,
B22DCKT075,HK2-2024-25,79,Khá,,0,,
B22DCKT058,HK2-2024-25,61,Trung bình,,0,,
B22DCCN060,HK2-2024-25,65,Khá,,0,,
B22DCCN081,HK2-2024-25,62,Trung bình,,0,,
B22DCCN012,HK2-2024-25,60,Trung bình,,0,,
B22DCCN040,HK2-2024-25,57,Trung bình,,0,,
B22DCVT134,HK2-2024-25,68,Khá,,0,,
B22DCKT096,HK2-2024-25,61,Trung bình,,0,,
B22DCKT115,HK2-2024-25,80,Tốt,,0,,
B22DCKT108 ,HK2-2024-25,67,Khá,,0,,
B22DCCN020,HK2-2024-25,74,Khá,,0,,
B22DCVT058,HK2-2024-25,64,Trung bình,,0,,
B22DCKT135,HK2-2024-25,75,Khá,,0,,
B22DCCN002,HK2-2024-25,83,Tốt,,0,,
B22DCVT025,HK2-2024-25,81,Tốt,,0,,
B22DCVT090,HK2-2024-25,67,Khá,,0,,
B22DCKT032,HK2-2024-25,55,Trung bình,,0,,
B22DCKT085 ,HK2-2024-25,55,Trung bình,,0,,
B22DCKT045,HK2-2024-25,66,Khá,,0,,
B22DCCN031,HK2-2024-25,58,Trung bình,,0,,
B22DCVT034,HK2-2024-25,58,Trung bình,,0,,
B22DCKT035,HK2-2024-25,54,Trung bình,,0,,
B22DCCN013,HK2-2024-25,68,Khá,,0,,
B22DCCN013,HK2-2024-25,68,Khá,,0,,
B22DCCN117,HK2-2024-25,50,Trung bình,,0,,
B22DCVT073,HK2-2024-25,64,Trung bình,,0,,
B22DCVT071,HK2-2024-25,51,Trung bình,,0,,
B22DCVT019,HK2-2024-25,71,Khá,,0,,
B22DCKT061,HK2-2024-25,67,Khá,,0,,
B22DCCN038,HK2-2024-25,63,Trung bình,,0,,
B22DCKT042,HK2-2024-25,65,Khá,,0,,
B22DCCN092,HK2-2024-25,63,Trung bình,,0,,
B22DCCN113,HK2-2024-25,70,Khá,,0,,
B22DCVT017,HK2-2024-25,59,Trung bình,,0,,
B22DCVT062,HK2-2024-25,70,Khá,,0,,
B22DCCN077,HK2-2024-25,72,Khá,,0,,
B22DCCN093,HK2-2024-25,52,Trung bình,,0,,
B22DCVT129,HK2-2024-25,82,Tốt,,0,,
B22DCVT042,HK2-2024-25,68,Khá,,0,,
B22DCVT044,HK2-2024-25,65,Khá,,0,,
B22DCKT059,HK2-2024-25,72,Khá,,0,,
B22DCKT048,HK2-2024-25,60,Trung bình,,0,,
B22DCVT007,HK2-2024-25,72,Khá,,0,,
B22DCCN138,HK2-2024-25,76,Khá,,0,,
B22DCCN130,HK2-2024-25,50,Trung bình,,0,,
B22DCVT105,HK2-2024-25,61,Trung bình,,0,,
B22DCVT015,HK2-2024-25,54,Trung bình,,0,,
B22DCVT032,HK2-2024-25,58,Trung bình,,0,,
B22DCVT063,HK2-2024-25,55,Trung bình,,0,,
B22DCVT081,HK2-2024-25,54,Trung bình,,0,,
B22DCCN091,HK2-2024-25,67,Khá,,0,,
B22DCKT070,HK2-2024-25,65,Khá,,0,,
B22DCKT093,HK2-2024-25,58,Trung bình,,0,,
B22DCKT047,HK2-2024-25,62,Trung bình,,0,,
B22DCVT047,HK2-2024-25,66,Khá,,0,,
B22DCVT023,HK2-2024-25,58,Trung bình,,0,,
B22DCVT093,HK2-2024-25,54,Trung bình,,0,,
B22DCCN098,HK2-2024-25,46,Yếu,,0,,
B22DCKT111,HK2-2024-25,58,Trung bình,,0,,
B22DCVT050,HK2-2024-25,74,Khá,,0,,
B22DCVT124,HK2-2024-25,61,Trung bình,,0,,
B22DCKT010,HK2-2024-25,60,Trung bình,,0,,
B22DCVT002,HK2-2024-25,65,Khá,,0,,
B22DCCN080,HK2-2024-25,53,Trung bình,,0,,
B22DCKT057,HK2-2024-25,56,Trung bình,,0,,
B22DCCN062,HK2-2024-25,53,Trung bình,,0,,
B22DCVT087,HK2-2024-25,70,Khá,,0,,
B22DCVT048,HK2-2024-25,55,Trung bình,,0,,
B22DCKT015,HK2-2024-25,65,Khá,,0,,
B22DCKT140,HK2-2024-25,48,Yếu,,0,,
B22DCVT024,HK2-2024-25,74,Khá,,0,,
B22DCVT041,HK2-2024-25,63,Trung bình,,0,,
B22DCKT053,HK2-2024-25,45,Yếu,,0,,
B22DCVT084,HK2-2024-25,70,Khá,,0,,
B22DCCN088,HK2-2024-25,,,,0,,
B22DCVT065,HK2-2024-25,64,Trung bình,,0,,
B22DCVT102,HK2-2024-25,62,Trung bình,,0,,
B22DCKT104,HK2-2024-25,57,Trung bình,,0,,
B22DCKT024,HK2-2024-25,62,Trung bình,,0,,
B22DCCN024,HK2-2024-25,58,Trung bình,,0,,
B22DCCN133,HK2-2024-25,59,Trung bình,,0,,
B22DCCN123,HK2-2024-25,61,Trung bình,,0,,
B22DCVT036,HK2-2024-25,63,Trung bình,,0,,
B22DCVT064,HK2-2024-25,66,Khá,,0,,
B22DCVT135 ,HK2-2024-25,,,,0,,
B22DCCN073,HK2-2024-25,64,Trung bình,,0,,
B22DCKT068,HK2-2024-25,78,Khá,,0,,
B22DCVT113,HK2-2024-25,71,Khá,,0,,
B22DCCN131,HK2-2024-25,59,Trung bình,,0,,
B22DCCN131,HK2-2024-25,59,Trung bình,,0,,
B22DCVT078,HK2-2024-25,67,Khá,,0,,
B22DCCN126,HK2-2024-25,52,Trung bình,,0,,
B23DCKT115,HK2-2024-25,85,Tốt,KKHT Loại Giỏi,3600000,,
B23DCVT058,HK2-2024-25,87,Tốt,KKHT Loại Giỏi,3600000,,
B23DCKT049,HK2-2024-25,88,Tốt,KKHT Loại Giỏi,3600000,,
B23DCCN061,HK2-2024-25,93,Xuất sắc,KKHT Loại Xuất sắc,8000000,,
B23DCKT086,HK2-2024-25,94,Xuất sắc,KKHT Loại Xuất sắc,8000000,,
B23DCVT093,HK2-2024-25,87,Tốt,KKHT Loại Giỏi,3600000,,
B23DCKT139,HK2-2024-25,88,Tốt,KKHT Loại Giỏi,3600000,,
B23DCVT048,HK2-2024-25,85,Tốt,KKHT Loại Giỏi,3600000,,
B23DCVT048,HK2-2024-25,85,Tốt,KKHT Loại Giỏi,3600000,,
B23DCKT126,HK2-2024-25,89,Tốt,KKHT Loại Giỏi,3600000,,
B23DCVT001,HK2-2024-25,90,Xuất sắc,KKHT Loại Giỏi,3600000,,
B23DCVT101,HK2-2024-25,88,Tốt,KKHT Loại Giỏi,3600000,,
B23DCCN095,HK2-2024-25,84,Tốt,KKHT Loại Giỏi,3600000,,
B23DCKT097,HK2-2024-25,,,KKHT Loại Khá,1200000,,
B23DCVT056,HK2-2024-25,87,Tốt,KKHT Loại Giỏi,3600000,,
B23DCVT111,HK2-2024-25,86,Tố?,KKHT Loại Giỏi,3600000,,
B23DCKT012 ,HK2-2024-25,78,Khá,KKHT Loại Khá,1200000,,
B23DCVT055,HK2-2024-25,90,Xuất sắc,KKHT Loại Giỏi,3600000,,
B23DCVT008,HK2-2024-25,92,Xuất sắc,KKHT Loại Giỏi,3600000,,
B23DCKT052,HK2-2024-25,92,Xuất sắc,KKHT Loại Giỏi,3600000,,
B23DCKT008,HK2-2024-25,77,Khá,KKHT Loại Khá,1200000,,
B23DCKT135,HK2-2024-25,79,Khá,KKHT Loại Khá,1200000,,
B23DCKT074,HK2-2024-25,83,Tốt,KKHT Loại Giỏi,3600000,,
B23DCKT118,HK2-2024-25,81,Tốt,KKHT Loại Giỏi,3600000,,
B23DCVT002,HK2-2024-25,86,Tốt,KKHT Loại Giỏi,3600000,,
B23DCVT059,HK2-2024-25,73,Khá,KKHT Loại Khá,1200000,,
B23DCCN092,HK2-2024-25,,,KKHT Loại Giỏi,3600000,,
B23DCVT076,HK2-2024-25,72,Khá,KKHT Loại Khá,1200000,,
B23DCKT114,HK2-2024-25,74,Khá,KKHT Loại Khá,1200000,,
B23DCCN090,HK2-2024-25,73,Khá,KKHT Loại Khá,1200000,,
B23DCKT089,HK2-2024-25,80,Tốt,KKHT Loại Giỏi,3600000,,
B23DCKT117,HK2-2024-25,80,Tốt,KKHT Loại Giỏi,3600000,,
B23DCCN078,HK2-2024-25,92,Xuất sắc,KKHT Loại Giỏi,3600000,,
B23DCVT097,HK2-2024-25,84,Tốt,KKHT Loại Giỏi,3600000,,
B23DCVT022,HK2-2024-25,,,KKHT Loại Giỏi,3600000,,
B23DCKT028,HK2-2024-25,73,Khá,KKHT Loại Khá,1200000,,
B23DCCN063,HK2-2024-25,,,KKHT Loại Giỏi,3600000,,
B23DCCN010,HK2-2024-25,80,Tốt,KKHT Loại Giỏi,3600000,,
B23DCCN144,HK2-2024-25,80,Tốt,KKHT Loại Giỏi,3600000,,
B23DCVT013,HK2-2024-25,82,Tốt,KKHT Loại Giỏi,3600000,,
B23DCVT107,HK2-2024-25,88,Tốt,KKHT Loại Giỏi,3600000,,
B23DCKT005,HK2-2024-25,81,Tốt,,0,,
B23DCVT023,HK2-2024-25,88,Tốt,,0,,
B23DCKT003,HK2-2024-25,82,Tốt,,0,,
B23DCCN089,HK2-2024-25,76,Khá,,0,,
B23DCKT017,HK2-2024-25,75,Khá,,0,,
B23DCVT090,HK2-2024-25,86,Tốt,,0,,
B23DCKT124,HK2-2024-25,80,Tốt,,0,,
B23DCCN051,HK2-2024-25,84,Tốt,,0,,
B23DCKT083,HK2-2024-25,81,Tốt,,0,,
B23DCCN034,HK2-2024-25,73,Khá,,0,,
B23DCCN105,HK2-2024-25,82,Tốt,,0,,
B23DCVT005,HK2-2024-25,80,Tốt,,0,,
B23DCKT120,HK2-2024-25,81,Tốt,,0,,
B23DCKT051,HK2-2024-25,82,Tốt,,0,,
B23DCKT106,HK2-2024-25,82,Tốt,,0,,
B23DCVT015,HK2-2024-25,82,Tốt,,0,,
B23DCCN023,HK2-2024-25,84,Tốt,,0,,
B23DCCN016,HK2-2024-25,77,Khá,,0,,
B23DCVT034,HK2-2024-25,87,Tốt,,0,,
B23DCCN029,HK2-2024-25,74,Khá,,0,,
B23DCCN009,HK2-2024-25,71,Khá,,0,,
B23DCCN138,HK2-2024-25,82,Tốt,,0,,
B23DCVT110,HK2-2024-25,82,Tốt,,0,,
B23DCVT030,HK2-2024-25,87,Tốt,,0,,
B23DCVT051,HK2-2024-25,88,Tốt,,0,,
B23DCCN053,HK2-2024-25,77,Khá,,0,,
B23DCKT085,HK2-2024-25,87,Tốt,,0,,
B23DCKT077,HK2-2024-25,85,Tốt,,0,,
B23DCKT029,HK2-2024-25,81,Tốt,,0,,
B23DCCN014,HK2-2024-25,86,Tốt,,0,,
B23DCCN108,HK2-2024-25,79,Khá,,0,,
B23DCVT021,HK2-2024-25,77,Khá,,0,,
B23DCCN124,HK2-2024-25,77,Khá,,0,,
B23DCCN124,HK2-2024-25,77,Khá,,0,,
B23DCVT115,HK2-2024-25,92,Xuất sắc,,0,,
B23DCVT037,HK2-2024-25,78,Khá,,0,,
B23DCCN052 ,HK2-2024-25,78,Khá,,0,,
B23DCVT088,HK2-2024-25,80,Tốt,,0,,
B23DCVT127,HK2-2024-25,80,Tốt,,0,,
B23DCCN107,HK2-2024-25,85,Tốt,,0,,
B23DCCN040,HK2-2024-25,80,Tốt,,0,,
B23DCKT087,HK2-2024-25,82,Tốt,,0,,
B23DCVT129,HK2-2024-25,86,Tốt,,0,,
B23DCCN050,HK2-2024-25,,,,0,,
B23DCCN050,HK2-2024-25,,,,0,,
B23DCKT107,HK2-2024-25,72,Khá,,0,,
B23DCCN072,HK2-2024-25,83,Tốt,,0,,
B23DCVT057,HK2-2024-25,82,Tốt,,0,,
B23DCVT063,HK2-2024-25,79,Khá,,0,,
B23DCVT112,HK2-2024-25,78,Khá,,0,,
B23DCKT104,HK2-2024-25,86,Tốt,,0,,
B23DCCN006,HK2-2024-25,85,Tốt,,0,,
B23DCVT003,HK2-2024-25,,,,0,,
B23DCKT042,HK2-2024-25,86,Tốt,,0,,
B23DCCN037,HK2-2024-25,91,Xuất sắc,,0,,
B23DCCN067,HK2-2024-25,73,Khá,,0,,
B23DCKT102,HK2-2024-25,63,Trung bình,,0,,
B23DCVT105,HK2-2024-25,81,Tốt,,0,,
B23DCCN125,HK2-2024-25,72,Khá,,0,,
B23DCCN008,HK2-2024-25,79,Khá,,0,,
B23DCKT060,HK2-2024-25,67,Khá,,0,,
B23DCVT049,HK2-2024-25,73,Khá,,0,,
B23DCCN088,HK2-2024-25,76,Khá,,0,,
B23DCKT127,HK2-2024-25,72,Khá,,0,,
B23DCVT094,HK2-2024-25,75,Khá,,0,,
B23DCKT099,HK2-2024-25,87,Tốt,,0,,
B23DCVT142,HK2-2024-25,81,Tốt,,0,,
B23DCCN097,HK2-2024-25,80,Tốt,,0,,
B23DCCN062,HK2-2024-25,74,Khá,,0,,
B23DCCN021,HK2-2024-25,77,Khá,,0,,
B23DCKT137,HK2-2024-25,88,Tốt,,0,,
B23DCCN046,HK2-2024-25,80,Tốt,,0,,
B23DCCN038,HK2-2024-25,78,Khá,,0,,
B23DCKT098,HK2-2024-25,71,Khá,,0,,
B23DCCN140,HK2-2024-25,79,Khá,,0,,
B23DCCN035,HK2-2024-25,77,Khá,,0,,
B23DCVT027,HK2-2024-25,78,Khá,,0,,
B23DCKT082,HK2-2024-25,,,,0,,
B23DCCN020,HK2-2024-25,79,Khá,,0,,
B23DCKT092,HK2-2024-25,83,Tốt,,0,,
B23DCCN048,HK2-2024-25,79,Khá,,0,,
B23DCCN084,HK2-2024-25,88,Tốt,,0,,
B23DCCN137,HK2-2024-25,85,Tốt,,0,,
B23DCCN064,HK2-2024-25,64,Trung bình,,0,,
B23DCKT023,HK2-2024-25,72,Khá,,0,,
B23DCVT116,HK2-2024-25,87,Tốt,,0,,
B23DCCN102,HK2-2024-25,76,Khá,,0,,
B23DCKT026,HK2-2024-25,71,Khá,,0,,
B23DCCN033,HK2-2024-25,73,Khá,,0,,
B23DCKT041,HK2-2024-25,75,Khá,,0,,
B23DCCN045,HK2-2024-25,77,Khá,,0,,
B23DCVT113,HK2-2024-25,63,Trung bình,,0,,
B23DCVT095,HK2-2024-25,85,Tốt,,0,,
B23DCKT084,HK2-2024-25,79,Khá,,0,,
B23DCCN099,HK2-2024-25,71,Khá,,0,,
B23DCCN129,HK2-2024-25,70,Khá,,0,,
B23DCKT061,HK2-2024-25,74,Khá,,0,,
B23DCKT071,HK2-2024-25,86,Tốt,,0,,
B23DCKT007,HK2-2024-25,72,Khá,,0,,
B23DCKT128,HK2-2024-25,68,Khá,,0,,
B23DCCN018,HK2-2024-25,76,Khá,,0,,
B23DCVT054,HK2-2024-25,71,Khá,,0,,
B23DCCN103,HK2-2024-25,77,Khá,,0,,
B23DCCN049,HK2-2024-25,78,Khá,,0,,
B23DCCN025,HK2-2024-25,83,Tốt,,0,,
B23DCCN059,HK2-2024-25,77,Khá,,0,,
B23DCVT012,HK2-2024-25,76,Khá,,0,,
B23DCCN112,HK2-2024-25,58,Trung bình,,0,,
B23DCKT113,HK2-2024-25,82,Tốt,,0,,
B23DCKT022,HK2-2024-25,71,Khá,,0,,
B23DCKT067,HK2-2024-25,65,Khá,,0,,
B23DCCN043,HK2-2024-25,,,,0,,
B23DCKT140,HK2-2024-25,85,Tốt,,0,,
B23DCKT081,HK2-2024-25,77,Khá,,0,,
B23DCKT044,HK2-2024-25,68,Khá,,0,,
B23DCKT138,HK2-2024-25,65,Khá,,0,,
B23DCKT103,HK2-2024-25,69,Khá,,0,,
B23DCVT145,HK2-2024-25,82,Tốt,,0,,
B23DCCN022,HK2-2024-25,74,Khá,,0,,
B23DCVT119,HK2-2024-25,70,Khá,,0,,
B23DCCN110,HK2-2024-25,67,Khá,,0,,
B23DCCN036,HK2-2024-25,86,Tốt,,0,,
B23DCVT122,HK2-2024-25,61,Trung bình,,0,,
B23DCKT025,HK2-2024-25,79,Khá,,0,,
B23DCKT112 ,HK2-2024-25,71,Khá,,0,,
B23DCKT134,HK2-2024-25,71,Kh?,,0,,
B23DCKT145,HK2-2024-25,71,Khá,,0,,
B23DCKT070,HK2-2024-25,64,Trung bình,,0,,
B23DCVT050,HK2-2024-25,82,Tốt,,0,,
B23DCVT073,HK2-2024-25,68,Khá,,0,,
B23DCKT105,HK2-2024-25,67,Khá,,0,,
B23DCKT053,HK2-2024-25,63,Trung bình,,0,,
B23DCCN141,HK2-2024-25,81,Tốt,,0,,
B23DCCN134,HK2-2024-25,71,Khá,,0,,
B23DCVT091,HK2-2024-25,,,,0,,
B23DCKT094,HK2-2024-25,67,Khá,,0,,
B23DCKT068,HK2-2024-25,64,Trung bình,,0,,
B23DCKT141,HK2-2024-25,74,Khá,,0,,
B23DCKT065,HK2-2024-25,79,Khá,,0,,
B23DCVT106,HK2-2024-25,67,Khá,,0,,
B23DCKT063,HK2-2024-25,75,Khá,,0,,
B23DCKT066,HK2-2024-25,72,Khá,,0,,
B23DCVT074,HK2-2024-25,70,Khá,,0,,
B23DCKT109,HK2-2024-25,66,Khá,,0,,
B23DCVT061,HK2-2024-25,66,Khá,,0,,
B23DCVT036,HK2-2024-25,72,Khá,,0,,
B23DCKT050,HK2-2024-25,,,,0,,
B23DCVT096,HK2-2024-25,71,Khá,,0,,
B23DCCN143,HK2-2024-25,74,Khá,,0,,
B23DCCN003,HK2-2024-25,74,Khá,,0,,
B23DCKT056,HK2-2024-25,65,Khá,,0,,
B23DCCN079,HK2-2024-25,71,Khá,,0,,
B23DCVT019,HK2-2024-25,72,Khá,,0,,
B23DCVT019,HK2-2024-25,72,Khá,,0,,
B23DCVT133,HK2-2024-25,72,Khá,,0,,
B23DCCN030,HK2-2024-25,72,Khá,,0,,
B23DCCN076,HK2-2024-25,68,Khá,,0,,
B23DCVT135,HK2-2024-25,62,Trung bình,,0,,
B23DCCN104,HK2-2024-25,62,Trung bình,,0,,
B23DCCN104,HK2-2024-25,62,Trung bình,,0,,
B23DCKT131,HK2-2024-25,71,Khá,,0,,
B23DCKT096,HK2-2024-25,63,Trung bình,,0,,
B23DCVT100,HK2-2024-25,75,Khá,,0,,
B23DCCN130,HK2-2024-25,63,Trung bình,,0,,
B23DCCN121,HK2-2024-25,72,Khá,,0,,
B23DCKT043,HK2-2024-25,70,Khá,,0,,
B23DCKT046,HK2-2024-25,71,Khá,,0,,
B23DCCN100,HK2-2024-25,76,Khá,,0,,
B23DCVT065,HK2-2024-25,73,Khá,,0,,
B23DCVT086,HK2-2024-25,73,Khá,,0,,
B23DCVT041,HK2-2024-25,71,Khá,,0,,
B23DCCN068,HK2-2024-25,65,Khá,,0,,
B23DCCN094,HK2-2024-25,83,Tốt,,0,,
B23DCKT136,HK2-2024-25,67,Khá,,0,,
B23DCKT037,HK2-2024-25,76,Khá,,0,,
B23DCKT142,HK2-2024-25,75,Khá,,0,,
B23DCKT033,HK2-2024-25,66,Khá,,0,,
B23DCCN002,HK2-2024-25,72,Khá,,0,,
B23DCCN026 ,HK2-2024-25,72,Khá,,0,,
B23DCCN041,HK2-2024-25,68,Khá,,0,,
B23DCKT132,HK2-2024-25,76,Khá,,0,,
B23DCKT125,HK2-2024-25,,,,0,,
B23DCVT102,HK2-2024-25,74,Khá,,0,,
B23DCCN065,HK2-2024-25,74,Khá,,0,,
B23DCVT136,HK2-2024-25,72,Khá,,0,,
B23DCVT084,HK2-2024-25,71,Khá,,0,,
B23DCCN093,HK2-2024-25,66,Khá,,0,,
B23DCKT133,HK2-2024-25,75,Khá,,0,,
B23DCKT030,HK2-2024-25,73,Khá,,0,,
B23DCKT055,HK2-2024-25,66,Khá,,0,,
B23DCKT032,HK2-2024-25,65,Khá,,0,,
B23DCVT089,HK2-2024-25,81,Tốt,,0,,
B23DCVT035,HK2-2024-25,73,Khá,,0,,
B23DCCN123,HK2-2024-25,73,Khá,,0,,
B23DCVT033,HK2-2024-25,71,Khá,,0,,
B23DCCN101,HK2-2024-25,59,Trung bình,,0,,
B23DCKT001,HK2-2024-25,73,Khá,,0,,
B23DCKT062,HK2-2024-25,,,,0,,
B23DCKT019,HK2-2024-25,64,Trung bình,,0,,
B23DCVT026,HK2-2024-25,76,Khá,,0,,
B23DCCN007,HK2-2024-25,68,Khá,,0,,
B23DCKT002,HK2-2024-25,80,Tốt,,0,,
B23DCKT116,HK2-2024-25,74,Khá,,0,,
B23DCCN096,HK2-2024-25,79,Khá,,0,,
B23DCVT124,HK2-2024-25,68,Khá,,0,,
B23DCKT009,HK2-2024-25,81,Tốt,,0,,
B23DCKT091,HK2-2024-25,73,Khá,,0,,
B23DCCN085,HK2-2024-25,77,Khá,,0,,
B23DCCN070,HK2-2024-25,71,Khá,,0,,
B23DCKT090,HK2-2024-25,52,Trung bình,,0,,
B23DCKT090,HK2-2024-25,52,Trung bình,,0,,
B23DCVT140,HK2-2024-25,77,Khá,,0,,
B23DCKT045,HK2-2024-25,74,Khá,,0,,
B23DCVT066,HK2-2024-25,84,Tốt,,0,,
B23DCVT025,HK2-2024-25,79,Khá,,0,,
B23DCKT039,HK2-2024-25,74,Khá,,0,,
B23DCCN039,HK2-2024-25,74,Khá,,0,,
B23DCVT092,HK2-2024-25,72,Khá,,0,,
B23DCVT114,HK2-2024-25,,,,0,,
B23DCCN019,HK2-2024-25,,,,0,,
B23DCVT099,HK2-2024-25,65,Khá,,0,,
B23DCCN031,HK2-2024-25,65,Khá,,0,,
B23DCKT020,HK2-2024-25,67,Khá,,0,,
B23DCKT072,HK2-2024-25,82,Tốt,,0,,
B23DCKT111,HK2-2024-25,,,,0,,
B23DCKT048,HK2-2024-25,73,Khá,,0,,
B23DCKT014,HK2-2024-25,65,Khá,,0,,
B23DCCN011,HK2-2024-25,74,Khá,,0,,
B23DCCN114,HK2-2024-25,65,Khá,,0,,
B23DCVT009,HK2-2024-25,58,Trung bình,,0,,
B23DCVT042,HK2-2024-25,68,Khá,,0,,
B23DCVT144,HK2-2024-25,61,Trung bình,,0,,
B23DCKT101,HK2-2024-25,69,Khá,,0,,
B23DCKT143,HK2-2024-25,,,,0,,
B23DCKT079,HK2-2024-25,59,Trung bình,,0,,
B23DCVT072,HK2-2024-25,,,,0,,
B23DCVT118,HK2-2024-25,71,Khá,,0,,
B23DCVT075,HK2-2024-25,,,,0,,
B23DCVT082,HK2-2024-25,76,Khá,,0,,
B23DCVT032,HK2-2024-25,75,Khá,,0,,
B23DCCN042,HK2-2024-25,55,Trung bình,,0,,
B23DCVT064,HK2-2024-25,,,,0,,
B23DCCN004,HK2-2024-25,66,Khá,,0,,
B23DCCN142,HK2-2024-25,76,Khá,,0,,
B23DCVT031,HK2-2024-25,71,Khá,,0,,
B23DCVT011,HK2-2024-25,66,Khá,,0,,
B23DCVT108,HK2-2024-25,66,Khá,,0,,
B23DCVT071,HK2-2024-25,63,Trung bình,,0,,
B23DCKT119,HK2-2024-25,73,Khá,,0,,
B23DCKT010,HK2-2024-25,74,Khá,,0,,
B23DCCN066,HK2-2024-25,,,,0,,
B23DCKT054,HK2-2024-25,,,,0,,
B23DCVT117,HK2-2024-25,60,Trung bình,,0,,
B23DCKT015,HK2-2024-25,70,Khá,,0,,
B23DCKT035,HK2-2024-25,60,Trung bình,,0,,
B23DCCN060,HK2-2024-25,80,Tốt,,0,,
B23DCCN054,HK2-2024-25,68,Khá,,0,,
B23DCCN127,HK2-2024-25,68,Khá,,0,,
B23DCKT108,HK2-2024-25,46,Yếu,,0,,
B23DCKT078,HK2-2024-25,46,Yếu,,0,,
B23DCKT006,HK2-2024-25,77,Khá,,0,,
B23DCVT068,HK2-2024-25,,,,0,,
B23DCVT079,HK2-2024-25,67,Khá,,0,,
B23DCCN122,HK2-2024-25,65,Khá,,0,,
B23DCVT017,HK2-2024-25,64,Trung bình,,0,,
B23DCKT123,HK2-2024-25,78,Khá,,0,,
B23DCKT088,HK2-2024-25,66,Khá,,0,,
B23DCCN017,HK2-2024-25,83,Tốt,,0,,
B23DCVT080,HK2-2024-25,72,Khá,,0,,
B23DCVT087,HK2-2024-25,72,Khá,,0,,
B23DCVT130,HK2-2024-25,71,Khá,,0,,
B23DCVT104,HK2-2024-25,60,Trung bình,,0,,
B23DCCN044,HK2-2024-25,58,Trung bình,,0,,
B23DCVT039,HK2-2024-25,57,Trung bình,,0,,
B23DCVT043,HK2-2024-25,65,Khá,,0,,
B23DCKT129,HK2-2024-25,66,Khá,,0,,
B23DCKT027,HK2-2024-25,75,Khá,,0,,
B23DCKT095,HK2-2024-25,83,Tốt,,0,,
B23DCVT040,HK2-2024-25,73,Khá,,0,,
B23DCCN086,HK2-2024-25,71,Khá,,0,,
B23DCCN091,HK2-2024-25,71,Khá,,0,,
B23DCVT132,HK2-2024-25,70,Khá,,0,,
B23DCKT110,HK2-2024-25,80,Tốt,,0,,
B23DCKT047,HK2-2024-25,63,Trung bình,,0,,
B23DCVT029,HK2-2024-25,74,Khá,,0,,
B23DCKT031,HK2-2024-25,70,Khá,,0,,
B23DCVT045,HK2-2024-25,66,Khá,,0,,
B23DCCN075,HK2-2024-25,66,Khá,,0,,
B23DCKT059,HK2-2024-25,63,Trung bình,,0,,
B23DCKT021,HK2-2024-25,83,Tốt,,0,,
B23DCVT085,HK2-2024-25,75,Khá,,0,,
B23DCVT143,HK2-2024-25,73,Khá,,0,,
B23DCVT137,HK2-2024-25,78,Khá,,0,,
B23DCCN080,HK2-2024-25,74,Khá,,0,,
B23DCVT028,HK2-2024-25,50,Trung bình,,0,,
B23DCKT004,HK2-2024-25,63,Trung bình,,0,,
B23DCKT075,HK2-2024-25,58,Trung bình,,0,,
B23DCVT120,HK2-2024-25,73,Khá,,0,,
B23DCVT069,HK2-2024-25,75,Khá,,0,,
B23DCCN058,HK2-2024-25,51,Trung bình,,0,,
B23DCKT069,HK2-2024-25,62,Trung bình,,0,,
B23DCCN128,HK2-2024-25,73,Khá,,0,,
B23DCCN116,HK2-2024-25,74,Khá,,0,,
B23DCCN001,HK2-2024-25,65,Khá,,0,,
B23DCVT053,HK2-2024-25,71,Khá,,0,,
B23DCKT058,HK2-2024-25,67,Khá,,0,,
B23DCVT007,HK2-2024-25,70,Khá,,0,,
B23DCVT070,HK2-2024-25,,,,0,,
B23DCVT046,HK2-2024-25,66,Khá,,0,,
B23DCCN139,HK2-2024-25,53,Trung bình,,0,,
B23DCVT123,HK2-2024-25,52,Trung bình,,0,,
B23DCKT038,HK2-2024-25,52,Trung bình,,0,,
B23DCCN069,HK2-2024-25,70,Khá,,0,,
B23DCVT083,HK2-2024-25,63,Trung bình,,0,,
B23DCCN081,HK2-2024-25,60,Trung bình,,0,,
B23DCKT130,HK2-2024-25,73,Khá,,0,,
B23DCKT011,HK2-2024-25,,,,0,,
B23DCVT139,HK2-2024-25,56,Trung bình,,0,,
B23DCKT024,HK2-2024-25,69,Khá,,0,,
B23DCKT040,HK2-2024-25,63,Trung bình,,0,,
B23DCCN118,HK2-2024-25,75,Khá,,0,,
B23DCVT121,HK2-2024-25,66,Khá,,0,,
B23DCKT036 ,HK2-2024-25,71,Khá,,0,,
B23DCVT052,HK2-2024-25,68,Khá,,0,,
B23DCCN145 ,HK2-2024-25,62,Trung bình,,0,,
B23DCKT076,HK2-2024-25,67,Khá,,0,,
B23DCVT010,HK2-2024-25,82,Tốt,,0,,
B23DCCN083,HK2-2024-25,71,Khá,,0,,
B23DCVT125,HK2-2024-25,64,Trung bình,,0,,
B23DCVT131,HK2-2024-25,59,Trung bình,,0,,
B23DCVT141,HK2-2024-25,51,Trung bình,,0,,
B23DCCN113,HK2-2024-25,61,Trung bình,,0,,
B23DCKT100,HK2-2024-25,69,Khá,,0,,
B23DCVT004,HK2-2024-25,62,Trung bình,,0,,
B23DCCN135,HK2-2024-25,50,Trung bình,,0,,
B23DCKT013,HK2-2024-25,73,Khá,,0,,
B23DCCN073,HK2-2024-25,73,Khá,,0,,
B23DCCN117,HK2-2024-25,59,Trung bình,,0,,
B23DCCN106,HK2-2024-25,58,Trung bình,,0,,
B23DCKT144,HK2-2024-25,66,Khá,,0,,
B23DCCN087,HK2-2024-25,66,Khá,,0,,
B23DCCN057,HK2-2024-25,57,Trung bình,,0,,
B23DCCN131,HK2-2024-25,61,Trung bình,,0,,
B23DCCN071,HK2-2024-25,56,Trung bình,,0,,
B23DCVT018,HK2-2024-25,,,,0,,
B23DCCN077,HK2-2024-25,52,Trung bình,,0,,
B23DCVT060,HK2-2024-25,,,,0,,
B23DCCN013,HK2-2024-25,58,Trung bình,,0,,
B23DCVT006,HK2-2024-25,74,Khá,,0,,
B23DCVT078,HK2-2024-25,71,Khá,,0,,
B23DCCN111,HK2-2024-25,69,Khá,,0,,
B23DCKT073,HK2-2024-25,71,Khá,,0,,
B23DCVT044,HK2-2024-25,65,Khá,,0,,
B23DCCN082,HK2-2024-25,60,Trung bình,,0,,
B23DCCN056,HK2-2024-25,57,Trung bình,,0,,
B23DCCN032,HK2-2024-25,66,Khá,,0,,
B23DCCN109,HK2-2024-25,66,Khá,,0,,
B23DCCN074,HK2-2024-25,61,Trung bình,,0,,
B23DCCN115,HK2-2024-25,60,Trung bình,,0,,
B23DCVT103,HK2-2024-25,70,Khá,,0,,
B23DCCN005,HK2-2024-25,62,Trung bình,,0,,
B23DCCN012,HK2-2024-25,59,Trung bình,,0,,
B23DCCN012,HK2-2024-25,59,Trung bình,,0,,
B23DCVT109,HK2-2024-25,61,Trung bình,,0,,
B23DCCN126,HK2-2024-25,55,Trung bình,,0,,
B23DCVT038,HK2-2024-25,61,Trung bình,,0,,
B23DCCN098,HK2-2024-25,59,Trung bình,,0,,
B23DCVT024,HK2-2024-25,52,Trung bình,,0,,
B23DCCN024,HK2-2024-25,63,Trung bình,,0,,
B23DCCN136,HK2-2024-25,76,Khá,,0,,
B23DCKT121,HK2-2024-25,41,Yếu,,0,,
B24DCVT112,HK2-2024-25,90,Xuất sắc,KKHT Loại Xuất sắc,8000000,,
B24DCCN034,HK2-2024-25,85,Tốt,KKHT Loại Giỏi,3600000,,
B24DCKT139,HK2-2024-25,84,Tốt,KKHT Loại Giỏi,3600000,,
B24DCCN022,HK2-2024-25,85,Tốt,KKHT Loại Giỏi,3600000,,
B24DCCN074,HK2-2024-25,90,Xuất sắc,KKHT Loại Giỏi,3600000,,
B24DCCN096,HK2-2024-25,83,Tốt,KKHT Loại Giỏi,3600000,,
B24DCCN121,HK2-2024-25,85,Tốt,KKHT Loại Giỏi,3600000,,
B24DCCN085 ,HK2-2024-25,73,Khá,KKHT Loại Khá,1200000,,
B24DCVT078,HK2-2024-25,91,Xuất sắc,KKHT Loại Giỏi,3600000,,
B24DCKT008,HK2-2024-25,90,Xuất sắc,KKHT Loại Giỏi,3600000,,
B24DCKT147,HK2-2024-25,79,Khá,KKHT Loại Khá,1200000,,
B24DCKT033,HK2-2024-25,91,Xuất sắc,KKHT Loại Giỏi,3600000,,
B24DCKT148 ,HK2-2024-25,83,Tốt,KKHT Loại Giỏi,3600000,,
B24DCVT101,HK2-2024-25,78,Khá,KKHT Loại Khá,1200000,,
B24DCCN132,HK2-2024-25,79,Khá,KKHT Loại Khá,1200000,,
B24DCCN013,HK2-2024-25,86,Tốt,KKHT Loại Giỏi,3600000,,
B24DCKT039,HK2-2024-25,,,KKHT Loại Giỏi,3600000,,
B24DCKT037,HK2-2024-25,85,Tốt,KKHT Loại Giỏi,3600000,,
B24DCCN098,HK2-2024-25,79,Khá,KKHT Loại Khá,1200000,,
B24DCKT117,HK2-2024-25,75,Khá,KKHT Loại Khá,1200000,,
B24DCCN102,HK2-2024-25,89,Tốt,KKHT Loại Giỏi,3600000,,
B24DCKT011,HK2-2024-25,93,Xuất sắc,KKHT Loại Giỏi,3600000,,
B24DCKT089,HK2-2024-25,85,Tốt,KKHT Loại Giỏi,3600000,,
B24DCCN002,HK2-2024-25,85,Tốt,KKHT Loại Giỏi,3600000,,
B24DCKT084,HK2-2024-25,91,Xuất sắc,KKHT Loại Giỏi,3600000,,
B24DCVT022,HK2-2024-25,,,KKHT Loại Khá,1200000,,
B24DCCN139,HK2-2024-25,84,Tốt,KKHT Loại Giỏi,3600000,,
B24DCVT057,HK2-2024-25,89,Tốt,KKHT Loại Giỏi,3600000,,
B24DCKT136,HK2-2024-25,84,Tốt,KKHT Loại Giỏi,3600000,,
B24DCCN008,HK2-2024-25,80,Tốt,KKHT Loại Giỏi,3600000,,
B24DCCN093,HK2-2024-25,88,Tốt,KKHT Loại Giỏi,3600000,,
B24DCCN066,HK2-2024-25,79,Khá,KKHT Loại Khá,1200000,,
B24DCKT032,HK2-2024-25,92,Xuất sắc,KKHT Loại Giỏi,3600000,,
B24DCVT036,HK2-2024-25,82,Tốt,KKHT Loại Giỏi,3600000,,
B24DCVT012,HK2-2024-25,76,Khá,KKHT Loại Khá,1200000,,
B24DCKT140,HK2-2024-25,,,KKHT Loại Giỏi,3600000,,
B24DCVT010,HK2-2024-25,88,Tốt,KKHT Loại Giỏi,3600000,,
B24DCVT039,HK2-2024-25,72,Khá,KKHT Loại Khá,1200000,,
B24DCCN110,HK2-2024-25,,,KKHT Loại Khá,1200000,,
B24DCCN088,HK2-2024-25,80,Tốt,KKHT Loại Khá,1200000,,
B24DCCN007,HK2-2024-25,88,Tốt,KKHT Loại Khá,1200000,,
B24DCVT009,HK2-2024-25,90,Xuất sắc,KKHT Loại Khá,1200000,,
B24DCCN071,HK2-2024-25,82,Tốt,KKHT Loại Khá,1200000,,
B24DCKT043,HK2-2024-25,76,Khá,KKHT Loại Khá,1200000,,
B24DCVT011,HK2-2024-25,86,Tốt,KKHT Loại Khá,1200000,,
B24DCKT004,HK2-2024-25,83,Tốt,,0,,
B24DCCN105,HK2-2024-25,81,Tốt,,0,,
B24DCKT067,HK2-2024-25,78,Khá,,0,,
B24DCCN010,HK2-2024-25,75,Khá,,0,,
B24DCKT063,HK2-2024-25,87,Tốt,,0,,
B24DCKT094,HK2-2024-25,82,Tốt,,0,,
B24DCVT109,HK2-2024-25,81,Tốt,,0,,
B24DCVT051 ,HK2-2024-25,75,Khá,,0,,
B24DCCN045,HK2-2024-25,81,Tốt,,0,,
B24DCCN103,HK2-2024-25,76,Khá,,0,,
B24DCCN064,HK2-2024-25,81,Tốt,,0,,
B24DCCN150,HK2-2024-25,67,Khá,,0,,
B24DCKT123,HK2-2024-25,92,Xuất sắc,,0,,
B24DCKT097,HK2-2024-25,85,Tốt,,0,,
B24DCVT008,HK2-2024-25,85,Tốt,,0,,
B24DCKT100,HK2-2024-25,74,Khá,,0,,
B24DCCN003,HK2-2024-25,79,Khá,,0,,
B24DCCN056,HK2-2024-25,76,Khá,,0,,
B24DCVT013,HK2-2024-25,82,Tốt,,0,,
B24DCVT058,HK2-2024-25,80,Tốt,,0,,
B24DCVT140,HK2-2024-25,83,Tốt,,0,,
B24DCCN133,HK2-2024-25,81,Tốt,,0,,
B24DCCN149,HK2-2024-25,59,Trung bình,,0,,
B24DCKT048,HK2-2024-25,,,,0,,
B24DCVT118,HK2-2024-25,81,Tốt,,0,,
B24DCCN136,HK2-2024-25,83,Tốt,,0,,
B24DCKT080,HK2-2024-25,,,,0,,
B24DCVT044,HK2-2024-25,75,Khá,,0,,
B24DCKT072,HK2-2024-25,91,Xuất sắc,,0,,
B24DCCN107,HK2-2024-25,73,Khá,,0,,
B24DCCN142,HK2-2024-25,81,Tốt,,0,,
B24DCKT031,HK2-2024-25,77,Khá,,0,,
B24DCKT093,HK2-2024-25,87,Tốt,,0,,
B24DCKT073,HK2-2024-25,87,Tốt,,0,,
B24DCCN048,HK2-2024-25,82,Tốt,,0,,
B24DCVT075,HK2-2024-25,85,Tốt,,0,,
B24DCVT113,HK2-2024-25,69,Khá,,0,,
B24DCCN012,HK2-2024-25,74,Khá,,0,,
B24DCCN065,HK2-2024-25,85,Tốt,,0,,
B24DCKT070,HK2-2024-25,90,Xuất sắc,,0,,
B24DCKT090,HK2-2024-25,83,Tốt,,0,,
B24DCKT015,HK2-2024-25,,,,0,,
B24DCCN055,HK2-2024-25,78,Khá,,0,,
B24DCVT087,HK2-2024-25,82,Tốt,,0,,
B24DCCN026,HK2-2024-25,78,Khá,,0,,
B24DCKT044,HK2-2024-25,80,Tốt,,0,,
B24DCCN028 ,HK2-2024-25,80,Tốt,,0,,
B24DCKT022,HK2-2024-25,62,Trung bình,,0,,
B24DCVT037,HK2-2024-25,80,Tốt,,0,,
B24DCVT122,HK2-2024-25,72,Khá,,0,,
B24DCKT014,HK2-2024-25,70,Khá,,0,,
B24DCVT131,HK2-2024-25,79,Khá,,0,,
B24DCKT066,HK2-2024-25,68,Khá,,0,,
B24DCCN140,HK2-2024-25,66,Khá,,0,,
B24DCKT109,HK2-2024-25,79,Khá,,0,,
B24DCKT010,HK2-2024-25,80,Tốt,,0,,
B24DCVT070,HK2-2024-25,,,,0,,
B24DCVT092,HK2-2024-25,76,Khá,,0,,
B24DCVT084,HK2-2024-25,79,Khá,,0,,
B24DCVT110,HK2-2024-25,73,Khá,,0,,
B24DCKT142,HK2-2024-25,68,Khá,,0,,
B24DCCN070,HK2-2024-25,82,Tốt,,0,,
B24DCKT061,HK2-2024-25,88,Tốt,,0,,
B24DCKT062,HK2-2024-25,76,Khá,,0,,
B24DCVT034,HK2-2024-25,73,Khá,,0,,
B24DCKT115,HK2-2024-25,63,Trung bình,,0,,
B24DCCN086,HK2-2024-25,90,Xuất sắc,,0,,
B24DCKT029,HK2-2024-25,75,Khá,,0,,
B24DCVT093,HK2-2024-25,70,Khá,,0,,
B24DCKT088,HK2-2024-25,68,Khá,,0,,
B24DCCN084,HK2-2024-25,80,Tốt,,0,,
B24DCKT129,HK2-2024-25,72,Khá,,0,,
B24DCKT024,HK2-2024-25,71,Khá,,0,,
B24DCCN009,HK2-2024-25,72,Khá,,0,,
B24DCCN073,HK2-2024-25,68,Khá,,0,,
B24DCKT135,HK2-2024-25,74,Khá,,0,,
B24DCVT082,HK2-2024-25,80,Tốt,,0,,
B24DCKT006,HK2-2024-25,64,Trung bình,,0,,
B24DCCN101,HK2-2024-25,78,Khá,,0,,
B24DCCN051,HK2-2024-25,76,Khá,,0,,
B24DCCN129,HK2-2024-25,73,Khá,,0,,
B24DCCN124,HK2-2024-25,65,Khá,,0,,
B24DCVT045,HK2-2024-25,78,Khá,,0,,
B24DCVT038,HK2-2024-25,83,Tốt,,0,,
B24DCCN115,HK2-2024-25,80,Tốt,,0,,
B24DCKT059,HK2-2024-25,82,Tốt,,0,,
B24DCVT069,HK2-2024-25,67,Khá,,0,,
B24DCCN089,HK2-2024-25,69,Khá,,0,,
B24DCKT003,HK2-2024-25,68,Khá,,0,,
B24DCKT105,HK2-2024-25,68,Khá,,0,,
B24DCCN127,HK2-2024-25,66,Khá,,0,,
B24DCCN144,HK2-2024-25,73,Khá,,0,,
B24DCKT138,HK2-2024-25,86,Tốt,,0,,
B24DCKT053,HK2-2024-25,62,Trung bình,,0,,
B24DCCN141,HK2-2024-25,68,Khá,,0,,
B24DCVT018,HK2-2024-25,75,Khá,,0,,
B24DCVT150,HK2-2024-25,68,Khá,,0,,
B24DCKT051,HK2-2024-25,71,Khá,,0,,
B24DCVT102,HK2-2024-25,70,Khá,,0,,
B24DCKT007,HK2-2024-25,82,Tốt,,0,,
B24DCVT019,HK2-2024-25,81,Tốt,,0,,
B24DCVT048,HK2-2024-25,76,Khá,,0,,
B24DCKT018,HK2-2024-25,75,Khá,,0,,
B24DCKT108,HK2-2024-25,72,Khá,,0,,
B24DCKT005,HK2-2024-25,70,Khá,,0,,
B24DCKT017,HK2-2024-25,,,,0,,
B24DCVT117,HK2-2024-25,70,Khá,,0,,
B24DCVT031,HK2-2024-25,68,Khá,,0,,
B24DCVT136,HK2-2024-25,68,Khá,,0,,
B24DCVT126,HK2-2024-25,69,Khá,,0,,
B24DCCN033,HK2-2024-25,76,Khá,,0,,
B24DCKT074,HK2-2024-25,76,Khá,,0,,
B24DCKT058,HK2-2024-25,75,Khá,,0,,
B24DCKT102,HK2-2024-25,70,Khá,,0,,
B24DCCN076,HK2-2024-25,68,Khá,,0,,
B24DCKT122,HK2-2024-25,70,Khá,,0,,
B24DCKT116,HK2-2024-25,67,Khá,,0,,
B24DCVT114,HK2-2024-25,77,Khá,,0,,
B24DCVT023,HK2-2024-25,76,Khá,,0,,
B24DCCN120,HK2-2024-25,76,Khá,,0,,
B24DCVT128,HK2-2024-25,70,Khá,,0,,
B24DCVT035,HK2-2024-25,69,Khá,,0,,
B24DCKT013,HK2-2024-25,67,Khá,,0,,
B24DCVT133,HK2-2024-25,68,Khá,,0,,
B24DCCN130,HK2-2024-25,80,Tốt,,0,,
B24DCCN077,HK2-2024-25,71,Khá,,0,,
B24DCCN090,HK2-2024-25,75,Khá,,0,,
B24DCVT007,HK2-2024-25,72,Khá,,0,,
B24DCVT147,HK2-2024-25,71,Khá,,0,,
B24DCVT026,HK2-2024-25,72,Khá,,0,,
B24DCKT060,HK2-2024-25,57,Trung bình,,0,,
B24DCCN019,HK2-2024-25,71,Khá,,0,,
B24DCKT042,HK2-2024-25,,,,0,,
B24DCVT001,HK2-2024-25,72,Khá,,0,,
B24DCVT072,HK2-2024-25,,,,0,,
B24DCVT120,HK2-2024-25,69,Khá,,0,,
B24DCVT068,HK2-2024-25,67,Khá,,0,,
B24DCVT091,HK2-2024-25,67,Khá,,0,,
B24DCVT115,HK2-2024-25,65,Khá,,0,,
B24DCVT077,HK2-2024-25,64,Trung bình,,0,,
B24DCCN109,HK2-2024-25,62,Trung bình,,0,,
B24DCVT086,HK2-2024-25,85,Tốt,,0,,
B24DCKT087,HK2-2024-25,82,Tốt,,0,,
B24DCKT146,HK2-2024-25,78,Khá,,0,,
B24DCKT047,HK2-2024-25,67,Khá,,0,,
B24DCVT014,HK2-2024-25,67,Khá,,0,,
B24DCKT023,HK2-2024-25,63,Trung bình,,0,,
B24DCCN081,HK2-2024-25,78,Khá,,0,,
B24DCCN117,HK2-2024-25,73,Khá,,0,,
B24DCVT062,HK2-2024-25,78,Khá,,0,,
B24DCVT129,HK2-2024-25,75,Khá,,0,,
B24DCVT083 ,HK2-2024-25,,,,0,,
B24DCKT107,HK2-2024-25,72,Khá,,0,,
B24DCKT130,HK2-2024-25,72,Khá,,0,,
B24DCVT080,HK2-2024-25,70,Khá,,0,,
B24DCVT104,HK2-2024-25,62,Trung bình,,0,,
B24DCVT124,HK2-2024-25,62,Trung bình,,0,,
B24DCVT111,HK2-2024-25,57,Trung bình,,0,,
B24DCKT021,HK2-2024-25,70,Khá,,0,,
B24DCKT016,HK2-2024-25,72,Khá,,0,,
B24DCVT149,HK2-2024-25,82,Tốt,,0,,
B24DCKT012,HK2-2024-25,80,Tốt,,0,,
B24DCKT077,HK2-2024-25,75,Khá,,0,,
B24DCKT125,HK2-2024-25,75,Khá,,0,,
B24DCVT123,HK2-2024-25,71,Khá,,0,,
B24DCVT066,HK2-2024-25,65,Khá,,0,,
B24DCCN091,HK2-2024-25,72,Khá,,0,,
B24DCVT015,HK2-2024-25,72,Khá,,0,,
B24DCVT143,HK2-2024-25,,,,0,,
B24DCVT053,HK2-2024-25,71,Khá,,0,,
B24DCVT107,HK2-2024-25,71,Khá,,0,,
B24DCKT045,HK2-2024-25,62,Trung bình,,0,,
B24DCCN063,HK2-2024-25,85,Tốt,,0,,
B24DCCN119,HK2-2024-25,79,Khá,,0,,
B24DCCN005,HK2-2024-25,74,Khá,,0,,
B24DCCN082,HK2-2024-25,71,Khá,,0,,
B24DCVT139,HK2-2024-25,80,Tốt,,0,,
B24DCVT047,HK2-2024-25,72,Khá,,0,,
B24DCKT137,HK2-2024-25,71,Khá,,0,,
B24DCKT099,HK2-2024-25,70,Khá,,0,,
B24DCKT049,HK2-2024-25,67,Khá,,0,,
B24DCVT096,HK2-2024-25,64,Trung bình,,0,,
B24DCKT113,HK2-2024-25,,,,0,,
B24DCVT125,HK2-2024-25,79,Khá,,0,,
B24DCVT006,HK2-2024-25,75,Khá,,0,,
B24DCKT055,HK2-2024-25,,,,0,,
B24DCKT055,HK2-2024-25,,,,0,,
B24DCVT148,HK2-2024-25,72,Khá,,0,,
B24DCVT028,HK2-2024-25,69,Khá,,0,,
B24DCKT132,HK2-2024-25,84,Tốt,,0,,
B24DCCN011,HK2-2024-25,75,Khá,,0,,
B24DCCN062,HK2-2024-25,74,Khá,,0,,
B24DCCN087,HK2-2024-25,67,Khá,,0,,
B24DCKT124,HK2-2024-25,76,Khá,,0,,
B24DCKT103,HK2-2024-25,75,Khá,,0,,
B24DCVT130,HK2-2024-25,72,Khá,,0,,
B24DCVT073,HK2-2024-25,70,Khá,,0,,
B24DCKT083,HK2-2024-25,66,Khá,,0,,
B24DCCN116,HK2-2024-25,65,Khá,,0,,
B24DCKT069,HK2-2024-25,75,Khá,,0,,
B24DCVT116,HK2-2024-25,68,Khá,,0,,
B24DCKT092,HK2-2024-25,56,Trung bình,,0,,
B24DCKT104,HK2-2024-25,51,Trung bình,,0,,
B24DCCN138,HK2-2024-25,75,Khá,,0,,
B24DCCN075,HK2-2024-25,71,Khá,,0,,
B24DCCN148,HK2-2024-25,68,Khá,,0,,
B24DCCN006,HK2-2024-25,51,Trung bình,,0,,
B24DCKT121,HK2-2024-25,,,,0,,
B24DCKT086,HK2-2024-25,76,Khá,,0,,
B24DCKT075,HK2-2024-25,74,Khá,,0,,
B24DCVT021,HK2-2024-25,70,Khá,,0,,
B24DCVT017,HK2-2024-25,69,Khá,,0,,
B24DCKT141,HK2-2024-25,68,Khá,,0,,
B24DCCN100,HK2-2024-25,66,Khá,,0,,
B24DCCN113,HK2-2024-25,67,Khá,,0,,
B24DCCN031,HK2-2024-25,67,Khá,,0,,
B24DCCN131,HK2-2024-25,79,Khá,,0,,
B24DCKT041,HK2-2024-25,76,Khá,,0,,
B24DCVT030,HK2-2024-25,76,Khá,,0,,
B24DCKT079,HK2-2024-25,75,Khá,,0,,
B24DCCN004,HK2-2024-25,73,Khá,,0,,
B24DCKT057,HK2-2024-25,71,Khá,,0,,
B24DCKT134,HK2-2024-25,69,Khá,,0,,
B24DCVT081,HK2-2024-25,68,Khá,,0,,
B24DCCN023,HK2-2024-25,64,Trung bình,,0,,
B24DCKT085,HK2-2024-25,61,Trung bình,,0,,
B24DCCN035,HK2-2024-25,59,Trung bình,,0,,
B24DCVT100,HK2-2024-25,53,Trung bình,,0,,
B24DCKT106,HK2-2024-25,51,Trung bình,,0,,
B24DCKT054,HK2-2024-25,77,Khá,,0,,
B24DCKT027,HK2-2024-25,72,Khá,,0,,
B24DCVT095,HK2-2024-25,63,Trung bình,,0,,
B24DCVT095,HK2-2024-25,63,Trung bình,,0,,
B24DCCN108,HK2-2024-25,72,Khá,,0,,
B24DCKT128,HK2-2024-25,59,Trung bình,,0,,
B24DCCN146,HK2-2024-25,73,Khá,,0,,
B24DCVT002,HK2-2024-25,76,Khá,,0,,
B24DCKT127,HK2-2024-25,72,Khá,,0,,
B24DCVT089,HK2-2024-25,70,Khá,,0,,
B24DCVT063,HK2-2024-25,67,Khá,,0,,
B24DCVT060,HK2-2024-25,65,Khá,,0,,
B24DCVT043,HK2-2024-25,64,Trung bình,,0,,
B24DCVT097,HK2-2024-25,60,Trung bình,,0,,
B24DCKT036,HK2-2024-25,59,Trung bình,,0,,
B24DCKT145,HK2-2024-25,69,Khá,,0,,
B24DCVT079,HK2-2024-25,57,Trung bình,,0,,
B24DCCN024,HK2-2024-25,60,Trung bình,,0,,
B24DCKT035,HK2-2024-25,69,Khá,,0,,
B24DCVT065 ,HK2-2024-25,68,Khá,,0,,
B24DCKT076,HK2-2024-25,66,Khá,,0,,
B24DCKT119,HK2-2024-25,65,Khá,,0,,
B24DCVT033,HK2-2024-25,62,Trung bình,,0,,
B24DCVT033,HK2-2024-25,62,Trung bình,,0,,
B24DCKT150,HK2-2024-25,55,Trung bình,,0,,
B24DCVT099,HK2-2024-25,55,Trung bình,,0,,
B24DCCN030 ,HK2-2024-25,77,Khá,,0,,
B24DCCN092,HK2-2024-25,74,Khá,,0,,
B24DCCN099,HK2-2024-25,64,Trung bình,,0,,
B24DCVT141,HK2-2024-25,84,Tốt,,0,,
B24DCVT050,HK2-2024-25,73,Khá,,0,,
B24DCCN044,HK2-2024-25,67,Khá,,0,,
B24DCCN104,HK2-2024-25,65,Khá,,0,,
B24DCCN147,HK2-2024-25,74,Khá,,0,,
B24DCVT055,HK2-2024-25,74,Khá,,0,,
B24DCKT064,HK2-2024-25,68,Khá,,0,,
B24DCKT071 ,HK2-2024-25,64,Trung bình,,0,,
B24DCVT005,HK2-2024-25,79,Khá,,0,,
B24DCCN069,HK2-2024-25,83,Tốt,,0,,
B24DCCN069,HK2-2024-25,83,Tốt,,0,,
B24DCCN014,HK2-2024-25,76,Khá,,0,,
B24DCCN111,HK2-2024-25,58,Trung bình,,0,,
B24DCCN038,HK2-2024-25,53,Trung bình,,0,,
B24DCVT085,HK2-2024-25,84,Tốt,,0,,
B24DCVT142,HK2-2024-25,,,,0,,
B24DCVT142,HK2-2024-25,,,,0,,
B24DCKT002,HK2-2024-25,75,Khá,,0,,
B24DCKT118,HK2-2024-25,72,Khá,,0,,
B24DCKT091,HK2-2024-25,66,Khá,,0,,
B24DCVT108,HK2-2024-25,60,Trung bình,,0,,
B24DCKT098,HK2-2024-25,55,Trung bình,,0,,
B24DCCN001,HK2-2024-25,74,Khá,,0,,
B24DCCN118,HK2-2024-25,63,Trung bình,,0,,
B24DCCN040,HK2-2024-25,55,Trung bình,,0,,
B24DCKT110,HK2-2024-25,75,Khá,,0,,
B24DCKT133,HK2-2024-25,59,Trung bình,,0,,
B24DCKT081,HK2-2024-25,54,Trung bình,,0,,
B24DCVT088,HK2-2024-25,64,Trung bình,,0,,
B24DCKT082,HK2-2024-25,54,Trung bình,,0,,
B24DCCN078,HK2-2024-25,82,Tốt,,0,,
B24DCCN123,HK2-2024-25,,,,0,,
B24DCCN017,HK2-2024-25,59,Trung bình,,0,,
B24DCKT143,HK2-2024-25,69,Khá,,0,,
B24DCKT126,HK2-2024-25,65,Khá,,0,,
B24DCKT009,HK2-2024-25,64,Trung bình,,0,,
B24DCKT149,HK2-2024-25,58,Trung bình,,0,,
B24DCCN052,HK2-2024-25,74,Khá,,0,,
B24DCCN067,HK2-2024-25,69,Khá,,0,,
B24DCCN067,HK2-2024-25,69,Khá,,0,,
B24DCCN016,HK2-2024-25,51,Trung bình,,0,,
B24DCVT027,HK2-2024-25,58,Trung bình,,0,,
B24DCVT067,HK2-2024-25,78,Khá,,0,,
B24DCCN068,HK2-2024-25,62,Trung bình,,0,,
B24DCVT054,HK2-2024-25,61,Trung bình,,0,,
B24DCVT127,HK2-2024-25,57,Trung bình,,0,,
B24DCCN114,HK2-2024-25,,,,0,,
B24DCVT052,HK2-2024-25,71,Khá,,0,,
B24DCKT112,HK2-2024-25,64,Trung bình,,0,,
B24DCCN128,HK2-2024-25,66,Khá,,0,,
B24DCKT052,HK2-2024-25,64,Trung bình,,0,,
B24DCKT030,HK2-2024-25,61,Trung bình,,0,,
B24DCKT095,HK2-2024-25,52,Trung bình,,0,,
B24DCKT120,HK2-2024-25,67,Khá,,0,,
B24DCVT132,HK2-2024-25,52,Trung bình,,0,,
B24DCCN057,HK2-2024-25,71,Khá,,0,,
B24DCCN060,HK2-2024-25,66,Khá,,0,,
B24DCCN145,HK2-2024-25,61,Trung bình,,0,,
B24DCKT026,HK2-2024-25,66,Khá,,0,,
B24DCKT001,HK2-2024-25,58,Trung bình,,0,,
B24DCVT020,HK2-2024-25,,,,0,,
B24DCCN046,HK2-2024-25,53,Trung bình,,0,,
B24DCVT105,HK2-2024-25,60,Trung bình,,0,,
B24DCCN015,HK2-2024-25,74,Khá,,0,,
B24DCCN134,HK2-2024-25,57,Trung bình,,0,,
B24DCVT025,HK2-2024-25,58,Trung bình,,0,,
B24DCKT056,HK2-2024-25,76,Khá,,0,,
B24DCCN061,HK2-2024-25,60,Trung bình,,0,,
B24DCVT061,HK2-2024-25,57,Trung bình,,0,,
B24DCKT065,HK2-2024-25,55,Trung bình,,0,,
B24DCCN041,HK2-2024-25,66,Khá,,0,,
B24DCCN042,HK2-2024-25,59,Trung bình,,0,,
B24DCKT114,HK2-2024-25,58,Trung bình,,0,,
B24DCCN094,HK2-2024-25,69,Khá,,0,,
B24DCCN126,HK2-2024-25,49,Yếu,,0,,
B24DCVT076,HK2-2024-25,59,Trung bình,,0,,
B24DCVT119,HK2-2024-25,56,Trung bình,,0,,
B24DCVT032,HK2-2024-25,51,Trung bình,,0,,
B24DCCN072,HK2-2024-25,54,Trung bình,,0,,
B24DCVT090,HK2-2024-25,73,Khá,,0,,
B24DCKT144,HK2-2024-25,55,Trung bình,,0,,
B24DCCN095,HK2-2024-25,52,Trung bình,,0,,
B24DCCN122,HK2-2024-25,45,Yếu,,0,,
B24DCKT046 ,HK2-2024-25,,,,0,,
B24DCVT029,HK2-2024-25,61,Trung bình,,0,,
B24DCVT059,HK2-2024-25,58,Trung bình,,0,,
B24DCVT135,HK2-2024-25,51,Trung bình,,0,,
B24DCCN054,HK2-2024-25,,,,0,,
B24DCCN021,HK2-2024-25,60,Trung bình,,0,,
B24DCCN137,HK2-2024-25,58,Trung bình,,0,,
B24DCCN112,HK2-2024-25,55,Trung bình,,0,,
B24DCCN043,HK2-2024-25,61,Trung bình,,0,,
B24DCCN029,HK2-2024-25,54,Trung bình,,0,,
B24DCVT134,HK2-2024-25,61,Trung bình,,0,,
B24DCCN020,HK2-2024-25,77,Khá,,0,,
B24DCCN080,HK2-2024-25,52,Trung bình,,0,,
B24DCCN025,HK2-2024-25,51,Trung bình,,0,,
B24DCKT096,HK2-2024-25,65,Khá,,0,,
B24DCVT042,HK2-2024-25,63,Trung bình,,0,,
B24DCVT004,HK2-2024-25,58,Trung bình,,0,,
B24DCVT103,HK2-2024-25,70,Khá,,0,,
B24DCVT138,HK2-2024-25,59,Trung bình,,0,,
B24DCCN135,HK2-2024-25,,,,0,,
B24DCVT094,HK2-2024-25,70,Khá,,0,,
B24DCVT049,HK2-2024-25,60,Trung bình,,0,,
B24DCVT098,HK2-2024-25,57,Trung bình,,0,,
B24DCKT078,HK2-2024-25,54,Trung bình,,0,,
B24DCCN018,HK2-2024-25,59,Trung bình,,0,,
B24DCVT041,HK2-2024-25,54,Trung bình,,0,,
B24DCKT111,HK2-2024-25,56,Trung bình,,0,,
B24DCCN125,HK2-2024-25,72,Khá,,0,,
B24DCVT144,HK2-2024-25,,,,0,,
B24DCVT040,HK2-2024-25,67,Khá,,0,,
B24DCKT050,HK2-2024-25,53,Trung bình,,0,,
B24DCKT131,HK2-2024-25,50,Trung bình,,0,,
B24DCKT101,HK2-2024-25,47,Yếu,,0,,
B24DCVT137,HK2-2024-25,43,Yếu,,0,Cảnh cáo lần 2,Vi phạm nội quy KTX
B24DCVT121,HK2-2024-25,30,Kém,,0,,
B24DCVT064,HK2-2024-25,27,Kém,,0,,
B24DCCN083,HK2-2024-25,58,Trung bình,,0,,
B24DCKT034,HK2-2024-25,46,Yếu,,0,,
B24DCVT106,HK2-2024-25,45,Yếu,,0,,
B24DCCN039,HK2-2024-25,56,Trung bình,,0,,
B24DCVT046,HK2-2024-25,58,Trung bình,,0,,
B24DCKT040,HK2-2024-25,36,Yếu,,0,,
B24DCKT025,HK2-2024-25,52,Trung bình,,0,,
B24DCVT056,HK2-2024-25,47,Yếu,,0,,
B24DCCN106,HK2-2024-25,,,,0,,
B24DCCN032 ,HK2-2024-25,42,Yếu,,0,,
B24DCVT071,HK2-2024-25,34,Kém,,0,Cảnh cáo lần 2,Thi hộ
B24DCKT028,HK2-2024-25,47,Yếu,,0,Khiển trách,Vi phạm nội quy KTX
B24DCVT016,HK2-2024-25,37,Yếu,,0,,
B24DCCN047,HK2-2024-25,51,Trung bình,,0,,
B24DCCN058,HK2-2024-25,49,Yếu,,0,,
B24DCKT068,HK2-2024-25,52,Trung bình,,0,,
B24DCCN036,HK2-2024-25,54,Trung bình,,0,,
B24DCCN097,HK2-2024-25,34,Kém,,0,,
B24DCCN037,HK2-2024-25,60,Trung bình,,0,,
B24DCCN053,HK2-2024-25,38,Yếu,,0,,
B24DCVT146,HK2-2024-25,52,Trung bình,,0,Cảnh cáo lần 1,Vi phạm quy chế thi
B24DCCN027,HK2-2024-25,40,Yếu,,0,,
B24DCKT038,HK2-2024-25,57,Trung bình,,0,,
B24DCVT074,HK2-2024-25,53,Trung bình,,0,,
B24DCKT019,HK2-2024-25,,,,0,,
B24DCVT024,HK2-2024-25,42,Yếu,,0,,
B24DCCN049,HK2-2024-25,50,Trung bình,,0,,
B24DCCN143 ,HK2-2024-25,48,Yếu,,0,,
B24DCCN050,HK2-2024-25,43,Yếu,,0,,
B24DCKT020,HK2-2024-25,56,Trung bình,,0,,
B24DCCN059,HK2-2024-25,48,Yếu,,0,,
B24DCVT003,HK2-2024-25,,,,0,,
B24DCCN079,HK2-2024-25,37,Yếu,,0,,
B24DCVT145,HK2-2024-25,31,Kém,,0,,
B19DCKT002,HK2-2024-25,45,Trung bình,,0,,
B19DCKT004,HK2-2024-25,73,Khá,,0,,
