[2026-03-26T14:27:33.557+0000] {processor.py:161} INFO - Started process (PID=2395) to work on /opt/airflow/dags/weekly_summary_pipeline.py
[2026-03-26T14:27:33.558+0000] {processor.py:830} INFO - Processing file /opt/airflow/dags/weekly_summary_pipeline.py for tasks to queue
[2026-03-26T14:27:33.559+0000] {logging_mixin.py:188} INFO - [2026-03-26T14:27:33.559+0000] {dagbag.py:538} INFO - Filling up the DagBag from /opt/airflow/dags/weekly_summary_pipeline.py
[2026-03-26T14:27:33.591+0000] {processor.py:840} INFO - DAG(s) 'weekly_summary_pipeline' retrieved from /opt/airflow/dags/weekly_summary_pipeline.py
[2026-03-26T14:27:33.849+0000] {logging_mixin.py:188} INFO - [2026-03-26T14:27:33.849+0000] {override.py:1769} INFO - Created Permission View: can delete on DAG:weekly_summary_pipeline
[2026-03-26T14:27:33.859+0000] {logging_mixin.py:188} INFO - [2026-03-26T14:27:33.859+0000] {override.py:1769} INFO - Created Permission View: can read on DAG:weekly_summary_pipeline
[2026-03-26T14:27:33.865+0000] {logging_mixin.py:188} INFO - [2026-03-26T14:27:33.865+0000] {override.py:1769} INFO - Created Permission View: can edit on DAG:weekly_summary_pipeline
[2026-03-26T14:27:33.866+0000] {logging_mixin.py:188} INFO - [2026-03-26T14:27:33.866+0000] {dag.py:3036} INFO - Sync 1 DAGs
[2026-03-26T14:27:33.884+0000] {logging_mixin.py:188} INFO - [2026-03-26T14:27:33.884+0000] {dag.py:3058} INFO - Creating ORM DAG for weekly_summary_pipeline
[2026-03-26T14:27:33.895+0000] {logging_mixin.py:188} INFO - [2026-03-26T14:27:33.894+0000] {dag.py:3823} INFO - Setting next_dagrun for weekly_summary_pipeline to 2026-03-16 06:00:00+00:00, run_after=2026-03-23 06:00:00+00:00
[2026-03-26T14:27:33.917+0000] {processor.py:183} INFO - Processing /opt/airflow/dags/weekly_summary_pipeline.py took 0.362 seconds
[2026-03-26T14:38:49.277+0000] {processor.py:161} INFO - Started process (PID=175) to work on /opt/airflow/dags/weekly_summary_pipeline.py
[2026-03-26T14:38:49.278+0000] {processor.py:830} INFO - Processing file /opt/airflow/dags/weekly_summary_pipeline.py for tasks to queue
[2026-03-26T14:38:49.279+0000] {logging_mixin.py:188} INFO - [2026-03-26T14:38:49.278+0000] {dagbag.py:538} INFO - Filling up the DagBag from /opt/airflow/dags/weekly_summary_pipeline.py
[2026-03-26T14:38:49.301+0000] {processor.py:840} INFO - DAG(s) 'weekly_summary_pipeline' retrieved from /opt/airflow/dags/weekly_summary_pipeline.py
[2026-03-26T14:38:49.331+0000] {logging_mixin.py:188} INFO - [2026-03-26T14:38:49.331+0000] {dag.py:3036} INFO - Sync 1 DAGs
[2026-03-26T14:38:49.358+0000] {logging_mixin.py:188} INFO - [2026-03-26T14:38:49.357+0000] {dag.py:3823} INFO - Setting next_dagrun for weekly_summary_pipeline to 2026-03-23 06:00:00+00:00, run_after=2026-03-30 06:00:00+00:00
[2026-03-26T14:38:49.379+0000] {processor.py:183} INFO - Processing /opt/airflow/dags/weekly_summary_pipeline.py took 0.106 seconds
[2026-03-26T14:39:19.487+0000] {processor.py:161} INFO - Started process (PID=205) to work on /opt/airflow/dags/weekly_summary_pipeline.py
[2026-03-26T14:39:19.488+0000] {processor.py:830} INFO - Processing file /opt/airflow/dags/weekly_summary_pipeline.py for tasks to queue
[2026-03-26T14:39:19.489+0000] {logging_mixin.py:188} INFO - [2026-03-26T14:39:19.489+0000] {dagbag.py:538} INFO - Filling up the DagBag from /opt/airflow/dags/weekly_summary_pipeline.py
[2026-03-26T14:39:19.516+0000] {processor.py:840} INFO - DAG(s) 'weekly_summary_pipeline' retrieved from /opt/airflow/dags/weekly_summary_pipeline.py
[2026-03-26T14:39:19.692+0000] {logging_mixin.py:188} INFO - [2026-03-26T14:39:19.691+0000] {dag.py:3036} INFO - Sync 1 DAGs
[2026-03-26T14:39:19.712+0000] {logging_mixin.py:188} INFO - [2026-03-26T14:39:19.711+0000] {dag.py:3823} INFO - Setting next_dagrun for weekly_summary_pipeline to 2026-03-23 06:00:00+00:00, run_after=2026-03-30 06:00:00+00:00
[2026-03-26T14:39:19.734+0000] {processor.py:183} INFO - Processing /opt/airflow/dags/weekly_summary_pipeline.py took 0.249 seconds
[2026-03-26T14:39:49.840+0000] {processor.py:161} INFO - Started process (PID=228) to work on /opt/airflow/dags/weekly_summary_pipeline.py
[2026-03-26T14:39:49.842+0000] {processor.py:830} INFO - Processing file /opt/airflow/dags/weekly_summary_pipeline.py for tasks to queue
[2026-03-26T14:39:49.842+0000] {logging_mixin.py:188} INFO - [2026-03-26T14:39:49.842+0000] {dagbag.py:538} INFO - Filling up the DagBag from /opt/airflow/dags/weekly_summary_pipeline.py
[2026-03-26T14:39:49.866+0000] {processor.py:840} INFO - DAG(s) 'weekly_summary_pipeline' retrieved from /opt/airflow/dags/weekly_summary_pipeline.py
[2026-03-26T14:39:49.895+0000] {logging_mixin.py:188} INFO - [2026-03-26T14:39:49.895+0000] {dag.py:3036} INFO - Sync 1 DAGs
[2026-03-26T14:39:49.924+0000] {logging_mixin.py:188} INFO - [2026-03-26T14:39:49.923+0000] {dag.py:3823} INFO - Setting next_dagrun for weekly_summary_pipeline to 2026-03-23 06:00:00+00:00, run_after=2026-03-30 06:00:00+00:00
[2026-03-26T14:39:49.943+0000] {processor.py:183} INFO - Processing /opt/airflow/dags/weekly_summary_pipeline.py took 0.105 seconds
[2026-03-26T14:40:20.019+0000] {processor.py:161} INFO - Started process (PID=251) to work on /opt/airflow/dags/weekly_summary_pipeline.py
[2026-03-26T14:40:20.020+0000] {processor.py:830} INFO - Processing file /opt/airflow/dags/weekly_summary_pipeline.py for tasks to queue
[2026-03-26T14:40:20.021+0000] {logging_mixin.py:188} INFO - [2026-03-26T14:40:20.021+0000] {dagbag.py:538} INFO - Filling up the DagBag from /opt/airflow/dags/weekly_summary_pipeline.py
[2026-03-26T14:40:20.042+0000] {processor.py:840} INFO - DAG(s) 'weekly_summary_pipeline' retrieved from /opt/airflow/dags/weekly_summary_pipeline.py
[2026-03-26T14:40:20.089+0000] {logging_mixin.py:188} INFO - [2026-03-26T14:40:20.089+0000] {dag.py:3036} INFO - Sync 1 DAGs
[2026-03-26T14:40:20.117+0000] {logging_mixin.py:188} INFO - [2026-03-26T14:40:20.117+0000] {dag.py:3823} INFO - Setting next_dagrun for weekly_summary_pipeline to 2026-03-23 06:00:00+00:00, run_after=2026-03-30 06:00:00+00:00
[2026-03-26T14:40:20.136+0000] {processor.py:183} INFO - Processing /opt/airflow/dags/weekly_summary_pipeline.py took 0.121 seconds
[2026-03-26T14:40:50.271+0000] {processor.py:161} INFO - Started process (PID=274) to work on /opt/airflow/dags/weekly_summary_pipeline.py
[2026-03-26T14:40:50.272+0000] {processor.py:830} INFO - Processing file /opt/airflow/dags/weekly_summary_pipeline.py for tasks to queue
[2026-03-26T14:40:50.273+0000] {logging_mixin.py:188} INFO - [2026-03-26T14:40:50.273+0000] {dagbag.py:538} INFO - Filling up the DagBag from /opt/airflow/dags/weekly_summary_pipeline.py
[2026-03-26T14:40:50.296+0000] {processor.py:840} INFO - DAG(s) 'weekly_summary_pipeline' retrieved from /opt/airflow/dags/weekly_summary_pipeline.py
[2026-03-26T14:40:50.327+0000] {logging_mixin.py:188} INFO - [2026-03-26T14:40:50.327+0000] {dag.py:3036} INFO - Sync 1 DAGs
[2026-03-26T14:40:50.350+0000] {logging_mixin.py:188} INFO - [2026-03-26T14:40:50.350+0000] {dag.py:3823} INFO - Setting next_dagrun for weekly_summary_pipeline to 2026-03-23 06:00:00+00:00, run_after=2026-03-30 06:00:00+00:00
[2026-03-26T14:40:50.371+0000] {processor.py:183} INFO - Processing /opt/airflow/dags/weekly_summary_pipeline.py took 0.103 seconds
[2026-03-26T14:41:21.427+0000] {processor.py:161} INFO - Started process (PID=297) to work on /opt/airflow/dags/weekly_summary_pipeline.py
[2026-03-26T14:41:21.428+0000] {processor.py:830} INFO - Processing file /opt/airflow/dags/weekly_summary_pipeline.py for tasks to queue
[2026-03-26T14:41:21.429+0000] {logging_mixin.py:188} INFO - [2026-03-26T14:41:21.429+0000] {dagbag.py:538} INFO - Filling up the DagBag from /opt/airflow/dags/weekly_summary_pipeline.py
[2026-03-26T14:41:21.458+0000] {processor.py:840} INFO - DAG(s) 'weekly_summary_pipeline' retrieved from /opt/airflow/dags/weekly_summary_pipeline.py
[2026-03-26T14:41:21.490+0000] {logging_mixin.py:188} INFO - [2026-03-26T14:41:21.490+0000] {dag.py:3036} INFO - Sync 1 DAGs
[2026-03-26T14:41:21.517+0000] {logging_mixin.py:188} INFO - [2026-03-26T14:41:21.517+0000] {dag.py:3823} INFO - Setting next_dagrun for weekly_summary_pipeline to 2026-03-23 06:00:00+00:00, run_after=2026-03-30 06:00:00+00:00
[2026-03-26T14:41:21.545+0000] {processor.py:183} INFO - Processing /opt/airflow/dags/weekly_summary_pipeline.py took 0.123 seconds
[2026-03-26T14:41:51.693+0000] {processor.py:161} INFO - Started process (PID=320) to work on /opt/airflow/dags/weekly_summary_pipeline.py
[2026-03-26T14:41:51.694+0000] {processor.py:830} INFO - Processing file /opt/airflow/dags/weekly_summary_pipeline.py for tasks to queue
[2026-03-26T14:41:51.695+0000] {logging_mixin.py:188} INFO - [2026-03-26T14:41:51.695+0000] {dagbag.py:538} INFO - Filling up the DagBag from /opt/airflow/dags/weekly_summary_pipeline.py
[2026-03-26T14:41:51.720+0000] {processor.py:840} INFO - DAG(s) 'weekly_summary_pipeline' retrieved from /opt/airflow/dags/weekly_summary_pipeline.py
[2026-03-26T14:41:51.764+0000] {logging_mixin.py:188} INFO - [2026-03-26T14:41:51.764+0000] {dag.py:3036} INFO - Sync 1 DAGs
[2026-03-26T14:41:51.790+0000] {logging_mixin.py:188} INFO - [2026-03-26T14:41:51.790+0000] {dag.py:3823} INFO - Setting next_dagrun for weekly_summary_pipeline to 2026-03-23 06:00:00+00:00, run_after=2026-03-30 06:00:00+00:00
[2026-03-26T14:41:51.811+0000] {processor.py:183} INFO - Processing /opt/airflow/dags/weekly_summary_pipeline.py took 0.121 seconds
[2026-03-26T14:42:22.053+0000] {processor.py:161} INFO - Started process (PID=343) to work on /opt/airflow/dags/weekly_summary_pipeline.py
[2026-03-26T14:42:22.054+0000] {processor.py:830} INFO - Processing file /opt/airflow/dags/weekly_summary_pipeline.py for tasks to queue
[2026-03-26T14:42:22.055+0000] {logging_mixin.py:188} INFO - [2026-03-26T14:42:22.055+0000] {dagbag.py:538} INFO - Filling up the DagBag from /opt/airflow/dags/weekly_summary_pipeline.py
[2026-03-26T14:42:22.077+0000] {processor.py:840} INFO - DAG(s) 'weekly_summary_pipeline' retrieved from /opt/airflow/dags/weekly_summary_pipeline.py
[2026-03-26T14:42:22.126+0000] {logging_mixin.py:188} INFO - [2026-03-26T14:42:22.126+0000] {dag.py:3036} INFO - Sync 1 DAGs
[2026-03-26T14:42:22.157+0000] {logging_mixin.py:188} INFO - [2026-03-26T14:42:22.157+0000] {dag.py:3823} INFO - Setting next_dagrun for weekly_summary_pipeline to 2026-03-23 06:00:00+00:00, run_after=2026-03-30 06:00:00+00:00
[2026-03-26T14:42:22.179+0000] {processor.py:183} INFO - Processing /opt/airflow/dags/weekly_summary_pipeline.py took 0.129 seconds
[2026-03-26T14:42:52.257+0000] {processor.py:161} INFO - Started process (PID=366) to work on /opt/airflow/dags/weekly_summary_pipeline.py
[2026-03-26T14:42:52.258+0000] {processor.py:830} INFO - Processing file /opt/airflow/dags/weekly_summary_pipeline.py for tasks to queue
[2026-03-26T14:42:52.259+0000] {logging_mixin.py:188} INFO - [2026-03-26T14:42:52.258+0000] {dagbag.py:538} INFO - Filling up the DagBag from /opt/airflow/dags/weekly_summary_pipeline.py
[2026-03-26T14:42:52.288+0000] {processor.py:840} INFO - DAG(s) 'weekly_summary_pipeline' retrieved from /opt/airflow/dags/weekly_summary_pipeline.py
[2026-03-26T14:42:52.322+0000] {logging_mixin.py:188} INFO - [2026-03-26T14:42:52.322+0000] {dag.py:3036} INFO - Sync 1 DAGs
[2026-03-26T14:42:52.347+0000] {logging_mixin.py:188} INFO - [2026-03-26T14:42:52.346+0000] {dag.py:3823} INFO - Setting next_dagrun for weekly_summary_pipeline to 2026-03-23 06:00:00+00:00, run_after=2026-03-30 06:00:00+00:00
[2026-03-26T14:42:52.368+0000] {processor.py:183} INFO - Processing /opt/airflow/dags/weekly_summary_pipeline.py took 0.116 seconds
[2026-03-26T14:43:22.629+0000] {processor.py:161} INFO - Started process (PID=381) to work on /opt/airflow/dags/weekly_summary_pipeline.py
[2026-03-26T14:43:22.631+0000] {processor.py:830} INFO - Processing file /opt/airflow/dags/weekly_summary_pipeline.py for tasks to queue
[2026-03-26T14:43:22.632+0000] {logging_mixin.py:188} INFO - [2026-03-26T14:43:22.631+0000] {dagbag.py:538} INFO - Filling up the DagBag from /opt/airflow/dags/weekly_summary_pipeline.py
[2026-03-26T14:43:22.666+0000] {processor.py:840} INFO - DAG(s) 'weekly_summary_pipeline' retrieved from /opt/airflow/dags/weekly_summary_pipeline.py
[2026-03-26T14:43:22.703+0000] {logging_mixin.py:188} INFO - [2026-03-26T14:43:22.703+0000] {dag.py:3036} INFO - Sync 1 DAGs
[2026-03-26T14:43:22.728+0000] {logging_mixin.py:188} INFO - [2026-03-26T14:43:22.728+0000] {dag.py:3823} INFO - Setting next_dagrun for weekly_summary_pipeline to 2026-03-23 06:00:00+00:00, run_after=2026-03-30 06:00:00+00:00
[2026-03-26T14:43:22.751+0000] {processor.py:183} INFO - Processing /opt/airflow/dags/weekly_summary_pipeline.py took 0.127 seconds
[2026-03-26T14:43:52.896+0000] {processor.py:161} INFO - Started process (PID=404) to work on /opt/airflow/dags/weekly_summary_pipeline.py
[2026-03-26T14:43:52.897+0000] {processor.py:830} INFO - Processing file /opt/airflow/dags/weekly_summary_pipeline.py for tasks to queue
[2026-03-26T14:43:52.898+0000] {logging_mixin.py:188} INFO - [2026-03-26T14:43:52.898+0000] {dagbag.py:538} INFO - Filling up the DagBag from /opt/airflow/dags/weekly_summary_pipeline.py
[2026-03-26T14:43:52.922+0000] {processor.py:840} INFO - DAG(s) 'weekly_summary_pipeline' retrieved from /opt/airflow/dags/weekly_summary_pipeline.py
[2026-03-26T14:43:52.953+0000] {logging_mixin.py:188} INFO - [2026-03-26T14:43:52.953+0000] {dag.py:3036} INFO - Sync 1 DAGs
[2026-03-26T14:43:52.977+0000] {logging_mixin.py:188} INFO - [2026-03-26T14:43:52.977+0000] {dag.py:3823} INFO - Setting next_dagrun for weekly_summary_pipeline to 2026-03-23 06:00:00+00:00, run_after=2026-03-30 06:00:00+00:00
[2026-03-26T14:43:52.998+0000] {processor.py:183} INFO - Processing /opt/airflow/dags/weekly_summary_pipeline.py took 0.104 seconds
[2026-03-26T14:44:23.112+0000] {processor.py:161} INFO - Started process (PID=427) to work on /opt/airflow/dags/weekly_summary_pipeline.py
[2026-03-26T14:44:23.115+0000] {processor.py:830} INFO - Processing file /opt/airflow/dags/weekly_summary_pipeline.py for tasks to queue
[2026-03-26T14:44:23.117+0000] {logging_mixin.py:188} INFO - [2026-03-26T14:44:23.116+0000] {dagbag.py:538} INFO - Filling up the DagBag from /opt/airflow/dags/weekly_summary_pipeline.py
[2026-03-26T14:44:23.149+0000] {processor.py:840} INFO - DAG(s) 'weekly_summary_pipeline' retrieved from /opt/airflow/dags/weekly_summary_pipeline.py
[2026-03-26T14:44:23.188+0000] {logging_mixin.py:188} INFO - [2026-03-26T14:44:23.187+0000] {dag.py:3036} INFO - Sync 1 DAGs
[2026-03-26T14:44:23.213+0000] {logging_mixin.py:188} INFO - [2026-03-26T14:44:23.213+0000] {dag.py:3823} INFO - Setting next_dagrun for weekly_summary_pipeline to 2026-03-23 06:00:00+00:00, run_after=2026-03-30 06:00:00+00:00
[2026-03-26T14:44:23.236+0000] {processor.py:183} INFO - Processing /opt/airflow/dags/weekly_summary_pipeline.py took 0.132 seconds
[2026-03-26T14:44:53.356+0000] {processor.py:161} INFO - Started process (PID=450) to work on /opt/airflow/dags/weekly_summary_pipeline.py
[2026-03-26T14:44:53.357+0000] {processor.py:830} INFO - Processing file /opt/airflow/dags/weekly_summary_pipeline.py for tasks to queue
[2026-03-26T14:44:53.358+0000] {logging_mixin.py:188} INFO - [2026-03-26T14:44:53.358+0000] {dagbag.py:538} INFO - Filling up the DagBag from /opt/airflow/dags/weekly_summary_pipeline.py
[2026-03-26T14:44:53.377+0000] {processor.py:840} INFO - DAG(s) 'weekly_summary_pipeline' retrieved from /opt/airflow/dags/weekly_summary_pipeline.py
[2026-03-26T14:44:53.409+0000] {logging_mixin.py:188} INFO - [2026-03-26T14:44:53.409+0000] {dag.py:3036} INFO - Sync 1 DAGs
[2026-03-26T14:44:53.436+0000] {logging_mixin.py:188} INFO - [2026-03-26T14:44:53.436+0000] {dag.py:3823} INFO - Setting next_dagrun for weekly_summary_pipeline to 2026-03-23 06:00:00+00:00, run_after=2026-03-30 06:00:00+00:00
[2026-03-26T14:44:53.458+0000] {processor.py:183} INFO - Processing /opt/airflow/dags/weekly_summary_pipeline.py took 0.106 seconds
[2026-03-26T14:45:23.557+0000] {processor.py:161} INFO - Started process (PID=473) to work on /opt/airflow/dags/weekly_summary_pipeline.py
[2026-03-26T14:45:23.558+0000] {processor.py:830} INFO - Processing file /opt/airflow/dags/weekly_summary_pipeline.py for tasks to queue
[2026-03-26T14:45:23.560+0000] {logging_mixin.py:188} INFO - [2026-03-26T14:45:23.560+0000] {dagbag.py:538} INFO - Filling up the DagBag from /opt/airflow/dags/weekly_summary_pipeline.py
[2026-03-26T14:45:23.581+0000] {processor.py:840} INFO - DAG(s) 'weekly_summary_pipeline' retrieved from /opt/airflow/dags/weekly_summary_pipeline.py
[2026-03-26T14:45:23.635+0000] {logging_mixin.py:188} INFO - [2026-03-26T14:45:23.635+0000] {dag.py:3036} INFO - Sync 1 DAGs
[2026-03-26T14:45:23.660+0000] {logging_mixin.py:188} INFO - [2026-03-26T14:45:23.660+0000] {dag.py:3823} INFO - Setting next_dagrun for weekly_summary_pipeline to 2026-03-23 06:00:00+00:00, run_after=2026-03-30 06:00:00+00:00
[2026-03-26T14:45:23.690+0000] {processor.py:183} INFO - Processing /opt/airflow/dags/weekly_summary_pipeline.py took 0.136 seconds
[2026-03-26T14:45:53.841+0000] {processor.py:161} INFO - Started process (PID=496) to work on /opt/airflow/dags/weekly_summary_pipeline.py
[2026-03-26T14:45:53.842+0000] {processor.py:830} INFO - Processing file /opt/airflow/dags/weekly_summary_pipeline.py for tasks to queue
[2026-03-26T14:45:53.843+0000] {logging_mixin.py:188} INFO - [2026-03-26T14:45:53.843+0000] {dagbag.py:538} INFO - Filling up the DagBag from /opt/airflow/dags/weekly_summary_pipeline.py
[2026-03-26T14:45:53.870+0000] {processor.py:840} INFO - DAG(s) 'weekly_summary_pipeline' retrieved from /opt/airflow/dags/weekly_summary_pipeline.py
[2026-03-26T14:45:53.903+0000] {logging_mixin.py:188} INFO - [2026-03-26T14:45:53.903+0000] {dag.py:3036} INFO - Sync 1 DAGs
[2026-03-26T14:45:53.930+0000] {logging_mixin.py:188} INFO - [2026-03-26T14:45:53.930+0000] {dag.py:3823} INFO - Setting next_dagrun for weekly_summary_pipeline to 2026-03-23 06:00:00+00:00, run_after=2026-03-30 06:00:00+00:00
[2026-03-26T14:45:53.959+0000] {processor.py:183} INFO - Processing /opt/airflow/dags/weekly_summary_pipeline.py took 0.121 seconds
[2026-03-26T14:46:24.088+0000] {processor.py:161} INFO - Started process (PID=519) to work on /opt/airflow/dags/weekly_summary_pipeline.py
[2026-03-26T14:46:24.089+0000] {processor.py:830} INFO - Processing file /opt/airflow/dags/weekly_summary_pipeline.py for tasks to queue
[2026-03-26T14:46:24.090+0000] {logging_mixin.py:188} INFO - [2026-03-26T14:46:24.090+0000] {dagbag.py:538} INFO - Filling up the DagBag from /opt/airflow/dags/weekly_summary_pipeline.py
[2026-03-26T14:46:24.113+0000] {processor.py:840} INFO - DAG(s) 'weekly_summary_pipeline' retrieved from /opt/airflow/dags/weekly_summary_pipeline.py
[2026-03-26T14:46:24.146+0000] {logging_mixin.py:188} INFO - [2026-03-26T14:46:24.146+0000] {dag.py:3036} INFO - Sync 1 DAGs
[2026-03-26T14:46:24.171+0000] {logging_mixin.py:188} INFO - [2026-03-26T14:46:24.170+0000] {dag.py:3823} INFO - Setting next_dagrun for weekly_summary_pipeline to 2026-03-23 06:00:00+00:00, run_after=2026-03-30 06:00:00+00:00
[2026-03-26T14:46:24.191+0000] {processor.py:183} INFO - Processing /opt/airflow/dags/weekly_summary_pipeline.py took 0.106 seconds
[2026-03-26T14:46:54.290+0000] {processor.py:161} INFO - Started process (PID=542) to work on /opt/airflow/dags/weekly_summary_pipeline.py
[2026-03-26T14:46:54.291+0000] {processor.py:830} INFO - Processing file /opt/airflow/dags/weekly_summary_pipeline.py for tasks to queue
[2026-03-26T14:46:54.292+0000] {logging_mixin.py:188} INFO - [2026-03-26T14:46:54.292+0000] {dagbag.py:538} INFO - Filling up the DagBag from /opt/airflow/dags/weekly_summary_pipeline.py
[2026-03-26T14:46:54.309+0000] {processor.py:840} INFO - DAG(s) 'weekly_summary_pipeline' retrieved from /opt/airflow/dags/weekly_summary_pipeline.py
[2026-03-26T14:46:54.338+0000] {logging_mixin.py:188} INFO - [2026-03-26T14:46:54.338+0000] {dag.py:3036} INFO - Sync 1 DAGs
[2026-03-26T14:46:54.362+0000] {logging_mixin.py:188} INFO - [2026-03-26T14:46:54.362+0000] {dag.py:3823} INFO - Setting next_dagrun for weekly_summary_pipeline to 2026-03-23 06:00:00+00:00, run_after=2026-03-30 06:00:00+00:00
[2026-03-26T14:46:54.386+0000] {processor.py:183} INFO - Processing /opt/airflow/dags/weekly_summary_pipeline.py took 0.099 seconds
[2026-03-26T14:47:24.460+0000] {processor.py:161} INFO - Started process (PID=565) to work on /opt/airflow/dags/weekly_summary_pipeline.py
[2026-03-26T14:47:24.461+0000] {processor.py:830} INFO - Processing file /opt/airflow/dags/weekly_summary_pipeline.py for tasks to queue
[2026-03-26T14:47:24.462+0000] {logging_mixin.py:188} INFO - [2026-03-26T14:47:24.462+0000] {dagbag.py:538} INFO - Filling up the DagBag from /opt/airflow/dags/weekly_summary_pipeline.py
[2026-03-26T14:47:24.484+0000] {processor.py:840} INFO - DAG(s) 'weekly_summary_pipeline' retrieved from /opt/airflow/dags/weekly_summary_pipeline.py
[2026-03-26T14:47:24.515+0000] {logging_mixin.py:188} INFO - [2026-03-26T14:47:24.515+0000] {dag.py:3036} INFO - Sync 1 DAGs
[2026-03-26T14:47:24.539+0000] {logging_mixin.py:188} INFO - [2026-03-26T14:47:24.539+0000] {dag.py:3823} INFO - Setting next_dagrun for weekly_summary_pipeline to 2026-03-23 06:00:00+00:00, run_after=2026-03-30 06:00:00+00:00
[2026-03-26T14:47:24.560+0000] {processor.py:183} INFO - Processing /opt/airflow/dags/weekly_summary_pipeline.py took 0.104 seconds
[2026-03-26T14:47:54.745+0000] {processor.py:161} INFO - Started process (PID=580) to work on /opt/airflow/dags/weekly_summary_pipeline.py
[2026-03-26T14:47:54.746+0000] {processor.py:830} INFO - Processing file /opt/airflow/dags/weekly_summary_pipeline.py for tasks to queue
[2026-03-26T14:47:54.747+0000] {logging_mixin.py:188} INFO - [2026-03-26T14:47:54.746+0000] {dagbag.py:538} INFO - Filling up the DagBag from /opt/airflow/dags/weekly_summary_pipeline.py
[2026-03-26T14:47:54.770+0000] {processor.py:840} INFO - DAG(s) 'weekly_summary_pipeline' retrieved from /opt/airflow/dags/weekly_summary_pipeline.py
[2026-03-26T14:47:54.800+0000] {logging_mixin.py:188} INFO - [2026-03-26T14:47:54.800+0000] {dag.py:3036} INFO - Sync 1 DAGs
[2026-03-26T14:47:54.823+0000] {logging_mixin.py:188} INFO - [2026-03-26T14:47:54.823+0000] {dag.py:3823} INFO - Setting next_dagrun for weekly_summary_pipeline to 2026-03-23 06:00:00+00:00, run_after=2026-03-30 06:00:00+00:00
[2026-03-26T14:47:54.847+0000] {processor.py:183} INFO - Processing /opt/airflow/dags/weekly_summary_pipeline.py took 0.107 seconds
[2026-03-26T14:48:24.984+0000] {processor.py:161} INFO - Started process (PID=603) to work on /opt/airflow/dags/weekly_summary_pipeline.py
[2026-03-26T14:48:24.985+0000] {processor.py:830} INFO - Processing file /opt/airflow/dags/weekly_summary_pipeline.py for tasks to queue
[2026-03-26T14:48:24.987+0000] {logging_mixin.py:188} INFO - [2026-03-26T14:48:24.986+0000] {dagbag.py:538} INFO - Filling up the DagBag from /opt/airflow/dags/weekly_summary_pipeline.py
[2026-03-26T14:48:25.007+0000] {processor.py:840} INFO - DAG(s) 'weekly_summary_pipeline' retrieved from /opt/airflow/dags/weekly_summary_pipeline.py
[2026-03-26T14:48:25.038+0000] {logging_mixin.py:188} INFO - [2026-03-26T14:48:25.038+0000] {dag.py:3036} INFO - Sync 1 DAGs
[2026-03-26T14:48:25.060+0000] {logging_mixin.py:188} INFO - [2026-03-26T14:48:25.060+0000] {dag.py:3823} INFO - Setting next_dagrun for weekly_summary_pipeline to 2026-03-23 06:00:00+00:00, run_after=2026-03-30 06:00:00+00:00
[2026-03-26T14:48:25.082+0000] {processor.py:183} INFO - Processing /opt/airflow/dags/weekly_summary_pipeline.py took 0.101 seconds
[2026-03-26T14:48:55.228+0000] {processor.py:161} INFO - Started process (PID=632) to work on /opt/airflow/dags/weekly_summary_pipeline.py
[2026-03-26T14:48:55.230+0000] {processor.py:830} INFO - Processing file /opt/airflow/dags/weekly_summary_pipeline.py for tasks to queue
[2026-03-26T14:48:55.231+0000] {logging_mixin.py:188} INFO - [2026-03-26T14:48:55.231+0000] {dagbag.py:538} INFO - Filling up the DagBag from /opt/airflow/dags/weekly_summary_pipeline.py
[2026-03-26T14:48:55.261+0000] {processor.py:840} INFO - DAG(s) 'weekly_summary_pipeline' retrieved from /opt/airflow/dags/weekly_summary_pipeline.py
[2026-03-26T14:48:55.304+0000] {logging_mixin.py:188} INFO - [2026-03-26T14:48:55.304+0000] {dag.py:3036} INFO - Sync 1 DAGs
[2026-03-26T14:48:55.336+0000] {logging_mixin.py:188} INFO - [2026-03-26T14:48:55.335+0000] {dag.py:3823} INFO - Setting next_dagrun for weekly_summary_pipeline to 2026-03-23 06:00:00+00:00, run_after=2026-03-30 06:00:00+00:00
[2026-03-26T14:48:55.372+0000] {processor.py:183} INFO - Processing /opt/airflow/dags/weekly_summary_pipeline.py took 0.149 seconds
[2026-03-26T14:49:25.468+0000] {processor.py:161} INFO - Started process (PID=655) to work on /opt/airflow/dags/weekly_summary_pipeline.py
[2026-03-26T14:49:25.469+0000] {processor.py:830} INFO - Processing file /opt/airflow/dags/weekly_summary_pipeline.py for tasks to queue
[2026-03-26T14:49:25.470+0000] {logging_mixin.py:188} INFO - [2026-03-26T14:49:25.470+0000] {dagbag.py:538} INFO - Filling up the DagBag from /opt/airflow/dags/weekly_summary_pipeline.py
[2026-03-26T14:49:25.490+0000] {processor.py:840} INFO - DAG(s) 'weekly_summary_pipeline' retrieved from /opt/airflow/dags/weekly_summary_pipeline.py
[2026-03-26T14:49:25.516+0000] {logging_mixin.py:188} INFO - [2026-03-26T14:49:25.516+0000] {dag.py:3036} INFO - Sync 1 DAGs
[2026-03-26T14:49:25.537+0000] {logging_mixin.py:188} INFO - [2026-03-26T14:49:25.537+0000] {dag.py:3823} INFO - Setting next_dagrun for weekly_summary_pipeline to 2026-03-23 06:00:00+00:00, run_after=2026-03-30 06:00:00+00:00
[2026-03-26T14:49:25.563+0000] {processor.py:183} INFO - Processing /opt/airflow/dags/weekly_summary_pipeline.py took 0.098 seconds
[2026-03-26T14:49:55.729+0000] {processor.py:161} INFO - Started process (PID=678) to work on /opt/airflow/dags/weekly_summary_pipeline.py
[2026-03-26T14:49:55.731+0000] {processor.py:830} INFO - Processing file /opt/airflow/dags/weekly_summary_pipeline.py for tasks to queue
[2026-03-26T14:49:55.732+0000] {logging_mixin.py:188} INFO - [2026-03-26T14:49:55.731+0000] {dagbag.py:538} INFO - Filling up the DagBag from /opt/airflow/dags/weekly_summary_pipeline.py
[2026-03-26T14:49:55.754+0000] {processor.py:840} INFO - DAG(s) 'weekly_summary_pipeline' retrieved from /opt/airflow/dags/weekly_summary_pipeline.py
[2026-03-26T14:49:55.782+0000] {logging_mixin.py:188} INFO - [2026-03-26T14:49:55.782+0000] {dag.py:3036} INFO - Sync 1 DAGs
[2026-03-26T14:49:55.805+0000] {logging_mixin.py:188} INFO - [2026-03-26T14:49:55.805+0000] {dag.py:3823} INFO - Setting next_dagrun for weekly_summary_pipeline to 2026-03-23 06:00:00+00:00, run_after=2026-03-30 06:00:00+00:00
[2026-03-26T14:49:55.825+0000] {processor.py:183} INFO - Processing /opt/airflow/dags/weekly_summary_pipeline.py took 0.099 seconds
[2026-03-26T14:50:25.958+0000] {processor.py:161} INFO - Started process (PID=701) to work on /opt/airflow/dags/weekly_summary_pipeline.py
[2026-03-26T14:50:25.959+0000] {processor.py:830} INFO - Processing file /opt/airflow/dags/weekly_summary_pipeline.py for tasks to queue
[2026-03-26T14:50:25.962+0000] {logging_mixin.py:188} INFO - [2026-03-26T14:50:25.961+0000] {dagbag.py:538} INFO - Filling up the DagBag from /opt/airflow/dags/weekly_summary_pipeline.py
[2026-03-26T14:50:25.982+0000] {processor.py:840} INFO - DAG(s) 'weekly_summary_pipeline' retrieved from /opt/airflow/dags/weekly_summary_pipeline.py
[2026-03-26T14:50:26.022+0000] {logging_mixin.py:188} INFO - [2026-03-26T14:50:26.022+0000] {dag.py:3036} INFO - Sync 1 DAGs
[2026-03-26T14:50:26.048+0000] {logging_mixin.py:188} INFO - [2026-03-26T14:50:26.048+0000] {dag.py:3823} INFO - Setting next_dagrun for weekly_summary_pipeline to 2026-03-23 06:00:00+00:00, run_after=2026-03-30 06:00:00+00:00
[2026-03-26T14:50:26.075+0000] {processor.py:183} INFO - Processing /opt/airflow/dags/weekly_summary_pipeline.py took 0.120 seconds
[2026-03-26T14:50:56.112+0000] {processor.py:161} INFO - Started process (PID=724) to work on /opt/airflow/dags/weekly_summary_pipeline.py
[2026-03-26T14:50:56.113+0000] {processor.py:830} INFO - Processing file /opt/airflow/dags/weekly_summary_pipeline.py for tasks to queue
[2026-03-26T14:50:56.114+0000] {logging_mixin.py:188} INFO - [2026-03-26T14:50:56.114+0000] {dagbag.py:538} INFO - Filling up the DagBag from /opt/airflow/dags/weekly_summary_pipeline.py
[2026-03-26T14:50:56.135+0000] {processor.py:840} INFO - DAG(s) 'weekly_summary_pipeline' retrieved from /opt/airflow/dags/weekly_summary_pipeline.py
[2026-03-26T14:50:56.160+0000] {logging_mixin.py:188} INFO - [2026-03-26T14:50:56.160+0000] {dag.py:3036} INFO - Sync 1 DAGs
[2026-03-26T14:50:56.180+0000] {logging_mixin.py:188} INFO - [2026-03-26T14:50:56.180+0000] {dag.py:3823} INFO - Setting next_dagrun for weekly_summary_pipeline to 2026-03-23 06:00:00+00:00, run_after=2026-03-30 06:00:00+00:00
[2026-03-26T14:50:56.198+0000] {processor.py:183} INFO - Processing /opt/airflow/dags/weekly_summary_pipeline.py took 0.089 seconds
[2026-03-26T14:51:27.396+0000] {processor.py:161} INFO - Started process (PID=747) to work on /opt/airflow/dags/weekly_summary_pipeline.py
[2026-03-26T14:51:27.397+0000] {processor.py:830} INFO - Processing file /opt/airflow/dags/weekly_summary_pipeline.py for tasks to queue
[2026-03-26T14:51:27.398+0000] {logging_mixin.py:188} INFO - [2026-03-26T14:51:27.398+0000] {dagbag.py:538} INFO - Filling up the DagBag from /opt/airflow/dags/weekly_summary_pipeline.py
[2026-03-26T14:51:27.420+0000] {processor.py:840} INFO - DAG(s) 'weekly_summary_pipeline' retrieved from /opt/airflow/dags/weekly_summary_pipeline.py
[2026-03-26T14:51:27.449+0000] {logging_mixin.py:188} INFO - [2026-03-26T14:51:27.448+0000] {dag.py:3036} INFO - Sync 1 DAGs
[2026-03-26T14:51:27.469+0000] {logging_mixin.py:188} INFO - [2026-03-26T14:51:27.469+0000] {dag.py:3823} INFO - Setting next_dagrun for weekly_summary_pipeline to 2026-03-23 06:00:00+00:00, run_after=2026-03-30 06:00:00+00:00
[2026-03-26T14:51:27.486+0000] {processor.py:183} INFO - Processing /opt/airflow/dags/weekly_summary_pipeline.py took 0.093 seconds
[2026-03-26T14:51:57.526+0000] {processor.py:161} INFO - Started process (PID=762) to work on /opt/airflow/dags/weekly_summary_pipeline.py
[2026-03-26T14:51:57.527+0000] {processor.py:830} INFO - Processing file /opt/airflow/dags/weekly_summary_pipeline.py for tasks to queue
[2026-03-26T14:51:57.528+0000] {logging_mixin.py:188} INFO - [2026-03-26T14:51:57.527+0000] {dagbag.py:538} INFO - Filling up the DagBag from /opt/airflow/dags/weekly_summary_pipeline.py
[2026-03-26T14:51:57.549+0000] {processor.py:840} INFO - DAG(s) 'weekly_summary_pipeline' retrieved from /opt/airflow/dags/weekly_summary_pipeline.py
[2026-03-26T14:51:57.574+0000] {logging_mixin.py:188} INFO - [2026-03-26T14:51:57.574+0000] {dag.py:3036} INFO - Sync 1 DAGs
[2026-03-26T14:51:57.597+0000] {logging_mixin.py:188} INFO - [2026-03-26T14:51:57.597+0000] {dag.py:3823} INFO - Setting next_dagrun for weekly_summary_pipeline to 2026-03-23 06:00:00+00:00, run_after=2026-03-30 06:00:00+00:00
[2026-03-26T14:51:57.615+0000] {processor.py:183} INFO - Processing /opt/airflow/dags/weekly_summary_pipeline.py took 0.092 seconds
[2026-03-26T14:52:27.955+0000] {processor.py:161} INFO - Started process (PID=785) to work on /opt/airflow/dags/weekly_summary_pipeline.py
[2026-03-26T14:52:27.956+0000] {processor.py:830} INFO - Processing file /opt/airflow/dags/weekly_summary_pipeline.py for tasks to queue
[2026-03-26T14:52:27.957+0000] {logging_mixin.py:188} INFO - [2026-03-26T14:52:27.957+0000] {dagbag.py:538} INFO - Filling up the DagBag from /opt/airflow/dags/weekly_summary_pipeline.py
[2026-03-26T14:52:27.975+0000] {processor.py:840} INFO - DAG(s) 'weekly_summary_pipeline' retrieved from /opt/airflow/dags/weekly_summary_pipeline.py
[2026-03-26T14:52:28.003+0000] {logging_mixin.py:188} INFO - [2026-03-26T14:52:28.003+0000] {dag.py:3036} INFO - Sync 1 DAGs
[2026-03-26T14:52:28.026+0000] {logging_mixin.py:188} INFO - [2026-03-26T14:52:28.026+0000] {dag.py:3823} INFO - Setting next_dagrun for weekly_summary_pipeline to 2026-03-23 06:00:00+00:00, run_after=2026-03-30 06:00:00+00:00
[2026-03-26T14:52:28.045+0000] {processor.py:183} INFO - Processing /opt/airflow/dags/weekly_summary_pipeline.py took 0.093 seconds
[2026-03-26T14:52:58.200+0000] {processor.py:161} INFO - Started process (PID=808) to work on /opt/airflow/dags/weekly_summary_pipeline.py
[2026-03-26T14:52:58.201+0000] {processor.py:830} INFO - Processing file /opt/airflow/dags/weekly_summary_pipeline.py for tasks to queue
[2026-03-26T14:52:58.203+0000] {logging_mixin.py:188} INFO - [2026-03-26T14:52:58.202+0000] {dagbag.py:538} INFO - Filling up the DagBag from /opt/airflow/dags/weekly_summary_pipeline.py
[2026-03-26T14:52:58.222+0000] {processor.py:840} INFO - DAG(s) 'weekly_summary_pipeline' retrieved from /opt/airflow/dags/weekly_summary_pipeline.py
[2026-03-26T14:52:58.250+0000] {logging_mixin.py:188} INFO - [2026-03-26T14:52:58.250+0000] {dag.py:3036} INFO - Sync 1 DAGs
[2026-03-26T14:52:58.272+0000] {logging_mixin.py:188} INFO - [2026-03-26T14:52:58.271+0000] {dag.py:3823} INFO - Setting next_dagrun for weekly_summary_pipeline to 2026-03-23 06:00:00+00:00, run_after=2026-03-30 06:00:00+00:00
[2026-03-26T14:52:58.289+0000] {processor.py:183} INFO - Processing /opt/airflow/dags/weekly_summary_pipeline.py took 0.092 seconds
[2026-03-26T14:53:28.347+0000] {processor.py:161} INFO - Started process (PID=831) to work on /opt/airflow/dags/weekly_summary_pipeline.py
[2026-03-26T14:53:28.348+0000] {processor.py:830} INFO - Processing file /opt/airflow/dags/weekly_summary_pipeline.py for tasks to queue
[2026-03-26T14:53:28.349+0000] {logging_mixin.py:188} INFO - [2026-03-26T14:53:28.349+0000] {dagbag.py:538} INFO - Filling up the DagBag from /opt/airflow/dags/weekly_summary_pipeline.py
[2026-03-26T14:53:28.369+0000] {processor.py:840} INFO - DAG(s) 'weekly_summary_pipeline' retrieved from /opt/airflow/dags/weekly_summary_pipeline.py
[2026-03-26T14:53:28.402+0000] {logging_mixin.py:188} INFO - [2026-03-26T14:53:28.401+0000] {dag.py:3036} INFO - Sync 1 DAGs
[2026-03-26T14:53:28.438+0000] {logging_mixin.py:188} INFO - [2026-03-26T14:53:28.438+0000] {dag.py:3823} INFO - Setting next_dagrun for weekly_summary_pipeline to 2026-03-23 06:00:00+00:00, run_after=2026-03-30 06:00:00+00:00
[2026-03-26T14:53:28.485+0000] {processor.py:183} INFO - Processing /opt/airflow/dags/weekly_summary_pipeline.py took 0.140 seconds
[2026-03-26T14:53:58.777+0000] {processor.py:161} INFO - Started process (PID=854) to work on /opt/airflow/dags/weekly_summary_pipeline.py
[2026-03-26T14:53:58.779+0000] {processor.py:830} INFO - Processing file /opt/airflow/dags/weekly_summary_pipeline.py for tasks to queue
[2026-03-26T14:53:58.780+0000] {logging_mixin.py:188} INFO - [2026-03-26T14:53:58.779+0000] {dagbag.py:538} INFO - Filling up the DagBag from /opt/airflow/dags/weekly_summary_pipeline.py
[2026-03-26T14:53:58.800+0000] {processor.py:840} INFO - DAG(s) 'weekly_summary_pipeline' retrieved from /opt/airflow/dags/weekly_summary_pipeline.py
[2026-03-26T14:53:58.840+0000] {logging_mixin.py:188} INFO - [2026-03-26T14:53:58.839+0000] {dag.py:3036} INFO - Sync 1 DAGs
[2026-03-26T14:53:58.868+0000] {logging_mixin.py:188} INFO - [2026-03-26T14:53:58.867+0000] {dag.py:3823} INFO - Setting next_dagrun for weekly_summary_pipeline to 2026-03-23 06:00:00+00:00, run_after=2026-03-30 06:00:00+00:00
[2026-03-26T14:53:58.890+0000] {processor.py:183} INFO - Processing /opt/airflow/dags/weekly_summary_pipeline.py took 0.116 seconds
[2026-03-26T14:54:29.008+0000] {processor.py:161} INFO - Started process (PID=877) to work on /opt/airflow/dags/weekly_summary_pipeline.py
[2026-03-26T14:54:29.009+0000] {processor.py:830} INFO - Processing file /opt/airflow/dags/weekly_summary_pipeline.py for tasks to queue
[2026-03-26T14:54:29.010+0000] {logging_mixin.py:188} INFO - [2026-03-26T14:54:29.010+0000] {dagbag.py:538} INFO - Filling up the DagBag from /opt/airflow/dags/weekly_summary_pipeline.py
[2026-03-26T14:54:29.040+0000] {processor.py:840} INFO - DAG(s) 'weekly_summary_pipeline' retrieved from /opt/airflow/dags/weekly_summary_pipeline.py
[2026-03-26T14:54:29.075+0000] {logging_mixin.py:188} INFO - [2026-03-26T14:54:29.075+0000] {dag.py:3036} INFO - Sync 1 DAGs
[2026-03-26T14:54:29.103+0000] {logging_mixin.py:188} INFO - [2026-03-26T14:54:29.103+0000] {dag.py:3823} INFO - Setting next_dagrun for weekly_summary_pipeline to 2026-03-23 06:00:00+00:00, run_after=2026-03-30 06:00:00+00:00
[2026-03-26T14:54:29.123+0000] {processor.py:183} INFO - Processing /opt/airflow/dags/weekly_summary_pipeline.py took 0.118 seconds
[2026-03-26T14:54:59.271+0000] {processor.py:161} INFO - Started process (PID=900) to work on /opt/airflow/dags/weekly_summary_pipeline.py
[2026-03-26T14:54:59.272+0000] {processor.py:830} INFO - Processing file /opt/airflow/dags/weekly_summary_pipeline.py for tasks to queue
[2026-03-26T14:54:59.273+0000] {logging_mixin.py:188} INFO - [2026-03-26T14:54:59.273+0000] {dagbag.py:538} INFO - Filling up the DagBag from /opt/airflow/dags/weekly_summary_pipeline.py
[2026-03-26T14:54:59.294+0000] {processor.py:840} INFO - DAG(s) 'weekly_summary_pipeline' retrieved from /opt/airflow/dags/weekly_summary_pipeline.py
[2026-03-26T14:54:59.322+0000] {logging_mixin.py:188} INFO - [2026-03-26T14:54:59.322+0000] {dag.py:3036} INFO - Sync 1 DAGs
[2026-03-26T14:54:59.346+0000] {logging_mixin.py:188} INFO - [2026-03-26T14:54:59.346+0000] {dag.py:3823} INFO - Setting next_dagrun for weekly_summary_pipeline to 2026-03-23 06:00:00+00:00, run_after=2026-03-30 06:00:00+00:00
[2026-03-26T14:54:59.365+0000] {processor.py:183} INFO - Processing /opt/airflow/dags/weekly_summary_pipeline.py took 0.097 seconds
[2026-03-26T14:55:29.407+0000] {processor.py:161} INFO - Started process (PID=923) to work on /opt/airflow/dags/weekly_summary_pipeline.py
[2026-03-26T14:55:29.408+0000] {processor.py:830} INFO - Processing file /opt/airflow/dags/weekly_summary_pipeline.py for tasks to queue
[2026-03-26T14:55:29.409+0000] {logging_mixin.py:188} INFO - [2026-03-26T14:55:29.408+0000] {dagbag.py:538} INFO - Filling up the DagBag from /opt/airflow/dags/weekly_summary_pipeline.py
[2026-03-26T14:55:29.427+0000] {processor.py:840} INFO - DAG(s) 'weekly_summary_pipeline' retrieved from /opt/airflow/dags/weekly_summary_pipeline.py
[2026-03-26T14:55:29.456+0000] {logging_mixin.py:188} INFO - [2026-03-26T14:55:29.456+0000] {dag.py:3036} INFO - Sync 1 DAGs
[2026-03-26T14:55:29.479+0000] {logging_mixin.py:188} INFO - [2026-03-26T14:55:29.479+0000] {dag.py:3823} INFO - Setting next_dagrun for weekly_summary_pipeline to 2026-03-23 06:00:00+00:00, run_after=2026-03-30 06:00:00+00:00
[2026-03-26T14:55:29.505+0000] {processor.py:183} INFO - Processing /opt/airflow/dags/weekly_summary_pipeline.py took 0.101 seconds
[2026-03-26T14:55:59.672+0000] {processor.py:161} INFO - Started process (PID=946) to work on /opt/airflow/dags/weekly_summary_pipeline.py
[2026-03-26T14:55:59.673+0000] {processor.py:830} INFO - Processing file /opt/airflow/dags/weekly_summary_pipeline.py for tasks to queue
[2026-03-26T14:55:59.674+0000] {logging_mixin.py:188} INFO - [2026-03-26T14:55:59.673+0000] {dagbag.py:538} INFO - Filling up the DagBag from /opt/airflow/dags/weekly_summary_pipeline.py
[2026-03-26T14:55:59.697+0000] {processor.py:840} INFO - DAG(s) 'weekly_summary_pipeline' retrieved from /opt/airflow/dags/weekly_summary_pipeline.py
[2026-03-26T14:55:59.725+0000] {logging_mixin.py:188} INFO - [2026-03-26T14:55:59.724+0000] {dag.py:3036} INFO - Sync 1 DAGs
[2026-03-26T14:55:59.747+0000] {logging_mixin.py:188} INFO - [2026-03-26T14:55:59.746+0000] {dag.py:3823} INFO - Setting next_dagrun for weekly_summary_pipeline to 2026-03-23 06:00:00+00:00, run_after=2026-03-30 06:00:00+00:00
[2026-03-26T14:55:59.767+0000] {processor.py:183} INFO - Processing /opt/airflow/dags/weekly_summary_pipeline.py took 0.099 seconds
[2026-03-26T14:56:29.881+0000] {processor.py:161} INFO - Started process (PID=961) to work on /opt/airflow/dags/weekly_summary_pipeline.py
[2026-03-26T14:56:29.882+0000] {processor.py:830} INFO - Processing file /opt/airflow/dags/weekly_summary_pipeline.py for tasks to queue
[2026-03-26T14:56:29.883+0000] {logging_mixin.py:188} INFO - [2026-03-26T14:56:29.883+0000] {dagbag.py:538} INFO - Filling up the DagBag from /opt/airflow/dags/weekly_summary_pipeline.py
[2026-03-26T14:56:29.909+0000] {processor.py:840} INFO - DAG(s) 'weekly_summary_pipeline' retrieved from /opt/airflow/dags/weekly_summary_pipeline.py
[2026-03-26T14:56:29.950+0000] {logging_mixin.py:188} INFO - [2026-03-26T14:56:29.950+0000] {dag.py:3036} INFO - Sync 1 DAGs
[2026-03-26T14:56:29.981+0000] {logging_mixin.py:188} INFO - [2026-03-26T14:56:29.980+0000] {dag.py:3823} INFO - Setting next_dagrun for weekly_summary_pipeline to 2026-03-23 06:00:00+00:00, run_after=2026-03-30 06:00:00+00:00
[2026-03-26T14:56:30.007+0000] {processor.py:183} INFO - Processing /opt/airflow/dags/weekly_summary_pipeline.py took 0.129 seconds
[2026-03-26T14:57:00.162+0000] {processor.py:161} INFO - Started process (PID=984) to work on /opt/airflow/dags/weekly_summary_pipeline.py
[2026-03-26T14:57:00.163+0000] {processor.py:830} INFO - Processing file /opt/airflow/dags/weekly_summary_pipeline.py for tasks to queue
[2026-03-26T14:57:00.164+0000] {logging_mixin.py:188} INFO - [2026-03-26T14:57:00.164+0000] {dagbag.py:538} INFO - Filling up the DagBag from /opt/airflow/dags/weekly_summary_pipeline.py
[2026-03-26T14:57:00.187+0000] {processor.py:840} INFO - DAG(s) 'weekly_summary_pipeline' retrieved from /opt/airflow/dags/weekly_summary_pipeline.py
[2026-03-26T14:57:00.226+0000] {logging_mixin.py:188} INFO - [2026-03-26T14:57:00.226+0000] {dag.py:3036} INFO - Sync 1 DAGs
[2026-03-26T14:57:00.252+0000] {logging_mixin.py:188} INFO - [2026-03-26T14:57:00.251+0000] {dag.py:3823} INFO - Setting next_dagrun for weekly_summary_pipeline to 2026-03-23 06:00:00+00:00, run_after=2026-03-30 06:00:00+00:00
[2026-03-26T14:57:00.272+0000] {processor.py:183} INFO - Processing /opt/airflow/dags/weekly_summary_pipeline.py took 0.112 seconds
[2026-03-26T14:57:30.353+0000] {processor.py:161} INFO - Started process (PID=1007) to work on /opt/airflow/dags/weekly_summary_pipeline.py
[2026-03-26T14:57:30.354+0000] {processor.py:830} INFO - Processing file /opt/airflow/dags/weekly_summary_pipeline.py for tasks to queue
[2026-03-26T14:57:30.355+0000] {logging_mixin.py:188} INFO - [2026-03-26T14:57:30.355+0000] {dagbag.py:538} INFO - Filling up the DagBag from /opt/airflow/dags/weekly_summary_pipeline.py
[2026-03-26T14:57:30.374+0000] {processor.py:840} INFO - DAG(s) 'weekly_summary_pipeline' retrieved from /opt/airflow/dags/weekly_summary_pipeline.py
[2026-03-26T14:57:30.402+0000] {logging_mixin.py:188} INFO - [2026-03-26T14:57:30.401+0000] {dag.py:3036} INFO - Sync 1 DAGs
[2026-03-26T14:57:30.425+0000] {logging_mixin.py:188} INFO - [2026-03-26T14:57:30.425+0000] {dag.py:3823} INFO - Setting next_dagrun for weekly_summary_pipeline to 2026-03-23 06:00:00+00:00, run_after=2026-03-30 06:00:00+00:00
[2026-03-26T14:57:30.445+0000] {processor.py:183} INFO - Processing /opt/airflow/dags/weekly_summary_pipeline.py took 0.094 seconds
[2026-03-26T14:58:00.531+0000] {processor.py:161} INFO - Started process (PID=1030) to work on /opt/airflow/dags/weekly_summary_pipeline.py
[2026-03-26T14:58:00.532+0000] {processor.py:830} INFO - Processing file /opt/airflow/dags/weekly_summary_pipeline.py for tasks to queue
[2026-03-26T14:58:00.533+0000] {logging_mixin.py:188} INFO - [2026-03-26T14:58:00.533+0000] {dagbag.py:538} INFO - Filling up the DagBag from /opt/airflow/dags/weekly_summary_pipeline.py
[2026-03-26T14:58:00.553+0000] {processor.py:840} INFO - DAG(s) 'weekly_summary_pipeline' retrieved from /opt/airflow/dags/weekly_summary_pipeline.py
[2026-03-26T14:58:00.581+0000] {logging_mixin.py:188} INFO - [2026-03-26T14:58:00.581+0000] {dag.py:3036} INFO - Sync 1 DAGs
[2026-03-26T14:58:00.604+0000] {logging_mixin.py:188} INFO - [2026-03-26T14:58:00.604+0000] {dag.py:3823} INFO - Setting next_dagrun for weekly_summary_pipeline to 2026-03-23 06:00:00+00:00, run_after=2026-03-30 06:00:00+00:00
[2026-03-26T14:58:00.624+0000] {processor.py:183} INFO - Processing /opt/airflow/dags/weekly_summary_pipeline.py took 0.096 seconds
[2026-03-26T14:58:30.734+0000] {processor.py:161} INFO - Started process (PID=1053) to work on /opt/airflow/dags/weekly_summary_pipeline.py
[2026-03-26T14:58:30.735+0000] {processor.py:830} INFO - Processing file /opt/airflow/dags/weekly_summary_pipeline.py for tasks to queue
[2026-03-26T14:58:30.736+0000] {logging_mixin.py:188} INFO - [2026-03-26T14:58:30.736+0000] {dagbag.py:538} INFO - Filling up the DagBag from /opt/airflow/dags/weekly_summary_pipeline.py
[2026-03-26T14:58:30.756+0000] {processor.py:840} INFO - DAG(s) 'weekly_summary_pipeline' retrieved from /opt/airflow/dags/weekly_summary_pipeline.py
[2026-03-26T14:58:30.793+0000] {logging_mixin.py:188} INFO - [2026-03-26T14:58:30.793+0000] {dag.py:3036} INFO - Sync 1 DAGs
[2026-03-26T14:58:30.820+0000] {logging_mixin.py:188} INFO - [2026-03-26T14:58:30.820+0000] {dag.py:3823} INFO - Setting next_dagrun for weekly_summary_pipeline to 2026-03-23 06:00:00+00:00, run_after=2026-03-30 06:00:00+00:00
[2026-03-26T14:58:30.842+0000] {processor.py:183} INFO - Processing /opt/airflow/dags/weekly_summary_pipeline.py took 0.111 seconds
[2026-03-26T14:59:01.042+0000] {processor.py:161} INFO - Started process (PID=1076) to work on /opt/airflow/dags/weekly_summary_pipeline.py
[2026-03-26T14:59:01.043+0000] {processor.py:830} INFO - Processing file /opt/airflow/dags/weekly_summary_pipeline.py for tasks to queue
[2026-03-26T14:59:01.045+0000] {logging_mixin.py:188} INFO - [2026-03-26T14:59:01.045+0000] {dagbag.py:538} INFO - Filling up the DagBag from /opt/airflow/dags/weekly_summary_pipeline.py
[2026-03-26T14:59:01.074+0000] {processor.py:840} INFO - DAG(s) 'weekly_summary_pipeline' retrieved from /opt/airflow/dags/weekly_summary_pipeline.py
[2026-03-26T14:59:01.124+0000] {logging_mixin.py:188} INFO - [2026-03-26T14:59:01.123+0000] {dag.py:3036} INFO - Sync 1 DAGs
[2026-03-26T14:59:01.158+0000] {logging_mixin.py:188} INFO - [2026-03-26T14:59:01.158+0000] {dag.py:3823} INFO - Setting next_dagrun for weekly_summary_pipeline to 2026-03-23 06:00:00+00:00, run_after=2026-03-30 06:00:00+00:00
[2026-03-26T14:59:01.178+0000] {processor.py:183} INFO - Processing /opt/airflow/dags/weekly_summary_pipeline.py took 0.140 seconds
[2026-03-26T14:59:31.236+0000] {processor.py:161} INFO - Started process (PID=1100) to work on /opt/airflow/dags/weekly_summary_pipeline.py
[2026-03-26T14:59:31.238+0000] {processor.py:830} INFO - Processing file /opt/airflow/dags/weekly_summary_pipeline.py for tasks to queue
[2026-03-26T14:59:31.238+0000] {logging_mixin.py:188} INFO - [2026-03-26T14:59:31.238+0000] {dagbag.py:538} INFO - Filling up the DagBag from /opt/airflow/dags/weekly_summary_pipeline.py
[2026-03-26T14:59:31.258+0000] {processor.py:840} INFO - DAG(s) 'weekly_summary_pipeline' retrieved from /opt/airflow/dags/weekly_summary_pipeline.py
[2026-03-26T14:59:31.283+0000] {logging_mixin.py:188} INFO - [2026-03-26T14:59:31.283+0000] {dag.py:3036} INFO - Sync 1 DAGs
[2026-03-26T14:59:31.303+0000] {logging_mixin.py:188} INFO - [2026-03-26T14:59:31.303+0000] {dag.py:3823} INFO - Setting next_dagrun for weekly_summary_pipeline to 2026-03-23 06:00:00+00:00, run_after=2026-03-30 06:00:00+00:00
[2026-03-26T14:59:31.321+0000] {processor.py:183} INFO - Processing /opt/airflow/dags/weekly_summary_pipeline.py took 0.088 seconds
[2026-03-26T15:00:01.529+0000] {processor.py:161} INFO - Started process (PID=1123) to work on /opt/airflow/dags/weekly_summary_pipeline.py
[2026-03-26T15:00:01.530+0000] {processor.py:830} INFO - Processing file /opt/airflow/dags/weekly_summary_pipeline.py for tasks to queue
[2026-03-26T15:00:01.532+0000] {logging_mixin.py:188} INFO - [2026-03-26T15:00:01.531+0000] {dagbag.py:538} INFO - Filling up the DagBag from /opt/airflow/dags/weekly_summary_pipeline.py
[2026-03-26T15:00:01.587+0000] {processor.py:840} INFO - DAG(s) 'weekly_summary_pipeline' retrieved from /opt/airflow/dags/weekly_summary_pipeline.py
[2026-03-26T15:00:01.641+0000] {logging_mixin.py:188} INFO - [2026-03-26T15:00:01.641+0000] {dag.py:3036} INFO - Sync 1 DAGs
[2026-03-26T15:00:01.673+0000] {logging_mixin.py:188} INFO - [2026-03-26T15:00:01.673+0000] {dag.py:3823} INFO - Setting next_dagrun for weekly_summary_pipeline to 2026-03-23 06:00:00+00:00, run_after=2026-03-30 06:00:00+00:00
[2026-03-26T15:00:01.695+0000] {processor.py:183} INFO - Processing /opt/airflow/dags/weekly_summary_pipeline.py took 0.170 seconds
[2026-03-26T15:00:31.856+0000] {processor.py:161} INFO - Started process (PID=1146) to work on /opt/airflow/dags/weekly_summary_pipeline.py
[2026-03-26T15:00:31.858+0000] {processor.py:830} INFO - Processing file /opt/airflow/dags/weekly_summary_pipeline.py for tasks to queue
[2026-03-26T15:00:31.859+0000] {logging_mixin.py:188} INFO - [2026-03-26T15:00:31.859+0000] {dagbag.py:538} INFO - Filling up the DagBag from /opt/airflow/dags/weekly_summary_pipeline.py
[2026-03-26T15:00:31.889+0000] {processor.py:840} INFO - DAG(s) 'weekly_summary_pipeline' retrieved from /opt/airflow/dags/weekly_summary_pipeline.py
[2026-03-26T15:00:31.933+0000] {logging_mixin.py:188} INFO - [2026-03-26T15:00:31.933+0000] {dag.py:3036} INFO - Sync 1 DAGs
[2026-03-26T15:00:31.971+0000] {logging_mixin.py:188} INFO - [2026-03-26T15:00:31.970+0000] {dag.py:3823} INFO - Setting next_dagrun for weekly_summary_pipeline to 2026-03-23 06:00:00+00:00, run_after=2026-03-30 06:00:00+00:00
[2026-03-26T15:00:31.996+0000] {processor.py:183} INFO - Processing /opt/airflow/dags/weekly_summary_pipeline.py took 0.144 seconds
[2026-03-26T15:01:02.119+0000] {processor.py:161} INFO - Started process (PID=1161) to work on /opt/airflow/dags/weekly_summary_pipeline.py
[2026-03-26T15:01:02.120+0000] {processor.py:830} INFO - Processing file /opt/airflow/dags/weekly_summary_pipeline.py for tasks to queue
[2026-03-26T15:01:02.122+0000] {logging_mixin.py:188} INFO - [2026-03-26T15:01:02.121+0000] {dagbag.py:538} INFO - Filling up the DagBag from /opt/airflow/dags/weekly_summary_pipeline.py
[2026-03-26T15:01:02.142+0000] {processor.py:840} INFO - DAG(s) 'weekly_summary_pipeline' retrieved from /opt/airflow/dags/weekly_summary_pipeline.py
[2026-03-26T15:01:02.170+0000] {logging_mixin.py:188} INFO - [2026-03-26T15:01:02.170+0000] {dag.py:3036} INFO - Sync 1 DAGs
[2026-03-26T15:01:02.193+0000] {logging_mixin.py:188} INFO - [2026-03-26T15:01:02.193+0000] {dag.py:3823} INFO - Setting next_dagrun for weekly_summary_pipeline to 2026-03-23 06:00:00+00:00, run_after=2026-03-30 06:00:00+00:00
[2026-03-26T15:01:02.216+0000] {processor.py:183} INFO - Processing /opt/airflow/dags/weekly_summary_pipeline.py took 0.100 seconds
[2026-03-26T15:01:33.309+0000] {processor.py:161} INFO - Started process (PID=1184) to work on /opt/airflow/dags/weekly_summary_pipeline.py
[2026-03-26T15:01:33.310+0000] {processor.py:830} INFO - Processing file /opt/airflow/dags/weekly_summary_pipeline.py for tasks to queue
[2026-03-26T15:01:33.311+0000] {logging_mixin.py:188} INFO - [2026-03-26T15:01:33.311+0000] {dagbag.py:538} INFO - Filling up the DagBag from /opt/airflow/dags/weekly_summary_pipeline.py
[2026-03-26T15:01:33.332+0000] {processor.py:840} INFO - DAG(s) 'weekly_summary_pipeline' retrieved from /opt/airflow/dags/weekly_summary_pipeline.py
[2026-03-26T15:01:33.358+0000] {logging_mixin.py:188} INFO - [2026-03-26T15:01:33.358+0000] {dag.py:3036} INFO - Sync 1 DAGs
[2026-03-26T15:01:33.379+0000] {logging_mixin.py:188} INFO - [2026-03-26T15:01:33.379+0000] {dag.py:3823} INFO - Setting next_dagrun for weekly_summary_pipeline to 2026-03-23 06:00:00+00:00, run_after=2026-03-30 06:00:00+00:00
[2026-03-26T15:01:33.397+0000] {processor.py:183} INFO - Processing /opt/airflow/dags/weekly_summary_pipeline.py took 0.091 seconds
[2026-03-26T15:02:05.490+0000] {processor.py:161} INFO - Started process (PID=1207) to work on /opt/airflow/dags/weekly_summary_pipeline.py
[2026-03-26T15:02:05.492+0000] {processor.py:830} INFO - Processing file /opt/airflow/dags/weekly_summary_pipeline.py for tasks to queue
[2026-03-26T15:02:05.493+0000] {logging_mixin.py:188} INFO - [2026-03-26T15:02:05.492+0000] {dagbag.py:538} INFO - Filling up the DagBag from /opt/airflow/dags/weekly_summary_pipeline.py
[2026-03-26T15:02:05.513+0000] {processor.py:840} INFO - DAG(s) 'weekly_summary_pipeline' retrieved from /opt/airflow/dags/weekly_summary_pipeline.py
[2026-03-26T15:02:05.570+0000] {logging_mixin.py:188} INFO - [2026-03-26T15:02:05.569+0000] {dag.py:3036} INFO - Sync 1 DAGs
[2026-03-26T15:02:05.622+0000] {logging_mixin.py:188} INFO - [2026-03-26T15:02:05.622+0000] {dag.py:3823} INFO - Setting next_dagrun for weekly_summary_pipeline to 2026-03-23 06:00:00+00:00, run_after=2026-03-30 06:00:00+00:00
[2026-03-26T15:02:05.659+0000] {processor.py:183} INFO - Processing /opt/airflow/dags/weekly_summary_pipeline.py took 0.172 seconds
[2026-03-26T15:02:36.791+0000] {processor.py:161} INFO - Started process (PID=1230) to work on /opt/airflow/dags/weekly_summary_pipeline.py
[2026-03-26T15:02:36.792+0000] {processor.py:830} INFO - Processing file /opt/airflow/dags/weekly_summary_pipeline.py for tasks to queue
[2026-03-26T15:02:36.793+0000] {logging_mixin.py:188} INFO - [2026-03-26T15:02:36.793+0000] {dagbag.py:538} INFO - Filling up the DagBag from /opt/airflow/dags/weekly_summary_pipeline.py
[2026-03-26T15:02:36.817+0000] {processor.py:840} INFO - DAG(s) 'weekly_summary_pipeline' retrieved from /opt/airflow/dags/weekly_summary_pipeline.py
[2026-03-26T15:02:36.854+0000] {logging_mixin.py:188} INFO - [2026-03-26T15:02:36.854+0000] {dag.py:3036} INFO - Sync 1 DAGs
[2026-03-26T15:02:36.880+0000] {logging_mixin.py:188} INFO - [2026-03-26T15:02:36.879+0000] {dag.py:3823} INFO - Setting next_dagrun for weekly_summary_pipeline to 2026-03-23 06:00:00+00:00, run_after=2026-03-30 06:00:00+00:00
[2026-03-26T15:02:36.903+0000] {processor.py:183} INFO - Processing /opt/airflow/dags/weekly_summary_pipeline.py took 0.116 seconds
[2026-03-26T15:03:09.074+0000] {processor.py:161} INFO - Started process (PID=1253) to work on /opt/airflow/dags/weekly_summary_pipeline.py
[2026-03-26T15:03:09.076+0000] {processor.py:830} INFO - Processing file /opt/airflow/dags/weekly_summary_pipeline.py for tasks to queue
[2026-03-26T15:03:09.077+0000] {logging_mixin.py:188} INFO - [2026-03-26T15:03:09.077+0000] {dagbag.py:538} INFO - Filling up the DagBag from /opt/airflow/dags/weekly_summary_pipeline.py
[2026-03-26T15:03:09.099+0000] {processor.py:840} INFO - DAG(s) 'weekly_summary_pipeline' retrieved from /opt/airflow/dags/weekly_summary_pipeline.py
[2026-03-26T15:03:09.137+0000] {logging_mixin.py:188} INFO - [2026-03-26T15:03:09.137+0000] {dag.py:3036} INFO - Sync 1 DAGs
[2026-03-26T15:03:09.166+0000] {logging_mixin.py:188} INFO - [2026-03-26T15:03:09.166+0000] {dag.py:3823} INFO - Setting next_dagrun for weekly_summary_pipeline to 2026-03-23 06:00:00+00:00, run_after=2026-03-30 06:00:00+00:00
[2026-03-26T15:03:09.189+0000] {processor.py:183} INFO - Processing /opt/airflow/dags/weekly_summary_pipeline.py took 0.119 seconds
[2026-03-26T15:03:39.341+0000] {processor.py:161} INFO - Started process (PID=1276) to work on /opt/airflow/dags/weekly_summary_pipeline.py
[2026-03-26T15:03:39.343+0000] {processor.py:830} INFO - Processing file /opt/airflow/dags/weekly_summary_pipeline.py for tasks to queue
[2026-03-26T15:03:39.343+0000] {logging_mixin.py:188} INFO - [2026-03-26T15:03:39.343+0000] {dagbag.py:538} INFO - Filling up the DagBag from /opt/airflow/dags/weekly_summary_pipeline.py
[2026-03-26T15:03:39.367+0000] {processor.py:840} INFO - DAG(s) 'weekly_summary_pipeline' retrieved from /opt/airflow/dags/weekly_summary_pipeline.py
[2026-03-26T15:03:39.401+0000] {logging_mixin.py:188} INFO - [2026-03-26T15:03:39.401+0000] {dag.py:3036} INFO - Sync 1 DAGs
[2026-03-26T15:03:39.435+0000] {logging_mixin.py:188} INFO - [2026-03-26T15:03:39.434+0000] {dag.py:3823} INFO - Setting next_dagrun for weekly_summary_pipeline to 2026-03-23 06:00:00+00:00, run_after=2026-03-30 06:00:00+00:00
[2026-03-26T15:03:39.464+0000] {processor.py:183} INFO - Processing /opt/airflow/dags/weekly_summary_pipeline.py took 0.126 seconds
[2026-03-26T15:04:09.904+0000] {processor.py:161} INFO - Started process (PID=1299) to work on /opt/airflow/dags/weekly_summary_pipeline.py
[2026-03-26T15:04:09.906+0000] {processor.py:830} INFO - Processing file /opt/airflow/dags/weekly_summary_pipeline.py for tasks to queue
[2026-03-26T15:04:09.910+0000] {logging_mixin.py:188} INFO - [2026-03-26T15:04:09.909+0000] {dagbag.py:538} INFO - Filling up the DagBag from /opt/airflow/dags/weekly_summary_pipeline.py
[2026-03-26T15:04:09.956+0000] {processor.py:840} INFO - DAG(s) 'weekly_summary_pipeline' retrieved from /opt/airflow/dags/weekly_summary_pipeline.py
[2026-03-26T15:04:10.026+0000] {logging_mixin.py:188} INFO - [2026-03-26T15:04:10.026+0000] {dag.py:3036} INFO - Sync 1 DAGs
[2026-03-26T15:04:10.106+0000] {logging_mixin.py:188} INFO - [2026-03-26T15:04:10.106+0000] {dag.py:3823} INFO - Setting next_dagrun for weekly_summary_pipeline to 2026-03-23 06:00:00+00:00, run_after=2026-03-30 06:00:00+00:00
[2026-03-26T15:04:10.168+0000] {processor.py:183} INFO - Processing /opt/airflow/dags/weekly_summary_pipeline.py took 0.268 seconds
[2026-03-26T15:04:40.284+0000] {processor.py:161} INFO - Started process (PID=1322) to work on /opt/airflow/dags/weekly_summary_pipeline.py
[2026-03-26T15:04:40.285+0000] {processor.py:830} INFO - Processing file /opt/airflow/dags/weekly_summary_pipeline.py for tasks to queue
[2026-03-26T15:04:40.287+0000] {logging_mixin.py:188} INFO - [2026-03-26T15:04:40.286+0000] {dagbag.py:538} INFO - Filling up the DagBag from /opt/airflow/dags/weekly_summary_pipeline.py
[2026-03-26T15:04:40.309+0000] {processor.py:840} INFO - DAG(s) 'weekly_summary_pipeline' retrieved from /opt/airflow/dags/weekly_summary_pipeline.py
[2026-03-26T15:04:40.341+0000] {logging_mixin.py:188} INFO - [2026-03-26T15:04:40.341+0000] {dag.py:3036} INFO - Sync 1 DAGs
[2026-03-26T15:04:40.369+0000] {logging_mixin.py:188} INFO - [2026-03-26T15:04:40.369+0000] {dag.py:3823} INFO - Setting next_dagrun for weekly_summary_pipeline to 2026-03-23 06:00:00+00:00, run_after=2026-03-30 06:00:00+00:00
[2026-03-26T15:04:40.390+0000] {processor.py:183} INFO - Processing /opt/airflow/dags/weekly_summary_pipeline.py took 0.109 seconds
[2026-03-26T15:05:10.608+0000] {processor.py:161} INFO - Started process (PID=1345) to work on /opt/airflow/dags/weekly_summary_pipeline.py
[2026-03-26T15:05:10.609+0000] {processor.py:830} INFO - Processing file /opt/airflow/dags/weekly_summary_pipeline.py for tasks to queue
[2026-03-26T15:05:10.610+0000] {logging_mixin.py:188} INFO - [2026-03-26T15:05:10.609+0000] {dagbag.py:538} INFO - Filling up the DagBag from /opt/airflow/dags/weekly_summary_pipeline.py
[2026-03-26T15:05:10.642+0000] {processor.py:840} INFO - DAG(s) 'weekly_summary_pipeline' retrieved from /opt/airflow/dags/weekly_summary_pipeline.py
[2026-03-26T15:05:10.687+0000] {logging_mixin.py:188} INFO - [2026-03-26T15:05:10.687+0000] {dag.py:3036} INFO - Sync 1 DAGs
[2026-03-26T15:05:10.718+0000] {logging_mixin.py:188} INFO - [2026-03-26T15:05:10.718+0000] {dag.py:3823} INFO - Setting next_dagrun for weekly_summary_pipeline to 2026-03-23 06:00:00+00:00, run_after=2026-03-30 06:00:00+00:00
[2026-03-26T15:05:10.739+0000] {processor.py:183} INFO - Processing /opt/airflow/dags/weekly_summary_pipeline.py took 0.135 seconds
[2026-03-26T15:05:40.894+0000] {processor.py:161} INFO - Started process (PID=1368) to work on /opt/airflow/dags/weekly_summary_pipeline.py
[2026-03-26T15:05:40.898+0000] {processor.py:830} INFO - Processing file /opt/airflow/dags/weekly_summary_pipeline.py for tasks to queue
[2026-03-26T15:05:40.899+0000] {logging_mixin.py:188} INFO - [2026-03-26T15:05:40.898+0000] {dagbag.py:538} INFO - Filling up the DagBag from /opt/airflow/dags/weekly_summary_pipeline.py
[2026-03-26T15:05:40.923+0000] {processor.py:840} INFO - DAG(s) 'weekly_summary_pipeline' retrieved from /opt/airflow/dags/weekly_summary_pipeline.py
[2026-03-26T15:05:40.952+0000] {logging_mixin.py:188} INFO - [2026-03-26T15:05:40.951+0000] {dag.py:3036} INFO - Sync 1 DAGs
[2026-03-26T15:05:40.973+0000] {logging_mixin.py:188} INFO - [2026-03-26T15:05:40.973+0000] {dag.py:3823} INFO - Setting next_dagrun for weekly_summary_pipeline to 2026-03-23 06:00:00+00:00, run_after=2026-03-30 06:00:00+00:00
[2026-03-26T15:05:40.993+0000] {processor.py:183} INFO - Processing /opt/airflow/dags/weekly_summary_pipeline.py took 0.102 seconds
[2026-03-26T15:06:11.165+0000] {processor.py:161} INFO - Started process (PID=1383) to work on /opt/airflow/dags/weekly_summary_pipeline.py
[2026-03-26T15:06:11.166+0000] {processor.py:830} INFO - Processing file /opt/airflow/dags/weekly_summary_pipeline.py for tasks to queue
[2026-03-26T15:06:11.167+0000] {logging_mixin.py:188} INFO - [2026-03-26T15:06:11.166+0000] {dagbag.py:538} INFO - Filling up the DagBag from /opt/airflow/dags/weekly_summary_pipeline.py
[2026-03-26T15:06:11.186+0000] {processor.py:840} INFO - DAG(s) 'weekly_summary_pipeline' retrieved from /opt/airflow/dags/weekly_summary_pipeline.py
[2026-03-26T15:06:11.217+0000] {logging_mixin.py:188} INFO - [2026-03-26T15:06:11.217+0000] {dag.py:3036} INFO - Sync 1 DAGs
[2026-03-26T15:06:11.239+0000] {logging_mixin.py:188} INFO - [2026-03-26T15:06:11.239+0000] {dag.py:3823} INFO - Setting next_dagrun for weekly_summary_pipeline to 2026-03-23 06:00:00+00:00, run_after=2026-03-30 06:00:00+00:00
[2026-03-26T15:06:11.259+0000] {processor.py:183} INFO - Processing /opt/airflow/dags/weekly_summary_pipeline.py took 0.098 seconds
[2026-03-26T15:06:41.350+0000] {processor.py:161} INFO - Started process (PID=1406) to work on /opt/airflow/dags/weekly_summary_pipeline.py
[2026-03-26T15:06:41.352+0000] {processor.py:830} INFO - Processing file /opt/airflow/dags/weekly_summary_pipeline.py for tasks to queue
[2026-03-26T15:06:41.353+0000] {logging_mixin.py:188} INFO - [2026-03-26T15:06:41.352+0000] {dagbag.py:538} INFO - Filling up the DagBag from /opt/airflow/dags/weekly_summary_pipeline.py
[2026-03-26T15:06:41.376+0000] {processor.py:840} INFO - DAG(s) 'weekly_summary_pipeline' retrieved from /opt/airflow/dags/weekly_summary_pipeline.py
[2026-03-26T15:06:41.405+0000] {logging_mixin.py:188} INFO - [2026-03-26T15:06:41.405+0000] {dag.py:3036} INFO - Sync 1 DAGs
[2026-03-26T15:06:41.427+0000] {logging_mixin.py:188} INFO - [2026-03-26T15:06:41.427+0000] {dag.py:3823} INFO - Setting next_dagrun for weekly_summary_pipeline to 2026-03-23 06:00:00+00:00, run_after=2026-03-30 06:00:00+00:00
[2026-03-26T15:06:41.449+0000] {processor.py:183} INFO - Processing /opt/airflow/dags/weekly_summary_pipeline.py took 0.102 seconds
[2026-03-26T15:07:11.593+0000] {processor.py:161} INFO - Started process (PID=1429) to work on /opt/airflow/dags/weekly_summary_pipeline.py
[2026-03-26T15:07:11.594+0000] {processor.py:830} INFO - Processing file /opt/airflow/dags/weekly_summary_pipeline.py for tasks to queue
[2026-03-26T15:07:11.595+0000] {logging_mixin.py:188} INFO - [2026-03-26T15:07:11.594+0000] {dagbag.py:538} INFO - Filling up the DagBag from /opt/airflow/dags/weekly_summary_pipeline.py
[2026-03-26T15:07:11.615+0000] {processor.py:840} INFO - DAG(s) 'weekly_summary_pipeline' retrieved from /opt/airflow/dags/weekly_summary_pipeline.py
[2026-03-26T15:07:11.647+0000] {logging_mixin.py:188} INFO - [2026-03-26T15:07:11.647+0000] {dag.py:3036} INFO - Sync 1 DAGs
[2026-03-26T15:07:11.674+0000] {logging_mixin.py:188} INFO - [2026-03-26T15:07:11.674+0000] {dag.py:3823} INFO - Setting next_dagrun for weekly_summary_pipeline to 2026-03-23 06:00:00+00:00, run_after=2026-03-30 06:00:00+00:00
[2026-03-26T15:07:11.705+0000] {processor.py:183} INFO - Processing /opt/airflow/dags/weekly_summary_pipeline.py took 0.115 seconds
[2026-03-26T15:07:41.805+0000] {processor.py:161} INFO - Started process (PID=1452) to work on /opt/airflow/dags/weekly_summary_pipeline.py
[2026-03-26T15:07:41.806+0000] {processor.py:830} INFO - Processing file /opt/airflow/dags/weekly_summary_pipeline.py for tasks to queue
[2026-03-26T15:07:41.808+0000] {logging_mixin.py:188} INFO - [2026-03-26T15:07:41.807+0000] {dagbag.py:538} INFO - Filling up the DagBag from /opt/airflow/dags/weekly_summary_pipeline.py
[2026-03-26T15:07:41.828+0000] {processor.py:840} INFO - DAG(s) 'weekly_summary_pipeline' retrieved from /opt/airflow/dags/weekly_summary_pipeline.py
[2026-03-26T15:07:41.862+0000] {logging_mixin.py:188} INFO - [2026-03-26T15:07:41.862+0000] {dag.py:3036} INFO - Sync 1 DAGs
[2026-03-26T15:07:41.891+0000] {logging_mixin.py:188} INFO - [2026-03-26T15:07:41.891+0000] {dag.py:3823} INFO - Setting next_dagrun for weekly_summary_pipeline to 2026-03-23 06:00:00+00:00, run_after=2026-03-30 06:00:00+00:00
[2026-03-26T15:07:41.933+0000] {processor.py:183} INFO - Processing /opt/airflow/dags/weekly_summary_pipeline.py took 0.131 seconds
[2026-03-26T15:08:12.811+0000] {processor.py:161} INFO - Started process (PID=1475) to work on /opt/airflow/dags/weekly_summary_pipeline.py
[2026-03-26T15:08:12.812+0000] {processor.py:830} INFO - Processing file /opt/airflow/dags/weekly_summary_pipeline.py for tasks to queue
[2026-03-26T15:08:12.813+0000] {logging_mixin.py:188} INFO - [2026-03-26T15:08:12.813+0000] {dagbag.py:538} INFO - Filling up the DagBag from /opt/airflow/dags/weekly_summary_pipeline.py
[2026-03-26T15:08:12.834+0000] {processor.py:840} INFO - DAG(s) 'weekly_summary_pipeline' retrieved from /opt/airflow/dags/weekly_summary_pipeline.py
[2026-03-26T15:08:12.875+0000] {logging_mixin.py:188} INFO - [2026-03-26T15:08:12.874+0000] {dag.py:3036} INFO - Sync 1 DAGs
[2026-03-26T15:08:12.903+0000] {logging_mixin.py:188} INFO - [2026-03-26T15:08:12.902+0000] {dag.py:3823} INFO - Setting next_dagrun for weekly_summary_pipeline to 2026-03-23 06:00:00+00:00, run_after=2026-03-30 06:00:00+00:00
[2026-03-26T15:08:12.925+0000] {processor.py:183} INFO - Processing /opt/airflow/dags/weekly_summary_pipeline.py took 0.116 seconds
[2026-03-26T15:08:43.283+0000] {processor.py:161} INFO - Started process (PID=1498) to work on /opt/airflow/dags/weekly_summary_pipeline.py
[2026-03-26T15:08:43.284+0000] {processor.py:830} INFO - Processing file /opt/airflow/dags/weekly_summary_pipeline.py for tasks to queue
[2026-03-26T15:08:43.284+0000] {logging_mixin.py:188} INFO - [2026-03-26T15:08:43.284+0000] {dagbag.py:538} INFO - Filling up the DagBag from /opt/airflow/dags/weekly_summary_pipeline.py
[2026-03-26T15:08:43.308+0000] {processor.py:840} INFO - DAG(s) 'weekly_summary_pipeline' retrieved from /opt/airflow/dags/weekly_summary_pipeline.py
[2026-03-26T15:08:43.348+0000] {logging_mixin.py:188} INFO - [2026-03-26T15:08:43.348+0000] {dag.py:3036} INFO - Sync 1 DAGs
[2026-03-26T15:08:43.379+0000] {logging_mixin.py:188} INFO - [2026-03-26T15:08:43.378+0000] {dag.py:3823} INFO - Setting next_dagrun for weekly_summary_pipeline to 2026-03-23 06:00:00+00:00, run_after=2026-03-30 06:00:00+00:00
[2026-03-26T15:08:43.402+0000] {processor.py:183} INFO - Processing /opt/airflow/dags/weekly_summary_pipeline.py took 0.122 seconds
[2026-03-26T15:09:13.597+0000] {processor.py:161} INFO - Started process (PID=1522) to work on /opt/airflow/dags/weekly_summary_pipeline.py
[2026-03-26T15:09:13.599+0000] {processor.py:830} INFO - Processing file /opt/airflow/dags/weekly_summary_pipeline.py for tasks to queue
[2026-03-26T15:09:13.600+0000] {logging_mixin.py:188} INFO - [2026-03-26T15:09:13.600+0000] {dagbag.py:538} INFO - Filling up the DagBag from /opt/airflow/dags/weekly_summary_pipeline.py
[2026-03-26T15:09:13.628+0000] {processor.py:840} INFO - DAG(s) 'weekly_summary_pipeline' retrieved from /opt/airflow/dags/weekly_summary_pipeline.py
[2026-03-26T15:09:13.680+0000] {logging_mixin.py:188} INFO - [2026-03-26T15:09:13.679+0000] {dag.py:3036} INFO - Sync 1 DAGs
[2026-03-26T15:09:13.715+0000] {logging_mixin.py:188} INFO - [2026-03-26T15:09:13.715+0000] {dag.py:3823} INFO - Setting next_dagrun for weekly_summary_pipeline to 2026-03-23 06:00:00+00:00, run_after=2026-03-30 06:00:00+00:00
[2026-03-26T15:09:13.740+0000] {processor.py:183} INFO - Processing /opt/airflow/dags/weekly_summary_pipeline.py took 0.146 seconds
[2026-03-26T15:09:43.835+0000] {processor.py:161} INFO - Started process (PID=1545) to work on /opt/airflow/dags/weekly_summary_pipeline.py
[2026-03-26T15:09:43.836+0000] {processor.py:830} INFO - Processing file /opt/airflow/dags/weekly_summary_pipeline.py for tasks to queue
[2026-03-26T15:09:43.838+0000] {logging_mixin.py:188} INFO - [2026-03-26T15:09:43.838+0000] {dagbag.py:538} INFO - Filling up the DagBag from /opt/airflow/dags/weekly_summary_pipeline.py
[2026-03-26T15:09:43.888+0000] {processor.py:840} INFO - DAG(s) 'weekly_summary_pipeline' retrieved from /opt/airflow/dags/weekly_summary_pipeline.py
[2026-03-26T15:09:43.940+0000] {logging_mixin.py:188} INFO - [2026-03-26T15:09:43.939+0000] {dag.py:3036} INFO - Sync 1 DAGs
[2026-03-26T15:09:43.980+0000] {logging_mixin.py:188} INFO - [2026-03-26T15:09:43.980+0000] {dag.py:3823} INFO - Setting next_dagrun for weekly_summary_pipeline to 2026-03-23 06:00:00+00:00, run_after=2026-03-30 06:00:00+00:00
[2026-03-26T15:09:44.013+0000] {processor.py:183} INFO - Processing /opt/airflow/dags/weekly_summary_pipeline.py took 0.181 seconds
[2026-03-26T15:10:14.954+0000] {processor.py:161} INFO - Started process (PID=1568) to work on /opt/airflow/dags/weekly_summary_pipeline.py
[2026-03-26T15:10:14.955+0000] {processor.py:830} INFO - Processing file /opt/airflow/dags/weekly_summary_pipeline.py for tasks to queue
[2026-03-26T15:10:14.956+0000] {logging_mixin.py:188} INFO - [2026-03-26T15:10:14.956+0000] {dagbag.py:538} INFO - Filling up the DagBag from /opt/airflow/dags/weekly_summary_pipeline.py
[2026-03-26T15:10:15.080+0000] {processor.py:840} INFO - DAG(s) 'weekly_summary_pipeline' retrieved from /opt/airflow/dags/weekly_summary_pipeline.py
[2026-03-26T15:10:15.111+0000] {logging_mixin.py:188} INFO - [2026-03-26T15:10:15.110+0000] {dag.py:3036} INFO - Sync 1 DAGs
[2026-03-26T15:10:15.139+0000] {logging_mixin.py:188} INFO - [2026-03-26T15:10:15.139+0000] {dag.py:3823} INFO - Setting next_dagrun for weekly_summary_pipeline to 2026-03-23 06:00:00+00:00, run_after=2026-03-30 06:00:00+00:00
[2026-03-26T15:10:15.220+0000] {processor.py:183} INFO - Processing /opt/airflow/dags/weekly_summary_pipeline.py took 0.270 seconds
[2026-03-26T15:10:45.269+0000] {processor.py:161} INFO - Started process (PID=1583) to work on /opt/airflow/dags/weekly_summary_pipeline.py
[2026-03-26T15:10:45.270+0000] {processor.py:830} INFO - Processing file /opt/airflow/dags/weekly_summary_pipeline.py for tasks to queue
[2026-03-26T15:10:45.271+0000] {logging_mixin.py:188} INFO - [2026-03-26T15:10:45.270+0000] {dagbag.py:538} INFO - Filling up the DagBag from /opt/airflow/dags/weekly_summary_pipeline.py
[2026-03-26T15:10:45.292+0000] {processor.py:840} INFO - DAG(s) 'weekly_summary_pipeline' retrieved from /opt/airflow/dags/weekly_summary_pipeline.py
[2026-03-26T15:10:45.322+0000] {logging_mixin.py:188} INFO - [2026-03-26T15:10:45.322+0000] {dag.py:3036} INFO - Sync 1 DAGs
[2026-03-26T15:10:45.348+0000] {logging_mixin.py:188} INFO - [2026-03-26T15:10:45.348+0000] {dag.py:3823} INFO - Setting next_dagrun for weekly_summary_pipeline to 2026-03-23 06:00:00+00:00, run_after=2026-03-30 06:00:00+00:00
[2026-03-26T15:10:45.368+0000] {processor.py:183} INFO - Processing /opt/airflow/dags/weekly_summary_pipeline.py took 0.102 seconds
[2026-03-26T15:11:15.507+0000] {processor.py:161} INFO - Started process (PID=1606) to work on /opt/airflow/dags/weekly_summary_pipeline.py
[2026-03-26T15:11:15.508+0000] {processor.py:830} INFO - Processing file /opt/airflow/dags/weekly_summary_pipeline.py for tasks to queue
[2026-03-26T15:11:15.509+0000] {logging_mixin.py:188} INFO - [2026-03-26T15:11:15.509+0000] {dagbag.py:538} INFO - Filling up the DagBag from /opt/airflow/dags/weekly_summary_pipeline.py
[2026-03-26T15:11:15.532+0000] {processor.py:840} INFO - DAG(s) 'weekly_summary_pipeline' retrieved from /opt/airflow/dags/weekly_summary_pipeline.py
[2026-03-26T15:11:15.565+0000] {logging_mixin.py:188} INFO - [2026-03-26T15:11:15.565+0000] {dag.py:3036} INFO - Sync 1 DAGs
[2026-03-26T15:11:15.593+0000] {logging_mixin.py:188} INFO - [2026-03-26T15:11:15.593+0000] {dag.py:3823} INFO - Setting next_dagrun for weekly_summary_pipeline to 2026-03-23 06:00:00+00:00, run_after=2026-03-30 06:00:00+00:00
[2026-03-26T15:11:15.616+0000] {processor.py:183} INFO - Processing /opt/airflow/dags/weekly_summary_pipeline.py took 0.112 seconds
[2026-03-26T15:11:45.779+0000] {processor.py:161} INFO - Started process (PID=1629) to work on /opt/airflow/dags/weekly_summary_pipeline.py
[2026-03-26T15:11:45.780+0000] {processor.py:830} INFO - Processing file /opt/airflow/dags/weekly_summary_pipeline.py for tasks to queue
[2026-03-26T15:11:45.781+0000] {logging_mixin.py:188} INFO - [2026-03-26T15:11:45.781+0000] {dagbag.py:538} INFO - Filling up the DagBag from /opt/airflow/dags/weekly_summary_pipeline.py
[2026-03-26T15:11:45.809+0000] {processor.py:840} INFO - DAG(s) 'weekly_summary_pipeline' retrieved from /opt/airflow/dags/weekly_summary_pipeline.py
[2026-03-26T15:11:45.850+0000] {logging_mixin.py:188} INFO - [2026-03-26T15:11:45.849+0000] {dag.py:3036} INFO - Sync 1 DAGs
[2026-03-26T15:11:45.877+0000] {logging_mixin.py:188} INFO - [2026-03-26T15:11:45.877+0000] {dag.py:3823} INFO - Setting next_dagrun for weekly_summary_pipeline to 2026-03-23 06:00:00+00:00, run_after=2026-03-30 06:00:00+00:00
[2026-03-26T15:11:45.899+0000] {processor.py:183} INFO - Processing /opt/airflow/dags/weekly_summary_pipeline.py took 0.123 seconds
[2026-03-26T15:12:16.039+0000] {processor.py:161} INFO - Started process (PID=1652) to work on /opt/airflow/dags/weekly_summary_pipeline.py
[2026-03-26T15:12:16.040+0000] {processor.py:830} INFO - Processing file /opt/airflow/dags/weekly_summary_pipeline.py for tasks to queue
[2026-03-26T15:12:16.041+0000] {logging_mixin.py:188} INFO - [2026-03-26T15:12:16.040+0000] {dagbag.py:538} INFO - Filling up the DagBag from /opt/airflow/dags/weekly_summary_pipeline.py
[2026-03-26T15:12:16.062+0000] {processor.py:840} INFO - DAG(s) 'weekly_summary_pipeline' retrieved from /opt/airflow/dags/weekly_summary_pipeline.py
[2026-03-26T15:12:16.092+0000] {logging_mixin.py:188} INFO - [2026-03-26T15:12:16.092+0000] {dag.py:3036} INFO - Sync 1 DAGs
[2026-03-26T15:12:16.115+0000] {logging_mixin.py:188} INFO - [2026-03-26T15:12:16.114+0000] {dag.py:3823} INFO - Setting next_dagrun for weekly_summary_pipeline to 2026-03-23 06:00:00+00:00, run_after=2026-03-30 06:00:00+00:00
[2026-03-26T15:12:16.133+0000] {processor.py:183} INFO - Processing /opt/airflow/dags/weekly_summary_pipeline.py took 0.097 seconds
[2026-03-26T15:12:46.238+0000] {processor.py:161} INFO - Started process (PID=1675) to work on /opt/airflow/dags/weekly_summary_pipeline.py
[2026-03-26T15:12:46.239+0000] {processor.py:830} INFO - Processing file /opt/airflow/dags/weekly_summary_pipeline.py for tasks to queue
[2026-03-26T15:12:46.240+0000] {logging_mixin.py:188} INFO - [2026-03-26T15:12:46.239+0000] {dagbag.py:538} INFO - Filling up the DagBag from /opt/airflow/dags/weekly_summary_pipeline.py
[2026-03-26T15:12:46.265+0000] {processor.py:840} INFO - DAG(s) 'weekly_summary_pipeline' retrieved from /opt/airflow/dags/weekly_summary_pipeline.py
[2026-03-26T15:12:46.296+0000] {logging_mixin.py:188} INFO - [2026-03-26T15:12:46.296+0000] {dag.py:3036} INFO - Sync 1 DAGs
[2026-03-26T15:12:46.321+0000] {logging_mixin.py:188} INFO - [2026-03-26T15:12:46.321+0000] {dag.py:3823} INFO - Setting next_dagrun for weekly_summary_pipeline to 2026-03-23 06:00:00+00:00, run_after=2026-03-30 06:00:00+00:00
[2026-03-26T15:12:46.343+0000] {processor.py:183} INFO - Processing /opt/airflow/dags/weekly_summary_pipeline.py took 0.109 seconds
[2026-03-26T15:13:16.519+0000] {processor.py:161} INFO - Started process (PID=1698) to work on /opt/airflow/dags/weekly_summary_pipeline.py
[2026-03-26T15:13:16.520+0000] {processor.py:830} INFO - Processing file /opt/airflow/dags/weekly_summary_pipeline.py for tasks to queue
[2026-03-26T15:13:16.521+0000] {logging_mixin.py:188} INFO - [2026-03-26T15:13:16.521+0000] {dagbag.py:538} INFO - Filling up the DagBag from /opt/airflow/dags/weekly_summary_pipeline.py
[2026-03-26T15:13:16.541+0000] {processor.py:840} INFO - DAG(s) 'weekly_summary_pipeline' retrieved from /opt/airflow/dags/weekly_summary_pipeline.py
[2026-03-26T15:13:16.572+0000] {logging_mixin.py:188} INFO - [2026-03-26T15:13:16.572+0000] {dag.py:3036} INFO - Sync 1 DAGs
[2026-03-26T15:13:16.596+0000] {logging_mixin.py:188} INFO - [2026-03-26T15:13:16.595+0000] {dag.py:3823} INFO - Setting next_dagrun for weekly_summary_pipeline to 2026-03-23 06:00:00+00:00, run_after=2026-03-30 06:00:00+00:00
[2026-03-26T15:13:16.620+0000] {processor.py:183} INFO - Processing /opt/airflow/dags/weekly_summary_pipeline.py took 0.105 seconds
[2026-03-26T15:13:46.705+0000] {processor.py:161} INFO - Started process (PID=1721) to work on /opt/airflow/dags/weekly_summary_pipeline.py
[2026-03-26T15:13:46.706+0000] {processor.py:830} INFO - Processing file /opt/airflow/dags/weekly_summary_pipeline.py for tasks to queue
[2026-03-26T15:13:46.707+0000] {logging_mixin.py:188} INFO - [2026-03-26T15:13:46.707+0000] {dagbag.py:538} INFO - Filling up the DagBag from /opt/airflow/dags/weekly_summary_pipeline.py
[2026-03-26T15:13:46.735+0000] {processor.py:840} INFO - DAG(s) 'weekly_summary_pipeline' retrieved from /opt/airflow/dags/weekly_summary_pipeline.py
[2026-03-26T15:13:46.775+0000] {logging_mixin.py:188} INFO - [2026-03-26T15:13:46.775+0000] {dag.py:3036} INFO - Sync 1 DAGs
[2026-03-26T15:13:46.802+0000] {logging_mixin.py:188} INFO - [2026-03-26T15:13:46.802+0000] {dag.py:3823} INFO - Setting next_dagrun for weekly_summary_pipeline to 2026-03-23 06:00:00+00:00, run_after=2026-03-30 06:00:00+00:00
[2026-03-26T15:13:46.827+0000] {processor.py:183} INFO - Processing /opt/airflow/dags/weekly_summary_pipeline.py took 0.124 seconds
[2026-03-26T15:14:19.103+0000] {processor.py:161} INFO - Started process (PID=1745) to work on /opt/airflow/dags/weekly_summary_pipeline.py
[2026-03-26T15:14:19.104+0000] {processor.py:830} INFO - Processing file /opt/airflow/dags/weekly_summary_pipeline.py for tasks to queue
[2026-03-26T15:14:19.105+0000] {logging_mixin.py:188} INFO - [2026-03-26T15:14:19.104+0000] {dagbag.py:538} INFO - Filling up the DagBag from /opt/airflow/dags/weekly_summary_pipeline.py
[2026-03-26T15:14:19.128+0000] {processor.py:840} INFO - DAG(s) 'weekly_summary_pipeline' retrieved from /opt/airflow/dags/weekly_summary_pipeline.py
[2026-03-26T15:14:19.161+0000] {logging_mixin.py:188} INFO - [2026-03-26T15:14:19.161+0000] {dag.py:3036} INFO - Sync 1 DAGs
[2026-03-26T15:14:19.184+0000] {logging_mixin.py:188} INFO - [2026-03-26T15:14:19.184+0000] {dag.py:3823} INFO - Setting next_dagrun for weekly_summary_pipeline to 2026-03-23 06:00:00+00:00, run_after=2026-03-30 06:00:00+00:00
[2026-03-26T15:14:19.205+0000] {processor.py:183} INFO - Processing /opt/airflow/dags/weekly_summary_pipeline.py took 0.105 seconds
[2026-03-26T15:14:50.377+0000] {processor.py:161} INFO - Started process (PID=1768) to work on /opt/airflow/dags/weekly_summary_pipeline.py
[2026-03-26T15:14:50.378+0000] {processor.py:830} INFO - Processing file /opt/airflow/dags/weekly_summary_pipeline.py for tasks to queue
[2026-03-26T15:14:50.379+0000] {logging_mixin.py:188} INFO - [2026-03-26T15:14:50.379+0000] {dagbag.py:538} INFO - Filling up the DagBag from /opt/airflow/dags/weekly_summary_pipeline.py
[2026-03-26T15:14:50.402+0000] {processor.py:840} INFO - DAG(s) 'weekly_summary_pipeline' retrieved from /opt/airflow/dags/weekly_summary_pipeline.py
[2026-03-26T15:14:50.436+0000] {logging_mixin.py:188} INFO - [2026-03-26T15:14:50.436+0000] {dag.py:3036} INFO - Sync 1 DAGs
[2026-03-26T15:14:50.462+0000] {logging_mixin.py:188} INFO - [2026-03-26T15:14:50.462+0000] {dag.py:3823} INFO - Setting next_dagrun for weekly_summary_pipeline to 2026-03-23 06:00:00+00:00, run_after=2026-03-30 06:00:00+00:00
[2026-03-26T15:14:50.483+0000] {processor.py:183} INFO - Processing /opt/airflow/dags/weekly_summary_pipeline.py took 0.109 seconds
[2026-03-26T15:15:22.631+0000] {processor.py:161} INFO - Started process (PID=1791) to work on /opt/airflow/dags/weekly_summary_pipeline.py
[2026-03-26T15:15:22.634+0000] {processor.py:830} INFO - Processing file /opt/airflow/dags/weekly_summary_pipeline.py for tasks to queue
[2026-03-26T15:15:22.636+0000] {logging_mixin.py:188} INFO - [2026-03-26T15:15:22.635+0000] {dagbag.py:538} INFO - Filling up the DagBag from /opt/airflow/dags/weekly_summary_pipeline.py
[2026-03-26T15:15:22.671+0000] {processor.py:840} INFO - DAG(s) 'weekly_summary_pipeline' retrieved from /opt/airflow/dags/weekly_summary_pipeline.py
[2026-03-26T15:15:22.713+0000] {logging_mixin.py:188} INFO - [2026-03-26T15:15:22.713+0000] {dag.py:3036} INFO - Sync 1 DAGs
[2026-03-26T15:15:22.751+0000] {logging_mixin.py:188} INFO - [2026-03-26T15:15:22.750+0000] {dag.py:3823} INFO - Setting next_dagrun for weekly_summary_pipeline to 2026-03-23 06:00:00+00:00, run_after=2026-03-30 06:00:00+00:00
[2026-03-26T15:15:22.784+0000] {processor.py:183} INFO - Processing /opt/airflow/dags/weekly_summary_pipeline.py took 0.159 seconds
[2026-03-26T15:15:52.894+0000] {processor.py:161} INFO - Started process (PID=1806) to work on /opt/airflow/dags/weekly_summary_pipeline.py
[2026-03-26T15:15:52.896+0000] {processor.py:830} INFO - Processing file /opt/airflow/dags/weekly_summary_pipeline.py for tasks to queue
[2026-03-26T15:15:52.897+0000] {logging_mixin.py:188} INFO - [2026-03-26T15:15:52.897+0000] {dagbag.py:538} INFO - Filling up the DagBag from /opt/airflow/dags/weekly_summary_pipeline.py
[2026-03-26T15:15:52.926+0000] {processor.py:840} INFO - DAG(s) 'weekly_summary_pipeline' retrieved from /opt/airflow/dags/weekly_summary_pipeline.py
[2026-03-26T15:15:52.959+0000] {logging_mixin.py:188} INFO - [2026-03-26T15:15:52.959+0000] {dag.py:3036} INFO - Sync 1 DAGs
[2026-03-26T15:15:52.983+0000] {logging_mixin.py:188} INFO - [2026-03-26T15:15:52.983+0000] {dag.py:3823} INFO - Setting next_dagrun for weekly_summary_pipeline to 2026-03-23 06:00:00+00:00, run_after=2026-03-30 06:00:00+00:00
[2026-03-26T15:15:53.009+0000] {processor.py:183} INFO - Processing /opt/airflow/dags/weekly_summary_pipeline.py took 0.118 seconds
[2026-03-26T15:16:23.312+0000] {processor.py:161} INFO - Started process (PID=1829) to work on /opt/airflow/dags/weekly_summary_pipeline.py
[2026-03-26T15:16:23.313+0000] {processor.py:830} INFO - Processing file /opt/airflow/dags/weekly_summary_pipeline.py for tasks to queue
[2026-03-26T15:16:23.314+0000] {logging_mixin.py:188} INFO - [2026-03-26T15:16:23.314+0000] {dagbag.py:538} INFO - Filling up the DagBag from /opt/airflow/dags/weekly_summary_pipeline.py
[2026-03-26T15:16:23.335+0000] {processor.py:840} INFO - DAG(s) 'weekly_summary_pipeline' retrieved from /opt/airflow/dags/weekly_summary_pipeline.py
[2026-03-26T15:16:23.364+0000] {logging_mixin.py:188} INFO - [2026-03-26T15:16:23.364+0000] {dag.py:3036} INFO - Sync 1 DAGs
[2026-03-26T15:16:23.389+0000] {logging_mixin.py:188} INFO - [2026-03-26T15:16:23.388+0000] {dag.py:3823} INFO - Setting next_dagrun for weekly_summary_pipeline to 2026-03-23 06:00:00+00:00, run_after=2026-03-30 06:00:00+00:00
[2026-03-26T15:16:23.409+0000] {processor.py:183} INFO - Processing /opt/airflow/dags/weekly_summary_pipeline.py took 0.101 seconds
[2026-03-26T15:16:53.445+0000] {processor.py:161} INFO - Started process (PID=1852) to work on /opt/airflow/dags/weekly_summary_pipeline.py
[2026-03-26T15:16:53.446+0000] {processor.py:830} INFO - Processing file /opt/airflow/dags/weekly_summary_pipeline.py for tasks to queue
[2026-03-26T15:16:53.447+0000] {logging_mixin.py:188} INFO - [2026-03-26T15:16:53.447+0000] {dagbag.py:538} INFO - Filling up the DagBag from /opt/airflow/dags/weekly_summary_pipeline.py
[2026-03-26T15:16:53.469+0000] {processor.py:840} INFO - DAG(s) 'weekly_summary_pipeline' retrieved from /opt/airflow/dags/weekly_summary_pipeline.py
[2026-03-26T15:16:53.498+0000] {logging_mixin.py:188} INFO - [2026-03-26T15:16:53.498+0000] {dag.py:3036} INFO - Sync 1 DAGs
[2026-03-26T15:16:53.521+0000] {logging_mixin.py:188} INFO - [2026-03-26T15:16:53.520+0000] {dag.py:3823} INFO - Setting next_dagrun for weekly_summary_pipeline to 2026-03-23 06:00:00+00:00, run_after=2026-03-30 06:00:00+00:00
[2026-03-26T15:16:53.539+0000] {processor.py:183} INFO - Processing /opt/airflow/dags/weekly_summary_pipeline.py took 0.096 seconds
[2026-03-26T15:17:23.697+0000] {processor.py:161} INFO - Started process (PID=1875) to work on /opt/airflow/dags/weekly_summary_pipeline.py
[2026-03-26T15:17:23.698+0000] {processor.py:830} INFO - Processing file /opt/airflow/dags/weekly_summary_pipeline.py for tasks to queue
[2026-03-26T15:17:23.699+0000] {logging_mixin.py:188} INFO - [2026-03-26T15:17:23.699+0000] {dagbag.py:538} INFO - Filling up the DagBag from /opt/airflow/dags/weekly_summary_pipeline.py
[2026-03-26T15:17:23.720+0000] {processor.py:840} INFO - DAG(s) 'weekly_summary_pipeline' retrieved from /opt/airflow/dags/weekly_summary_pipeline.py
[2026-03-26T15:17:23.749+0000] {logging_mixin.py:188} INFO - [2026-03-26T15:17:23.748+0000] {dag.py:3036} INFO - Sync 1 DAGs
[2026-03-26T15:17:23.774+0000] {logging_mixin.py:188} INFO - [2026-03-26T15:17:23.773+0000] {dag.py:3823} INFO - Setting next_dagrun for weekly_summary_pipeline to 2026-03-23 06:00:00+00:00, run_after=2026-03-30 06:00:00+00:00
[2026-03-26T15:17:23.794+0000] {processor.py:183} INFO - Processing /opt/airflow/dags/weekly_summary_pipeline.py took 0.100 seconds
[2026-03-26T15:17:53.928+0000] {processor.py:161} INFO - Started process (PID=1898) to work on /opt/airflow/dags/weekly_summary_pipeline.py
[2026-03-26T15:17:53.929+0000] {processor.py:830} INFO - Processing file /opt/airflow/dags/weekly_summary_pipeline.py for tasks to queue
[2026-03-26T15:17:53.930+0000] {logging_mixin.py:188} INFO - [2026-03-26T15:17:53.930+0000] {dagbag.py:538} INFO - Filling up the DagBag from /opt/airflow/dags/weekly_summary_pipeline.py
[2026-03-26T15:17:53.952+0000] {processor.py:840} INFO - DAG(s) 'weekly_summary_pipeline' retrieved from /opt/airflow/dags/weekly_summary_pipeline.py
[2026-03-26T15:17:53.982+0000] {logging_mixin.py:188} INFO - [2026-03-26T15:17:53.981+0000] {dag.py:3036} INFO - Sync 1 DAGs
[2026-03-26T15:17:54.006+0000] {logging_mixin.py:188} INFO - [2026-03-26T15:17:54.006+0000] {dag.py:3823} INFO - Setting next_dagrun for weekly_summary_pipeline to 2026-03-23 06:00:00+00:00, run_after=2026-03-30 06:00:00+00:00
[2026-03-26T15:17:54.025+0000] {processor.py:183} INFO - Processing /opt/airflow/dags/weekly_summary_pipeline.py took 0.100 seconds
[2026-03-26T15:18:24.116+0000] {processor.py:161} INFO - Started process (PID=1921) to work on /opt/airflow/dags/weekly_summary_pipeline.py
[2026-03-26T15:18:24.117+0000] {processor.py:830} INFO - Processing file /opt/airflow/dags/weekly_summary_pipeline.py for tasks to queue
[2026-03-26T15:18:24.118+0000] {logging_mixin.py:188} INFO - [2026-03-26T15:18:24.118+0000] {dagbag.py:538} INFO - Filling up the DagBag from /opt/airflow/dags/weekly_summary_pipeline.py
[2026-03-26T15:18:24.136+0000] {processor.py:840} INFO - DAG(s) 'weekly_summary_pipeline' retrieved from /opt/airflow/dags/weekly_summary_pipeline.py
[2026-03-26T15:18:24.171+0000] {logging_mixin.py:188} INFO - [2026-03-26T15:18:24.171+0000] {dag.py:3036} INFO - Sync 1 DAGs
[2026-03-26T15:18:24.199+0000] {logging_mixin.py:188} INFO - [2026-03-26T15:18:24.199+0000] {dag.py:3823} INFO - Setting next_dagrun for weekly_summary_pipeline to 2026-03-23 06:00:00+00:00, run_after=2026-03-30 06:00:00+00:00
[2026-03-26T15:18:24.221+0000] {processor.py:183} INFO - Processing /opt/airflow/dags/weekly_summary_pipeline.py took 0.108 seconds
[2026-03-26T15:18:54.440+0000] {processor.py:161} INFO - Started process (PID=1944) to work on /opt/airflow/dags/weekly_summary_pipeline.py
[2026-03-26T15:18:54.441+0000] {processor.py:830} INFO - Processing file /opt/airflow/dags/weekly_summary_pipeline.py for tasks to queue
[2026-03-26T15:18:54.442+0000] {logging_mixin.py:188} INFO - [2026-03-26T15:18:54.441+0000] {dagbag.py:538} INFO - Filling up the DagBag from /opt/airflow/dags/weekly_summary_pipeline.py
[2026-03-26T15:18:54.466+0000] {processor.py:840} INFO - DAG(s) 'weekly_summary_pipeline' retrieved from /opt/airflow/dags/weekly_summary_pipeline.py
[2026-03-26T15:18:54.509+0000] {logging_mixin.py:188} INFO - [2026-03-26T15:18:54.509+0000] {dag.py:3036} INFO - Sync 1 DAGs
[2026-03-26T15:18:54.540+0000] {logging_mixin.py:188} INFO - [2026-03-26T15:18:54.540+0000] {dag.py:3823} INFO - Setting next_dagrun for weekly_summary_pipeline to 2026-03-23 06:00:00+00:00, run_after=2026-03-30 06:00:00+00:00
[2026-03-26T15:18:54.566+0000] {processor.py:183} INFO - Processing /opt/airflow/dags/weekly_summary_pipeline.py took 0.129 seconds
[2026-03-26T15:19:24.644+0000] {processor.py:161} INFO - Started process (PID=1967) to work on /opt/airflow/dags/weekly_summary_pipeline.py
[2026-03-26T15:19:24.646+0000] {processor.py:830} INFO - Processing file /opt/airflow/dags/weekly_summary_pipeline.py for tasks to queue
[2026-03-26T15:19:24.646+0000] {logging_mixin.py:188} INFO - [2026-03-26T15:19:24.646+0000] {dagbag.py:538} INFO - Filling up the DagBag from /opt/airflow/dags/weekly_summary_pipeline.py
[2026-03-26T15:19:24.667+0000] {processor.py:840} INFO - DAG(s) 'weekly_summary_pipeline' retrieved from /opt/airflow/dags/weekly_summary_pipeline.py
[2026-03-26T15:19:24.706+0000] {logging_mixin.py:188} INFO - [2026-03-26T15:19:24.705+0000] {dag.py:3036} INFO - Sync 1 DAGs
[2026-03-26T15:19:24.732+0000] {logging_mixin.py:188} INFO - [2026-03-26T15:19:24.732+0000] {dag.py:3823} INFO - Setting next_dagrun for weekly_summary_pipeline to 2026-03-23 06:00:00+00:00, run_after=2026-03-30 06:00:00+00:00
[2026-03-26T15:19:24.756+0000] {processor.py:183} INFO - Processing /opt/airflow/dags/weekly_summary_pipeline.py took 0.114 seconds
[2026-03-26T15:19:54.906+0000] {processor.py:161} INFO - Started process (PID=1990) to work on /opt/airflow/dags/weekly_summary_pipeline.py
[2026-03-26T15:19:54.908+0000] {processor.py:830} INFO - Processing file /opt/airflow/dags/weekly_summary_pipeline.py for tasks to queue
[2026-03-26T15:19:54.909+0000] {logging_mixin.py:188} INFO - [2026-03-26T15:19:54.909+0000] {dagbag.py:538} INFO - Filling up the DagBag from /opt/airflow/dags/weekly_summary_pipeline.py
[2026-03-26T15:19:54.944+0000] {processor.py:840} INFO - DAG(s) 'weekly_summary_pipeline' retrieved from /opt/airflow/dags/weekly_summary_pipeline.py
[2026-03-26T15:19:54.984+0000] {logging_mixin.py:188} INFO - [2026-03-26T15:19:54.984+0000] {dag.py:3036} INFO - Sync 1 DAGs
[2026-03-26T15:19:55.026+0000] {logging_mixin.py:188} INFO - [2026-03-26T15:19:55.026+0000] {dag.py:3823} INFO - Setting next_dagrun for weekly_summary_pipeline to 2026-03-23 06:00:00+00:00, run_after=2026-03-30 06:00:00+00:00
[2026-03-26T15:19:55.066+0000] {processor.py:183} INFO - Processing /opt/airflow/dags/weekly_summary_pipeline.py took 0.166 seconds
[2026-03-26T15:20:25.200+0000] {processor.py:161} INFO - Started process (PID=2005) to work on /opt/airflow/dags/weekly_summary_pipeline.py
[2026-03-26T15:20:25.201+0000] {processor.py:830} INFO - Processing file /opt/airflow/dags/weekly_summary_pipeline.py for tasks to queue
[2026-03-26T15:20:25.202+0000] {logging_mixin.py:188} INFO - [2026-03-26T15:20:25.201+0000] {dagbag.py:538} INFO - Filling up the DagBag from /opt/airflow/dags/weekly_summary_pipeline.py
[2026-03-26T15:20:25.221+0000] {processor.py:840} INFO - DAG(s) 'weekly_summary_pipeline' retrieved from /opt/airflow/dags/weekly_summary_pipeline.py
[2026-03-26T15:20:25.248+0000] {logging_mixin.py:188} INFO - [2026-03-26T15:20:25.248+0000] {dag.py:3036} INFO - Sync 1 DAGs
[2026-03-26T15:20:25.272+0000] {logging_mixin.py:188} INFO - [2026-03-26T15:20:25.272+0000] {dag.py:3823} INFO - Setting next_dagrun for weekly_summary_pipeline to 2026-03-23 06:00:00+00:00, run_after=2026-03-30 06:00:00+00:00
[2026-03-26T15:20:25.290+0000] {processor.py:183} INFO - Processing /opt/airflow/dags/weekly_summary_pipeline.py took 0.092 seconds
[2026-03-26T15:20:55.349+0000] {processor.py:161} INFO - Started process (PID=2028) to work on /opt/airflow/dags/weekly_summary_pipeline.py
[2026-03-26T15:20:55.350+0000] {processor.py:830} INFO - Processing file /opt/airflow/dags/weekly_summary_pipeline.py for tasks to queue
[2026-03-26T15:20:55.351+0000] {logging_mixin.py:188} INFO - [2026-03-26T15:20:55.351+0000] {dagbag.py:538} INFO - Filling up the DagBag from /opt/airflow/dags/weekly_summary_pipeline.py
[2026-03-26T15:20:55.372+0000] {processor.py:840} INFO - DAG(s) 'weekly_summary_pipeline' retrieved from /opt/airflow/dags/weekly_summary_pipeline.py
[2026-03-26T15:20:55.408+0000] {logging_mixin.py:188} INFO - [2026-03-26T15:20:55.407+0000] {dag.py:3036} INFO - Sync 1 DAGs
[2026-03-26T15:20:55.442+0000] {logging_mixin.py:188} INFO - [2026-03-26T15:20:55.441+0000] {dag.py:3823} INFO - Setting next_dagrun for weekly_summary_pipeline to 2026-03-23 06:00:00+00:00, run_after=2026-03-30 06:00:00+00:00
[2026-03-26T15:20:55.478+0000] {processor.py:183} INFO - Processing /opt/airflow/dags/weekly_summary_pipeline.py took 0.132 seconds
[2026-03-26T15:21:25.559+0000] {processor.py:161} INFO - Started process (PID=2051) to work on /opt/airflow/dags/weekly_summary_pipeline.py
[2026-03-26T15:21:25.560+0000] {processor.py:830} INFO - Processing file /opt/airflow/dags/weekly_summary_pipeline.py for tasks to queue
[2026-03-26T15:21:25.561+0000] {logging_mixin.py:188} INFO - [2026-03-26T15:21:25.561+0000] {dagbag.py:538} INFO - Filling up the DagBag from /opt/airflow/dags/weekly_summary_pipeline.py
[2026-03-26T15:21:25.584+0000] {processor.py:840} INFO - DAG(s) 'weekly_summary_pipeline' retrieved from /opt/airflow/dags/weekly_summary_pipeline.py
[2026-03-26T15:21:25.620+0000] {logging_mixin.py:188} INFO - [2026-03-26T15:21:25.619+0000] {dag.py:3036} INFO - Sync 1 DAGs
[2026-03-26T15:21:25.646+0000] {logging_mixin.py:188} INFO - [2026-03-26T15:21:25.645+0000] {dag.py:3823} INFO - Setting next_dagrun for weekly_summary_pipeline to 2026-03-23 06:00:00+00:00, run_after=2026-03-30 06:00:00+00:00
[2026-03-26T15:21:25.666+0000] {processor.py:183} INFO - Processing /opt/airflow/dags/weekly_summary_pipeline.py took 0.110 seconds
[2026-03-26T15:21:55.846+0000] {processor.py:161} INFO - Started process (PID=2074) to work on /opt/airflow/dags/weekly_summary_pipeline.py
[2026-03-26T15:21:55.847+0000] {processor.py:830} INFO - Processing file /opt/airflow/dags/weekly_summary_pipeline.py for tasks to queue
[2026-03-26T15:21:55.848+0000] {logging_mixin.py:188} INFO - [2026-03-26T15:21:55.848+0000] {dagbag.py:538} INFO - Filling up the DagBag from /opt/airflow/dags/weekly_summary_pipeline.py
[2026-03-26T15:21:55.867+0000] {processor.py:840} INFO - DAG(s) 'weekly_summary_pipeline' retrieved from /opt/airflow/dags/weekly_summary_pipeline.py
[2026-03-26T15:21:55.891+0000] {logging_mixin.py:188} INFO - [2026-03-26T15:21:55.891+0000] {dag.py:3036} INFO - Sync 1 DAGs
[2026-03-26T15:21:55.915+0000] {logging_mixin.py:188} INFO - [2026-03-26T15:21:55.914+0000] {dag.py:3823} INFO - Setting next_dagrun for weekly_summary_pipeline to 2026-03-23 06:00:00+00:00, run_after=2026-03-30 06:00:00+00:00
[2026-03-26T15:21:55.935+0000] {processor.py:183} INFO - Processing /opt/airflow/dags/weekly_summary_pipeline.py took 0.092 seconds
[2026-03-26T15:22:26.014+0000] {processor.py:161} INFO - Started process (PID=2097) to work on /opt/airflow/dags/weekly_summary_pipeline.py
[2026-03-26T15:22:26.015+0000] {processor.py:830} INFO - Processing file /opt/airflow/dags/weekly_summary_pipeline.py for tasks to queue
[2026-03-26T15:22:26.016+0000] {logging_mixin.py:188} INFO - [2026-03-26T15:22:26.016+0000] {dagbag.py:538} INFO - Filling up the DagBag from /opt/airflow/dags/weekly_summary_pipeline.py
[2026-03-26T15:22:26.035+0000] {processor.py:840} INFO - DAG(s) 'weekly_summary_pipeline' retrieved from /opt/airflow/dags/weekly_summary_pipeline.py
[2026-03-26T15:22:26.063+0000] {logging_mixin.py:188} INFO - [2026-03-26T15:22:26.063+0000] {dag.py:3036} INFO - Sync 1 DAGs
[2026-03-26T15:22:26.085+0000] {logging_mixin.py:188} INFO - [2026-03-26T15:22:26.085+0000] {dag.py:3823} INFO - Setting next_dagrun for weekly_summary_pipeline to 2026-03-23 06:00:00+00:00, run_after=2026-03-30 06:00:00+00:00
[2026-03-26T15:22:26.103+0000] {processor.py:183} INFO - Processing /opt/airflow/dags/weekly_summary_pipeline.py took 0.091 seconds
[2026-03-26T15:22:56.146+0000] {processor.py:161} INFO - Started process (PID=2120) to work on /opt/airflow/dags/weekly_summary_pipeline.py
[2026-03-26T15:22:56.146+0000] {processor.py:830} INFO - Processing file /opt/airflow/dags/weekly_summary_pipeline.py for tasks to queue
[2026-03-26T15:22:56.147+0000] {logging_mixin.py:188} INFO - [2026-03-26T15:22:56.147+0000] {dagbag.py:538} INFO - Filling up the DagBag from /opt/airflow/dags/weekly_summary_pipeline.py
[2026-03-26T15:22:56.166+0000] {processor.py:840} INFO - DAG(s) 'weekly_summary_pipeline' retrieved from /opt/airflow/dags/weekly_summary_pipeline.py
[2026-03-26T15:22:56.197+0000] {logging_mixin.py:188} INFO - [2026-03-26T15:22:56.197+0000] {dag.py:3036} INFO - Sync 1 DAGs
[2026-03-26T15:22:56.225+0000] {logging_mixin.py:188} INFO - [2026-03-26T15:22:56.224+0000] {dag.py:3823} INFO - Setting next_dagrun for weekly_summary_pipeline to 2026-03-23 06:00:00+00:00, run_after=2026-03-30 06:00:00+00:00
[2026-03-26T15:22:56.252+0000] {processor.py:183} INFO - Processing /opt/airflow/dags/weekly_summary_pipeline.py took 0.109 seconds
[2026-03-26T15:23:26.448+0000] {processor.py:161} INFO - Started process (PID=2143) to work on /opt/airflow/dags/weekly_summary_pipeline.py
[2026-03-26T15:23:26.449+0000] {processor.py:830} INFO - Processing file /opt/airflow/dags/weekly_summary_pipeline.py for tasks to queue
[2026-03-26T15:23:26.450+0000] {logging_mixin.py:188} INFO - [2026-03-26T15:23:26.449+0000] {dagbag.py:538} INFO - Filling up the DagBag from /opt/airflow/dags/weekly_summary_pipeline.py
[2026-03-26T15:23:26.473+0000] {processor.py:840} INFO - DAG(s) 'weekly_summary_pipeline' retrieved from /opt/airflow/dags/weekly_summary_pipeline.py
[2026-03-26T15:23:26.502+0000] {logging_mixin.py:188} INFO - [2026-03-26T15:23:26.502+0000] {dag.py:3036} INFO - Sync 1 DAGs
[2026-03-26T15:23:26.530+0000] {logging_mixin.py:188} INFO - [2026-03-26T15:23:26.530+0000] {dag.py:3823} INFO - Setting next_dagrun for weekly_summary_pipeline to 2026-03-23 06:00:00+00:00, run_after=2026-03-30 06:00:00+00:00
[2026-03-26T15:23:26.551+0000] {processor.py:183} INFO - Processing /opt/airflow/dags/weekly_summary_pipeline.py took 0.106 seconds
[2026-03-26T15:23:56.702+0000] {processor.py:161} INFO - Started process (PID=2166) to work on /opt/airflow/dags/weekly_summary_pipeline.py
[2026-03-26T15:23:56.703+0000] {processor.py:830} INFO - Processing file /opt/airflow/dags/weekly_summary_pipeline.py for tasks to queue
[2026-03-26T15:23:56.704+0000] {logging_mixin.py:188} INFO - [2026-03-26T15:23:56.704+0000] {dagbag.py:538} INFO - Filling up the DagBag from /opt/airflow/dags/weekly_summary_pipeline.py
[2026-03-26T15:23:56.723+0000] {processor.py:840} INFO - DAG(s) 'weekly_summary_pipeline' retrieved from /opt/airflow/dags/weekly_summary_pipeline.py
[2026-03-26T15:23:56.751+0000] {logging_mixin.py:188} INFO - [2026-03-26T15:23:56.751+0000] {dag.py:3036} INFO - Sync 1 DAGs
[2026-03-26T15:23:56.778+0000] {logging_mixin.py:188} INFO - [2026-03-26T15:23:56.777+0000] {dag.py:3823} INFO - Setting next_dagrun for weekly_summary_pipeline to 2026-03-23 06:00:00+00:00, run_after=2026-03-30 06:00:00+00:00
[2026-03-26T15:23:56.799+0000] {processor.py:183} INFO - Processing /opt/airflow/dags/weekly_summary_pipeline.py took 0.100 seconds
[2026-03-26T15:24:26.897+0000] {processor.py:161} INFO - Started process (PID=2187) to work on /opt/airflow/dags/weekly_summary_pipeline.py
[2026-03-26T15:24:26.899+0000] {processor.py:830} INFO - Processing file /opt/airflow/dags/weekly_summary_pipeline.py for tasks to queue
[2026-03-26T15:24:26.899+0000] {logging_mixin.py:188} INFO - [2026-03-26T15:24:26.899+0000] {dagbag.py:538} INFO - Filling up the DagBag from /opt/airflow/dags/weekly_summary_pipeline.py
[2026-03-26T15:24:26.919+0000] {processor.py:840} INFO - DAG(s) 'weekly_summary_pipeline' retrieved from /opt/airflow/dags/weekly_summary_pipeline.py
[2026-03-26T15:24:26.948+0000] {logging_mixin.py:188} INFO - [2026-03-26T15:24:26.948+0000] {dag.py:3036} INFO - Sync 1 DAGs
[2026-03-26T15:24:26.973+0000] {logging_mixin.py:188} INFO - [2026-03-26T15:24:26.972+0000] {dag.py:3823} INFO - Setting next_dagrun for weekly_summary_pipeline to 2026-03-23 06:00:00+00:00, run_after=2026-03-30 06:00:00+00:00
[2026-03-26T15:24:26.994+0000] {processor.py:183} INFO - Processing /opt/airflow/dags/weekly_summary_pipeline.py took 0.099 seconds
[2026-03-26T15:24:57.099+0000] {processor.py:161} INFO - Started process (PID=2204) to work on /opt/airflow/dags/weekly_summary_pipeline.py
[2026-03-26T15:24:57.100+0000] {processor.py:830} INFO - Processing file /opt/airflow/dags/weekly_summary_pipeline.py for tasks to queue
[2026-03-26T15:24:57.101+0000] {logging_mixin.py:188} INFO - [2026-03-26T15:24:57.100+0000] {dagbag.py:538} INFO - Filling up the DagBag from /opt/airflow/dags/weekly_summary_pipeline.py
[2026-03-26T15:24:57.120+0000] {processor.py:840} INFO - DAG(s) 'weekly_summary_pipeline' retrieved from /opt/airflow/dags/weekly_summary_pipeline.py
[2026-03-26T15:24:57.149+0000] {logging_mixin.py:188} INFO - [2026-03-26T15:24:57.149+0000] {dag.py:3036} INFO - Sync 1 DAGs
[2026-03-26T15:24:57.171+0000] {logging_mixin.py:188} INFO - [2026-03-26T15:24:57.170+0000] {dag.py:3823} INFO - Setting next_dagrun for weekly_summary_pipeline to 2026-03-23 06:00:00+00:00, run_after=2026-03-30 06:00:00+00:00
[2026-03-26T15:24:57.190+0000] {processor.py:183} INFO - Processing /opt/airflow/dags/weekly_summary_pipeline.py took 0.094 seconds
[2026-03-26T15:25:28.337+0000] {processor.py:161} INFO - Started process (PID=2227) to work on /opt/airflow/dags/weekly_summary_pipeline.py
[2026-03-26T15:25:28.338+0000] {processor.py:830} INFO - Processing file /opt/airflow/dags/weekly_summary_pipeline.py for tasks to queue
[2026-03-26T15:25:28.339+0000] {logging_mixin.py:188} INFO - [2026-03-26T15:25:28.338+0000] {dagbag.py:538} INFO - Filling up the DagBag from /opt/airflow/dags/weekly_summary_pipeline.py
[2026-03-26T15:25:28.358+0000] {processor.py:840} INFO - DAG(s) 'weekly_summary_pipeline' retrieved from /opt/airflow/dags/weekly_summary_pipeline.py
[2026-03-26T15:25:28.385+0000] {logging_mixin.py:188} INFO - [2026-03-26T15:25:28.385+0000] {dag.py:3036} INFO - Sync 1 DAGs
[2026-03-26T15:25:28.408+0000] {logging_mixin.py:188} INFO - [2026-03-26T15:25:28.408+0000] {dag.py:3823} INFO - Setting next_dagrun for weekly_summary_pipeline to 2026-03-23 06:00:00+00:00, run_after=2026-03-30 06:00:00+00:00
[2026-03-26T15:25:28.431+0000] {processor.py:183} INFO - Processing /opt/airflow/dags/weekly_summary_pipeline.py took 0.097 seconds
[2026-03-26T15:26:00.572+0000] {processor.py:161} INFO - Started process (PID=2250) to work on /opt/airflow/dags/weekly_summary_pipeline.py
[2026-03-26T15:26:00.573+0000] {processor.py:830} INFO - Processing file /opt/airflow/dags/weekly_summary_pipeline.py for tasks to queue
[2026-03-26T15:26:00.574+0000] {logging_mixin.py:188} INFO - [2026-03-26T15:26:00.573+0000] {dagbag.py:538} INFO - Filling up the DagBag from /opt/airflow/dags/weekly_summary_pipeline.py
[2026-03-26T15:26:00.591+0000] {processor.py:840} INFO - DAG(s) 'weekly_summary_pipeline' retrieved from /opt/airflow/dags/weekly_summary_pipeline.py
[2026-03-26T15:26:00.618+0000] {logging_mixin.py:188} INFO - [2026-03-26T15:26:00.618+0000] {dag.py:3036} INFO - Sync 1 DAGs
[2026-03-26T15:26:00.641+0000] {logging_mixin.py:188} INFO - [2026-03-26T15:26:00.641+0000] {dag.py:3823} INFO - Setting next_dagrun for weekly_summary_pipeline to 2026-03-23 06:00:00+00:00, run_after=2026-03-30 06:00:00+00:00
[2026-03-26T15:26:00.668+0000] {processor.py:183} INFO - Processing /opt/airflow/dags/weekly_summary_pipeline.py took 0.099 seconds
[2026-03-26T15:26:30.834+0000] {processor.py:161} INFO - Started process (PID=2273) to work on /opt/airflow/dags/weekly_summary_pipeline.py
[2026-03-26T15:26:30.835+0000] {processor.py:830} INFO - Processing file /opt/airflow/dags/weekly_summary_pipeline.py for tasks to queue
[2026-03-26T15:26:30.837+0000] {logging_mixin.py:188} INFO - [2026-03-26T15:26:30.836+0000] {dagbag.py:538} INFO - Filling up the DagBag from /opt/airflow/dags/weekly_summary_pipeline.py
[2026-03-26T15:26:30.859+0000] {processor.py:840} INFO - DAG(s) 'weekly_summary_pipeline' retrieved from /opt/airflow/dags/weekly_summary_pipeline.py
[2026-03-26T15:26:30.899+0000] {logging_mixin.py:188} INFO - [2026-03-26T15:26:30.899+0000] {dag.py:3036} INFO - Sync 1 DAGs
[2026-03-26T15:26:30.931+0000] {logging_mixin.py:188} INFO - [2026-03-26T15:26:30.930+0000] {dag.py:3823} INFO - Setting next_dagrun for weekly_summary_pipeline to 2026-03-23 06:00:00+00:00, run_after=2026-03-30 06:00:00+00:00
[2026-03-26T15:26:30.953+0000] {processor.py:183} INFO - Processing /opt/airflow/dags/weekly_summary_pipeline.py took 0.122 seconds
[2026-03-26T15:27:01.226+0000] {processor.py:161} INFO - Started process (PID=2297) to work on /opt/airflow/dags/weekly_summary_pipeline.py
[2026-03-26T15:27:01.227+0000] {processor.py:830} INFO - Processing file /opt/airflow/dags/weekly_summary_pipeline.py for tasks to queue
[2026-03-26T15:27:01.227+0000] {logging_mixin.py:188} INFO - [2026-03-26T15:27:01.227+0000] {dagbag.py:538} INFO - Filling up the DagBag from /opt/airflow/dags/weekly_summary_pipeline.py
[2026-03-26T15:27:01.252+0000] {processor.py:840} INFO - DAG(s) 'weekly_summary_pipeline' retrieved from /opt/airflow/dags/weekly_summary_pipeline.py
[2026-03-26T15:27:01.280+0000] {logging_mixin.py:188} INFO - [2026-03-26T15:27:01.280+0000] {dag.py:3036} INFO - Sync 1 DAGs
[2026-03-26T15:27:01.304+0000] {logging_mixin.py:188} INFO - [2026-03-26T15:27:01.304+0000] {dag.py:3823} INFO - Setting next_dagrun for weekly_summary_pipeline to 2026-03-23 06:00:00+00:00, run_after=2026-03-30 06:00:00+00:00
[2026-03-26T15:27:01.325+0000] {processor.py:183} INFO - Processing /opt/airflow/dags/weekly_summary_pipeline.py took 0.103 seconds
[2026-03-26T15:27:31.398+0000] {processor.py:161} INFO - Started process (PID=2320) to work on /opt/airflow/dags/weekly_summary_pipeline.py
[2026-03-26T15:27:31.399+0000] {processor.py:830} INFO - Processing file /opt/airflow/dags/weekly_summary_pipeline.py for tasks to queue
[2026-03-26T15:27:31.400+0000] {logging_mixin.py:188} INFO - [2026-03-26T15:27:31.400+0000] {dagbag.py:538} INFO - Filling up the DagBag from /opt/airflow/dags/weekly_summary_pipeline.py
[2026-03-26T15:27:31.422+0000] {processor.py:840} INFO - DAG(s) 'weekly_summary_pipeline' retrieved from /opt/airflow/dags/weekly_summary_pipeline.py
[2026-03-26T15:27:31.477+0000] {logging_mixin.py:188} INFO - [2026-03-26T15:27:31.477+0000] {dag.py:3036} INFO - Sync 1 DAGs
[2026-03-26T15:27:31.503+0000] {logging_mixin.py:188} INFO - [2026-03-26T15:27:31.503+0000] {dag.py:3823} INFO - Setting next_dagrun for weekly_summary_pipeline to 2026-03-23 06:00:00+00:00, run_after=2026-03-30 06:00:00+00:00
[2026-03-26T15:27:31.526+0000] {processor.py:183} INFO - Processing /opt/airflow/dags/weekly_summary_pipeline.py took 0.130 seconds
[2026-03-26T15:28:01.708+0000] {processor.py:161} INFO - Started process (PID=2343) to work on /opt/airflow/dags/weekly_summary_pipeline.py
[2026-03-26T15:28:01.709+0000] {processor.py:830} INFO - Processing file /opt/airflow/dags/weekly_summary_pipeline.py for tasks to queue
[2026-03-26T15:28:01.710+0000] {logging_mixin.py:188} INFO - [2026-03-26T15:28:01.710+0000] {dagbag.py:538} INFO - Filling up the DagBag from /opt/airflow/dags/weekly_summary_pipeline.py
[2026-03-26T15:28:01.728+0000] {processor.py:840} INFO - DAG(s) 'weekly_summary_pipeline' retrieved from /opt/airflow/dags/weekly_summary_pipeline.py
[2026-03-26T15:28:01.757+0000] {logging_mixin.py:188} INFO - [2026-03-26T15:28:01.757+0000] {dag.py:3036} INFO - Sync 1 DAGs
[2026-03-26T15:28:01.783+0000] {logging_mixin.py:188} INFO - [2026-03-26T15:28:01.782+0000] {dag.py:3823} INFO - Setting next_dagrun for weekly_summary_pipeline to 2026-03-23 06:00:00+00:00, run_after=2026-03-30 06:00:00+00:00
[2026-03-26T15:28:01.803+0000] {processor.py:183} INFO - Processing /opt/airflow/dags/weekly_summary_pipeline.py took 0.097 seconds
[2026-03-26T15:28:31.938+0000] {processor.py:161} INFO - Started process (PID=2366) to work on /opt/airflow/dags/weekly_summary_pipeline.py
[2026-03-26T15:28:31.940+0000] {processor.py:830} INFO - Processing file /opt/airflow/dags/weekly_summary_pipeline.py for tasks to queue
[2026-03-26T15:28:31.940+0000] {logging_mixin.py:188} INFO - [2026-03-26T15:28:31.940+0000] {dagbag.py:538} INFO - Filling up the DagBag from /opt/airflow/dags/weekly_summary_pipeline.py
[2026-03-26T15:28:31.969+0000] {processor.py:840} INFO - DAG(s) 'weekly_summary_pipeline' retrieved from /opt/airflow/dags/weekly_summary_pipeline.py
[2026-03-26T15:28:32.001+0000] {logging_mixin.py:188} INFO - [2026-03-26T15:28:32.000+0000] {dag.py:3036} INFO - Sync 1 DAGs
[2026-03-26T15:28:32.031+0000] {logging_mixin.py:188} INFO - [2026-03-26T15:28:32.031+0000] {dag.py:3823} INFO - Setting next_dagrun for weekly_summary_pipeline to 2026-03-23 06:00:00+00:00, run_after=2026-03-30 06:00:00+00:00
[2026-03-26T15:28:32.056+0000] {processor.py:183} INFO - Processing /opt/airflow/dags/weekly_summary_pipeline.py took 0.120 seconds
[2026-03-26T15:29:02.203+0000] {processor.py:161} INFO - Started process (PID=2389) to work on /opt/airflow/dags/weekly_summary_pipeline.py
[2026-03-26T15:29:02.205+0000] {processor.py:830} INFO - Processing file /opt/airflow/dags/weekly_summary_pipeline.py for tasks to queue
[2026-03-26T15:29:02.206+0000] {logging_mixin.py:188} INFO - [2026-03-26T15:29:02.205+0000] {dagbag.py:538} INFO - Filling up the DagBag from /opt/airflow/dags/weekly_summary_pipeline.py
[2026-03-26T15:29:02.227+0000] {processor.py:840} INFO - DAG(s) 'weekly_summary_pipeline' retrieved from /opt/airflow/dags/weekly_summary_pipeline.py
[2026-03-26T15:29:02.258+0000] {logging_mixin.py:188} INFO - [2026-03-26T15:29:02.257+0000] {dag.py:3036} INFO - Sync 1 DAGs
[2026-03-26T15:29:02.288+0000] {logging_mixin.py:188} INFO - [2026-03-26T15:29:02.288+0000] {dag.py:3823} INFO - Setting next_dagrun for weekly_summary_pipeline to 2026-03-23 06:00:00+00:00, run_after=2026-03-30 06:00:00+00:00
[2026-03-26T15:29:02.317+0000] {processor.py:183} INFO - Processing /opt/airflow/dags/weekly_summary_pipeline.py took 0.117 seconds
[2026-03-26T15:29:32.538+0000] {processor.py:161} INFO - Started process (PID=2404) to work on /opt/airflow/dags/weekly_summary_pipeline.py
[2026-03-26T15:29:32.539+0000] {processor.py:830} INFO - Processing file /opt/airflow/dags/weekly_summary_pipeline.py for tasks to queue
[2026-03-26T15:29:32.541+0000] {logging_mixin.py:188} INFO - [2026-03-26T15:29:32.541+0000] {dagbag.py:538} INFO - Filling up the DagBag from /opt/airflow/dags/weekly_summary_pipeline.py
[2026-03-26T15:29:32.570+0000] {processor.py:840} INFO - DAG(s) 'weekly_summary_pipeline' retrieved from /opt/airflow/dags/weekly_summary_pipeline.py
[2026-03-26T15:29:32.613+0000] {logging_mixin.py:188} INFO - [2026-03-26T15:29:32.613+0000] {dag.py:3036} INFO - Sync 1 DAGs
[2026-03-26T15:29:32.641+0000] {logging_mixin.py:188} INFO - [2026-03-26T15:29:32.641+0000] {dag.py:3823} INFO - Setting next_dagrun for weekly_summary_pipeline to 2026-03-23 06:00:00+00:00, run_after=2026-03-30 06:00:00+00:00
[2026-03-26T15:29:32.667+0000] {processor.py:183} INFO - Processing /opt/airflow/dags/weekly_summary_pipeline.py took 0.132 seconds
[2026-03-26T15:30:02.796+0000] {processor.py:161} INFO - Started process (PID=2427) to work on /opt/airflow/dags/weekly_summary_pipeline.py
[2026-03-26T15:30:02.797+0000] {processor.py:830} INFO - Processing file /opt/airflow/dags/weekly_summary_pipeline.py for tasks to queue
[2026-03-26T15:30:02.798+0000] {logging_mixin.py:188} INFO - [2026-03-26T15:30:02.798+0000] {dagbag.py:538} INFO - Filling up the DagBag from /opt/airflow/dags/weekly_summary_pipeline.py
[2026-03-26T15:30:02.820+0000] {processor.py:840} INFO - DAG(s) 'weekly_summary_pipeline' retrieved from /opt/airflow/dags/weekly_summary_pipeline.py
[2026-03-26T15:30:02.849+0000] {logging_mixin.py:188} INFO - [2026-03-26T15:30:02.848+0000] {dag.py:3036} INFO - Sync 1 DAGs
[2026-03-26T15:30:02.875+0000] {logging_mixin.py:188} INFO - [2026-03-26T15:30:02.875+0000] {dag.py:3823} INFO - Setting next_dagrun for weekly_summary_pipeline to 2026-03-23 06:00:00+00:00, run_after=2026-03-30 06:00:00+00:00
[2026-03-26T15:30:02.894+0000] {processor.py:183} INFO - Processing /opt/airflow/dags/weekly_summary_pipeline.py took 0.100 seconds
[2026-03-26T15:30:33.112+0000] {processor.py:161} INFO - Started process (PID=2450) to work on /opt/airflow/dags/weekly_summary_pipeline.py
[2026-03-26T15:30:33.113+0000] {processor.py:830} INFO - Processing file /opt/airflow/dags/weekly_summary_pipeline.py for tasks to queue
[2026-03-26T15:30:33.114+0000] {logging_mixin.py:188} INFO - [2026-03-26T15:30:33.113+0000] {dagbag.py:538} INFO - Filling up the DagBag from /opt/airflow/dags/weekly_summary_pipeline.py
[2026-03-26T15:30:33.137+0000] {processor.py:840} INFO - DAG(s) 'weekly_summary_pipeline' retrieved from /opt/airflow/dags/weekly_summary_pipeline.py
[2026-03-26T15:30:33.170+0000] {logging_mixin.py:188} INFO - [2026-03-26T15:30:33.170+0000] {dag.py:3036} INFO - Sync 1 DAGs
[2026-03-26T15:30:33.197+0000] {logging_mixin.py:188} INFO - [2026-03-26T15:30:33.197+0000] {dag.py:3823} INFO - Setting next_dagrun for weekly_summary_pipeline to 2026-03-23 06:00:00+00:00, run_after=2026-03-30 06:00:00+00:00
[2026-03-26T15:30:33.221+0000] {processor.py:183} INFO - Processing /opt/airflow/dags/weekly_summary_pipeline.py took 0.112 seconds
[2026-03-26T15:31:03.298+0000] {processor.py:161} INFO - Started process (PID=2473) to work on /opt/airflow/dags/weekly_summary_pipeline.py
[2026-03-26T15:31:03.299+0000] {processor.py:830} INFO - Processing file /opt/airflow/dags/weekly_summary_pipeline.py for tasks to queue
[2026-03-26T15:31:03.300+0000] {logging_mixin.py:188} INFO - [2026-03-26T15:31:03.299+0000] {dagbag.py:538} INFO - Filling up the DagBag from /opt/airflow/dags/weekly_summary_pipeline.py
[2026-03-26T15:31:03.320+0000] {processor.py:840} INFO - DAG(s) 'weekly_summary_pipeline' retrieved from /opt/airflow/dags/weekly_summary_pipeline.py
[2026-03-26T15:31:03.354+0000] {logging_mixin.py:188} INFO - [2026-03-26T15:31:03.353+0000] {dag.py:3036} INFO - Sync 1 DAGs
[2026-03-26T15:31:03.380+0000] {logging_mixin.py:188} INFO - [2026-03-26T15:31:03.380+0000] {dag.py:3823} INFO - Setting next_dagrun for weekly_summary_pipeline to 2026-03-23 06:00:00+00:00, run_after=2026-03-30 06:00:00+00:00
[2026-03-26T15:31:03.399+0000] {processor.py:183} INFO - Processing /opt/airflow/dags/weekly_summary_pipeline.py took 0.103 seconds
[2026-03-26T15:31:33.486+0000] {processor.py:161} INFO - Started process (PID=2496) to work on /opt/airflow/dags/weekly_summary_pipeline.py
[2026-03-26T15:31:33.487+0000] {processor.py:830} INFO - Processing file /opt/airflow/dags/weekly_summary_pipeline.py for tasks to queue
[2026-03-26T15:31:33.488+0000] {logging_mixin.py:188} INFO - [2026-03-26T15:31:33.488+0000] {dagbag.py:538} INFO - Filling up the DagBag from /opt/airflow/dags/weekly_summary_pipeline.py
[2026-03-26T15:31:33.509+0000] {processor.py:840} INFO - DAG(s) 'weekly_summary_pipeline' retrieved from /opt/airflow/dags/weekly_summary_pipeline.py
[2026-03-26T15:31:33.540+0000] {logging_mixin.py:188} INFO - [2026-03-26T15:31:33.540+0000] {dag.py:3036} INFO - Sync 1 DAGs
[2026-03-26T15:31:33.564+0000] {logging_mixin.py:188} INFO - [2026-03-26T15:31:33.564+0000] {dag.py:3823} INFO - Setting next_dagrun for weekly_summary_pipeline to 2026-03-23 06:00:00+00:00, run_after=2026-03-30 06:00:00+00:00
[2026-03-26T15:31:33.585+0000] {processor.py:183} INFO - Processing /opt/airflow/dags/weekly_summary_pipeline.py took 0.102 seconds
[2026-03-26T15:32:03.692+0000] {processor.py:161} INFO - Started process (PID=2519) to work on /opt/airflow/dags/weekly_summary_pipeline.py
[2026-03-26T15:32:03.694+0000] {processor.py:830} INFO - Processing file /opt/airflow/dags/weekly_summary_pipeline.py for tasks to queue
[2026-03-26T15:32:03.694+0000] {logging_mixin.py:188} INFO - [2026-03-26T15:32:03.694+0000] {dagbag.py:538} INFO - Filling up the DagBag from /opt/airflow/dags/weekly_summary_pipeline.py
[2026-03-26T15:32:03.715+0000] {processor.py:840} INFO - DAG(s) 'weekly_summary_pipeline' retrieved from /opt/airflow/dags/weekly_summary_pipeline.py
[2026-03-26T15:32:03.741+0000] {logging_mixin.py:188} INFO - [2026-03-26T15:32:03.741+0000] {dag.py:3036} INFO - Sync 1 DAGs
[2026-03-26T15:32:03.764+0000] {logging_mixin.py:188} INFO - [2026-03-26T15:32:03.763+0000] {dag.py:3823} INFO - Setting next_dagrun for weekly_summary_pipeline to 2026-03-23 06:00:00+00:00, run_after=2026-03-30 06:00:00+00:00
[2026-03-26T15:32:03.785+0000] {processor.py:183} INFO - Processing /opt/airflow/dags/weekly_summary_pipeline.py took 0.096 seconds
[2026-03-26T15:32:33.922+0000] {processor.py:161} INFO - Started process (PID=2542) to work on /opt/airflow/dags/weekly_summary_pipeline.py
[2026-03-26T15:32:33.923+0000] {processor.py:830} INFO - Processing file /opt/airflow/dags/weekly_summary_pipeline.py for tasks to queue
[2026-03-26T15:32:33.924+0000] {logging_mixin.py:188} INFO - [2026-03-26T15:32:33.924+0000] {dagbag.py:538} INFO - Filling up the DagBag from /opt/airflow/dags/weekly_summary_pipeline.py
[2026-03-26T15:32:33.947+0000] {processor.py:840} INFO - DAG(s) 'weekly_summary_pipeline' retrieved from /opt/airflow/dags/weekly_summary_pipeline.py
[2026-03-26T15:32:33.983+0000] {logging_mixin.py:188} INFO - [2026-03-26T15:32:33.983+0000] {dag.py:3036} INFO - Sync 1 DAGs
[2026-03-26T15:32:34.008+0000] {logging_mixin.py:188} INFO - [2026-03-26T15:32:34.008+0000] {dag.py:3823} INFO - Setting next_dagrun for weekly_summary_pipeline to 2026-03-23 06:00:00+00:00, run_after=2026-03-30 06:00:00+00:00
[2026-03-26T15:32:34.031+0000] {processor.py:183} INFO - Processing /opt/airflow/dags/weekly_summary_pipeline.py took 0.112 seconds
[2026-03-26T15:33:04.109+0000] {processor.py:161} INFO - Started process (PID=2565) to work on /opt/airflow/dags/weekly_summary_pipeline.py
[2026-03-26T15:33:04.111+0000] {processor.py:830} INFO - Processing file /opt/airflow/dags/weekly_summary_pipeline.py for tasks to queue
[2026-03-26T15:33:04.112+0000] {logging_mixin.py:188} INFO - [2026-03-26T15:33:04.111+0000] {dagbag.py:538} INFO - Filling up the DagBag from /opt/airflow/dags/weekly_summary_pipeline.py
[2026-03-26T15:33:04.132+0000] {processor.py:840} INFO - DAG(s) 'weekly_summary_pipeline' retrieved from /opt/airflow/dags/weekly_summary_pipeline.py
[2026-03-26T15:33:04.159+0000] {logging_mixin.py:188} INFO - [2026-03-26T15:33:04.159+0000] {dag.py:3036} INFO - Sync 1 DAGs
[2026-03-26T15:33:04.182+0000] {logging_mixin.py:188} INFO - [2026-03-26T15:33:04.182+0000] {dag.py:3823} INFO - Setting next_dagrun for weekly_summary_pipeline to 2026-03-23 06:00:00+00:00, run_after=2026-03-30 06:00:00+00:00
[2026-03-26T15:33:04.203+0000] {processor.py:183} INFO - Processing /opt/airflow/dags/weekly_summary_pipeline.py took 0.097 seconds
[2026-03-26T15:33:34.290+0000] {processor.py:161} INFO - Started process (PID=2588) to work on /opt/airflow/dags/weekly_summary_pipeline.py
[2026-03-26T15:33:34.292+0000] {processor.py:830} INFO - Processing file /opt/airflow/dags/weekly_summary_pipeline.py for tasks to queue
[2026-03-26T15:33:34.293+0000] {logging_mixin.py:188} INFO - [2026-03-26T15:33:34.293+0000] {dagbag.py:538} INFO - Filling up the DagBag from /opt/airflow/dags/weekly_summary_pipeline.py
[2026-03-26T15:33:34.315+0000] {processor.py:840} INFO - DAG(s) 'weekly_summary_pipeline' retrieved from /opt/airflow/dags/weekly_summary_pipeline.py
[2026-03-26T15:33:34.348+0000] {logging_mixin.py:188} INFO - [2026-03-26T15:33:34.348+0000] {dag.py:3036} INFO - Sync 1 DAGs
[2026-03-26T15:33:34.374+0000] {logging_mixin.py:188} INFO - [2026-03-26T15:33:34.374+0000] {dag.py:3823} INFO - Setting next_dagrun for weekly_summary_pipeline to 2026-03-23 06:00:00+00:00, run_after=2026-03-30 06:00:00+00:00
[2026-03-26T15:33:34.396+0000] {processor.py:183} INFO - Processing /opt/airflow/dags/weekly_summary_pipeline.py took 0.109 seconds
[2026-03-26T15:34:04.585+0000] {processor.py:161} INFO - Started process (PID=2603) to work on /opt/airflow/dags/weekly_summary_pipeline.py
[2026-03-26T15:34:04.586+0000] {processor.py:830} INFO - Processing file /opt/airflow/dags/weekly_summary_pipeline.py for tasks to queue
[2026-03-26T15:34:04.587+0000] {logging_mixin.py:188} INFO - [2026-03-26T15:34:04.586+0000] {dagbag.py:538} INFO - Filling up the DagBag from /opt/airflow/dags/weekly_summary_pipeline.py
[2026-03-26T15:34:04.604+0000] {processor.py:840} INFO - DAG(s) 'weekly_summary_pipeline' retrieved from /opt/airflow/dags/weekly_summary_pipeline.py
[2026-03-26T15:34:04.633+0000] {logging_mixin.py:188} INFO - [2026-03-26T15:34:04.632+0000] {dag.py:3036} INFO - Sync 1 DAGs
[2026-03-26T15:34:04.656+0000] {logging_mixin.py:188} INFO - [2026-03-26T15:34:04.656+0000] {dag.py:3823} INFO - Setting next_dagrun for weekly_summary_pipeline to 2026-03-23 06:00:00+00:00, run_after=2026-03-30 06:00:00+00:00
[2026-03-26T15:34:04.674+0000] {processor.py:183} INFO - Processing /opt/airflow/dags/weekly_summary_pipeline.py took 0.092 seconds
[2026-03-26T15:34:34.835+0000] {processor.py:161} INFO - Started process (PID=2626) to work on /opt/airflow/dags/weekly_summary_pipeline.py
[2026-03-26T15:34:34.836+0000] {processor.py:830} INFO - Processing file /opt/airflow/dags/weekly_summary_pipeline.py for tasks to queue
[2026-03-26T15:34:34.837+0000] {logging_mixin.py:188} INFO - [2026-03-26T15:34:34.837+0000] {dagbag.py:538} INFO - Filling up the DagBag from /opt/airflow/dags/weekly_summary_pipeline.py
[2026-03-26T15:34:34.867+0000] {processor.py:840} INFO - DAG(s) 'weekly_summary_pipeline' retrieved from /opt/airflow/dags/weekly_summary_pipeline.py
[2026-03-26T15:34:34.896+0000] {logging_mixin.py:188} INFO - [2026-03-26T15:34:34.895+0000] {dag.py:3036} INFO - Sync 1 DAGs
[2026-03-26T15:34:34.919+0000] {logging_mixin.py:188} INFO - [2026-03-26T15:34:34.919+0000] {dag.py:3823} INFO - Setting next_dagrun for weekly_summary_pipeline to 2026-03-23 06:00:00+00:00, run_after=2026-03-30 06:00:00+00:00
[2026-03-26T15:34:34.937+0000] {processor.py:183} INFO - Processing /opt/airflow/dags/weekly_summary_pipeline.py took 0.105 seconds
[2026-03-26T15:35:05.046+0000] {processor.py:161} INFO - Started process (PID=2649) to work on /opt/airflow/dags/weekly_summary_pipeline.py
[2026-03-26T15:35:05.048+0000] {processor.py:830} INFO - Processing file /opt/airflow/dags/weekly_summary_pipeline.py for tasks to queue
[2026-03-26T15:35:05.051+0000] {logging_mixin.py:188} INFO - [2026-03-26T15:35:05.050+0000] {dagbag.py:538} INFO - Filling up the DagBag from /opt/airflow/dags/weekly_summary_pipeline.py
[2026-03-26T15:35:05.088+0000] {processor.py:840} INFO - DAG(s) 'weekly_summary_pipeline' retrieved from /opt/airflow/dags/weekly_summary_pipeline.py
[2026-03-26T15:35:05.123+0000] {logging_mixin.py:188} INFO - [2026-03-26T15:35:05.123+0000] {dag.py:3036} INFO - Sync 1 DAGs
[2026-03-26T15:35:05.148+0000] {logging_mixin.py:188} INFO - [2026-03-26T15:35:05.148+0000] {dag.py:3823} INFO - Setting next_dagrun for weekly_summary_pipeline to 2026-03-23 06:00:00+00:00, run_after=2026-03-30 06:00:00+00:00
[2026-03-26T15:35:05.169+0000] {processor.py:183} INFO - Processing /opt/airflow/dags/weekly_summary_pipeline.py took 0.127 seconds
[2026-03-26T15:35:35.259+0000] {processor.py:161} INFO - Started process (PID=2672) to work on /opt/airflow/dags/weekly_summary_pipeline.py
[2026-03-26T15:35:35.260+0000] {processor.py:830} INFO - Processing file /opt/airflow/dags/weekly_summary_pipeline.py for tasks to queue
[2026-03-26T15:35:35.261+0000] {logging_mixin.py:188} INFO - [2026-03-26T15:35:35.261+0000] {dagbag.py:538} INFO - Filling up the DagBag from /opt/airflow/dags/weekly_summary_pipeline.py
[2026-03-26T15:35:35.285+0000] {processor.py:840} INFO - DAG(s) 'weekly_summary_pipeline' retrieved from /opt/airflow/dags/weekly_summary_pipeline.py
[2026-03-26T15:35:35.319+0000] {logging_mixin.py:188} INFO - [2026-03-26T15:35:35.319+0000] {dag.py:3036} INFO - Sync 1 DAGs
[2026-03-26T15:35:35.345+0000] {logging_mixin.py:188} INFO - [2026-03-26T15:35:35.345+0000] {dag.py:3823} INFO - Setting next_dagrun for weekly_summary_pipeline to 2026-03-23 06:00:00+00:00, run_after=2026-03-30 06:00:00+00:00
[2026-03-26T15:35:35.368+0000] {processor.py:183} INFO - Processing /opt/airflow/dags/weekly_summary_pipeline.py took 0.111 seconds
[2026-03-26T15:36:06.510+0000] {processor.py:161} INFO - Started process (PID=2695) to work on /opt/airflow/dags/weekly_summary_pipeline.py
[2026-03-26T15:36:06.511+0000] {processor.py:830} INFO - Processing file /opt/airflow/dags/weekly_summary_pipeline.py for tasks to queue
[2026-03-26T15:36:06.512+0000] {logging_mixin.py:188} INFO - [2026-03-26T15:36:06.512+0000] {dagbag.py:538} INFO - Filling up the DagBag from /opt/airflow/dags/weekly_summary_pipeline.py
[2026-03-26T15:36:06.532+0000] {processor.py:840} INFO - DAG(s) 'weekly_summary_pipeline' retrieved from /opt/airflow/dags/weekly_summary_pipeline.py
[2026-03-26T15:36:06.574+0000] {logging_mixin.py:188} INFO - [2026-03-26T15:36:06.574+0000] {dag.py:3036} INFO - Sync 1 DAGs
[2026-03-26T15:36:06.601+0000] {logging_mixin.py:188} INFO - [2026-03-26T15:36:06.600+0000] {dag.py:3823} INFO - Setting next_dagrun for weekly_summary_pipeline to 2026-03-23 06:00:00+00:00, run_after=2026-03-30 06:00:00+00:00
[2026-03-26T15:36:06.625+0000] {processor.py:183} INFO - Processing /opt/airflow/dags/weekly_summary_pipeline.py took 0.117 seconds
[2026-03-26T15:36:38.803+0000] {processor.py:161} INFO - Started process (PID=2718) to work on /opt/airflow/dags/weekly_summary_pipeline.py
[2026-03-26T15:36:38.804+0000] {processor.py:830} INFO - Processing file /opt/airflow/dags/weekly_summary_pipeline.py for tasks to queue
[2026-03-26T15:36:38.804+0000] {logging_mixin.py:188} INFO - [2026-03-26T15:36:38.804+0000] {dagbag.py:538} INFO - Filling up the DagBag from /opt/airflow/dags/weekly_summary_pipeline.py
[2026-03-26T15:36:38.834+0000] {processor.py:840} INFO - DAG(s) 'weekly_summary_pipeline' retrieved from /opt/airflow/dags/weekly_summary_pipeline.py
[2026-03-26T15:36:38.875+0000] {logging_mixin.py:188} INFO - [2026-03-26T15:36:38.875+0000] {dag.py:3036} INFO - Sync 1 DAGs
[2026-03-26T15:36:38.905+0000] {logging_mixin.py:188} INFO - [2026-03-26T15:36:38.905+0000] {dag.py:3823} INFO - Setting next_dagrun for weekly_summary_pipeline to 2026-03-23 06:00:00+00:00, run_after=2026-03-30 06:00:00+00:00
[2026-03-26T15:36:38.933+0000] {processor.py:183} INFO - Processing /opt/airflow/dags/weekly_summary_pipeline.py took 0.133 seconds
[2026-03-26T15:37:09.025+0000] {processor.py:161} INFO - Started process (PID=2741) to work on /opt/airflow/dags/weekly_summary_pipeline.py
[2026-03-26T15:37:09.026+0000] {processor.py:830} INFO - Processing file /opt/airflow/dags/weekly_summary_pipeline.py for tasks to queue
[2026-03-26T15:37:09.028+0000] {logging_mixin.py:188} INFO - [2026-03-26T15:37:09.027+0000] {dagbag.py:538} INFO - Filling up the DagBag from /opt/airflow/dags/weekly_summary_pipeline.py
[2026-03-26T15:37:09.047+0000] {processor.py:840} INFO - DAG(s) 'weekly_summary_pipeline' retrieved from /opt/airflow/dags/weekly_summary_pipeline.py
[2026-03-26T15:37:09.082+0000] {logging_mixin.py:188} INFO - [2026-03-26T15:37:09.081+0000] {dag.py:3036} INFO - Sync 1 DAGs
[2026-03-26T15:37:10.196+0000] {logging_mixin.py:188} INFO - [2026-03-26T15:37:10.195+0000] {dag.py:3823} INFO - Setting next_dagrun for weekly_summary_pipeline to 2026-03-23 06:00:00+00:00, run_after=2026-03-30 06:00:00+00:00
[2026-03-26T15:37:10.221+0000] {processor.py:183} INFO - Processing /opt/airflow/dags/weekly_summary_pipeline.py took 0.110 seconds
[2026-03-26T15:37:42.355+0000] {processor.py:161} INFO - Started process (PID=2764) to work on /opt/airflow/dags/weekly_summary_pipeline.py
[2026-03-26T15:37:42.357+0000] {processor.py:830} INFO - Processing file /opt/airflow/dags/weekly_summary_pipeline.py for tasks to queue
[2026-03-26T15:37:42.357+0000] {logging_mixin.py:188} INFO - [2026-03-26T15:37:42.357+0000] {dagbag.py:538} INFO - Filling up the DagBag from /opt/airflow/dags/weekly_summary_pipeline.py
[2026-03-26T15:37:42.394+0000] {processor.py:840} INFO - DAG(s) 'weekly_summary_pipeline' retrieved from /opt/airflow/dags/weekly_summary_pipeline.py
[2026-03-26T15:37:42.436+0000] {logging_mixin.py:188} INFO - [2026-03-26T15:37:42.436+0000] {dag.py:3036} INFO - Sync 1 DAGs
[2026-03-26T15:37:42.464+0000] {logging_mixin.py:188} INFO - [2026-03-26T15:37:42.463+0000] {dag.py:3823} INFO - Setting next_dagrun for weekly_summary_pipeline to 2026-03-23 06:00:00+00:00, run_after=2026-03-30 06:00:00+00:00
[2026-03-26T15:37:42.483+0000] {processor.py:183} INFO - Processing /opt/airflow/dags/weekly_summary_pipeline.py took 0.131 seconds
[2026-03-26T15:38:14.616+0000] {processor.py:161} INFO - Started process (PID=2787) to work on /opt/airflow/dags/weekly_summary_pipeline.py
[2026-03-26T15:38:14.617+0000] {processor.py:830} INFO - Processing file /opt/airflow/dags/weekly_summary_pipeline.py for tasks to queue
[2026-03-26T15:38:14.618+0000] {logging_mixin.py:188} INFO - [2026-03-26T15:38:14.617+0000] {dagbag.py:538} INFO - Filling up the DagBag from /opt/airflow/dags/weekly_summary_pipeline.py
[2026-03-26T15:38:14.641+0000] {processor.py:840} INFO - DAG(s) 'weekly_summary_pipeline' retrieved from /opt/airflow/dags/weekly_summary_pipeline.py
[2026-03-26T15:38:14.678+0000] {logging_mixin.py:188} INFO - [2026-03-26T15:38:14.678+0000] {dag.py:3036} INFO - Sync 1 DAGs
[2026-03-26T15:38:14.705+0000] {logging_mixin.py:188} INFO - [2026-03-26T15:38:14.705+0000] {dag.py:3823} INFO - Setting next_dagrun for weekly_summary_pipeline to 2026-03-23 06:00:00+00:00, run_after=2026-03-30 06:00:00+00:00
[2026-03-26T15:38:14.729+0000] {processor.py:183} INFO - Processing /opt/airflow/dags/weekly_summary_pipeline.py took 0.116 seconds
[2026-03-26T15:38:44.797+0000] {processor.py:161} INFO - Started process (PID=2810) to work on /opt/airflow/dags/weekly_summary_pipeline.py
[2026-03-26T15:38:44.798+0000] {processor.py:830} INFO - Processing file /opt/airflow/dags/weekly_summary_pipeline.py for tasks to queue
[2026-03-26T15:38:44.799+0000] {logging_mixin.py:188} INFO - [2026-03-26T15:38:44.799+0000] {dagbag.py:538} INFO - Filling up the DagBag from /opt/airflow/dags/weekly_summary_pipeline.py
[2026-03-26T15:38:45.914+0000] {processor.py:840} INFO - DAG(s) 'weekly_summary_pipeline' retrieved from /opt/airflow/dags/weekly_summary_pipeline.py
[2026-03-26T15:38:45.956+0000] {logging_mixin.py:188} INFO - [2026-03-26T15:38:45.956+0000] {dag.py:3036} INFO - Sync 1 DAGs
[2026-03-26T15:38:45.989+0000] {logging_mixin.py:188} INFO - [2026-03-26T15:38:45.989+0000] {dag.py:3823} INFO - Setting next_dagrun for weekly_summary_pipeline to 2026-03-23 06:00:00+00:00, run_after=2026-03-30 06:00:00+00:00
[2026-03-26T15:38:46.016+0000] {processor.py:183} INFO - Processing /opt/airflow/dags/weekly_summary_pipeline.py took 0.130 seconds
[2026-03-26T15:39:18.272+0000] {processor.py:161} INFO - Started process (PID=2833) to work on /opt/airflow/dags/weekly_summary_pipeline.py
[2026-03-26T15:39:18.273+0000] {processor.py:830} INFO - Processing file /opt/airflow/dags/weekly_summary_pipeline.py for tasks to queue
[2026-03-26T15:39:18.274+0000] {logging_mixin.py:188} INFO - [2026-03-26T15:39:18.274+0000] {dagbag.py:538} INFO - Filling up the DagBag from /opt/airflow/dags/weekly_summary_pipeline.py
[2026-03-26T15:39:18.305+0000] {processor.py:840} INFO - DAG(s) 'weekly_summary_pipeline' retrieved from /opt/airflow/dags/weekly_summary_pipeline.py
[2026-03-26T15:39:18.345+0000] {logging_mixin.py:188} INFO - [2026-03-26T15:39:18.344+0000] {dag.py:3036} INFO - Sync 1 DAGs
[2026-03-26T15:39:18.381+0000] {logging_mixin.py:188} INFO - [2026-03-26T15:39:18.380+0000] {dag.py:3823} INFO - Setting next_dagrun for weekly_summary_pipeline to 2026-03-23 06:00:00+00:00, run_after=2026-03-30 06:00:00+00:00
[2026-03-26T15:39:18.404+0000] {processor.py:183} INFO - Processing /opt/airflow/dags/weekly_summary_pipeline.py took 0.135 seconds
[2026-03-26T15:39:48.473+0000] {processor.py:161} INFO - Started process (PID=2848) to work on /opt/airflow/dags/weekly_summary_pipeline.py
[2026-03-26T15:39:48.474+0000] {processor.py:830} INFO - Processing file /opt/airflow/dags/weekly_summary_pipeline.py for tasks to queue
[2026-03-26T15:39:48.475+0000] {logging_mixin.py:188} INFO - [2026-03-26T15:39:48.475+0000] {dagbag.py:538} INFO - Filling up the DagBag from /opt/airflow/dags/weekly_summary_pipeline.py
[2026-03-26T15:39:48.507+0000] {processor.py:840} INFO - DAG(s) 'weekly_summary_pipeline' retrieved from /opt/airflow/dags/weekly_summary_pipeline.py
[2026-03-26T15:39:48.544+0000] {logging_mixin.py:188} INFO - [2026-03-26T15:39:48.543+0000] {dag.py:3036} INFO - Sync 1 DAGs
[2026-03-26T15:39:48.575+0000] {logging_mixin.py:188} INFO - [2026-03-26T15:39:48.575+0000] {dag.py:3823} INFO - Setting next_dagrun for weekly_summary_pipeline to 2026-03-23 06:00:00+00:00, run_after=2026-03-30 06:00:00+00:00
[2026-03-26T15:39:48.602+0000] {processor.py:183} INFO - Processing /opt/airflow/dags/weekly_summary_pipeline.py took 0.132 seconds
[2026-03-26T15:40:18.930+0000] {processor.py:161} INFO - Started process (PID=2871) to work on /opt/airflow/dags/weekly_summary_pipeline.py
[2026-03-26T15:40:18.931+0000] {processor.py:830} INFO - Processing file /opt/airflow/dags/weekly_summary_pipeline.py for tasks to queue
[2026-03-26T15:40:18.933+0000] {logging_mixin.py:188} INFO - [2026-03-26T15:40:18.932+0000] {dagbag.py:538} INFO - Filling up the DagBag from /opt/airflow/dags/weekly_summary_pipeline.py
[2026-03-26T15:40:18.965+0000] {processor.py:840} INFO - DAG(s) 'weekly_summary_pipeline' retrieved from /opt/airflow/dags/weekly_summary_pipeline.py
[2026-03-26T15:40:19.004+0000] {logging_mixin.py:188} INFO - [2026-03-26T15:40:19.003+0000] {dag.py:3036} INFO - Sync 1 DAGs
[2026-03-26T15:40:19.040+0000] {logging_mixin.py:188} INFO - [2026-03-26T15:40:19.040+0000] {dag.py:3823} INFO - Setting next_dagrun for weekly_summary_pipeline to 2026-03-23 06:00:00+00:00, run_after=2026-03-30 06:00:00+00:00
[2026-03-26T15:40:19.068+0000] {processor.py:183} INFO - Processing /opt/airflow/dags/weekly_summary_pipeline.py took 0.141 seconds
[2026-03-26T15:40:49.306+0000] {processor.py:161} INFO - Started process (PID=2894) to work on /opt/airflow/dags/weekly_summary_pipeline.py
[2026-03-26T15:40:49.308+0000] {processor.py:830} INFO - Processing file /opt/airflow/dags/weekly_summary_pipeline.py for tasks to queue
[2026-03-26T15:40:49.309+0000] {logging_mixin.py:188} INFO - [2026-03-26T15:40:49.308+0000] {dagbag.py:538} INFO - Filling up the DagBag from /opt/airflow/dags/weekly_summary_pipeline.py
[2026-03-26T15:40:49.329+0000] {processor.py:840} INFO - DAG(s) 'weekly_summary_pipeline' retrieved from /opt/airflow/dags/weekly_summary_pipeline.py
[2026-03-26T15:40:49.360+0000] {logging_mixin.py:188} INFO - [2026-03-26T15:40:49.359+0000] {dag.py:3036} INFO - Sync 1 DAGs
[2026-03-26T15:40:49.387+0000] {logging_mixin.py:188} INFO - [2026-03-26T15:40:49.387+0000] {dag.py:3823} INFO - Setting next_dagrun for weekly_summary_pipeline to 2026-03-23 06:00:00+00:00, run_after=2026-03-30 06:00:00+00:00
[2026-03-26T15:40:49.410+0000] {processor.py:183} INFO - Processing /opt/airflow/dags/weekly_summary_pipeline.py took 0.106 seconds
[2026-03-26T15:41:19.684+0000] {processor.py:161} INFO - Started process (PID=2917) to work on /opt/airflow/dags/weekly_summary_pipeline.py
[2026-03-26T15:41:19.686+0000] {processor.py:830} INFO - Processing file /opt/airflow/dags/weekly_summary_pipeline.py for tasks to queue
[2026-03-26T15:41:19.687+0000] {logging_mixin.py:188} INFO - [2026-03-26T15:41:19.687+0000] {dagbag.py:538} INFO - Filling up the DagBag from /opt/airflow/dags/weekly_summary_pipeline.py
[2026-03-26T15:41:19.710+0000] {processor.py:840} INFO - DAG(s) 'weekly_summary_pipeline' retrieved from /opt/airflow/dags/weekly_summary_pipeline.py
[2026-03-26T15:41:19.738+0000] {logging_mixin.py:188} INFO - [2026-03-26T15:41:19.738+0000] {dag.py:3036} INFO - Sync 1 DAGs
[2026-03-26T15:41:19.761+0000] {logging_mixin.py:188} INFO - [2026-03-26T15:41:19.760+0000] {dag.py:3823} INFO - Setting next_dagrun for weekly_summary_pipeline to 2026-03-23 06:00:00+00:00, run_after=2026-03-30 06:00:00+00:00
[2026-03-26T15:41:19.782+0000] {processor.py:183} INFO - Processing /opt/airflow/dags/weekly_summary_pipeline.py took 0.101 seconds
[2026-03-26T15:41:49.817+0000] {processor.py:161} INFO - Started process (PID=2940) to work on /opt/airflow/dags/weekly_summary_pipeline.py
[2026-03-26T15:41:49.818+0000] {processor.py:830} INFO - Processing file /opt/airflow/dags/weekly_summary_pipeline.py for tasks to queue
[2026-03-26T15:41:49.819+0000] {logging_mixin.py:188} INFO - [2026-03-26T15:41:49.818+0000] {dagbag.py:538} INFO - Filling up the DagBag from /opt/airflow/dags/weekly_summary_pipeline.py
[2026-03-26T15:41:49.838+0000] {processor.py:840} INFO - DAG(s) 'weekly_summary_pipeline' retrieved from /opt/airflow/dags/weekly_summary_pipeline.py
[2026-03-26T15:41:49.864+0000] {logging_mixin.py:188} INFO - [2026-03-26T15:41:49.864+0000] {dag.py:3036} INFO - Sync 1 DAGs
[2026-03-26T15:41:49.886+0000] {logging_mixin.py:188} INFO - [2026-03-26T15:41:49.886+0000] {dag.py:3823} INFO - Setting next_dagrun for weekly_summary_pipeline to 2026-03-23 06:00:00+00:00, run_after=2026-03-30 06:00:00+00:00
[2026-03-26T15:41:49.905+0000] {processor.py:183} INFO - Processing /opt/airflow/dags/weekly_summary_pipeline.py took 0.091 seconds
[2026-03-26T15:42:20.038+0000] {processor.py:161} INFO - Started process (PID=2964) to work on /opt/airflow/dags/weekly_summary_pipeline.py
[2026-03-26T15:42:20.039+0000] {processor.py:830} INFO - Processing file /opt/airflow/dags/weekly_summary_pipeline.py for tasks to queue
[2026-03-26T15:42:20.039+0000] {logging_mixin.py:188} INFO - [2026-03-26T15:42:20.039+0000] {dagbag.py:538} INFO - Filling up the DagBag from /opt/airflow/dags/weekly_summary_pipeline.py
[2026-03-26T15:42:20.058+0000] {processor.py:840} INFO - DAG(s) 'weekly_summary_pipeline' retrieved from /opt/airflow/dags/weekly_summary_pipeline.py
[2026-03-26T15:42:20.083+0000] {logging_mixin.py:188} INFO - [2026-03-26T15:42:20.083+0000] {dag.py:3036} INFO - Sync 1 DAGs
[2026-03-26T15:42:20.105+0000] {logging_mixin.py:188} INFO - [2026-03-26T15:42:20.105+0000] {dag.py:3823} INFO - Setting next_dagrun for weekly_summary_pipeline to 2026-03-23 06:00:00+00:00, run_after=2026-03-30 06:00:00+00:00
[2026-03-26T15:42:20.131+0000] {processor.py:183} INFO - Processing /opt/airflow/dags/weekly_summary_pipeline.py took 0.096 seconds
[2026-03-26T15:42:50.266+0000] {processor.py:161} INFO - Started process (PID=2987) to work on /opt/airflow/dags/weekly_summary_pipeline.py
[2026-03-26T15:42:50.267+0000] {processor.py:830} INFO - Processing file /opt/airflow/dags/weekly_summary_pipeline.py for tasks to queue
[2026-03-26T15:42:50.268+0000] {logging_mixin.py:188} INFO - [2026-03-26T15:42:50.268+0000] {dagbag.py:538} INFO - Filling up the DagBag from /opt/airflow/dags/weekly_summary_pipeline.py
[2026-03-26T15:42:50.297+0000] {processor.py:840} INFO - DAG(s) 'weekly_summary_pipeline' retrieved from /opt/airflow/dags/weekly_summary_pipeline.py
[2026-03-26T15:42:50.327+0000] {logging_mixin.py:188} INFO - [2026-03-26T15:42:50.326+0000] {dag.py:3036} INFO - Sync 1 DAGs
[2026-03-26T15:42:50.348+0000] {logging_mixin.py:188} INFO - [2026-03-26T15:42:50.348+0000] {dag.py:3823} INFO - Setting next_dagrun for weekly_summary_pipeline to 2026-03-23 06:00:00+00:00, run_after=2026-03-30 06:00:00+00:00
[2026-03-26T15:42:50.367+0000] {processor.py:183} INFO - Processing /opt/airflow/dags/weekly_summary_pipeline.py took 0.103 seconds
[2026-03-26T15:43:20.520+0000] {processor.py:161} INFO - Started process (PID=3010) to work on /opt/airflow/dags/weekly_summary_pipeline.py
[2026-03-26T15:43:20.521+0000] {processor.py:830} INFO - Processing file /opt/airflow/dags/weekly_summary_pipeline.py for tasks to queue
[2026-03-26T15:43:20.522+0000] {logging_mixin.py:188} INFO - [2026-03-26T15:43:20.522+0000] {dagbag.py:538} INFO - Filling up the DagBag from /opt/airflow/dags/weekly_summary_pipeline.py
[2026-03-26T15:43:20.550+0000] {processor.py:840} INFO - DAG(s) 'weekly_summary_pipeline' retrieved from /opt/airflow/dags/weekly_summary_pipeline.py
[2026-03-26T15:43:20.583+0000] {logging_mixin.py:188} INFO - [2026-03-26T15:43:20.583+0000] {dag.py:3036} INFO - Sync 1 DAGs
[2026-03-26T15:43:20.610+0000] {logging_mixin.py:188} INFO - [2026-03-26T15:43:20.610+0000] {dag.py:3823} INFO - Setting next_dagrun for weekly_summary_pipeline to 2026-03-23 06:00:00+00:00, run_after=2026-03-30 06:00:00+00:00
[2026-03-26T15:43:20.643+0000] {processor.py:183} INFO - Processing /opt/airflow/dags/weekly_summary_pipeline.py took 0.126 seconds
[2026-03-26T15:43:50.895+0000] {processor.py:161} INFO - Started process (PID=3033) to work on /opt/airflow/dags/weekly_summary_pipeline.py
[2026-03-26T15:43:50.896+0000] {processor.py:830} INFO - Processing file /opt/airflow/dags/weekly_summary_pipeline.py for tasks to queue
[2026-03-26T15:43:50.897+0000] {logging_mixin.py:188} INFO - [2026-03-26T15:43:50.897+0000] {dagbag.py:538} INFO - Filling up the DagBag from /opt/airflow/dags/weekly_summary_pipeline.py
[2026-03-26T15:43:50.921+0000] {processor.py:840} INFO - DAG(s) 'weekly_summary_pipeline' retrieved from /opt/airflow/dags/weekly_summary_pipeline.py
[2026-03-26T15:43:50.954+0000] {logging_mixin.py:188} INFO - [2026-03-26T15:43:50.954+0000] {dag.py:3036} INFO - Sync 1 DAGs
[2026-03-26T15:43:50.979+0000] {logging_mixin.py:188} INFO - [2026-03-26T15:43:50.978+0000] {dag.py:3823} INFO - Setting next_dagrun for weekly_summary_pipeline to 2026-03-23 06:00:00+00:00, run_after=2026-03-30 06:00:00+00:00
[2026-03-26T15:43:50.999+0000] {processor.py:183} INFO - Processing /opt/airflow/dags/weekly_summary_pipeline.py took 0.107 seconds
[2026-03-26T15:44:21.101+0000] {processor.py:161} INFO - Started process (PID=3048) to work on /opt/airflow/dags/weekly_summary_pipeline.py
[2026-03-26T15:44:21.102+0000] {processor.py:830} INFO - Processing file /opt/airflow/dags/weekly_summary_pipeline.py for tasks to queue
[2026-03-26T15:44:21.103+0000] {logging_mixin.py:188} INFO - [2026-03-26T15:44:21.103+0000] {dagbag.py:538} INFO - Filling up the DagBag from /opt/airflow/dags/weekly_summary_pipeline.py
[2026-03-26T15:44:21.123+0000] {processor.py:840} INFO - DAG(s) 'weekly_summary_pipeline' retrieved from /opt/airflow/dags/weekly_summary_pipeline.py
[2026-03-26T15:44:21.149+0000] {logging_mixin.py:188} INFO - [2026-03-26T15:44:21.148+0000] {dag.py:3036} INFO - Sync 1 DAGs
[2026-03-26T15:44:21.168+0000] {logging_mixin.py:188} INFO - [2026-03-26T15:44:21.167+0000] {dag.py:3823} INFO - Setting next_dagrun for weekly_summary_pipeline to 2026-03-23 06:00:00+00:00, run_after=2026-03-30 06:00:00+00:00
[2026-03-26T15:44:21.184+0000] {processor.py:183} INFO - Processing /opt/airflow/dags/weekly_summary_pipeline.py took 0.085 seconds
[2026-03-26T15:44:51.340+0000] {processor.py:161} INFO - Started process (PID=3071) to work on /opt/airflow/dags/weekly_summary_pipeline.py
[2026-03-26T15:44:51.341+0000] {processor.py:830} INFO - Processing file /opt/airflow/dags/weekly_summary_pipeline.py for tasks to queue
[2026-03-26T15:44:51.342+0000] {logging_mixin.py:188} INFO - [2026-03-26T15:44:51.342+0000] {dagbag.py:538} INFO - Filling up the DagBag from /opt/airflow/dags/weekly_summary_pipeline.py
[2026-03-26T15:44:51.369+0000] {processor.py:840} INFO - DAG(s) 'weekly_summary_pipeline' retrieved from /opt/airflow/dags/weekly_summary_pipeline.py
[2026-03-26T15:44:51.400+0000] {logging_mixin.py:188} INFO - [2026-03-26T15:44:51.400+0000] {dag.py:3036} INFO - Sync 1 DAGs
[2026-03-26T15:44:51.422+0000] {logging_mixin.py:188} INFO - [2026-03-26T15:44:51.422+0000] {dag.py:3823} INFO - Setting next_dagrun for weekly_summary_pipeline to 2026-03-23 06:00:00+00:00, run_after=2026-03-30 06:00:00+00:00
[2026-03-26T15:44:51.442+0000] {processor.py:183} INFO - Processing /opt/airflow/dags/weekly_summary_pipeline.py took 0.105 seconds
[2026-03-26T15:45:21.583+0000] {processor.py:161} INFO - Started process (PID=3094) to work on /opt/airflow/dags/weekly_summary_pipeline.py
[2026-03-26T15:45:21.584+0000] {processor.py:830} INFO - Processing file /opt/airflow/dags/weekly_summary_pipeline.py for tasks to queue
[2026-03-26T15:45:21.585+0000] {logging_mixin.py:188} INFO - [2026-03-26T15:45:21.584+0000] {dagbag.py:538} INFO - Filling up the DagBag from /opt/airflow/dags/weekly_summary_pipeline.py
[2026-03-26T15:45:21.609+0000] {processor.py:840} INFO - DAG(s) 'weekly_summary_pipeline' retrieved from /opt/airflow/dags/weekly_summary_pipeline.py
[2026-03-26T15:45:21.651+0000] {logging_mixin.py:188} INFO - [2026-03-26T15:45:21.650+0000] {dag.py:3036} INFO - Sync 1 DAGs
[2026-03-26T15:45:21.673+0000] {logging_mixin.py:188} INFO - [2026-03-26T15:45:21.673+0000] {dag.py:3823} INFO - Setting next_dagrun for weekly_summary_pipeline to 2026-03-23 06:00:00+00:00, run_after=2026-03-30 06:00:00+00:00
[2026-03-26T15:45:21.695+0000] {processor.py:183} INFO - Processing /opt/airflow/dags/weekly_summary_pipeline.py took 0.115 seconds
[2026-03-26T15:45:51.830+0000] {processor.py:161} INFO - Started process (PID=3117) to work on /opt/airflow/dags/weekly_summary_pipeline.py
[2026-03-26T15:45:51.831+0000] {processor.py:830} INFO - Processing file /opt/airflow/dags/weekly_summary_pipeline.py for tasks to queue
[2026-03-26T15:45:51.832+0000] {logging_mixin.py:188} INFO - [2026-03-26T15:45:51.832+0000] {dagbag.py:538} INFO - Filling up the DagBag from /opt/airflow/dags/weekly_summary_pipeline.py
[2026-03-26T15:45:51.851+0000] {processor.py:840} INFO - DAG(s) 'weekly_summary_pipeline' retrieved from /opt/airflow/dags/weekly_summary_pipeline.py
[2026-03-26T15:45:51.878+0000] {logging_mixin.py:188} INFO - [2026-03-26T15:45:51.878+0000] {dag.py:3036} INFO - Sync 1 DAGs
[2026-03-26T15:45:51.900+0000] {logging_mixin.py:188} INFO - [2026-03-26T15:45:51.899+0000] {dag.py:3823} INFO - Setting next_dagrun for weekly_summary_pipeline to 2026-03-23 06:00:00+00:00, run_after=2026-03-30 06:00:00+00:00
[2026-03-26T15:45:51.919+0000] {processor.py:183} INFO - Processing /opt/airflow/dags/weekly_summary_pipeline.py took 0.091 seconds
[2026-03-26T15:46:22.036+0000] {processor.py:161} INFO - Started process (PID=3139) to work on /opt/airflow/dags/weekly_summary_pipeline.py
[2026-03-26T15:46:22.037+0000] {processor.py:830} INFO - Processing file /opt/airflow/dags/weekly_summary_pipeline.py for tasks to queue
[2026-03-26T15:46:22.037+0000] {logging_mixin.py:188} INFO - [2026-03-26T15:46:22.037+0000] {dagbag.py:538} INFO - Filling up the DagBag from /opt/airflow/dags/weekly_summary_pipeline.py
[2026-03-26T15:46:22.059+0000] {processor.py:840} INFO - DAG(s) 'weekly_summary_pipeline' retrieved from /opt/airflow/dags/weekly_summary_pipeline.py
[2026-03-26T15:46:22.086+0000] {logging_mixin.py:188} INFO - [2026-03-26T15:46:22.085+0000] {dag.py:3036} INFO - Sync 1 DAGs
[2026-03-26T15:46:22.109+0000] {logging_mixin.py:188} INFO - [2026-03-26T15:46:22.109+0000] {dag.py:3823} INFO - Setting next_dagrun for weekly_summary_pipeline to 2026-03-23 06:00:00+00:00, run_after=2026-03-30 06:00:00+00:00
[2026-03-26T15:46:22.128+0000] {processor.py:183} INFO - Processing /opt/airflow/dags/weekly_summary_pipeline.py took 0.095 seconds
[2026-03-26T15:46:52.264+0000] {processor.py:161} INFO - Started process (PID=3162) to work on /opt/airflow/dags/weekly_summary_pipeline.py
[2026-03-26T15:46:52.265+0000] {processor.py:830} INFO - Processing file /opt/airflow/dags/weekly_summary_pipeline.py for tasks to queue
[2026-03-26T15:46:52.266+0000] {logging_mixin.py:188} INFO - [2026-03-26T15:46:52.266+0000] {dagbag.py:538} INFO - Filling up the DagBag from /opt/airflow/dags/weekly_summary_pipeline.py
[2026-03-26T15:46:52.287+0000] {processor.py:840} INFO - DAG(s) 'weekly_summary_pipeline' retrieved from /opt/airflow/dags/weekly_summary_pipeline.py
[2026-03-26T15:46:52.312+0000] {logging_mixin.py:188} INFO - [2026-03-26T15:46:52.311+0000] {dag.py:3036} INFO - Sync 1 DAGs
[2026-03-26T15:46:52.335+0000] {logging_mixin.py:188} INFO - [2026-03-26T15:46:52.334+0000] {dag.py:3823} INFO - Setting next_dagrun for weekly_summary_pipeline to 2026-03-23 06:00:00+00:00, run_after=2026-03-30 06:00:00+00:00
[2026-03-26T15:46:52.360+0000] {processor.py:183} INFO - Processing /opt/airflow/dags/weekly_summary_pipeline.py took 0.099 seconds
[2026-03-26T15:47:22.512+0000] {processor.py:161} INFO - Started process (PID=3185) to work on /opt/airflow/dags/weekly_summary_pipeline.py
[2026-03-26T15:47:22.514+0000] {processor.py:830} INFO - Processing file /opt/airflow/dags/weekly_summary_pipeline.py for tasks to queue
[2026-03-26T15:47:22.515+0000] {logging_mixin.py:188} INFO - [2026-03-26T15:47:22.514+0000] {dagbag.py:538} INFO - Filling up the DagBag from /opt/airflow/dags/weekly_summary_pipeline.py
[2026-03-26T15:47:22.547+0000] {processor.py:840} INFO - DAG(s) 'weekly_summary_pipeline' retrieved from /opt/airflow/dags/weekly_summary_pipeline.py
[2026-03-26T15:47:22.589+0000] {logging_mixin.py:188} INFO - [2026-03-26T15:47:22.589+0000] {dag.py:3036} INFO - Sync 1 DAGs
[2026-03-26T15:47:22.620+0000] {logging_mixin.py:188} INFO - [2026-03-26T15:47:22.619+0000] {dag.py:3823} INFO - Setting next_dagrun for weekly_summary_pipeline to 2026-03-23 06:00:00+00:00, run_after=2026-03-30 06:00:00+00:00
[2026-03-26T15:47:22.643+0000] {processor.py:183} INFO - Processing /opt/airflow/dags/weekly_summary_pipeline.py took 0.136 seconds
[2026-03-26T15:47:52.707+0000] {processor.py:161} INFO - Started process (PID=3208) to work on /opt/airflow/dags/weekly_summary_pipeline.py
[2026-03-26T15:47:52.709+0000] {processor.py:830} INFO - Processing file /opt/airflow/dags/weekly_summary_pipeline.py for tasks to queue
[2026-03-26T15:47:52.710+0000] {logging_mixin.py:188} INFO - [2026-03-26T15:47:52.710+0000] {dagbag.py:538} INFO - Filling up the DagBag from /opt/airflow/dags/weekly_summary_pipeline.py
[2026-03-26T15:47:52.742+0000] {processor.py:840} INFO - DAG(s) 'weekly_summary_pipeline' retrieved from /opt/airflow/dags/weekly_summary_pipeline.py
[2026-03-26T15:47:52.786+0000] {logging_mixin.py:188} INFO - [2026-03-26T15:47:52.785+0000] {dag.py:3036} INFO - Sync 1 DAGs
[2026-03-26T15:47:52.816+0000] {logging_mixin.py:188} INFO - [2026-03-26T15:47:52.815+0000] {dag.py:3823} INFO - Setting next_dagrun for weekly_summary_pipeline to 2026-03-23 06:00:00+00:00, run_after=2026-03-30 06:00:00+00:00
[2026-03-26T15:47:52.865+0000] {processor.py:183} INFO - Processing /opt/airflow/dags/weekly_summary_pipeline.py took 0.161 seconds
[2026-03-26T15:48:23.064+0000] {processor.py:161} INFO - Started process (PID=3223) to work on /opt/airflow/dags/weekly_summary_pipeline.py
[2026-03-26T15:48:23.066+0000] {processor.py:830} INFO - Processing file /opt/airflow/dags/weekly_summary_pipeline.py for tasks to queue
[2026-03-26T15:48:23.067+0000] {logging_mixin.py:188} INFO - [2026-03-26T15:48:23.067+0000] {dagbag.py:538} INFO - Filling up the DagBag from /opt/airflow/dags/weekly_summary_pipeline.py
[2026-03-26T15:48:23.098+0000] {processor.py:840} INFO - DAG(s) 'weekly_summary_pipeline' retrieved from /opt/airflow/dags/weekly_summary_pipeline.py
[2026-03-26T15:48:23.131+0000] {logging_mixin.py:188} INFO - [2026-03-26T15:48:23.131+0000] {dag.py:3036} INFO - Sync 1 DAGs
[2026-03-26T15:48:23.159+0000] {logging_mixin.py:188} INFO - [2026-03-26T15:48:23.158+0000] {dag.py:3823} INFO - Setting next_dagrun for weekly_summary_pipeline to 2026-03-23 06:00:00+00:00, run_after=2026-03-30 06:00:00+00:00
[2026-03-26T15:48:23.182+0000] {processor.py:183} INFO - Processing /opt/airflow/dags/weekly_summary_pipeline.py took 0.121 seconds
[2026-03-26T15:48:54.016+0000] {processor.py:161} INFO - Started process (PID=3246) to work on /opt/airflow/dags/weekly_summary_pipeline.py
[2026-03-26T15:48:54.018+0000] {processor.py:830} INFO - Processing file /opt/airflow/dags/weekly_summary_pipeline.py for tasks to queue
[2026-03-26T15:48:54.019+0000] {logging_mixin.py:188} INFO - [2026-03-26T15:48:54.019+0000] {dagbag.py:538} INFO - Filling up the DagBag from /opt/airflow/dags/weekly_summary_pipeline.py
[2026-03-26T15:48:54.046+0000] {processor.py:840} INFO - DAG(s) 'weekly_summary_pipeline' retrieved from /opt/airflow/dags/weekly_summary_pipeline.py
[2026-03-26T15:48:54.074+0000] {logging_mixin.py:188} INFO - [2026-03-26T15:48:54.074+0000] {dag.py:3036} INFO - Sync 1 DAGs
[2026-03-26T15:48:54.102+0000] {logging_mixin.py:188} INFO - [2026-03-26T15:48:54.102+0000] {dag.py:3823} INFO - Setting next_dagrun for weekly_summary_pipeline to 2026-03-23 06:00:00+00:00, run_after=2026-03-30 06:00:00+00:00
[2026-03-26T15:48:54.127+0000] {processor.py:183} INFO - Processing /opt/airflow/dags/weekly_summary_pipeline.py took 0.113 seconds
[2026-03-26T15:49:24.281+0000] {processor.py:161} INFO - Started process (PID=3269) to work on /opt/airflow/dags/weekly_summary_pipeline.py
[2026-03-26T15:49:24.283+0000] {processor.py:830} INFO - Processing file /opt/airflow/dags/weekly_summary_pipeline.py for tasks to queue
[2026-03-26T15:49:24.284+0000] {logging_mixin.py:188} INFO - [2026-03-26T15:49:24.283+0000] {dagbag.py:538} INFO - Filling up the DagBag from /opt/airflow/dags/weekly_summary_pipeline.py
[2026-03-26T15:49:24.307+0000] {processor.py:840} INFO - DAG(s) 'weekly_summary_pipeline' retrieved from /opt/airflow/dags/weekly_summary_pipeline.py
[2026-03-26T15:49:24.360+0000] {logging_mixin.py:188} INFO - [2026-03-26T15:49:24.360+0000] {dag.py:3036} INFO - Sync 1 DAGs
[2026-03-26T15:49:24.395+0000] {logging_mixin.py:188} INFO - [2026-03-26T15:49:24.395+0000] {dag.py:3823} INFO - Setting next_dagrun for weekly_summary_pipeline to 2026-03-23 06:00:00+00:00, run_after=2026-03-30 06:00:00+00:00
[2026-03-26T15:49:24.425+0000] {processor.py:183} INFO - Processing /opt/airflow/dags/weekly_summary_pipeline.py took 0.147 seconds
[2026-03-26T15:49:56.556+0000] {processor.py:161} INFO - Started process (PID=3292) to work on /opt/airflow/dags/weekly_summary_pipeline.py
[2026-03-26T15:49:56.557+0000] {processor.py:830} INFO - Processing file /opt/airflow/dags/weekly_summary_pipeline.py for tasks to queue
[2026-03-26T15:49:56.559+0000] {logging_mixin.py:188} INFO - [2026-03-26T15:49:56.558+0000] {dagbag.py:538} INFO - Filling up the DagBag from /opt/airflow/dags/weekly_summary_pipeline.py
[2026-03-26T15:49:56.592+0000] {processor.py:840} INFO - DAG(s) 'weekly_summary_pipeline' retrieved from /opt/airflow/dags/weekly_summary_pipeline.py
[2026-03-26T15:49:56.640+0000] {logging_mixin.py:188} INFO - [2026-03-26T15:49:56.640+0000] {dag.py:3036} INFO - Sync 1 DAGs
[2026-03-26T15:49:56.675+0000] {logging_mixin.py:188} INFO - [2026-03-26T15:49:56.675+0000] {dag.py:3823} INFO - Setting next_dagrun for weekly_summary_pipeline to 2026-03-23 06:00:00+00:00, run_after=2026-03-30 06:00:00+00:00
[2026-03-26T15:49:56.701+0000] {processor.py:183} INFO - Processing /opt/airflow/dags/weekly_summary_pipeline.py took 0.150 seconds
[2026-03-26T15:50:26.783+0000] {processor.py:161} INFO - Started process (PID=3315) to work on /opt/airflow/dags/weekly_summary_pipeline.py
[2026-03-26T15:50:26.784+0000] {processor.py:830} INFO - Processing file /opt/airflow/dags/weekly_summary_pipeline.py for tasks to queue
[2026-03-26T15:50:26.785+0000] {logging_mixin.py:188} INFO - [2026-03-26T15:50:26.785+0000] {dagbag.py:538} INFO - Filling up the DagBag from /opt/airflow/dags/weekly_summary_pipeline.py
[2026-03-26T15:50:26.830+0000] {processor.py:840} INFO - DAG(s) 'weekly_summary_pipeline' retrieved from /opt/airflow/dags/weekly_summary_pipeline.py
[2026-03-26T15:50:26.881+0000] {logging_mixin.py:188} INFO - [2026-03-26T15:50:26.881+0000] {dag.py:3036} INFO - Sync 1 DAGs
[2026-03-26T15:50:26.921+0000] {logging_mixin.py:188} INFO - [2026-03-26T15:50:26.921+0000] {dag.py:3823} INFO - Setting next_dagrun for weekly_summary_pipeline to 2026-03-23 06:00:00+00:00, run_after=2026-03-30 06:00:00+00:00
[2026-03-26T15:50:26.945+0000] {processor.py:183} INFO - Processing /opt/airflow/dags/weekly_summary_pipeline.py took 0.166 seconds
[2026-03-26T15:50:57.096+0000] {processor.py:161} INFO - Started process (PID=3338) to work on /opt/airflow/dags/weekly_summary_pipeline.py
[2026-03-26T15:50:57.097+0000] {processor.py:830} INFO - Processing file /opt/airflow/dags/weekly_summary_pipeline.py for tasks to queue
[2026-03-26T15:50:57.098+0000] {logging_mixin.py:188} INFO - [2026-03-26T15:50:57.097+0000] {dagbag.py:538} INFO - Filling up the DagBag from /opt/airflow/dags/weekly_summary_pipeline.py
[2026-03-26T15:50:57.123+0000] {processor.py:840} INFO - DAG(s) 'weekly_summary_pipeline' retrieved from /opt/airflow/dags/weekly_summary_pipeline.py
[2026-03-26T15:50:57.150+0000] {logging_mixin.py:188} INFO - [2026-03-26T15:50:57.150+0000] {dag.py:3036} INFO - Sync 1 DAGs
[2026-03-26T15:50:57.171+0000] {logging_mixin.py:188} INFO - [2026-03-26T15:50:57.171+0000] {dag.py:3823} INFO - Setting next_dagrun for weekly_summary_pipeline to 2026-03-23 06:00:00+00:00, run_after=2026-03-30 06:00:00+00:00
[2026-03-26T15:50:57.190+0000] {processor.py:183} INFO - Processing /opt/airflow/dags/weekly_summary_pipeline.py took 0.097 seconds
[2026-03-26T15:51:27.353+0000] {processor.py:161} INFO - Started process (PID=3361) to work on /opt/airflow/dags/weekly_summary_pipeline.py
[2026-03-26T15:51:27.354+0000] {processor.py:830} INFO - Processing file /opt/airflow/dags/weekly_summary_pipeline.py for tasks to queue
[2026-03-26T15:51:27.355+0000] {logging_mixin.py:188} INFO - [2026-03-26T15:51:27.354+0000] {dagbag.py:538} INFO - Filling up the DagBag from /opt/airflow/dags/weekly_summary_pipeline.py
[2026-03-26T15:51:27.373+0000] {processor.py:840} INFO - DAG(s) 'weekly_summary_pipeline' retrieved from /opt/airflow/dags/weekly_summary_pipeline.py
[2026-03-26T15:51:27.404+0000] {logging_mixin.py:188} INFO - [2026-03-26T15:51:27.404+0000] {dag.py:3036} INFO - Sync 1 DAGs
[2026-03-26T15:51:27.426+0000] {logging_mixin.py:188} INFO - [2026-03-26T15:51:27.424+0000] {dag.py:3823} INFO - Setting next_dagrun for weekly_summary_pipeline to 2026-03-23 06:00:00+00:00, run_after=2026-03-30 06:00:00+00:00
[2026-03-26T15:51:27.444+0000] {processor.py:183} INFO - Processing /opt/airflow/dags/weekly_summary_pipeline.py took 0.094 seconds
[2026-03-26T15:51:57.579+0000] {processor.py:161} INFO - Started process (PID=3384) to work on /opt/airflow/dags/weekly_summary_pipeline.py
[2026-03-26T15:51:57.580+0000] {processor.py:830} INFO - Processing file /opt/airflow/dags/weekly_summary_pipeline.py for tasks to queue
[2026-03-26T15:51:57.581+0000] {logging_mixin.py:188} INFO - [2026-03-26T15:51:57.581+0000] {dagbag.py:538} INFO - Filling up the DagBag from /opt/airflow/dags/weekly_summary_pipeline.py
[2026-03-26T15:51:57.609+0000] {processor.py:840} INFO - DAG(s) 'weekly_summary_pipeline' retrieved from /opt/airflow/dags/weekly_summary_pipeline.py
[2026-03-26T15:51:57.645+0000] {logging_mixin.py:188} INFO - [2026-03-26T15:51:57.645+0000] {dag.py:3036} INFO - Sync 1 DAGs
[2026-03-26T15:51:57.670+0000] {logging_mixin.py:188} INFO - [2026-03-26T15:51:57.670+0000] {dag.py:3823} INFO - Setting next_dagrun for weekly_summary_pipeline to 2026-03-23 06:00:00+00:00, run_after=2026-03-30 06:00:00+00:00
[2026-03-26T15:51:57.693+0000] {processor.py:183} INFO - Processing /opt/airflow/dags/weekly_summary_pipeline.py took 0.118 seconds
[2026-03-26T15:52:27.989+0000] {processor.py:161} INFO - Started process (PID=3399) to work on /opt/airflow/dags/weekly_summary_pipeline.py
[2026-03-26T15:52:27.991+0000] {processor.py:830} INFO - Processing file /opt/airflow/dags/weekly_summary_pipeline.py for tasks to queue
[2026-03-26T15:52:27.993+0000] {logging_mixin.py:188} INFO - [2026-03-26T15:52:27.992+0000] {dagbag.py:538} INFO - Filling up the DagBag from /opt/airflow/dags/weekly_summary_pipeline.py
[2026-03-26T15:52:28.018+0000] {processor.py:840} INFO - DAG(s) 'weekly_summary_pipeline' retrieved from /opt/airflow/dags/weekly_summary_pipeline.py
[2026-03-26T15:52:28.048+0000] {logging_mixin.py:188} INFO - [2026-03-26T15:52:28.048+0000] {dag.py:3036} INFO - Sync 1 DAGs
[2026-03-26T15:52:28.073+0000] {logging_mixin.py:188} INFO - [2026-03-26T15:52:28.072+0000] {dag.py:3823} INFO - Setting next_dagrun for weekly_summary_pipeline to 2026-03-23 06:00:00+00:00, run_after=2026-03-30 06:00:00+00:00
[2026-03-26T15:52:28.092+0000] {processor.py:183} INFO - Processing /opt/airflow/dags/weekly_summary_pipeline.py took 0.108 seconds
[2026-03-26T15:52:58.833+0000] {processor.py:161} INFO - Started process (PID=3423) to work on /opt/airflow/dags/weekly_summary_pipeline.py
[2026-03-26T15:52:58.834+0000] {processor.py:830} INFO - Processing file /opt/airflow/dags/weekly_summary_pipeline.py for tasks to queue
[2026-03-26T15:52:58.836+0000] {logging_mixin.py:188} INFO - [2026-03-26T15:52:58.835+0000] {dagbag.py:538} INFO - Filling up the DagBag from /opt/airflow/dags/weekly_summary_pipeline.py
[2026-03-26T15:52:58.860+0000] {processor.py:840} INFO - DAG(s) 'weekly_summary_pipeline' retrieved from /opt/airflow/dags/weekly_summary_pipeline.py
[2026-03-26T15:52:58.894+0000] {logging_mixin.py:188} INFO - [2026-03-26T15:52:58.893+0000] {dag.py:3036} INFO - Sync 1 DAGs
[2026-03-26T15:52:58.918+0000] {logging_mixin.py:188} INFO - [2026-03-26T15:52:58.917+0000] {dag.py:3823} INFO - Setting next_dagrun for weekly_summary_pipeline to 2026-03-23 06:00:00+00:00, run_after=2026-03-30 06:00:00+00:00
[2026-03-26T15:52:58.952+0000] {processor.py:183} INFO - Processing /opt/airflow/dags/weekly_summary_pipeline.py took 0.123 seconds
[2026-03-26T15:53:29.070+0000] {processor.py:161} INFO - Started process (PID=3446) to work on /opt/airflow/dags/weekly_summary_pipeline.py
[2026-03-26T15:53:29.072+0000] {processor.py:830} INFO - Processing file /opt/airflow/dags/weekly_summary_pipeline.py for tasks to queue
[2026-03-26T15:53:29.073+0000] {logging_mixin.py:188} INFO - [2026-03-26T15:53:29.073+0000] {dagbag.py:538} INFO - Filling up the DagBag from /opt/airflow/dags/weekly_summary_pipeline.py
[2026-03-26T15:53:29.100+0000] {processor.py:840} INFO - DAG(s) 'weekly_summary_pipeline' retrieved from /opt/airflow/dags/weekly_summary_pipeline.py
[2026-03-26T15:53:29.133+0000] {logging_mixin.py:188} INFO - [2026-03-26T15:53:29.133+0000] {dag.py:3036} INFO - Sync 1 DAGs
[2026-03-26T15:53:29.155+0000] {logging_mixin.py:188} INFO - [2026-03-26T15:53:29.155+0000] {dag.py:3823} INFO - Setting next_dagrun for weekly_summary_pipeline to 2026-03-23 06:00:00+00:00, run_after=2026-03-30 06:00:00+00:00
[2026-03-26T15:53:29.184+0000] {processor.py:183} INFO - Processing /opt/airflow/dags/weekly_summary_pipeline.py took 0.116 seconds
[2026-03-26T15:53:59.387+0000] {processor.py:161} INFO - Started process (PID=3469) to work on /opt/airflow/dags/weekly_summary_pipeline.py
[2026-03-26T15:53:59.388+0000] {processor.py:830} INFO - Processing file /opt/airflow/dags/weekly_summary_pipeline.py for tasks to queue
[2026-03-26T15:53:59.389+0000] {logging_mixin.py:188} INFO - [2026-03-26T15:53:59.389+0000] {dagbag.py:538} INFO - Filling up the DagBag from /opt/airflow/dags/weekly_summary_pipeline.py
[2026-03-26T15:53:59.412+0000] {processor.py:840} INFO - DAG(s) 'weekly_summary_pipeline' retrieved from /opt/airflow/dags/weekly_summary_pipeline.py
[2026-03-26T15:53:59.442+0000] {logging_mixin.py:188} INFO - [2026-03-26T15:53:59.442+0000] {dag.py:3036} INFO - Sync 1 DAGs
[2026-03-26T15:53:59.466+0000] {logging_mixin.py:188} INFO - [2026-03-26T15:53:59.466+0000] {dag.py:3823} INFO - Setting next_dagrun for weekly_summary_pipeline to 2026-03-23 06:00:00+00:00, run_after=2026-03-30 06:00:00+00:00
[2026-03-26T15:53:59.488+0000] {processor.py:183} INFO - Processing /opt/airflow/dags/weekly_summary_pipeline.py took 0.105 seconds
[2026-03-26T15:54:29.688+0000] {processor.py:161} INFO - Started process (PID=3492) to work on /opt/airflow/dags/weekly_summary_pipeline.py
[2026-03-26T15:54:29.690+0000] {processor.py:830} INFO - Processing file /opt/airflow/dags/weekly_summary_pipeline.py for tasks to queue
[2026-03-26T15:54:29.691+0000] {logging_mixin.py:188} INFO - [2026-03-26T15:54:29.691+0000] {dagbag.py:538} INFO - Filling up the DagBag from /opt/airflow/dags/weekly_summary_pipeline.py
[2026-03-26T15:54:29.716+0000] {processor.py:840} INFO - DAG(s) 'weekly_summary_pipeline' retrieved from /opt/airflow/dags/weekly_summary_pipeline.py
[2026-03-26T15:54:29.748+0000] {logging_mixin.py:188} INFO - [2026-03-26T15:54:29.748+0000] {dag.py:3036} INFO - Sync 1 DAGs
[2026-03-26T15:54:29.771+0000] {logging_mixin.py:188} INFO - [2026-03-26T15:54:29.770+0000] {dag.py:3823} INFO - Setting next_dagrun for weekly_summary_pipeline to 2026-03-23 06:00:00+00:00, run_after=2026-03-30 06:00:00+00:00
[2026-03-26T15:54:29.793+0000] {processor.py:183} INFO - Processing /opt/airflow/dags/weekly_summary_pipeline.py took 0.107 seconds
[2026-03-26T15:54:59.949+0000] {processor.py:161} INFO - Started process (PID=3515) to work on /opt/airflow/dags/weekly_summary_pipeline.py
[2026-03-26T15:54:59.950+0000] {processor.py:830} INFO - Processing file /opt/airflow/dags/weekly_summary_pipeline.py for tasks to queue
[2026-03-26T15:54:59.951+0000] {logging_mixin.py:188} INFO - [2026-03-26T15:54:59.951+0000] {dagbag.py:538} INFO - Filling up the DagBag from /opt/airflow/dags/weekly_summary_pipeline.py
[2026-03-26T15:54:59.979+0000] {processor.py:840} INFO - DAG(s) 'weekly_summary_pipeline' retrieved from /opt/airflow/dags/weekly_summary_pipeline.py
[2026-03-26T15:55:00.015+0000] {logging_mixin.py:188} INFO - [2026-03-26T15:55:00.015+0000] {dag.py:3036} INFO - Sync 1 DAGs
[2026-03-26T15:55:00.040+0000] {logging_mixin.py:188} INFO - [2026-03-26T15:55:00.039+0000] {dag.py:3823} INFO - Setting next_dagrun for weekly_summary_pipeline to 2026-03-23 06:00:00+00:00, run_after=2026-03-30 06:00:00+00:00
[2026-03-26T15:55:00.059+0000] {processor.py:183} INFO - Processing /opt/airflow/dags/weekly_summary_pipeline.py took 0.113 seconds
[2026-03-26T15:55:30.252+0000] {processor.py:161} INFO - Started process (PID=3538) to work on /opt/airflow/dags/weekly_summary_pipeline.py
[2026-03-26T15:55:30.253+0000] {processor.py:830} INFO - Processing file /opt/airflow/dags/weekly_summary_pipeline.py for tasks to queue
[2026-03-26T15:55:30.254+0000] {logging_mixin.py:188} INFO - [2026-03-26T15:55:30.253+0000] {dagbag.py:538} INFO - Filling up the DagBag from /opt/airflow/dags/weekly_summary_pipeline.py
[2026-03-26T15:55:30.278+0000] {processor.py:840} INFO - DAG(s) 'weekly_summary_pipeline' retrieved from /opt/airflow/dags/weekly_summary_pipeline.py
[2026-03-26T15:55:30.309+0000] {logging_mixin.py:188} INFO - [2026-03-26T15:55:30.309+0000] {dag.py:3036} INFO - Sync 1 DAGs
[2026-03-26T15:55:30.338+0000] {logging_mixin.py:188} INFO - [2026-03-26T15:55:30.337+0000] {dag.py:3823} INFO - Setting next_dagrun for weekly_summary_pipeline to 2026-03-23 06:00:00+00:00, run_after=2026-03-30 06:00:00+00:00
[2026-03-26T15:55:30.361+0000] {processor.py:183} INFO - Processing /opt/airflow/dags/weekly_summary_pipeline.py took 0.111 seconds
[2026-03-26T15:56:00.533+0000] {processor.py:161} INFO - Started process (PID=3561) to work on /opt/airflow/dags/weekly_summary_pipeline.py
[2026-03-26T15:56:00.533+0000] {processor.py:830} INFO - Processing file /opt/airflow/dags/weekly_summary_pipeline.py for tasks to queue
[2026-03-26T15:56:00.534+0000] {logging_mixin.py:188} INFO - [2026-03-26T15:56:00.534+0000] {dagbag.py:538} INFO - Filling up the DagBag from /opt/airflow/dags/weekly_summary_pipeline.py
[2026-03-26T15:56:00.554+0000] {processor.py:840} INFO - DAG(s) 'weekly_summary_pipeline' retrieved from /opt/airflow/dags/weekly_summary_pipeline.py
[2026-03-26T15:56:00.580+0000] {logging_mixin.py:188} INFO - [2026-03-26T15:56:00.580+0000] {dag.py:3036} INFO - Sync 1 DAGs
[2026-03-26T15:56:00.599+0000] {logging_mixin.py:188} INFO - [2026-03-26T15:56:00.599+0000] {dag.py:3823} INFO - Setting next_dagrun for weekly_summary_pipeline to 2026-03-23 06:00:00+00:00, run_after=2026-03-30 06:00:00+00:00
[2026-03-26T15:56:00.618+0000] {processor.py:183} INFO - Processing /opt/airflow/dags/weekly_summary_pipeline.py took 0.088 seconds
[2026-03-26T15:56:30.792+0000] {processor.py:161} INFO - Started process (PID=3584) to work on /opt/airflow/dags/weekly_summary_pipeline.py
[2026-03-26T15:56:30.794+0000] {processor.py:830} INFO - Processing file /opt/airflow/dags/weekly_summary_pipeline.py for tasks to queue
[2026-03-26T15:56:30.795+0000] {logging_mixin.py:188} INFO - [2026-03-26T15:56:30.795+0000] {dagbag.py:538} INFO - Filling up the DagBag from /opt/airflow/dags/weekly_summary_pipeline.py
[2026-03-26T15:56:30.820+0000] {processor.py:840} INFO - DAG(s) 'weekly_summary_pipeline' retrieved from /opt/airflow/dags/weekly_summary_pipeline.py
[2026-03-26T15:56:30.863+0000] {logging_mixin.py:188} INFO - [2026-03-26T15:56:30.863+0000] {dag.py:3036} INFO - Sync 1 DAGs
[2026-03-26T15:56:30.916+0000] {logging_mixin.py:188} INFO - [2026-03-26T15:56:30.916+0000] {dag.py:3823} INFO - Setting next_dagrun for weekly_summary_pipeline to 2026-03-23 06:00:00+00:00, run_after=2026-03-30 06:00:00+00:00
[2026-03-26T15:56:30.963+0000] {processor.py:183} INFO - Processing /opt/airflow/dags/weekly_summary_pipeline.py took 0.175 seconds
[2026-03-26T15:57:01.186+0000] {processor.py:161} INFO - Started process (PID=3599) to work on /opt/airflow/dags/weekly_summary_pipeline.py
[2026-03-26T15:57:01.188+0000] {processor.py:830} INFO - Processing file /opt/airflow/dags/weekly_summary_pipeline.py for tasks to queue
[2026-03-26T15:57:01.189+0000] {logging_mixin.py:188} INFO - [2026-03-26T15:57:01.188+0000] {dagbag.py:538} INFO - Filling up the DagBag from /opt/airflow/dags/weekly_summary_pipeline.py
[2026-03-26T15:57:01.224+0000] {processor.py:840} INFO - DAG(s) 'weekly_summary_pipeline' retrieved from /opt/airflow/dags/weekly_summary_pipeline.py
[2026-03-26T15:57:01.262+0000] {logging_mixin.py:188} INFO - [2026-03-26T15:57:01.262+0000] {dag.py:3036} INFO - Sync 1 DAGs
[2026-03-26T15:57:01.296+0000] {logging_mixin.py:188} INFO - [2026-03-26T15:57:01.295+0000] {dag.py:3823} INFO - Setting next_dagrun for weekly_summary_pipeline to 2026-03-23 06:00:00+00:00, run_after=2026-03-30 06:00:00+00:00
[2026-03-26T15:57:01.337+0000] {processor.py:183} INFO - Processing /opt/airflow/dags/weekly_summary_pipeline.py took 0.154 seconds
[2026-03-26T15:57:32.357+0000] {processor.py:161} INFO - Started process (PID=3622) to work on /opt/airflow/dags/weekly_summary_pipeline.py
[2026-03-26T15:57:32.358+0000] {processor.py:830} INFO - Processing file /opt/airflow/dags/weekly_summary_pipeline.py for tasks to queue
[2026-03-26T15:57:32.359+0000] {logging_mixin.py:188} INFO - [2026-03-26T15:57:32.359+0000] {dagbag.py:538} INFO - Filling up the DagBag from /opt/airflow/dags/weekly_summary_pipeline.py
[2026-03-26T15:57:32.379+0000] {processor.py:840} INFO - DAG(s) 'weekly_summary_pipeline' retrieved from /opt/airflow/dags/weekly_summary_pipeline.py
[2026-03-26T15:57:32.406+0000] {logging_mixin.py:188} INFO - [2026-03-26T15:57:32.406+0000] {dag.py:3036} INFO - Sync 1 DAGs
[2026-03-26T15:57:32.428+0000] {logging_mixin.py:188} INFO - [2026-03-26T15:57:32.428+0000] {dag.py:3823} INFO - Setting next_dagrun for weekly_summary_pipeline to 2026-03-23 06:00:00+00:00, run_after=2026-03-30 06:00:00+00:00
[2026-03-26T15:57:32.453+0000] {processor.py:183} INFO - Processing /opt/airflow/dags/weekly_summary_pipeline.py took 0.098 seconds
[2026-03-26T15:58:02.591+0000] {processor.py:161} INFO - Started process (PID=3645) to work on /opt/airflow/dags/weekly_summary_pipeline.py
[2026-03-26T15:58:02.592+0000] {processor.py:830} INFO - Processing file /opt/airflow/dags/weekly_summary_pipeline.py for tasks to queue
[2026-03-26T15:58:02.593+0000] {logging_mixin.py:188} INFO - [2026-03-26T15:58:02.593+0000] {dagbag.py:538} INFO - Filling up the DagBag from /opt/airflow/dags/weekly_summary_pipeline.py
[2026-03-26T15:58:02.615+0000] {processor.py:840} INFO - DAG(s) 'weekly_summary_pipeline' retrieved from /opt/airflow/dags/weekly_summary_pipeline.py
[2026-03-26T15:58:02.645+0000] {logging_mixin.py:188} INFO - [2026-03-26T15:58:02.645+0000] {dag.py:3036} INFO - Sync 1 DAGs
[2026-03-26T15:58:02.667+0000] {logging_mixin.py:188} INFO - [2026-03-26T15:58:02.666+0000] {dag.py:3823} INFO - Setting next_dagrun for weekly_summary_pipeline to 2026-03-23 06:00:00+00:00, run_after=2026-03-30 06:00:00+00:00
[2026-03-26T15:58:02.685+0000] {processor.py:183} INFO - Processing /opt/airflow/dags/weekly_summary_pipeline.py took 0.096 seconds
[2026-03-26T15:58:32.783+0000] {processor.py:161} INFO - Started process (PID=3668) to work on /opt/airflow/dags/weekly_summary_pipeline.py
[2026-03-26T15:58:32.784+0000] {processor.py:830} INFO - Processing file /opt/airflow/dags/weekly_summary_pipeline.py for tasks to queue
[2026-03-26T15:58:32.786+0000] {logging_mixin.py:188} INFO - [2026-03-26T15:58:32.785+0000] {dagbag.py:538} INFO - Filling up the DagBag from /opt/airflow/dags/weekly_summary_pipeline.py
[2026-03-26T15:58:32.809+0000] {processor.py:840} INFO - DAG(s) 'weekly_summary_pipeline' retrieved from /opt/airflow/dags/weekly_summary_pipeline.py
[2026-03-26T15:58:32.834+0000] {logging_mixin.py:188} INFO - [2026-03-26T15:58:32.834+0000] {dag.py:3036} INFO - Sync 1 DAGs
[2026-03-26T15:58:32.854+0000] {logging_mixin.py:188} INFO - [2026-03-26T15:58:32.854+0000] {dag.py:3823} INFO - Setting next_dagrun for weekly_summary_pipeline to 2026-03-23 06:00:00+00:00, run_after=2026-03-30 06:00:00+00:00
[2026-03-26T15:58:32.872+0000] {processor.py:183} INFO - Processing /opt/airflow/dags/weekly_summary_pipeline.py took 0.092 seconds
[2026-03-26T15:59:03.147+0000] {processor.py:161} INFO - Started process (PID=3691) to work on /opt/airflow/dags/weekly_summary_pipeline.py
[2026-03-26T15:59:03.148+0000] {processor.py:830} INFO - Processing file /opt/airflow/dags/weekly_summary_pipeline.py for tasks to queue
[2026-03-26T15:59:03.149+0000] {logging_mixin.py:188} INFO - [2026-03-26T15:59:03.149+0000] {dagbag.py:538} INFO - Filling up the DagBag from /opt/airflow/dags/weekly_summary_pipeline.py
[2026-03-26T15:59:03.169+0000] {processor.py:840} INFO - DAG(s) 'weekly_summary_pipeline' retrieved from /opt/airflow/dags/weekly_summary_pipeline.py
[2026-03-26T15:59:03.195+0000] {logging_mixin.py:188} INFO - [2026-03-26T15:59:03.195+0000] {dag.py:3036} INFO - Sync 1 DAGs
[2026-03-26T15:59:03.217+0000] {logging_mixin.py:188} INFO - [2026-03-26T15:59:03.217+0000] {dag.py:3823} INFO - Setting next_dagrun for weekly_summary_pipeline to 2026-03-23 06:00:00+00:00, run_after=2026-03-30 06:00:00+00:00
[2026-03-26T15:59:03.237+0000] {processor.py:183} INFO - Processing /opt/airflow/dags/weekly_summary_pipeline.py took 0.093 seconds
[2026-03-26T15:59:34.254+0000] {processor.py:161} INFO - Started process (PID=3714) to work on /opt/airflow/dags/weekly_summary_pipeline.py
[2026-03-26T15:59:34.255+0000] {processor.py:830} INFO - Processing file /opt/airflow/dags/weekly_summary_pipeline.py for tasks to queue
[2026-03-26T15:59:34.256+0000] {logging_mixin.py:188} INFO - [2026-03-26T15:59:34.255+0000] {dagbag.py:538} INFO - Filling up the DagBag from /opt/airflow/dags/weekly_summary_pipeline.py
[2026-03-26T15:59:34.276+0000] {processor.py:840} INFO - DAG(s) 'weekly_summary_pipeline' retrieved from /opt/airflow/dags/weekly_summary_pipeline.py
[2026-03-26T15:59:34.304+0000] {logging_mixin.py:188} INFO - [2026-03-26T15:59:34.304+0000] {dag.py:3036} INFO - Sync 1 DAGs
[2026-03-26T15:59:34.324+0000] {logging_mixin.py:188} INFO - [2026-03-26T15:59:34.323+0000] {dag.py:3823} INFO - Setting next_dagrun for weekly_summary_pipeline to 2026-03-23 06:00:00+00:00, run_after=2026-03-30 06:00:00+00:00
[2026-03-26T15:59:34.341+0000] {processor.py:183} INFO - Processing /opt/airflow/dags/weekly_summary_pipeline.py took 0.089 seconds
[2026-03-26T16:00:04.594+0000] {processor.py:161} INFO - Started process (PID=3738) to work on /opt/airflow/dags/weekly_summary_pipeline.py
[2026-03-26T16:00:04.596+0000] {processor.py:830} INFO - Processing file /opt/airflow/dags/weekly_summary_pipeline.py for tasks to queue
[2026-03-26T16:00:04.597+0000] {logging_mixin.py:188} INFO - [2026-03-26T16:00:04.596+0000] {dagbag.py:538} INFO - Filling up the DagBag from /opt/airflow/dags/weekly_summary_pipeline.py
[2026-03-26T16:00:04.628+0000] {processor.py:840} INFO - DAG(s) 'weekly_summary_pipeline' retrieved from /opt/airflow/dags/weekly_summary_pipeline.py
[2026-03-26T16:00:04.664+0000] {logging_mixin.py:188} INFO - [2026-03-26T16:00:04.664+0000] {dag.py:3036} INFO - Sync 1 DAGs
[2026-03-26T16:00:04.688+0000] {logging_mixin.py:188} INFO - [2026-03-26T16:00:04.688+0000] {dag.py:3823} INFO - Setting next_dagrun for weekly_summary_pipeline to 2026-03-23 06:00:00+00:00, run_after=2026-03-30 06:00:00+00:00
[2026-03-26T16:00:04.711+0000] {processor.py:183} INFO - Processing /opt/airflow/dags/weekly_summary_pipeline.py took 0.120 seconds
[2026-03-26T16:00:34.898+0000] {processor.py:161} INFO - Started process (PID=3761) to work on /opt/airflow/dags/weekly_summary_pipeline.py
[2026-03-26T16:00:34.899+0000] {processor.py:830} INFO - Processing file /opt/airflow/dags/weekly_summary_pipeline.py for tasks to queue
[2026-03-26T16:00:34.900+0000] {logging_mixin.py:188} INFO - [2026-03-26T16:00:34.900+0000] {dagbag.py:538} INFO - Filling up the DagBag from /opt/airflow/dags/weekly_summary_pipeline.py
[2026-03-26T16:00:34.925+0000] {processor.py:840} INFO - DAG(s) 'weekly_summary_pipeline' retrieved from /opt/airflow/dags/weekly_summary_pipeline.py
[2026-03-26T16:00:34.960+0000] {logging_mixin.py:188} INFO - [2026-03-26T16:00:34.960+0000] {dag.py:3036} INFO - Sync 1 DAGs
[2026-03-26T16:00:34.984+0000] {logging_mixin.py:188} INFO - [2026-03-26T16:00:34.983+0000] {dag.py:3823} INFO - Setting next_dagrun for weekly_summary_pipeline to 2026-03-23 06:00:00+00:00, run_after=2026-03-30 06:00:00+00:00
[2026-03-26T16:00:35.003+0000] {processor.py:183} INFO - Processing /opt/airflow/dags/weekly_summary_pipeline.py took 0.109 seconds
[2026-03-26T16:01:06.189+0000] {processor.py:161} INFO - Started process (PID=3784) to work on /opt/airflow/dags/weekly_summary_pipeline.py
[2026-03-26T16:01:06.190+0000] {processor.py:830} INFO - Processing file /opt/airflow/dags/weekly_summary_pipeline.py for tasks to queue
[2026-03-26T16:01:06.192+0000] {logging_mixin.py:188} INFO - [2026-03-26T16:01:06.191+0000] {dagbag.py:538} INFO - Filling up the DagBag from /opt/airflow/dags/weekly_summary_pipeline.py
[2026-03-26T16:01:06.215+0000] {processor.py:840} INFO - DAG(s) 'weekly_summary_pipeline' retrieved from /opt/airflow/dags/weekly_summary_pipeline.py
[2026-03-26T16:01:06.246+0000] {logging_mixin.py:188} INFO - [2026-03-26T16:01:06.246+0000] {dag.py:3036} INFO - Sync 1 DAGs
[2026-03-26T16:01:06.276+0000] {logging_mixin.py:188} INFO - [2026-03-26T16:01:06.276+0000] {dag.py:3823} INFO - Setting next_dagrun for weekly_summary_pipeline to 2026-03-23 06:00:00+00:00, run_after=2026-03-30 06:00:00+00:00
[2026-03-26T16:01:06.298+0000] {processor.py:183} INFO - Processing /opt/airflow/dags/weekly_summary_pipeline.py took 0.113 seconds
[2026-03-26T16:01:38.358+0000] {processor.py:161} INFO - Started process (PID=3799) to work on /opt/airflow/dags/weekly_summary_pipeline.py
[2026-03-26T16:01:38.359+0000] {processor.py:830} INFO - Processing file /opt/airflow/dags/weekly_summary_pipeline.py for tasks to queue
[2026-03-26T16:01:38.361+0000] {logging_mixin.py:188} INFO - [2026-03-26T16:01:38.360+0000] {dagbag.py:538} INFO - Filling up the DagBag from /opt/airflow/dags/weekly_summary_pipeline.py
[2026-03-26T16:01:38.383+0000] {processor.py:840} INFO - DAG(s) 'weekly_summary_pipeline' retrieved from /opt/airflow/dags/weekly_summary_pipeline.py
[2026-03-26T16:01:38.420+0000] {logging_mixin.py:188} INFO - [2026-03-26T16:01:38.419+0000] {dag.py:3036} INFO - Sync 1 DAGs
[2026-03-26T16:01:38.443+0000] {logging_mixin.py:188} INFO - [2026-03-26T16:01:38.443+0000] {dag.py:3823} INFO - Setting next_dagrun for weekly_summary_pipeline to 2026-03-23 06:00:00+00:00, run_after=2026-03-30 06:00:00+00:00
[2026-03-26T16:01:38.463+0000] {processor.py:183} INFO - Processing /opt/airflow/dags/weekly_summary_pipeline.py took 0.108 seconds
[2026-03-26T16:02:08.648+0000] {processor.py:161} INFO - Started process (PID=3822) to work on /opt/airflow/dags/weekly_summary_pipeline.py
[2026-03-26T16:02:08.649+0000] {processor.py:830} INFO - Processing file /opt/airflow/dags/weekly_summary_pipeline.py for tasks to queue
[2026-03-26T16:02:08.650+0000] {logging_mixin.py:188} INFO - [2026-03-26T16:02:08.650+0000] {dagbag.py:538} INFO - Filling up the DagBag from /opt/airflow/dags/weekly_summary_pipeline.py
[2026-03-26T16:02:08.672+0000] {processor.py:840} INFO - DAG(s) 'weekly_summary_pipeline' retrieved from /opt/airflow/dags/weekly_summary_pipeline.py
[2026-03-26T16:02:08.703+0000] {logging_mixin.py:188} INFO - [2026-03-26T16:02:08.703+0000] {dag.py:3036} INFO - Sync 1 DAGs
[2026-03-26T16:02:08.725+0000] {logging_mixin.py:188} INFO - [2026-03-26T16:02:08.724+0000] {dag.py:3823} INFO - Setting next_dagrun for weekly_summary_pipeline to 2026-03-23 06:00:00+00:00, run_after=2026-03-30 06:00:00+00:00
[2026-03-26T16:02:08.745+0000] {processor.py:183} INFO - Processing /opt/airflow/dags/weekly_summary_pipeline.py took 0.101 seconds
[2026-03-26T16:02:39.066+0000] {processor.py:161} INFO - Started process (PID=3845) to work on /opt/airflow/dags/weekly_summary_pipeline.py
[2026-03-26T16:02:39.067+0000] {processor.py:830} INFO - Processing file /opt/airflow/dags/weekly_summary_pipeline.py for tasks to queue
[2026-03-26T16:02:39.068+0000] {logging_mixin.py:188} INFO - [2026-03-26T16:02:39.068+0000] {dagbag.py:538} INFO - Filling up the DagBag from /opt/airflow/dags/weekly_summary_pipeline.py
[2026-03-26T16:02:39.089+0000] {processor.py:840} INFO - DAG(s) 'weekly_summary_pipeline' retrieved from /opt/airflow/dags/weekly_summary_pipeline.py
[2026-03-26T16:02:39.116+0000] {logging_mixin.py:188} INFO - [2026-03-26T16:02:39.116+0000] {dag.py:3036} INFO - Sync 1 DAGs
[2026-03-26T16:02:39.138+0000] {logging_mixin.py:188} INFO - [2026-03-26T16:02:39.138+0000] {dag.py:3823} INFO - Setting next_dagrun for weekly_summary_pipeline to 2026-03-23 06:00:00+00:00, run_after=2026-03-30 06:00:00+00:00
[2026-03-26T16:02:39.159+0000] {processor.py:183} INFO - Processing /opt/airflow/dags/weekly_summary_pipeline.py took 0.096 seconds
[2026-03-26T16:03:09.324+0000] {processor.py:161} INFO - Started process (PID=3868) to work on /opt/airflow/dags/weekly_summary_pipeline.py
[2026-03-26T16:03:09.325+0000] {processor.py:830} INFO - Processing file /opt/airflow/dags/weekly_summary_pipeline.py for tasks to queue
[2026-03-26T16:03:09.326+0000] {logging_mixin.py:188} INFO - [2026-03-26T16:03:09.326+0000] {dagbag.py:538} INFO - Filling up the DagBag from /opt/airflow/dags/weekly_summary_pipeline.py
[2026-03-26T16:03:09.346+0000] {processor.py:840} INFO - DAG(s) 'weekly_summary_pipeline' retrieved from /opt/airflow/dags/weekly_summary_pipeline.py
[2026-03-26T16:03:09.374+0000] {logging_mixin.py:188} INFO - [2026-03-26T16:03:09.374+0000] {dag.py:3036} INFO - Sync 1 DAGs
[2026-03-26T16:03:09.397+0000] {logging_mixin.py:188} INFO - [2026-03-26T16:03:09.397+0000] {dag.py:3823} INFO - Setting next_dagrun for weekly_summary_pipeline to 2026-03-23 06:00:00+00:00, run_after=2026-03-30 06:00:00+00:00
[2026-03-26T16:03:09.419+0000] {processor.py:183} INFO - Processing /opt/airflow/dags/weekly_summary_pipeline.py took 0.098 seconds
[2026-03-26T16:03:39.645+0000] {processor.py:161} INFO - Started process (PID=3891) to work on /opt/airflow/dags/weekly_summary_pipeline.py
[2026-03-26T16:03:39.647+0000] {processor.py:830} INFO - Processing file /opt/airflow/dags/weekly_summary_pipeline.py for tasks to queue
[2026-03-26T16:03:39.648+0000] {logging_mixin.py:188} INFO - [2026-03-26T16:03:39.648+0000] {dagbag.py:538} INFO - Filling up the DagBag from /opt/airflow/dags/weekly_summary_pipeline.py
[2026-03-26T16:03:39.692+0000] {processor.py:840} INFO - DAG(s) 'weekly_summary_pipeline' retrieved from /opt/airflow/dags/weekly_summary_pipeline.py
[2026-03-26T16:03:39.749+0000] {logging_mixin.py:188} INFO - [2026-03-26T16:03:39.749+0000] {dag.py:3036} INFO - Sync 1 DAGs
[2026-03-26T16:03:39.792+0000] {logging_mixin.py:188} INFO - [2026-03-26T16:03:39.792+0000] {dag.py:3823} INFO - Setting next_dagrun for weekly_summary_pipeline to 2026-03-23 06:00:00+00:00, run_after=2026-03-30 06:00:00+00:00
[2026-03-26T16:03:39.820+0000] {processor.py:183} INFO - Processing /opt/airflow/dags/weekly_summary_pipeline.py took 0.184 seconds
[2026-03-26T16:04:09.898+0000] {processor.py:161} INFO - Started process (PID=3917) to work on /opt/airflow/dags/weekly_summary_pipeline.py
[2026-03-26T16:04:09.903+0000] {processor.py:830} INFO - Processing file /opt/airflow/dags/weekly_summary_pipeline.py for tasks to queue
[2026-03-26T16:04:09.905+0000] {logging_mixin.py:188} INFO - [2026-03-26T16:04:09.904+0000] {dagbag.py:538} INFO - Filling up the DagBag from /opt/airflow/dags/weekly_summary_pipeline.py
[2026-03-26T16:04:09.933+0000] {processor.py:840} INFO - DAG(s) 'weekly_summary_pipeline' retrieved from /opt/airflow/dags/weekly_summary_pipeline.py
[2026-03-26T16:04:09.970+0000] {logging_mixin.py:188} INFO - [2026-03-26T16:04:09.970+0000] {dag.py:3036} INFO - Sync 1 DAGs
[2026-03-26T16:04:09.999+0000] {logging_mixin.py:188} INFO - [2026-03-26T16:04:09.999+0000] {dag.py:3823} INFO - Setting next_dagrun for weekly_summary_pipeline to 2026-03-23 06:00:00+00:00, run_after=2026-03-30 06:00:00+00:00
[2026-03-26T16:04:10.021+0000] {processor.py:183} INFO - Processing /opt/airflow/dags/weekly_summary_pipeline.py took 0.127 seconds
[2026-03-26T16:04:40.988+0000] {processor.py:161} INFO - Started process (PID=3937) to work on /opt/airflow/dags/weekly_summary_pipeline.py
[2026-03-26T16:04:40.989+0000] {processor.py:830} INFO - Processing file /opt/airflow/dags/weekly_summary_pipeline.py for tasks to queue
[2026-03-26T16:04:40.990+0000] {logging_mixin.py:188} INFO - [2026-03-26T16:04:40.990+0000] {dagbag.py:538} INFO - Filling up the DagBag from /opt/airflow/dags/weekly_summary_pipeline.py
[2026-03-26T16:04:41.012+0000] {processor.py:840} INFO - DAG(s) 'weekly_summary_pipeline' retrieved from /opt/airflow/dags/weekly_summary_pipeline.py
[2026-03-26T16:04:41.055+0000] {logging_mixin.py:188} INFO - [2026-03-26T16:04:41.055+0000] {dag.py:3036} INFO - Sync 1 DAGs
[2026-03-26T16:04:41.090+0000] {logging_mixin.py:188} INFO - [2026-03-26T16:04:41.090+0000] {dag.py:3823} INFO - Setting next_dagrun for weekly_summary_pipeline to 2026-03-23 06:00:00+00:00, run_after=2026-03-30 06:00:00+00:00
[2026-03-26T16:04:41.128+0000] {processor.py:183} INFO - Processing /opt/airflow/dags/weekly_summary_pipeline.py took 0.144 seconds
[2026-03-26T16:05:11.991+0000] {processor.py:161} INFO - Started process (PID=3960) to work on /opt/airflow/dags/weekly_summary_pipeline.py
[2026-03-26T16:05:11.992+0000] {processor.py:830} INFO - Processing file /opt/airflow/dags/weekly_summary_pipeline.py for tasks to queue
[2026-03-26T16:05:11.993+0000] {logging_mixin.py:188} INFO - [2026-03-26T16:05:11.993+0000] {dagbag.py:538} INFO - Filling up the DagBag from /opt/airflow/dags/weekly_summary_pipeline.py
[2026-03-26T16:05:12.023+0000] {processor.py:840} INFO - DAG(s) 'weekly_summary_pipeline' retrieved from /opt/airflow/dags/weekly_summary_pipeline.py
[2026-03-26T16:05:12.060+0000] {logging_mixin.py:188} INFO - [2026-03-26T16:05:12.060+0000] {dag.py:3036} INFO - Sync 1 DAGs
[2026-03-26T16:05:12.093+0000] {logging_mixin.py:188} INFO - [2026-03-26T16:05:12.093+0000] {dag.py:3823} INFO - Setting next_dagrun for weekly_summary_pipeline to 2026-03-23 06:00:00+00:00, run_after=2026-03-30 06:00:00+00:00
[2026-03-26T16:05:12.115+0000] {processor.py:183} INFO - Processing /opt/airflow/dags/weekly_summary_pipeline.py took 0.127 seconds
[2026-03-26T16:05:42.528+0000] {processor.py:161} INFO - Started process (PID=3983) to work on /opt/airflow/dags/weekly_summary_pipeline.py
[2026-03-26T16:05:42.530+0000] {processor.py:830} INFO - Processing file /opt/airflow/dags/weekly_summary_pipeline.py for tasks to queue
[2026-03-26T16:05:42.531+0000] {logging_mixin.py:188} INFO - [2026-03-26T16:05:42.531+0000] {dagbag.py:538} INFO - Filling up the DagBag from /opt/airflow/dags/weekly_summary_pipeline.py
[2026-03-26T16:05:42.571+0000] {processor.py:840} INFO - DAG(s) 'weekly_summary_pipeline' retrieved from /opt/airflow/dags/weekly_summary_pipeline.py
[2026-03-26T16:05:42.624+0000] {logging_mixin.py:188} INFO - [2026-03-26T16:05:42.624+0000] {dag.py:3036} INFO - Sync 1 DAGs
[2026-03-26T16:05:42.688+0000] {logging_mixin.py:188} INFO - [2026-03-26T16:05:42.688+0000] {dag.py:3823} INFO - Setting next_dagrun for weekly_summary_pipeline to 2026-03-23 06:00:00+00:00, run_after=2026-03-30 06:00:00+00:00
[2026-03-26T16:05:42.745+0000] {processor.py:183} INFO - Processing /opt/airflow/dags/weekly_summary_pipeline.py took 0.221 seconds
[2026-03-26T16:06:13.678+0000] {processor.py:161} INFO - Started process (PID=3998) to work on /opt/airflow/dags/weekly_summary_pipeline.py
[2026-03-26T16:06:13.679+0000] {processor.py:830} INFO - Processing file /opt/airflow/dags/weekly_summary_pipeline.py for tasks to queue
[2026-03-26T16:06:13.680+0000] {logging_mixin.py:188} INFO - [2026-03-26T16:06:13.680+0000] {dagbag.py:538} INFO - Filling up the DagBag from /opt/airflow/dags/weekly_summary_pipeline.py
[2026-03-26T16:06:13.700+0000] {processor.py:840} INFO - DAG(s) 'weekly_summary_pipeline' retrieved from /opt/airflow/dags/weekly_summary_pipeline.py
[2026-03-26T16:06:13.733+0000] {logging_mixin.py:188} INFO - [2026-03-26T16:06:13.732+0000] {dag.py:3036} INFO - Sync 1 DAGs
[2026-03-26T16:06:13.762+0000] {logging_mixin.py:188} INFO - [2026-03-26T16:06:13.762+0000] {dag.py:3823} INFO - Setting next_dagrun for weekly_summary_pipeline to 2026-03-23 06:00:00+00:00, run_after=2026-03-30 06:00:00+00:00
[2026-03-26T16:06:13.784+0000] {processor.py:183} INFO - Processing /opt/airflow/dags/weekly_summary_pipeline.py took 0.110 seconds
[2026-03-26T16:06:43.867+0000] {processor.py:161} INFO - Started process (PID=4020) to work on /opt/airflow/dags/weekly_summary_pipeline.py
[2026-03-26T16:06:43.868+0000] {processor.py:830} INFO - Processing file /opt/airflow/dags/weekly_summary_pipeline.py for tasks to queue
[2026-03-26T16:06:43.869+0000] {logging_mixin.py:188} INFO - [2026-03-26T16:06:43.869+0000] {dagbag.py:538} INFO - Filling up the DagBag from /opt/airflow/dags/weekly_summary_pipeline.py
[2026-03-26T16:06:43.892+0000] {processor.py:840} INFO - DAG(s) 'weekly_summary_pipeline' retrieved from /opt/airflow/dags/weekly_summary_pipeline.py
[2026-03-26T16:06:43.924+0000] {logging_mixin.py:188} INFO - [2026-03-26T16:06:43.924+0000] {dag.py:3036} INFO - Sync 1 DAGs
[2026-03-26T16:06:43.947+0000] {logging_mixin.py:188} INFO - [2026-03-26T16:06:43.947+0000] {dag.py:3823} INFO - Setting next_dagrun for weekly_summary_pipeline to 2026-03-23 06:00:00+00:00, run_after=2026-03-30 06:00:00+00:00
[2026-03-26T16:06:43.965+0000] {processor.py:183} INFO - Processing /opt/airflow/dags/weekly_summary_pipeline.py took 0.100 seconds
[2026-03-26T16:07:14.826+0000] {processor.py:161} INFO - Started process (PID=4043) to work on /opt/airflow/dags/weekly_summary_pipeline.py
[2026-03-26T16:07:14.827+0000] {processor.py:830} INFO - Processing file /opt/airflow/dags/weekly_summary_pipeline.py for tasks to queue
[2026-03-26T16:07:14.828+0000] {logging_mixin.py:188} INFO - [2026-03-26T16:07:14.828+0000] {dagbag.py:538} INFO - Filling up the DagBag from /opt/airflow/dags/weekly_summary_pipeline.py
[2026-03-26T16:07:14.852+0000] {processor.py:840} INFO - DAG(s) 'weekly_summary_pipeline' retrieved from /opt/airflow/dags/weekly_summary_pipeline.py
[2026-03-26T16:07:14.885+0000] {logging_mixin.py:188} INFO - [2026-03-26T16:07:14.885+0000] {dag.py:3036} INFO - Sync 1 DAGs
[2026-03-26T16:07:14.920+0000] {logging_mixin.py:188} INFO - [2026-03-26T16:07:14.919+0000] {dag.py:3823} INFO - Setting next_dagrun for weekly_summary_pipeline to 2026-03-23 06:00:00+00:00, run_after=2026-03-30 06:00:00+00:00
[2026-03-26T16:07:14.950+0000] {processor.py:183} INFO - Processing /opt/airflow/dags/weekly_summary_pipeline.py took 0.127 seconds
[2026-03-26T16:07:45.321+0000] {processor.py:161} INFO - Started process (PID=4066) to work on /opt/airflow/dags/weekly_summary_pipeline.py
[2026-03-26T16:07:45.322+0000] {processor.py:830} INFO - Processing file /opt/airflow/dags/weekly_summary_pipeline.py for tasks to queue
[2026-03-26T16:07:45.323+0000] {logging_mixin.py:188} INFO - [2026-03-26T16:07:45.323+0000] {dagbag.py:538} INFO - Filling up the DagBag from /opt/airflow/dags/weekly_summary_pipeline.py
[2026-03-26T16:07:45.347+0000] {processor.py:840} INFO - DAG(s) 'weekly_summary_pipeline' retrieved from /opt/airflow/dags/weekly_summary_pipeline.py
[2026-03-26T16:07:45.387+0000] {logging_mixin.py:188} INFO - [2026-03-26T16:07:45.387+0000] {dag.py:3036} INFO - Sync 1 DAGs
[2026-03-26T16:07:45.413+0000] {logging_mixin.py:188} INFO - [2026-03-26T16:07:45.413+0000] {dag.py:3823} INFO - Setting next_dagrun for weekly_summary_pipeline to 2026-03-23 06:00:00+00:00, run_after=2026-03-30 06:00:00+00:00
[2026-03-26T16:07:45.436+0000] {processor.py:183} INFO - Processing /opt/airflow/dags/weekly_summary_pipeline.py took 0.117 seconds
[2026-03-26T16:08:15.516+0000] {processor.py:161} INFO - Started process (PID=4089) to work on /opt/airflow/dags/weekly_summary_pipeline.py
[2026-03-26T16:08:15.517+0000] {processor.py:830} INFO - Processing file /opt/airflow/dags/weekly_summary_pipeline.py for tasks to queue
[2026-03-26T16:08:15.518+0000] {logging_mixin.py:188} INFO - [2026-03-26T16:08:15.518+0000] {dagbag.py:538} INFO - Filling up the DagBag from /opt/airflow/dags/weekly_summary_pipeline.py
[2026-03-26T16:08:15.541+0000] {processor.py:840} INFO - DAG(s) 'weekly_summary_pipeline' retrieved from /opt/airflow/dags/weekly_summary_pipeline.py
[2026-03-26T16:08:15.581+0000] {logging_mixin.py:188} INFO - [2026-03-26T16:08:15.580+0000] {dag.py:3036} INFO - Sync 1 DAGs
[2026-03-26T16:08:15.606+0000] {logging_mixin.py:188} INFO - [2026-03-26T16:08:15.605+0000] {dag.py:3823} INFO - Setting next_dagrun for weekly_summary_pipeline to 2026-03-23 06:00:00+00:00, run_after=2026-03-30 06:00:00+00:00
[2026-03-26T16:08:15.626+0000] {processor.py:183} INFO - Processing /opt/airflow/dags/weekly_summary_pipeline.py took 0.113 seconds
[2026-03-26T16:08:45.673+0000] {processor.py:161} INFO - Started process (PID=4112) to work on /opt/airflow/dags/weekly_summary_pipeline.py
[2026-03-26T16:08:45.674+0000] {processor.py:830} INFO - Processing file /opt/airflow/dags/weekly_summary_pipeline.py for tasks to queue
[2026-03-26T16:08:45.675+0000] {logging_mixin.py:188} INFO - [2026-03-26T16:08:45.675+0000] {dagbag.py:538} INFO - Filling up the DagBag from /opt/airflow/dags/weekly_summary_pipeline.py
[2026-03-26T16:08:45.695+0000] {processor.py:840} INFO - DAG(s) 'weekly_summary_pipeline' retrieved from /opt/airflow/dags/weekly_summary_pipeline.py
[2026-03-26T16:08:45.725+0000] {logging_mixin.py:188} INFO - [2026-03-26T16:08:45.724+0000] {dag.py:3036} INFO - Sync 1 DAGs
[2026-03-26T16:08:45.749+0000] {logging_mixin.py:188} INFO - [2026-03-26T16:08:45.749+0000] {dag.py:3823} INFO - Setting next_dagrun for weekly_summary_pipeline to 2026-03-23 06:00:00+00:00, run_after=2026-03-30 06:00:00+00:00
[2026-03-26T16:08:45.771+0000] {processor.py:183} INFO - Processing /opt/airflow/dags/weekly_summary_pipeline.py took 0.101 seconds
[2026-03-26T16:09:15.921+0000] {processor.py:161} INFO - Started process (PID=4135) to work on /opt/airflow/dags/weekly_summary_pipeline.py
[2026-03-26T16:09:15.922+0000] {processor.py:830} INFO - Processing file /opt/airflow/dags/weekly_summary_pipeline.py for tasks to queue
[2026-03-26T16:09:15.922+0000] {logging_mixin.py:188} INFO - [2026-03-26T16:09:15.922+0000] {dagbag.py:538} INFO - Filling up the DagBag from /opt/airflow/dags/weekly_summary_pipeline.py
[2026-03-26T16:09:15.942+0000] {processor.py:840} INFO - DAG(s) 'weekly_summary_pipeline' retrieved from /opt/airflow/dags/weekly_summary_pipeline.py
[2026-03-26T16:09:15.983+0000] {logging_mixin.py:188} INFO - [2026-03-26T16:09:15.982+0000] {dag.py:3036} INFO - Sync 1 DAGs
[2026-03-26T16:09:16.014+0000] {logging_mixin.py:188} INFO - [2026-03-26T16:09:16.013+0000] {dag.py:3823} INFO - Setting next_dagrun for weekly_summary_pipeline to 2026-03-23 06:00:00+00:00, run_after=2026-03-30 06:00:00+00:00
[2026-03-26T16:09:16.041+0000] {processor.py:183} INFO - Processing /opt/airflow/dags/weekly_summary_pipeline.py took 0.128 seconds
[2026-03-26T16:09:46.189+0000] {processor.py:161} INFO - Started process (PID=4158) to work on /opt/airflow/dags/weekly_summary_pipeline.py
[2026-03-26T16:09:46.191+0000] {processor.py:830} INFO - Processing file /opt/airflow/dags/weekly_summary_pipeline.py for tasks to queue
[2026-03-26T16:09:46.193+0000] {logging_mixin.py:188} INFO - [2026-03-26T16:09:46.192+0000] {dagbag.py:538} INFO - Filling up the DagBag from /opt/airflow/dags/weekly_summary_pipeline.py
[2026-03-26T16:09:46.222+0000] {processor.py:840} INFO - DAG(s) 'weekly_summary_pipeline' retrieved from /opt/airflow/dags/weekly_summary_pipeline.py
[2026-03-26T16:09:46.271+0000] {logging_mixin.py:188} INFO - [2026-03-26T16:09:46.271+0000] {dag.py:3036} INFO - Sync 1 DAGs
[2026-03-26T16:09:46.298+0000] {logging_mixin.py:188} INFO - [2026-03-26T16:09:46.298+0000] {dag.py:3823} INFO - Setting next_dagrun for weekly_summary_pipeline to 2026-03-23 06:00:00+00:00, run_after=2026-03-30 06:00:00+00:00
[2026-03-26T16:09:46.323+0000] {processor.py:183} INFO - Processing /opt/airflow/dags/weekly_summary_pipeline.py took 0.138 seconds
[2026-03-26T16:10:16.521+0000] {processor.py:161} INFO - Started process (PID=4173) to work on /opt/airflow/dags/weekly_summary_pipeline.py
[2026-03-26T16:10:16.525+0000] {processor.py:830} INFO - Processing file /opt/airflow/dags/weekly_summary_pipeline.py for tasks to queue
[2026-03-26T16:10:16.527+0000] {logging_mixin.py:188} INFO - [2026-03-26T16:10:16.526+0000] {dagbag.py:538} INFO - Filling up the DagBag from /opt/airflow/dags/weekly_summary_pipeline.py
[2026-03-26T16:10:16.582+0000] {processor.py:840} INFO - DAG(s) 'weekly_summary_pipeline' retrieved from /opt/airflow/dags/weekly_summary_pipeline.py
[2026-03-26T16:10:16.646+0000] {logging_mixin.py:188} INFO - [2026-03-26T16:10:16.646+0000] {dag.py:3036} INFO - Sync 1 DAGs
[2026-03-26T16:10:16.684+0000] {logging_mixin.py:188} INFO - [2026-03-26T16:10:16.683+0000] {dag.py:3823} INFO - Setting next_dagrun for weekly_summary_pipeline to 2026-03-23 06:00:00+00:00, run_after=2026-03-30 06:00:00+00:00
[2026-03-26T16:10:16.710+0000] {processor.py:183} INFO - Processing /opt/airflow/dags/weekly_summary_pipeline.py took 0.197 seconds
[2026-03-26T16:10:47.586+0000] {processor.py:161} INFO - Started process (PID=4196) to work on /opt/airflow/dags/weekly_summary_pipeline.py
[2026-03-26T16:10:47.587+0000] {processor.py:830} INFO - Processing file /opt/airflow/dags/weekly_summary_pipeline.py for tasks to queue
[2026-03-26T16:10:47.589+0000] {logging_mixin.py:188} INFO - [2026-03-26T16:10:47.588+0000] {dagbag.py:538} INFO - Filling up the DagBag from /opt/airflow/dags/weekly_summary_pipeline.py
[2026-03-26T16:10:47.616+0000] {processor.py:840} INFO - DAG(s) 'weekly_summary_pipeline' retrieved from /opt/airflow/dags/weekly_summary_pipeline.py
[2026-03-26T16:10:47.658+0000] {logging_mixin.py:188} INFO - [2026-03-26T16:10:47.657+0000] {dag.py:3036} INFO - Sync 1 DAGs
[2026-03-26T16:10:47.691+0000] {logging_mixin.py:188} INFO - [2026-03-26T16:10:47.690+0000] {dag.py:3823} INFO - Setting next_dagrun for weekly_summary_pipeline to 2026-03-23 06:00:00+00:00, run_after=2026-03-30 06:00:00+00:00
[2026-03-26T16:10:47.743+0000] {processor.py:183} INFO - Processing /opt/airflow/dags/weekly_summary_pipeline.py took 0.161 seconds
[2026-03-26T16:11:17.898+0000] {processor.py:161} INFO - Started process (PID=4219) to work on /opt/airflow/dags/weekly_summary_pipeline.py
[2026-03-26T16:11:17.899+0000] {processor.py:830} INFO - Processing file /opt/airflow/dags/weekly_summary_pipeline.py for tasks to queue
[2026-03-26T16:11:17.901+0000] {logging_mixin.py:188} INFO - [2026-03-26T16:11:17.900+0000] {dagbag.py:538} INFO - Filling up the DagBag from /opt/airflow/dags/weekly_summary_pipeline.py
[2026-03-26T16:11:17.929+0000] {processor.py:840} INFO - DAG(s) 'weekly_summary_pipeline' retrieved from /opt/airflow/dags/weekly_summary_pipeline.py
[2026-03-26T16:11:17.968+0000] {logging_mixin.py:188} INFO - [2026-03-26T16:11:17.968+0000] {dag.py:3036} INFO - Sync 1 DAGs
[2026-03-26T16:11:17.996+0000] {logging_mixin.py:188} INFO - [2026-03-26T16:11:17.996+0000] {dag.py:3823} INFO - Setting next_dagrun for weekly_summary_pipeline to 2026-03-23 06:00:00+00:00, run_after=2026-03-30 06:00:00+00:00
[2026-03-26T16:11:18.018+0000] {processor.py:183} INFO - Processing /opt/airflow/dags/weekly_summary_pipeline.py took 0.123 seconds
[2026-03-26T16:11:48.164+0000] {processor.py:161} INFO - Started process (PID=4242) to work on /opt/airflow/dags/weekly_summary_pipeline.py
[2026-03-26T16:11:48.165+0000] {processor.py:830} INFO - Processing file /opt/airflow/dags/weekly_summary_pipeline.py for tasks to queue
[2026-03-26T16:11:48.167+0000] {logging_mixin.py:188} INFO - [2026-03-26T16:11:48.166+0000] {dagbag.py:538} INFO - Filling up the DagBag from /opt/airflow/dags/weekly_summary_pipeline.py
[2026-03-26T16:11:48.225+0000] {processor.py:840} INFO - DAG(s) 'weekly_summary_pipeline' retrieved from /opt/airflow/dags/weekly_summary_pipeline.py
[2026-03-26T16:11:48.284+0000] {logging_mixin.py:188} INFO - [2026-03-26T16:11:48.283+0000] {dag.py:3036} INFO - Sync 1 DAGs
[2026-03-26T16:11:48.321+0000] {logging_mixin.py:188} INFO - [2026-03-26T16:11:48.321+0000] {dag.py:3823} INFO - Setting next_dagrun for weekly_summary_pipeline to 2026-03-23 06:00:00+00:00, run_after=2026-03-30 06:00:00+00:00
[2026-03-26T16:11:48.352+0000] {processor.py:183} INFO - Processing /opt/airflow/dags/weekly_summary_pipeline.py took 0.193 seconds
[2026-03-26T16:12:18.611+0000] {processor.py:161} INFO - Started process (PID=4265) to work on /opt/airflow/dags/weekly_summary_pipeline.py
[2026-03-26T16:12:18.615+0000] {processor.py:830} INFO - Processing file /opt/airflow/dags/weekly_summary_pipeline.py for tasks to queue
[2026-03-26T16:12:18.617+0000] {logging_mixin.py:188} INFO - [2026-03-26T16:12:18.616+0000] {dagbag.py:538} INFO - Filling up the DagBag from /opt/airflow/dags/weekly_summary_pipeline.py
[2026-03-26T16:12:18.699+0000] {processor.py:840} INFO - DAG(s) 'weekly_summary_pipeline' retrieved from /opt/airflow/dags/weekly_summary_pipeline.py
[2026-03-26T16:12:18.775+0000] {logging_mixin.py:188} INFO - [2026-03-26T16:12:18.775+0000] {dag.py:3036} INFO - Sync 1 DAGs
[2026-03-26T16:12:18.829+0000] {logging_mixin.py:188} INFO - [2026-03-26T16:12:18.829+0000] {dag.py:3823} INFO - Setting next_dagrun for weekly_summary_pipeline to 2026-03-23 06:00:00+00:00, run_after=2026-03-30 06:00:00+00:00
[2026-03-26T16:12:18.858+0000] {processor.py:183} INFO - Processing /opt/airflow/dags/weekly_summary_pipeline.py took 0.261 seconds
[2026-03-26T16:12:49.744+0000] {processor.py:161} INFO - Started process (PID=4288) to work on /opt/airflow/dags/weekly_summary_pipeline.py
[2026-03-26T16:12:49.745+0000] {processor.py:830} INFO - Processing file /opt/airflow/dags/weekly_summary_pipeline.py for tasks to queue
[2026-03-26T16:12:49.747+0000] {logging_mixin.py:188} INFO - [2026-03-26T16:12:49.747+0000] {dagbag.py:538} INFO - Filling up the DagBag from /opt/airflow/dags/weekly_summary_pipeline.py
[2026-03-26T16:12:49.785+0000] {processor.py:840} INFO - DAG(s) 'weekly_summary_pipeline' retrieved from /opt/airflow/dags/weekly_summary_pipeline.py
[2026-03-26T16:12:49.820+0000] {logging_mixin.py:188} INFO - [2026-03-26T16:12:49.819+0000] {dag.py:3036} INFO - Sync 1 DAGs
[2026-03-26T16:12:49.848+0000] {logging_mixin.py:188} INFO - [2026-03-26T16:12:49.847+0000] {dag.py:3823} INFO - Setting next_dagrun for weekly_summary_pipeline to 2026-03-23 06:00:00+00:00, run_after=2026-03-30 06:00:00+00:00
[2026-03-26T16:12:49.877+0000] {processor.py:183} INFO - Processing /opt/airflow/dags/weekly_summary_pipeline.py took 0.136 seconds
[2026-03-26T16:13:20.012+0000] {processor.py:161} INFO - Started process (PID=4311) to work on /opt/airflow/dags/weekly_summary_pipeline.py
[2026-03-26T16:13:20.014+0000] {processor.py:830} INFO - Processing file /opt/airflow/dags/weekly_summary_pipeline.py for tasks to queue
[2026-03-26T16:13:20.015+0000] {logging_mixin.py:188} INFO - [2026-03-26T16:13:20.015+0000] {dagbag.py:538} INFO - Filling up the DagBag from /opt/airflow/dags/weekly_summary_pipeline.py
[2026-03-26T16:13:20.042+0000] {processor.py:840} INFO - DAG(s) 'weekly_summary_pipeline' retrieved from /opt/airflow/dags/weekly_summary_pipeline.py
[2026-03-26T16:13:20.074+0000] {logging_mixin.py:188} INFO - [2026-03-26T16:13:20.074+0000] {dag.py:3036} INFO - Sync 1 DAGs
[2026-03-26T16:13:20.100+0000] {logging_mixin.py:188} INFO - [2026-03-26T16:13:20.100+0000] {dag.py:3823} INFO - Setting next_dagrun for weekly_summary_pipeline to 2026-03-23 06:00:00+00:00, run_after=2026-03-30 06:00:00+00:00
[2026-03-26T16:13:20.119+0000] {processor.py:183} INFO - Processing /opt/airflow/dags/weekly_summary_pipeline.py took 0.112 seconds
[2026-03-26T16:13:50.211+0000] {processor.py:161} INFO - Started process (PID=4334) to work on /opt/airflow/dags/weekly_summary_pipeline.py
[2026-03-26T16:13:50.213+0000] {processor.py:830} INFO - Processing file /opt/airflow/dags/weekly_summary_pipeline.py for tasks to queue
[2026-03-26T16:13:50.214+0000] {logging_mixin.py:188} INFO - [2026-03-26T16:13:50.214+0000] {dagbag.py:538} INFO - Filling up the DagBag from /opt/airflow/dags/weekly_summary_pipeline.py
[2026-03-26T16:13:50.247+0000] {processor.py:840} INFO - DAG(s) 'weekly_summary_pipeline' retrieved from /opt/airflow/dags/weekly_summary_pipeline.py
[2026-03-26T16:13:50.287+0000] {logging_mixin.py:188} INFO - [2026-03-26T16:13:50.287+0000] {dag.py:3036} INFO - Sync 1 DAGs
[2026-03-26T16:13:50.330+0000] {logging_mixin.py:188} INFO - [2026-03-26T16:13:50.329+0000] {dag.py:3823} INFO - Setting next_dagrun for weekly_summary_pipeline to 2026-03-23 06:00:00+00:00, run_after=2026-03-30 06:00:00+00:00
[2026-03-26T16:13:50.365+0000] {processor.py:183} INFO - Processing /opt/airflow/dags/weekly_summary_pipeline.py took 0.158 seconds
[2026-03-26T16:14:20.790+0000] {processor.py:161} INFO - Started process (PID=4349) to work on /opt/airflow/dags/weekly_summary_pipeline.py
[2026-03-26T16:14:20.792+0000] {processor.py:830} INFO - Processing file /opt/airflow/dags/weekly_summary_pipeline.py for tasks to queue
[2026-03-26T16:14:20.793+0000] {logging_mixin.py:188} INFO - [2026-03-26T16:14:20.793+0000] {dagbag.py:538} INFO - Filling up the DagBag from /opt/airflow/dags/weekly_summary_pipeline.py
[2026-03-26T16:14:20.827+0000] {processor.py:840} INFO - DAG(s) 'weekly_summary_pipeline' retrieved from /opt/airflow/dags/weekly_summary_pipeline.py
[2026-03-26T16:14:20.874+0000] {logging_mixin.py:188} INFO - [2026-03-26T16:14:20.874+0000] {dag.py:3036} INFO - Sync 1 DAGs
[2026-03-26T16:14:20.905+0000] {logging_mixin.py:188} INFO - [2026-03-26T16:14:20.905+0000] {dag.py:3823} INFO - Setting next_dagrun for weekly_summary_pipeline to 2026-03-23 06:00:00+00:00, run_after=2026-03-30 06:00:00+00:00
[2026-03-26T16:14:20.935+0000] {processor.py:183} INFO - Processing /opt/airflow/dags/weekly_summary_pipeline.py took 0.149 seconds
[2026-03-26T16:14:51.152+0000] {processor.py:161} INFO - Started process (PID=4372) to work on /opt/airflow/dags/weekly_summary_pipeline.py
[2026-03-26T16:14:51.154+0000] {processor.py:830} INFO - Processing file /opt/airflow/dags/weekly_summary_pipeline.py for tasks to queue
[2026-03-26T16:14:51.155+0000] {logging_mixin.py:188} INFO - [2026-03-26T16:14:51.155+0000] {dagbag.py:538} INFO - Filling up the DagBag from /opt/airflow/dags/weekly_summary_pipeline.py
[2026-03-26T16:14:51.178+0000] {processor.py:840} INFO - DAG(s) 'weekly_summary_pipeline' retrieved from /opt/airflow/dags/weekly_summary_pipeline.py
[2026-03-26T16:14:51.216+0000] {logging_mixin.py:188} INFO - [2026-03-26T16:14:51.216+0000] {dag.py:3036} INFO - Sync 1 DAGs
[2026-03-26T16:14:51.242+0000] {logging_mixin.py:188} INFO - [2026-03-26T16:14:51.242+0000] {dag.py:3823} INFO - Setting next_dagrun for weekly_summary_pipeline to 2026-03-23 06:00:00+00:00, run_after=2026-03-30 06:00:00+00:00
[2026-03-26T16:14:51.263+0000] {processor.py:183} INFO - Processing /opt/airflow/dags/weekly_summary_pipeline.py took 0.117 seconds
[2026-03-26T16:15:21.536+0000] {processor.py:161} INFO - Started process (PID=4395) to work on /opt/airflow/dags/weekly_summary_pipeline.py
[2026-03-26T16:15:21.538+0000] {processor.py:830} INFO - Processing file /opt/airflow/dags/weekly_summary_pipeline.py for tasks to queue
[2026-03-26T16:15:21.541+0000] {logging_mixin.py:188} INFO - [2026-03-26T16:15:21.539+0000] {dagbag.py:538} INFO - Filling up the DagBag from /opt/airflow/dags/weekly_summary_pipeline.py
[2026-03-26T16:15:21.678+0000] {processor.py:840} INFO - DAG(s) 'weekly_summary_pipeline' retrieved from /opt/airflow/dags/weekly_summary_pipeline.py
[2026-03-26T16:15:21.920+0000] {logging_mixin.py:188} INFO - [2026-03-26T16:15:21.920+0000] {dag.py:3036} INFO - Sync 1 DAGs
[2026-03-26T16:15:22.049+0000] {logging_mixin.py:188} INFO - [2026-03-26T16:15:22.048+0000] {dag.py:3823} INFO - Setting next_dagrun for weekly_summary_pipeline to 2026-03-23 06:00:00+00:00, run_after=2026-03-30 06:00:00+00:00
[2026-03-26T16:15:22.135+0000] {processor.py:183} INFO - Processing /opt/airflow/dags/weekly_summary_pipeline.py took 0.610 seconds
[2026-03-26T16:15:52.655+0000] {processor.py:161} INFO - Started process (PID=4418) to work on /opt/airflow/dags/weekly_summary_pipeline.py
[2026-03-26T16:15:52.657+0000] {processor.py:830} INFO - Processing file /opt/airflow/dags/weekly_summary_pipeline.py for tasks to queue
[2026-03-26T16:15:52.659+0000] {logging_mixin.py:188} INFO - [2026-03-26T16:15:52.658+0000] {dagbag.py:538} INFO - Filling up the DagBag from /opt/airflow/dags/weekly_summary_pipeline.py
[2026-03-26T16:15:52.705+0000] {processor.py:840} INFO - DAG(s) 'weekly_summary_pipeline' retrieved from /opt/airflow/dags/weekly_summary_pipeline.py
[2026-03-26T16:15:52.771+0000] {logging_mixin.py:188} INFO - [2026-03-26T16:15:52.770+0000] {dag.py:3036} INFO - Sync 1 DAGs
[2026-03-26T16:15:52.810+0000] {logging_mixin.py:188} INFO - [2026-03-26T16:15:52.810+0000] {dag.py:3823} INFO - Setting next_dagrun for weekly_summary_pipeline to 2026-03-23 06:00:00+00:00, run_after=2026-03-30 06:00:00+00:00
[2026-03-26T16:15:52.836+0000] {processor.py:183} INFO - Processing /opt/airflow/dags/weekly_summary_pipeline.py took 0.190 seconds
[2026-03-26T16:16:23.253+0000] {processor.py:161} INFO - Started process (PID=4441) to work on /opt/airflow/dags/weekly_summary_pipeline.py
[2026-03-26T16:16:23.257+0000] {processor.py:830} INFO - Processing file /opt/airflow/dags/weekly_summary_pipeline.py for tasks to queue
[2026-03-26T16:16:23.260+0000] {logging_mixin.py:188} INFO - [2026-03-26T16:16:23.259+0000] {dagbag.py:538} INFO - Filling up the DagBag from /opt/airflow/dags/weekly_summary_pipeline.py
[2026-03-26T16:16:23.359+0000] {processor.py:840} INFO - DAG(s) 'weekly_summary_pipeline' retrieved from /opt/airflow/dags/weekly_summary_pipeline.py
[2026-03-26T16:16:23.455+0000] {logging_mixin.py:188} INFO - [2026-03-26T16:16:23.455+0000] {dag.py:3036} INFO - Sync 1 DAGs
[2026-03-26T16:16:23.521+0000] {logging_mixin.py:188} INFO - [2026-03-26T16:16:23.520+0000] {dag.py:3823} INFO - Setting next_dagrun for weekly_summary_pipeline to 2026-03-23 06:00:00+00:00, run_after=2026-03-30 06:00:00+00:00
[2026-03-26T16:16:23.564+0000] {processor.py:183} INFO - Processing /opt/airflow/dags/weekly_summary_pipeline.py took 0.329 seconds
[2026-03-26T16:16:54.613+0000] {processor.py:161} INFO - Started process (PID=4464) to work on /opt/airflow/dags/weekly_summary_pipeline.py
[2026-03-26T16:16:54.614+0000] {processor.py:830} INFO - Processing file /opt/airflow/dags/weekly_summary_pipeline.py for tasks to queue
[2026-03-26T16:16:54.617+0000] {logging_mixin.py:188} INFO - [2026-03-26T16:16:54.616+0000] {dagbag.py:538} INFO - Filling up the DagBag from /opt/airflow/dags/weekly_summary_pipeline.py
[2026-03-26T16:16:54.676+0000] {processor.py:840} INFO - DAG(s) 'weekly_summary_pipeline' retrieved from /opt/airflow/dags/weekly_summary_pipeline.py
[2026-03-26T16:16:54.740+0000] {logging_mixin.py:188} INFO - [2026-03-26T16:16:54.739+0000] {dag.py:3036} INFO - Sync 1 DAGs
[2026-03-26T16:16:54.784+0000] {logging_mixin.py:188} INFO - [2026-03-26T16:16:54.784+0000] {dag.py:3823} INFO - Setting next_dagrun for weekly_summary_pipeline to 2026-03-23 06:00:00+00:00, run_after=2026-03-30 06:00:00+00:00
[2026-03-26T16:16:54.815+0000] {processor.py:183} INFO - Processing /opt/airflow/dags/weekly_summary_pipeline.py took 0.213 seconds
[2026-03-26T16:17:25.108+0000] {processor.py:161} INFO - Started process (PID=4487) to work on /opt/airflow/dags/weekly_summary_pipeline.py
[2026-03-26T16:17:25.113+0000] {processor.py:830} INFO - Processing file /opt/airflow/dags/weekly_summary_pipeline.py for tasks to queue
[2026-03-26T16:17:25.118+0000] {logging_mixin.py:188} INFO - [2026-03-26T16:17:25.116+0000] {dagbag.py:538} INFO - Filling up the DagBag from /opt/airflow/dags/weekly_summary_pipeline.py
[2026-03-26T16:17:25.183+0000] {processor.py:840} INFO - DAG(s) 'weekly_summary_pipeline' retrieved from /opt/airflow/dags/weekly_summary_pipeline.py
[2026-03-26T16:17:25.261+0000] {logging_mixin.py:188} INFO - [2026-03-26T16:17:25.261+0000] {dag.py:3036} INFO - Sync 1 DAGs
[2026-03-26T16:17:25.305+0000] {logging_mixin.py:188} INFO - [2026-03-26T16:17:25.305+0000] {dag.py:3823} INFO - Setting next_dagrun for weekly_summary_pipeline to 2026-03-23 06:00:00+00:00, run_after=2026-03-30 06:00:00+00:00
[2026-03-26T16:17:25.341+0000] {processor.py:183} INFO - Processing /opt/airflow/dags/weekly_summary_pipeline.py took 0.244 seconds
[2026-03-26T16:17:55.596+0000] {processor.py:161} INFO - Started process (PID=4502) to work on /opt/airflow/dags/weekly_summary_pipeline.py
[2026-03-26T16:17:55.599+0000] {processor.py:830} INFO - Processing file /opt/airflow/dags/weekly_summary_pipeline.py for tasks to queue
[2026-03-26T16:17:55.604+0000] {logging_mixin.py:188} INFO - [2026-03-26T16:17:55.601+0000] {dagbag.py:538} INFO - Filling up the DagBag from /opt/airflow/dags/weekly_summary_pipeline.py
[2026-03-26T16:17:55.692+0000] {processor.py:840} INFO - DAG(s) 'weekly_summary_pipeline' retrieved from /opt/airflow/dags/weekly_summary_pipeline.py
[2026-03-26T16:17:55.867+0000] {logging_mixin.py:188} INFO - [2026-03-26T16:17:55.867+0000] {dag.py:3036} INFO - Sync 1 DAGs
[2026-03-26T16:17:55.973+0000] {logging_mixin.py:188} INFO - [2026-03-26T16:17:55.973+0000] {dag.py:3823} INFO - Setting next_dagrun for weekly_summary_pipeline to 2026-03-23 06:00:00+00:00, run_after=2026-03-30 06:00:00+00:00
[2026-03-26T16:17:56.024+0000] {processor.py:183} INFO - Processing /opt/airflow/dags/weekly_summary_pipeline.py took 0.440 seconds
[2026-03-26T16:18:26.997+0000] {processor.py:161} INFO - Started process (PID=4525) to work on /opt/airflow/dags/weekly_summary_pipeline.py
[2026-03-26T16:18:26.999+0000] {processor.py:830} INFO - Processing file /opt/airflow/dags/weekly_summary_pipeline.py for tasks to queue
[2026-03-26T16:18:27.000+0000] {logging_mixin.py:188} INFO - [2026-03-26T16:18:26.999+0000] {dagbag.py:538} INFO - Filling up the DagBag from /opt/airflow/dags/weekly_summary_pipeline.py
[2026-03-26T16:18:27.038+0000] {processor.py:840} INFO - DAG(s) 'weekly_summary_pipeline' retrieved from /opt/airflow/dags/weekly_summary_pipeline.py
[2026-03-26T16:18:27.094+0000] {logging_mixin.py:188} INFO - [2026-03-26T16:18:27.094+0000] {dag.py:3036} INFO - Sync 1 DAGs
[2026-03-26T16:18:27.125+0000] {logging_mixin.py:188} INFO - [2026-03-26T16:18:27.124+0000] {dag.py:3823} INFO - Setting next_dagrun for weekly_summary_pipeline to 2026-03-23 06:00:00+00:00, run_after=2026-03-30 06:00:00+00:00
[2026-03-26T16:18:27.146+0000] {processor.py:183} INFO - Processing /opt/airflow/dags/weekly_summary_pipeline.py took 0.153 seconds
[2026-03-26T16:18:57.499+0000] {processor.py:161} INFO - Started process (PID=4548) to work on /opt/airflow/dags/weekly_summary_pipeline.py
[2026-03-26T16:18:57.501+0000] {processor.py:830} INFO - Processing file /opt/airflow/dags/weekly_summary_pipeline.py for tasks to queue
[2026-03-26T16:18:57.504+0000] {logging_mixin.py:188} INFO - [2026-03-26T16:18:57.503+0000] {dagbag.py:538} INFO - Filling up the DagBag from /opt/airflow/dags/weekly_summary_pipeline.py
[2026-03-26T16:18:57.576+0000] {processor.py:840} INFO - DAG(s) 'weekly_summary_pipeline' retrieved from /opt/airflow/dags/weekly_summary_pipeline.py
[2026-03-26T16:18:57.647+0000] {logging_mixin.py:188} INFO - [2026-03-26T16:18:57.647+0000] {dag.py:3036} INFO - Sync 1 DAGs
[2026-03-26T16:18:57.703+0000] {logging_mixin.py:188} INFO - [2026-03-26T16:18:57.703+0000] {dag.py:3823} INFO - Setting next_dagrun for weekly_summary_pipeline to 2026-03-23 06:00:00+00:00, run_after=2026-03-30 06:00:00+00:00
[2026-03-26T16:18:57.739+0000] {processor.py:183} INFO - Processing /opt/airflow/dags/weekly_summary_pipeline.py took 0.253 seconds
[2026-03-26T16:19:28.578+0000] {processor.py:161} INFO - Started process (PID=4571) to work on /opt/airflow/dags/weekly_summary_pipeline.py
[2026-03-26T16:19:28.579+0000] {processor.py:830} INFO - Processing file /opt/airflow/dags/weekly_summary_pipeline.py for tasks to queue
[2026-03-26T16:19:28.580+0000] {logging_mixin.py:188} INFO - [2026-03-26T16:19:28.580+0000] {dagbag.py:538} INFO - Filling up the DagBag from /opt/airflow/dags/weekly_summary_pipeline.py
[2026-03-26T16:19:28.608+0000] {processor.py:840} INFO - DAG(s) 'weekly_summary_pipeline' retrieved from /opt/airflow/dags/weekly_summary_pipeline.py
[2026-03-26T16:19:28.638+0000] {logging_mixin.py:188} INFO - [2026-03-26T16:19:28.638+0000] {dag.py:3036} INFO - Sync 1 DAGs
[2026-03-26T16:19:28.659+0000] {logging_mixin.py:188} INFO - [2026-03-26T16:19:28.658+0000] {dag.py:3823} INFO - Setting next_dagrun for weekly_summary_pipeline to 2026-03-23 06:00:00+00:00, run_after=2026-03-30 06:00:00+00:00
[2026-03-26T16:19:28.676+0000] {processor.py:183} INFO - Processing /opt/airflow/dags/weekly_summary_pipeline.py took 0.101 seconds
[2026-03-26T16:19:58.842+0000] {processor.py:161} INFO - Started process (PID=4594) to work on /opt/airflow/dags/weekly_summary_pipeline.py
[2026-03-26T16:19:58.844+0000] {processor.py:830} INFO - Processing file /opt/airflow/dags/weekly_summary_pipeline.py for tasks to queue
[2026-03-26T16:19:58.845+0000] {logging_mixin.py:188} INFO - [2026-03-26T16:19:58.844+0000] {dagbag.py:538} INFO - Filling up the DagBag from /opt/airflow/dags/weekly_summary_pipeline.py
[2026-03-26T16:19:58.873+0000] {processor.py:840} INFO - DAG(s) 'weekly_summary_pipeline' retrieved from /opt/airflow/dags/weekly_summary_pipeline.py
[2026-03-26T16:19:58.918+0000] {logging_mixin.py:188} INFO - [2026-03-26T16:19:58.918+0000] {dag.py:3036} INFO - Sync 1 DAGs
[2026-03-26T16:19:58.950+0000] {logging_mixin.py:188} INFO - [2026-03-26T16:19:58.950+0000] {dag.py:3823} INFO - Setting next_dagrun for weekly_summary_pipeline to 2026-03-23 06:00:00+00:00, run_after=2026-03-30 06:00:00+00:00
[2026-03-26T16:19:58.973+0000] {processor.py:183} INFO - Processing /opt/airflow/dags/weekly_summary_pipeline.py took 0.134 seconds
[2026-03-26T16:20:29.187+0000] {processor.py:161} INFO - Started process (PID=4617) to work on /opt/airflow/dags/weekly_summary_pipeline.py
[2026-03-26T16:20:29.190+0000] {processor.py:830} INFO - Processing file /opt/airflow/dags/weekly_summary_pipeline.py for tasks to queue
[2026-03-26T16:20:29.192+0000] {logging_mixin.py:188} INFO - [2026-03-26T16:20:29.192+0000] {dagbag.py:538} INFO - Filling up the DagBag from /opt/airflow/dags/weekly_summary_pipeline.py
[2026-03-26T16:20:29.242+0000] {processor.py:840} INFO - DAG(s) 'weekly_summary_pipeline' retrieved from /opt/airflow/dags/weekly_summary_pipeline.py
[2026-03-26T16:20:29.301+0000] {logging_mixin.py:188} INFO - [2026-03-26T16:20:29.301+0000] {dag.py:3036} INFO - Sync 1 DAGs
[2026-03-26T16:20:29.337+0000] {logging_mixin.py:188} INFO - [2026-03-26T16:20:29.336+0000] {dag.py:3823} INFO - Setting next_dagrun for weekly_summary_pipeline to 2026-03-23 06:00:00+00:00, run_after=2026-03-30 06:00:00+00:00
[2026-03-26T16:20:29.364+0000] {processor.py:183} INFO - Processing /opt/airflow/dags/weekly_summary_pipeline.py took 0.186 seconds
[2026-03-26T16:20:59.795+0000] {processor.py:161} INFO - Started process (PID=4640) to work on /opt/airflow/dags/weekly_summary_pipeline.py
[2026-03-26T16:20:59.800+0000] {processor.py:830} INFO - Processing file /opt/airflow/dags/weekly_summary_pipeline.py for tasks to queue
[2026-03-26T16:20:59.804+0000] {logging_mixin.py:188} INFO - [2026-03-26T16:20:59.803+0000] {dagbag.py:538} INFO - Filling up the DagBag from /opt/airflow/dags/weekly_summary_pipeline.py
[2026-03-26T16:20:59.875+0000] {processor.py:840} INFO - DAG(s) 'weekly_summary_pipeline' retrieved from /opt/airflow/dags/weekly_summary_pipeline.py
[2026-03-26T16:20:59.946+0000] {logging_mixin.py:188} INFO - [2026-03-26T16:20:59.946+0000] {dag.py:3036} INFO - Sync 1 DAGs
[2026-03-26T16:20:59.992+0000] {logging_mixin.py:188} INFO - [2026-03-26T16:20:59.992+0000] {dag.py:3823} INFO - Setting next_dagrun for weekly_summary_pipeline to 2026-03-23 06:00:00+00:00, run_after=2026-03-30 06:00:00+00:00
[2026-03-26T16:21:00.024+0000] {processor.py:183} INFO - Processing /opt/airflow/dags/weekly_summary_pipeline.py took 0.256 seconds
[2026-03-26T16:21:30.741+0000] {processor.py:161} INFO - Started process (PID=4655) to work on /opt/airflow/dags/weekly_summary_pipeline.py
[2026-03-26T16:21:30.742+0000] {processor.py:830} INFO - Processing file /opt/airflow/dags/weekly_summary_pipeline.py for tasks to queue
[2026-03-26T16:21:30.744+0000] {logging_mixin.py:188} INFO - [2026-03-26T16:21:30.743+0000] {dagbag.py:538} INFO - Filling up the DagBag from /opt/airflow/dags/weekly_summary_pipeline.py
[2026-03-26T16:21:30.770+0000] {processor.py:840} INFO - DAG(s) 'weekly_summary_pipeline' retrieved from /opt/airflow/dags/weekly_summary_pipeline.py
[2026-03-26T16:21:30.804+0000] {logging_mixin.py:188} INFO - [2026-03-26T16:21:30.804+0000] {dag.py:3036} INFO - Sync 1 DAGs
[2026-03-26T16:21:30.827+0000] {logging_mixin.py:188} INFO - [2026-03-26T16:21:30.826+0000] {dag.py:3823} INFO - Setting next_dagrun for weekly_summary_pipeline to 2026-03-23 06:00:00+00:00, run_after=2026-03-30 06:00:00+00:00
[2026-03-26T16:21:30.849+0000] {processor.py:183} INFO - Processing /opt/airflow/dags/weekly_summary_pipeline.py took 0.111 seconds
[2026-03-26T16:22:01.042+0000] {processor.py:161} INFO - Started process (PID=4678) to work on /opt/airflow/dags/weekly_summary_pipeline.py
[2026-03-26T16:22:01.044+0000] {processor.py:830} INFO - Processing file /opt/airflow/dags/weekly_summary_pipeline.py for tasks to queue
[2026-03-26T16:22:01.045+0000] {logging_mixin.py:188} INFO - [2026-03-26T16:22:01.045+0000] {dagbag.py:538} INFO - Filling up the DagBag from /opt/airflow/dags/weekly_summary_pipeline.py
[2026-03-26T16:22:01.080+0000] {processor.py:840} INFO - DAG(s) 'weekly_summary_pipeline' retrieved from /opt/airflow/dags/weekly_summary_pipeline.py
[2026-03-26T16:22:01.128+0000] {logging_mixin.py:188} INFO - [2026-03-26T16:22:01.127+0000] {dag.py:3036} INFO - Sync 1 DAGs
[2026-03-26T16:22:01.171+0000] {logging_mixin.py:188} INFO - [2026-03-26T16:22:01.171+0000] {dag.py:3823} INFO - Setting next_dagrun for weekly_summary_pipeline to 2026-03-23 06:00:00+00:00, run_after=2026-03-30 06:00:00+00:00
[2026-03-26T16:22:01.201+0000] {processor.py:183} INFO - Processing /opt/airflow/dags/weekly_summary_pipeline.py took 0.163 seconds
