[2026-04-06T06:21:59.838+0000] {processor.py:161} INFO - Started process (PID=187) to work on /opt/airflow/dags/weekly_summary_pipeline.py
[2026-04-06T06:21:59.839+0000] {processor.py:830} INFO - Processing file /opt/airflow/dags/weekly_summary_pipeline.py for tasks to queue
[2026-04-06T06:21:59.841+0000] {logging_mixin.py:188} INFO - [2026-04-06T06:21:59.840+0000] {dagbag.py:538} INFO - Filling up the DagBag from /opt/airflow/dags/weekly_summary_pipeline.py
[2026-04-06T06:21:59.878+0000] {processor.py:840} INFO - DAG(s) 'weekly_summary_pipeline' retrieved from /opt/airflow/dags/weekly_summary_pipeline.py
[2026-04-06T06:21:59.937+0000] {logging_mixin.py:188} INFO - [2026-04-06T06:21:59.936+0000] {dag.py:3036} INFO - Sync 1 DAGs
[2026-04-06T06:21:59.977+0000] {logging_mixin.py:188} INFO - [2026-04-06T06:21:59.977+0000] {dag.py:3823} INFO - Setting next_dagrun for weekly_summary_pipeline to 2026-04-06 06:00:00+00:00, run_after=2026-04-13 06:00:00+00:00
[2026-04-06T06:22:00.005+0000] {processor.py:183} INFO - Processing /opt/airflow/dags/weekly_summary_pipeline.py took 0.170 seconds
[2026-04-06T06:22:30.138+0000] {processor.py:161} INFO - Started process (PID=418) to work on /opt/airflow/dags/weekly_summary_pipeline.py
[2026-04-06T06:22:30.139+0000] {processor.py:830} INFO - Processing file /opt/airflow/dags/weekly_summary_pipeline.py for tasks to queue
[2026-04-06T06:22:30.140+0000] {logging_mixin.py:188} INFO - [2026-04-06T06:22:30.140+0000] {dagbag.py:538} INFO - Filling up the DagBag from /opt/airflow/dags/weekly_summary_pipeline.py
[2026-04-06T06:22:30.183+0000] {processor.py:840} INFO - DAG(s) 'weekly_summary_pipeline' retrieved from /opt/airflow/dags/weekly_summary_pipeline.py
[2026-04-06T06:22:30.200+0000] {logging_mixin.py:188} INFO - [2026-04-06T06:22:30.199+0000] {dag.py:3036} INFO - Sync 1 DAGs
[2026-04-06T06:22:30.227+0000] {logging_mixin.py:188} INFO - [2026-04-06T06:22:30.227+0000] {dag.py:3823} INFO - Setting next_dagrun for weekly_summary_pipeline to 2026-04-06 06:00:00+00:00, run_after=2026-04-13 06:00:00+00:00
[2026-04-06T06:22:30.255+0000] {processor.py:183} INFO - Processing /opt/airflow/dags/weekly_summary_pipeline.py took 0.120 seconds
[2026-04-06T06:23:00.945+0000] {processor.py:161} INFO - Started process (PID=441) to work on /opt/airflow/dags/weekly_summary_pipeline.py
[2026-04-06T06:23:00.947+0000] {processor.py:830} INFO - Processing file /opt/airflow/dags/weekly_summary_pipeline.py for tasks to queue
[2026-04-06T06:23:00.949+0000] {logging_mixin.py:188} INFO - [2026-04-06T06:23:00.948+0000] {dagbag.py:538} INFO - Filling up the DagBag from /opt/airflow/dags/weekly_summary_pipeline.py
[2026-04-06T06:23:00.981+0000] {processor.py:840} INFO - DAG(s) 'weekly_summary_pipeline' retrieved from /opt/airflow/dags/weekly_summary_pipeline.py
[2026-04-06T06:23:01.201+0000] {logging_mixin.py:188} INFO - [2026-04-06T06:23:01.200+0000] {dag.py:3036} INFO - Sync 1 DAGs
[2026-04-06T06:23:01.228+0000] {logging_mixin.py:188} INFO - [2026-04-06T06:23:01.227+0000] {dag.py:3823} INFO - Setting next_dagrun for weekly_summary_pipeline to 2026-04-06 06:00:00+00:00, run_after=2026-04-13 06:00:00+00:00
[2026-04-06T06:23:01.258+0000] {processor.py:183} INFO - Processing /opt/airflow/dags/weekly_summary_pipeline.py took 0.318 seconds
[2026-04-06T06:23:31.901+0000] {processor.py:161} INFO - Started process (PID=464) to work on /opt/airflow/dags/weekly_summary_pipeline.py
[2026-04-06T06:23:31.903+0000] {processor.py:830} INFO - Processing file /opt/airflow/dags/weekly_summary_pipeline.py for tasks to queue
[2026-04-06T06:23:31.904+0000] {logging_mixin.py:188} INFO - [2026-04-06T06:23:31.904+0000] {dagbag.py:538} INFO - Filling up the DagBag from /opt/airflow/dags/weekly_summary_pipeline.py
[2026-04-06T06:23:31.941+0000] {processor.py:840} INFO - DAG(s) 'weekly_summary_pipeline' retrieved from /opt/airflow/dags/weekly_summary_pipeline.py
[2026-04-06T06:23:31.976+0000] {logging_mixin.py:188} INFO - [2026-04-06T06:23:31.976+0000] {dag.py:3036} INFO - Sync 1 DAGs
[2026-04-06T06:23:32.005+0000] {logging_mixin.py:188} INFO - [2026-04-06T06:23:32.005+0000] {dag.py:3823} INFO - Setting next_dagrun for weekly_summary_pipeline to 2026-04-06 06:00:00+00:00, run_after=2026-04-13 06:00:00+00:00
[2026-04-06T06:23:32.044+0000] {processor.py:183} INFO - Processing /opt/airflow/dags/weekly_summary_pipeline.py took 0.148 seconds
[2026-04-06T06:24:02.692+0000] {processor.py:161} INFO - Started process (PID=487) to work on /opt/airflow/dags/weekly_summary_pipeline.py
[2026-04-06T06:24:02.694+0000] {processor.py:830} INFO - Processing file /opt/airflow/dags/weekly_summary_pipeline.py for tasks to queue
[2026-04-06T06:24:02.695+0000] {logging_mixin.py:188} INFO - [2026-04-06T06:24:02.695+0000] {dagbag.py:538} INFO - Filling up the DagBag from /opt/airflow/dags/weekly_summary_pipeline.py
[2026-04-06T06:24:02.749+0000] {processor.py:840} INFO - DAG(s) 'weekly_summary_pipeline' retrieved from /opt/airflow/dags/weekly_summary_pipeline.py
[2026-04-06T06:24:02.784+0000] {logging_mixin.py:188} INFO - [2026-04-06T06:24:02.784+0000] {dag.py:3036} INFO - Sync 1 DAGs
[2026-04-06T06:24:02.837+0000] {logging_mixin.py:188} INFO - [2026-04-06T06:24:02.837+0000] {dag.py:3823} INFO - Setting next_dagrun for weekly_summary_pipeline to 2026-04-06 06:00:00+00:00, run_after=2026-04-13 06:00:00+00:00
[2026-04-06T06:24:02.230+0000] {processor.py:183} INFO - Processing /opt/airflow/dags/weekly_summary_pipeline.py took 0.189 seconds
[2026-04-06T06:24:32.935+0000] {processor.py:161} INFO - Started process (PID=510) to work on /opt/airflow/dags/weekly_summary_pipeline.py
[2026-04-06T06:24:32.937+0000] {processor.py:830} INFO - Processing file /opt/airflow/dags/weekly_summary_pipeline.py for tasks to queue
[2026-04-06T06:24:32.939+0000] {logging_mixin.py:188} INFO - [2026-04-06T06:24:32.938+0000] {dagbag.py:538} INFO - Filling up the DagBag from /opt/airflow/dags/weekly_summary_pipeline.py
[2026-04-06T06:24:32.977+0000] {processor.py:840} INFO - DAG(s) 'weekly_summary_pipeline' retrieved from /opt/airflow/dags/weekly_summary_pipeline.py
[2026-04-06T06:24:33.052+0000] {logging_mixin.py:188} INFO - [2026-04-06T06:24:33.052+0000] {dag.py:3036} INFO - Sync 1 DAGs
[2026-04-06T06:24:33.090+0000] {logging_mixin.py:188} INFO - [2026-04-06T06:24:33.090+0000] {dag.py:3823} INFO - Setting next_dagrun for weekly_summary_pipeline to 2026-04-06 06:00:00+00:00, run_after=2026-04-13 06:00:00+00:00
[2026-04-06T06:24:33.114+0000] {processor.py:183} INFO - Processing /opt/airflow/dags/weekly_summary_pipeline.py took 0.184 seconds
[2026-04-06T06:25:03.795+0000] {processor.py:161} INFO - Started process (PID=533) to work on /opt/airflow/dags/weekly_summary_pipeline.py
[2026-04-06T06:25:03.797+0000] {processor.py:830} INFO - Processing file /opt/airflow/dags/weekly_summary_pipeline.py for tasks to queue
[2026-04-06T06:25:03.799+0000] {logging_mixin.py:188} INFO - [2026-04-06T06:25:03.798+0000] {dagbag.py:538} INFO - Filling up the DagBag from /opt/airflow/dags/weekly_summary_pipeline.py
[2026-04-06T06:25:03.845+0000] {processor.py:840} INFO - DAG(s) 'weekly_summary_pipeline' retrieved from /opt/airflow/dags/weekly_summary_pipeline.py
[2026-04-06T06:25:03.908+0000] {logging_mixin.py:188} INFO - [2026-04-06T06:25:03.908+0000] {dag.py:3036} INFO - Sync 1 DAGs
[2026-04-06T06:25:03.937+0000] {logging_mixin.py:188} INFO - [2026-04-06T06:25:03.936+0000] {dag.py:3823} INFO - Setting next_dagrun for weekly_summary_pipeline to 2026-04-06 06:00:00+00:00, run_after=2026-04-13 06:00:00+00:00
[2026-04-06T06:25:03.967+0000] {processor.py:183} INFO - Processing /opt/airflow/dags/weekly_summary_pipeline.py took 0.176 seconds
[2026-04-06T06:25:34.656+0000] {processor.py:161} INFO - Started process (PID=556) to work on /opt/airflow/dags/weekly_summary_pipeline.py
[2026-04-06T06:25:34.658+0000] {processor.py:830} INFO - Processing file /opt/airflow/dags/weekly_summary_pipeline.py for tasks to queue
[2026-04-06T06:25:34.659+0000] {logging_mixin.py:188} INFO - [2026-04-06T06:25:34.659+0000] {dagbag.py:538} INFO - Filling up the DagBag from /opt/airflow/dags/weekly_summary_pipeline.py
[2026-04-06T06:25:34.737+0000] {processor.py:840} INFO - DAG(s) 'weekly_summary_pipeline' retrieved from /opt/airflow/dags/weekly_summary_pipeline.py
[2026-04-06T06:25:34.811+0000] {logging_mixin.py:188} INFO - [2026-04-06T06:25:34.811+0000] {dag.py:3036} INFO - Sync 1 DAGs
[2026-04-06T06:25:34.859+0000] {logging_mixin.py:188} INFO - [2026-04-06T06:25:34.857+0000] {dag.py:3823} INFO - Setting next_dagrun for weekly_summary_pipeline to 2026-04-06 06:00:00+00:00, run_after=2026-04-13 06:00:00+00:00
[2026-04-06T06:25:34.917+0000] {processor.py:183} INFO - Processing /opt/airflow/dags/weekly_summary_pipeline.py took 0.280 seconds
[2026-04-06T06:26:05.884+0000] {processor.py:161} INFO - Started process (PID=582) to work on /opt/airflow/dags/weekly_summary_pipeline.py
[2026-04-06T06:26:05.887+0000] {processor.py:830} INFO - Processing file /opt/airflow/dags/weekly_summary_pipeline.py for tasks to queue
[2026-04-06T06:26:05.889+0000] {logging_mixin.py:188} INFO - [2026-04-06T06:26:05.889+0000] {dagbag.py:538} INFO - Filling up the DagBag from /opt/airflow/dags/weekly_summary_pipeline.py
[2026-04-06T06:26:05.977+0000] {processor.py:840} INFO - DAG(s) 'weekly_summary_pipeline' retrieved from /opt/airflow/dags/weekly_summary_pipeline.py
[2026-04-06T06:26:06.055+0000] {logging_mixin.py:188} INFO - [2026-04-06T06:26:06.055+0000] {dag.py:3036} INFO - Sync 1 DAGs
[2026-04-06T06:26:06.119+0000] {logging_mixin.py:188} INFO - [2026-04-06T06:26:06.118+0000] {dag.py:3823} INFO - Setting next_dagrun for weekly_summary_pipeline to 2026-04-06 06:00:00+00:00, run_after=2026-04-13 06:00:00+00:00
[2026-04-06T06:26:06.171+0000] {processor.py:183} INFO - Processing /opt/airflow/dags/weekly_summary_pipeline.py took 0.295 seconds
[2026-04-06T06:26:36.492+0000] {processor.py:161} INFO - Started process (PID=605) to work on /opt/airflow/dags/weekly_summary_pipeline.py
[2026-04-06T06:26:36.496+0000] {processor.py:830} INFO - Processing file /opt/airflow/dags/weekly_summary_pipeline.py for tasks to queue
[2026-04-06T06:26:36.500+0000] {logging_mixin.py:188} INFO - [2026-04-06T06:26:36.499+0000] {dagbag.py:538} INFO - Filling up the DagBag from /opt/airflow/dags/weekly_summary_pipeline.py
[2026-04-06T06:26:36.588+0000] {processor.py:840} INFO - DAG(s) 'weekly_summary_pipeline' retrieved from /opt/airflow/dags/weekly_summary_pipeline.py
[2026-04-06T06:26:36.689+0000] {logging_mixin.py:188} INFO - [2026-04-06T06:26:36.688+0000] {dag.py:3036} INFO - Sync 1 DAGs
[2026-04-06T06:26:36.749+0000] {logging_mixin.py:188} INFO - [2026-04-06T06:26:36.749+0000] {dag.py:3823} INFO - Setting next_dagrun for weekly_summary_pipeline to 2026-04-06 06:00:00+00:00, run_after=2026-04-13 06:00:00+00:00
[2026-04-06T06:26:36.792+0000] {processor.py:183} INFO - Processing /opt/airflow/dags/weekly_summary_pipeline.py took 0.309 seconds
[2026-04-06T06:27:07.350+0000] {processor.py:161} INFO - Started process (PID=628) to work on /opt/airflow/dags/weekly_summary_pipeline.py
[2026-04-06T06:27:07.354+0000] {processor.py:830} INFO - Processing file /opt/airflow/dags/weekly_summary_pipeline.py for tasks to queue
[2026-04-06T06:27:07.358+0000] {logging_mixin.py:188} INFO - [2026-04-06T06:27:07.357+0000] {dagbag.py:538} INFO - Filling up the DagBag from /opt/airflow/dags/weekly_summary_pipeline.py
[2026-04-06T06:27:07.436+0000] {processor.py:840} INFO - DAG(s) 'weekly_summary_pipeline' retrieved from /opt/airflow/dags/weekly_summary_pipeline.py
[2026-04-06T06:27:07.485+0000] {logging_mixin.py:188} INFO - [2026-04-06T06:27:07.485+0000] {dag.py:3036} INFO - Sync 1 DAGs
[2026-04-06T06:27:07.523+0000] {logging_mixin.py:188} INFO - [2026-04-06T06:27:07.523+0000] {dag.py:3823} INFO - Setting next_dagrun for weekly_summary_pipeline to 2026-04-06 06:00:00+00:00, run_after=2026-04-13 06:00:00+00:00
[2026-04-06T06:27:07.588+0000] {processor.py:183} INFO - Processing /opt/airflow/dags/weekly_summary_pipeline.py took 0.245 seconds
[2026-04-06T06:27:37.901+0000] {processor.py:161} INFO - Started process (PID=651) to work on /opt/airflow/dags/weekly_summary_pipeline.py
[2026-04-06T06:27:37.904+0000] {processor.py:830} INFO - Processing file /opt/airflow/dags/weekly_summary_pipeline.py for tasks to queue
[2026-04-06T06:27:37.907+0000] {logging_mixin.py:188} INFO - [2026-04-06T06:27:37.906+0000] {dagbag.py:538} INFO - Filling up the DagBag from /opt/airflow/dags/weekly_summary_pipeline.py
[2026-04-06T06:27:37.987+0000] {processor.py:840} INFO - DAG(s) 'weekly_summary_pipeline' retrieved from /opt/airflow/dags/weekly_summary_pipeline.py
[2026-04-06T06:27:38.059+0000] {logging_mixin.py:188} INFO - [2026-04-06T06:27:38.059+0000] {dag.py:3036} INFO - Sync 1 DAGs
[2026-04-06T06:27:38.107+0000] {logging_mixin.py:188} INFO - [2026-04-06T06:27:38.107+0000] {dag.py:3823} INFO - Setting next_dagrun for weekly_summary_pipeline to 2026-04-06 06:00:00+00:00, run_after=2026-04-13 06:00:00+00:00
[2026-04-06T06:27:38.158+0000] {processor.py:183} INFO - Processing /opt/airflow/dags/weekly_summary_pipeline.py took 0.265 seconds
[2026-04-06T06:28:08.652+0000] {processor.py:161} INFO - Started process (PID=674) to work on /opt/airflow/dags/weekly_summary_pipeline.py
[2026-04-06T06:28:08.655+0000] {processor.py:830} INFO - Processing file /opt/airflow/dags/weekly_summary_pipeline.py for tasks to queue
[2026-04-06T06:28:08.658+0000] {logging_mixin.py:188} INFO - [2026-04-06T06:28:08.657+0000] {dagbag.py:538} INFO - Filling up the DagBag from /opt/airflow/dags/weekly_summary_pipeline.py
[2026-04-06T06:28:08.753+0000] {processor.py:840} INFO - DAG(s) 'weekly_summary_pipeline' retrieved from /opt/airflow/dags/weekly_summary_pipeline.py
[2026-04-06T06:28:08.837+0000] {logging_mixin.py:188} INFO - [2026-04-06T06:28:08.836+0000] {dag.py:3036} INFO - Sync 1 DAGs
[2026-04-06T06:28:08.886+0000] {logging_mixin.py:188} INFO - [2026-04-06T06:28:08.886+0000] {dag.py:3823} INFO - Setting next_dagrun for weekly_summary_pipeline to 2026-04-06 06:00:00+00:00, run_after=2026-04-13 06:00:00+00:00
[2026-04-06T06:28:08.927+0000] {processor.py:183} INFO - Processing /opt/airflow/dags/weekly_summary_pipeline.py took 0.290 seconds
[2026-04-06T06:28:39.305+0000] {processor.py:161} INFO - Started process (PID=697) to work on /opt/airflow/dags/weekly_summary_pipeline.py
[2026-04-06T06:28:39.307+0000] {processor.py:830} INFO - Processing file /opt/airflow/dags/weekly_summary_pipeline.py for tasks to queue
[2026-04-06T06:28:39.309+0000] {logging_mixin.py:188} INFO - [2026-04-06T06:28:39.309+0000] {dagbag.py:538} INFO - Filling up the DagBag from /opt/airflow/dags/weekly_summary_pipeline.py
[2026-04-06T06:28:39.389+0000] {processor.py:840} INFO - DAG(s) 'weekly_summary_pipeline' retrieved from /opt/airflow/dags/weekly_summary_pipeline.py
[2026-04-06T06:28:39.450+0000] {logging_mixin.py:188} INFO - [2026-04-06T06:28:39.450+0000] {dag.py:3036} INFO - Sync 1 DAGs
[2026-04-06T06:28:39.500+0000] {logging_mixin.py:188} INFO - [2026-04-06T06:28:39.499+0000] {dag.py:3823} INFO - Setting next_dagrun for weekly_summary_pipeline to 2026-04-06 06:00:00+00:00, run_after=2026-04-13 06:00:00+00:00
[2026-04-06T06:28:39.540+0000] {processor.py:183} INFO - Processing /opt/airflow/dags/weekly_summary_pipeline.py took 0.241 seconds
[2026-04-06T06:29:10.506+0000] {processor.py:161} INFO - Started process (PID=712) to work on /opt/airflow/dags/weekly_summary_pipeline.py
[2026-04-06T06:29:10.509+0000] {processor.py:830} INFO - Processing file /opt/airflow/dags/weekly_summary_pipeline.py for tasks to queue
[2026-04-06T06:29:10.514+0000] {logging_mixin.py:188} INFO - [2026-04-06T06:29:10.513+0000] {dagbag.py:538} INFO - Filling up the DagBag from /opt/airflow/dags/weekly_summary_pipeline.py
[2026-04-06T06:29:10.602+0000] {processor.py:840} INFO - DAG(s) 'weekly_summary_pipeline' retrieved from /opt/airflow/dags/weekly_summary_pipeline.py
[2026-04-06T06:29:10.659+0000] {logging_mixin.py:188} INFO - [2026-04-06T06:29:10.659+0000] {dag.py:3036} INFO - Sync 1 DAGs
[2026-04-06T06:29:10.697+0000] {logging_mixin.py:188} INFO - [2026-04-06T06:29:10.697+0000] {dag.py:3823} INFO - Setting next_dagrun for weekly_summary_pipeline to 2026-04-06 06:00:00+00:00, run_after=2026-04-13 06:00:00+00:00
[2026-04-06T06:29:10.757+0000] {processor.py:183} INFO - Processing /opt/airflow/dags/weekly_summary_pipeline.py took 0.260 seconds
[2026-04-06T06:29:41.282+0000] {processor.py:161} INFO - Started process (PID=735) to work on /opt/airflow/dags/weekly_summary_pipeline.py
[2026-04-06T06:29:41.284+0000] {processor.py:830} INFO - Processing file /opt/airflow/dags/weekly_summary_pipeline.py for tasks to queue
[2026-04-06T06:29:41.286+0000] {logging_mixin.py:188} INFO - [2026-04-06T06:29:41.286+0000] {dagbag.py:538} INFO - Filling up the DagBag from /opt/airflow/dags/weekly_summary_pipeline.py
[2026-04-06T06:29:41.336+0000] {processor.py:840} INFO - DAG(s) 'weekly_summary_pipeline' retrieved from /opt/airflow/dags/weekly_summary_pipeline.py
[2026-04-06T06:29:41.383+0000] {logging_mixin.py:188} INFO - [2026-04-06T06:29:41.383+0000] {dag.py:3036} INFO - Sync 1 DAGs
[2026-04-06T06:29:41.418+0000] {logging_mixin.py:188} INFO - [2026-04-06T06:29:41.418+0000] {dag.py:3823} INFO - Setting next_dagrun for weekly_summary_pipeline to 2026-04-06 06:00:00+00:00, run_after=2026-04-13 06:00:00+00:00
[2026-04-06T06:29:41.457+0000] {processor.py:183} INFO - Processing /opt/airflow/dags/weekly_summary_pipeline.py took 0.180 seconds
[2026-04-06T06:30:11.868+0000] {processor.py:161} INFO - Started process (PID=758) to work on /opt/airflow/dags/weekly_summary_pipeline.py
[2026-04-06T06:30:11.874+0000] {processor.py:830} INFO - Processing file /opt/airflow/dags/weekly_summary_pipeline.py for tasks to queue
[2026-04-06T06:30:11.881+0000] {logging_mixin.py:188} INFO - [2026-04-06T06:30:11.878+0000] {dagbag.py:538} INFO - Filling up the DagBag from /opt/airflow/dags/weekly_summary_pipeline.py
[2026-04-06T06:30:11.988+0000] {processor.py:840} INFO - DAG(s) 'weekly_summary_pipeline' retrieved from /opt/airflow/dags/weekly_summary_pipeline.py
[2026-04-06T06:30:12.051+0000] {logging_mixin.py:188} INFO - [2026-04-06T06:30:12.051+0000] {dag.py:3036} INFO - Sync 1 DAGs
[2026-04-06T06:30:12.101+0000] {logging_mixin.py:188} INFO - [2026-04-06T06:30:12.101+0000] {dag.py:3823} INFO - Setting next_dagrun for weekly_summary_pipeline to 2026-04-06 06:00:00+00:00, run_after=2026-04-13 06:00:00+00:00
[2026-04-06T06:30:12.146+0000] {processor.py:183} INFO - Processing /opt/airflow/dags/weekly_summary_pipeline.py took 0.285 seconds
[2026-04-06T06:30:42.721+0000] {processor.py:161} INFO - Started process (PID=783) to work on /opt/airflow/dags/weekly_summary_pipeline.py
[2026-04-06T06:30:42.724+0000] {processor.py:830} INFO - Processing file /opt/airflow/dags/weekly_summary_pipeline.py for tasks to queue
[2026-04-06T06:30:42.727+0000] {logging_mixin.py:188} INFO - [2026-04-06T06:30:42.726+0000] {dagbag.py:538} INFO - Filling up the DagBag from /opt/airflow/dags/weekly_summary_pipeline.py
[2026-04-06T06:30:42.796+0000] {processor.py:840} INFO - DAG(s) 'weekly_summary_pipeline' retrieved from /opt/airflow/dags/weekly_summary_pipeline.py
[2026-04-06T06:30:42.842+0000] {logging_mixin.py:188} INFO - [2026-04-06T06:30:42.842+0000] {dag.py:3036} INFO - Sync 1 DAGs
[2026-04-06T06:30:42.882+0000] {logging_mixin.py:188} INFO - [2026-04-06T06:30:42.882+0000] {dag.py:3823} INFO - Setting next_dagrun for weekly_summary_pipeline to 2026-04-06 06:00:00+00:00, run_after=2026-04-13 06:00:00+00:00
[2026-04-06T06:30:42.919+0000] {processor.py:183} INFO - Processing /opt/airflow/dags/weekly_summary_pipeline.py took 0.206 seconds
[2026-04-06T06:31:13.380+0000] {processor.py:161} INFO - Started process (PID=806) to work on /opt/airflow/dags/weekly_summary_pipeline.py
[2026-04-06T06:31:13.384+0000] {processor.py:830} INFO - Processing file /opt/airflow/dags/weekly_summary_pipeline.py for tasks to queue
[2026-04-06T06:31:13.386+0000] {logging_mixin.py:188} INFO - [2026-04-06T06:31:13.385+0000] {dagbag.py:538} INFO - Filling up the DagBag from /opt/airflow/dags/weekly_summary_pipeline.py
[2026-04-06T06:31:13.459+0000] {processor.py:840} INFO - DAG(s) 'weekly_summary_pipeline' retrieved from /opt/airflow/dags/weekly_summary_pipeline.py
[2026-04-06T06:31:13.520+0000] {logging_mixin.py:188} INFO - [2026-04-06T06:31:13.520+0000] {dag.py:3036} INFO - Sync 1 DAGs
[2026-04-06T06:31:13.568+0000] {logging_mixin.py:188} INFO - [2026-04-06T06:31:13.568+0000] {dag.py:3823} INFO - Setting next_dagrun for weekly_summary_pipeline to 2026-04-06 06:00:00+00:00, run_after=2026-04-13 06:00:00+00:00
[2026-04-06T06:31:13.602+0000] {processor.py:183} INFO - Processing /opt/airflow/dags/weekly_summary_pipeline.py took 0.229 seconds
[2026-04-06T06:31:44.016+0000] {processor.py:161} INFO - Started process (PID=829) to work on /opt/airflow/dags/weekly_summary_pipeline.py
[2026-04-06T06:31:44.018+0000] {processor.py:830} INFO - Processing file /opt/airflow/dags/weekly_summary_pipeline.py for tasks to queue
[2026-04-06T06:31:44.020+0000] {logging_mixin.py:188} INFO - [2026-04-06T06:31:44.020+0000] {dagbag.py:538} INFO - Filling up the DagBag from /opt/airflow/dags/weekly_summary_pipeline.py
[2026-04-06T06:31:44.082+0000] {processor.py:840} INFO - DAG(s) 'weekly_summary_pipeline' retrieved from /opt/airflow/dags/weekly_summary_pipeline.py
[2026-04-06T06:31:44.139+0000] {logging_mixin.py:188} INFO - [2026-04-06T06:31:44.138+0000] {dag.py:3036} INFO - Sync 1 DAGs
[2026-04-06T06:31:44.187+0000] {logging_mixin.py:188} INFO - [2026-04-06T06:31:44.186+0000] {dag.py:3823} INFO - Setting next_dagrun for weekly_summary_pipeline to 2026-04-06 06:00:00+00:00, run_after=2026-04-13 06:00:00+00:00
[2026-04-06T06:31:44.236+0000] {processor.py:183} INFO - Processing /opt/airflow/dags/weekly_summary_pipeline.py took 0.225 seconds
[2026-04-06T06:32:14.435+0000] {processor.py:161} INFO - Started process (PID=850) to work on /opt/airflow/dags/weekly_summary_pipeline.py
[2026-04-06T06:32:14.437+0000] {processor.py:830} INFO - Processing file /opt/airflow/dags/weekly_summary_pipeline.py for tasks to queue
[2026-04-06T06:32:14.439+0000] {logging_mixin.py:188} INFO - [2026-04-06T06:32:14.438+0000] {dagbag.py:538} INFO - Filling up the DagBag from /opt/airflow/dags/weekly_summary_pipeline.py
[2026-04-06T06:32:14.498+0000] {processor.py:840} INFO - DAG(s) 'weekly_summary_pipeline' retrieved from /opt/airflow/dags/weekly_summary_pipeline.py
[2026-04-06T06:32:14.554+0000] {logging_mixin.py:188} INFO - [2026-04-06T06:32:14.554+0000] {dag.py:3036} INFO - Sync 1 DAGs
[2026-04-06T06:32:14.618+0000] {logging_mixin.py:188} INFO - [2026-04-06T06:32:14.618+0000] {dag.py:3823} INFO - Setting next_dagrun for weekly_summary_pipeline to 2026-04-06 06:00:00+00:00, run_after=2026-04-13 06:00:00+00:00
[2026-04-06T06:32:14.664+0000] {processor.py:183} INFO - Processing /opt/airflow/dags/weekly_summary_pipeline.py took 0.235 seconds
[2026-04-06T06:32:44.799+0000] {processor.py:161} INFO - Started process (PID=873) to work on /opt/airflow/dags/weekly_summary_pipeline.py
[2026-04-06T06:32:44.802+0000] {processor.py:830} INFO - Processing file /opt/airflow/dags/weekly_summary_pipeline.py for tasks to queue
[2026-04-06T06:32:44.806+0000] {logging_mixin.py:188} INFO - [2026-04-06T06:32:44.805+0000] {dagbag.py:538} INFO - Filling up the DagBag from /opt/airflow/dags/weekly_summary_pipeline.py
[2026-04-06T06:32:44.879+0000] {processor.py:840} INFO - DAG(s) 'weekly_summary_pipeline' retrieved from /opt/airflow/dags/weekly_summary_pipeline.py
[2026-04-06T06:32:44.942+0000] {logging_mixin.py:188} INFO - [2026-04-06T06:32:44.941+0000] {dag.py:3036} INFO - Sync 1 DAGs
[2026-04-06T06:32:44.992+0000] {logging_mixin.py:188} INFO - [2026-04-06T06:32:44.991+0000] {dag.py:3823} INFO - Setting next_dagrun for weekly_summary_pipeline to 2026-04-06 06:00:00+00:00, run_after=2026-04-13 06:00:00+00:00
[2026-04-06T06:32:45.031+0000] {processor.py:183} INFO - Processing /opt/airflow/dags/weekly_summary_pipeline.py took 0.242 seconds
[2026-04-06T06:33:15.291+0000] {processor.py:161} INFO - Started process (PID=888) to work on /opt/airflow/dags/weekly_summary_pipeline.py
[2026-04-06T06:33:15.296+0000] {processor.py:830} INFO - Processing file /opt/airflow/dags/weekly_summary_pipeline.py for tasks to queue
[2026-04-06T06:33:15.299+0000] {logging_mixin.py:188} INFO - [2026-04-06T06:33:15.298+0000] {dagbag.py:538} INFO - Filling up the DagBag from /opt/airflow/dags/weekly_summary_pipeline.py
[2026-04-06T06:33:15.367+0000] {processor.py:840} INFO - DAG(s) 'weekly_summary_pipeline' retrieved from /opt/airflow/dags/weekly_summary_pipeline.py
[2026-04-06T06:33:15.423+0000] {logging_mixin.py:188} INFO - [2026-04-06T06:33:15.423+0000] {dag.py:3036} INFO - Sync 1 DAGs
[2026-04-06T06:33:15.470+0000] {logging_mixin.py:188} INFO - [2026-04-06T06:33:15.470+0000] {dag.py:3823} INFO - Setting next_dagrun for weekly_summary_pipeline to 2026-04-06 06:00:00+00:00, run_after=2026-04-13 06:00:00+00:00
[2026-04-06T06:33:15.530+0000] {processor.py:183} INFO - Processing /opt/airflow/dags/weekly_summary_pipeline.py took 0.247 seconds
[2026-04-06T06:33:45.918+0000] {processor.py:161} INFO - Started process (PID=910) to work on /opt/airflow/dags/weekly_summary_pipeline.py
[2026-04-06T06:33:45.921+0000] {processor.py:830} INFO - Processing file /opt/airflow/dags/weekly_summary_pipeline.py for tasks to queue
[2026-04-06T06:33:45.923+0000] {logging_mixin.py:188} INFO - [2026-04-06T06:33:45.922+0000] {dagbag.py:538} INFO - Filling up the DagBag from /opt/airflow/dags/weekly_summary_pipeline.py
[2026-04-06T06:33:45.986+0000] {processor.py:840} INFO - DAG(s) 'weekly_summary_pipeline' retrieved from /opt/airflow/dags/weekly_summary_pipeline.py
[2026-04-06T06:33:46.058+0000] {logging_mixin.py:188} INFO - [2026-04-06T06:33:46.057+0000] {dag.py:3036} INFO - Sync 1 DAGs
[2026-04-06T06:33:46.107+0000] {logging_mixin.py:188} INFO - [2026-04-06T06:33:46.107+0000] {dag.py:3823} INFO - Setting next_dagrun for weekly_summary_pipeline to 2026-04-06 06:00:00+00:00, run_after=2026-04-13 06:00:00+00:00
[2026-04-06T06:33:46.146+0000] {processor.py:183} INFO - Processing /opt/airflow/dags/weekly_summary_pipeline.py took 0.235 seconds
[2026-04-06T06:34:16.344+0000] {processor.py:161} INFO - Started process (PID=933) to work on /opt/airflow/dags/weekly_summary_pipeline.py
[2026-04-06T06:34:16.348+0000] {processor.py:830} INFO - Processing file /opt/airflow/dags/weekly_summary_pipeline.py for tasks to queue
[2026-04-06T06:34:16.350+0000] {logging_mixin.py:188} INFO - [2026-04-06T06:34:16.350+0000] {dagbag.py:538} INFO - Filling up the DagBag from /opt/airflow/dags/weekly_summary_pipeline.py
[2026-04-06T06:34:16.419+0000] {processor.py:840} INFO - DAG(s) 'weekly_summary_pipeline' retrieved from /opt/airflow/dags/weekly_summary_pipeline.py
[2026-04-06T06:34:16.484+0000] {logging_mixin.py:188} INFO - [2026-04-06T06:34:16.483+0000] {dag.py:3036} INFO - Sync 1 DAGs
[2026-04-06T06:34:16.547+0000] {logging_mixin.py:188} INFO - [2026-04-06T06:34:16.546+0000] {dag.py:3823} INFO - Setting next_dagrun for weekly_summary_pipeline to 2026-04-06 06:00:00+00:00, run_after=2026-04-13 06:00:00+00:00
[2026-04-06T06:34:16.580+0000] {processor.py:183} INFO - Processing /opt/airflow/dags/weekly_summary_pipeline.py took 0.240 seconds
[2026-04-06T06:34:47.269+0000] {processor.py:161} INFO - Started process (PID=958) to work on /opt/airflow/dags/weekly_summary_pipeline.py
[2026-04-06T06:34:47.272+0000] {processor.py:830} INFO - Processing file /opt/airflow/dags/weekly_summary_pipeline.py for tasks to queue
[2026-04-06T06:34:47.274+0000] {logging_mixin.py:188} INFO - [2026-04-06T06:34:47.273+0000] {dagbag.py:538} INFO - Filling up the DagBag from /opt/airflow/dags/weekly_summary_pipeline.py
[2026-04-06T06:34:47.330+0000] {processor.py:840} INFO - DAG(s) 'weekly_summary_pipeline' retrieved from /opt/airflow/dags/weekly_summary_pipeline.py
[2026-04-06T06:34:47.386+0000] {logging_mixin.py:188} INFO - [2026-04-06T06:34:47.386+0000] {dag.py:3036} INFO - Sync 1 DAGs
[2026-04-06T06:34:47.431+0000] {logging_mixin.py:188} INFO - [2026-04-06T06:34:47.431+0000] {dag.py:3823} INFO - Setting next_dagrun for weekly_summary_pipeline to 2026-04-06 06:00:00+00:00, run_after=2026-04-13 06:00:00+00:00
[2026-04-06T06:34:47.461+0000] {processor.py:183} INFO - Processing /opt/airflow/dags/weekly_summary_pipeline.py took 0.196 seconds
[2026-04-06T06:35:17.973+0000] {processor.py:161} INFO - Started process (PID=982) to work on /opt/airflow/dags/weekly_summary_pipeline.py
[2026-04-06T06:35:17.976+0000] {processor.py:830} INFO - Processing file /opt/airflow/dags/weekly_summary_pipeline.py for tasks to queue
[2026-04-06T06:35:17.980+0000] {logging_mixin.py:188} INFO - [2026-04-06T06:35:17.979+0000] {dagbag.py:538} INFO - Filling up the DagBag from /opt/airflow/dags/weekly_summary_pipeline.py
[2026-04-06T06:35:18.070+0000] {processor.py:840} INFO - DAG(s) 'weekly_summary_pipeline' retrieved from /opt/airflow/dags/weekly_summary_pipeline.py
[2026-04-06T06:35:18.176+0000] {logging_mixin.py:188} INFO - [2026-04-06T06:35:18.176+0000] {dag.py:3036} INFO - Sync 1 DAGs
[2026-04-06T06:35:18.216+0000] {logging_mixin.py:188} INFO - [2026-04-06T06:35:18.216+0000] {dag.py:3823} INFO - Setting next_dagrun for weekly_summary_pipeline to 2026-04-06 06:00:00+00:00, run_after=2026-04-13 06:00:00+00:00
[2026-04-06T06:35:18.252+0000] {processor.py:183} INFO - Processing /opt/airflow/dags/weekly_summary_pipeline.py took 0.288 seconds
[2026-04-06T06:35:48.666+0000] {processor.py:161} INFO - Started process (PID=1005) to work on /opt/airflow/dags/weekly_summary_pipeline.py
[2026-04-06T06:35:48.669+0000] {processor.py:830} INFO - Processing file /opt/airflow/dags/weekly_summary_pipeline.py for tasks to queue
[2026-04-06T06:35:48.672+0000] {logging_mixin.py:188} INFO - [2026-04-06T06:35:48.671+0000] {dagbag.py:538} INFO - Filling up the DagBag from /opt/airflow/dags/weekly_summary_pipeline.py
[2026-04-06T06:35:48.777+0000] {processor.py:840} INFO - DAG(s) 'weekly_summary_pipeline' retrieved from /opt/airflow/dags/weekly_summary_pipeline.py
[2026-04-06T06:35:48.858+0000] {logging_mixin.py:188} INFO - [2026-04-06T06:35:48.858+0000] {dag.py:3036} INFO - Sync 1 DAGs
[2026-04-06T06:35:48.912+0000] {logging_mixin.py:188} INFO - [2026-04-06T06:35:48.912+0000] {dag.py:3823} INFO - Setting next_dagrun for weekly_summary_pipeline to 2026-04-06 06:00:00+00:00, run_after=2026-04-13 06:00:00+00:00
[2026-04-06T06:35:49.215+0000] {processor.py:183} INFO - Processing /opt/airflow/dags/weekly_summary_pipeline.py took 0.557 seconds
[2026-04-06T06:36:20.045+0000] {processor.py:161} INFO - Started process (PID=1026) to work on /opt/airflow/dags/weekly_summary_pipeline.py
[2026-04-06T06:36:20.072+0000] {processor.py:830} INFO - Processing file /opt/airflow/dags/weekly_summary_pipeline.py for tasks to queue
[2026-04-06T06:36:20.110+0000] {logging_mixin.py:188} INFO - [2026-04-06T06:36:20.109+0000] {dagbag.py:538} INFO - Filling up the DagBag from /opt/airflow/dags/weekly_summary_pipeline.py
[2026-04-06T06:36:20.967+0000] {processor.py:840} INFO - DAG(s) 'weekly_summary_pipeline' retrieved from /opt/airflow/dags/weekly_summary_pipeline.py
[2026-04-06T06:36:21.062+0000] {logging_mixin.py:188} INFO - [2026-04-06T06:36:21.061+0000] {dag.py:3036} INFO - Sync 1 DAGs
[2026-04-06T06:36:21.140+0000] {logging_mixin.py:188} INFO - [2026-04-06T06:36:21.140+0000] {dag.py:3823} INFO - Setting next_dagrun for weekly_summary_pipeline to 2026-04-06 06:00:00+00:00, run_after=2026-04-13 06:00:00+00:00
[2026-04-06T06:36:21.270+0000] {processor.py:183} INFO - Processing /opt/airflow/dags/weekly_summary_pipeline.py took 1.233 seconds
[2026-04-06T06:36:51.813+0000] {processor.py:161} INFO - Started process (PID=1049) to work on /opt/airflow/dags/weekly_summary_pipeline.py
[2026-04-06T06:36:51.816+0000] {processor.py:830} INFO - Processing file /opt/airflow/dags/weekly_summary_pipeline.py for tasks to queue
[2026-04-06T06:36:51.820+0000] {logging_mixin.py:188} INFO - [2026-04-06T06:36:51.818+0000] {dagbag.py:538} INFO - Filling up the DagBag from /opt/airflow/dags/weekly_summary_pipeline.py
[2026-04-06T06:36:51.893+0000] {processor.py:840} INFO - DAG(s) 'weekly_summary_pipeline' retrieved from /opt/airflow/dags/weekly_summary_pipeline.py
[2026-04-06T06:36:51.995+0000] {logging_mixin.py:188} INFO - [2026-04-06T06:36:51.995+0000] {dag.py:3036} INFO - Sync 1 DAGs
[2026-04-06T06:36:52.049+0000] {logging_mixin.py:188} INFO - [2026-04-06T06:36:52.047+0000] {dag.py:3823} INFO - Setting next_dagrun for weekly_summary_pipeline to 2026-04-06 06:00:00+00:00, run_after=2026-04-13 06:00:00+00:00
[2026-04-06T06:36:52.090+0000] {processor.py:183} INFO - Processing /opt/airflow/dags/weekly_summary_pipeline.py took 0.284 seconds
[2026-04-06T06:37:22.319+0000] {processor.py:161} INFO - Started process (PID=1072) to work on /opt/airflow/dags/weekly_summary_pipeline.py
[2026-04-06T06:37:22.324+0000] {processor.py:830} INFO - Processing file /opt/airflow/dags/weekly_summary_pipeline.py for tasks to queue
[2026-04-06T06:37:22.331+0000] {logging_mixin.py:188} INFO - [2026-04-06T06:37:22.329+0000] {dagbag.py:538} INFO - Filling up the DagBag from /opt/airflow/dags/weekly_summary_pipeline.py
[2026-04-06T06:37:22.447+0000] {processor.py:840} INFO - DAG(s) 'weekly_summary_pipeline' retrieved from /opt/airflow/dags/weekly_summary_pipeline.py
[2026-04-06T06:37:22.583+0000] {logging_mixin.py:188} INFO - [2026-04-06T06:37:22.583+0000] {dag.py:3036} INFO - Sync 1 DAGs
[2026-04-06T06:37:22.685+0000] {logging_mixin.py:188} INFO - [2026-04-06T06:37:22.684+0000] {dag.py:3823} INFO - Setting next_dagrun for weekly_summary_pipeline to 2026-04-06 06:00:00+00:00, run_after=2026-04-13 06:00:00+00:00
[2026-04-06T06:37:22.798+0000] {processor.py:183} INFO - Processing /opt/airflow/dags/weekly_summary_pipeline.py took 0.501 seconds
[2026-04-06T06:37:53.263+0000] {processor.py:161} INFO - Started process (PID=1095) to work on /opt/airflow/dags/weekly_summary_pipeline.py
[2026-04-06T06:37:53.265+0000] {processor.py:830} INFO - Processing file /opt/airflow/dags/weekly_summary_pipeline.py for tasks to queue
[2026-04-06T06:37:53.267+0000] {logging_mixin.py:188} INFO - [2026-04-06T06:37:53.266+0000] {dagbag.py:538} INFO - Filling up the DagBag from /opt/airflow/dags/weekly_summary_pipeline.py
[2026-04-06T06:37:53.329+0000] {processor.py:840} INFO - DAG(s) 'weekly_summary_pipeline' retrieved from /opt/airflow/dags/weekly_summary_pipeline.py
[2026-04-06T06:37:53.399+0000] {logging_mixin.py:188} INFO - [2026-04-06T06:37:53.398+0000] {dag.py:3036} INFO - Sync 1 DAGs
[2026-04-06T06:37:53.464+0000] {logging_mixin.py:188} INFO - [2026-04-06T06:37:53.463+0000] {dag.py:3823} INFO - Setting next_dagrun for weekly_summary_pipeline to 2026-04-06 06:00:00+00:00, run_after=2026-04-13 06:00:00+00:00
[2026-04-06T06:37:53.520+0000] {processor.py:183} INFO - Processing /opt/airflow/dags/weekly_summary_pipeline.py took 0.264 seconds
[2026-04-06T06:38:23.732+0000] {processor.py:161} INFO - Started process (PID=1110) to work on /opt/airflow/dags/weekly_summary_pipeline.py
[2026-04-06T06:38:23.735+0000] {processor.py:830} INFO - Processing file /opt/airflow/dags/weekly_summary_pipeline.py for tasks to queue
[2026-04-06T06:38:23.737+0000] {logging_mixin.py:188} INFO - [2026-04-06T06:38:23.736+0000] {dagbag.py:538} INFO - Filling up the DagBag from /opt/airflow/dags/weekly_summary_pipeline.py
[2026-04-06T06:38:23.794+0000] {processor.py:840} INFO - DAG(s) 'weekly_summary_pipeline' retrieved from /opt/airflow/dags/weekly_summary_pipeline.py
[2026-04-06T06:38:23.855+0000] {logging_mixin.py:188} INFO - [2026-04-06T06:38:23.853+0000] {dag.py:3036} INFO - Sync 1 DAGs
[2026-04-06T06:38:23.903+0000] {logging_mixin.py:188} INFO - [2026-04-06T06:38:23.903+0000] {dag.py:3823} INFO - Setting next_dagrun for weekly_summary_pipeline to 2026-04-06 06:00:00+00:00, run_after=2026-04-13 06:00:00+00:00
[2026-04-06T06:38:23.948+0000] {processor.py:183} INFO - Processing /opt/airflow/dags/weekly_summary_pipeline.py took 0.221 seconds
[2026-04-06T06:38:54.155+0000] {processor.py:161} INFO - Started process (PID=1133) to work on /opt/airflow/dags/weekly_summary_pipeline.py
[2026-04-06T06:38:54.158+0000] {processor.py:830} INFO - Processing file /opt/airflow/dags/weekly_summary_pipeline.py for tasks to queue
[2026-04-06T06:38:54.161+0000] {logging_mixin.py:188} INFO - [2026-04-06T06:38:54.160+0000] {dagbag.py:538} INFO - Filling up the DagBag from /opt/airflow/dags/weekly_summary_pipeline.py
[2026-04-06T06:38:54.228+0000] {processor.py:840} INFO - DAG(s) 'weekly_summary_pipeline' retrieved from /opt/airflow/dags/weekly_summary_pipeline.py
[2026-04-06T06:38:54.299+0000] {logging_mixin.py:188} INFO - [2026-04-06T06:38:54.299+0000] {dag.py:3036} INFO - Sync 1 DAGs
[2026-04-06T06:38:54.347+0000] {logging_mixin.py:188} INFO - [2026-04-06T06:38:54.347+0000] {dag.py:3823} INFO - Setting next_dagrun for weekly_summary_pipeline to 2026-04-06 06:00:00+00:00, run_after=2026-04-13 06:00:00+00:00
[2026-04-06T06:38:54.400+0000] {processor.py:183} INFO - Processing /opt/airflow/dags/weekly_summary_pipeline.py took 0.252 seconds
[2026-04-06T06:39:24.668+0000] {processor.py:161} INFO - Started process (PID=1156) to work on /opt/airflow/dags/weekly_summary_pipeline.py
[2026-04-06T06:39:24.672+0000] {processor.py:830} INFO - Processing file /opt/airflow/dags/weekly_summary_pipeline.py for tasks to queue
[2026-04-06T06:39:24.675+0000] {logging_mixin.py:188} INFO - [2026-04-06T06:39:24.674+0000] {dagbag.py:538} INFO - Filling up the DagBag from /opt/airflow/dags/weekly_summary_pipeline.py
[2026-04-06T06:39:24.781+0000] {processor.py:840} INFO - DAG(s) 'weekly_summary_pipeline' retrieved from /opt/airflow/dags/weekly_summary_pipeline.py
[2026-04-06T06:39:24.876+0000] {logging_mixin.py:188} INFO - [2026-04-06T06:39:24.876+0000] {dag.py:3036} INFO - Sync 1 DAGs
[2026-04-06T06:39:24.929+0000] {logging_mixin.py:188} INFO - [2026-04-06T06:39:24.929+0000] {dag.py:3823} INFO - Setting next_dagrun for weekly_summary_pipeline to 2026-04-06 06:00:00+00:00, run_after=2026-04-13 06:00:00+00:00
[2026-04-06T06:39:24.979+0000] {processor.py:183} INFO - Processing /opt/airflow/dags/weekly_summary_pipeline.py took 0.319 seconds
[2026-04-06T06:39:55.868+0000] {processor.py:161} INFO - Started process (PID=1179) to work on /opt/airflow/dags/weekly_summary_pipeline.py
[2026-04-06T06:39:55.870+0000] {processor.py:830} INFO - Processing file /opt/airflow/dags/weekly_summary_pipeline.py for tasks to queue
[2026-04-06T06:39:55.872+0000] {logging_mixin.py:188} INFO - [2026-04-06T06:39:55.872+0000] {dagbag.py:538} INFO - Filling up the DagBag from /opt/airflow/dags/weekly_summary_pipeline.py
[2026-04-06T06:39:55.966+0000] {processor.py:840} INFO - DAG(s) 'weekly_summary_pipeline' retrieved from /opt/airflow/dags/weekly_summary_pipeline.py
[2026-04-06T06:39:56.047+0000] {logging_mixin.py:188} INFO - [2026-04-06T06:39:56.047+0000] {dag.py:3036} INFO - Sync 1 DAGs
[2026-04-06T06:39:56.106+0000] {logging_mixin.py:188} INFO - [2026-04-06T06:39:56.105+0000] {dag.py:3823} INFO - Setting next_dagrun for weekly_summary_pipeline to 2026-04-06 06:00:00+00:00, run_after=2026-04-13 06:00:00+00:00
[2026-04-06T06:39:56.153+0000] {processor.py:183} INFO - Processing /opt/airflow/dags/weekly_summary_pipeline.py took 0.291 seconds
[2026-04-06T06:40:26.442+0000] {processor.py:161} INFO - Started process (PID=1203) to work on /opt/airflow/dags/weekly_summary_pipeline.py
[2026-04-06T06:40:26.445+0000] {processor.py:830} INFO - Processing file /opt/airflow/dags/weekly_summary_pipeline.py for tasks to queue
[2026-04-06T06:40:26.449+0000] {logging_mixin.py:188} INFO - [2026-04-06T06:40:26.448+0000] {dagbag.py:538} INFO - Filling up the DagBag from /opt/airflow/dags/weekly_summary_pipeline.py
[2026-04-06T06:40:26.517+0000] {processor.py:840} INFO - DAG(s) 'weekly_summary_pipeline' retrieved from /opt/airflow/dags/weekly_summary_pipeline.py
[2026-04-06T06:40:26.578+0000] {logging_mixin.py:188} INFO - [2026-04-06T06:40:26.577+0000] {dag.py:3036} INFO - Sync 1 DAGs
[2026-04-06T06:40:26.625+0000] {logging_mixin.py:188} INFO - [2026-04-06T06:40:26.625+0000] {dag.py:3823} INFO - Setting next_dagrun for weekly_summary_pipeline to 2026-04-06 06:00:00+00:00, run_after=2026-04-13 06:00:00+00:00
[2026-04-06T06:40:26.687+0000] {processor.py:183} INFO - Processing /opt/airflow/dags/weekly_summary_pipeline.py took 0.255 seconds
[2026-04-06T06:40:57.065+0000] {processor.py:161} INFO - Started process (PID=1226) to work on /opt/airflow/dags/weekly_summary_pipeline.py
[2026-04-06T06:40:57.068+0000] {processor.py:830} INFO - Processing file /opt/airflow/dags/weekly_summary_pipeline.py for tasks to queue
[2026-04-06T06:40:57.071+0000] {logging_mixin.py:188} INFO - [2026-04-06T06:40:57.070+0000] {dagbag.py:538} INFO - Filling up the DagBag from /opt/airflow/dags/weekly_summary_pipeline.py
[2026-04-06T06:40:57.169+0000] {processor.py:840} INFO - DAG(s) 'weekly_summary_pipeline' retrieved from /opt/airflow/dags/weekly_summary_pipeline.py
[2026-04-06T06:40:57.270+0000] {logging_mixin.py:188} INFO - [2026-04-06T06:40:57.270+0000] {dag.py:3036} INFO - Sync 1 DAGs
[2026-04-06T06:40:57.344+0000] {logging_mixin.py:188} INFO - [2026-04-06T06:40:57.344+0000] {dag.py:3823} INFO - Setting next_dagrun for weekly_summary_pipeline to 2026-04-06 06:00:00+00:00, run_after=2026-04-13 06:00:00+00:00
[2026-04-06T06:40:57.422+0000] {processor.py:183} INFO - Processing /opt/airflow/dags/weekly_summary_pipeline.py took 0.368 seconds
[2026-04-06T06:41:27.717+0000] {processor.py:161} INFO - Started process (PID=1249) to work on /opt/airflow/dags/weekly_summary_pipeline.py
[2026-04-06T06:41:27.720+0000] {processor.py:830} INFO - Processing file /opt/airflow/dags/weekly_summary_pipeline.py for tasks to queue
[2026-04-06T06:41:27.722+0000] {logging_mixin.py:188} INFO - [2026-04-06T06:41:27.721+0000] {dagbag.py:538} INFO - Filling up the DagBag from /opt/airflow/dags/weekly_summary_pipeline.py
[2026-04-06T06:41:27.812+0000] {processor.py:840} INFO - DAG(s) 'weekly_summary_pipeline' retrieved from /opt/airflow/dags/weekly_summary_pipeline.py
[2026-04-06T06:41:27.890+0000] {logging_mixin.py:188} INFO - [2026-04-06T06:41:27.890+0000] {dag.py:3036} INFO - Sync 1 DAGs
[2026-04-06T06:41:27.952+0000] {logging_mixin.py:188} INFO - [2026-04-06T06:41:27.952+0000] {dag.py:3823} INFO - Setting next_dagrun for weekly_summary_pipeline to 2026-04-06 06:00:00+00:00, run_after=2026-04-13 06:00:00+00:00
[2026-04-06T06:41:28.017+0000] {processor.py:183} INFO - Processing /opt/airflow/dags/weekly_summary_pipeline.py took 0.307 seconds
[2026-04-06T06:41:58.359+0000] {processor.py:161} INFO - Started process (PID=1272) to work on /opt/airflow/dags/weekly_summary_pipeline.py
[2026-04-06T06:41:58.362+0000] {processor.py:830} INFO - Processing file /opt/airflow/dags/weekly_summary_pipeline.py for tasks to queue
[2026-04-06T06:41:58.364+0000] {logging_mixin.py:188} INFO - [2026-04-06T06:41:58.364+0000] {dagbag.py:538} INFO - Filling up the DagBag from /opt/airflow/dags/weekly_summary_pipeline.py
[2026-04-06T06:41:58.452+0000] {processor.py:840} INFO - DAG(s) 'weekly_summary_pipeline' retrieved from /opt/airflow/dags/weekly_summary_pipeline.py
[2026-04-06T06:41:58.514+0000] {logging_mixin.py:188} INFO - [2026-04-06T06:41:58.514+0000] {dag.py:3036} INFO - Sync 1 DAGs
[2026-04-06T06:41:58.559+0000] {logging_mixin.py:188} INFO - [2026-04-06T06:41:58.558+0000] {dag.py:3823} INFO - Setting next_dagrun for weekly_summary_pipeline to 2026-04-06 06:00:00+00:00, run_after=2026-04-13 06:00:00+00:00
[2026-04-06T06:41:58.602+0000] {processor.py:183} INFO - Processing /opt/airflow/dags/weekly_summary_pipeline.py took 0.252 seconds
[2026-04-06T06:42:28.849+0000] {processor.py:161} INFO - Started process (PID=1295) to work on /opt/airflow/dags/weekly_summary_pipeline.py
[2026-04-06T06:42:28.852+0000] {processor.py:830} INFO - Processing file /opt/airflow/dags/weekly_summary_pipeline.py for tasks to queue
[2026-04-06T06:42:28.855+0000] {logging_mixin.py:188} INFO - [2026-04-06T06:42:28.854+0000] {dagbag.py:538} INFO - Filling up the DagBag from /opt/airflow/dags/weekly_summary_pipeline.py
[2026-04-06T06:42:28.919+0000] {processor.py:840} INFO - DAG(s) 'weekly_summary_pipeline' retrieved from /opt/airflow/dags/weekly_summary_pipeline.py
[2026-04-06T06:42:29.018+0000] {logging_mixin.py:188} INFO - [2026-04-06T06:42:29.018+0000] {dag.py:3036} INFO - Sync 1 DAGs
[2026-04-06T06:42:29.076+0000] {logging_mixin.py:188} INFO - [2026-04-06T06:42:29.075+0000] {dag.py:3823} INFO - Setting next_dagrun for weekly_summary_pipeline to 2026-04-06 06:00:00+00:00, run_after=2026-04-13 06:00:00+00:00
[2026-04-06T06:42:29.121+0000] {processor.py:183} INFO - Processing /opt/airflow/dags/weekly_summary_pipeline.py took 0.281 seconds
[2026-04-06T06:42:59.366+0000] {processor.py:161} INFO - Started process (PID=1310) to work on /opt/airflow/dags/weekly_summary_pipeline.py
[2026-04-06T06:42:59.368+0000] {processor.py:830} INFO - Processing file /opt/airflow/dags/weekly_summary_pipeline.py for tasks to queue
[2026-04-06T06:42:59.370+0000] {logging_mixin.py:188} INFO - [2026-04-06T06:42:59.369+0000] {dagbag.py:538} INFO - Filling up the DagBag from /opt/airflow/dags/weekly_summary_pipeline.py
[2026-04-06T06:42:59.469+0000] {processor.py:840} INFO - DAG(s) 'weekly_summary_pipeline' retrieved from /opt/airflow/dags/weekly_summary_pipeline.py
[2026-04-06T06:42:59.546+0000] {logging_mixin.py:188} INFO - [2026-04-06T06:42:59.546+0000] {dag.py:3036} INFO - Sync 1 DAGs
[2026-04-06T06:42:59.601+0000] {logging_mixin.py:188} INFO - [2026-04-06T06:42:59.601+0000] {dag.py:3823} INFO - Setting next_dagrun for weekly_summary_pipeline to 2026-04-06 06:00:00+00:00, run_after=2026-04-13 06:00:00+00:00
[2026-04-06T06:42:59.644+0000] {processor.py:183} INFO - Processing /opt/airflow/dags/weekly_summary_pipeline.py took 0.284 seconds
[2026-04-06T06:43:29.830+0000] {processor.py:161} INFO - Started process (PID=1333) to work on /opt/airflow/dags/weekly_summary_pipeline.py
[2026-04-06T06:43:29.833+0000] {processor.py:830} INFO - Processing file /opt/airflow/dags/weekly_summary_pipeline.py for tasks to queue
[2026-04-06T06:43:29.838+0000] {logging_mixin.py:188} INFO - [2026-04-06T06:43:29.838+0000] {dagbag.py:538} INFO - Filling up the DagBag from /opt/airflow/dags/weekly_summary_pipeline.py
[2026-04-06T06:43:29.924+0000] {processor.py:840} INFO - DAG(s) 'weekly_summary_pipeline' retrieved from /opt/airflow/dags/weekly_summary_pipeline.py
[2026-04-06T06:43:30.014+0000] {logging_mixin.py:188} INFO - [2026-04-06T06:43:30.014+0000] {dag.py:3036} INFO - Sync 1 DAGs
[2026-04-06T06:43:30.084+0000] {logging_mixin.py:188} INFO - [2026-04-06T06:43:30.083+0000] {dag.py:3823} INFO - Setting next_dagrun for weekly_summary_pipeline to 2026-04-06 06:00:00+00:00, run_after=2026-04-13 06:00:00+00:00
[2026-04-06T06:43:30.152+0000] {processor.py:183} INFO - Processing /opt/airflow/dags/weekly_summary_pipeline.py took 0.333 seconds
[2026-04-06T06:44:00.373+0000] {processor.py:161} INFO - Started process (PID=1356) to work on /opt/airflow/dags/weekly_summary_pipeline.py
[2026-04-06T06:44:00.377+0000] {processor.py:830} INFO - Processing file /opt/airflow/dags/weekly_summary_pipeline.py for tasks to queue
[2026-04-06T06:44:00.380+0000] {logging_mixin.py:188} INFO - [2026-04-06T06:44:00.379+0000] {dagbag.py:538} INFO - Filling up the DagBag from /opt/airflow/dags/weekly_summary_pipeline.py
[2026-04-06T06:44:00.489+0000] {processor.py:840} INFO - DAG(s) 'weekly_summary_pipeline' retrieved from /opt/airflow/dags/weekly_summary_pipeline.py
[2026-04-06T06:44:00.553+0000] {logging_mixin.py:188} INFO - [2026-04-06T06:44:00.553+0000] {dag.py:3036} INFO - Sync 1 DAGs
[2026-04-06T06:44:00.600+0000] {logging_mixin.py:188} INFO - [2026-04-06T06:44:00.600+0000] {dag.py:3823} INFO - Setting next_dagrun for weekly_summary_pipeline to 2026-04-06 06:00:00+00:00, run_after=2026-04-13 06:00:00+00:00
[2026-04-06T06:44:00.689+0000] {processor.py:183} INFO - Processing /opt/airflow/dags/weekly_summary_pipeline.py took 0.326 seconds
[2026-04-06T06:44:31.436+0000] {processor.py:161} INFO - Started process (PID=1379) to work on /opt/airflow/dags/weekly_summary_pipeline.py
[2026-04-06T06:44:31.440+0000] {processor.py:830} INFO - Processing file /opt/airflow/dags/weekly_summary_pipeline.py for tasks to queue
[2026-04-06T06:44:31.443+0000] {logging_mixin.py:188} INFO - [2026-04-06T06:44:31.442+0000] {dagbag.py:538} INFO - Filling up the DagBag from /opt/airflow/dags/weekly_summary_pipeline.py
[2026-04-06T06:44:31.523+0000] {processor.py:840} INFO - DAG(s) 'weekly_summary_pipeline' retrieved from /opt/airflow/dags/weekly_summary_pipeline.py
[2026-04-06T06:44:31.594+0000] {logging_mixin.py:188} INFO - [2026-04-06T06:44:31.594+0000] {dag.py:3036} INFO - Sync 1 DAGs
[2026-04-06T06:44:31.636+0000] {logging_mixin.py:188} INFO - [2026-04-06T06:44:31.636+0000] {dag.py:3823} INFO - Setting next_dagrun for weekly_summary_pipeline to 2026-04-06 06:00:00+00:00, run_after=2026-04-13 06:00:00+00:00
[2026-04-06T06:44:31.669+0000] {processor.py:183} INFO - Processing /opt/airflow/dags/weekly_summary_pipeline.py took 0.244 seconds
[2026-04-06T06:45:02.605+0000] {processor.py:161} INFO - Started process (PID=1402) to work on /opt/airflow/dags/weekly_summary_pipeline.py
[2026-04-06T06:45:02.610+0000] {processor.py:830} INFO - Processing file /opt/airflow/dags/weekly_summary_pipeline.py for tasks to queue
[2026-04-06T06:45:02.614+0000] {logging_mixin.py:188} INFO - [2026-04-06T06:45:02.612+0000] {dagbag.py:538} INFO - Filling up the DagBag from /opt/airflow/dags/weekly_summary_pipeline.py
[2026-04-06T06:45:02.715+0000] {processor.py:840} INFO - DAG(s) 'weekly_summary_pipeline' retrieved from /opt/airflow/dags/weekly_summary_pipeline.py
[2026-04-06T06:45:02.790+0000] {logging_mixin.py:188} INFO - [2026-04-06T06:45:02.789+0000] {dag.py:3036} INFO - Sync 1 DAGs
[2026-04-06T06:45:02.893+0000] {logging_mixin.py:188} INFO - [2026-04-06T06:45:02.892+0000] {dag.py:3823} INFO - Setting next_dagrun for weekly_summary_pipeline to 2026-04-06 06:00:00+00:00, run_after=2026-04-13 06:00:00+00:00
[2026-04-06T06:45:02.964+0000] {processor.py:183} INFO - Processing /opt/airflow/dags/weekly_summary_pipeline.py took 0.382 seconds
[2026-04-06T06:45:33.172+0000] {processor.py:161} INFO - Started process (PID=1425) to work on /opt/airflow/dags/weekly_summary_pipeline.py
[2026-04-06T06:45:33.174+0000] {processor.py:830} INFO - Processing file /opt/airflow/dags/weekly_summary_pipeline.py for tasks to queue
[2026-04-06T06:45:33.179+0000] {logging_mixin.py:188} INFO - [2026-04-06T06:45:33.177+0000] {dagbag.py:538} INFO - Filling up the DagBag from /opt/airflow/dags/weekly_summary_pipeline.py
[2026-04-06T06:45:33.256+0000] {processor.py:840} INFO - DAG(s) 'weekly_summary_pipeline' retrieved from /opt/airflow/dags/weekly_summary_pipeline.py
[2026-04-06T06:45:33.347+0000] {logging_mixin.py:188} INFO - [2026-04-06T06:45:33.346+0000] {dag.py:3036} INFO - Sync 1 DAGs
[2026-04-06T06:45:33.413+0000] {logging_mixin.py:188} INFO - [2026-04-06T06:45:33.412+0000] {dag.py:3823} INFO - Setting next_dagrun for weekly_summary_pipeline to 2026-04-06 06:00:00+00:00, run_after=2026-04-13 06:00:00+00:00
[2026-04-06T06:45:33.454+0000] {processor.py:183} INFO - Processing /opt/airflow/dags/weekly_summary_pipeline.py took 0.288 seconds
[2026-04-06T06:46:03.760+0000] {processor.py:161} INFO - Started process (PID=1448) to work on /opt/airflow/dags/weekly_summary_pipeline.py
[2026-04-06T06:46:03.762+0000] {processor.py:830} INFO - Processing file /opt/airflow/dags/weekly_summary_pipeline.py for tasks to queue
[2026-04-06T06:46:03.764+0000] {logging_mixin.py:188} INFO - [2026-04-06T06:46:03.764+0000] {dagbag.py:538} INFO - Filling up the DagBag from /opt/airflow/dags/weekly_summary_pipeline.py
[2026-04-06T06:46:03.808+0000] {processor.py:840} INFO - DAG(s) 'weekly_summary_pipeline' retrieved from /opt/airflow/dags/weekly_summary_pipeline.py
[2026-04-06T06:46:03.860+0000] {logging_mixin.py:188} INFO - [2026-04-06T06:46:03.860+0000] {dag.py:3036} INFO - Sync 1 DAGs
[2026-04-06T06:46:03.912+0000] {logging_mixin.py:188} INFO - [2026-04-06T06:46:03.911+0000] {dag.py:3823} INFO - Setting next_dagrun for weekly_summary_pipeline to 2026-04-06 06:00:00+00:00, run_after=2026-04-13 06:00:00+00:00
[2026-04-06T06:46:03.959+0000] {processor.py:183} INFO - Processing /opt/airflow/dags/weekly_summary_pipeline.py took 0.204 seconds
[2026-04-06T06:46:34.807+0000] {processor.py:161} INFO - Started process (PID=1471) to work on /opt/airflow/dags/weekly_summary_pipeline.py
[2026-04-06T06:46:34.811+0000] {processor.py:830} INFO - Processing file /opt/airflow/dags/weekly_summary_pipeline.py for tasks to queue
[2026-04-06T06:46:34.813+0000] {logging_mixin.py:188} INFO - [2026-04-06T06:46:34.812+0000] {dagbag.py:538} INFO - Filling up the DagBag from /opt/airflow/dags/weekly_summary_pipeline.py
[2026-04-06T06:46:34.894+0000] {processor.py:840} INFO - DAG(s) 'weekly_summary_pipeline' retrieved from /opt/airflow/dags/weekly_summary_pipeline.py
[2026-04-06T06:46:34.986+0000] {logging_mixin.py:188} INFO - [2026-04-06T06:46:34.985+0000] {dag.py:3036} INFO - Sync 1 DAGs
[2026-04-06T06:46:35.046+0000] {logging_mixin.py:188} INFO - [2026-04-06T06:46:35.046+0000] {dag.py:3823} INFO - Setting next_dagrun for weekly_summary_pipeline to 2026-04-06 06:00:00+00:00, run_after=2026-04-13 06:00:00+00:00
[2026-04-06T06:46:35.125+0000] {processor.py:183} INFO - Processing /opt/airflow/dags/weekly_summary_pipeline.py took 0.324 seconds
[2026-04-06T06:47:06.151+0000] {processor.py:161} INFO - Started process (PID=1494) to work on /opt/airflow/dags/weekly_summary_pipeline.py
[2026-04-06T06:47:06.154+0000] {processor.py:830} INFO - Processing file /opt/airflow/dags/weekly_summary_pipeline.py for tasks to queue
[2026-04-06T06:47:06.157+0000] {logging_mixin.py:188} INFO - [2026-04-06T06:47:06.156+0000] {dagbag.py:538} INFO - Filling up the DagBag from /opt/airflow/dags/weekly_summary_pipeline.py
[2026-04-06T06:47:06.210+0000] {processor.py:840} INFO - DAG(s) 'weekly_summary_pipeline' retrieved from /opt/airflow/dags/weekly_summary_pipeline.py
[2026-04-06T06:47:06.263+0000] {logging_mixin.py:188} INFO - [2026-04-06T06:47:06.262+0000] {dag.py:3036} INFO - Sync 1 DAGs
[2026-04-06T06:47:06.300+0000] {logging_mixin.py:188} INFO - [2026-04-06T06:47:06.299+0000] {dag.py:3823} INFO - Setting next_dagrun for weekly_summary_pipeline to 2026-04-06 06:00:00+00:00, run_after=2026-04-13 06:00:00+00:00
[2026-04-06T06:47:06.346+0000] {processor.py:183} INFO - Processing /opt/airflow/dags/weekly_summary_pipeline.py took 0.204 seconds
[2026-04-06T06:47:37.047+0000] {processor.py:161} INFO - Started process (PID=1517) to work on /opt/airflow/dags/weekly_summary_pipeline.py
[2026-04-06T06:47:37.050+0000] {processor.py:830} INFO - Processing file /opt/airflow/dags/weekly_summary_pipeline.py for tasks to queue
[2026-04-06T06:47:37.053+0000] {logging_mixin.py:188} INFO - [2026-04-06T06:47:37.052+0000] {dagbag.py:538} INFO - Filling up the DagBag from /opt/airflow/dags/weekly_summary_pipeline.py
[2026-04-06T06:47:37.131+0000] {processor.py:840} INFO - DAG(s) 'weekly_summary_pipeline' retrieved from /opt/airflow/dags/weekly_summary_pipeline.py
[2026-04-06T06:47:37.185+0000] {logging_mixin.py:188} INFO - [2026-04-06T06:47:37.184+0000] {dag.py:3036} INFO - Sync 1 DAGs
[2026-04-06T06:47:37.221+0000] {logging_mixin.py:188} INFO - [2026-04-06T06:47:37.221+0000] {dag.py:3823} INFO - Setting next_dagrun for weekly_summary_pipeline to 2026-04-06 06:00:00+00:00, run_after=2026-04-13 06:00:00+00:00
[2026-04-06T06:47:37.255+0000] {processor.py:183} INFO - Processing /opt/airflow/dags/weekly_summary_pipeline.py took 0.215 seconds
[2026-04-06T06:48:08.023+0000] {processor.py:161} INFO - Started process (PID=1540) to work on /opt/airflow/dags/weekly_summary_pipeline.py
[2026-04-06T06:48:08.026+0000] {processor.py:830} INFO - Processing file /opt/airflow/dags/weekly_summary_pipeline.py for tasks to queue
[2026-04-06T06:48:08.029+0000] {logging_mixin.py:188} INFO - [2026-04-06T06:48:08.028+0000] {dagbag.py:538} INFO - Filling up the DagBag from /opt/airflow/dags/weekly_summary_pipeline.py
[2026-04-06T06:48:08.089+0000] {processor.py:840} INFO - DAG(s) 'weekly_summary_pipeline' retrieved from /opt/airflow/dags/weekly_summary_pipeline.py
[2026-04-06T06:48:08.146+0000] {logging_mixin.py:188} INFO - [2026-04-06T06:48:08.146+0000] {dag.py:3036} INFO - Sync 1 DAGs
[2026-04-06T06:48:08.201+0000] {logging_mixin.py:188} INFO - [2026-04-06T06:48:08.200+0000] {dag.py:3823} INFO - Setting next_dagrun for weekly_summary_pipeline to 2026-04-06 06:00:00+00:00, run_after=2026-04-13 06:00:00+00:00
[2026-04-06T06:48:08.256+0000] {processor.py:183} INFO - Processing /opt/airflow/dags/weekly_summary_pipeline.py took 0.245 seconds
[2026-04-06T06:48:39.078+0000] {processor.py:161} INFO - Started process (PID=1555) to work on /opt/airflow/dags/weekly_summary_pipeline.py
[2026-04-06T06:48:39.081+0000] {processor.py:830} INFO - Processing file /opt/airflow/dags/weekly_summary_pipeline.py for tasks to queue
[2026-04-06T06:48:39.083+0000] {logging_mixin.py:188} INFO - [2026-04-06T06:48:39.082+0000] {dagbag.py:538} INFO - Filling up the DagBag from /opt/airflow/dags/weekly_summary_pipeline.py
[2026-04-06T06:48:39.159+0000] {processor.py:840} INFO - DAG(s) 'weekly_summary_pipeline' retrieved from /opt/airflow/dags/weekly_summary_pipeline.py
[2026-04-06T06:48:39.269+0000] {logging_mixin.py:188} INFO - [2026-04-06T06:48:39.268+0000] {dag.py:3036} INFO - Sync 1 DAGs
[2026-04-06T06:48:39.319+0000] {logging_mixin.py:188} INFO - [2026-04-06T06:48:39.318+0000] {dag.py:3823} INFO - Setting next_dagrun for weekly_summary_pipeline to 2026-04-06 06:00:00+00:00, run_after=2026-04-13 06:00:00+00:00
[2026-04-06T06:48:39.366+0000] {processor.py:183} INFO - Processing /opt/airflow/dags/weekly_summary_pipeline.py took 0.293 seconds
[2026-04-06T06:49:10.302+0000] {processor.py:161} INFO - Started process (PID=1578) to work on /opt/airflow/dags/weekly_summary_pipeline.py
[2026-04-06T06:49:10.304+0000] {processor.py:830} INFO - Processing file /opt/airflow/dags/weekly_summary_pipeline.py for tasks to queue
[2026-04-06T06:49:10.307+0000] {logging_mixin.py:188} INFO - [2026-04-06T06:49:10.306+0000] {dagbag.py:538} INFO - Filling up the DagBag from /opt/airflow/dags/weekly_summary_pipeline.py
[2026-04-06T06:49:10.378+0000] {processor.py:840} INFO - DAG(s) 'weekly_summary_pipeline' retrieved from /opt/airflow/dags/weekly_summary_pipeline.py
[2026-04-06T06:49:10.482+0000] {logging_mixin.py:188} INFO - [2026-04-06T06:49:10.482+0000] {dag.py:3036} INFO - Sync 1 DAGs
[2026-04-06T06:49:10.530+0000] {logging_mixin.py:188} INFO - [2026-04-06T06:49:10.529+0000] {dag.py:3823} INFO - Setting next_dagrun for weekly_summary_pipeline to 2026-04-06 06:00:00+00:00, run_after=2026-04-13 06:00:00+00:00
[2026-04-06T06:49:10.608+0000] {processor.py:183} INFO - Processing /opt/airflow/dags/weekly_summary_pipeline.py took 0.313 seconds
[2026-04-06T06:49:41.370+0000] {processor.py:161} INFO - Started process (PID=1601) to work on /opt/airflow/dags/weekly_summary_pipeline.py
[2026-04-06T06:49:41.373+0000] {processor.py:830} INFO - Processing file /opt/airflow/dags/weekly_summary_pipeline.py for tasks to queue
[2026-04-06T06:49:41.377+0000] {logging_mixin.py:188} INFO - [2026-04-06T06:49:41.375+0000] {dagbag.py:538} INFO - Filling up the DagBag from /opt/airflow/dags/weekly_summary_pipeline.py
[2026-04-06T06:49:41.443+0000] {processor.py:840} INFO - DAG(s) 'weekly_summary_pipeline' retrieved from /opt/airflow/dags/weekly_summary_pipeline.py
[2026-04-06T06:49:41.507+0000] {logging_mixin.py:188} INFO - [2026-04-06T06:49:41.506+0000] {dag.py:3036} INFO - Sync 1 DAGs
[2026-04-06T06:49:41.549+0000] {logging_mixin.py:188} INFO - [2026-04-06T06:49:41.549+0000] {dag.py:3823} INFO - Setting next_dagrun for weekly_summary_pipeline to 2026-04-06 06:00:00+00:00, run_after=2026-04-13 06:00:00+00:00
[2026-04-06T06:49:41.636+0000] {processor.py:183} INFO - Processing /opt/airflow/dags/weekly_summary_pipeline.py took 0.276 seconds
[2026-04-06T06:50:12.505+0000] {processor.py:161} INFO - Started process (PID=1624) to work on /opt/airflow/dags/weekly_summary_pipeline.py
[2026-04-06T06:50:12.511+0000] {processor.py:830} INFO - Processing file /opt/airflow/dags/weekly_summary_pipeline.py for tasks to queue
[2026-04-06T06:50:12.518+0000] {logging_mixin.py:188} INFO - [2026-04-06T06:50:12.514+0000] {dagbag.py:538} INFO - Filling up the DagBag from /opt/airflow/dags/weekly_summary_pipeline.py
[2026-04-06T06:50:12.610+0000] {processor.py:840} INFO - DAG(s) 'weekly_summary_pipeline' retrieved from /opt/airflow/dags/weekly_summary_pipeline.py
[2026-04-06T06:50:12.693+0000] {logging_mixin.py:188} INFO - [2026-04-06T06:50:12.692+0000] {dag.py:3036} INFO - Sync 1 DAGs
[2026-04-06T06:50:12.740+0000] {logging_mixin.py:188} INFO - [2026-04-06T06:50:12.739+0000] {dag.py:3823} INFO - Setting next_dagrun for weekly_summary_pipeline to 2026-04-06 06:00:00+00:00, run_after=2026-04-13 06:00:00+00:00
[2026-04-06T06:50:12.771+0000] {processor.py:183} INFO - Processing /opt/airflow/dags/weekly_summary_pipeline.py took 0.284 seconds
[2026-04-06T06:50:43.238+0000] {processor.py:161} INFO - Started process (PID=1652) to work on /opt/airflow/dags/weekly_summary_pipeline.py
[2026-04-06T06:50:43.250+0000] {processor.py:830} INFO - Processing file /opt/airflow/dags/weekly_summary_pipeline.py for tasks to queue
[2026-04-06T06:50:43.255+0000] {logging_mixin.py:188} INFO - [2026-04-06T06:50:43.253+0000] {dagbag.py:538} INFO - Filling up the DagBag from /opt/airflow/dags/weekly_summary_pipeline.py
[2026-04-06T06:50:43.321+0000] {processor.py:840} INFO - DAG(s) 'weekly_summary_pipeline' retrieved from /opt/airflow/dags/weekly_summary_pipeline.py
[2026-04-06T06:50:43.379+0000] {logging_mixin.py:188} INFO - [2026-04-06T06:50:43.379+0000] {dag.py:3036} INFO - Sync 1 DAGs
[2026-04-06T06:50:43.431+0000] {logging_mixin.py:188} INFO - [2026-04-06T06:50:43.430+0000] {dag.py:3823} INFO - Setting next_dagrun for weekly_summary_pipeline to 2026-04-06 06:00:00+00:00, run_after=2026-04-13 06:00:00+00:00
[2026-04-06T06:50:43.482+0000] {processor.py:183} INFO - Processing /opt/airflow/dags/weekly_summary_pipeline.py took 0.276 seconds
[2026-04-06T06:51:13.884+0000] {processor.py:161} INFO - Started process (PID=1670) to work on /opt/airflow/dags/weekly_summary_pipeline.py
[2026-04-06T06:51:13.888+0000] {processor.py:830} INFO - Processing file /opt/airflow/dags/weekly_summary_pipeline.py for tasks to queue
[2026-04-06T06:51:13.893+0000] {logging_mixin.py:188} INFO - [2026-04-06T06:51:13.892+0000] {dagbag.py:538} INFO - Filling up the DagBag from /opt/airflow/dags/weekly_summary_pipeline.py
[2026-04-06T06:51:13.954+0000] {processor.py:840} INFO - DAG(s) 'weekly_summary_pipeline' retrieved from /opt/airflow/dags/weekly_summary_pipeline.py
[2026-04-06T06:51:14.008+0000] {logging_mixin.py:188} INFO - [2026-04-06T06:51:14.008+0000] {dag.py:3036} INFO - Sync 1 DAGs
[2026-04-06T06:51:14.053+0000] {logging_mixin.py:188} INFO - [2026-04-06T06:51:14.053+0000] {dag.py:3823} INFO - Setting next_dagrun for weekly_summary_pipeline to 2026-04-06 06:00:00+00:00, run_after=2026-04-13 06:00:00+00:00
[2026-04-06T06:51:14.124+0000] {processor.py:183} INFO - Processing /opt/airflow/dags/weekly_summary_pipeline.py took 0.255 seconds
[2026-04-06T06:51:45.050+0000] {processor.py:161} INFO - Started process (PID=1693) to work on /opt/airflow/dags/weekly_summary_pipeline.py
[2026-04-06T06:51:45.054+0000] {processor.py:830} INFO - Processing file /opt/airflow/dags/weekly_summary_pipeline.py for tasks to queue
[2026-04-06T06:51:45.057+0000] {logging_mixin.py:188} INFO - [2026-04-06T06:51:45.056+0000] {dagbag.py:538} INFO - Filling up the DagBag from /opt/airflow/dags/weekly_summary_pipeline.py
[2026-04-06T06:51:45.154+0000] {processor.py:840} INFO - DAG(s) 'weekly_summary_pipeline' retrieved from /opt/airflow/dags/weekly_summary_pipeline.py
[2026-04-06T06:51:45.211+0000] {logging_mixin.py:188} INFO - [2026-04-06T06:51:45.210+0000] {dag.py:3036} INFO - Sync 1 DAGs
[2026-04-06T06:51:45.257+0000] {logging_mixin.py:188} INFO - [2026-04-06T06:51:45.256+0000] {dag.py:3823} INFO - Setting next_dagrun for weekly_summary_pipeline to 2026-04-06 06:00:00+00:00, run_after=2026-04-13 06:00:00+00:00
[2026-04-06T06:51:45.310+0000] {processor.py:183} INFO - Processing /opt/airflow/dags/weekly_summary_pipeline.py took 0.269 seconds
[2026-04-06T06:52:16.290+0000] {processor.py:161} INFO - Started process (PID=1716) to work on /opt/airflow/dags/weekly_summary_pipeline.py
[2026-04-06T06:52:16.292+0000] {processor.py:830} INFO - Processing file /opt/airflow/dags/weekly_summary_pipeline.py for tasks to queue
[2026-04-06T06:52:16.294+0000] {logging_mixin.py:188} INFO - [2026-04-06T06:52:16.293+0000] {dagbag.py:538} INFO - Filling up the DagBag from /opt/airflow/dags/weekly_summary_pipeline.py
[2026-04-06T06:52:16.341+0000] {processor.py:840} INFO - DAG(s) 'weekly_summary_pipeline' retrieved from /opt/airflow/dags/weekly_summary_pipeline.py
[2026-04-06T06:52:16.405+0000] {logging_mixin.py:188} INFO - [2026-04-06T06:52:16.405+0000] {dag.py:3036} INFO - Sync 1 DAGs
[2026-04-06T06:52:16.472+0000] {logging_mixin.py:188} INFO - [2026-04-06T06:52:16.472+0000] {dag.py:3823} INFO - Setting next_dagrun for weekly_summary_pipeline to 2026-04-06 06:00:00+00:00, run_after=2026-04-13 06:00:00+00:00
[2026-04-06T06:52:16.541+0000] {processor.py:183} INFO - Processing /opt/airflow/dags/weekly_summary_pipeline.py took 0.260 seconds
[2026-04-06T06:52:47.367+0000] {processor.py:161} INFO - Started process (PID=1739) to work on /opt/airflow/dags/weekly_summary_pipeline.py
[2026-04-06T06:52:47.371+0000] {processor.py:830} INFO - Processing file /opt/airflow/dags/weekly_summary_pipeline.py for tasks to queue
[2026-04-06T06:52:47.374+0000] {logging_mixin.py:188} INFO - [2026-04-06T06:52:47.373+0000] {dagbag.py:538} INFO - Filling up the DagBag from /opt/airflow/dags/weekly_summary_pipeline.py
[2026-04-06T06:52:47.441+0000] {processor.py:840} INFO - DAG(s) 'weekly_summary_pipeline' retrieved from /opt/airflow/dags/weekly_summary_pipeline.py
[2026-04-06T06:52:47.503+0000] {logging_mixin.py:188} INFO - [2026-04-06T06:52:47.503+0000] {dag.py:3036} INFO - Sync 1 DAGs
[2026-04-06T06:52:47.566+0000] {logging_mixin.py:188} INFO - [2026-04-06T06:52:47.565+0000] {dag.py:3823} INFO - Setting next_dagrun for weekly_summary_pipeline to 2026-04-06 06:00:00+00:00, run_after=2026-04-13 06:00:00+00:00
[2026-04-06T06:52:47.622+0000] {processor.py:183} INFO - Processing /opt/airflow/dags/weekly_summary_pipeline.py took 0.261 seconds
[2026-04-06T06:53:18.498+0000] {processor.py:161} INFO - Started process (PID=1762) to work on /opt/airflow/dags/weekly_summary_pipeline.py
[2026-04-06T06:53:18.502+0000] {processor.py:830} INFO - Processing file /opt/airflow/dags/weekly_summary_pipeline.py for tasks to queue
[2026-04-06T06:53:18.506+0000] {logging_mixin.py:188} INFO - [2026-04-06T06:53:18.504+0000] {dagbag.py:538} INFO - Filling up the DagBag from /opt/airflow/dags/weekly_summary_pipeline.py
[2026-04-06T06:53:18.600+0000] {processor.py:840} INFO - DAG(s) 'weekly_summary_pipeline' retrieved from /opt/airflow/dags/weekly_summary_pipeline.py
[2026-04-06T06:53:18.680+0000] {logging_mixin.py:188} INFO - [2026-04-06T06:53:18.680+0000] {dag.py:3036} INFO - Sync 1 DAGs
[2026-04-06T06:53:18.726+0000] {logging_mixin.py:188} INFO - [2026-04-06T06:53:18.726+0000] {dag.py:3823} INFO - Setting next_dagrun for weekly_summary_pipeline to 2026-04-06 06:00:00+00:00, run_after=2026-04-13 06:00:00+00:00
[2026-04-06T06:53:18.810+0000] {processor.py:183} INFO - Processing /opt/airflow/dags/weekly_summary_pipeline.py took 0.325 seconds
[2026-04-06T06:53:49.529+0000] {processor.py:161} INFO - Started process (PID=1785) to work on /opt/airflow/dags/weekly_summary_pipeline.py
[2026-04-06T06:53:49.531+0000] {processor.py:830} INFO - Processing file /opt/airflow/dags/weekly_summary_pipeline.py for tasks to queue
[2026-04-06T06:53:49.535+0000] {logging_mixin.py:188} INFO - [2026-04-06T06:53:49.533+0000] {dagbag.py:538} INFO - Filling up the DagBag from /opt/airflow/dags/weekly_summary_pipeline.py
[2026-04-06T06:53:49.633+0000] {processor.py:840} INFO - DAG(s) 'weekly_summary_pipeline' retrieved from /opt/airflow/dags/weekly_summary_pipeline.py
[2026-04-06T06:53:49.695+0000] {logging_mixin.py:188} INFO - [2026-04-06T06:53:49.694+0000] {dag.py:3036} INFO - Sync 1 DAGs
[2026-04-06T06:53:49.740+0000] {logging_mixin.py:188} INFO - [2026-04-06T06:53:49.740+0000] {dag.py:3823} INFO - Setting next_dagrun for weekly_summary_pipeline to 2026-04-06 06:00:00+00:00, run_after=2026-04-13 06:00:00+00:00
[2026-04-06T06:53:49.781+0000] {processor.py:183} INFO - Processing /opt/airflow/dags/weekly_summary_pipeline.py took 0.260 seconds
[2026-04-06T06:54:20.726+0000] {processor.py:161} INFO - Started process (PID=1808) to work on /opt/airflow/dags/weekly_summary_pipeline.py
[2026-04-06T06:54:20.732+0000] {processor.py:830} INFO - Processing file /opt/airflow/dags/weekly_summary_pipeline.py for tasks to queue
[2026-04-06T06:54:20.737+0000] {logging_mixin.py:188} INFO - [2026-04-06T06:54:20.736+0000] {dagbag.py:538} INFO - Filling up the DagBag from /opt/airflow/dags/weekly_summary_pipeline.py
[2026-04-06T06:54:20.932+0000] {processor.py:840} INFO - DAG(s) 'weekly_summary_pipeline' retrieved from /opt/airflow/dags/weekly_summary_pipeline.py
[2026-04-06T06:54:21.060+0000] {logging_mixin.py:188} INFO - [2026-04-06T06:54:21.059+0000] {dag.py:3036} INFO - Sync 1 DAGs
[2026-04-06T06:54:21.100+0000] {logging_mixin.py:188} INFO - [2026-04-06T06:54:21.100+0000] {dag.py:3823} INFO - Setting next_dagrun for weekly_summary_pipeline to 2026-04-06 06:00:00+00:00, run_after=2026-04-13 06:00:00+00:00
[2026-04-06T06:54:21.156+0000] {processor.py:183} INFO - Processing /opt/airflow/dags/weekly_summary_pipeline.py took 0.532 seconds
[2026-04-06T06:54:51.956+0000] {processor.py:161} INFO - Started process (PID=1832) to work on /opt/airflow/dags/weekly_summary_pipeline.py
[2026-04-06T06:54:51.959+0000] {processor.py:830} INFO - Processing file /opt/airflow/dags/weekly_summary_pipeline.py for tasks to queue
[2026-04-06T06:54:51.962+0000] {logging_mixin.py:188} INFO - [2026-04-06T06:54:51.961+0000] {dagbag.py:538} INFO - Filling up the DagBag from /opt/airflow/dags/weekly_summary_pipeline.py
[2026-04-06T06:54:52.021+0000] {processor.py:840} INFO - DAG(s) 'weekly_summary_pipeline' retrieved from /opt/airflow/dags/weekly_summary_pipeline.py
[2026-04-06T06:54:52.077+0000] {logging_mixin.py:188} INFO - [2026-04-06T06:54:52.077+0000] {dag.py:3036} INFO - Sync 1 DAGs
[2026-04-06T06:54:52.113+0000] {logging_mixin.py:188} INFO - [2026-04-06T06:54:52.113+0000] {dag.py:3823} INFO - Setting next_dagrun for weekly_summary_pipeline to 2026-04-06 06:00:00+00:00, run_after=2026-04-13 06:00:00+00:00
[2026-04-06T06:54:52.154+0000] {processor.py:183} INFO - Processing /opt/airflow/dags/weekly_summary_pipeline.py took 0.204 seconds
[2026-04-06T06:55:23.075+0000] {processor.py:161} INFO - Started process (PID=1847) to work on /opt/airflow/dags/weekly_summary_pipeline.py
[2026-04-06T06:55:23.079+0000] {processor.py:830} INFO - Processing file /opt/airflow/dags/weekly_summary_pipeline.py for tasks to queue
[2026-04-06T06:55:23.088+0000] {logging_mixin.py:188} INFO - [2026-04-06T06:55:23.086+0000] {dagbag.py:538} INFO - Filling up the DagBag from /opt/airflow/dags/weekly_summary_pipeline.py
[2026-04-06T06:55:23.177+0000] {processor.py:840} INFO - DAG(s) 'weekly_summary_pipeline' retrieved from /opt/airflow/dags/weekly_summary_pipeline.py
[2026-04-06T06:55:23.236+0000] {logging_mixin.py:188} INFO - [2026-04-06T06:55:23.235+0000] {dag.py:3036} INFO - Sync 1 DAGs
[2026-04-06T06:55:23.284+0000] {logging_mixin.py:188} INFO - [2026-04-06T06:55:23.283+0000] {dag.py:3823} INFO - Setting next_dagrun for weekly_summary_pipeline to 2026-04-06 06:00:00+00:00, run_after=2026-04-13 06:00:00+00:00
[2026-04-06T06:55:23.345+0000] {processor.py:183} INFO - Processing /opt/airflow/dags/weekly_summary_pipeline.py took 0.278 seconds
[2026-04-06T06:55:54.224+0000] {processor.py:161} INFO - Started process (PID=1870) to work on /opt/airflow/dags/weekly_summary_pipeline.py
[2026-04-06T06:55:54.228+0000] {processor.py:830} INFO - Processing file /opt/airflow/dags/weekly_summary_pipeline.py for tasks to queue
[2026-04-06T06:55:54.232+0000] {logging_mixin.py:188} INFO - [2026-04-06T06:55:54.231+0000] {dagbag.py:538} INFO - Filling up the DagBag from /opt/airflow/dags/weekly_summary_pipeline.py
[2026-04-06T06:55:54.339+0000] {processor.py:840} INFO - DAG(s) 'weekly_summary_pipeline' retrieved from /opt/airflow/dags/weekly_summary_pipeline.py
[2026-04-06T06:55:54.405+0000] {logging_mixin.py:188} INFO - [2026-04-06T06:55:54.405+0000] {dag.py:3036} INFO - Sync 1 DAGs
[2026-04-06T06:55:54.473+0000] {logging_mixin.py:188} INFO - [2026-04-06T06:55:54.472+0000] {dag.py:3823} INFO - Setting next_dagrun for weekly_summary_pipeline to 2026-04-06 06:00:00+00:00, run_after=2026-04-13 06:00:00+00:00
[2026-04-06T06:55:54.528+0000] {processor.py:183} INFO - Processing /opt/airflow/dags/weekly_summary_pipeline.py took 0.315 seconds
[2026-04-06T06:56:25.398+0000] {processor.py:161} INFO - Started process (PID=1890) to work on /opt/airflow/dags/weekly_summary_pipeline.py
[2026-04-06T06:56:25.401+0000] {processor.py:830} INFO - Processing file /opt/airflow/dags/weekly_summary_pipeline.py for tasks to queue
[2026-04-06T06:56:25.406+0000] {logging_mixin.py:188} INFO - [2026-04-06T06:56:25.405+0000] {dagbag.py:538} INFO - Filling up the DagBag from /opt/airflow/dags/weekly_summary_pipeline.py
[2026-04-06T06:56:25.472+0000] {processor.py:840} INFO - DAG(s) 'weekly_summary_pipeline' retrieved from /opt/airflow/dags/weekly_summary_pipeline.py
[2026-04-06T06:56:25.528+0000] {logging_mixin.py:188} INFO - [2026-04-06T06:56:25.527+0000] {dag.py:3036} INFO - Sync 1 DAGs
[2026-04-06T06:56:25.572+0000] {logging_mixin.py:188} INFO - [2026-04-06T06:56:25.571+0000] {dag.py:3823} INFO - Setting next_dagrun for weekly_summary_pipeline to 2026-04-06 06:00:00+00:00, run_after=2026-04-13 06:00:00+00:00
[2026-04-06T06:56:25.608+0000] {processor.py:183} INFO - Processing /opt/airflow/dags/weekly_summary_pipeline.py took 0.220 seconds
[2026-04-06T06:56:56.478+0000] {processor.py:161} INFO - Started process (PID=1915) to work on /opt/airflow/dags/weekly_summary_pipeline.py
[2026-04-06T06:56:56.483+0000] {processor.py:830} INFO - Processing file /opt/airflow/dags/weekly_summary_pipeline.py for tasks to queue
[2026-04-06T06:56:56.488+0000] {logging_mixin.py:188} INFO - [2026-04-06T06:56:56.487+0000] {dagbag.py:538} INFO - Filling up the DagBag from /opt/airflow/dags/weekly_summary_pipeline.py
[2026-04-06T06:56:56.617+0000] {processor.py:840} INFO - DAG(s) 'weekly_summary_pipeline' retrieved from /opt/airflow/dags/weekly_summary_pipeline.py
[2026-04-06T06:56:56.694+0000] {logging_mixin.py:188} INFO - [2026-04-06T06:56:56.694+0000] {dag.py:3036} INFO - Sync 1 DAGs
[2026-04-06T06:56:56.745+0000] {logging_mixin.py:188} INFO - [2026-04-06T06:56:56.744+0000] {dag.py:3823} INFO - Setting next_dagrun for weekly_summary_pipeline to 2026-04-06 06:00:00+00:00, run_after=2026-04-13 06:00:00+00:00
[2026-04-06T06:56:56.780+0000] {processor.py:183} INFO - Processing /opt/airflow/dags/weekly_summary_pipeline.py took 0.315 seconds
[2026-04-06T06:57:27.793+0000] {processor.py:161} INFO - Started process (PID=1938) to work on /opt/airflow/dags/weekly_summary_pipeline.py
[2026-04-06T06:57:27.796+0000] {processor.py:830} INFO - Processing file /opt/airflow/dags/weekly_summary_pipeline.py for tasks to queue
[2026-04-06T06:57:27.800+0000] {logging_mixin.py:188} INFO - [2026-04-06T06:57:27.798+0000] {dagbag.py:538} INFO - Filling up the DagBag from /opt/airflow/dags/weekly_summary_pipeline.py
[2026-04-06T06:57:27.863+0000] {processor.py:840} INFO - DAG(s) 'weekly_summary_pipeline' retrieved from /opt/airflow/dags/weekly_summary_pipeline.py
[2026-04-06T06:57:27.919+0000] {logging_mixin.py:188} INFO - [2026-04-06T06:57:27.919+0000] {dag.py:3036} INFO - Sync 1 DAGs
[2026-04-06T06:57:27.959+0000] {logging_mixin.py:188} INFO - [2026-04-06T06:57:27.959+0000] {dag.py:3823} INFO - Setting next_dagrun for weekly_summary_pipeline to 2026-04-06 06:00:00+00:00, run_after=2026-04-13 06:00:00+00:00
[2026-04-06T06:57:27.998+0000] {processor.py:183} INFO - Processing /opt/airflow/dags/weekly_summary_pipeline.py took 0.210 seconds
[2026-04-06T06:57:58.934+0000] {processor.py:161} INFO - Started process (PID=1961) to work on /opt/airflow/dags/weekly_summary_pipeline.py
[2026-04-06T06:57:58.936+0000] {processor.py:830} INFO - Processing file /opt/airflow/dags/weekly_summary_pipeline.py for tasks to queue
[2026-04-06T06:57:58.940+0000] {logging_mixin.py:188} INFO - [2026-04-06T06:57:58.939+0000] {dagbag.py:538} INFO - Filling up the DagBag from /opt/airflow/dags/weekly_summary_pipeline.py
[2026-04-06T06:57:59.032+0000] {processor.py:840} INFO - DAG(s) 'weekly_summary_pipeline' retrieved from /opt/airflow/dags/weekly_summary_pipeline.py
[2026-04-06T06:57:59.156+0000] {logging_mixin.py:188} INFO - [2026-04-06T06:57:59.155+0000] {dag.py:3036} INFO - Sync 1 DAGs
[2026-04-06T06:57:59.246+0000] {logging_mixin.py:188} INFO - [2026-04-06T06:57:59.246+0000] {dag.py:3823} INFO - Setting next_dagrun for weekly_summary_pipeline to 2026-04-06 06:00:00+00:00, run_after=2026-04-13 06:00:00+00:00
[2026-04-06T06:57:59.326+0000] {processor.py:183} INFO - Processing /opt/airflow/dags/weekly_summary_pipeline.py took 0.401 seconds
[2026-04-06T06:58:29.682+0000] {processor.py:161} INFO - Started process (PID=1984) to work on /opt/airflow/dags/weekly_summary_pipeline.py
[2026-04-06T06:58:29.685+0000] {processor.py:830} INFO - Processing file /opt/airflow/dags/weekly_summary_pipeline.py for tasks to queue
[2026-04-06T06:58:29.687+0000] {logging_mixin.py:188} INFO - [2026-04-06T06:58:29.686+0000] {dagbag.py:538} INFO - Filling up the DagBag from /opt/airflow/dags/weekly_summary_pipeline.py
[2026-04-06T06:58:29.751+0000] {processor.py:840} INFO - DAG(s) 'weekly_summary_pipeline' retrieved from /opt/airflow/dags/weekly_summary_pipeline.py
[2026-04-06T06:58:29.816+0000] {logging_mixin.py:188} INFO - [2026-04-06T06:58:29.816+0000] {dag.py:3036} INFO - Sync 1 DAGs
[2026-04-06T06:58:29.871+0000] {logging_mixin.py:188} INFO - [2026-04-06T06:58:29.870+0000] {dag.py:3823} INFO - Setting next_dagrun for weekly_summary_pipeline to 2026-04-06 06:00:00+00:00, run_after=2026-04-13 06:00:00+00:00
[2026-04-06T06:58:29.907+0000] {processor.py:183} INFO - Processing /opt/airflow/dags/weekly_summary_pipeline.py took 0.236 seconds
[2026-04-06T06:59:00.797+0000] {processor.py:161} INFO - Started process (PID=2007) to work on /opt/airflow/dags/weekly_summary_pipeline.py
[2026-04-06T06:59:00.801+0000] {processor.py:830} INFO - Processing file /opt/airflow/dags/weekly_summary_pipeline.py for tasks to queue
[2026-04-06T06:59:00.803+0000] {logging_mixin.py:188} INFO - [2026-04-06T06:59:00.803+0000] {dagbag.py:538} INFO - Filling up the DagBag from /opt/airflow/dags/weekly_summary_pipeline.py
[2026-04-06T06:59:00.890+0000] {processor.py:840} INFO - DAG(s) 'weekly_summary_pipeline' retrieved from /opt/airflow/dags/weekly_summary_pipeline.py
[2026-04-06T06:59:00.970+0000] {logging_mixin.py:188} INFO - [2026-04-06T06:59:00.969+0000] {dag.py:3036} INFO - Sync 1 DAGs
[2026-04-06T06:59:01.012+0000] {logging_mixin.py:188} INFO - [2026-04-06T06:59:01.011+0000] {dag.py:3823} INFO - Setting next_dagrun for weekly_summary_pipeline to 2026-04-06 06:00:00+00:00, run_after=2026-04-13 06:00:00+00:00
[2026-04-06T06:59:01.042+0000] {processor.py:183} INFO - Processing /opt/airflow/dags/weekly_summary_pipeline.py took 0.252 seconds
[2026-04-06T06:59:31.883+0000] {processor.py:161} INFO - Started process (PID=2030) to work on /opt/airflow/dags/weekly_summary_pipeline.py
[2026-04-06T06:59:31.886+0000] {processor.py:830} INFO - Processing file /opt/airflow/dags/weekly_summary_pipeline.py for tasks to queue
[2026-04-06T06:59:31.889+0000] {logging_mixin.py:188} INFO - [2026-04-06T06:59:31.888+0000] {dagbag.py:538} INFO - Filling up the DagBag from /opt/airflow/dags/weekly_summary_pipeline.py
[2026-04-06T06:59:31.954+0000] {processor.py:840} INFO - DAG(s) 'weekly_summary_pipeline' retrieved from /opt/airflow/dags/weekly_summary_pipeline.py
[2026-04-06T06:59:32.009+0000] {logging_mixin.py:188} INFO - [2026-04-06T06:59:32.009+0000] {dag.py:3036} INFO - Sync 1 DAGs
[2026-04-06T06:59:32.057+0000] {logging_mixin.py:188} INFO - [2026-04-06T06:59:32.057+0000] {dag.py:3823} INFO - Setting next_dagrun for weekly_summary_pipeline to 2026-04-06 06:00:00+00:00, run_after=2026-04-13 06:00:00+00:00
[2026-04-06T06:59:32.096+0000] {processor.py:183} INFO - Processing /opt/airflow/dags/weekly_summary_pipeline.py took 0.218 seconds
[2026-04-06T07:00:02.936+0000] {processor.py:161} INFO - Started process (PID=2053) to work on /opt/airflow/dags/weekly_summary_pipeline.py
[2026-04-06T07:00:02.938+0000] {processor.py:830} INFO - Processing file /opt/airflow/dags/weekly_summary_pipeline.py for tasks to queue
[2026-04-06T07:00:02.940+0000] {logging_mixin.py:188} INFO - [2026-04-06T07:00:02.940+0000] {dagbag.py:538} INFO - Filling up the DagBag from /opt/airflow/dags/weekly_summary_pipeline.py
[2026-04-06T07:00:02.991+0000] {processor.py:840} INFO - DAG(s) 'weekly_summary_pipeline' retrieved from /opt/airflow/dags/weekly_summary_pipeline.py
[2026-04-06T07:00:03.037+0000] {logging_mixin.py:188} INFO - [2026-04-06T07:00:03.036+0000] {dag.py:3036} INFO - Sync 1 DAGs
[2026-04-06T07:00:03.075+0000] {logging_mixin.py:188} INFO - [2026-04-06T07:00:03.075+0000] {dag.py:3823} INFO - Setting next_dagrun for weekly_summary_pipeline to 2026-04-06 06:00:00+00:00, run_after=2026-04-13 06:00:00+00:00
[2026-04-06T07:00:03.138+0000] {processor.py:183} INFO - Processing /opt/airflow/dags/weekly_summary_pipeline.py took 0.206 seconds
[2026-04-06T07:00:34.034+0000] {processor.py:161} INFO - Started process (PID=2076) to work on /opt/airflow/dags/weekly_summary_pipeline.py
[2026-04-06T07:00:34.036+0000] {processor.py:830} INFO - Processing file /opt/airflow/dags/weekly_summary_pipeline.py for tasks to queue
[2026-04-06T07:00:34.039+0000] {logging_mixin.py:188} INFO - [2026-04-06T07:00:34.038+0000] {dagbag.py:538} INFO - Filling up the DagBag from /opt/airflow/dags/weekly_summary_pipeline.py
[2026-04-06T07:00:34.079+0000] {processor.py:840} INFO - DAG(s) 'weekly_summary_pipeline' retrieved from /opt/airflow/dags/weekly_summary_pipeline.py
[2026-04-06T07:00:34.120+0000] {logging_mixin.py:188} INFO - [2026-04-06T07:00:34.119+0000] {dag.py:3036} INFO - Sync 1 DAGs
[2026-04-06T07:00:34.155+0000] {logging_mixin.py:188} INFO - [2026-04-06T07:00:34.155+0000] {dag.py:3823} INFO - Setting next_dagrun for weekly_summary_pipeline to 2026-04-06 06:00:00+00:00, run_after=2026-04-13 06:00:00+00:00
[2026-04-06T07:00:34.188+0000] {processor.py:183} INFO - Processing /opt/airflow/dags/weekly_summary_pipeline.py took 0.159 seconds
[2026-04-06T07:01:04.961+0000] {processor.py:161} INFO - Started process (PID=2099) to work on /opt/airflow/dags/weekly_summary_pipeline.py
[2026-04-06T07:01:04.963+0000] {processor.py:830} INFO - Processing file /opt/airflow/dags/weekly_summary_pipeline.py for tasks to queue
[2026-04-06T07:01:04.966+0000] {logging_mixin.py:188} INFO - [2026-04-06T07:01:04.965+0000] {dagbag.py:538} INFO - Filling up the DagBag from /opt/airflow/dags/weekly_summary_pipeline.py
[2026-04-06T07:01:05.005+0000] {processor.py:840} INFO - DAG(s) 'weekly_summary_pipeline' retrieved from /opt/airflow/dags/weekly_summary_pipeline.py
[2026-04-06T07:01:05.237+0000] {logging_mixin.py:188} INFO - [2026-04-06T07:01:05.237+0000] {dag.py:3036} INFO - Sync 1 DAGs
[2026-04-06T07:01:05.349+0000] {logging_mixin.py:188} INFO - [2026-04-06T07:01:05.349+0000] {dag.py:3823} INFO - Setting next_dagrun for weekly_summary_pipeline to 2026-04-06 06:00:00+00:00, run_after=2026-04-13 06:00:00+00:00
[2026-04-06T07:01:05.423+0000] {processor.py:183} INFO - Processing /opt/airflow/dags/weekly_summary_pipeline.py took 0.469 seconds
[2026-04-06T07:01:36.214+0000] {processor.py:161} INFO - Started process (PID=2122) to work on /opt/airflow/dags/weekly_summary_pipeline.py
[2026-04-06T07:01:36.217+0000] {processor.py:830} INFO - Processing file /opt/airflow/dags/weekly_summary_pipeline.py for tasks to queue
[2026-04-06T07:01:36.221+0000] {logging_mixin.py:188} INFO - [2026-04-06T07:01:36.219+0000] {dagbag.py:538} INFO - Filling up the DagBag from /opt/airflow/dags/weekly_summary_pipeline.py
[2026-04-06T07:01:36.280+0000] {processor.py:840} INFO - DAG(s) 'weekly_summary_pipeline' retrieved from /opt/airflow/dags/weekly_summary_pipeline.py
[2026-04-06T07:01:36.370+0000] {logging_mixin.py:188} INFO - [2026-04-06T07:01:36.370+0000] {dag.py:3036} INFO - Sync 1 DAGs
[2026-04-06T07:01:36.420+0000] {logging_mixin.py:188} INFO - [2026-04-06T07:01:36.419+0000] {dag.py:3823} INFO - Setting next_dagrun for weekly_summary_pipeline to 2026-04-06 06:00:00+00:00, run_after=2026-04-13 06:00:00+00:00
[2026-04-06T07:01:36.455+0000] {processor.py:183} INFO - Processing /opt/airflow/dags/weekly_summary_pipeline.py took 0.249 seconds
[2026-04-06T07:02:07.491+0000] {processor.py:161} INFO - Started process (PID=2137) to work on /opt/airflow/dags/weekly_summary_pipeline.py
[2026-04-06T07:02:07.495+0000] {processor.py:830} INFO - Processing file /opt/airflow/dags/weekly_summary_pipeline.py for tasks to queue
[2026-04-06T07:02:07.500+0000] {logging_mixin.py:188} INFO - [2026-04-06T07:02:07.498+0000] {dagbag.py:538} INFO - Filling up the DagBag from /opt/airflow/dags/weekly_summary_pipeline.py
[2026-04-06T07:02:07.604+0000] {processor.py:840} INFO - DAG(s) 'weekly_summary_pipeline' retrieved from /opt/airflow/dags/weekly_summary_pipeline.py
[2026-04-06T07:02:07.660+0000] {logging_mixin.py:188} INFO - [2026-04-06T07:02:07.660+0000] {dag.py:3036} INFO - Sync 1 DAGs
[2026-04-06T07:02:07.697+0000] {logging_mixin.py:188} INFO - [2026-04-06T07:02:07.696+0000] {dag.py:3823} INFO - Setting next_dagrun for weekly_summary_pipeline to 2026-04-06 06:00:00+00:00, run_after=2026-04-13 06:00:00+00:00
[2026-04-06T07:02:07.736+0000] {processor.py:183} INFO - Processing /opt/airflow/dags/weekly_summary_pipeline.py took 0.258 seconds
[2026-04-06T07:02:38.552+0000] {processor.py:161} INFO - Started process (PID=2160) to work on /opt/airflow/dags/weekly_summary_pipeline.py
[2026-04-06T07:02:38.556+0000] {processor.py:830} INFO - Processing file /opt/airflow/dags/weekly_summary_pipeline.py for tasks to queue
[2026-04-06T07:02:38.561+0000] {logging_mixin.py:188} INFO - [2026-04-06T07:02:38.560+0000] {dagbag.py:538} INFO - Filling up the DagBag from /opt/airflow/dags/weekly_summary_pipeline.py
[2026-04-06T07:02:38.640+0000] {processor.py:840} INFO - DAG(s) 'weekly_summary_pipeline' retrieved from /opt/airflow/dags/weekly_summary_pipeline.py
[2026-04-06T07:02:38.702+0000] {logging_mixin.py:188} INFO - [2026-04-06T07:02:38.702+0000] {dag.py:3036} INFO - Sync 1 DAGs
[2026-04-06T07:02:38.743+0000] {logging_mixin.py:188} INFO - [2026-04-06T07:02:38.742+0000] {dag.py:3823} INFO - Setting next_dagrun for weekly_summary_pipeline to 2026-04-06 06:00:00+00:00, run_after=2026-04-13 06:00:00+00:00
[2026-04-06T07:02:38.808+0000] {processor.py:183} INFO - Processing /opt/airflow/dags/weekly_summary_pipeline.py took 0.264 seconds
[2026-04-06T07:03:09.711+0000] {processor.py:161} INFO - Started process (PID=2183) to work on /opt/airflow/dags/weekly_summary_pipeline.py
[2026-04-06T07:03:09.714+0000] {processor.py:830} INFO - Processing file /opt/airflow/dags/weekly_summary_pipeline.py for tasks to queue
[2026-04-06T07:03:09.716+0000] {logging_mixin.py:188} INFO - [2026-04-06T07:03:09.716+0000] {dagbag.py:538} INFO - Filling up the DagBag from /opt/airflow/dags/weekly_summary_pipeline.py
[2026-04-06T07:03:09.796+0000] {processor.py:840} INFO - DAG(s) 'weekly_summary_pipeline' retrieved from /opt/airflow/dags/weekly_summary_pipeline.py
[2026-04-06T07:03:09.854+0000] {logging_mixin.py:188} INFO - [2026-04-06T07:03:09.854+0000] {dag.py:3036} INFO - Sync 1 DAGs
[2026-04-06T07:03:09.905+0000] {logging_mixin.py:188} INFO - [2026-04-06T07:03:09.905+0000] {dag.py:3823} INFO - Setting next_dagrun for weekly_summary_pipeline to 2026-04-06 06:00:00+00:00, run_after=2026-04-13 06:00:00+00:00
[2026-04-06T07:03:09.939+0000] {processor.py:183} INFO - Processing /opt/airflow/dags/weekly_summary_pipeline.py took 0.235 seconds
[2026-04-06T07:03:40.725+0000] {processor.py:161} INFO - Started process (PID=2206) to work on /opt/airflow/dags/weekly_summary_pipeline.py
[2026-04-06T07:03:40.728+0000] {processor.py:830} INFO - Processing file /opt/airflow/dags/weekly_summary_pipeline.py for tasks to queue
[2026-04-06T07:03:40.730+0000] {logging_mixin.py:188} INFO - [2026-04-06T07:03:40.730+0000] {dagbag.py:538} INFO - Filling up the DagBag from /opt/airflow/dags/weekly_summary_pipeline.py
[2026-04-06T07:03:40.807+0000] {processor.py:840} INFO - DAG(s) 'weekly_summary_pipeline' retrieved from /opt/airflow/dags/weekly_summary_pipeline.py
[2026-04-06T07:03:40.873+0000] {logging_mixin.py:188} INFO - [2026-04-06T07:03:40.873+0000] {dag.py:3036} INFO - Sync 1 DAGs
[2026-04-06T07:03:40.933+0000] {logging_mixin.py:188} INFO - [2026-04-06T07:03:40.933+0000] {dag.py:3823} INFO - Setting next_dagrun for weekly_summary_pipeline to 2026-04-06 06:00:00+00:00, run_after=2026-04-13 06:00:00+00:00
[2026-04-06T07:03:40.989+0000] {processor.py:183} INFO - Processing /opt/airflow/dags/weekly_summary_pipeline.py took 0.274 seconds
[2026-04-06T07:04:11.318+0000] {processor.py:161} INFO - Started process (PID=2228) to work on /opt/airflow/dags/weekly_summary_pipeline.py
[2026-04-06T07:04:11.321+0000] {processor.py:830} INFO - Processing file /opt/airflow/dags/weekly_summary_pipeline.py for tasks to queue
[2026-04-06T07:04:11.324+0000] {logging_mixin.py:188} INFO - [2026-04-06T07:04:11.323+0000] {dagbag.py:538} INFO - Filling up the DagBag from /opt/airflow/dags/weekly_summary_pipeline.py
[2026-04-06T07:04:11.403+0000] {processor.py:840} INFO - DAG(s) 'weekly_summary_pipeline' retrieved from /opt/airflow/dags/weekly_summary_pipeline.py
[2026-04-06T07:04:11.464+0000] {logging_mixin.py:188} INFO - [2026-04-06T07:04:11.463+0000] {dag.py:3036} INFO - Sync 1 DAGs
[2026-04-06T07:04:10.844+0000] {logging_mixin.py:188} INFO - [2026-04-06T07:04:10.843+0000] {dag.py:3823} INFO - Setting next_dagrun for weekly_summary_pipeline to 2026-04-06 06:00:00+00:00, run_after=2026-04-13 06:00:00+00:00
[2026-04-06T07:04:10.888+0000] {processor.py:183} INFO - Processing /opt/airflow/dags/weekly_summary_pipeline.py took 0.235 seconds
[2026-04-06T07:04:41.692+0000] {processor.py:161} INFO - Started process (PID=2251) to work on /opt/airflow/dags/weekly_summary_pipeline.py
[2026-04-06T07:04:41.694+0000] {processor.py:830} INFO - Processing file /opt/airflow/dags/weekly_summary_pipeline.py for tasks to queue
[2026-04-06T07:04:41.697+0000] {logging_mixin.py:188} INFO - [2026-04-06T07:04:41.696+0000] {dagbag.py:538} INFO - Filling up the DagBag from /opt/airflow/dags/weekly_summary_pipeline.py
[2026-04-06T07:04:41.788+0000] {processor.py:840} INFO - DAG(s) 'weekly_summary_pipeline' retrieved from /opt/airflow/dags/weekly_summary_pipeline.py
[2026-04-06T07:04:41.913+0000] {logging_mixin.py:188} INFO - [2026-04-06T07:04:41.912+0000] {dag.py:3036} INFO - Sync 1 DAGs
[2026-04-06T07:04:41.993+0000] {logging_mixin.py:188} INFO - [2026-04-06T07:04:41.992+0000] {dag.py:3823} INFO - Setting next_dagrun for weekly_summary_pipeline to 2026-04-06 06:00:00+00:00, run_after=2026-04-13 06:00:00+00:00
[2026-04-06T07:04:42.063+0000] {processor.py:183} INFO - Processing /opt/airflow/dags/weekly_summary_pipeline.py took 0.376 seconds
[2026-04-06T07:05:12.801+0000] {processor.py:161} INFO - Started process (PID=2274) to work on /opt/airflow/dags/weekly_summary_pipeline.py
[2026-04-06T07:05:12.803+0000] {processor.py:830} INFO - Processing file /opt/airflow/dags/weekly_summary_pipeline.py for tasks to queue
[2026-04-06T07:05:12.805+0000] {logging_mixin.py:188} INFO - [2026-04-06T07:05:12.804+0000] {dagbag.py:538} INFO - Filling up the DagBag from /opt/airflow/dags/weekly_summary_pipeline.py
[2026-04-06T07:05:12.862+0000] {processor.py:840} INFO - DAG(s) 'weekly_summary_pipeline' retrieved from /opt/airflow/dags/weekly_summary_pipeline.py
[2026-04-06T07:05:12.936+0000] {logging_mixin.py:188} INFO - [2026-04-06T07:05:12.935+0000] {dag.py:3036} INFO - Sync 1 DAGs
[2026-04-06T07:05:13.001+0000] {logging_mixin.py:188} INFO - [2026-04-06T07:05:13.000+0000] {dag.py:3823} INFO - Setting next_dagrun for weekly_summary_pipeline to 2026-04-06 06:00:00+00:00, run_after=2026-04-13 06:00:00+00:00
[2026-04-06T07:05:13.070+0000] {processor.py:183} INFO - Processing /opt/airflow/dags/weekly_summary_pipeline.py took 0.275 seconds
[2026-04-06T07:05:43.901+0000] {processor.py:161} INFO - Started process (PID=2297) to work on /opt/airflow/dags/weekly_summary_pipeline.py
[2026-04-06T07:05:43.904+0000] {processor.py:830} INFO - Processing file /opt/airflow/dags/weekly_summary_pipeline.py for tasks to queue
[2026-04-06T07:05:43.905+0000] {logging_mixin.py:188} INFO - [2026-04-06T07:05:43.905+0000] {dagbag.py:538} INFO - Filling up the DagBag from /opt/airflow/dags/weekly_summary_pipeline.py
[2026-04-06T07:05:43.977+0000] {processor.py:840} INFO - DAG(s) 'weekly_summary_pipeline' retrieved from /opt/airflow/dags/weekly_summary_pipeline.py
[2026-04-06T07:05:44.043+0000] {logging_mixin.py:188} INFO - [2026-04-06T07:05:44.043+0000] {dag.py:3036} INFO - Sync 1 DAGs
[2026-04-06T07:05:44.104+0000] {logging_mixin.py:188} INFO - [2026-04-06T07:05:44.103+0000] {dag.py:3823} INFO - Setting next_dagrun for weekly_summary_pipeline to 2026-04-06 06:00:00+00:00, run_after=2026-04-13 06:00:00+00:00
[2026-04-06T07:05:44.201+0000] {processor.py:183} INFO - Processing /opt/airflow/dags/weekly_summary_pipeline.py took 0.306 seconds
[2026-04-06T07:06:14.772+0000] {processor.py:161} INFO - Started process (PID=2322) to work on /opt/airflow/dags/weekly_summary_pipeline.py
[2026-04-06T07:06:14.774+0000] {processor.py:830} INFO - Processing file /opt/airflow/dags/weekly_summary_pipeline.py for tasks to queue
[2026-04-06T07:06:14.776+0000] {logging_mixin.py:188} INFO - [2026-04-06T07:06:14.776+0000] {dagbag.py:538} INFO - Filling up the DagBag from /opt/airflow/dags/weekly_summary_pipeline.py
[2026-04-06T07:06:14.843+0000] {processor.py:840} INFO - DAG(s) 'weekly_summary_pipeline' retrieved from /opt/airflow/dags/weekly_summary_pipeline.py
[2026-04-06T07:06:14.927+0000] {logging_mixin.py:188} INFO - [2026-04-06T07:06:14.926+0000] {dag.py:3036} INFO - Sync 1 DAGs
[2026-04-06T07:06:14.984+0000] {logging_mixin.py:188} INFO - [2026-04-06T07:06:14.984+0000] {dag.py:3823} INFO - Setting next_dagrun for weekly_summary_pipeline to 2026-04-06 06:00:00+00:00, run_after=2026-04-13 06:00:00+00:00
[2026-04-06T07:06:15.030+0000] {processor.py:183} INFO - Processing /opt/airflow/dags/weekly_summary_pipeline.py took 0.264 seconds
[2026-04-06T07:06:45.359+0000] {processor.py:161} INFO - Started process (PID=2344) to work on /opt/airflow/dags/weekly_summary_pipeline.py
[2026-04-06T07:06:45.362+0000] {processor.py:830} INFO - Processing file /opt/airflow/dags/weekly_summary_pipeline.py for tasks to queue
[2026-04-06T07:06:45.364+0000] {logging_mixin.py:188} INFO - [2026-04-06T07:06:45.363+0000] {dagbag.py:538} INFO - Filling up the DagBag from /opt/airflow/dags/weekly_summary_pipeline.py
[2026-04-06T07:06:45.414+0000] {processor.py:840} INFO - DAG(s) 'weekly_summary_pipeline' retrieved from /opt/airflow/dags/weekly_summary_pipeline.py
[2026-04-06T07:06:45.619+0000] {logging_mixin.py:188} INFO - [2026-04-06T07:06:45.619+0000] {dag.py:3036} INFO - Sync 1 DAGs
[2026-04-06T07:06:45.828+0000] {logging_mixin.py:188} INFO - [2026-04-06T07:06:45.827+0000] {dag.py:3823} INFO - Setting next_dagrun for weekly_summary_pipeline to 2026-04-06 06:00:00+00:00, run_after=2026-04-13 06:00:00+00:00
[2026-04-06T07:06:45.915+0000] {processor.py:183} INFO - Processing /opt/airflow/dags/weekly_summary_pipeline.py took 0.562 seconds
[2026-04-06T07:07:16.432+0000] {processor.py:161} INFO - Started process (PID=2361) to work on /opt/airflow/dags/weekly_summary_pipeline.py
[2026-04-06T07:07:16.435+0000] {processor.py:830} INFO - Processing file /opt/airflow/dags/weekly_summary_pipeline.py for tasks to queue
[2026-04-06T07:07:16.439+0000] {logging_mixin.py:188} INFO - [2026-04-06T07:07:16.437+0000] {dagbag.py:538} INFO - Filling up the DagBag from /opt/airflow/dags/weekly_summary_pipeline.py
[2026-04-06T07:07:16.507+0000] {processor.py:840} INFO - DAG(s) 'weekly_summary_pipeline' retrieved from /opt/airflow/dags/weekly_summary_pipeline.py
[2026-04-06T07:07:16.578+0000] {logging_mixin.py:188} INFO - [2026-04-06T07:07:16.577+0000] {dag.py:3036} INFO - Sync 1 DAGs
[2026-04-06T07:07:16.668+0000] {logging_mixin.py:188} INFO - [2026-04-06T07:07:16.667+0000] {dag.py:3823} INFO - Setting next_dagrun for weekly_summary_pipeline to 2026-04-06 06:00:00+00:00, run_after=2026-04-13 06:00:00+00:00
[2026-04-06T07:07:16.734+0000] {processor.py:183} INFO - Processing /opt/airflow/dags/weekly_summary_pipeline.py took 0.307 seconds
[2026-04-06T07:07:46.967+0000] {processor.py:161} INFO - Started process (PID=2384) to work on /opt/airflow/dags/weekly_summary_pipeline.py
[2026-04-06T07:07:46.970+0000] {processor.py:830} INFO - Processing file /opt/airflow/dags/weekly_summary_pipeline.py for tasks to queue
[2026-04-06T07:07:46.973+0000] {logging_mixin.py:188} INFO - [2026-04-06T07:07:46.972+0000] {dagbag.py:538} INFO - Filling up the DagBag from /opt/airflow/dags/weekly_summary_pipeline.py
[2026-04-06T07:07:47.057+0000] {processor.py:840} INFO - DAG(s) 'weekly_summary_pipeline' retrieved from /opt/airflow/dags/weekly_summary_pipeline.py
[2026-04-06T07:07:47.140+0000] {logging_mixin.py:188} INFO - [2026-04-06T07:07:47.139+0000] {dag.py:3036} INFO - Sync 1 DAGs
[2026-04-06T07:07:47.205+0000] {logging_mixin.py:188} INFO - [2026-04-06T07:07:47.203+0000] {dag.py:3823} INFO - Setting next_dagrun for weekly_summary_pipeline to 2026-04-06 06:00:00+00:00, run_after=2026-04-13 06:00:00+00:00
[2026-04-06T07:07:47.281+0000] {processor.py:183} INFO - Processing /opt/airflow/dags/weekly_summary_pipeline.py took 0.322 seconds
[2026-04-06T07:08:17.566+0000] {processor.py:161} INFO - Started process (PID=2407) to work on /opt/airflow/dags/weekly_summary_pipeline.py
[2026-04-06T07:08:17.570+0000] {processor.py:830} INFO - Processing file /opt/airflow/dags/weekly_summary_pipeline.py for tasks to queue
[2026-04-06T07:08:17.574+0000] {logging_mixin.py:188} INFO - [2026-04-06T07:08:17.572+0000] {dagbag.py:538} INFO - Filling up the DagBag from /opt/airflow/dags/weekly_summary_pipeline.py
[2026-04-06T07:08:17.652+0000] {processor.py:840} INFO - DAG(s) 'weekly_summary_pipeline' retrieved from /opt/airflow/dags/weekly_summary_pipeline.py
[2026-04-06T07:08:17.721+0000] {logging_mixin.py:188} INFO - [2026-04-06T07:08:17.721+0000] {dag.py:3036} INFO - Sync 1 DAGs
[2026-04-06T07:08:17.764+0000] {logging_mixin.py:188} INFO - [2026-04-06T07:08:17.764+0000] {dag.py:3823} INFO - Setting next_dagrun for weekly_summary_pipeline to 2026-04-06 06:00:00+00:00, run_after=2026-04-13 06:00:00+00:00
[2026-04-06T07:08:17.844+0000] {processor.py:183} INFO - Processing /opt/airflow/dags/weekly_summary_pipeline.py took 0.291 seconds
[2026-04-06T07:08:48.097+0000] {processor.py:161} INFO - Started process (PID=2430) to work on /opt/airflow/dags/weekly_summary_pipeline.py
[2026-04-06T07:08:48.099+0000] {processor.py:830} INFO - Processing file /opt/airflow/dags/weekly_summary_pipeline.py for tasks to queue
[2026-04-06T07:08:48.101+0000] {logging_mixin.py:188} INFO - [2026-04-06T07:08:48.100+0000] {dagbag.py:538} INFO - Filling up the DagBag from /opt/airflow/dags/weekly_summary_pipeline.py
[2026-04-06T07:08:48.163+0000] {processor.py:840} INFO - DAG(s) 'weekly_summary_pipeline' retrieved from /opt/airflow/dags/weekly_summary_pipeline.py
[2026-04-06T07:08:48.232+0000] {logging_mixin.py:188} INFO - [2026-04-06T07:08:48.232+0000] {dag.py:3036} INFO - Sync 1 DAGs
[2026-04-06T07:08:48.283+0000] {logging_mixin.py:188} INFO - [2026-04-06T07:08:48.282+0000] {dag.py:3823} INFO - Setting next_dagrun for weekly_summary_pipeline to 2026-04-06 06:00:00+00:00, run_after=2026-04-13 06:00:00+00:00
[2026-04-06T07:08:48.379+0000] {processor.py:183} INFO - Processing /opt/airflow/dags/weekly_summary_pipeline.py took 0.288 seconds
[2026-04-06T07:09:18.932+0000] {processor.py:161} INFO - Started process (PID=2453) to work on /opt/airflow/dags/weekly_summary_pipeline.py
[2026-04-06T07:09:18.934+0000] {processor.py:830} INFO - Processing file /opt/airflow/dags/weekly_summary_pipeline.py for tasks to queue
[2026-04-06T07:09:18.937+0000] {logging_mixin.py:188} INFO - [2026-04-06T07:09:18.936+0000] {dagbag.py:538} INFO - Filling up the DagBag from /opt/airflow/dags/weekly_summary_pipeline.py
[2026-04-06T07:09:19.016+0000] {processor.py:840} INFO - DAG(s) 'weekly_summary_pipeline' retrieved from /opt/airflow/dags/weekly_summary_pipeline.py
[2026-04-06T07:09:19.093+0000] {logging_mixin.py:188} INFO - [2026-04-06T07:09:19.093+0000] {dag.py:3036} INFO - Sync 1 DAGs
[2026-04-06T07:09:19.148+0000] {logging_mixin.py:188} INFO - [2026-04-06T07:09:19.148+0000] {dag.py:3823} INFO - Setting next_dagrun for weekly_summary_pipeline to 2026-04-06 06:00:00+00:00, run_after=2026-04-13 06:00:00+00:00
[2026-04-06T07:09:19.187+0000] {processor.py:183} INFO - Processing /opt/airflow/dags/weekly_summary_pipeline.py took 0.263 seconds
[2026-04-06T07:09:49.906+0000] {processor.py:161} INFO - Started process (PID=2474) to work on /opt/airflow/dags/weekly_summary_pipeline.py
[2026-04-06T07:09:49.910+0000] {processor.py:830} INFO - Processing file /opt/airflow/dags/weekly_summary_pipeline.py for tasks to queue
[2026-04-06T07:09:49.912+0000] {logging_mixin.py:188} INFO - [2026-04-06T07:09:49.912+0000] {dagbag.py:538} INFO - Filling up the DagBag from /opt/airflow/dags/weekly_summary_pipeline.py
[2026-04-06T07:09:50.009+0000] {processor.py:840} INFO - DAG(s) 'weekly_summary_pipeline' retrieved from /opt/airflow/dags/weekly_summary_pipeline.py
[2026-04-06T07:09:50.089+0000] {logging_mixin.py:188} INFO - [2026-04-06T07:09:50.088+0000] {dag.py:3036} INFO - Sync 1 DAGs
[2026-04-06T07:09:50.153+0000] {logging_mixin.py:188} INFO - [2026-04-06T07:09:50.152+0000] {dag.py:3823} INFO - Setting next_dagrun for weekly_summary_pipeline to 2026-04-06 06:00:00+00:00, run_after=2026-04-13 06:00:00+00:00
[2026-04-06T07:09:50.195+0000] {processor.py:183} INFO - Processing /opt/airflow/dags/weekly_summary_pipeline.py took 0.297 seconds
[2026-04-06T07:10:21.006+0000] {processor.py:161} INFO - Started process (PID=2497) to work on /opt/airflow/dags/weekly_summary_pipeline.py
[2026-04-06T07:10:21.009+0000] {processor.py:830} INFO - Processing file /opt/airflow/dags/weekly_summary_pipeline.py for tasks to queue
[2026-04-06T07:10:21.012+0000] {logging_mixin.py:188} INFO - [2026-04-06T07:10:21.011+0000] {dagbag.py:538} INFO - Filling up the DagBag from /opt/airflow/dags/weekly_summary_pipeline.py
[2026-04-06T07:10:21.059+0000] {processor.py:840} INFO - DAG(s) 'weekly_summary_pipeline' retrieved from /opt/airflow/dags/weekly_summary_pipeline.py
[2026-04-06T07:10:21.122+0000] {logging_mixin.py:188} INFO - [2026-04-06T07:10:21.122+0000] {dag.py:3036} INFO - Sync 1 DAGs
[2026-04-06T07:10:21.205+0000] {logging_mixin.py:188} INFO - [2026-04-06T07:10:21.205+0000] {dag.py:3823} INFO - Setting next_dagrun for weekly_summary_pipeline to 2026-04-06 06:00:00+00:00, run_after=2026-04-13 06:00:00+00:00
[2026-04-06T07:10:21.249+0000] {processor.py:183} INFO - Processing /opt/airflow/dags/weekly_summary_pipeline.py took 0.250 seconds
[2026-04-06T07:10:51.954+0000] {processor.py:161} INFO - Started process (PID=2520) to work on /opt/airflow/dags/weekly_summary_pipeline.py
[2026-04-06T07:10:51.957+0000] {processor.py:830} INFO - Processing file /opt/airflow/dags/weekly_summary_pipeline.py for tasks to queue
[2026-04-06T07:10:51.962+0000] {logging_mixin.py:188} INFO - [2026-04-06T07:10:51.960+0000] {dagbag.py:538} INFO - Filling up the DagBag from /opt/airflow/dags/weekly_summary_pipeline.py
[2026-04-06T07:10:52.035+0000] {processor.py:840} INFO - DAG(s) 'weekly_summary_pipeline' retrieved from /opt/airflow/dags/weekly_summary_pipeline.py
[2026-04-06T07:10:52.097+0000] {logging_mixin.py:188} INFO - [2026-04-06T07:10:52.097+0000] {dag.py:3036} INFO - Sync 1 DAGs
[2026-04-06T07:10:53.900+0000] {logging_mixin.py:188} INFO - [2026-04-06T07:10:53.900+0000] {dag.py:3823} INFO - Setting next_dagrun for weekly_summary_pipeline to 2026-04-06 06:00:00+00:00, run_after=2026-04-13 06:00:00+00:00
[2026-04-06T07:10:53.956+0000] {processor.py:183} INFO - Processing /opt/airflow/dags/weekly_summary_pipeline.py took 2.010 seconds
[2026-04-06T07:11:24.543+0000] {processor.py:161} INFO - Started process (PID=2543) to work on /opt/airflow/dags/weekly_summary_pipeline.py
[2026-04-06T07:11:24.546+0000] {processor.py:830} INFO - Processing file /opt/airflow/dags/weekly_summary_pipeline.py for tasks to queue
[2026-04-06T07:11:24.550+0000] {logging_mixin.py:188} INFO - [2026-04-06T07:11:24.548+0000] {dagbag.py:538} INFO - Filling up the DagBag from /opt/airflow/dags/weekly_summary_pipeline.py
[2026-04-06T07:11:24.631+0000] {processor.py:840} INFO - DAG(s) 'weekly_summary_pipeline' retrieved from /opt/airflow/dags/weekly_summary_pipeline.py
[2026-04-06T07:11:24.680+0000] {logging_mixin.py:188} INFO - [2026-04-06T07:11:24.680+0000] {dag.py:3036} INFO - Sync 1 DAGs
[2026-04-06T07:11:24.718+0000] {logging_mixin.py:188} INFO - [2026-04-06T07:11:24.717+0000] {dag.py:3823} INFO - Setting next_dagrun for weekly_summary_pipeline to 2026-04-06 06:00:00+00:00, run_after=2026-04-13 06:00:00+00:00
[2026-04-06T07:11:24.762+0000] {processor.py:183} INFO - Processing /opt/airflow/dags/weekly_summary_pipeline.py took 0.228 seconds
[2026-04-06T07:11:55.349+0000] {processor.py:161} INFO - Started process (PID=2566) to work on /opt/airflow/dags/weekly_summary_pipeline.py
[2026-04-06T07:11:55.351+0000] {processor.py:830} INFO - Processing file /opt/airflow/dags/weekly_summary_pipeline.py for tasks to queue
[2026-04-06T07:11:55.354+0000] {logging_mixin.py:188} INFO - [2026-04-06T07:11:55.353+0000] {dagbag.py:538} INFO - Filling up the DagBag from /opt/airflow/dags/weekly_summary_pipeline.py
[2026-04-06T07:11:55.398+0000] {processor.py:840} INFO - DAG(s) 'weekly_summary_pipeline' retrieved from /opt/airflow/dags/weekly_summary_pipeline.py
[2026-04-06T07:11:55.456+0000] {logging_mixin.py:188} INFO - [2026-04-06T07:11:55.456+0000] {dag.py:3036} INFO - Sync 1 DAGs
[2026-04-06T07:11:55.501+0000] {logging_mixin.py:188} INFO - [2026-04-06T07:11:55.500+0000] {dag.py:3823} INFO - Setting next_dagrun for weekly_summary_pipeline to 2026-04-06 06:00:00+00:00, run_after=2026-04-13 06:00:00+00:00
[2026-04-06T07:11:55.536+0000] {processor.py:183} INFO - Processing /opt/airflow/dags/weekly_summary_pipeline.py took 0.193 seconds
[2026-04-06T07:12:26.539+0000] {processor.py:161} INFO - Started process (PID=2589) to work on /opt/airflow/dags/weekly_summary_pipeline.py
[2026-04-06T07:12:26.541+0000] {processor.py:830} INFO - Processing file /opt/airflow/dags/weekly_summary_pipeline.py for tasks to queue
[2026-04-06T07:12:26.543+0000] {logging_mixin.py:188} INFO - [2026-04-06T07:12:26.543+0000] {dagbag.py:538} INFO - Filling up the DagBag from /opt/airflow/dags/weekly_summary_pipeline.py
[2026-04-06T07:12:26.587+0000] {processor.py:840} INFO - DAG(s) 'weekly_summary_pipeline' retrieved from /opt/airflow/dags/weekly_summary_pipeline.py
[2026-04-06T07:12:26.640+0000] {logging_mixin.py:188} INFO - [2026-04-06T07:12:26.640+0000] {dag.py:3036} INFO - Sync 1 DAGs
[2026-04-06T07:12:27.396+0000] {logging_mixin.py:188} INFO - [2026-04-06T07:12:27.395+0000] {dag.py:3823} INFO - Setting next_dagrun for weekly_summary_pipeline to 2026-04-06 06:00:00+00:00, run_after=2026-04-13 06:00:00+00:00
[2026-04-06T07:12:27.469+0000] {processor.py:183} INFO - Processing /opt/airflow/dags/weekly_summary_pipeline.py took 0.936 seconds
[2026-04-06T07:12:57.835+0000] {processor.py:161} INFO - Started process (PID=2604) to work on /opt/airflow/dags/weekly_summary_pipeline.py
[2026-04-06T07:12:57.841+0000] {processor.py:830} INFO - Processing file /opt/airflow/dags/weekly_summary_pipeline.py for tasks to queue
[2026-04-06T07:12:57.845+0000] {logging_mixin.py:188} INFO - [2026-04-06T07:12:57.844+0000] {dagbag.py:538} INFO - Filling up the DagBag from /opt/airflow/dags/weekly_summary_pipeline.py
[2026-04-06T07:12:58.228+0000] {processor.py:840} INFO - DAG(s) 'weekly_summary_pipeline' retrieved from /opt/airflow/dags/weekly_summary_pipeline.py
[2026-04-06T07:12:58.372+0000] {logging_mixin.py:188} INFO - [2026-04-06T07:12:58.371+0000] {dag.py:3036} INFO - Sync 1 DAGs
[2026-04-06T07:12:58.466+0000] {logging_mixin.py:188} INFO - [2026-04-06T07:12:58.465+0000] {dag.py:3823} INFO - Setting next_dagrun for weekly_summary_pipeline to 2026-04-06 06:00:00+00:00, run_after=2026-04-13 06:00:00+00:00
[2026-04-06T07:12:58.514+0000] {processor.py:183} INFO - Processing /opt/airflow/dags/weekly_summary_pipeline.py took 0.690 seconds
[2026-04-06T07:13:29.070+0000] {processor.py:161} INFO - Started process (PID=2627) to work on /opt/airflow/dags/weekly_summary_pipeline.py
[2026-04-06T07:13:29.074+0000] {processor.py:830} INFO - Processing file /opt/airflow/dags/weekly_summary_pipeline.py for tasks to queue
[2026-04-06T07:13:29.077+0000] {logging_mixin.py:188} INFO - [2026-04-06T07:13:29.076+0000] {dagbag.py:538} INFO - Filling up the DagBag from /opt/airflow/dags/weekly_summary_pipeline.py
[2026-04-06T07:13:29.171+0000] {processor.py:840} INFO - DAG(s) 'weekly_summary_pipeline' retrieved from /opt/airflow/dags/weekly_summary_pipeline.py
[2026-04-06T07:13:29.242+0000] {logging_mixin.py:188} INFO - [2026-04-06T07:13:29.241+0000] {dag.py:3036} INFO - Sync 1 DAGs
[2026-04-06T07:13:29.296+0000] {logging_mixin.py:188} INFO - [2026-04-06T07:13:29.296+0000] {dag.py:3823} INFO - Setting next_dagrun for weekly_summary_pipeline to 2026-04-06 06:00:00+00:00, run_after=2026-04-13 06:00:00+00:00
[2026-04-06T07:13:29.407+0000] {processor.py:183} INFO - Processing /opt/airflow/dags/weekly_summary_pipeline.py took 0.344 seconds
[2026-04-06T07:14:00.188+0000] {processor.py:161} INFO - Started process (PID=2650) to work on /opt/airflow/dags/weekly_summary_pipeline.py
[2026-04-06T07:14:00.191+0000] {processor.py:830} INFO - Processing file /opt/airflow/dags/weekly_summary_pipeline.py for tasks to queue
[2026-04-06T07:14:00.195+0000] {logging_mixin.py:188} INFO - [2026-04-06T07:14:00.193+0000] {dagbag.py:538} INFO - Filling up the DagBag from /opt/airflow/dags/weekly_summary_pipeline.py
[2026-04-06T07:14:00.301+0000] {processor.py:840} INFO - DAG(s) 'weekly_summary_pipeline' retrieved from /opt/airflow/dags/weekly_summary_pipeline.py
[2026-04-06T07:14:00.378+0000] {logging_mixin.py:188} INFO - [2026-04-06T07:14:00.378+0000] {dag.py:3036} INFO - Sync 1 DAGs
[2026-04-06T07:14:00.435+0000] {logging_mixin.py:188} INFO - [2026-04-06T07:14:00.435+0000] {dag.py:3823} INFO - Setting next_dagrun for weekly_summary_pipeline to 2026-04-06 06:00:00+00:00, run_after=2026-04-13 06:00:00+00:00
[2026-04-06T07:14:00.472+0000] {processor.py:183} INFO - Processing /opt/airflow/dags/weekly_summary_pipeline.py took 0.290 seconds
[2026-04-06T07:14:31.208+0000] {processor.py:161} INFO - Started process (PID=2673) to work on /opt/airflow/dags/weekly_summary_pipeline.py
[2026-04-06T07:14:31.210+0000] {processor.py:830} INFO - Processing file /opt/airflow/dags/weekly_summary_pipeline.py for tasks to queue
[2026-04-06T07:14:31.213+0000] {logging_mixin.py:188} INFO - [2026-04-06T07:14:31.212+0000] {dagbag.py:538} INFO - Filling up the DagBag from /opt/airflow/dags/weekly_summary_pipeline.py
[2026-04-06T07:14:31.289+0000] {processor.py:840} INFO - DAG(s) 'weekly_summary_pipeline' retrieved from /opt/airflow/dags/weekly_summary_pipeline.py
[2026-04-06T07:14:31.356+0000] {logging_mixin.py:188} INFO - [2026-04-06T07:14:31.356+0000] {dag.py:3036} INFO - Sync 1 DAGs
[2026-04-06T07:14:31.405+0000] {logging_mixin.py:188} INFO - [2026-04-06T07:14:31.405+0000] {dag.py:3823} INFO - Setting next_dagrun for weekly_summary_pipeline to 2026-04-06 06:00:00+00:00, run_after=2026-04-13 06:00:00+00:00
[2026-04-06T07:14:31.464+0000] {processor.py:183} INFO - Processing /opt/airflow/dags/weekly_summary_pipeline.py took 0.263 seconds
[2026-04-06T07:15:02.200+0000] {processor.py:161} INFO - Started process (PID=2696) to work on /opt/airflow/dags/weekly_summary_pipeline.py
[2026-04-06T07:15:02.204+0000] {processor.py:830} INFO - Processing file /opt/airflow/dags/weekly_summary_pipeline.py for tasks to queue
[2026-04-06T07:15:02.214+0000] {logging_mixin.py:188} INFO - [2026-04-06T07:15:02.209+0000] {dagbag.py:538} INFO - Filling up the DagBag from /opt/airflow/dags/weekly_summary_pipeline.py
[2026-04-06T07:15:02.285+0000] {processor.py:840} INFO - DAG(s) 'weekly_summary_pipeline' retrieved from /opt/airflow/dags/weekly_summary_pipeline.py
[2026-04-06T07:15:02.346+0000] {logging_mixin.py:188} INFO - [2026-04-06T07:15:02.345+0000] {dag.py:3036} INFO - Sync 1 DAGs
[2026-04-06T07:15:02.388+0000] {logging_mixin.py:188} INFO - [2026-04-06T07:15:02.388+0000] {dag.py:3823} INFO - Setting next_dagrun for weekly_summary_pipeline to 2026-04-06 06:00:00+00:00, run_after=2026-04-13 06:00:00+00:00
[2026-04-06T07:15:02.446+0000] {processor.py:183} INFO - Processing /opt/airflow/dags/weekly_summary_pipeline.py took 0.261 seconds
[2026-04-06T07:15:33.150+0000] {processor.py:161} INFO - Started process (PID=2719) to work on /opt/airflow/dags/weekly_summary_pipeline.py
[2026-04-06T07:15:33.153+0000] {processor.py:830} INFO - Processing file /opt/airflow/dags/weekly_summary_pipeline.py for tasks to queue
[2026-04-06T07:15:33.157+0000] {logging_mixin.py:188} INFO - [2026-04-06T07:15:33.156+0000] {dagbag.py:538} INFO - Filling up the DagBag from /opt/airflow/dags/weekly_summary_pipeline.py
[2026-04-06T07:15:33.223+0000] {processor.py:840} INFO - DAG(s) 'weekly_summary_pipeline' retrieved from /opt/airflow/dags/weekly_summary_pipeline.py
[2026-04-06T07:15:33.302+0000] {logging_mixin.py:188} INFO - [2026-04-06T07:15:33.301+0000] {dag.py:3036} INFO - Sync 1 DAGs
[2026-04-06T07:15:33.389+0000] {logging_mixin.py:188} INFO - [2026-04-06T07:15:33.388+0000] {dag.py:3823} INFO - Setting next_dagrun for weekly_summary_pipeline to 2026-04-06 06:00:00+00:00, run_after=2026-04-13 06:00:00+00:00
[2026-04-06T07:15:33.455+0000] {processor.py:183} INFO - Processing /opt/airflow/dags/weekly_summary_pipeline.py took 0.317 seconds
[2026-04-06T07:16:04.134+0000] {processor.py:161} INFO - Started process (PID=2744) to work on /opt/airflow/dags/weekly_summary_pipeline.py
[2026-04-06T07:16:04.137+0000] {processor.py:830} INFO - Processing file /opt/airflow/dags/weekly_summary_pipeline.py for tasks to queue
[2026-04-06T07:16:04.140+0000] {logging_mixin.py:188} INFO - [2026-04-06T07:16:04.139+0000] {dagbag.py:538} INFO - Filling up the DagBag from /opt/airflow/dags/weekly_summary_pipeline.py
[2026-04-06T07:16:04.205+0000] {processor.py:840} INFO - DAG(s) 'weekly_summary_pipeline' retrieved from /opt/airflow/dags/weekly_summary_pipeline.py
[2026-04-06T07:16:04.268+0000] {logging_mixin.py:188} INFO - [2026-04-06T07:16:04.268+0000] {dag.py:3036} INFO - Sync 1 DAGs
[2026-04-06T07:16:04.310+0000] {logging_mixin.py:188} INFO - [2026-04-06T07:16:04.310+0000] {dag.py:3823} INFO - Setting next_dagrun for weekly_summary_pipeline to 2026-04-06 06:00:00+00:00, run_after=2026-04-13 06:00:00+00:00
[2026-04-06T07:16:04.390+0000] {processor.py:183} INFO - Processing /opt/airflow/dags/weekly_summary_pipeline.py took 0.263 seconds
[2026-04-06T07:16:34.695+0000] {processor.py:161} INFO - Started process (PID=2765) to work on /opt/airflow/dags/weekly_summary_pipeline.py
[2026-04-06T07:16:34.698+0000] {processor.py:830} INFO - Processing file /opt/airflow/dags/weekly_summary_pipeline.py for tasks to queue
[2026-04-06T07:16:34.700+0000] {logging_mixin.py:188} INFO - [2026-04-06T07:16:34.699+0000] {dagbag.py:538} INFO - Filling up the DagBag from /opt/airflow/dags/weekly_summary_pipeline.py
[2026-04-06T07:16:34.772+0000] {processor.py:840} INFO - DAG(s) 'weekly_summary_pipeline' retrieved from /opt/airflow/dags/weekly_summary_pipeline.py
[2026-04-06T07:16:34.830+0000] {logging_mixin.py:188} INFO - [2026-04-06T07:16:34.830+0000] {dag.py:3036} INFO - Sync 1 DAGs
[2026-04-06T07:16:34.875+0000] {logging_mixin.py:188} INFO - [2026-04-06T07:16:34.874+0000] {dag.py:3823} INFO - Setting next_dagrun for weekly_summary_pipeline to 2026-04-06 06:00:00+00:00, run_after=2026-04-13 06:00:00+00:00
[2026-04-06T07:16:34.949+0000] {processor.py:183} INFO - Processing /opt/airflow/dags/weekly_summary_pipeline.py took 0.259 seconds
[2026-04-06T07:17:05.271+0000] {processor.py:161} INFO - Started process (PID=2788) to work on /opt/airflow/dags/weekly_summary_pipeline.py
[2026-04-06T07:17:05.274+0000] {processor.py:830} INFO - Processing file /opt/airflow/dags/weekly_summary_pipeline.py for tasks to queue
[2026-04-06T07:17:05.278+0000] {logging_mixin.py:188} INFO - [2026-04-06T07:17:05.277+0000] {dagbag.py:538} INFO - Filling up the DagBag from /opt/airflow/dags/weekly_summary_pipeline.py
[2026-04-06T07:17:05.356+0000] {processor.py:840} INFO - DAG(s) 'weekly_summary_pipeline' retrieved from /opt/airflow/dags/weekly_summary_pipeline.py
[2026-04-06T07:17:05.457+0000] {logging_mixin.py:188} INFO - [2026-04-06T07:17:05.456+0000] {dag.py:3036} INFO - Sync 1 DAGs
[2026-04-06T07:17:05.495+0000] {logging_mixin.py:188} INFO - [2026-04-06T07:17:05.494+0000] {dag.py:3823} INFO - Setting next_dagrun for weekly_summary_pipeline to 2026-04-06 06:00:00+00:00, run_after=2026-04-13 06:00:00+00:00
[2026-04-06T07:17:05.542+0000] {processor.py:183} INFO - Processing /opt/airflow/dags/weekly_summary_pipeline.py took 0.281 seconds
[2026-04-06T07:17:36.197+0000] {processor.py:161} INFO - Started process (PID=2811) to work on /opt/airflow/dags/weekly_summary_pipeline.py
[2026-04-06T07:17:36.200+0000] {processor.py:830} INFO - Processing file /opt/airflow/dags/weekly_summary_pipeline.py for tasks to queue
[2026-04-06T07:17:36.202+0000] {logging_mixin.py:188} INFO - [2026-04-06T07:17:36.201+0000] {dagbag.py:538} INFO - Filling up the DagBag from /opt/airflow/dags/weekly_summary_pipeline.py
[2026-04-06T07:17:36.248+0000] {processor.py:840} INFO - DAG(s) 'weekly_summary_pipeline' retrieved from /opt/airflow/dags/weekly_summary_pipeline.py
[2026-04-06T07:17:36.302+0000] {logging_mixin.py:188} INFO - [2026-04-06T07:17:36.302+0000] {dag.py:3036} INFO - Sync 1 DAGs
[2026-04-06T07:17:36.355+0000] {logging_mixin.py:188} INFO - [2026-04-06T07:17:36.355+0000] {dag.py:3823} INFO - Setting next_dagrun for weekly_summary_pipeline to 2026-04-06 06:00:00+00:00, run_after=2026-04-13 06:00:00+00:00
[2026-04-06T07:17:36.394+0000] {processor.py:183} INFO - Processing /opt/airflow/dags/weekly_summary_pipeline.py took 0.204 seconds
[2026-04-06T07:18:07.242+0000] {processor.py:161} INFO - Started process (PID=2826) to work on /opt/airflow/dags/weekly_summary_pipeline.py
[2026-04-06T07:18:07.248+0000] {processor.py:830} INFO - Processing file /opt/airflow/dags/weekly_summary_pipeline.py for tasks to queue
[2026-04-06T07:18:07.252+0000] {logging_mixin.py:188} INFO - [2026-04-06T07:18:07.251+0000] {dagbag.py:538} INFO - Filling up the DagBag from /opt/airflow/dags/weekly_summary_pipeline.py
[2026-04-06T07:18:07.349+0000] {processor.py:840} INFO - DAG(s) 'weekly_summary_pipeline' retrieved from /opt/airflow/dags/weekly_summary_pipeline.py
[2026-04-06T07:18:07.437+0000] {logging_mixin.py:188} INFO - [2026-04-06T07:18:07.437+0000] {dag.py:3036} INFO - Sync 1 DAGs
[2026-04-06T07:18:07.484+0000] {logging_mixin.py:188} INFO - [2026-04-06T07:18:07.484+0000] {dag.py:3823} INFO - Setting next_dagrun for weekly_summary_pipeline to 2026-04-06 06:00:00+00:00, run_after=2026-04-13 06:00:00+00:00
[2026-04-06T07:18:07.530+0000] {processor.py:183} INFO - Processing /opt/airflow/dags/weekly_summary_pipeline.py took 0.297 seconds
[2026-04-06T07:18:37.164+0000] {processor.py:161} INFO - Started process (PID=2849) to work on /opt/airflow/dags/weekly_summary_pipeline.py
[2026-04-06T07:18:37.167+0000] {processor.py:830} INFO - Processing file /opt/airflow/dags/weekly_summary_pipeline.py for tasks to queue
[2026-04-06T07:18:37.170+0000] {logging_mixin.py:188} INFO - [2026-04-06T07:18:37.169+0000] {dagbag.py:538} INFO - Filling up the DagBag from /opt/airflow/dags/weekly_summary_pipeline.py
[2026-04-06T07:18:37.257+0000] {processor.py:840} INFO - DAG(s) 'weekly_summary_pipeline' retrieved from /opt/airflow/dags/weekly_summary_pipeline.py
[2026-04-06T07:18:37.340+0000] {logging_mixin.py:188} INFO - [2026-04-06T07:18:37.339+0000] {dag.py:3036} INFO - Sync 1 DAGs
[2026-04-06T07:18:37.378+0000] {logging_mixin.py:188} INFO - [2026-04-06T07:18:37.377+0000] {dag.py:3823} INFO - Setting next_dagrun for weekly_summary_pipeline to 2026-04-06 06:00:00+00:00, run_after=2026-04-13 06:00:00+00:00
[2026-04-06T07:18:37.454+0000] {processor.py:183} INFO - Processing /opt/airflow/dags/weekly_summary_pipeline.py took 0.300 seconds
[2026-04-06T07:19:08.238+0000] {processor.py:161} INFO - Started process (PID=2872) to work on /opt/airflow/dags/weekly_summary_pipeline.py
[2026-04-06T07:19:08.242+0000] {processor.py:830} INFO - Processing file /opt/airflow/dags/weekly_summary_pipeline.py for tasks to queue
[2026-04-06T07:19:08.246+0000] {logging_mixin.py:188} INFO - [2026-04-06T07:19:08.244+0000] {dagbag.py:538} INFO - Filling up the DagBag from /opt/airflow/dags/weekly_summary_pipeline.py
[2026-04-06T07:19:08.334+0000] {processor.py:840} INFO - DAG(s) 'weekly_summary_pipeline' retrieved from /opt/airflow/dags/weekly_summary_pipeline.py
[2026-04-06T07:19:08.410+0000] {logging_mixin.py:188} INFO - [2026-04-06T07:19:08.409+0000] {dag.py:3036} INFO - Sync 1 DAGs
[2026-04-06T07:19:08.467+0000] {logging_mixin.py:188} INFO - [2026-04-06T07:19:08.467+0000] {dag.py:3823} INFO - Setting next_dagrun for weekly_summary_pipeline to 2026-04-06 06:00:00+00:00, run_after=2026-04-13 06:00:00+00:00
[2026-04-06T07:19:08.550+0000] {processor.py:183} INFO - Processing /opt/airflow/dags/weekly_summary_pipeline.py took 0.321 seconds
[2026-04-06T07:19:38.925+0000] {processor.py:161} INFO - Started process (PID=2895) to work on /opt/airflow/dags/weekly_summary_pipeline.py
[2026-04-06T07:19:38.928+0000] {processor.py:830} INFO - Processing file /opt/airflow/dags/weekly_summary_pipeline.py for tasks to queue
[2026-04-06T07:19:38.930+0000] {logging_mixin.py:188} INFO - [2026-04-06T07:19:38.930+0000] {dagbag.py:538} INFO - Filling up the DagBag from /opt/airflow/dags/weekly_summary_pipeline.py
[2026-04-06T07:19:39.011+0000] {processor.py:840} INFO - DAG(s) 'weekly_summary_pipeline' retrieved from /opt/airflow/dags/weekly_summary_pipeline.py
[2026-04-06T07:19:39.074+0000] {logging_mixin.py:188} INFO - [2026-04-06T07:19:39.073+0000] {dag.py:3036} INFO - Sync 1 DAGs
[2026-04-06T07:19:39.137+0000] {logging_mixin.py:188} INFO - [2026-04-06T07:19:39.136+0000] {dag.py:3823} INFO - Setting next_dagrun for weekly_summary_pipeline to 2026-04-06 06:00:00+00:00, run_after=2026-04-13 06:00:00+00:00
[2026-04-06T07:19:39.208+0000] {processor.py:183} INFO - Processing /opt/airflow/dags/weekly_summary_pipeline.py took 0.291 seconds
[2026-04-06T07:20:10.060+0000] {processor.py:161} INFO - Started process (PID=2918) to work on /opt/airflow/dags/weekly_summary_pipeline.py
[2026-04-06T07:20:10.063+0000] {processor.py:830} INFO - Processing file /opt/airflow/dags/weekly_summary_pipeline.py for tasks to queue
[2026-04-06T07:20:10.066+0000] {logging_mixin.py:188} INFO - [2026-04-06T07:20:10.065+0000] {dagbag.py:538} INFO - Filling up the DagBag from /opt/airflow/dags/weekly_summary_pipeline.py
[2026-04-06T07:20:10.168+0000] {processor.py:840} INFO - DAG(s) 'weekly_summary_pipeline' retrieved from /opt/airflow/dags/weekly_summary_pipeline.py
[2026-04-06T07:20:10.274+0000] {logging_mixin.py:188} INFO - [2026-04-06T07:20:10.274+0000] {dag.py:3036} INFO - Sync 1 DAGs
[2026-04-06T07:20:10.338+0000] {logging_mixin.py:188} INFO - [2026-04-06T07:20:10.337+0000] {dag.py:3823} INFO - Setting next_dagrun for weekly_summary_pipeline to 2026-04-06 06:00:00+00:00, run_after=2026-04-13 06:00:00+00:00
[2026-04-06T07:20:10.387+0000] {processor.py:183} INFO - Processing /opt/airflow/dags/weekly_summary_pipeline.py took 0.335 seconds
[2026-04-06T07:20:41.167+0000] {processor.py:161} INFO - Started process (PID=2941) to work on /opt/airflow/dags/weekly_summary_pipeline.py
[2026-04-06T07:20:41.169+0000] {processor.py:830} INFO - Processing file /opt/airflow/dags/weekly_summary_pipeline.py for tasks to queue
[2026-04-06T07:20:41.172+0000] {logging_mixin.py:188} INFO - [2026-04-06T07:20:41.171+0000] {dagbag.py:538} INFO - Filling up the DagBag from /opt/airflow/dags/weekly_summary_pipeline.py
[2026-04-06T07:20:41.293+0000] {processor.py:840} INFO - DAG(s) 'weekly_summary_pipeline' retrieved from /opt/airflow/dags/weekly_summary_pipeline.py
[2026-04-06T07:20:41.369+0000] {logging_mixin.py:188} INFO - [2026-04-06T07:20:41.368+0000] {dag.py:3036} INFO - Sync 1 DAGs
[2026-04-06T07:20:41.421+0000] {logging_mixin.py:188} INFO - [2026-04-06T07:20:41.420+0000] {dag.py:3823} INFO - Setting next_dagrun for weekly_summary_pipeline to 2026-04-06 06:00:00+00:00, run_after=2026-04-13 06:00:00+00:00
[2026-04-06T07:20:41.483+0000] {processor.py:183} INFO - Processing /opt/airflow/dags/weekly_summary_pipeline.py took 0.323 seconds
[2026-04-06T07:21:12.236+0000] {processor.py:161} INFO - Started process (PID=2964) to work on /opt/airflow/dags/weekly_summary_pipeline.py
[2026-04-06T07:21:12.240+0000] {processor.py:830} INFO - Processing file /opt/airflow/dags/weekly_summary_pipeline.py for tasks to queue
[2026-04-06T07:21:12.279+0000] {logging_mixin.py:188} INFO - [2026-04-06T07:21:12.244+0000] {dagbag.py:538} INFO - Filling up the DagBag from /opt/airflow/dags/weekly_summary_pipeline.py
[2026-04-06T07:21:12.356+0000] {processor.py:840} INFO - DAG(s) 'weekly_summary_pipeline' retrieved from /opt/airflow/dags/weekly_summary_pipeline.py
[2026-04-06T07:21:12.408+0000] {logging_mixin.py:188} INFO - [2026-04-06T07:21:12.407+0000] {dag.py:3036} INFO - Sync 1 DAGs
[2026-04-06T07:21:12.451+0000] {logging_mixin.py:188} INFO - [2026-04-06T07:21:12.451+0000] {dag.py:3823} INFO - Setting next_dagrun for weekly_summary_pipeline to 2026-04-06 06:00:00+00:00, run_after=2026-04-13 06:00:00+00:00
[2026-04-06T07:21:12.516+0000] {processor.py:183} INFO - Processing /opt/airflow/dags/weekly_summary_pipeline.py took 0.289 seconds
[2026-04-06T07:21:43.382+0000] {processor.py:161} INFO - Started process (PID=2987) to work on /opt/airflow/dags/weekly_summary_pipeline.py
[2026-04-06T07:21:43.386+0000] {processor.py:830} INFO - Processing file /opt/airflow/dags/weekly_summary_pipeline.py for tasks to queue
[2026-04-06T07:21:43.388+0000] {logging_mixin.py:188} INFO - [2026-04-06T07:21:43.388+0000] {dagbag.py:538} INFO - Filling up the DagBag from /opt/airflow/dags/weekly_summary_pipeline.py
[2026-04-06T07:21:43.484+0000] {processor.py:840} INFO - DAG(s) 'weekly_summary_pipeline' retrieved from /opt/airflow/dags/weekly_summary_pipeline.py
[2026-04-06T07:21:43.567+0000] {logging_mixin.py:188} INFO - [2026-04-06T07:21:43.566+0000] {dag.py:3036} INFO - Sync 1 DAGs
[2026-04-06T07:21:43.624+0000] {logging_mixin.py:188} INFO - [2026-04-06T07:21:43.623+0000] {dag.py:3823} INFO - Setting next_dagrun for weekly_summary_pipeline to 2026-04-06 06:00:00+00:00, run_after=2026-04-13 06:00:00+00:00
[2026-04-06T07:21:43.691+0000] {processor.py:183} INFO - Processing /opt/airflow/dags/weekly_summary_pipeline.py took 0.315 seconds
[2026-04-06T07:22:14.799+0000] {processor.py:161} INFO - Started process (PID=3010) to work on /opt/airflow/dags/weekly_summary_pipeline.py
[2026-04-06T07:22:14.802+0000] {processor.py:830} INFO - Processing file /opt/airflow/dags/weekly_summary_pipeline.py for tasks to queue
[2026-04-06T07:22:14.805+0000] {logging_mixin.py:188} INFO - [2026-04-06T07:22:14.804+0000] {dagbag.py:538} INFO - Filling up the DagBag from /opt/airflow/dags/weekly_summary_pipeline.py
[2026-04-06T07:22:14.888+0000] {processor.py:840} INFO - DAG(s) 'weekly_summary_pipeline' retrieved from /opt/airflow/dags/weekly_summary_pipeline.py
[2026-04-06T07:22:14.951+0000] {logging_mixin.py:188} INFO - [2026-04-06T07:22:14.951+0000] {dag.py:3036} INFO - Sync 1 DAGs
[2026-04-06T07:22:15.003+0000] {logging_mixin.py:188} INFO - [2026-04-06T07:22:15.003+0000] {dag.py:3823} INFO - Setting next_dagrun for weekly_summary_pipeline to 2026-04-06 06:00:00+00:00, run_after=2026-04-13 06:00:00+00:00
[2026-04-06T07:22:15.317+0000] {processor.py:183} INFO - Processing /opt/airflow/dags/weekly_summary_pipeline.py took 0.526 seconds
[2026-04-06T07:22:45.953+0000] {processor.py:161} INFO - Started process (PID=3033) to work on /opt/airflow/dags/weekly_summary_pipeline.py
[2026-04-06T07:22:45.954+0000] {processor.py:830} INFO - Processing file /opt/airflow/dags/weekly_summary_pipeline.py for tasks to queue
[2026-04-06T07:22:45.956+0000] {logging_mixin.py:188} INFO - [2026-04-06T07:22:45.956+0000] {dagbag.py:538} INFO - Filling up the DagBag from /opt/airflow/dags/weekly_summary_pipeline.py
[2026-04-06T07:22:46.014+0000] {processor.py:840} INFO - DAG(s) 'weekly_summary_pipeline' retrieved from /opt/airflow/dags/weekly_summary_pipeline.py
[2026-04-06T07:22:46.089+0000] {logging_mixin.py:188} INFO - [2026-04-06T07:22:46.088+0000] {dag.py:3036} INFO - Sync 1 DAGs
[2026-04-06T07:22:46.137+0000] {logging_mixin.py:188} INFO - [2026-04-06T07:22:46.137+0000] {dag.py:3823} INFO - Setting next_dagrun for weekly_summary_pipeline to 2026-04-06 06:00:00+00:00, run_after=2026-04-13 06:00:00+00:00
[2026-04-06T07:22:46.171+0000] {processor.py:183} INFO - Processing /opt/airflow/dags/weekly_summary_pipeline.py took 0.225 seconds
[2026-04-06T07:23:16.838+0000] {processor.py:161} INFO - Started process (PID=3056) to work on /opt/airflow/dags/weekly_summary_pipeline.py
[2026-04-06T07:23:16.842+0000] {processor.py:830} INFO - Processing file /opt/airflow/dags/weekly_summary_pipeline.py for tasks to queue
[2026-04-06T07:23:16.845+0000] {logging_mixin.py:188} INFO - [2026-04-06T07:23:16.844+0000] {dagbag.py:538} INFO - Filling up the DagBag from /opt/airflow/dags/weekly_summary_pipeline.py
[2026-04-06T07:23:16.925+0000] {processor.py:840} INFO - DAG(s) 'weekly_summary_pipeline' retrieved from /opt/airflow/dags/weekly_summary_pipeline.py
[2026-04-06T07:23:17.010+0000] {logging_mixin.py:188} INFO - [2026-04-06T07:23:17.010+0000] {dag.py:3036} INFO - Sync 1 DAGs
[2026-04-06T07:23:17.158+0000] {logging_mixin.py:188} INFO - [2026-04-06T07:23:17.155+0000] {dag.py:3823} INFO - Setting next_dagrun for weekly_summary_pipeline to 2026-04-06 06:00:00+00:00, run_after=2026-04-13 06:00:00+00:00
[2026-04-06T07:23:17.267+0000] {processor.py:183} INFO - Processing /opt/airflow/dags/weekly_summary_pipeline.py took 0.439 seconds
[2026-04-06T07:23:47.737+0000] {processor.py:161} INFO - Started process (PID=3079) to work on /opt/airflow/dags/weekly_summary_pipeline.py
[2026-04-06T07:23:47.739+0000] {processor.py:830} INFO - Processing file /opt/airflow/dags/weekly_summary_pipeline.py for tasks to queue
[2026-04-06T07:23:47.741+0000] {logging_mixin.py:188} INFO - [2026-04-06T07:23:47.741+0000] {dagbag.py:538} INFO - Filling up the DagBag from /opt/airflow/dags/weekly_summary_pipeline.py
[2026-04-06T07:23:47.819+0000] {processor.py:840} INFO - DAG(s) 'weekly_summary_pipeline' retrieved from /opt/airflow/dags/weekly_summary_pipeline.py
[2026-04-06T07:23:47.893+0000] {logging_mixin.py:188} INFO - [2026-04-06T07:23:47.892+0000] {dag.py:3036} INFO - Sync 1 DAGs
[2026-04-06T07:23:47.950+0000] {logging_mixin.py:188} INFO - [2026-04-06T07:23:47.950+0000] {dag.py:3823} INFO - Setting next_dagrun for weekly_summary_pipeline to 2026-04-06 06:00:00+00:00, run_after=2026-04-13 06:00:00+00:00
[2026-04-06T07:23:48.008+0000] {processor.py:183} INFO - Processing /opt/airflow/dags/weekly_summary_pipeline.py took 0.277 seconds
[2026-04-06T07:24:18.753+0000] {processor.py:161} INFO - Started process (PID=3094) to work on /opt/airflow/dags/weekly_summary_pipeline.py
[2026-04-06T07:24:18.787+0000] {processor.py:830} INFO - Processing file /opt/airflow/dags/weekly_summary_pipeline.py for tasks to queue
[2026-04-06T07:24:18.789+0000] {logging_mixin.py:188} INFO - [2026-04-06T07:24:18.788+0000] {dagbag.py:538} INFO - Filling up the DagBag from /opt/airflow/dags/weekly_summary_pipeline.py
[2026-04-06T07:24:18.879+0000] {processor.py:840} INFO - DAG(s) 'weekly_summary_pipeline' retrieved from /opt/airflow/dags/weekly_summary_pipeline.py
[2026-04-06T07:24:18.935+0000] {logging_mixin.py:188} INFO - [2026-04-06T07:24:18.935+0000] {dag.py:3036} INFO - Sync 1 DAGs
[2026-04-06T07:24:18.971+0000] {logging_mixin.py:188} INFO - [2026-04-06T07:24:18.971+0000] {dag.py:3823} INFO - Setting next_dagrun for weekly_summary_pipeline to 2026-04-06 06:00:00+00:00, run_after=2026-04-13 06:00:00+00:00
[2026-04-06T07:24:19.043+0000] {processor.py:183} INFO - Processing /opt/airflow/dags/weekly_summary_pipeline.py took 0.298 seconds
[2026-04-06T07:24:49.753+0000] {processor.py:161} INFO - Started process (PID=3117) to work on /opt/airflow/dags/weekly_summary_pipeline.py
[2026-04-06T07:24:49.757+0000] {processor.py:830} INFO - Processing file /opt/airflow/dags/weekly_summary_pipeline.py for tasks to queue
[2026-04-06T07:24:49.761+0000] {logging_mixin.py:188} INFO - [2026-04-06T07:24:49.760+0000] {dagbag.py:538} INFO - Filling up the DagBag from /opt/airflow/dags/weekly_summary_pipeline.py
[2026-04-06T07:24:49.822+0000] {processor.py:840} INFO - DAG(s) 'weekly_summary_pipeline' retrieved from /opt/airflow/dags/weekly_summary_pipeline.py
[2026-04-06T07:24:49.883+0000] {logging_mixin.py:188} INFO - [2026-04-06T07:24:49.883+0000] {dag.py:3036} INFO - Sync 1 DAGs
[2026-04-06T07:24:49.931+0000] {logging_mixin.py:188} INFO - [2026-04-06T07:24:49.931+0000] {dag.py:3823} INFO - Setting next_dagrun for weekly_summary_pipeline to 2026-04-06 06:00:00+00:00, run_after=2026-04-13 06:00:00+00:00
[2026-04-06T07:24:49.966+0000] {processor.py:183} INFO - Processing /opt/airflow/dags/weekly_summary_pipeline.py took 0.225 seconds
[2026-04-06T07:25:20.600+0000] {processor.py:161} INFO - Started process (PID=3140) to work on /opt/airflow/dags/weekly_summary_pipeline.py
[2026-04-06T07:25:20.602+0000] {processor.py:830} INFO - Processing file /opt/airflow/dags/weekly_summary_pipeline.py for tasks to queue
[2026-04-06T07:25:20.605+0000] {logging_mixin.py:188} INFO - [2026-04-06T07:25:20.604+0000] {dagbag.py:538} INFO - Filling up the DagBag from /opt/airflow/dags/weekly_summary_pipeline.py
[2026-04-06T07:25:20.690+0000] {processor.py:840} INFO - DAG(s) 'weekly_summary_pipeline' retrieved from /opt/airflow/dags/weekly_summary_pipeline.py
[2026-04-06T07:25:20.747+0000] {logging_mixin.py:188} INFO - [2026-04-06T07:25:20.746+0000] {dag.py:3036} INFO - Sync 1 DAGs
[2026-04-06T07:25:20.789+0000] {logging_mixin.py:188} INFO - [2026-04-06T07:25:20.789+0000] {dag.py:3823} INFO - Setting next_dagrun for weekly_summary_pipeline to 2026-04-06 06:00:00+00:00, run_after=2026-04-13 06:00:00+00:00
[2026-04-06T07:25:20.820+0000] {processor.py:183} INFO - Processing /opt/airflow/dags/weekly_summary_pipeline.py took 0.226 seconds
[2026-04-06T07:25:51.184+0000] {processor.py:161} INFO - Started process (PID=3164) to work on /opt/airflow/dags/weekly_summary_pipeline.py
[2026-04-06T07:25:51.188+0000] {processor.py:830} INFO - Processing file /opt/airflow/dags/weekly_summary_pipeline.py for tasks to queue
[2026-04-06T07:25:51.196+0000] {logging_mixin.py:188} INFO - [2026-04-06T07:25:51.195+0000] {dagbag.py:538} INFO - Filling up the DagBag from /opt/airflow/dags/weekly_summary_pipeline.py
[2026-04-06T07:25:51.242+0000] {processor.py:840} INFO - DAG(s) 'weekly_summary_pipeline' retrieved from /opt/airflow/dags/weekly_summary_pipeline.py
[2026-04-06T07:25:51.297+0000] {logging_mixin.py:188} INFO - [2026-04-06T07:25:51.297+0000] {dag.py:3036} INFO - Sync 1 DAGs
[2026-04-06T07:25:51.339+0000] {logging_mixin.py:188} INFO - [2026-04-06T07:25:51.339+0000] {dag.py:3823} INFO - Setting next_dagrun for weekly_summary_pipeline to 2026-04-06 06:00:00+00:00, run_after=2026-04-13 06:00:00+00:00
[2026-04-06T07:25:51.379+0000] {processor.py:183} INFO - Processing /opt/airflow/dags/weekly_summary_pipeline.py took 0.211 seconds
[2026-04-06T07:26:22.220+0000] {processor.py:161} INFO - Started process (PID=3187) to work on /opt/airflow/dags/weekly_summary_pipeline.py
[2026-04-06T07:26:22.223+0000] {processor.py:830} INFO - Processing file /opt/airflow/dags/weekly_summary_pipeline.py for tasks to queue
[2026-04-06T07:26:22.226+0000] {logging_mixin.py:188} INFO - [2026-04-06T07:26:22.225+0000] {dagbag.py:538} INFO - Filling up the DagBag from /opt/airflow/dags/weekly_summary_pipeline.py
[2026-04-06T07:26:22.329+0000] {processor.py:840} INFO - DAG(s) 'weekly_summary_pipeline' retrieved from /opt/airflow/dags/weekly_summary_pipeline.py
[2026-04-06T07:26:22.378+0000] {logging_mixin.py:188} INFO - [2026-04-06T07:26:22.377+0000] {dag.py:3036} INFO - Sync 1 DAGs
[2026-04-06T07:26:22.415+0000] {logging_mixin.py:188} INFO - [2026-04-06T07:26:22.415+0000] {dag.py:3823} INFO - Setting next_dagrun for weekly_summary_pipeline to 2026-04-06 06:00:00+00:00, run_after=2026-04-13 06:00:00+00:00
[2026-04-06T07:26:22.447+0000] {processor.py:183} INFO - Processing /opt/airflow/dags/weekly_summary_pipeline.py took 0.237 seconds
[2026-04-06T07:26:53.206+0000] {processor.py:161} INFO - Started process (PID=3209) to work on /opt/airflow/dags/weekly_summary_pipeline.py
[2026-04-06T07:26:53.210+0000] {processor.py:830} INFO - Processing file /opt/airflow/dags/weekly_summary_pipeline.py for tasks to queue
[2026-04-06T07:26:53.213+0000] {logging_mixin.py:188} INFO - [2026-04-06T07:26:53.212+0000] {dagbag.py:538} INFO - Filling up the DagBag from /opt/airflow/dags/weekly_summary_pipeline.py
[2026-04-06T07:26:53.300+0000] {processor.py:840} INFO - DAG(s) 'weekly_summary_pipeline' retrieved from /opt/airflow/dags/weekly_summary_pipeline.py
[2026-04-06T07:26:53.365+0000] {logging_mixin.py:188} INFO - [2026-04-06T07:26:53.365+0000] {dag.py:3036} INFO - Sync 1 DAGs
[2026-04-06T07:26:53.409+0000] {logging_mixin.py:188} INFO - [2026-04-06T07:26:53.409+0000] {dag.py:3823} INFO - Setting next_dagrun for weekly_summary_pipeline to 2026-04-06 06:00:00+00:00, run_after=2026-04-13 06:00:00+00:00
[2026-04-06T07:26:53.450+0000] {processor.py:183} INFO - Processing /opt/airflow/dags/weekly_summary_pipeline.py took 0.250 seconds
[2026-04-06T07:27:24.367+0000] {processor.py:161} INFO - Started process (PID=3232) to work on /opt/airflow/dags/weekly_summary_pipeline.py
[2026-04-06T07:27:24.369+0000] {processor.py:830} INFO - Processing file /opt/airflow/dags/weekly_summary_pipeline.py for tasks to queue
[2026-04-06T07:27:24.374+0000] {logging_mixin.py:188} INFO - [2026-04-06T07:27:24.372+0000] {dagbag.py:538} INFO - Filling up the DagBag from /opt/airflow/dags/weekly_summary_pipeline.py
[2026-04-06T07:27:24.431+0000] {processor.py:840} INFO - DAG(s) 'weekly_summary_pipeline' retrieved from /opt/airflow/dags/weekly_summary_pipeline.py
[2026-04-06T07:27:24.491+0000] {logging_mixin.py:188} INFO - [2026-04-06T07:27:24.491+0000] {dag.py:3036} INFO - Sync 1 DAGs
[2026-04-06T07:27:24.541+0000] {logging_mixin.py:188} INFO - [2026-04-06T07:27:24.541+0000] {dag.py:3823} INFO - Setting next_dagrun for weekly_summary_pipeline to 2026-04-06 06:00:00+00:00, run_after=2026-04-13 06:00:00+00:00
[2026-04-06T07:27:24.576+0000] {processor.py:183} INFO - Processing /opt/airflow/dags/weekly_summary_pipeline.py took 0.221 seconds
[2026-04-06T07:27:55.366+0000] {processor.py:161} INFO - Started process (PID=3255) to work on /opt/airflow/dags/weekly_summary_pipeline.py
[2026-04-06T07:27:55.368+0000] {processor.py:830} INFO - Processing file /opt/airflow/dags/weekly_summary_pipeline.py for tasks to queue
[2026-04-06T07:27:55.371+0000] {logging_mixin.py:188} INFO - [2026-04-06T07:27:55.371+0000] {dagbag.py:538} INFO - Filling up the DagBag from /opt/airflow/dags/weekly_summary_pipeline.py
[2026-04-06T07:27:55.429+0000] {processor.py:840} INFO - DAG(s) 'weekly_summary_pipeline' retrieved from /opt/airflow/dags/weekly_summary_pipeline.py
[2026-04-06T07:27:55.493+0000] {logging_mixin.py:188} INFO - [2026-04-06T07:27:55.492+0000] {dag.py:3036} INFO - Sync 1 DAGs
[2026-04-06T07:27:55.530+0000] {logging_mixin.py:188} INFO - [2026-04-06T07:27:55.530+0000] {dag.py:3823} INFO - Setting next_dagrun for weekly_summary_pipeline to 2026-04-06 06:00:00+00:00, run_after=2026-04-13 06:00:00+00:00
[2026-04-06T07:27:55.567+0000] {processor.py:183} INFO - Processing /opt/airflow/dags/weekly_summary_pipeline.py took 0.211 seconds
[2026-04-06T07:28:26.184+0000] {processor.py:161} INFO - Started process (PID=3278) to work on /opt/airflow/dags/weekly_summary_pipeline.py
[2026-04-06T07:28:26.186+0000] {processor.py:830} INFO - Processing file /opt/airflow/dags/weekly_summary_pipeline.py for tasks to queue
[2026-04-06T07:28:26.188+0000] {logging_mixin.py:188} INFO - [2026-04-06T07:28:26.187+0000] {dagbag.py:538} INFO - Filling up the DagBag from /opt/airflow/dags/weekly_summary_pipeline.py
[2026-04-06T07:28:26.231+0000] {processor.py:840} INFO - DAG(s) 'weekly_summary_pipeline' retrieved from /opt/airflow/dags/weekly_summary_pipeline.py
[2026-04-06T07:28:26.277+0000] {logging_mixin.py:188} INFO - [2026-04-06T07:28:26.277+0000] {dag.py:3036} INFO - Sync 1 DAGs
[2026-04-06T07:28:26.311+0000] {logging_mixin.py:188} INFO - [2026-04-06T07:28:26.311+0000] {dag.py:3823} INFO - Setting next_dagrun for weekly_summary_pipeline to 2026-04-06 06:00:00+00:00, run_after=2026-04-13 06:00:00+00:00
[2026-04-06T07:28:26.391+0000] {processor.py:183} INFO - Processing /opt/airflow/dags/weekly_summary_pipeline.py took 0.213 seconds
[2026-04-06T07:28:57.079+0000] {processor.py:161} INFO - Started process (PID=3301) to work on /opt/airflow/dags/weekly_summary_pipeline.py
[2026-04-06T07:28:57.082+0000] {processor.py:830} INFO - Processing file /opt/airflow/dags/weekly_summary_pipeline.py for tasks to queue
[2026-04-06T07:28:57.085+0000] {logging_mixin.py:188} INFO - [2026-04-06T07:28:57.084+0000] {dagbag.py:538} INFO - Filling up the DagBag from /opt/airflow/dags/weekly_summary_pipeline.py
[2026-04-06T07:28:57.147+0000] {processor.py:840} INFO - DAG(s) 'weekly_summary_pipeline' retrieved from /opt/airflow/dags/weekly_summary_pipeline.py
[2026-04-06T07:28:57.257+0000] {logging_mixin.py:188} INFO - [2026-04-06T07:28:57.257+0000] {dag.py:3036} INFO - Sync 1 DAGs
[2026-04-06T07:28:57.299+0000] {logging_mixin.py:188} INFO - [2026-04-06T07:28:57.299+0000] {dag.py:3823} INFO - Setting next_dagrun for weekly_summary_pipeline to 2026-04-06 06:00:00+00:00, run_after=2026-04-13 06:00:00+00:00
[2026-04-06T07:28:57.394+0000] {processor.py:183} INFO - Processing /opt/airflow/dags/weekly_summary_pipeline.py took 0.324 seconds
[2026-04-06T07:29:27.825+0000] {processor.py:161} INFO - Started process (PID=3324) to work on /opt/airflow/dags/weekly_summary_pipeline.py
[2026-04-06T07:29:27.828+0000] {processor.py:830} INFO - Processing file /opt/airflow/dags/weekly_summary_pipeline.py for tasks to queue
[2026-04-06T07:29:27.830+0000] {logging_mixin.py:188} INFO - [2026-04-06T07:29:27.829+0000] {dagbag.py:538} INFO - Filling up the DagBag from /opt/airflow/dags/weekly_summary_pipeline.py
[2026-04-06T07:29:27.882+0000] {processor.py:840} INFO - DAG(s) 'weekly_summary_pipeline' retrieved from /opt/airflow/dags/weekly_summary_pipeline.py
[2026-04-06T07:29:27.931+0000] {logging_mixin.py:188} INFO - [2026-04-06T07:29:27.931+0000] {dag.py:3036} INFO - Sync 1 DAGs
[2026-04-06T07:29:27.970+0000] {logging_mixin.py:188} INFO - [2026-04-06T07:29:27.970+0000] {dag.py:3823} INFO - Setting next_dagrun for weekly_summary_pipeline to 2026-04-06 06:00:00+00:00, run_after=2026-04-13 06:00:00+00:00
[2026-04-06T07:29:28.007+0000] {processor.py:183} INFO - Processing /opt/airflow/dags/weekly_summary_pipeline.py took 0.187 seconds
[2026-04-06T07:29:58.675+0000] {processor.py:161} INFO - Started process (PID=3347) to work on /opt/airflow/dags/weekly_summary_pipeline.py
[2026-04-06T07:29:58.677+0000] {processor.py:830} INFO - Processing file /opt/airflow/dags/weekly_summary_pipeline.py for tasks to queue
[2026-04-06T07:29:58.680+0000] {logging_mixin.py:188} INFO - [2026-04-06T07:29:58.679+0000] {dagbag.py:538} INFO - Filling up the DagBag from /opt/airflow/dags/weekly_summary_pipeline.py
[2026-04-06T07:29:58.743+0000] {processor.py:840} INFO - DAG(s) 'weekly_summary_pipeline' retrieved from /opt/airflow/dags/weekly_summary_pipeline.py
[2026-04-06T07:29:58.801+0000] {logging_mixin.py:188} INFO - [2026-04-06T07:29:58.801+0000] {dag.py:3036} INFO - Sync 1 DAGs
[2026-04-06T07:29:58.890+0000] {logging_mixin.py:188} INFO - [2026-04-06T07:29:58.889+0000] {dag.py:3823} INFO - Setting next_dagrun for weekly_summary_pipeline to 2026-04-06 06:00:00+00:00, run_after=2026-04-13 06:00:00+00:00
[2026-04-06T07:29:58.928+0000] {processor.py:183} INFO - Processing /opt/airflow/dags/weekly_summary_pipeline.py took 0.260 seconds
[2026-04-06T07:30:29.683+0000] {processor.py:161} INFO - Started process (PID=3370) to work on /opt/airflow/dags/weekly_summary_pipeline.py
[2026-04-06T07:30:29.685+0000] {processor.py:830} INFO - Processing file /opt/airflow/dags/weekly_summary_pipeline.py for tasks to queue
[2026-04-06T07:30:29.687+0000] {logging_mixin.py:188} INFO - [2026-04-06T07:30:29.686+0000] {dagbag.py:538} INFO - Filling up the DagBag from /opt/airflow/dags/weekly_summary_pipeline.py
[2026-04-06T07:30:29.737+0000] {processor.py:840} INFO - DAG(s) 'weekly_summary_pipeline' retrieved from /opt/airflow/dags/weekly_summary_pipeline.py
[2026-04-06T07:30:29.793+0000] {logging_mixin.py:188} INFO - [2026-04-06T07:30:29.792+0000] {dag.py:3036} INFO - Sync 1 DAGs
[2026-04-06T07:30:29.831+0000] {logging_mixin.py:188} INFO - [2026-04-06T07:30:29.831+0000] {dag.py:3823} INFO - Setting next_dagrun for weekly_summary_pipeline to 2026-04-06 06:00:00+00:00, run_after=2026-04-13 06:00:00+00:00
[2026-04-06T07:30:29.871+0000] {processor.py:183} INFO - Processing /opt/airflow/dags/weekly_summary_pipeline.py took 0.194 seconds
[2026-04-06T07:31:00.618+0000] {processor.py:161} INFO - Started process (PID=3385) to work on /opt/airflow/dags/weekly_summary_pipeline.py
[2026-04-06T07:31:00.622+0000] {processor.py:830} INFO - Processing file /opt/airflow/dags/weekly_summary_pipeline.py for tasks to queue
[2026-04-06T07:31:00.625+0000] {logging_mixin.py:188} INFO - [2026-04-06T07:31:00.624+0000] {dagbag.py:538} INFO - Filling up the DagBag from /opt/airflow/dags/weekly_summary_pipeline.py
[2026-04-06T07:31:00.711+0000] {processor.py:840} INFO - DAG(s) 'weekly_summary_pipeline' retrieved from /opt/airflow/dags/weekly_summary_pipeline.py
[2026-04-06T07:31:00.767+0000] {logging_mixin.py:188} INFO - [2026-04-06T07:31:00.767+0000] {dag.py:3036} INFO - Sync 1 DAGs
[2026-04-06T07:31:00.815+0000] {logging_mixin.py:188} INFO - [2026-04-06T07:31:00.815+0000] {dag.py:3823} INFO - Setting next_dagrun for weekly_summary_pipeline to 2026-04-06 06:00:00+00:00, run_after=2026-04-13 06:00:00+00:00
[2026-04-06T07:31:00.855+0000] {processor.py:183} INFO - Processing /opt/airflow/dags/weekly_summary_pipeline.py took 0.245 seconds
[2026-04-06T07:31:31.580+0000] {processor.py:161} INFO - Started process (PID=3408) to work on /opt/airflow/dags/weekly_summary_pipeline.py
[2026-04-06T07:31:31.582+0000] {processor.py:830} INFO - Processing file /opt/airflow/dags/weekly_summary_pipeline.py for tasks to queue
[2026-04-06T07:31:31.585+0000] {logging_mixin.py:188} INFO - [2026-04-06T07:31:31.584+0000] {dagbag.py:538} INFO - Filling up the DagBag from /opt/airflow/dags/weekly_summary_pipeline.py
[2026-04-06T07:31:31.651+0000] {processor.py:840} INFO - DAG(s) 'weekly_summary_pipeline' retrieved from /opt/airflow/dags/weekly_summary_pipeline.py
[2026-04-06T07:31:31.708+0000] {logging_mixin.py:188} INFO - [2026-04-06T07:31:31.707+0000] {dag.py:3036} INFO - Sync 1 DAGs
[2026-04-06T07:31:31.762+0000] {logging_mixin.py:188} INFO - [2026-04-06T07:31:31.762+0000] {dag.py:3823} INFO - Setting next_dagrun for weekly_summary_pipeline to 2026-04-06 06:00:00+00:00, run_after=2026-04-13 06:00:00+00:00
[2026-04-06T07:31:31.821+0000] {processor.py:183} INFO - Processing /opt/airflow/dags/weekly_summary_pipeline.py took 0.246 seconds
[2026-04-06T07:32:02.505+0000] {processor.py:161} INFO - Started process (PID=3431) to work on /opt/airflow/dags/weekly_summary_pipeline.py
[2026-04-06T07:32:02.509+0000] {processor.py:830} INFO - Processing file /opt/airflow/dags/weekly_summary_pipeline.py for tasks to queue
[2026-04-06T07:32:02.515+0000] {logging_mixin.py:188} INFO - [2026-04-06T07:32:02.512+0000] {dagbag.py:538} INFO - Filling up the DagBag from /opt/airflow/dags/weekly_summary_pipeline.py
[2026-04-06T07:32:02.661+0000] {processor.py:840} INFO - DAG(s) 'weekly_summary_pipeline' retrieved from /opt/airflow/dags/weekly_summary_pipeline.py
[2026-04-06T07:32:02.734+0000] {logging_mixin.py:188} INFO - [2026-04-06T07:32:02.734+0000] {dag.py:3036} INFO - Sync 1 DAGs
[2026-04-06T07:32:02.793+0000] {logging_mixin.py:188} INFO - [2026-04-06T07:32:02.792+0000] {dag.py:3823} INFO - Setting next_dagrun for weekly_summary_pipeline to 2026-04-06 06:00:00+00:00, run_after=2026-04-13 06:00:00+00:00
[2026-04-06T07:32:02.837+0000] {processor.py:183} INFO - Processing /opt/airflow/dags/weekly_summary_pipeline.py took 0.339 seconds
[2026-04-06T07:32:33.148+0000] {processor.py:161} INFO - Started process (PID=3455) to work on /opt/airflow/dags/weekly_summary_pipeline.py
[2026-04-06T07:32:33.151+0000] {processor.py:830} INFO - Processing file /opt/airflow/dags/weekly_summary_pipeline.py for tasks to queue
[2026-04-06T07:32:33.154+0000] {logging_mixin.py:188} INFO - [2026-04-06T07:32:33.153+0000] {dagbag.py:538} INFO - Filling up the DagBag from /opt/airflow/dags/weekly_summary_pipeline.py
[2026-04-06T07:32:33.219+0000] {processor.py:840} INFO - DAG(s) 'weekly_summary_pipeline' retrieved from /opt/airflow/dags/weekly_summary_pipeline.py
[2026-04-06T07:32:33.288+0000] {logging_mixin.py:188} INFO - [2026-04-06T07:32:33.288+0000] {dag.py:3036} INFO - Sync 1 DAGs
[2026-04-06T07:32:33.331+0000] {logging_mixin.py:188} INFO - [2026-04-06T07:32:33.330+0000] {dag.py:3823} INFO - Setting next_dagrun for weekly_summary_pipeline to 2026-04-06 06:00:00+00:00, run_after=2026-04-13 06:00:00+00:00
[2026-04-06T07:32:33.368+0000] {processor.py:183} INFO - Processing /opt/airflow/dags/weekly_summary_pipeline.py took 0.225 seconds
[2026-04-06T07:33:03.989+0000] {processor.py:161} INFO - Started process (PID=3478) to work on /opt/airflow/dags/weekly_summary_pipeline.py
[2026-04-06T07:33:03.993+0000] {processor.py:830} INFO - Processing file /opt/airflow/dags/weekly_summary_pipeline.py for tasks to queue
[2026-04-06T07:33:03.996+0000] {logging_mixin.py:188} INFO - [2026-04-06T07:33:03.995+0000] {dagbag.py:538} INFO - Filling up the DagBag from /opt/airflow/dags/weekly_summary_pipeline.py
[2026-04-06T07:33:04.104+0000] {processor.py:840} INFO - DAG(s) 'weekly_summary_pipeline' retrieved from /opt/airflow/dags/weekly_summary_pipeline.py
[2026-04-06T07:33:04.179+0000] {logging_mixin.py:188} INFO - [2026-04-06T07:33:04.179+0000] {dag.py:3036} INFO - Sync 1 DAGs
[2026-04-06T07:33:04.220+0000] {logging_mixin.py:188} INFO - [2026-04-06T07:33:04.220+0000] {dag.py:3823} INFO - Setting next_dagrun for weekly_summary_pipeline to 2026-04-06 06:00:00+00:00, run_after=2026-04-13 06:00:00+00:00
[2026-04-06T07:33:04.277+0000] {processor.py:183} INFO - Processing /opt/airflow/dags/weekly_summary_pipeline.py took 0.303 seconds
[2026-04-06T07:33:34.977+0000] {processor.py:161} INFO - Started process (PID=3503) to work on /opt/airflow/dags/weekly_summary_pipeline.py
[2026-04-06T07:33:34.980+0000] {processor.py:830} INFO - Processing file /opt/airflow/dags/weekly_summary_pipeline.py for tasks to queue
[2026-04-06T07:33:34.988+0000] {logging_mixin.py:188} INFO - [2026-04-06T07:33:34.984+0000] {dagbag.py:538} INFO - Filling up the DagBag from /opt/airflow/dags/weekly_summary_pipeline.py
[2026-04-06T07:33:35.095+0000] {processor.py:840} INFO - DAG(s) 'weekly_summary_pipeline' retrieved from /opt/airflow/dags/weekly_summary_pipeline.py
[2026-04-06T07:33:35.203+0000] {logging_mixin.py:188} INFO - [2026-04-06T07:33:35.202+0000] {dag.py:3036} INFO - Sync 1 DAGs
[2026-04-06T07:33:35.296+0000] {logging_mixin.py:188} INFO - [2026-04-06T07:33:35.295+0000] {dag.py:3823} INFO - Setting next_dagrun for weekly_summary_pipeline to 2026-04-06 06:00:00+00:00, run_after=2026-04-13 06:00:00+00:00
[2026-04-06T07:33:35.352+0000] {processor.py:183} INFO - Processing /opt/airflow/dags/weekly_summary_pipeline.py took 0.387 seconds
[2026-04-06T07:34:05.533+0000] {processor.py:161} INFO - Started process (PID=3526) to work on /opt/airflow/dags/weekly_summary_pipeline.py
[2026-04-06T07:34:05.535+0000] {processor.py:830} INFO - Processing file /opt/airflow/dags/weekly_summary_pipeline.py for tasks to queue
[2026-04-06T07:34:05.537+0000] {logging_mixin.py:188} INFO - [2026-04-06T07:34:05.537+0000] {dagbag.py:538} INFO - Filling up the DagBag from /opt/airflow/dags/weekly_summary_pipeline.py
[2026-04-06T07:34:05.615+0000] {processor.py:840} INFO - DAG(s) 'weekly_summary_pipeline' retrieved from /opt/airflow/dags/weekly_summary_pipeline.py
[2026-04-06T07:34:05.690+0000] {logging_mixin.py:188} INFO - [2026-04-06T07:34:05.689+0000] {dag.py:3036} INFO - Sync 1 DAGs
[2026-04-06T07:34:05.740+0000] {logging_mixin.py:188} INFO - [2026-04-06T07:34:05.740+0000] {dag.py:3823} INFO - Setting next_dagrun for weekly_summary_pipeline to 2026-04-06 06:00:00+00:00, run_after=2026-04-13 06:00:00+00:00
[2026-04-06T07:34:05.790+0000] {processor.py:183} INFO - Processing /opt/airflow/dags/weekly_summary_pipeline.py took 0.264 seconds
[2026-04-06T07:34:36.493+0000] {processor.py:161} INFO - Started process (PID=3547) to work on /opt/airflow/dags/weekly_summary_pipeline.py
[2026-04-06T07:34:36.497+0000] {processor.py:830} INFO - Processing file /opt/airflow/dags/weekly_summary_pipeline.py for tasks to queue
[2026-04-06T07:34:36.500+0000] {logging_mixin.py:188} INFO - [2026-04-06T07:34:36.499+0000] {dagbag.py:538} INFO - Filling up the DagBag from /opt/airflow/dags/weekly_summary_pipeline.py
[2026-04-06T07:34:36.579+0000] {processor.py:840} INFO - DAG(s) 'weekly_summary_pipeline' retrieved from /opt/airflow/dags/weekly_summary_pipeline.py
[2026-04-06T07:34:36.636+0000] {logging_mixin.py:188} INFO - [2026-04-06T07:34:36.636+0000] {dag.py:3036} INFO - Sync 1 DAGs
[2026-04-06T07:34:36.686+0000] {logging_mixin.py:188} INFO - [2026-04-06T07:34:36.686+0000] {dag.py:3823} INFO - Setting next_dagrun for weekly_summary_pipeline to 2026-04-06 06:00:00+00:00, run_after=2026-04-13 06:00:00+00:00
[2026-04-06T07:34:36.724+0000] {processor.py:183} INFO - Processing /opt/airflow/dags/weekly_summary_pipeline.py took 0.240 seconds
[2026-04-06T07:35:07.619+0000] {processor.py:161} INFO - Started process (PID=3570) to work on /opt/airflow/dags/weekly_summary_pipeline.py
[2026-04-06T07:35:07.622+0000] {processor.py:830} INFO - Processing file /opt/airflow/dags/weekly_summary_pipeline.py for tasks to queue
[2026-04-06T07:35:07.625+0000] {logging_mixin.py:188} INFO - [2026-04-06T07:35:07.625+0000] {dagbag.py:538} INFO - Filling up the DagBag from /opt/airflow/dags/weekly_summary_pipeline.py
[2026-04-06T07:35:07.713+0000] {processor.py:840} INFO - DAG(s) 'weekly_summary_pipeline' retrieved from /opt/airflow/dags/weekly_summary_pipeline.py
[2026-04-06T07:35:07.795+0000] {logging_mixin.py:188} INFO - [2026-04-06T07:35:07.795+0000] {dag.py:3036} INFO - Sync 1 DAGs
[2026-04-06T07:35:07.858+0000] {logging_mixin.py:188} INFO - [2026-04-06T07:35:07.857+0000] {dag.py:3823} INFO - Setting next_dagrun for weekly_summary_pipeline to 2026-04-06 06:00:00+00:00, run_after=2026-04-13 06:00:00+00:00
[2026-04-06T07:35:07.943+0000] {processor.py:183} INFO - Processing /opt/airflow/dags/weekly_summary_pipeline.py took 0.331 seconds
[2026-04-06T07:35:38.836+0000] {processor.py:161} INFO - Started process (PID=3593) to work on /opt/airflow/dags/weekly_summary_pipeline.py
[2026-04-06T07:35:38.840+0000] {processor.py:830} INFO - Processing file /opt/airflow/dags/weekly_summary_pipeline.py for tasks to queue
[2026-04-06T07:35:38.843+0000] {logging_mixin.py:188} INFO - [2026-04-06T07:35:38.842+0000] {dagbag.py:538} INFO - Filling up the DagBag from /opt/airflow/dags/weekly_summary_pipeline.py
[2026-04-06T07:35:38.916+0000] {processor.py:840} INFO - DAG(s) 'weekly_summary_pipeline' retrieved from /opt/airflow/dags/weekly_summary_pipeline.py
[2026-04-06T07:35:38.997+0000] {logging_mixin.py:188} INFO - [2026-04-06T07:35:38.996+0000] {dag.py:3036} INFO - Sync 1 DAGs
[2026-04-06T07:35:39.045+0000] {logging_mixin.py:188} INFO - [2026-04-06T07:35:39.044+0000] {dag.py:3823} INFO - Setting next_dagrun for weekly_summary_pipeline to 2026-04-06 06:00:00+00:00, run_after=2026-04-13 06:00:00+00:00
[2026-04-06T07:35:39.126+0000] {processor.py:183} INFO - Processing /opt/airflow/dags/weekly_summary_pipeline.py took 0.301 seconds
[2026-04-06T07:36:09.839+0000] {processor.py:161} INFO - Started process (PID=3616) to work on /opt/airflow/dags/weekly_summary_pipeline.py
[2026-04-06T07:36:09.842+0000] {processor.py:830} INFO - Processing file /opt/airflow/dags/weekly_summary_pipeline.py for tasks to queue
[2026-04-06T07:36:09.843+0000] {logging_mixin.py:188} INFO - [2026-04-06T07:36:09.843+0000] {dagbag.py:538} INFO - Filling up the DagBag from /opt/airflow/dags/weekly_summary_pipeline.py
[2026-04-06T07:36:09.888+0000] {processor.py:840} INFO - DAG(s) 'weekly_summary_pipeline' retrieved from /opt/airflow/dags/weekly_summary_pipeline.py
[2026-04-06T07:36:09.937+0000] {logging_mixin.py:188} INFO - [2026-04-06T07:36:09.936+0000] {dag.py:3036} INFO - Sync 1 DAGs
[2026-04-06T07:36:10.010+0000] {logging_mixin.py:188} INFO - [2026-04-06T07:36:10.010+0000] {dag.py:3823} INFO - Setting next_dagrun for weekly_summary_pipeline to 2026-04-06 06:00:00+00:00, run_after=2026-04-13 06:00:00+00:00
[2026-04-06T07:36:10.093+0000] {processor.py:183} INFO - Processing /opt/airflow/dags/weekly_summary_pipeline.py took 0.260 seconds
[2026-04-06T07:36:40.821+0000] {processor.py:161} INFO - Started process (PID=3639) to work on /opt/airflow/dags/weekly_summary_pipeline.py
[2026-04-06T07:36:40.824+0000] {processor.py:830} INFO - Processing file /opt/airflow/dags/weekly_summary_pipeline.py for tasks to queue
[2026-04-06T07:36:40.827+0000] {logging_mixin.py:188} INFO - [2026-04-06T07:36:40.825+0000] {dagbag.py:538} INFO - Filling up the DagBag from /opt/airflow/dags/weekly_summary_pipeline.py
[2026-04-06T07:36:40.885+0000] {processor.py:840} INFO - DAG(s) 'weekly_summary_pipeline' retrieved from /opt/airflow/dags/weekly_summary_pipeline.py
[2026-04-06T07:36:40.946+0000] {logging_mixin.py:188} INFO - [2026-04-06T07:36:40.945+0000] {dag.py:3036} INFO - Sync 1 DAGs
[2026-04-06T07:36:40.988+0000] {logging_mixin.py:188} INFO - [2026-04-06T07:36:40.987+0000] {dag.py:3823} INFO - Setting next_dagrun for weekly_summary_pipeline to 2026-04-06 06:00:00+00:00, run_after=2026-04-13 06:00:00+00:00
[2026-04-06T07:36:41.067+0000] {processor.py:183} INFO - Processing /opt/airflow/dags/weekly_summary_pipeline.py took 0.253 seconds
[2026-04-06T07:37:11.939+0000] {processor.py:161} INFO - Started process (PID=3654) to work on /opt/airflow/dags/weekly_summary_pipeline.py
[2026-04-06T07:37:11.943+0000] {processor.py:830} INFO - Processing file /opt/airflow/dags/weekly_summary_pipeline.py for tasks to queue
[2026-04-06T07:37:11.945+0000] {logging_mixin.py:188} INFO - [2026-04-06T07:37:11.944+0000] {dagbag.py:538} INFO - Filling up the DagBag from /opt/airflow/dags/weekly_summary_pipeline.py
[2026-04-06T07:37:12.000+0000] {processor.py:840} INFO - DAG(s) 'weekly_summary_pipeline' retrieved from /opt/airflow/dags/weekly_summary_pipeline.py
[2026-04-06T07:37:12.058+0000] {logging_mixin.py:188} INFO - [2026-04-06T07:37:12.057+0000] {dag.py:3036} INFO - Sync 1 DAGs
[2026-04-06T07:37:12.105+0000] {logging_mixin.py:188} INFO - [2026-04-06T07:37:12.104+0000] {dag.py:3823} INFO - Setting next_dagrun for weekly_summary_pipeline to 2026-04-06 06:00:00+00:00, run_after=2026-04-13 06:00:00+00:00
[2026-04-06T07:37:12.187+0000] {processor.py:183} INFO - Processing /opt/airflow/dags/weekly_summary_pipeline.py took 0.253 seconds
[2026-04-06T07:37:42.874+0000] {processor.py:161} INFO - Started process (PID=3677) to work on /opt/airflow/dags/weekly_summary_pipeline.py
[2026-04-06T07:37:42.877+0000] {processor.py:830} INFO - Processing file /opt/airflow/dags/weekly_summary_pipeline.py for tasks to queue
[2026-04-06T07:37:42.880+0000] {logging_mixin.py:188} INFO - [2026-04-06T07:37:42.879+0000] {dagbag.py:538} INFO - Filling up the DagBag from /opt/airflow/dags/weekly_summary_pipeline.py
[2026-04-06T07:37:42.943+0000] {processor.py:840} INFO - DAG(s) 'weekly_summary_pipeline' retrieved from /opt/airflow/dags/weekly_summary_pipeline.py
[2026-04-06T07:37:42.993+0000] {logging_mixin.py:188} INFO - [2026-04-06T07:37:42.993+0000] {dag.py:3036} INFO - Sync 1 DAGs
[2026-04-06T07:37:43.033+0000] {logging_mixin.py:188} INFO - [2026-04-06T07:37:43.032+0000] {dag.py:3823} INFO - Setting next_dagrun for weekly_summary_pipeline to 2026-04-06 06:00:00+00:00, run_after=2026-04-13 06:00:00+00:00
[2026-04-06T07:37:43.106+0000] {processor.py:183} INFO - Processing /opt/airflow/dags/weekly_summary_pipeline.py took 0.240 seconds
[2026-04-06T07:38:13.727+0000] {processor.py:161} INFO - Started process (PID=3700) to work on /opt/airflow/dags/weekly_summary_pipeline.py
[2026-04-06T07:38:13.731+0000] {processor.py:830} INFO - Processing file /opt/airflow/dags/weekly_summary_pipeline.py for tasks to queue
[2026-04-06T07:38:13.733+0000] {logging_mixin.py:188} INFO - [2026-04-06T07:38:13.733+0000] {dagbag.py:538} INFO - Filling up the DagBag from /opt/airflow/dags/weekly_summary_pipeline.py
[2026-04-06T07:38:13.812+0000] {processor.py:840} INFO - DAG(s) 'weekly_summary_pipeline' retrieved from /opt/airflow/dags/weekly_summary_pipeline.py
[2026-04-06T07:38:13.878+0000] {logging_mixin.py:188} INFO - [2026-04-06T07:38:13.877+0000] {dag.py:3036} INFO - Sync 1 DAGs
[2026-04-06T07:38:13.952+0000] {logging_mixin.py:188} INFO - [2026-04-06T07:38:13.952+0000] {dag.py:3823} INFO - Setting next_dagrun for weekly_summary_pipeline to 2026-04-06 06:00:00+00:00, run_after=2026-04-13 06:00:00+00:00
[2026-04-06T07:38:14.016+0000] {processor.py:183} INFO - Processing /opt/airflow/dags/weekly_summary_pipeline.py took 0.295 seconds
[2026-04-06T07:38:44.717+0000] {processor.py:161} INFO - Started process (PID=3723) to work on /opt/airflow/dags/weekly_summary_pipeline.py
[2026-04-06T07:38:44.720+0000] {processor.py:830} INFO - Processing file /opt/airflow/dags/weekly_summary_pipeline.py for tasks to queue
[2026-04-06T07:38:44.723+0000] {logging_mixin.py:188} INFO - [2026-04-06T07:38:44.723+0000] {dagbag.py:538} INFO - Filling up the DagBag from /opt/airflow/dags/weekly_summary_pipeline.py
[2026-04-06T07:38:44.823+0000] {processor.py:840} INFO - DAG(s) 'weekly_summary_pipeline' retrieved from /opt/airflow/dags/weekly_summary_pipeline.py
[2026-04-06T07:38:44.902+0000] {logging_mixin.py:188} INFO - [2026-04-06T07:38:44.902+0000] {dag.py:3036} INFO - Sync 1 DAGs
[2026-04-06T07:38:44.952+0000] {logging_mixin.py:188} INFO - [2026-04-06T07:38:44.952+0000] {dag.py:3823} INFO - Setting next_dagrun for weekly_summary_pipeline to 2026-04-06 06:00:00+00:00, run_after=2026-04-13 06:00:00+00:00
[2026-04-06T07:38:44.990+0000] {processor.py:183} INFO - Processing /opt/airflow/dags/weekly_summary_pipeline.py took 0.281 seconds
[2026-04-06T07:39:15.777+0000] {processor.py:161} INFO - Started process (PID=3746) to work on /opt/airflow/dags/weekly_summary_pipeline.py
[2026-04-06T07:39:15.780+0000] {processor.py:830} INFO - Processing file /opt/airflow/dags/weekly_summary_pipeline.py for tasks to queue
[2026-04-06T07:39:15.783+0000] {logging_mixin.py:188} INFO - [2026-04-06T07:39:15.782+0000] {dagbag.py:538} INFO - Filling up the DagBag from /opt/airflow/dags/weekly_summary_pipeline.py
[2026-04-06T07:39:15.860+0000] {processor.py:840} INFO - DAG(s) 'weekly_summary_pipeline' retrieved from /opt/airflow/dags/weekly_summary_pipeline.py
[2026-04-06T07:39:15.922+0000] {logging_mixin.py:188} INFO - [2026-04-06T07:39:15.922+0000] {dag.py:3036} INFO - Sync 1 DAGs
[2026-04-06T07:39:15.968+0000] {logging_mixin.py:188} INFO - [2026-04-06T07:39:15.967+0000] {dag.py:3823} INFO - Setting next_dagrun for weekly_summary_pipeline to 2026-04-06 06:00:00+00:00, run_after=2026-04-13 06:00:00+00:00
[2026-04-06T07:39:16.026+0000] {processor.py:183} INFO - Processing /opt/airflow/dags/weekly_summary_pipeline.py took 0.254 seconds
[2026-04-06T07:39:46.869+0000] {processor.py:161} INFO - Started process (PID=3769) to work on /opt/airflow/dags/weekly_summary_pipeline.py
[2026-04-06T07:39:46.871+0000] {processor.py:830} INFO - Processing file /opt/airflow/dags/weekly_summary_pipeline.py for tasks to queue
[2026-04-06T07:39:46.874+0000] {logging_mixin.py:188} INFO - [2026-04-06T07:39:46.873+0000] {dagbag.py:538} INFO - Filling up the DagBag from /opt/airflow/dags/weekly_summary_pipeline.py
[2026-04-06T07:39:46.959+0000] {processor.py:840} INFO - DAG(s) 'weekly_summary_pipeline' retrieved from /opt/airflow/dags/weekly_summary_pipeline.py
[2026-04-06T07:39:47.025+0000] {logging_mixin.py:188} INFO - [2026-04-06T07:39:47.025+0000] {dag.py:3036} INFO - Sync 1 DAGs
[2026-04-06T07:39:47.081+0000] {logging_mixin.py:188} INFO - [2026-04-06T07:39:47.081+0000] {dag.py:3823} INFO - Setting next_dagrun for weekly_summary_pipeline to 2026-04-06 06:00:00+00:00, run_after=2026-04-13 06:00:00+00:00
[2026-04-06T07:39:47.138+0000] {processor.py:183} INFO - Processing /opt/airflow/dags/weekly_summary_pipeline.py took 0.277 seconds
[2026-04-06T07:40:17.674+0000] {processor.py:161} INFO - Started process (PID=3792) to work on /opt/airflow/dags/weekly_summary_pipeline.py
[2026-04-06T07:40:17.677+0000] {processor.py:830} INFO - Processing file /opt/airflow/dags/weekly_summary_pipeline.py for tasks to queue
[2026-04-06T07:40:17.679+0000] {logging_mixin.py:188} INFO - [2026-04-06T07:40:17.678+0000] {dagbag.py:538} INFO - Filling up the DagBag from /opt/airflow/dags/weekly_summary_pipeline.py
[2026-04-06T07:40:17.735+0000] {processor.py:840} INFO - DAG(s) 'weekly_summary_pipeline' retrieved from /opt/airflow/dags/weekly_summary_pipeline.py
[2026-04-06T07:40:17.782+0000] {logging_mixin.py:188} INFO - [2026-04-06T07:40:17.782+0000] {dag.py:3036} INFO - Sync 1 DAGs
[2026-04-06T07:40:17.817+0000] {logging_mixin.py:188} INFO - [2026-04-06T07:40:17.817+0000] {dag.py:3823} INFO - Setting next_dagrun for weekly_summary_pipeline to 2026-04-06 06:00:00+00:00, run_after=2026-04-13 06:00:00+00:00
[2026-04-06T07:40:17.849+0000] {processor.py:183} INFO - Processing /opt/airflow/dags/weekly_summary_pipeline.py took 0.183 seconds
[2026-04-06T08:55:11.083+0000] {processor.py:161} INFO - Started process (PID=3809) to work on /opt/airflow/dags/weekly_summary_pipeline.py
[2026-04-06T08:55:11.086+0000] {processor.py:830} INFO - Processing file /opt/airflow/dags/weekly_summary_pipeline.py for tasks to queue
[2026-04-06T08:55:11.090+0000] {logging_mixin.py:188} INFO - [2026-04-06T08:55:11.090+0000] {dagbag.py:538} INFO - Filling up the DagBag from /opt/airflow/dags/weekly_summary_pipeline.py
[2026-04-06T08:55:11.204+0000] {processor.py:840} INFO - DAG(s) 'weekly_summary_pipeline' retrieved from /opt/airflow/dags/weekly_summary_pipeline.py
[2026-04-06T08:55:11.251+0000] {logging_mixin.py:188} INFO - [2026-04-06T08:55:11.250+0000] {dag.py:3036} INFO - Sync 1 DAGs
[2026-04-06T08:55:11.295+0000] {logging_mixin.py:188} INFO - [2026-04-06T08:55:11.295+0000] {dag.py:3823} INFO - Setting next_dagrun for weekly_summary_pipeline to 2026-04-06 06:00:00+00:00, run_after=2026-04-13 06:00:00+00:00
[2026-04-06T08:55:11.340+0000] {processor.py:183} INFO - Processing /opt/airflow/dags/weekly_summary_pipeline.py took 0.260 seconds
[2026-04-06T08:55:41.529+0000] {processor.py:161} INFO - Started process (PID=3832) to work on /opt/airflow/dags/weekly_summary_pipeline.py
[2026-04-06T08:55:41.530+0000] {processor.py:830} INFO - Processing file /opt/airflow/dags/weekly_summary_pipeline.py for tasks to queue
[2026-04-06T08:55:41.531+0000] {logging_mixin.py:188} INFO - [2026-04-06T08:55:41.531+0000] {dagbag.py:538} INFO - Filling up the DagBag from /opt/airflow/dags/weekly_summary_pipeline.py
[2026-04-06T08:55:41.558+0000] {processor.py:840} INFO - DAG(s) 'weekly_summary_pipeline' retrieved from /opt/airflow/dags/weekly_summary_pipeline.py
[2026-04-06T08:55:41.592+0000] {logging_mixin.py:188} INFO - [2026-04-06T08:55:41.592+0000] {dag.py:3036} INFO - Sync 1 DAGs
[2026-04-06T08:55:41.623+0000] {logging_mixin.py:188} INFO - [2026-04-06T08:55:41.623+0000] {dag.py:3823} INFO - Setting next_dagrun for weekly_summary_pipeline to 2026-04-06 06:00:00+00:00, run_after=2026-04-13 06:00:00+00:00
[2026-04-06T08:55:41.647+0000] {processor.py:183} INFO - Processing /opt/airflow/dags/weekly_summary_pipeline.py took 0.122 seconds
[2026-04-06T08:56:12.365+0000] {processor.py:161} INFO - Started process (PID=3855) to work on /opt/airflow/dags/weekly_summary_pipeline.py
[2026-04-06T08:56:12.366+0000] {processor.py:830} INFO - Processing file /opt/airflow/dags/weekly_summary_pipeline.py for tasks to queue
[2026-04-06T08:56:12.368+0000] {logging_mixin.py:188} INFO - [2026-04-06T08:56:12.367+0000] {dagbag.py:538} INFO - Filling up the DagBag from /opt/airflow/dags/weekly_summary_pipeline.py
[2026-04-06T08:56:12.391+0000] {processor.py:840} INFO - DAG(s) 'weekly_summary_pipeline' retrieved from /opt/airflow/dags/weekly_summary_pipeline.py
[2026-04-06T08:56:12.425+0000] {logging_mixin.py:188} INFO - [2026-04-06T08:56:12.424+0000] {dag.py:3036} INFO - Sync 1 DAGs
[2026-04-06T08:56:12.451+0000] {logging_mixin.py:188} INFO - [2026-04-06T08:56:12.451+0000] {dag.py:3823} INFO - Setting next_dagrun for weekly_summary_pipeline to 2026-04-06 06:00:00+00:00, run_after=2026-04-13 06:00:00+00:00
[2026-04-06T08:56:12.486+0000] {processor.py:183} INFO - Processing /opt/airflow/dags/weekly_summary_pipeline.py took 0.124 seconds
[2026-04-06T08:56:42.901+0000] {processor.py:161} INFO - Started process (PID=3878) to work on /opt/airflow/dags/weekly_summary_pipeline.py
[2026-04-06T08:56:42.905+0000] {processor.py:830} INFO - Processing file /opt/airflow/dags/weekly_summary_pipeline.py for tasks to queue
[2026-04-06T08:56:42.908+0000] {logging_mixin.py:188} INFO - [2026-04-06T08:56:42.907+0000] {dagbag.py:538} INFO - Filling up the DagBag from /opt/airflow/dags/weekly_summary_pipeline.py
[2026-04-06T08:56:42.954+0000] {processor.py:840} INFO - DAG(s) 'weekly_summary_pipeline' retrieved from /opt/airflow/dags/weekly_summary_pipeline.py
[2026-04-06T08:56:43.014+0000] {logging_mixin.py:188} INFO - [2026-04-06T08:56:43.014+0000] {dag.py:3036} INFO - Sync 1 DAGs
[2026-04-06T08:56:43.050+0000] {logging_mixin.py:188} INFO - [2026-04-06T08:56:43.050+0000] {dag.py:3823} INFO - Setting next_dagrun for weekly_summary_pipeline to 2026-04-06 06:00:00+00:00, run_after=2026-04-13 06:00:00+00:00
[2026-04-06T08:56:43.079+0000] {processor.py:183} INFO - Processing /opt/airflow/dags/weekly_summary_pipeline.py took 0.186 seconds
[2026-04-06T08:57:13.807+0000] {processor.py:161} INFO - Started process (PID=3901) to work on /opt/airflow/dags/weekly_summary_pipeline.py
[2026-04-06T08:57:13.809+0000] {processor.py:830} INFO - Processing file /opt/airflow/dags/weekly_summary_pipeline.py for tasks to queue
[2026-04-06T08:57:13.810+0000] {logging_mixin.py:188} INFO - [2026-04-06T08:57:13.810+0000] {dagbag.py:538} INFO - Filling up the DagBag from /opt/airflow/dags/weekly_summary_pipeline.py
[2026-04-06T08:57:13.854+0000] {processor.py:840} INFO - DAG(s) 'weekly_summary_pipeline' retrieved from /opt/airflow/dags/weekly_summary_pipeline.py
[2026-04-06T08:57:13.904+0000] {logging_mixin.py:188} INFO - [2026-04-06T08:57:13.904+0000] {dag.py:3036} INFO - Sync 1 DAGs
[2026-04-06T08:57:13.946+0000] {logging_mixin.py:188} INFO - [2026-04-06T08:57:13.946+0000] {dag.py:3823} INFO - Setting next_dagrun for weekly_summary_pipeline to 2026-04-06 06:00:00+00:00, run_after=2026-04-13 06:00:00+00:00
[2026-04-06T08:57:13.978+0000] {processor.py:183} INFO - Processing /opt/airflow/dags/weekly_summary_pipeline.py took 0.176 seconds
[2026-04-06T08:57:44.773+0000] {processor.py:161} INFO - Started process (PID=3924) to work on /opt/airflow/dags/weekly_summary_pipeline.py
[2026-04-06T08:57:44.775+0000] {processor.py:830} INFO - Processing file /opt/airflow/dags/weekly_summary_pipeline.py for tasks to queue
[2026-04-06T08:57:44.776+0000] {logging_mixin.py:188} INFO - [2026-04-06T08:57:44.776+0000] {dagbag.py:538} INFO - Filling up the DagBag from /opt/airflow/dags/weekly_summary_pipeline.py
[2026-04-06T08:57:44.814+0000] {processor.py:840} INFO - DAG(s) 'weekly_summary_pipeline' retrieved from /opt/airflow/dags/weekly_summary_pipeline.py
[2026-04-06T08:57:44.847+0000] {logging_mixin.py:188} INFO - [2026-04-06T08:57:44.847+0000] {dag.py:3036} INFO - Sync 1 DAGs
[2026-04-06T08:57:44.876+0000] {logging_mixin.py:188} INFO - [2026-04-06T08:57:44.876+0000] {dag.py:3823} INFO - Setting next_dagrun for weekly_summary_pipeline to 2026-04-06 06:00:00+00:00, run_after=2026-04-13 06:00:00+00:00
[2026-04-06T08:57:44.901+0000] {processor.py:183} INFO - Processing /opt/airflow/dags/weekly_summary_pipeline.py took 0.132 seconds
[2026-04-06T08:58:15.671+0000] {processor.py:161} INFO - Started process (PID=3947) to work on /opt/airflow/dags/weekly_summary_pipeline.py
[2026-04-06T08:58:15.673+0000] {processor.py:830} INFO - Processing file /opt/airflow/dags/weekly_summary_pipeline.py for tasks to queue
[2026-04-06T08:58:15.674+0000] {logging_mixin.py:188} INFO - [2026-04-06T08:58:15.674+0000] {dagbag.py:538} INFO - Filling up the DagBag from /opt/airflow/dags/weekly_summary_pipeline.py
[2026-04-06T08:58:15.734+0000] {processor.py:840} INFO - DAG(s) 'weekly_summary_pipeline' retrieved from /opt/airflow/dags/weekly_summary_pipeline.py
[2026-04-06T08:58:15.811+0000] {logging_mixin.py:188} INFO - [2026-04-06T08:58:15.810+0000] {dag.py:3036} INFO - Sync 1 DAGs
[2026-04-06T08:58:15.846+0000] {logging_mixin.py:188} INFO - [2026-04-06T08:58:15.846+0000] {dag.py:3823} INFO - Setting next_dagrun for weekly_summary_pipeline to 2026-04-06 06:00:00+00:00, run_after=2026-04-13 06:00:00+00:00
[2026-04-06T08:58:15.873+0000] {processor.py:183} INFO - Processing /opt/airflow/dags/weekly_summary_pipeline.py took 0.211 seconds
[2026-04-06T08:58:46.564+0000] {processor.py:161} INFO - Started process (PID=3970) to work on /opt/airflow/dags/weekly_summary_pipeline.py
[2026-04-06T08:58:46.565+0000] {processor.py:830} INFO - Processing file /opt/airflow/dags/weekly_summary_pipeline.py for tasks to queue
[2026-04-06T08:58:46.569+0000] {logging_mixin.py:188} INFO - [2026-04-06T08:58:46.568+0000] {dagbag.py:538} INFO - Filling up the DagBag from /opt/airflow/dags/weekly_summary_pipeline.py
[2026-04-06T08:58:46.658+0000] {processor.py:840} INFO - DAG(s) 'weekly_summary_pipeline' retrieved from /opt/airflow/dags/weekly_summary_pipeline.py
[2026-04-06T08:58:46.755+0000] {logging_mixin.py:188} INFO - [2026-04-06T08:58:46.755+0000] {dag.py:3036} INFO - Sync 1 DAGs
[2026-04-06T08:58:46.859+0000] {logging_mixin.py:188} INFO - [2026-04-06T08:58:46.859+0000] {dag.py:3823} INFO - Setting next_dagrun for weekly_summary_pipeline to 2026-04-06 06:00:00+00:00, run_after=2026-04-13 06:00:00+00:00
[2026-04-06T08:58:46.904+0000] {processor.py:183} INFO - Processing /opt/airflow/dags/weekly_summary_pipeline.py took 0.353 seconds
[2026-04-06T08:59:17.703+0000] {processor.py:161} INFO - Started process (PID=4088) to work on /opt/airflow/dags/weekly_summary_pipeline.py
[2026-04-06T08:59:17.720+0000] {processor.py:830} INFO - Processing file /opt/airflow/dags/weekly_summary_pipeline.py for tasks to queue
[2026-04-06T08:59:17.725+0000] {logging_mixin.py:188} INFO - [2026-04-06T08:59:17.723+0000] {dagbag.py:538} INFO - Filling up the DagBag from /opt/airflow/dags/weekly_summary_pipeline.py
[2026-04-06T08:59:17.768+0000] {processor.py:840} INFO - DAG(s) 'weekly_summary_pipeline' retrieved from /opt/airflow/dags/weekly_summary_pipeline.py
[2026-04-06T08:59:17.832+0000] {logging_mixin.py:188} INFO - [2026-04-06T08:59:17.831+0000] {dag.py:3036} INFO - Sync 1 DAGs
[2026-04-06T08:59:17.874+0000] {logging_mixin.py:188} INFO - [2026-04-06T08:59:17.874+0000] {dag.py:3823} INFO - Setting next_dagrun for weekly_summary_pipeline to 2026-04-06 06:00:00+00:00, run_after=2026-04-13 06:00:00+00:00
[2026-04-06T08:59:17.909+0000] {processor.py:183} INFO - Processing /opt/airflow/dags/weekly_summary_pipeline.py took 0.211 seconds
[2026-04-06T08:59:48.449+0000] {processor.py:161} INFO - Started process (PID=4215) to work on /opt/airflow/dags/weekly_summary_pipeline.py
[2026-04-06T08:59:48.450+0000] {processor.py:830} INFO - Processing file /opt/airflow/dags/weekly_summary_pipeline.py for tasks to queue
[2026-04-06T08:59:48.452+0000] {logging_mixin.py:188} INFO - [2026-04-06T08:59:48.451+0000] {dagbag.py:538} INFO - Filling up the DagBag from /opt/airflow/dags/weekly_summary_pipeline.py
[2026-04-06T08:59:48.483+0000] {processor.py:840} INFO - DAG(s) 'weekly_summary_pipeline' retrieved from /opt/airflow/dags/weekly_summary_pipeline.py
[2026-04-06T08:59:48.516+0000] {logging_mixin.py:188} INFO - [2026-04-06T08:59:48.515+0000] {dag.py:3036} INFO - Sync 1 DAGs
[2026-04-06T08:59:48.545+0000] {logging_mixin.py:188} INFO - [2026-04-06T08:59:48.545+0000] {dag.py:3823} INFO - Setting next_dagrun for weekly_summary_pipeline to 2026-04-06 06:00:00+00:00, run_after=2026-04-13 06:00:00+00:00
[2026-04-06T08:59:48.589+0000] {processor.py:183} INFO - Processing /opt/airflow/dags/weekly_summary_pipeline.py took 0.144 seconds
[2026-04-06T09:00:19.343+0000] {processor.py:161} INFO - Started process (PID=4238) to work on /opt/airflow/dags/weekly_summary_pipeline.py
[2026-04-06T09:00:19.365+0000] {processor.py:830} INFO - Processing file /opt/airflow/dags/weekly_summary_pipeline.py for tasks to queue
[2026-04-06T09:00:19.378+0000] {logging_mixin.py:188} INFO - [2026-04-06T09:00:19.369+0000] {dagbag.py:538} INFO - Filling up the DagBag from /opt/airflow/dags/weekly_summary_pipeline.py
[2026-04-06T09:00:19.480+0000] {processor.py:840} INFO - DAG(s) 'weekly_summary_pipeline' retrieved from /opt/airflow/dags/weekly_summary_pipeline.py
[2026-04-06T09:00:19.647+0000] {logging_mixin.py:188} INFO - [2026-04-06T09:00:19.646+0000] {dag.py:3036} INFO - Sync 1 DAGs
[2026-04-06T09:00:19.796+0000] {logging_mixin.py:188} INFO - [2026-04-06T09:00:19.795+0000] {dag.py:3823} INFO - Setting next_dagrun for weekly_summary_pipeline to 2026-04-06 06:00:00+00:00, run_after=2026-04-13 06:00:00+00:00
[2026-04-06T09:00:19.858+0000] {processor.py:183} INFO - Processing /opt/airflow/dags/weekly_summary_pipeline.py took 0.546 seconds
[2026-04-06T09:00:50.501+0000] {processor.py:161} INFO - Started process (PID=4253) to work on /opt/airflow/dags/weekly_summary_pipeline.py
[2026-04-06T09:00:50.505+0000] {processor.py:830} INFO - Processing file /opt/airflow/dags/weekly_summary_pipeline.py for tasks to queue
[2026-04-06T09:00:50.509+0000] {logging_mixin.py:188} INFO - [2026-04-06T09:00:50.508+0000] {dagbag.py:538} INFO - Filling up the DagBag from /opt/airflow/dags/weekly_summary_pipeline.py
[2026-04-06T09:00:50.121+0000] {processor.py:840} INFO - DAG(s) 'weekly_summary_pipeline' retrieved from /opt/airflow/dags/weekly_summary_pipeline.py
[2026-04-06T09:00:50.198+0000] {logging_mixin.py:188} INFO - [2026-04-06T09:00:50.198+0000] {dag.py:3036} INFO - Sync 1 DAGs
[2026-04-06T09:00:50.252+0000] {logging_mixin.py:188} INFO - [2026-04-06T09:00:50.252+0000] {dag.py:3823} INFO - Setting next_dagrun for weekly_summary_pipeline to 2026-04-06 06:00:00+00:00, run_after=2026-04-13 06:00:00+00:00
[2026-04-06T09:00:50.293+0000] {processor.py:183} INFO - Processing /opt/airflow/dags/weekly_summary_pipeline.py took 0.278 seconds
[2026-04-06T09:01:20.760+0000] {processor.py:161} INFO - Started process (PID=4276) to work on /opt/airflow/dags/weekly_summary_pipeline.py
[2026-04-06T09:01:20.762+0000] {processor.py:830} INFO - Processing file /opt/airflow/dags/weekly_summary_pipeline.py for tasks to queue
[2026-04-06T09:01:20.763+0000] {logging_mixin.py:188} INFO - [2026-04-06T09:01:20.763+0000] {dagbag.py:538} INFO - Filling up the DagBag from /opt/airflow/dags/weekly_summary_pipeline.py
[2026-04-06T09:01:20.802+0000] {processor.py:840} INFO - DAG(s) 'weekly_summary_pipeline' retrieved from /opt/airflow/dags/weekly_summary_pipeline.py
[2026-04-06T09:01:20.846+0000] {logging_mixin.py:188} INFO - [2026-04-06T09:01:20.846+0000] {dag.py:3036} INFO - Sync 1 DAGs
[2026-04-06T09:01:20.890+0000] {logging_mixin.py:188} INFO - [2026-04-06T09:01:20.890+0000] {dag.py:3823} INFO - Setting next_dagrun for weekly_summary_pipeline to 2026-04-06 06:00:00+00:00, run_after=2026-04-13 06:00:00+00:00
[2026-04-06T09:01:20.923+0000] {processor.py:183} INFO - Processing /opt/airflow/dags/weekly_summary_pipeline.py took 0.170 seconds
[2026-04-06T09:01:51.619+0000] {processor.py:161} INFO - Started process (PID=4299) to work on /opt/airflow/dags/weekly_summary_pipeline.py
[2026-04-06T09:01:51.621+0000] {processor.py:830} INFO - Processing file /opt/airflow/dags/weekly_summary_pipeline.py for tasks to queue
[2026-04-06T09:01:51.623+0000] {logging_mixin.py:188} INFO - [2026-04-06T09:01:51.623+0000] {dagbag.py:538} INFO - Filling up the DagBag from /opt/airflow/dags/weekly_summary_pipeline.py
[2026-04-06T09:01:51.671+0000] {processor.py:840} INFO - DAG(s) 'weekly_summary_pipeline' retrieved from /opt/airflow/dags/weekly_summary_pipeline.py
[2026-04-06T09:01:51.735+0000] {logging_mixin.py:188} INFO - [2026-04-06T09:01:51.734+0000] {dag.py:3036} INFO - Sync 1 DAGs
[2026-04-06T09:01:51.786+0000] {logging_mixin.py:188} INFO - [2026-04-06T09:01:51.786+0000] {dag.py:3823} INFO - Setting next_dagrun for weekly_summary_pipeline to 2026-04-06 06:00:00+00:00, run_after=2026-04-13 06:00:00+00:00
[2026-04-06T09:01:51.828+0000] {processor.py:183} INFO - Processing /opt/airflow/dags/weekly_summary_pipeline.py took 0.215 seconds
[2026-04-06T09:02:22.375+0000] {processor.py:161} INFO - Started process (PID=4322) to work on /opt/airflow/dags/weekly_summary_pipeline.py
[2026-04-06T09:02:22.376+0000] {processor.py:830} INFO - Processing file /opt/airflow/dags/weekly_summary_pipeline.py for tasks to queue
[2026-04-06T09:02:22.378+0000] {logging_mixin.py:188} INFO - [2026-04-06T09:02:22.377+0000] {dagbag.py:538} INFO - Filling up the DagBag from /opt/airflow/dags/weekly_summary_pipeline.py
[2026-04-06T09:02:22.413+0000] {processor.py:840} INFO - DAG(s) 'weekly_summary_pipeline' retrieved from /opt/airflow/dags/weekly_summary_pipeline.py
[2026-04-06T09:02:22.452+0000] {logging_mixin.py:188} INFO - [2026-04-06T09:02:22.452+0000] {dag.py:3036} INFO - Sync 1 DAGs
[2026-04-06T09:02:22.485+0000] {logging_mixin.py:188} INFO - [2026-04-06T09:02:22.485+0000] {dag.py:3823} INFO - Setting next_dagrun for weekly_summary_pipeline to 2026-04-06 06:00:00+00:00, run_after=2026-04-13 06:00:00+00:00
[2026-04-06T09:02:22.514+0000] {processor.py:183} INFO - Processing /opt/airflow/dags/weekly_summary_pipeline.py took 0.144 seconds
[2026-04-06T09:02:53.131+0000] {processor.py:161} INFO - Started process (PID=4345) to work on /opt/airflow/dags/weekly_summary_pipeline.py
[2026-04-06T09:02:53.133+0000] {processor.py:830} INFO - Processing file /opt/airflow/dags/weekly_summary_pipeline.py for tasks to queue
[2026-04-06T09:02:53.137+0000] {logging_mixin.py:188} INFO - [2026-04-06T09:02:53.136+0000] {dagbag.py:538} INFO - Filling up the DagBag from /opt/airflow/dags/weekly_summary_pipeline.py
[2026-04-06T09:02:53.180+0000] {processor.py:840} INFO - DAG(s) 'weekly_summary_pipeline' retrieved from /opt/airflow/dags/weekly_summary_pipeline.py
[2026-04-06T09:02:53.226+0000] {logging_mixin.py:188} INFO - [2026-04-06T09:02:53.226+0000] {dag.py:3036} INFO - Sync 1 DAGs
[2026-04-06T09:02:53.259+0000] {logging_mixin.py:188} INFO - [2026-04-06T09:02:53.258+0000] {dag.py:3823} INFO - Setting next_dagrun for weekly_summary_pipeline to 2026-04-06 06:00:00+00:00, run_after=2026-04-13 06:00:00+00:00
[2026-04-06T09:02:53.286+0000] {processor.py:183} INFO - Processing /opt/airflow/dags/weekly_summary_pipeline.py took 0.162 seconds
[2026-04-06T09:03:23.750+0000] {processor.py:161} INFO - Started process (PID=4368) to work on /opt/airflow/dags/weekly_summary_pipeline.py
[2026-04-06T09:03:23.751+0000] {processor.py:830} INFO - Processing file /opt/airflow/dags/weekly_summary_pipeline.py for tasks to queue
[2026-04-06T09:03:23.753+0000] {logging_mixin.py:188} INFO - [2026-04-06T09:03:23.752+0000] {dagbag.py:538} INFO - Filling up the DagBag from /opt/airflow/dags/weekly_summary_pipeline.py
[2026-04-06T09:03:23.797+0000] {processor.py:840} INFO - DAG(s) 'weekly_summary_pipeline' retrieved from /opt/airflow/dags/weekly_summary_pipeline.py
[2026-04-06T09:03:23.853+0000] {logging_mixin.py:188} INFO - [2026-04-06T09:03:23.853+0000] {dag.py:3036} INFO - Sync 1 DAGs
[2026-04-06T09:03:23.910+0000] {logging_mixin.py:188} INFO - [2026-04-06T09:03:23.910+0000] {dag.py:3823} INFO - Setting next_dagrun for weekly_summary_pipeline to 2026-04-06 06:00:00+00:00, run_after=2026-04-13 06:00:00+00:00
[2026-04-06T09:03:23.939+0000] {processor.py:183} INFO - Processing /opt/airflow/dags/weekly_summary_pipeline.py took 0.196 seconds
[2026-04-06T09:03:54.783+0000] {processor.py:161} INFO - Started process (PID=4393) to work on /opt/airflow/dags/weekly_summary_pipeline.py
[2026-04-06T09:03:54.784+0000] {processor.py:830} INFO - Processing file /opt/airflow/dags/weekly_summary_pipeline.py for tasks to queue
[2026-04-06T09:03:54.786+0000] {logging_mixin.py:188} INFO - [2026-04-06T09:03:54.785+0000] {dagbag.py:538} INFO - Filling up the DagBag from /opt/airflow/dags/weekly_summary_pipeline.py
[2026-04-06T09:03:54.826+0000] {processor.py:840} INFO - DAG(s) 'weekly_summary_pipeline' retrieved from /opt/airflow/dags/weekly_summary_pipeline.py
[2026-04-06T09:03:54.868+0000] {logging_mixin.py:188} INFO - [2026-04-06T09:03:54.867+0000] {dag.py:3036} INFO - Sync 1 DAGs
[2026-04-06T09:03:54.902+0000] {logging_mixin.py:188} INFO - [2026-04-06T09:03:54.902+0000] {dag.py:3823} INFO - Setting next_dagrun for weekly_summary_pipeline to 2026-04-06 06:00:00+00:00, run_after=2026-04-13 06:00:00+00:00
[2026-04-06T09:03:54.936+0000] {processor.py:183} INFO - Processing /opt/airflow/dags/weekly_summary_pipeline.py took 0.159 seconds
[2026-04-06T09:04:25.667+0000] {processor.py:161} INFO - Started process (PID=4417) to work on /opt/airflow/dags/weekly_summary_pipeline.py
[2026-04-06T09:04:25.669+0000] {processor.py:830} INFO - Processing file /opt/airflow/dags/weekly_summary_pipeline.py for tasks to queue
[2026-04-06T09:04:25.670+0000] {logging_mixin.py:188} INFO - [2026-04-06T09:04:25.669+0000] {dagbag.py:538} INFO - Filling up the DagBag from /opt/airflow/dags/weekly_summary_pipeline.py
[2026-04-06T09:04:25.712+0000] {processor.py:840} INFO - DAG(s) 'weekly_summary_pipeline' retrieved from /opt/airflow/dags/weekly_summary_pipeline.py
[2026-04-06T09:04:25.760+0000] {logging_mixin.py:188} INFO - [2026-04-06T09:04:25.760+0000] {dag.py:3036} INFO - Sync 1 DAGs
[2026-04-06T09:04:25.798+0000] {logging_mixin.py:188} INFO - [2026-04-06T09:04:25.798+0000] {dag.py:3823} INFO - Setting next_dagrun for weekly_summary_pipeline to 2026-04-06 06:00:00+00:00, run_after=2026-04-13 06:00:00+00:00
[2026-04-06T09:04:25.829+0000] {processor.py:183} INFO - Processing /opt/airflow/dags/weekly_summary_pipeline.py took 0.167 seconds
[2026-04-06T09:04:56.509+0000] {processor.py:161} INFO - Started process (PID=4638) to work on /opt/airflow/dags/weekly_summary_pipeline.py
[2026-04-06T09:04:56.512+0000] {processor.py:830} INFO - Processing file /opt/airflow/dags/weekly_summary_pipeline.py for tasks to queue
[2026-04-06T09:04:56.513+0000] {logging_mixin.py:188} INFO - [2026-04-06T09:04:56.513+0000] {dagbag.py:538} INFO - Filling up the DagBag from /opt/airflow/dags/weekly_summary_pipeline.py
[2026-04-06T09:04:56.564+0000] {processor.py:840} INFO - DAG(s) 'weekly_summary_pipeline' retrieved from /opt/airflow/dags/weekly_summary_pipeline.py
[2026-04-06T09:04:56.620+0000] {logging_mixin.py:188} INFO - [2026-04-06T09:04:56.620+0000] {dag.py:3036} INFO - Sync 1 DAGs
[2026-04-06T09:04:56.654+0000] {logging_mixin.py:188} INFO - [2026-04-06T09:04:56.654+0000] {dag.py:3823} INFO - Setting next_dagrun for weekly_summary_pipeline to 2026-04-06 06:00:00+00:00, run_after=2026-04-13 06:00:00+00:00
[2026-04-06T09:04:56.683+0000] {processor.py:183} INFO - Processing /opt/airflow/dags/weekly_summary_pipeline.py took 0.182 seconds
[2026-04-06T09:05:27.478+0000] {processor.py:161} INFO - Started process (PID=4661) to work on /opt/airflow/dags/weekly_summary_pipeline.py
[2026-04-06T09:05:27.480+0000] {processor.py:830} INFO - Processing file /opt/airflow/dags/weekly_summary_pipeline.py for tasks to queue
[2026-04-06T09:05:27.482+0000] {logging_mixin.py:188} INFO - [2026-04-06T09:05:27.482+0000] {dagbag.py:538} INFO - Filling up the DagBag from /opt/airflow/dags/weekly_summary_pipeline.py
[2026-04-06T09:05:27.528+0000] {processor.py:840} INFO - DAG(s) 'weekly_summary_pipeline' retrieved from /opt/airflow/dags/weekly_summary_pipeline.py
[2026-04-06T09:05:27.567+0000] {logging_mixin.py:188} INFO - [2026-04-06T09:05:27.567+0000] {dag.py:3036} INFO - Sync 1 DAGs
[2026-04-06T09:05:27.598+0000] {logging_mixin.py:188} INFO - [2026-04-06T09:05:27.598+0000] {dag.py:3823} INFO - Setting next_dagrun for weekly_summary_pipeline to 2026-04-06 06:00:00+00:00, run_after=2026-04-13 06:00:00+00:00
[2026-04-06T09:05:27.623+0000] {processor.py:183} INFO - Processing /opt/airflow/dags/weekly_summary_pipeline.py took 0.151 seconds
[2026-04-06T09:05:58.177+0000] {processor.py:161} INFO - Started process (PID=4684) to work on /opt/airflow/dags/weekly_summary_pipeline.py
[2026-04-06T09:05:58.179+0000] {processor.py:830} INFO - Processing file /opt/airflow/dags/weekly_summary_pipeline.py for tasks to queue
[2026-04-06T09:05:58.182+0000] {logging_mixin.py:188} INFO - [2026-04-06T09:05:58.181+0000] {dagbag.py:538} INFO - Filling up the DagBag from /opt/airflow/dags/weekly_summary_pipeline.py
[2026-04-06T09:05:58.226+0000] {processor.py:840} INFO - DAG(s) 'weekly_summary_pipeline' retrieved from /opt/airflow/dags/weekly_summary_pipeline.py
[2026-04-06T09:05:58.274+0000] {logging_mixin.py:188} INFO - [2026-04-06T09:05:58.273+0000] {dag.py:3036} INFO - Sync 1 DAGs
[2026-04-06T09:05:58.312+0000] {logging_mixin.py:188} INFO - [2026-04-06T09:05:58.312+0000] {dag.py:3823} INFO - Setting next_dagrun for weekly_summary_pipeline to 2026-04-06 06:00:00+00:00, run_after=2026-04-13 06:00:00+00:00
[2026-04-06T09:05:58.350+0000] {processor.py:183} INFO - Processing /opt/airflow/dags/weekly_summary_pipeline.py took 0.185 seconds
[2026-04-06T09:06:29.033+0000] {processor.py:161} INFO - Started process (PID=4707) to work on /opt/airflow/dags/weekly_summary_pipeline.py
[2026-04-06T09:06:29.034+0000] {processor.py:830} INFO - Processing file /opt/airflow/dags/weekly_summary_pipeline.py for tasks to queue
[2026-04-06T09:06:29.036+0000] {logging_mixin.py:188} INFO - [2026-04-06T09:06:29.035+0000] {dagbag.py:538} INFO - Filling up the DagBag from /opt/airflow/dags/weekly_summary_pipeline.py
[2026-04-06T09:06:29.080+0000] {processor.py:840} INFO - DAG(s) 'weekly_summary_pipeline' retrieved from /opt/airflow/dags/weekly_summary_pipeline.py
[2026-04-06T09:06:29.120+0000] {logging_mixin.py:188} INFO - [2026-04-06T09:06:29.120+0000] {dag.py:3036} INFO - Sync 1 DAGs
[2026-04-06T09:06:29.155+0000] {logging_mixin.py:188} INFO - [2026-04-06T09:06:29.155+0000] {dag.py:3823} INFO - Setting next_dagrun for weekly_summary_pipeline to 2026-04-06 06:00:00+00:00, run_after=2026-04-13 06:00:00+00:00
[2026-04-06T09:06:29.181+0000] {processor.py:183} INFO - Processing /opt/airflow/dags/weekly_summary_pipeline.py took 0.161 seconds
[2026-04-06T09:06:59.638+0000] {processor.py:161} INFO - Started process (PID=4730) to work on /opt/airflow/dags/weekly_summary_pipeline.py
[2026-04-06T09:06:59.639+0000] {processor.py:830} INFO - Processing file /opt/airflow/dags/weekly_summary_pipeline.py for tasks to queue
[2026-04-06T09:06:59.640+0000] {logging_mixin.py:188} INFO - [2026-04-06T09:06:59.640+0000] {dagbag.py:538} INFO - Filling up the DagBag from /opt/airflow/dags/weekly_summary_pipeline.py
[2026-04-06T09:06:59.678+0000] {processor.py:840} INFO - DAG(s) 'weekly_summary_pipeline' retrieved from /opt/airflow/dags/weekly_summary_pipeline.py
[2026-04-06T09:06:59.715+0000] {logging_mixin.py:188} INFO - [2026-04-06T09:06:59.714+0000] {dag.py:3036} INFO - Sync 1 DAGs
[2026-04-06T09:06:59.746+0000] {logging_mixin.py:188} INFO - [2026-04-06T09:06:59.746+0000] {dag.py:3823} INFO - Setting next_dagrun for weekly_summary_pipeline to 2026-04-06 06:00:00+00:00, run_after=2026-04-13 06:00:00+00:00
[2026-04-06T09:06:59.770+0000] {processor.py:183} INFO - Processing /opt/airflow/dags/weekly_summary_pipeline.py took 0.137 seconds
[2026-04-06T09:07:30.425+0000] {processor.py:161} INFO - Started process (PID=4753) to work on /opt/airflow/dags/weekly_summary_pipeline.py
[2026-04-06T09:07:30.426+0000] {processor.py:830} INFO - Processing file /opt/airflow/dags/weekly_summary_pipeline.py for tasks to queue
[2026-04-06T09:07:30.428+0000] {logging_mixin.py:188} INFO - [2026-04-06T09:07:30.428+0000] {dagbag.py:538} INFO - Filling up the DagBag from /opt/airflow/dags/weekly_summary_pipeline.py
[2026-04-06T09:07:30.482+0000] {processor.py:840} INFO - DAG(s) 'weekly_summary_pipeline' retrieved from /opt/airflow/dags/weekly_summary_pipeline.py
[2026-04-06T09:07:30.532+0000] {logging_mixin.py:188} INFO - [2026-04-06T09:07:30.532+0000] {dag.py:3036} INFO - Sync 1 DAGs
[2026-04-06T09:07:30.580+0000] {logging_mixin.py:188} INFO - [2026-04-06T09:07:30.580+0000] {dag.py:3823} INFO - Setting next_dagrun for weekly_summary_pipeline to 2026-04-06 06:00:00+00:00, run_after=2026-04-13 06:00:00+00:00
[2026-04-06T09:07:30.618+0000] {processor.py:183} INFO - Processing /opt/airflow/dags/weekly_summary_pipeline.py took 0.198 seconds
[2026-04-06T09:08:01.159+0000] {processor.py:161} INFO - Started process (PID=4776) to work on /opt/airflow/dags/weekly_summary_pipeline.py
[2026-04-06T09:08:01.160+0000] {processor.py:830} INFO - Processing file /opt/airflow/dags/weekly_summary_pipeline.py for tasks to queue
[2026-04-06T09:08:01.162+0000] {logging_mixin.py:188} INFO - [2026-04-06T09:08:01.161+0000] {dagbag.py:538} INFO - Filling up the DagBag from /opt/airflow/dags/weekly_summary_pipeline.py
[2026-04-06T09:08:01.224+0000] {processor.py:840} INFO - DAG(s) 'weekly_summary_pipeline' retrieved from /opt/airflow/dags/weekly_summary_pipeline.py
[2026-04-06T09:08:01.261+0000] {logging_mixin.py:188} INFO - [2026-04-06T09:08:01.260+0000] {dag.py:3036} INFO - Sync 1 DAGs
[2026-04-06T09:08:01.287+0000] {logging_mixin.py:188} INFO - [2026-04-06T09:08:01.287+0000] {dag.py:3823} INFO - Setting next_dagrun for weekly_summary_pipeline to 2026-04-06 06:00:00+00:00, run_after=2026-04-13 06:00:00+00:00
[2026-04-06T09:08:01.461+0000] {processor.py:183} INFO - Processing /opt/airflow/dags/weekly_summary_pipeline.py took 0.308 seconds
[2026-04-06T09:08:32.024+0000] {processor.py:161} INFO - Started process (PID=4799) to work on /opt/airflow/dags/weekly_summary_pipeline.py
[2026-04-06T09:08:32.025+0000] {processor.py:830} INFO - Processing file /opt/airflow/dags/weekly_summary_pipeline.py for tasks to queue
[2026-04-06T09:08:32.026+0000] {logging_mixin.py:188} INFO - [2026-04-06T09:08:32.026+0000] {dagbag.py:538} INFO - Filling up the DagBag from /opt/airflow/dags/weekly_summary_pipeline.py
[2026-04-06T09:08:32.063+0000] {processor.py:840} INFO - DAG(s) 'weekly_summary_pipeline' retrieved from /opt/airflow/dags/weekly_summary_pipeline.py
[2026-04-06T09:08:32.106+0000] {logging_mixin.py:188} INFO - [2026-04-06T09:08:32.106+0000] {dag.py:3036} INFO - Sync 1 DAGs
[2026-04-06T09:08:32.140+0000] {logging_mixin.py:188} INFO - [2026-04-06T09:08:32.140+0000] {dag.py:3823} INFO - Setting next_dagrun for weekly_summary_pipeline to 2026-04-06 06:00:00+00:00, run_after=2026-04-13 06:00:00+00:00
[2026-04-06T09:08:32.172+0000] {processor.py:183} INFO - Processing /opt/airflow/dags/weekly_summary_pipeline.py took 0.153 seconds
[2026-04-06T09:09:02.732+0000] {processor.py:161} INFO - Started process (PID=4823) to work on /opt/airflow/dags/weekly_summary_pipeline.py
[2026-04-06T09:09:02.734+0000] {processor.py:830} INFO - Processing file /opt/airflow/dags/weekly_summary_pipeline.py for tasks to queue
[2026-04-06T09:09:02.735+0000] {logging_mixin.py:188} INFO - [2026-04-06T09:09:02.735+0000] {dagbag.py:538} INFO - Filling up the DagBag from /opt/airflow/dags/weekly_summary_pipeline.py
[2026-04-06T09:09:02.768+0000] {processor.py:840} INFO - DAG(s) 'weekly_summary_pipeline' retrieved from /opt/airflow/dags/weekly_summary_pipeline.py
[2026-04-06T09:09:02.815+0000] {logging_mixin.py:188} INFO - [2026-04-06T09:09:02.815+0000] {dag.py:3036} INFO - Sync 1 DAGs
[2026-04-06T09:09:02.850+0000] {logging_mixin.py:188} INFO - [2026-04-06T09:09:02.850+0000] {dag.py:3823} INFO - Setting next_dagrun for weekly_summary_pipeline to 2026-04-06 06:00:00+00:00, run_after=2026-04-13 06:00:00+00:00
[2026-04-06T09:09:02.886+0000] {processor.py:183} INFO - Processing /opt/airflow/dags/weekly_summary_pipeline.py took 0.158 seconds
[2026-04-06T09:09:33.501+0000] {processor.py:161} INFO - Started process (PID=4847) to work on /opt/airflow/dags/weekly_summary_pipeline.py
[2026-04-06T09:09:33.504+0000] {processor.py:830} INFO - Processing file /opt/airflow/dags/weekly_summary_pipeline.py for tasks to queue
[2026-04-06T09:09:33.506+0000] {logging_mixin.py:188} INFO - [2026-04-06T09:09:33.506+0000] {dagbag.py:538} INFO - Filling up the DagBag from /opt/airflow/dags/weekly_summary_pipeline.py
[2026-04-06T09:09:33.549+0000] {processor.py:840} INFO - DAG(s) 'weekly_summary_pipeline' retrieved from /opt/airflow/dags/weekly_summary_pipeline.py
[2026-04-06T09:09:33.602+0000] {logging_mixin.py:188} INFO - [2026-04-06T09:09:33.602+0000] {dag.py:3036} INFO - Sync 1 DAGs
[2026-04-06T09:09:33.185+0000] {logging_mixin.py:188} INFO - [2026-04-06T09:09:33.185+0000] {dag.py:3823} INFO - Setting next_dagrun for weekly_summary_pipeline to 2026-04-06 06:00:00+00:00, run_after=2026-04-13 06:00:00+00:00
[2026-04-06T09:09:33.217+0000] {processor.py:183} INFO - Processing /opt/airflow/dags/weekly_summary_pipeline.py took 0.185 seconds
[2026-04-06T09:10:03.516+0000] {processor.py:161} INFO - Started process (PID=4870) to work on /opt/airflow/dags/weekly_summary_pipeline.py
[2026-04-06T09:10:03.518+0000] {processor.py:830} INFO - Processing file /opt/airflow/dags/weekly_summary_pipeline.py for tasks to queue
[2026-04-06T09:10:03.522+0000] {logging_mixin.py:188} INFO - [2026-04-06T09:10:03.521+0000] {dagbag.py:538} INFO - Filling up the DagBag from /opt/airflow/dags/weekly_summary_pipeline.py
[2026-04-06T09:10:03.559+0000] {processor.py:840} INFO - DAG(s) 'weekly_summary_pipeline' retrieved from /opt/airflow/dags/weekly_summary_pipeline.py
[2026-04-06T09:10:03.606+0000] {logging_mixin.py:188} INFO - [2026-04-06T09:10:03.606+0000] {dag.py:3036} INFO - Sync 1 DAGs
[2026-04-06T09:10:03.645+0000] {logging_mixin.py:188} INFO - [2026-04-06T09:10:03.645+0000] {dag.py:3823} INFO - Setting next_dagrun for weekly_summary_pipeline to 2026-04-06 06:00:00+00:00, run_after=2026-04-13 06:00:00+00:00
[2026-04-06T09:10:03.687+0000] {processor.py:183} INFO - Processing /opt/airflow/dags/weekly_summary_pipeline.py took 0.176 seconds
[2026-04-06T09:10:34.443+0000] {processor.py:161} INFO - Started process (PID=4885) to work on /opt/airflow/dags/weekly_summary_pipeline.py
[2026-04-06T09:10:34.445+0000] {processor.py:830} INFO - Processing file /opt/airflow/dags/weekly_summary_pipeline.py for tasks to queue
[2026-04-06T09:10:34.446+0000] {logging_mixin.py:188} INFO - [2026-04-06T09:10:34.446+0000] {dagbag.py:538} INFO - Filling up the DagBag from /opt/airflow/dags/weekly_summary_pipeline.py
[2026-04-06T09:10:34.526+0000] {processor.py:840} INFO - DAG(s) 'weekly_summary_pipeline' retrieved from /opt/airflow/dags/weekly_summary_pipeline.py
[2026-04-06T09:10:34.588+0000] {logging_mixin.py:188} INFO - [2026-04-06T09:10:34.588+0000] {dag.py:3036} INFO - Sync 1 DAGs
[2026-04-06T09:10:34.623+0000] {logging_mixin.py:188} INFO - [2026-04-06T09:10:34.622+0000] {dag.py:3823} INFO - Setting next_dagrun for weekly_summary_pipeline to 2026-04-06 06:00:00+00:00, run_after=2026-04-13 06:00:00+00:00
[2026-04-06T09:10:34.663+0000] {processor.py:183} INFO - Processing /opt/airflow/dags/weekly_summary_pipeline.py took 0.225 seconds
[2026-04-06T09:11:05.641+0000] {processor.py:161} INFO - Started process (PID=4907) to work on /opt/airflow/dags/weekly_summary_pipeline.py
[2026-04-06T09:11:05.644+0000] {processor.py:830} INFO - Processing file /opt/airflow/dags/weekly_summary_pipeline.py for tasks to queue
[2026-04-06T09:11:05.646+0000] {logging_mixin.py:188} INFO - [2026-04-06T09:11:05.646+0000] {dagbag.py:538} INFO - Filling up the DagBag from /opt/airflow/dags/weekly_summary_pipeline.py
[2026-04-06T09:11:05.692+0000] {processor.py:840} INFO - DAG(s) 'weekly_summary_pipeline' retrieved from /opt/airflow/dags/weekly_summary_pipeline.py
[2026-04-06T09:11:05.747+0000] {logging_mixin.py:188} INFO - [2026-04-06T09:11:05.746+0000] {dag.py:3036} INFO - Sync 1 DAGs
[2026-04-06T09:11:05.779+0000] {logging_mixin.py:188} INFO - [2026-04-06T09:11:05.778+0000] {dag.py:3823} INFO - Setting next_dagrun for weekly_summary_pipeline to 2026-04-06 06:00:00+00:00, run_after=2026-04-13 06:00:00+00:00
[2026-04-06T09:11:05.815+0000] {processor.py:183} INFO - Processing /opt/airflow/dags/weekly_summary_pipeline.py took 0.179 seconds
[2026-04-06T09:11:36.759+0000] {processor.py:161} INFO - Started process (PID=4930) to work on /opt/airflow/dags/weekly_summary_pipeline.py
[2026-04-06T09:11:36.765+0000] {processor.py:830} INFO - Processing file /opt/airflow/dags/weekly_summary_pipeline.py for tasks to queue
[2026-04-06T09:11:36.767+0000] {logging_mixin.py:188} INFO - [2026-04-06T09:11:36.766+0000] {dagbag.py:538} INFO - Filling up the DagBag from /opt/airflow/dags/weekly_summary_pipeline.py
[2026-04-06T09:11:36.824+0000] {processor.py:840} INFO - DAG(s) 'weekly_summary_pipeline' retrieved from /opt/airflow/dags/weekly_summary_pipeline.py
[2026-04-06T09:11:36.881+0000] {logging_mixin.py:188} INFO - [2026-04-06T09:11:36.881+0000] {dag.py:3036} INFO - Sync 1 DAGs
[2026-04-06T09:11:36.926+0000] {logging_mixin.py:188} INFO - [2026-04-06T09:11:36.925+0000] {dag.py:3823} INFO - Setting next_dagrun for weekly_summary_pipeline to 2026-04-06 06:00:00+00:00, run_after=2026-04-13 06:00:00+00:00
[2026-04-06T09:11:36.958+0000] {processor.py:183} INFO - Processing /opt/airflow/dags/weekly_summary_pipeline.py took 0.213 seconds
[2026-04-06T09:12:07.676+0000] {processor.py:161} INFO - Started process (PID=4953) to work on /opt/airflow/dags/weekly_summary_pipeline.py
[2026-04-06T09:12:07.678+0000] {processor.py:830} INFO - Processing file /opt/airflow/dags/weekly_summary_pipeline.py for tasks to queue
[2026-04-06T09:12:07.680+0000] {logging_mixin.py:188} INFO - [2026-04-06T09:12:07.679+0000] {dagbag.py:538} INFO - Filling up the DagBag from /opt/airflow/dags/weekly_summary_pipeline.py
[2026-04-06T09:12:07.725+0000] {processor.py:840} INFO - DAG(s) 'weekly_summary_pipeline' retrieved from /opt/airflow/dags/weekly_summary_pipeline.py
[2026-04-06T09:12:07.783+0000] {logging_mixin.py:188} INFO - [2026-04-06T09:12:07.783+0000] {dag.py:3036} INFO - Sync 1 DAGs
[2026-04-06T09:12:07.825+0000] {logging_mixin.py:188} INFO - [2026-04-06T09:12:07.824+0000] {dag.py:3823} INFO - Setting next_dagrun for weekly_summary_pipeline to 2026-04-06 06:00:00+00:00, run_after=2026-04-13 06:00:00+00:00
[2026-04-06T09:12:07.859+0000] {processor.py:183} INFO - Processing /opt/airflow/dags/weekly_summary_pipeline.py took 0.190 seconds
[2026-04-06T09:12:38.627+0000] {processor.py:161} INFO - Started process (PID=4976) to work on /opt/airflow/dags/weekly_summary_pipeline.py
[2026-04-06T09:12:38.628+0000] {processor.py:830} INFO - Processing file /opt/airflow/dags/weekly_summary_pipeline.py for tasks to queue
[2026-04-06T09:12:38.629+0000] {logging_mixin.py:188} INFO - [2026-04-06T09:12:38.629+0000] {dagbag.py:538} INFO - Filling up the DagBag from /opt/airflow/dags/weekly_summary_pipeline.py
[2026-04-06T09:12:38.677+0000] {processor.py:840} INFO - DAG(s) 'weekly_summary_pipeline' retrieved from /opt/airflow/dags/weekly_summary_pipeline.py
[2026-04-06T09:12:38.734+0000] {logging_mixin.py:188} INFO - [2026-04-06T09:12:38.733+0000] {dag.py:3036} INFO - Sync 1 DAGs
[2026-04-06T09:12:38.778+0000] {logging_mixin.py:188} INFO - [2026-04-06T09:12:38.778+0000] {dag.py:3823} INFO - Setting next_dagrun for weekly_summary_pipeline to 2026-04-06 06:00:00+00:00, run_after=2026-04-13 06:00:00+00:00
[2026-04-06T09:12:38.816+0000] {processor.py:183} INFO - Processing /opt/airflow/dags/weekly_summary_pipeline.py took 0.194 seconds
[2026-04-06T09:13:09.586+0000] {processor.py:161} INFO - Started process (PID=4999) to work on /opt/airflow/dags/weekly_summary_pipeline.py
[2026-04-06T09:13:09.588+0000] {processor.py:830} INFO - Processing file /opt/airflow/dags/weekly_summary_pipeline.py for tasks to queue
[2026-04-06T09:13:09.591+0000] {logging_mixin.py:188} INFO - [2026-04-06T09:13:09.590+0000] {dagbag.py:538} INFO - Filling up the DagBag from /opt/airflow/dags/weekly_summary_pipeline.py
[2026-04-06T09:13:09.656+0000] {processor.py:840} INFO - DAG(s) 'weekly_summary_pipeline' retrieved from /opt/airflow/dags/weekly_summary_pipeline.py
[2026-04-06T09:13:09.723+0000] {logging_mixin.py:188} INFO - [2026-04-06T09:13:09.722+0000] {dag.py:3036} INFO - Sync 1 DAGs
[2026-04-06T09:13:09.759+0000] {logging_mixin.py:188} INFO - [2026-04-06T09:13:09.758+0000] {dag.py:3823} INFO - Setting next_dagrun for weekly_summary_pipeline to 2026-04-06 06:00:00+00:00, run_after=2026-04-13 06:00:00+00:00
[2026-04-06T09:13:09.797+0000] {processor.py:183} INFO - Processing /opt/airflow/dags/weekly_summary_pipeline.py took 0.221 seconds
[2026-04-06T09:13:40.230+0000] {processor.py:161} INFO - Started process (PID=5022) to work on /opt/airflow/dags/weekly_summary_pipeline.py
[2026-04-06T09:13:40.231+0000] {processor.py:830} INFO - Processing file /opt/airflow/dags/weekly_summary_pipeline.py for tasks to queue
[2026-04-06T09:13:40.233+0000] {logging_mixin.py:188} INFO - [2026-04-06T09:13:40.233+0000] {dagbag.py:538} INFO - Filling up the DagBag from /opt/airflow/dags/weekly_summary_pipeline.py
[2026-04-06T09:13:40.275+0000] {processor.py:840} INFO - DAG(s) 'weekly_summary_pipeline' retrieved from /opt/airflow/dags/weekly_summary_pipeline.py
[2026-04-06T09:13:40.319+0000] {logging_mixin.py:188} INFO - [2026-04-06T09:13:40.319+0000] {dag.py:3036} INFO - Sync 1 DAGs
[2026-04-06T09:13:40.352+0000] {logging_mixin.py:188} INFO - [2026-04-06T09:13:40.352+0000] {dag.py:3823} INFO - Setting next_dagrun for weekly_summary_pipeline to 2026-04-06 06:00:00+00:00, run_after=2026-04-13 06:00:00+00:00
[2026-04-06T09:13:40.383+0000] {processor.py:183} INFO - Processing /opt/airflow/dags/weekly_summary_pipeline.py took 0.157 seconds
[2026-04-06T09:14:10.905+0000] {processor.py:161} INFO - Started process (PID=5045) to work on /opt/airflow/dags/weekly_summary_pipeline.py
[2026-04-06T09:14:10.906+0000] {processor.py:830} INFO - Processing file /opt/airflow/dags/weekly_summary_pipeline.py for tasks to queue
[2026-04-06T09:14:10.907+0000] {logging_mixin.py:188} INFO - [2026-04-06T09:14:10.907+0000] {dagbag.py:538} INFO - Filling up the DagBag from /opt/airflow/dags/weekly_summary_pipeline.py
[2026-04-06T09:14:10.955+0000] {processor.py:840} INFO - DAG(s) 'weekly_summary_pipeline' retrieved from /opt/airflow/dags/weekly_summary_pipeline.py
[2026-04-06T09:14:10.991+0000] {logging_mixin.py:188} INFO - [2026-04-06T09:14:10.991+0000] {dag.py:3036} INFO - Sync 1 DAGs
[2026-04-06T09:14:11.019+0000] {logging_mixin.py:188} INFO - [2026-04-06T09:14:11.019+0000] {dag.py:3823} INFO - Setting next_dagrun for weekly_summary_pipeline to 2026-04-06 06:00:00+00:00, run_after=2026-04-13 06:00:00+00:00
[2026-04-06T09:14:11.048+0000] {processor.py:183} INFO - Processing /opt/airflow/dags/weekly_summary_pipeline.py took 0.147 seconds
[2026-04-06T09:14:41.527+0000] {processor.py:161} INFO - Started process (PID=5068) to work on /opt/airflow/dags/weekly_summary_pipeline.py
[2026-04-06T09:14:41.529+0000] {processor.py:830} INFO - Processing file /opt/airflow/dags/weekly_summary_pipeline.py for tasks to queue
[2026-04-06T09:14:41.530+0000] {logging_mixin.py:188} INFO - [2026-04-06T09:14:41.530+0000] {dagbag.py:538} INFO - Filling up the DagBag from /opt/airflow/dags/weekly_summary_pipeline.py
[2026-04-06T09:14:41.560+0000] {processor.py:840} INFO - DAG(s) 'weekly_summary_pipeline' retrieved from /opt/airflow/dags/weekly_summary_pipeline.py
[2026-04-06T09:14:41.609+0000] {logging_mixin.py:188} INFO - [2026-04-06T09:14:41.609+0000] {dag.py:3036} INFO - Sync 1 DAGs
[2026-04-06T09:14:41.642+0000] {logging_mixin.py:188} INFO - [2026-04-06T09:14:41.642+0000] {dag.py:3823} INFO - Setting next_dagrun for weekly_summary_pipeline to 2026-04-06 06:00:00+00:00, run_after=2026-04-13 06:00:00+00:00
[2026-04-06T09:14:41.674+0000] {processor.py:183} INFO - Processing /opt/airflow/dags/weekly_summary_pipeline.py took 0.150 seconds
[2026-04-06T09:15:12.328+0000] {processor.py:161} INFO - Started process (PID=5091) to work on /opt/airflow/dags/weekly_summary_pipeline.py
[2026-04-06T09:15:12.330+0000] {processor.py:830} INFO - Processing file /opt/airflow/dags/weekly_summary_pipeline.py for tasks to queue
[2026-04-06T09:15:12.332+0000] {logging_mixin.py:188} INFO - [2026-04-06T09:15:12.331+0000] {dagbag.py:538} INFO - Filling up the DagBag from /opt/airflow/dags/weekly_summary_pipeline.py
[2026-04-06T09:15:12.382+0000] {processor.py:840} INFO - DAG(s) 'weekly_summary_pipeline' retrieved from /opt/airflow/dags/weekly_summary_pipeline.py
[2026-04-06T09:15:12.433+0000] {logging_mixin.py:188} INFO - [2026-04-06T09:15:12.433+0000] {dag.py:3036} INFO - Sync 1 DAGs
[2026-04-06T09:15:12.471+0000] {logging_mixin.py:188} INFO - [2026-04-06T09:15:12.470+0000] {dag.py:3823} INFO - Setting next_dagrun for weekly_summary_pipeline to 2026-04-06 06:00:00+00:00, run_after=2026-04-13 06:00:00+00:00
[2026-04-06T09:15:12.500+0000] {processor.py:183} INFO - Processing /opt/airflow/dags/weekly_summary_pipeline.py took 0.177 seconds
[2026-04-06T09:15:43.186+0000] {processor.py:161} INFO - Started process (PID=5114) to work on /opt/airflow/dags/weekly_summary_pipeline.py
[2026-04-06T09:15:43.188+0000] {processor.py:830} INFO - Processing file /opt/airflow/dags/weekly_summary_pipeline.py for tasks to queue
[2026-04-06T09:15:43.190+0000] {logging_mixin.py:188} INFO - [2026-04-06T09:15:43.189+0000] {dagbag.py:538} INFO - Filling up the DagBag from /opt/airflow/dags/weekly_summary_pipeline.py
[2026-04-06T09:15:43.215+0000] {processor.py:840} INFO - DAG(s) 'weekly_summary_pipeline' retrieved from /opt/airflow/dags/weekly_summary_pipeline.py
[2026-04-06T09:15:43.255+0000] {logging_mixin.py:188} INFO - [2026-04-06T09:15:43.255+0000] {dag.py:3036} INFO - Sync 1 DAGs
[2026-04-06T09:15:43.284+0000] {logging_mixin.py:188} INFO - [2026-04-06T09:15:43.283+0000] {dag.py:3823} INFO - Setting next_dagrun for weekly_summary_pipeline to 2026-04-06 06:00:00+00:00, run_after=2026-04-13 06:00:00+00:00
[2026-04-06T09:15:43.317+0000] {processor.py:183} INFO - Processing /opt/airflow/dags/weekly_summary_pipeline.py took 0.135 seconds
[2026-04-06T09:16:14.056+0000] {processor.py:161} INFO - Started process (PID=5192) to work on /opt/airflow/dags/weekly_summary_pipeline.py
[2026-04-06T09:16:14.058+0000] {processor.py:830} INFO - Processing file /opt/airflow/dags/weekly_summary_pipeline.py for tasks to queue
[2026-04-06T09:16:14.060+0000] {logging_mixin.py:188} INFO - [2026-04-06T09:16:14.059+0000] {dagbag.py:538} INFO - Filling up the DagBag from /opt/airflow/dags/weekly_summary_pipeline.py
[2026-04-06T09:16:14.117+0000] {processor.py:840} INFO - DAG(s) 'weekly_summary_pipeline' retrieved from /opt/airflow/dags/weekly_summary_pipeline.py
[2026-04-06T09:16:14.172+0000] {logging_mixin.py:188} INFO - [2026-04-06T09:16:14.171+0000] {dag.py:3036} INFO - Sync 1 DAGs
[2026-04-06T09:16:14.213+0000] {logging_mixin.py:188} INFO - [2026-04-06T09:16:14.213+0000] {dag.py:3823} INFO - Setting next_dagrun for weekly_summary_pipeline to 2026-04-06 06:00:00+00:00, run_after=2026-04-13 06:00:00+00:00
[2026-04-06T09:16:14.250+0000] {processor.py:183} INFO - Processing /opt/airflow/dags/weekly_summary_pipeline.py took 0.199 seconds
[2026-04-06T09:16:44.509+0000] {processor.py:161} INFO - Started process (PID=5255) to work on /opt/airflow/dags/weekly_summary_pipeline.py
[2026-04-06T09:16:44.511+0000] {processor.py:830} INFO - Processing file /opt/airflow/dags/weekly_summary_pipeline.py for tasks to queue
[2026-04-06T09:16:44.512+0000] {logging_mixin.py:188} INFO - [2026-04-06T09:16:44.512+0000] {dagbag.py:538} INFO - Filling up the DagBag from /opt/airflow/dags/weekly_summary_pipeline.py
[2026-04-06T09:16:44.591+0000] {processor.py:840} INFO - DAG(s) 'weekly_summary_pipeline' retrieved from /opt/airflow/dags/weekly_summary_pipeline.py
[2026-04-06T09:16:44.659+0000] {logging_mixin.py:188} INFO - [2026-04-06T09:16:44.658+0000] {dag.py:3036} INFO - Sync 1 DAGs
[2026-04-06T09:16:44.702+0000] {logging_mixin.py:188} INFO - [2026-04-06T09:16:44.702+0000] {dag.py:3823} INFO - Setting next_dagrun for weekly_summary_pipeline to 2026-04-06 06:00:00+00:00, run_after=2026-04-13 06:00:00+00:00
[2026-04-06T09:16:44.739+0000] {processor.py:183} INFO - Processing /opt/airflow/dags/weekly_summary_pipeline.py took 0.235 seconds
[2026-04-06T09:17:15.120+0000] {processor.py:161} INFO - Started process (PID=5278) to work on /opt/airflow/dags/weekly_summary_pipeline.py
[2026-04-06T09:17:15.124+0000] {processor.py:830} INFO - Processing file /opt/airflow/dags/weekly_summary_pipeline.py for tasks to queue
[2026-04-06T09:17:15.128+0000] {logging_mixin.py:188} INFO - [2026-04-06T09:17:15.127+0000] {dagbag.py:538} INFO - Filling up the DagBag from /opt/airflow/dags/weekly_summary_pipeline.py
[2026-04-06T09:17:15.204+0000] {processor.py:840} INFO - DAG(s) 'weekly_summary_pipeline' retrieved from /opt/airflow/dags/weekly_summary_pipeline.py
[2026-04-06T09:17:15.257+0000] {logging_mixin.py:188} INFO - [2026-04-06T09:17:15.256+0000] {dag.py:3036} INFO - Sync 1 DAGs
[2026-04-06T09:17:15.307+0000] {logging_mixin.py:188} INFO - [2026-04-06T09:17:15.306+0000] {dag.py:3823} INFO - Setting next_dagrun for weekly_summary_pipeline to 2026-04-06 06:00:00+00:00, run_after=2026-04-13 06:00:00+00:00
[2026-04-06T09:17:15.347+0000] {processor.py:183} INFO - Processing /opt/airflow/dags/weekly_summary_pipeline.py took 0.235 seconds
[2026-04-06T09:17:45.768+0000] {processor.py:161} INFO - Started process (PID=5302) to work on /opt/airflow/dags/weekly_summary_pipeline.py
[2026-04-06T09:17:45.770+0000] {processor.py:830} INFO - Processing file /opt/airflow/dags/weekly_summary_pipeline.py for tasks to queue
[2026-04-06T09:17:45.772+0000] {logging_mixin.py:188} INFO - [2026-04-06T09:17:45.771+0000] {dagbag.py:538} INFO - Filling up the DagBag from /opt/airflow/dags/weekly_summary_pipeline.py
[2026-04-06T09:17:45.816+0000] {processor.py:840} INFO - DAG(s) 'weekly_summary_pipeline' retrieved from /opt/airflow/dags/weekly_summary_pipeline.py
[2026-04-06T09:17:45.852+0000] {logging_mixin.py:188} INFO - [2026-04-06T09:17:45.852+0000] {dag.py:3036} INFO - Sync 1 DAGs
[2026-04-06T09:17:45.880+0000] {logging_mixin.py:188} INFO - [2026-04-06T09:17:45.880+0000] {dag.py:3823} INFO - Setting next_dagrun for weekly_summary_pipeline to 2026-04-06 06:00:00+00:00, run_after=2026-04-13 06:00:00+00:00
[2026-04-06T09:17:45.904+0000] {processor.py:183} INFO - Processing /opt/airflow/dags/weekly_summary_pipeline.py took 0.143 seconds
[2026-04-06T09:18:16.611+0000] {processor.py:161} INFO - Started process (PID=5325) to work on /opt/airflow/dags/weekly_summary_pipeline.py
[2026-04-06T09:18:16.614+0000] {processor.py:830} INFO - Processing file /opt/airflow/dags/weekly_summary_pipeline.py for tasks to queue
[2026-04-06T09:18:16.617+0000] {logging_mixin.py:188} INFO - [2026-04-06T09:18:16.616+0000] {dagbag.py:538} INFO - Filling up the DagBag from /opt/airflow/dags/weekly_summary_pipeline.py
[2026-04-06T09:18:16.686+0000] {processor.py:840} INFO - DAG(s) 'weekly_summary_pipeline' retrieved from /opt/airflow/dags/weekly_summary_pipeline.py
[2026-04-06T09:18:16.766+0000] {logging_mixin.py:188} INFO - [2026-04-06T09:18:16.766+0000] {dag.py:3036} INFO - Sync 1 DAGs
[2026-04-06T09:18:16.820+0000] {logging_mixin.py:188} INFO - [2026-04-06T09:18:16.819+0000] {dag.py:3823} INFO - Setting next_dagrun for weekly_summary_pipeline to 2026-04-06 06:00:00+00:00, run_after=2026-04-13 06:00:00+00:00
[2026-04-06T09:18:16.857+0000] {processor.py:183} INFO - Processing /opt/airflow/dags/weekly_summary_pipeline.py took 0.254 seconds
[2026-04-06T09:18:47.682+0000] {processor.py:161} INFO - Started process (PID=5348) to work on /opt/airflow/dags/weekly_summary_pipeline.py
[2026-04-06T09:18:47.684+0000] {processor.py:830} INFO - Processing file /opt/airflow/dags/weekly_summary_pipeline.py for tasks to queue
[2026-04-06T09:18:47.686+0000] {logging_mixin.py:188} INFO - [2026-04-06T09:18:47.686+0000] {dagbag.py:538} INFO - Filling up the DagBag from /opt/airflow/dags/weekly_summary_pipeline.py
[2026-04-06T09:18:47.743+0000] {processor.py:840} INFO - DAG(s) 'weekly_summary_pipeline' retrieved from /opt/airflow/dags/weekly_summary_pipeline.py
[2026-04-06T09:18:47.786+0000] {logging_mixin.py:188} INFO - [2026-04-06T09:18:47.786+0000] {dag.py:3036} INFO - Sync 1 DAGs
[2026-04-06T09:18:47.818+0000] {logging_mixin.py:188} INFO - [2026-04-06T09:18:47.817+0000] {dag.py:3823} INFO - Setting next_dagrun for weekly_summary_pipeline to 2026-04-06 06:00:00+00:00, run_after=2026-04-13 06:00:00+00:00
[2026-04-06T09:18:47.847+0000] {processor.py:183} INFO - Processing /opt/airflow/dags/weekly_summary_pipeline.py took 0.173 seconds
[2026-04-06T09:19:18.572+0000] {processor.py:161} INFO - Started process (PID=5371) to work on /opt/airflow/dags/weekly_summary_pipeline.py
[2026-04-06T09:19:18.575+0000] {processor.py:830} INFO - Processing file /opt/airflow/dags/weekly_summary_pipeline.py for tasks to queue
[2026-04-06T09:19:18.576+0000] {logging_mixin.py:188} INFO - [2026-04-06T09:19:18.576+0000] {dagbag.py:538} INFO - Filling up the DagBag from /opt/airflow/dags/weekly_summary_pipeline.py
[2026-04-06T09:19:18.618+0000] {processor.py:840} INFO - DAG(s) 'weekly_summary_pipeline' retrieved from /opt/airflow/dags/weekly_summary_pipeline.py
[2026-04-06T09:19:18.668+0000] {logging_mixin.py:188} INFO - [2026-04-06T09:19:18.668+0000] {dag.py:3036} INFO - Sync 1 DAGs
[2026-04-06T09:19:18.706+0000] {logging_mixin.py:188} INFO - [2026-04-06T09:19:18.705+0000] {dag.py:3823} INFO - Setting next_dagrun for weekly_summary_pipeline to 2026-04-06 06:00:00+00:00, run_after=2026-04-13 06:00:00+00:00
[2026-04-06T09:19:18.732+0000] {processor.py:183} INFO - Processing /opt/airflow/dags/weekly_summary_pipeline.py took 0.167 seconds
[2026-04-06T09:19:49.477+0000] {processor.py:161} INFO - Started process (PID=5394) to work on /opt/airflow/dags/weekly_summary_pipeline.py
[2026-04-06T09:19:49.479+0000] {processor.py:830} INFO - Processing file /opt/airflow/dags/weekly_summary_pipeline.py for tasks to queue
[2026-04-06T09:19:49.480+0000] {logging_mixin.py:188} INFO - [2026-04-06T09:19:49.480+0000] {dagbag.py:538} INFO - Filling up the DagBag from /opt/airflow/dags/weekly_summary_pipeline.py
[2026-04-06T09:19:49.524+0000] {processor.py:840} INFO - DAG(s) 'weekly_summary_pipeline' retrieved from /opt/airflow/dags/weekly_summary_pipeline.py
[2026-04-06T09:19:49.572+0000] {logging_mixin.py:188} INFO - [2026-04-06T09:19:49.572+0000] {dag.py:3036} INFO - Sync 1 DAGs
[2026-04-06T09:19:49.610+0000] {logging_mixin.py:188} INFO - [2026-04-06T09:19:49.609+0000] {dag.py:3823} INFO - Setting next_dagrun for weekly_summary_pipeline to 2026-04-06 06:00:00+00:00, run_after=2026-04-13 06:00:00+00:00
[2026-04-06T09:19:49.638+0000] {processor.py:183} INFO - Processing /opt/airflow/dags/weekly_summary_pipeline.py took 0.164 seconds
[2026-04-06T09:20:20.153+0000] {processor.py:161} INFO - Started process (PID=5414) to work on /opt/airflow/dags/weekly_summary_pipeline.py
[2026-04-06T09:20:20.157+0000] {processor.py:830} INFO - Processing file /opt/airflow/dags/weekly_summary_pipeline.py for tasks to queue
[2026-04-06T09:20:20.160+0000] {logging_mixin.py:188} INFO - [2026-04-06T09:20:20.160+0000] {dagbag.py:538} INFO - Filling up the DagBag from /opt/airflow/dags/weekly_summary_pipeline.py
[2026-04-06T09:20:20.203+0000] {processor.py:840} INFO - DAG(s) 'weekly_summary_pipeline' retrieved from /opt/airflow/dags/weekly_summary_pipeline.py
[2026-04-06T09:20:20.254+0000] {logging_mixin.py:188} INFO - [2026-04-06T09:20:20.253+0000] {dag.py:3036} INFO - Sync 1 DAGs
[2026-04-06T09:20:20.288+0000] {logging_mixin.py:188} INFO - [2026-04-06T09:20:20.288+0000] {dag.py:3823} INFO - Setting next_dagrun for weekly_summary_pipeline to 2026-04-06 06:00:00+00:00, run_after=2026-04-13 06:00:00+00:00
[2026-04-06T09:20:20.317+0000] {processor.py:183} INFO - Processing /opt/airflow/dags/weekly_summary_pipeline.py took 0.173 seconds
[2026-04-06T09:20:50.898+0000] {processor.py:161} INFO - Started process (PID=5432) to work on /opt/airflow/dags/weekly_summary_pipeline.py
[2026-04-06T09:20:50.899+0000] {processor.py:830} INFO - Processing file /opt/airflow/dags/weekly_summary_pipeline.py for tasks to queue
[2026-04-06T09:20:50.901+0000] {logging_mixin.py:188} INFO - [2026-04-06T09:20:50.900+0000] {dagbag.py:538} INFO - Filling up the DagBag from /opt/airflow/dags/weekly_summary_pipeline.py
[2026-04-06T09:20:50.931+0000] {processor.py:840} INFO - DAG(s) 'weekly_summary_pipeline' retrieved from /opt/airflow/dags/weekly_summary_pipeline.py
[2026-04-06T09:20:50.970+0000] {logging_mixin.py:188} INFO - [2026-04-06T09:20:50.970+0000] {dag.py:3036} INFO - Sync 1 DAGs
[2026-04-06T09:20:51.010+0000] {logging_mixin.py:188} INFO - [2026-04-06T09:20:51.010+0000] {dag.py:3823} INFO - Setting next_dagrun for weekly_summary_pipeline to 2026-04-06 06:00:00+00:00, run_after=2026-04-13 06:00:00+00:00
[2026-04-06T09:20:51.042+0000] {processor.py:183} INFO - Processing /opt/airflow/dags/weekly_summary_pipeline.py took 0.149 seconds
[2026-04-06T09:21:21.792+0000] {processor.py:161} INFO - Started process (PID=5456) to work on /opt/airflow/dags/weekly_summary_pipeline.py
[2026-04-06T09:21:21.796+0000] {processor.py:830} INFO - Processing file /opt/airflow/dags/weekly_summary_pipeline.py for tasks to queue
[2026-04-06T09:21:21.798+0000] {logging_mixin.py:188} INFO - [2026-04-06T09:21:21.798+0000] {dagbag.py:538} INFO - Filling up the DagBag from /opt/airflow/dags/weekly_summary_pipeline.py
[2026-04-06T09:21:21.856+0000] {processor.py:840} INFO - DAG(s) 'weekly_summary_pipeline' retrieved from /opt/airflow/dags/weekly_summary_pipeline.py
[2026-04-06T09:21:21.908+0000] {logging_mixin.py:188} INFO - [2026-04-06T09:21:21.907+0000] {dag.py:3036} INFO - Sync 1 DAGs
[2026-04-06T09:21:21.939+0000] {logging_mixin.py:188} INFO - [2026-04-06T09:21:21.939+0000] {dag.py:3823} INFO - Setting next_dagrun for weekly_summary_pipeline to 2026-04-06 06:00:00+00:00, run_after=2026-04-13 06:00:00+00:00
[2026-04-06T09:21:21.966+0000] {processor.py:183} INFO - Processing /opt/airflow/dags/weekly_summary_pipeline.py took 0.182 seconds
[2026-04-06T09:21:52.683+0000] {processor.py:161} INFO - Started process (PID=5479) to work on /opt/airflow/dags/weekly_summary_pipeline.py
[2026-04-06T09:21:52.687+0000] {processor.py:830} INFO - Processing file /opt/airflow/dags/weekly_summary_pipeline.py for tasks to queue
[2026-04-06T09:21:52.691+0000] {logging_mixin.py:188} INFO - [2026-04-06T09:21:52.690+0000] {dagbag.py:538} INFO - Filling up the DagBag from /opt/airflow/dags/weekly_summary_pipeline.py
[2026-04-06T09:21:52.740+0000] {processor.py:840} INFO - DAG(s) 'weekly_summary_pipeline' retrieved from /opt/airflow/dags/weekly_summary_pipeline.py
[2026-04-06T09:21:52.775+0000] {logging_mixin.py:188} INFO - [2026-04-06T09:21:52.775+0000] {dag.py:3036} INFO - Sync 1 DAGs
[2026-04-06T09:21:52.814+0000] {logging_mixin.py:188} INFO - [2026-04-06T09:21:52.814+0000] {dag.py:3823} INFO - Setting next_dagrun for weekly_summary_pipeline to 2026-04-06 06:00:00+00:00, run_after=2026-04-13 06:00:00+00:00
[2026-04-06T09:21:52.860+0000] {processor.py:183} INFO - Processing /opt/airflow/dags/weekly_summary_pipeline.py took 0.192 seconds
[2026-04-06T09:22:23.586+0000] {processor.py:161} INFO - Started process (PID=5502) to work on /opt/airflow/dags/weekly_summary_pipeline.py
[2026-04-06T09:22:23.587+0000] {processor.py:830} INFO - Processing file /opt/airflow/dags/weekly_summary_pipeline.py for tasks to queue
[2026-04-06T09:22:23.589+0000] {logging_mixin.py:188} INFO - [2026-04-06T09:22:23.588+0000] {dagbag.py:538} INFO - Filling up the DagBag from /opt/airflow/dags/weekly_summary_pipeline.py
[2026-04-06T09:22:23.620+0000] {processor.py:840} INFO - DAG(s) 'weekly_summary_pipeline' retrieved from /opt/airflow/dags/weekly_summary_pipeline.py
[2026-04-06T09:22:23.671+0000] {logging_mixin.py:188} INFO - [2026-04-06T09:22:23.670+0000] {dag.py:3036} INFO - Sync 1 DAGs
[2026-04-06T09:22:23.702+0000] {logging_mixin.py:188} INFO - [2026-04-06T09:22:23.702+0000] {dag.py:3823} INFO - Setting next_dagrun for weekly_summary_pipeline to 2026-04-06 06:00:00+00:00, run_after=2026-04-13 06:00:00+00:00
[2026-04-06T09:22:23.728+0000] {processor.py:183} INFO - Processing /opt/airflow/dags/weekly_summary_pipeline.py took 0.147 seconds
[2026-04-06T09:22:54.443+0000] {processor.py:161} INFO - Started process (PID=5525) to work on /opt/airflow/dags/weekly_summary_pipeline.py
[2026-04-06T09:22:54.446+0000] {processor.py:830} INFO - Processing file /opt/airflow/dags/weekly_summary_pipeline.py for tasks to queue
[2026-04-06T09:22:54.448+0000] {logging_mixin.py:188} INFO - [2026-04-06T09:22:54.447+0000] {dagbag.py:538} INFO - Filling up the DagBag from /opt/airflow/dags/weekly_summary_pipeline.py
[2026-04-06T09:22:54.493+0000] {processor.py:840} INFO - DAG(s) 'weekly_summary_pipeline' retrieved from /opt/airflow/dags/weekly_summary_pipeline.py
[2026-04-06T09:22:54.539+0000] {logging_mixin.py:188} INFO - [2026-04-06T09:22:54.539+0000] {dag.py:3036} INFO - Sync 1 DAGs
[2026-04-06T09:22:54.578+0000] {logging_mixin.py:188} INFO - [2026-04-06T09:22:54.578+0000] {dag.py:3823} INFO - Setting next_dagrun for weekly_summary_pipeline to 2026-04-06 06:00:00+00:00, run_after=2026-04-13 06:00:00+00:00
[2026-04-06T09:22:54.614+0000] {processor.py:183} INFO - Processing /opt/airflow/dags/weekly_summary_pipeline.py took 0.176 seconds
[2026-04-06T09:23:25.281+0000] {processor.py:161} INFO - Started process (PID=5548) to work on /opt/airflow/dags/weekly_summary_pipeline.py
[2026-04-06T09:23:25.283+0000] {processor.py:830} INFO - Processing file /opt/airflow/dags/weekly_summary_pipeline.py for tasks to queue
[2026-04-06T09:23:25.286+0000] {logging_mixin.py:188} INFO - [2026-04-06T09:23:25.285+0000] {dagbag.py:538} INFO - Filling up the DagBag from /opt/airflow/dags/weekly_summary_pipeline.py
[2026-04-06T09:23:25.338+0000] {processor.py:840} INFO - DAG(s) 'weekly_summary_pipeline' retrieved from /opt/airflow/dags/weekly_summary_pipeline.py
[2026-04-06T09:23:25.393+0000] {logging_mixin.py:188} INFO - [2026-04-06T09:23:25.392+0000] {dag.py:3036} INFO - Sync 1 DAGs
[2026-04-06T09:23:25.432+0000] {logging_mixin.py:188} INFO - [2026-04-06T09:23:25.432+0000] {dag.py:3823} INFO - Setting next_dagrun for weekly_summary_pipeline to 2026-04-06 06:00:00+00:00, run_after=2026-04-13 06:00:00+00:00
[2026-04-06T09:23:25.469+0000] {processor.py:183} INFO - Processing /opt/airflow/dags/weekly_summary_pipeline.py took 0.194 seconds
[2026-04-06T09:23:56.230+0000] {processor.py:161} INFO - Started process (PID=5571) to work on /opt/airflow/dags/weekly_summary_pipeline.py
[2026-04-06T09:23:56.232+0000] {processor.py:830} INFO - Processing file /opt/airflow/dags/weekly_summary_pipeline.py for tasks to queue
[2026-04-06T09:23:56.234+0000] {logging_mixin.py:188} INFO - [2026-04-06T09:23:56.234+0000] {dagbag.py:538} INFO - Filling up the DagBag from /opt/airflow/dags/weekly_summary_pipeline.py
[2026-04-06T09:23:56.270+0000] {processor.py:840} INFO - DAG(s) 'weekly_summary_pipeline' retrieved from /opt/airflow/dags/weekly_summary_pipeline.py
[2026-04-06T09:23:56.316+0000] {logging_mixin.py:188} INFO - [2026-04-06T09:23:56.316+0000] {dag.py:3036} INFO - Sync 1 DAGs
[2026-04-06T09:23:56.359+0000] {logging_mixin.py:188} INFO - [2026-04-06T09:23:56.358+0000] {dag.py:3823} INFO - Setting next_dagrun for weekly_summary_pipeline to 2026-04-06 06:00:00+00:00, run_after=2026-04-13 06:00:00+00:00
[2026-04-06T09:23:56.401+0000] {processor.py:183} INFO - Processing /opt/airflow/dags/weekly_summary_pipeline.py took 0.177 seconds
[2026-04-06T09:24:27.087+0000] {processor.py:161} INFO - Started process (PID=5594) to work on /opt/airflow/dags/weekly_summary_pipeline.py
[2026-04-06T09:24:27.091+0000] {processor.py:830} INFO - Processing file /opt/airflow/dags/weekly_summary_pipeline.py for tasks to queue
[2026-04-06T09:24:27.094+0000] {logging_mixin.py:188} INFO - [2026-04-06T09:24:27.094+0000] {dagbag.py:538} INFO - Filling up the DagBag from /opt/airflow/dags/weekly_summary_pipeline.py
[2026-04-06T09:24:27.148+0000] {processor.py:840} INFO - DAG(s) 'weekly_summary_pipeline' retrieved from /opt/airflow/dags/weekly_summary_pipeline.py
[2026-04-06T09:24:27.205+0000] {logging_mixin.py:188} INFO - [2026-04-06T09:24:27.205+0000] {dag.py:3036} INFO - Sync 1 DAGs
[2026-04-06T09:24:27.259+0000] {logging_mixin.py:188} INFO - [2026-04-06T09:24:27.259+0000] {dag.py:3823} INFO - Setting next_dagrun for weekly_summary_pipeline to 2026-04-06 06:00:00+00:00, run_after=2026-04-13 06:00:00+00:00
[2026-04-06T09:24:27.290+0000] {processor.py:183} INFO - Processing /opt/airflow/dags/weekly_summary_pipeline.py took 0.208 seconds
[2026-04-06T09:24:58.030+0000] {processor.py:161} INFO - Started process (PID=5618) to work on /opt/airflow/dags/weekly_summary_pipeline.py
[2026-04-06T09:24:58.033+0000] {processor.py:830} INFO - Processing file /opt/airflow/dags/weekly_summary_pipeline.py for tasks to queue
[2026-04-06T09:24:58.035+0000] {logging_mixin.py:188} INFO - [2026-04-06T09:24:58.034+0000] {dagbag.py:538} INFO - Filling up the DagBag from /opt/airflow/dags/weekly_summary_pipeline.py
[2026-04-06T09:24:58.090+0000] {processor.py:840} INFO - DAG(s) 'weekly_summary_pipeline' retrieved from /opt/airflow/dags/weekly_summary_pipeline.py
[2026-04-06T09:24:58.143+0000] {logging_mixin.py:188} INFO - [2026-04-06T09:24:58.142+0000] {dag.py:3036} INFO - Sync 1 DAGs
[2026-04-06T09:24:58.175+0000] {logging_mixin.py:188} INFO - [2026-04-06T09:24:58.175+0000] {dag.py:3823} INFO - Setting next_dagrun for weekly_summary_pipeline to 2026-04-06 06:00:00+00:00, run_after=2026-04-13 06:00:00+00:00
[2026-04-06T09:24:58.208+0000] {processor.py:183} INFO - Processing /opt/airflow/dags/weekly_summary_pipeline.py took 0.183 seconds
[2026-04-06T09:25:29.033+0000] {processor.py:161} INFO - Started process (PID=5641) to work on /opt/airflow/dags/weekly_summary_pipeline.py
[2026-04-06T09:25:29.035+0000] {processor.py:830} INFO - Processing file /opt/airflow/dags/weekly_summary_pipeline.py for tasks to queue
[2026-04-06T09:25:29.036+0000] {logging_mixin.py:188} INFO - [2026-04-06T09:25:29.036+0000] {dagbag.py:538} INFO - Filling up the DagBag from /opt/airflow/dags/weekly_summary_pipeline.py
[2026-04-06T09:25:29.079+0000] {processor.py:840} INFO - DAG(s) 'weekly_summary_pipeline' retrieved from /opt/airflow/dags/weekly_summary_pipeline.py
[2026-04-06T09:25:29.128+0000] {logging_mixin.py:188} INFO - [2026-04-06T09:25:29.127+0000] {dag.py:3036} INFO - Sync 1 DAGs
[2026-04-06T09:25:29.165+0000] {logging_mixin.py:188} INFO - [2026-04-06T09:25:29.165+0000] {dag.py:3823} INFO - Setting next_dagrun for weekly_summary_pipeline to 2026-04-06 06:00:00+00:00, run_after=2026-04-13 06:00:00+00:00
[2026-04-06T09:25:29.200+0000] {processor.py:183} INFO - Processing /opt/airflow/dags/weekly_summary_pipeline.py took 0.172 seconds
[2026-04-06T09:25:59.746+0000] {processor.py:161} INFO - Started process (PID=5664) to work on /opt/airflow/dags/weekly_summary_pipeline.py
[2026-04-06T09:25:59.751+0000] {processor.py:830} INFO - Processing file /opt/airflow/dags/weekly_summary_pipeline.py for tasks to queue
[2026-04-06T09:25:59.755+0000] {logging_mixin.py:188} INFO - [2026-04-06T09:25:59.754+0000] {dagbag.py:538} INFO - Filling up the DagBag from /opt/airflow/dags/weekly_summary_pipeline.py
[2026-04-06T09:25:59.797+0000] {processor.py:840} INFO - DAG(s) 'weekly_summary_pipeline' retrieved from /opt/airflow/dags/weekly_summary_pipeline.py
[2026-04-06T09:25:59.833+0000] {logging_mixin.py:188} INFO - [2026-04-06T09:25:59.833+0000] {dag.py:3036} INFO - Sync 1 DAGs
[2026-04-06T09:25:59.864+0000] {logging_mixin.py:188} INFO - [2026-04-06T09:25:59.864+0000] {dag.py:3823} INFO - Setting next_dagrun for weekly_summary_pipeline to 2026-04-06 06:00:00+00:00, run_after=2026-04-13 06:00:00+00:00
[2026-04-06T09:25:59.890+0000] {processor.py:183} INFO - Processing /opt/airflow/dags/weekly_summary_pipeline.py took 0.152 seconds
[2026-04-06T09:26:30.729+0000] {processor.py:161} INFO - Started process (PID=5690) to work on /opt/airflow/dags/weekly_summary_pipeline.py
[2026-04-06T09:26:30.731+0000] {processor.py:830} INFO - Processing file /opt/airflow/dags/weekly_summary_pipeline.py for tasks to queue
[2026-04-06T09:26:30.733+0000] {logging_mixin.py:188} INFO - [2026-04-06T09:26:30.732+0000] {dagbag.py:538} INFO - Filling up the DagBag from /opt/airflow/dags/weekly_summary_pipeline.py
[2026-04-06T09:26:30.777+0000] {processor.py:840} INFO - DAG(s) 'weekly_summary_pipeline' retrieved from /opt/airflow/dags/weekly_summary_pipeline.py
[2026-04-06T09:26:30.823+0000] {logging_mixin.py:188} INFO - [2026-04-06T09:26:30.822+0000] {dag.py:3036} INFO - Sync 1 DAGs
[2026-04-06T09:26:30.861+0000] {logging_mixin.py:188} INFO - [2026-04-06T09:26:30.861+0000] {dag.py:3823} INFO - Setting next_dagrun for weekly_summary_pipeline to 2026-04-06 06:00:00+00:00, run_after=2026-04-13 06:00:00+00:00
[2026-04-06T09:26:30.891+0000] {processor.py:183} INFO - Processing /opt/airflow/dags/weekly_summary_pipeline.py took 0.168 seconds
[2026-04-06T09:27:01.600+0000] {processor.py:161} INFO - Started process (PID=5909) to work on /opt/airflow/dags/weekly_summary_pipeline.py
[2026-04-06T09:27:01.601+0000] {processor.py:830} INFO - Processing file /opt/airflow/dags/weekly_summary_pipeline.py for tasks to queue
[2026-04-06T09:27:01.603+0000] {logging_mixin.py:188} INFO - [2026-04-06T09:27:01.602+0000] {dagbag.py:538} INFO - Filling up the DagBag from /opt/airflow/dags/weekly_summary_pipeline.py
[2026-04-06T09:27:01.649+0000] {processor.py:840} INFO - DAG(s) 'weekly_summary_pipeline' retrieved from /opt/airflow/dags/weekly_summary_pipeline.py
[2026-04-06T09:27:01.693+0000] {logging_mixin.py:188} INFO - [2026-04-06T09:27:01.692+0000] {dag.py:3036} INFO - Sync 1 DAGs
[2026-04-06T09:27:01.724+0000] {logging_mixin.py:188} INFO - [2026-04-06T09:27:01.724+0000] {dag.py:3823} INFO - Setting next_dagrun for weekly_summary_pipeline to 2026-04-06 06:00:00+00:00, run_after=2026-04-13 06:00:00+00:00
[2026-04-06T09:27:01.750+0000] {processor.py:183} INFO - Processing /opt/airflow/dags/weekly_summary_pipeline.py took 0.155 seconds
[2026-04-06T09:27:32.302+0000] {processor.py:161} INFO - Started process (PID=5932) to work on /opt/airflow/dags/weekly_summary_pipeline.py
[2026-04-06T09:27:32.306+0000] {processor.py:830} INFO - Processing file /opt/airflow/dags/weekly_summary_pipeline.py for tasks to queue
[2026-04-06T09:27:32.310+0000] {logging_mixin.py:188} INFO - [2026-04-06T09:27:32.309+0000] {dagbag.py:538} INFO - Filling up the DagBag from /opt/airflow/dags/weekly_summary_pipeline.py
[2026-04-06T09:27:32.368+0000] {processor.py:840} INFO - DAG(s) 'weekly_summary_pipeline' retrieved from /opt/airflow/dags/weekly_summary_pipeline.py
[2026-04-06T09:27:32.432+0000] {logging_mixin.py:188} INFO - [2026-04-06T09:27:32.432+0000] {dag.py:3036} INFO - Sync 1 DAGs
[2026-04-06T09:27:32.472+0000] {logging_mixin.py:188} INFO - [2026-04-06T09:27:32.471+0000] {dag.py:3823} INFO - Setting next_dagrun for weekly_summary_pipeline to 2026-04-06 06:00:00+00:00, run_after=2026-04-13 06:00:00+00:00
[2026-04-06T09:27:32.504+0000] {processor.py:183} INFO - Processing /opt/airflow/dags/weekly_summary_pipeline.py took 0.212 seconds
[2026-04-06T09:28:03.174+0000] {processor.py:161} INFO - Started process (PID=5955) to work on /opt/airflow/dags/weekly_summary_pipeline.py
[2026-04-06T09:28:03.176+0000] {processor.py:830} INFO - Processing file /opt/airflow/dags/weekly_summary_pipeline.py for tasks to queue
[2026-04-06T09:28:03.181+0000] {logging_mixin.py:188} INFO - [2026-04-06T09:28:03.178+0000] {dagbag.py:538} INFO - Filling up the DagBag from /opt/airflow/dags/weekly_summary_pipeline.py
[2026-04-06T09:28:03.227+0000] {processor.py:840} INFO - DAG(s) 'weekly_summary_pipeline' retrieved from /opt/airflow/dags/weekly_summary_pipeline.py
[2026-04-06T09:28:03.327+0000] {logging_mixin.py:188} INFO - [2026-04-06T09:28:03.326+0000] {dag.py:3036} INFO - Sync 1 DAGs
[2026-04-06T09:28:03.389+0000] {logging_mixin.py:188} INFO - [2026-04-06T09:28:03.389+0000] {dag.py:3823} INFO - Setting next_dagrun for weekly_summary_pipeline to 2026-04-06 06:00:00+00:00, run_after=2026-04-13 06:00:00+00:00
[2026-04-06T09:28:03.426+0000] {processor.py:183} INFO - Processing /opt/airflow/dags/weekly_summary_pipeline.py took 0.257 seconds
[2026-04-06T09:28:33.838+0000] {processor.py:161} INFO - Started process (PID=5978) to work on /opt/airflow/dags/weekly_summary_pipeline.py
[2026-04-06T09:28:33.840+0000] {processor.py:830} INFO - Processing file /opt/airflow/dags/weekly_summary_pipeline.py for tasks to queue
[2026-04-06T09:28:33.841+0000] {logging_mixin.py:188} INFO - [2026-04-06T09:28:33.841+0000] {dagbag.py:538} INFO - Filling up the DagBag from /opt/airflow/dags/weekly_summary_pipeline.py
[2026-04-06T09:28:33.872+0000] {processor.py:840} INFO - DAG(s) 'weekly_summary_pipeline' retrieved from /opt/airflow/dags/weekly_summary_pipeline.py
[2026-04-06T09:28:33.911+0000] {logging_mixin.py:188} INFO - [2026-04-06T09:28:33.910+0000] {dag.py:3036} INFO - Sync 1 DAGs
[2026-04-06T09:28:33.943+0000] {logging_mixin.py:188} INFO - [2026-04-06T09:28:33.942+0000] {dag.py:3823} INFO - Setting next_dagrun for weekly_summary_pipeline to 2026-04-06 06:00:00+00:00, run_after=2026-04-13 06:00:00+00:00
[2026-04-06T09:28:33.971+0000] {processor.py:183} INFO - Processing /opt/airflow/dags/weekly_summary_pipeline.py took 0.139 seconds
[2026-04-06T09:29:04.599+0000] {processor.py:161} INFO - Started process (PID=6001) to work on /opt/airflow/dags/weekly_summary_pipeline.py
[2026-04-06T09:29:04.601+0000] {processor.py:830} INFO - Processing file /opt/airflow/dags/weekly_summary_pipeline.py for tasks to queue
[2026-04-06T09:29:04.603+0000] {logging_mixin.py:188} INFO - [2026-04-06T09:29:04.602+0000] {dagbag.py:538} INFO - Filling up the DagBag from /opt/airflow/dags/weekly_summary_pipeline.py
[2026-04-06T09:29:04.663+0000] {processor.py:840} INFO - DAG(s) 'weekly_summary_pipeline' retrieved from /opt/airflow/dags/weekly_summary_pipeline.py
[2026-04-06T09:29:04.764+0000] {logging_mixin.py:188} INFO - [2026-04-06T09:29:04.764+0000] {dag.py:3036} INFO - Sync 1 DAGs
[2026-04-06T09:29:04.828+0000] {logging_mixin.py:188} INFO - [2026-04-06T09:29:04.828+0000] {dag.py:3823} INFO - Setting next_dagrun for weekly_summary_pipeline to 2026-04-06 06:00:00+00:00, run_after=2026-04-13 06:00:00+00:00
[2026-04-06T09:29:04.870+0000] {processor.py:183} INFO - Processing /opt/airflow/dags/weekly_summary_pipeline.py took 0.279 seconds
[2026-04-06T09:29:35.505+0000] {processor.py:161} INFO - Started process (PID=6024) to work on /opt/airflow/dags/weekly_summary_pipeline.py
[2026-04-06T09:29:35.507+0000] {processor.py:830} INFO - Processing file /opt/airflow/dags/weekly_summary_pipeline.py for tasks to queue
[2026-04-06T09:29:35.509+0000] {logging_mixin.py:188} INFO - [2026-04-06T09:29:35.509+0000] {dagbag.py:538} INFO - Filling up the DagBag from /opt/airflow/dags/weekly_summary_pipeline.py
[2026-04-06T09:29:35.552+0000] {processor.py:840} INFO - DAG(s) 'weekly_summary_pipeline' retrieved from /opt/airflow/dags/weekly_summary_pipeline.py
[2026-04-06T09:29:35.601+0000] {logging_mixin.py:188} INFO - [2026-04-06T09:29:35.601+0000] {dag.py:3036} INFO - Sync 1 DAGs
[2026-04-06T09:29:35.656+0000] {logging_mixin.py:188} INFO - [2026-04-06T09:29:35.655+0000] {dag.py:3823} INFO - Setting next_dagrun for weekly_summary_pipeline to 2026-04-06 06:00:00+00:00, run_after=2026-04-13 06:00:00+00:00
[2026-04-06T09:29:35.702+0000] {processor.py:183} INFO - Processing /opt/airflow/dags/weekly_summary_pipeline.py took 0.203 seconds
[2026-04-06T09:30:06.309+0000] {processor.py:161} INFO - Started process (PID=6039) to work on /opt/airflow/dags/weekly_summary_pipeline.py
[2026-04-06T09:30:06.310+0000] {processor.py:830} INFO - Processing file /opt/airflow/dags/weekly_summary_pipeline.py for tasks to queue
[2026-04-06T09:30:06.312+0000] {logging_mixin.py:188} INFO - [2026-04-06T09:30:06.311+0000] {dagbag.py:538} INFO - Filling up the DagBag from /opt/airflow/dags/weekly_summary_pipeline.py
[2026-04-06T09:30:06.352+0000] {processor.py:840} INFO - DAG(s) 'weekly_summary_pipeline' retrieved from /opt/airflow/dags/weekly_summary_pipeline.py
[2026-04-06T09:30:06.395+0000] {logging_mixin.py:188} INFO - [2026-04-06T09:30:06.395+0000] {dag.py:3036} INFO - Sync 1 DAGs
[2026-04-06T09:30:06.425+0000] {logging_mixin.py:188} INFO - [2026-04-06T09:30:06.425+0000] {dag.py:3823} INFO - Setting next_dagrun for weekly_summary_pipeline to 2026-04-06 06:00:00+00:00, run_after=2026-04-13 06:00:00+00:00
[2026-04-06T09:30:06.450+0000] {processor.py:183} INFO - Processing /opt/airflow/dags/weekly_summary_pipeline.py took 0.145 seconds
[2026-04-06T09:30:37.105+0000] {processor.py:161} INFO - Started process (PID=6062) to work on /opt/airflow/dags/weekly_summary_pipeline.py
[2026-04-06T09:30:37.107+0000] {processor.py:830} INFO - Processing file /opt/airflow/dags/weekly_summary_pipeline.py for tasks to queue
[2026-04-06T09:30:37.109+0000] {logging_mixin.py:188} INFO - [2026-04-06T09:30:37.108+0000] {dagbag.py:538} INFO - Filling up the DagBag from /opt/airflow/dags/weekly_summary_pipeline.py
[2026-04-06T09:30:37.152+0000] {processor.py:840} INFO - DAG(s) 'weekly_summary_pipeline' retrieved from /opt/airflow/dags/weekly_summary_pipeline.py
[2026-04-06T09:30:37.190+0000] {logging_mixin.py:188} INFO - [2026-04-06T09:30:37.190+0000] {dag.py:3036} INFO - Sync 1 DAGs
[2026-04-06T09:30:37.220+0000] {logging_mixin.py:188} INFO - [2026-04-06T09:30:37.219+0000] {dag.py:3823} INFO - Setting next_dagrun for weekly_summary_pipeline to 2026-04-06 06:00:00+00:00, run_after=2026-04-13 06:00:00+00:00
[2026-04-06T09:30:37.247+0000] {processor.py:183} INFO - Processing /opt/airflow/dags/weekly_summary_pipeline.py took 0.147 seconds
[2026-04-06T09:31:07.967+0000] {processor.py:161} INFO - Started process (PID=6087) to work on /opt/airflow/dags/weekly_summary_pipeline.py
[2026-04-06T09:31:07.969+0000] {processor.py:830} INFO - Processing file /opt/airflow/dags/weekly_summary_pipeline.py for tasks to queue
[2026-04-06T09:31:07.970+0000] {logging_mixin.py:188} INFO - [2026-04-06T09:31:07.970+0000] {dagbag.py:538} INFO - Filling up the DagBag from /opt/airflow/dags/weekly_summary_pipeline.py
[2026-04-06T09:31:08.009+0000] {processor.py:840} INFO - DAG(s) 'weekly_summary_pipeline' retrieved from /opt/airflow/dags/weekly_summary_pipeline.py
[2026-04-06T09:31:08.057+0000] {logging_mixin.py:188} INFO - [2026-04-06T09:31:08.057+0000] {dag.py:3036} INFO - Sync 1 DAGs
[2026-04-06T09:31:08.101+0000] {logging_mixin.py:188} INFO - [2026-04-06T09:31:08.100+0000] {dag.py:3823} INFO - Setting next_dagrun for weekly_summary_pipeline to 2026-04-06 06:00:00+00:00, run_after=2026-04-13 06:00:00+00:00
[2026-04-06T09:31:08.147+0000] {processor.py:183} INFO - Processing /opt/airflow/dags/weekly_summary_pipeline.py took 0.184 seconds
[2026-04-06T09:31:38.921+0000] {processor.py:161} INFO - Started process (PID=6110) to work on /opt/airflow/dags/weekly_summary_pipeline.py
[2026-04-06T09:31:38.922+0000] {processor.py:830} INFO - Processing file /opt/airflow/dags/weekly_summary_pipeline.py for tasks to queue
[2026-04-06T09:31:38.924+0000] {logging_mixin.py:188} INFO - [2026-04-06T09:31:38.923+0000] {dagbag.py:538} INFO - Filling up the DagBag from /opt/airflow/dags/weekly_summary_pipeline.py
[2026-04-06T09:31:38.950+0000] {processor.py:840} INFO - DAG(s) 'weekly_summary_pipeline' retrieved from /opt/airflow/dags/weekly_summary_pipeline.py
[2026-04-06T09:31:38.983+0000] {logging_mixin.py:188} INFO - [2026-04-06T09:31:38.983+0000] {dag.py:3036} INFO - Sync 1 DAGs
[2026-04-06T09:31:39.012+0000] {logging_mixin.py:188} INFO - [2026-04-06T09:31:39.012+0000] {dag.py:3823} INFO - Setting next_dagrun for weekly_summary_pipeline to 2026-04-06 06:00:00+00:00, run_after=2026-04-13 06:00:00+00:00
[2026-04-06T09:31:39.041+0000] {processor.py:183} INFO - Processing /opt/airflow/dags/weekly_summary_pipeline.py took 0.126 seconds
[2026-04-06T09:32:09.762+0000] {processor.py:161} INFO - Started process (PID=6133) to work on /opt/airflow/dags/weekly_summary_pipeline.py
[2026-04-06T09:32:09.763+0000] {processor.py:830} INFO - Processing file /opt/airflow/dags/weekly_summary_pipeline.py for tasks to queue
[2026-04-06T09:32:09.765+0000] {logging_mixin.py:188} INFO - [2026-04-06T09:32:09.764+0000] {dagbag.py:538} INFO - Filling up the DagBag from /opt/airflow/dags/weekly_summary_pipeline.py
[2026-04-06T09:32:09.807+0000] {processor.py:840} INFO - DAG(s) 'weekly_summary_pipeline' retrieved from /opt/airflow/dags/weekly_summary_pipeline.py
[2026-04-06T09:32:09.856+0000] {logging_mixin.py:188} INFO - [2026-04-06T09:32:09.856+0000] {dag.py:3036} INFO - Sync 1 DAGs
[2026-04-06T09:32:09.893+0000] {logging_mixin.py:188} INFO - [2026-04-06T09:32:09.892+0000] {dag.py:3823} INFO - Setting next_dagrun for weekly_summary_pipeline to 2026-04-06 06:00:00+00:00, run_after=2026-04-13 06:00:00+00:00
[2026-04-06T09:32:09.924+0000] {processor.py:183} INFO - Processing /opt/airflow/dags/weekly_summary_pipeline.py took 0.167 seconds
[2026-04-06T09:32:40.695+0000] {processor.py:161} INFO - Started process (PID=6156) to work on /opt/airflow/dags/weekly_summary_pipeline.py
[2026-04-06T09:32:40.696+0000] {processor.py:830} INFO - Processing file /opt/airflow/dags/weekly_summary_pipeline.py for tasks to queue
[2026-04-06T09:32:40.698+0000] {logging_mixin.py:188} INFO - [2026-04-06T09:32:40.697+0000] {dagbag.py:538} INFO - Filling up the DagBag from /opt/airflow/dags/weekly_summary_pipeline.py
[2026-04-06T09:32:40.737+0000] {processor.py:840} INFO - DAG(s) 'weekly_summary_pipeline' retrieved from /opt/airflow/dags/weekly_summary_pipeline.py
[2026-04-06T09:32:40.788+0000] {logging_mixin.py:188} INFO - [2026-04-06T09:32:40.788+0000] {dag.py:3036} INFO - Sync 1 DAGs
[2026-04-06T09:32:40.826+0000] {logging_mixin.py:188} INFO - [2026-04-06T09:32:40.826+0000] {dag.py:3823} INFO - Setting next_dagrun for weekly_summary_pipeline to 2026-04-06 06:00:00+00:00, run_after=2026-04-13 06:00:00+00:00
[2026-04-06T09:32:40.861+0000] {processor.py:183} INFO - Processing /opt/airflow/dags/weekly_summary_pipeline.py took 0.171 seconds
[2026-04-06T09:33:11.617+0000] {processor.py:161} INFO - Started process (PID=6179) to work on /opt/airflow/dags/weekly_summary_pipeline.py
[2026-04-06T09:33:11.618+0000] {processor.py:830} INFO - Processing file /opt/airflow/dags/weekly_summary_pipeline.py for tasks to queue
[2026-04-06T09:33:11.620+0000] {logging_mixin.py:188} INFO - [2026-04-06T09:33:11.619+0000] {dagbag.py:538} INFO - Filling up the DagBag from /opt/airflow/dags/weekly_summary_pipeline.py
[2026-04-06T09:33:11.648+0000] {processor.py:840} INFO - DAG(s) 'weekly_summary_pipeline' retrieved from /opt/airflow/dags/weekly_summary_pipeline.py
[2026-04-06T09:33:11.687+0000] {logging_mixin.py:188} INFO - [2026-04-06T09:33:11.687+0000] {dag.py:3036} INFO - Sync 1 DAGs
[2026-04-06T09:33:11.717+0000] {logging_mixin.py:188} INFO - [2026-04-06T09:33:11.716+0000] {dag.py:3823} INFO - Setting next_dagrun for weekly_summary_pipeline to 2026-04-06 06:00:00+00:00, run_after=2026-04-13 06:00:00+00:00
[2026-04-06T09:33:11.741+0000] {processor.py:183} INFO - Processing /opt/airflow/dags/weekly_summary_pipeline.py took 0.130 seconds
[2026-04-06T09:33:42.508+0000] {processor.py:161} INFO - Started process (PID=6202) to work on /opt/airflow/dags/weekly_summary_pipeline.py
[2026-04-06T09:33:42.510+0000] {processor.py:830} INFO - Processing file /opt/airflow/dags/weekly_summary_pipeline.py for tasks to queue
[2026-04-06T09:33:42.512+0000] {logging_mixin.py:188} INFO - [2026-04-06T09:33:42.512+0000] {dagbag.py:538} INFO - Filling up the DagBag from /opt/airflow/dags/weekly_summary_pipeline.py
[2026-04-06T09:33:42.567+0000] {processor.py:840} INFO - DAG(s) 'weekly_summary_pipeline' retrieved from /opt/airflow/dags/weekly_summary_pipeline.py
[2026-04-06T09:33:42.627+0000] {logging_mixin.py:188} INFO - [2026-04-06T09:33:42.626+0000] {dag.py:3036} INFO - Sync 1 DAGs
[2026-04-06T09:33:42.664+0000] {logging_mixin.py:188} INFO - [2026-04-06T09:33:42.664+0000] {dag.py:3823} INFO - Setting next_dagrun for weekly_summary_pipeline to 2026-04-06 06:00:00+00:00, run_after=2026-04-13 06:00:00+00:00
[2026-04-06T09:33:42.692+0000] {processor.py:183} INFO - Processing /opt/airflow/dags/weekly_summary_pipeline.py took 0.192 seconds
[2026-04-06T09:34:13.552+0000] {processor.py:161} INFO - Started process (PID=6225) to work on /opt/airflow/dags/weekly_summary_pipeline.py
[2026-04-06T09:34:13.554+0000] {processor.py:830} INFO - Processing file /opt/airflow/dags/weekly_summary_pipeline.py for tasks to queue
[2026-04-06T09:34:13.556+0000] {logging_mixin.py:188} INFO - [2026-04-06T09:34:13.555+0000] {dagbag.py:538} INFO - Filling up the DagBag from /opt/airflow/dags/weekly_summary_pipeline.py
[2026-04-06T09:34:13.618+0000] {processor.py:840} INFO - DAG(s) 'weekly_summary_pipeline' retrieved from /opt/airflow/dags/weekly_summary_pipeline.py
[2026-04-06T09:34:13.657+0000] {logging_mixin.py:188} INFO - [2026-04-06T09:34:13.656+0000] {dag.py:3036} INFO - Sync 1 DAGs
[2026-04-06T09:34:13.686+0000] {logging_mixin.py:188} INFO - [2026-04-06T09:34:13.685+0000] {dag.py:3823} INFO - Setting next_dagrun for weekly_summary_pipeline to 2026-04-06 06:00:00+00:00, run_after=2026-04-13 06:00:00+00:00
[2026-04-06T09:34:13.712+0000] {processor.py:183} INFO - Processing /opt/airflow/dags/weekly_summary_pipeline.py took 0.164 seconds
[2026-04-06T09:34:44.471+0000] {processor.py:161} INFO - Started process (PID=6248) to work on /opt/airflow/dags/weekly_summary_pipeline.py
[2026-04-06T09:34:44.473+0000] {processor.py:830} INFO - Processing file /opt/airflow/dags/weekly_summary_pipeline.py for tasks to queue
[2026-04-06T09:34:44.475+0000] {logging_mixin.py:188} INFO - [2026-04-06T09:34:44.474+0000] {dagbag.py:538} INFO - Filling up the DagBag from /opt/airflow/dags/weekly_summary_pipeline.py
[2026-04-06T09:34:44.515+0000] {processor.py:840} INFO - DAG(s) 'weekly_summary_pipeline' retrieved from /opt/airflow/dags/weekly_summary_pipeline.py
[2026-04-06T09:34:44.553+0000] {logging_mixin.py:188} INFO - [2026-04-06T09:34:44.553+0000] {dag.py:3036} INFO - Sync 1 DAGs
[2026-04-06T09:34:44.582+0000] {logging_mixin.py:188} INFO - [2026-04-06T09:34:44.582+0000] {dag.py:3823} INFO - Setting next_dagrun for weekly_summary_pipeline to 2026-04-06 06:00:00+00:00, run_after=2026-04-13 06:00:00+00:00
[2026-04-06T09:34:44.607+0000] {processor.py:183} INFO - Processing /opt/airflow/dags/weekly_summary_pipeline.py took 0.140 seconds
[2026-04-06T09:35:14.684+0000] {processor.py:161} INFO - Started process (PID=6271) to work on /opt/airflow/dags/weekly_summary_pipeline.py
[2026-04-06T09:35:14.687+0000] {processor.py:830} INFO - Processing file /opt/airflow/dags/weekly_summary_pipeline.py for tasks to queue
[2026-04-06T09:35:14.689+0000] {logging_mixin.py:188} INFO - [2026-04-06T09:35:14.688+0000] {dagbag.py:538} INFO - Filling up the DagBag from /opt/airflow/dags/weekly_summary_pipeline.py
[2026-04-06T09:35:14.733+0000] {processor.py:840} INFO - DAG(s) 'weekly_summary_pipeline' retrieved from /opt/airflow/dags/weekly_summary_pipeline.py
[2026-04-06T09:35:14.770+0000] {logging_mixin.py:188} INFO - [2026-04-06T09:35:14.769+0000] {dag.py:3036} INFO - Sync 1 DAGs
[2026-04-06T09:35:14.797+0000] {logging_mixin.py:188} INFO - [2026-04-06T09:35:14.797+0000] {dag.py:3823} INFO - Setting next_dagrun for weekly_summary_pipeline to 2026-04-06 06:00:00+00:00, run_after=2026-04-13 06:00:00+00:00
[2026-04-06T09:35:14.822+0000] {processor.py:183} INFO - Processing /opt/airflow/dags/weekly_summary_pipeline.py took 0.143 seconds
[2026-04-06T09:35:45.639+0000] {processor.py:161} INFO - Started process (PID=6294) to work on /opt/airflow/dags/weekly_summary_pipeline.py
[2026-04-06T09:35:45.641+0000] {processor.py:830} INFO - Processing file /opt/airflow/dags/weekly_summary_pipeline.py for tasks to queue
[2026-04-06T09:35:45.643+0000] {logging_mixin.py:188} INFO - [2026-04-06T09:35:45.642+0000] {dagbag.py:538} INFO - Filling up the DagBag from /opt/airflow/dags/weekly_summary_pipeline.py
[2026-04-06T09:35:45.701+0000] {processor.py:840} INFO - DAG(s) 'weekly_summary_pipeline' retrieved from /opt/airflow/dags/weekly_summary_pipeline.py
[2026-04-06T09:35:45.745+0000] {logging_mixin.py:188} INFO - [2026-04-06T09:35:45.744+0000] {dag.py:3036} INFO - Sync 1 DAGs
[2026-04-06T09:35:45.773+0000] {logging_mixin.py:188} INFO - [2026-04-06T09:35:45.773+0000] {dag.py:3823} INFO - Setting next_dagrun for weekly_summary_pipeline to 2026-04-06 06:00:00+00:00, run_after=2026-04-13 06:00:00+00:00
[2026-04-06T09:35:45.802+0000] {processor.py:183} INFO - Processing /opt/airflow/dags/weekly_summary_pipeline.py took 0.173 seconds
[2026-04-06T09:36:16.562+0000] {processor.py:161} INFO - Started process (PID=6317) to work on /opt/airflow/dags/weekly_summary_pipeline.py
[2026-04-06T09:36:16.565+0000] {processor.py:830} INFO - Processing file /opt/airflow/dags/weekly_summary_pipeline.py for tasks to queue
[2026-04-06T09:36:16.567+0000] {logging_mixin.py:188} INFO - [2026-04-06T09:36:16.567+0000] {dagbag.py:538} INFO - Filling up the DagBag from /opt/airflow/dags/weekly_summary_pipeline.py
[2026-04-06T09:36:16.632+0000] {processor.py:840} INFO - DAG(s) 'weekly_summary_pipeline' retrieved from /opt/airflow/dags/weekly_summary_pipeline.py
[2026-04-06T09:36:16.685+0000] {logging_mixin.py:188} INFO - [2026-04-06T09:36:16.685+0000] {dag.py:3036} INFO - Sync 1 DAGs
[2026-04-06T09:36:16.715+0000] {logging_mixin.py:188} INFO - [2026-04-06T09:36:16.714+0000] {dag.py:3823} INFO - Setting next_dagrun for weekly_summary_pipeline to 2026-04-06 06:00:00+00:00, run_after=2026-04-13 06:00:00+00:00
[2026-04-06T09:36:16.744+0000] {processor.py:183} INFO - Processing /opt/airflow/dags/weekly_summary_pipeline.py took 0.188 seconds
[2026-04-06T09:36:46.928+0000] {processor.py:161} INFO - Started process (PID=6340) to work on /opt/airflow/dags/weekly_summary_pipeline.py
[2026-04-06T09:36:46.930+0000] {processor.py:830} INFO - Processing file /opt/airflow/dags/weekly_summary_pipeline.py for tasks to queue
[2026-04-06T09:36:46.933+0000] {logging_mixin.py:188} INFO - [2026-04-06T09:36:46.932+0000] {dagbag.py:538} INFO - Filling up the DagBag from /opt/airflow/dags/weekly_summary_pipeline.py
[2026-04-06T09:36:46.981+0000] {processor.py:840} INFO - DAG(s) 'weekly_summary_pipeline' retrieved from /opt/airflow/dags/weekly_summary_pipeline.py
[2026-04-06T09:36:47.017+0000] {logging_mixin.py:188} INFO - [2026-04-06T09:36:47.017+0000] {dag.py:3036} INFO - Sync 1 DAGs
[2026-04-06T09:36:47.044+0000] {logging_mixin.py:188} INFO - [2026-04-06T09:36:47.044+0000] {dag.py:3823} INFO - Setting next_dagrun for weekly_summary_pipeline to 2026-04-06 06:00:00+00:00, run_after=2026-04-13 06:00:00+00:00
[2026-04-06T09:36:47.070+0000] {processor.py:183} INFO - Processing /opt/airflow/dags/weekly_summary_pipeline.py took 0.149 seconds
[2026-04-06T09:37:17.763+0000] {processor.py:161} INFO - Started process (PID=6364) to work on /opt/airflow/dags/weekly_summary_pipeline.py
[2026-04-06T09:37:17.766+0000] {processor.py:830} INFO - Processing file /opt/airflow/dags/weekly_summary_pipeline.py for tasks to queue
[2026-04-06T09:37:17.767+0000] {logging_mixin.py:188} INFO - [2026-04-06T09:37:17.767+0000] {dagbag.py:538} INFO - Filling up the DagBag from /opt/airflow/dags/weekly_summary_pipeline.py
[2026-04-06T09:37:17.808+0000] {processor.py:840} INFO - DAG(s) 'weekly_summary_pipeline' retrieved from /opt/airflow/dags/weekly_summary_pipeline.py
[2026-04-06T09:37:17.857+0000] {logging_mixin.py:188} INFO - [2026-04-06T09:37:17.857+0000] {dag.py:3036} INFO - Sync 1 DAGs
[2026-04-06T09:37:17.895+0000] {logging_mixin.py:188} INFO - [2026-04-06T09:37:17.895+0000] {dag.py:3823} INFO - Setting next_dagrun for weekly_summary_pipeline to 2026-04-06 06:00:00+00:00, run_after=2026-04-13 06:00:00+00:00
[2026-04-06T09:37:17.927+0000] {processor.py:183} INFO - Processing /opt/airflow/dags/weekly_summary_pipeline.py took 0.168 seconds
[2026-04-06T09:37:48.742+0000] {processor.py:161} INFO - Started process (PID=6388) to work on /opt/airflow/dags/weekly_summary_pipeline.py
[2026-04-06T09:37:48.744+0000] {processor.py:830} INFO - Processing file /opt/airflow/dags/weekly_summary_pipeline.py for tasks to queue
[2026-04-06T09:37:48.746+0000] {logging_mixin.py:188} INFO - [2026-04-06T09:37:48.745+0000] {dagbag.py:538} INFO - Filling up the DagBag from /opt/airflow/dags/weekly_summary_pipeline.py
[2026-04-06T09:37:48.795+0000] {processor.py:840} INFO - DAG(s) 'weekly_summary_pipeline' retrieved from /opt/airflow/dags/weekly_summary_pipeline.py
[2026-04-06T09:37:48.842+0000] {logging_mixin.py:188} INFO - [2026-04-06T09:37:48.842+0000] {dag.py:3036} INFO - Sync 1 DAGs
[2026-04-06T09:37:48.874+0000] {logging_mixin.py:188} INFO - [2026-04-06T09:37:48.873+0000] {dag.py:3823} INFO - Setting next_dagrun for weekly_summary_pipeline to 2026-04-06 06:00:00+00:00, run_after=2026-04-13 06:00:00+00:00
[2026-04-06T09:37:48.906+0000] {processor.py:183} INFO - Processing /opt/airflow/dags/weekly_summary_pipeline.py took 0.168 seconds
[2026-04-06T09:38:19.652+0000] {processor.py:161} INFO - Started process (PID=6411) to work on /opt/airflow/dags/weekly_summary_pipeline.py
[2026-04-06T09:38:19.654+0000] {processor.py:830} INFO - Processing file /opt/airflow/dags/weekly_summary_pipeline.py for tasks to queue
[2026-04-06T09:38:19.656+0000] {logging_mixin.py:188} INFO - [2026-04-06T09:38:19.656+0000] {dagbag.py:538} INFO - Filling up the DagBag from /opt/airflow/dags/weekly_summary_pipeline.py
[2026-04-06T09:38:19.690+0000] {processor.py:840} INFO - DAG(s) 'weekly_summary_pipeline' retrieved from /opt/airflow/dags/weekly_summary_pipeline.py
[2026-04-06T09:38:19.733+0000] {logging_mixin.py:188} INFO - [2026-04-06T09:38:19.733+0000] {dag.py:3036} INFO - Sync 1 DAGs
[2026-04-06T09:38:19.765+0000] {logging_mixin.py:188} INFO - [2026-04-06T09:38:19.765+0000] {dag.py:3823} INFO - Setting next_dagrun for weekly_summary_pipeline to 2026-04-06 06:00:00+00:00, run_after=2026-04-13 06:00:00+00:00
[2026-04-06T09:38:19.793+0000] {processor.py:183} INFO - Processing /opt/airflow/dags/weekly_summary_pipeline.py took 0.144 seconds
[2026-04-06T09:38:50.472+0000] {processor.py:161} INFO - Started process (PID=6434) to work on /opt/airflow/dags/weekly_summary_pipeline.py
[2026-04-06T09:38:50.474+0000] {processor.py:830} INFO - Processing file /opt/airflow/dags/weekly_summary_pipeline.py for tasks to queue
[2026-04-06T09:38:50.476+0000] {logging_mixin.py:188} INFO - [2026-04-06T09:38:50.476+0000] {dagbag.py:538} INFO - Filling up the DagBag from /opt/airflow/dags/weekly_summary_pipeline.py
[2026-04-06T09:38:50.522+0000] {processor.py:840} INFO - DAG(s) 'weekly_summary_pipeline' retrieved from /opt/airflow/dags/weekly_summary_pipeline.py
[2026-04-06T09:38:50.581+0000] {logging_mixin.py:188} INFO - [2026-04-06T09:38:50.580+0000] {dag.py:3036} INFO - Sync 1 DAGs
[2026-04-06T09:38:50.632+0000] {logging_mixin.py:188} INFO - [2026-04-06T09:38:50.632+0000] {dag.py:3823} INFO - Setting next_dagrun for weekly_summary_pipeline to 2026-04-06 06:00:00+00:00, run_after=2026-04-13 06:00:00+00:00
[2026-04-06T09:38:50.661+0000] {processor.py:183} INFO - Processing /opt/airflow/dags/weekly_summary_pipeline.py took 0.197 seconds
[2026-04-06T09:39:21.403+0000] {processor.py:161} INFO - Started process (PID=6458) to work on /opt/airflow/dags/weekly_summary_pipeline.py
[2026-04-06T09:39:21.405+0000] {processor.py:830} INFO - Processing file /opt/airflow/dags/weekly_summary_pipeline.py for tasks to queue
[2026-04-06T09:39:21.406+0000] {logging_mixin.py:188} INFO - [2026-04-06T09:39:21.406+0000] {dagbag.py:538} INFO - Filling up the DagBag from /opt/airflow/dags/weekly_summary_pipeline.py
[2026-04-06T09:39:21.437+0000] {processor.py:840} INFO - DAG(s) 'weekly_summary_pipeline' retrieved from /opt/airflow/dags/weekly_summary_pipeline.py
[2026-04-06T09:39:21.479+0000] {logging_mixin.py:188} INFO - [2026-04-06T09:39:21.479+0000] {dag.py:3036} INFO - Sync 1 DAGs
[2026-04-06T09:39:21.514+0000] {logging_mixin.py:188} INFO - [2026-04-06T09:39:21.514+0000] {dag.py:3823} INFO - Setting next_dagrun for weekly_summary_pipeline to 2026-04-06 06:00:00+00:00, run_after=2026-04-13 06:00:00+00:00
[2026-04-06T09:39:21.546+0000] {processor.py:183} INFO - Processing /opt/airflow/dags/weekly_summary_pipeline.py took 0.148 seconds
[2026-04-06T09:39:52.294+0000] {processor.py:161} INFO - Started process (PID=6473) to work on /opt/airflow/dags/weekly_summary_pipeline.py
[2026-04-06T09:39:52.297+0000] {processor.py:830} INFO - Processing file /opt/airflow/dags/weekly_summary_pipeline.py for tasks to queue
[2026-04-06T09:39:52.303+0000] {logging_mixin.py:188} INFO - [2026-04-06T09:39:52.302+0000] {dagbag.py:538} INFO - Filling up the DagBag from /opt/airflow/dags/weekly_summary_pipeline.py
[2026-04-06T09:39:52.373+0000] {processor.py:840} INFO - DAG(s) 'weekly_summary_pipeline' retrieved from /opt/airflow/dags/weekly_summary_pipeline.py
[2026-04-06T09:39:52.424+0000] {logging_mixin.py:188} INFO - [2026-04-06T09:39:52.424+0000] {dag.py:3036} INFO - Sync 1 DAGs
[2026-04-06T09:39:52.463+0000] {logging_mixin.py:188} INFO - [2026-04-06T09:39:52.463+0000] {dag.py:3823} INFO - Setting next_dagrun for weekly_summary_pipeline to 2026-04-06 06:00:00+00:00, run_after=2026-04-13 06:00:00+00:00
[2026-04-06T09:39:52.491+0000] {processor.py:183} INFO - Processing /opt/airflow/dags/weekly_summary_pipeline.py took 0.208 seconds
[2026-04-06T09:40:22.771+0000] {processor.py:161} INFO - Started process (PID=6496) to work on /opt/airflow/dags/weekly_summary_pipeline.py
[2026-04-06T09:40:22.773+0000] {processor.py:830} INFO - Processing file /opt/airflow/dags/weekly_summary_pipeline.py for tasks to queue
[2026-04-06T09:40:22.774+0000] {logging_mixin.py:188} INFO - [2026-04-06T09:40:22.774+0000] {dagbag.py:538} INFO - Filling up the DagBag from /opt/airflow/dags/weekly_summary_pipeline.py
[2026-04-06T09:40:22.812+0000] {processor.py:840} INFO - DAG(s) 'weekly_summary_pipeline' retrieved from /opt/airflow/dags/weekly_summary_pipeline.py
[2026-04-06T09:40:22.852+0000] {logging_mixin.py:188} INFO - [2026-04-06T09:40:22.852+0000] {dag.py:3036} INFO - Sync 1 DAGs
[2026-04-06T09:40:22.883+0000] {logging_mixin.py:188} INFO - [2026-04-06T09:40:22.882+0000] {dag.py:3823} INFO - Setting next_dagrun for weekly_summary_pipeline to 2026-04-06 06:00:00+00:00, run_after=2026-04-13 06:00:00+00:00
[2026-04-06T09:40:22.910+0000] {processor.py:183} INFO - Processing /opt/airflow/dags/weekly_summary_pipeline.py took 0.143 seconds
[2026-04-06T09:40:53.756+0000] {processor.py:161} INFO - Started process (PID=6519) to work on /opt/airflow/dags/weekly_summary_pipeline.py
[2026-04-06T09:40:53.759+0000] {processor.py:830} INFO - Processing file /opt/airflow/dags/weekly_summary_pipeline.py for tasks to queue
[2026-04-06T09:40:53.763+0000] {logging_mixin.py:188} INFO - [2026-04-06T09:40:53.761+0000] {dagbag.py:538} INFO - Filling up the DagBag from /opt/airflow/dags/weekly_summary_pipeline.py
[2026-04-06T09:40:53.838+0000] {processor.py:840} INFO - DAG(s) 'weekly_summary_pipeline' retrieved from /opt/airflow/dags/weekly_summary_pipeline.py
[2026-04-06T09:40:53.909+0000] {logging_mixin.py:188} INFO - [2026-04-06T09:40:53.909+0000] {dag.py:3036} INFO - Sync 1 DAGs
[2026-04-06T09:40:53.946+0000] {logging_mixin.py:188} INFO - [2026-04-06T09:40:53.945+0000] {dag.py:3823} INFO - Setting next_dagrun for weekly_summary_pipeline to 2026-04-06 06:00:00+00:00, run_after=2026-04-13 06:00:00+00:00
[2026-04-06T09:40:53.981+0000] {processor.py:183} INFO - Processing /opt/airflow/dags/weekly_summary_pipeline.py took 0.231 seconds
[2026-04-06T09:41:24.802+0000] {processor.py:161} INFO - Started process (PID=6541) to work on /opt/airflow/dags/weekly_summary_pipeline.py
[2026-04-06T09:41:24.804+0000] {processor.py:830} INFO - Processing file /opt/airflow/dags/weekly_summary_pipeline.py for tasks to queue
[2026-04-06T09:41:24.805+0000] {logging_mixin.py:188} INFO - [2026-04-06T09:41:24.805+0000] {dagbag.py:538} INFO - Filling up the DagBag from /opt/airflow/dags/weekly_summary_pipeline.py
[2026-04-06T09:41:24.896+0000] {processor.py:840} INFO - DAG(s) 'weekly_summary_pipeline' retrieved from /opt/airflow/dags/weekly_summary_pipeline.py
[2026-04-06T09:41:24.936+0000] {logging_mixin.py:188} INFO - [2026-04-06T09:41:24.936+0000] {dag.py:3036} INFO - Sync 1 DAGs
[2026-04-06T09:41:24.967+0000] {logging_mixin.py:188} INFO - [2026-04-06T09:41:24.966+0000] {dag.py:3823} INFO - Setting next_dagrun for weekly_summary_pipeline to 2026-04-06 06:00:00+00:00, run_after=2026-04-13 06:00:00+00:00
[2026-04-06T09:41:24.990+0000] {processor.py:183} INFO - Processing /opt/airflow/dags/weekly_summary_pipeline.py took 0.192 seconds
[2026-04-06T09:41:55.751+0000] {processor.py:161} INFO - Started process (PID=6564) to work on /opt/airflow/dags/weekly_summary_pipeline.py
[2026-04-06T09:41:55.752+0000] {processor.py:830} INFO - Processing file /opt/airflow/dags/weekly_summary_pipeline.py for tasks to queue
[2026-04-06T09:41:55.754+0000] {logging_mixin.py:188} INFO - [2026-04-06T09:41:55.753+0000] {dagbag.py:538} INFO - Filling up the DagBag from /opt/airflow/dags/weekly_summary_pipeline.py
[2026-04-06T09:41:55.789+0000] {processor.py:840} INFO - DAG(s) 'weekly_summary_pipeline' retrieved from /opt/airflow/dags/weekly_summary_pipeline.py
[2026-04-06T09:41:55.830+0000] {logging_mixin.py:188} INFO - [2026-04-06T09:41:55.830+0000] {dag.py:3036} INFO - Sync 1 DAGs
[2026-04-06T09:41:55.862+0000] {logging_mixin.py:188} INFO - [2026-04-06T09:41:55.861+0000] {dag.py:3823} INFO - Setting next_dagrun for weekly_summary_pipeline to 2026-04-06 06:00:00+00:00, run_after=2026-04-13 06:00:00+00:00
[2026-04-06T09:41:55.889+0000] {processor.py:183} INFO - Processing /opt/airflow/dags/weekly_summary_pipeline.py took 0.143 seconds
[2026-04-06T09:42:26.608+0000] {processor.py:161} INFO - Started process (PID=6587) to work on /opt/airflow/dags/weekly_summary_pipeline.py
[2026-04-06T09:42:26.609+0000] {processor.py:830} INFO - Processing file /opt/airflow/dags/weekly_summary_pipeline.py for tasks to queue
[2026-04-06T09:42:26.611+0000] {logging_mixin.py:188} INFO - [2026-04-06T09:42:26.610+0000] {dagbag.py:538} INFO - Filling up the DagBag from /opt/airflow/dags/weekly_summary_pipeline.py
[2026-04-06T09:42:26.660+0000] {processor.py:840} INFO - DAG(s) 'weekly_summary_pipeline' retrieved from /opt/airflow/dags/weekly_summary_pipeline.py
[2026-04-06T09:42:26.714+0000] {logging_mixin.py:188} INFO - [2026-04-06T09:42:26.714+0000] {dag.py:3036} INFO - Sync 1 DAGs
[2026-04-06T09:42:26.751+0000] {logging_mixin.py:188} INFO - [2026-04-06T09:42:26.751+0000] {dag.py:3823} INFO - Setting next_dagrun for weekly_summary_pipeline to 2026-04-06 06:00:00+00:00, run_after=2026-04-13 06:00:00+00:00
[2026-04-06T09:42:26.809+0000] {processor.py:183} INFO - Processing /opt/airflow/dags/weekly_summary_pipeline.py took 0.206 seconds
[2026-04-06T09:42:57.492+0000] {processor.py:161} INFO - Started process (PID=6610) to work on /opt/airflow/dags/weekly_summary_pipeline.py
[2026-04-06T09:42:57.496+0000] {processor.py:830} INFO - Processing file /opt/airflow/dags/weekly_summary_pipeline.py for tasks to queue
[2026-04-06T09:42:57.501+0000] {logging_mixin.py:188} INFO - [2026-04-06T09:42:57.501+0000] {dagbag.py:538} INFO - Filling up the DagBag from /opt/airflow/dags/weekly_summary_pipeline.py
[2026-04-06T09:42:57.546+0000] {processor.py:840} INFO - DAG(s) 'weekly_summary_pipeline' retrieved from /opt/airflow/dags/weekly_summary_pipeline.py
[2026-04-06T09:42:57.590+0000] {logging_mixin.py:188} INFO - [2026-04-06T09:42:57.590+0000] {dag.py:3036} INFO - Sync 1 DAGs
[2026-04-06T09:42:57.628+0000] {logging_mixin.py:188} INFO - [2026-04-06T09:42:57.628+0000] {dag.py:3823} INFO - Setting next_dagrun for weekly_summary_pipeline to 2026-04-06 06:00:00+00:00, run_after=2026-04-13 06:00:00+00:00
[2026-04-06T09:42:57.658+0000] {processor.py:183} INFO - Processing /opt/airflow/dags/weekly_summary_pipeline.py took 0.171 seconds
[2026-04-06T09:43:28.400+0000] {processor.py:161} INFO - Started process (PID=6632) to work on /opt/airflow/dags/weekly_summary_pipeline.py
[2026-04-06T09:43:28.403+0000] {processor.py:830} INFO - Processing file /opt/airflow/dags/weekly_summary_pipeline.py for tasks to queue
[2026-04-06T09:43:28.405+0000] {logging_mixin.py:188} INFO - [2026-04-06T09:43:28.404+0000] {dagbag.py:538} INFO - Filling up the DagBag from /opt/airflow/dags/weekly_summary_pipeline.py
[2026-04-06T09:43:28.457+0000] {processor.py:840} INFO - DAG(s) 'weekly_summary_pipeline' retrieved from /opt/airflow/dags/weekly_summary_pipeline.py
[2026-04-06T09:43:28.511+0000] {logging_mixin.py:188} INFO - [2026-04-06T09:43:28.510+0000] {dag.py:3036} INFO - Sync 1 DAGs
[2026-04-06T09:43:28.579+0000] {logging_mixin.py:188} INFO - [2026-04-06T09:43:28.579+0000] {dag.py:3823} INFO - Setting next_dagrun for weekly_summary_pipeline to 2026-04-06 06:00:00+00:00, run_after=2026-04-13 06:00:00+00:00
[2026-04-06T09:43:28.614+0000] {processor.py:183} INFO - Processing /opt/airflow/dags/weekly_summary_pipeline.py took 0.218 seconds
[2026-04-06T09:43:58.863+0000] {processor.py:161} INFO - Started process (PID=6655) to work on /opt/airflow/dags/weekly_summary_pipeline.py
[2026-04-06T09:43:58.864+0000] {processor.py:830} INFO - Processing file /opt/airflow/dags/weekly_summary_pipeline.py for tasks to queue
[2026-04-06T09:43:58.865+0000] {logging_mixin.py:188} INFO - [2026-04-06T09:43:58.865+0000] {dagbag.py:538} INFO - Filling up the DagBag from /opt/airflow/dags/weekly_summary_pipeline.py
[2026-04-06T09:43:58.887+0000] {processor.py:840} INFO - DAG(s) 'weekly_summary_pipeline' retrieved from /opt/airflow/dags/weekly_summary_pipeline.py
[2026-04-06T09:43:58.928+0000] {logging_mixin.py:188} INFO - [2026-04-06T09:43:58.927+0000] {dag.py:3036} INFO - Sync 1 DAGs
[2026-04-06T09:43:58.958+0000] {logging_mixin.py:188} INFO - [2026-04-06T09:43:58.957+0000] {dag.py:3823} INFO - Setting next_dagrun for weekly_summary_pipeline to 2026-04-06 06:00:00+00:00, run_after=2026-04-13 06:00:00+00:00
[2026-04-06T09:43:58.981+0000] {processor.py:183} INFO - Processing /opt/airflow/dags/weekly_summary_pipeline.py took 0.122 seconds
[2026-04-06T09:44:29.345+0000] {processor.py:161} INFO - Started process (PID=6678) to work on /opt/airflow/dags/weekly_summary_pipeline.py
[2026-04-06T09:44:29.349+0000] {processor.py:830} INFO - Processing file /opt/airflow/dags/weekly_summary_pipeline.py for tasks to queue
[2026-04-06T09:44:29.351+0000] {logging_mixin.py:188} INFO - [2026-04-06T09:44:29.350+0000] {dagbag.py:538} INFO - Filling up the DagBag from /opt/airflow/dags/weekly_summary_pipeline.py
[2026-04-06T09:44:29.411+0000] {processor.py:840} INFO - DAG(s) 'weekly_summary_pipeline' retrieved from /opt/airflow/dags/weekly_summary_pipeline.py
[2026-04-06T09:44:29.467+0000] {logging_mixin.py:188} INFO - [2026-04-06T09:44:29.467+0000] {dag.py:3036} INFO - Sync 1 DAGs
[2026-04-06T09:44:29.527+0000] {logging_mixin.py:188} INFO - [2026-04-06T09:44:29.525+0000] {dag.py:3823} INFO - Setting next_dagrun for weekly_summary_pipeline to 2026-04-06 06:00:00+00:00, run_after=2026-04-13 06:00:00+00:00
[2026-04-06T09:44:29.568+0000] {processor.py:183} INFO - Processing /opt/airflow/dags/weekly_summary_pipeline.py took 0.230 seconds
[2026-04-06T09:45:00.274+0000] {processor.py:161} INFO - Started process (PID=6701) to work on /opt/airflow/dags/weekly_summary_pipeline.py
[2026-04-06T09:45:00.276+0000] {processor.py:830} INFO - Processing file /opt/airflow/dags/weekly_summary_pipeline.py for tasks to queue
[2026-04-06T09:45:00.278+0000] {logging_mixin.py:188} INFO - [2026-04-06T09:45:00.277+0000] {dagbag.py:538} INFO - Filling up the DagBag from /opt/airflow/dags/weekly_summary_pipeline.py
[2026-04-06T09:45:00.320+0000] {processor.py:840} INFO - DAG(s) 'weekly_summary_pipeline' retrieved from /opt/airflow/dags/weekly_summary_pipeline.py
[2026-04-06T09:45:00.361+0000] {logging_mixin.py:188} INFO - [2026-04-06T09:45:00.361+0000] {dag.py:3036} INFO - Sync 1 DAGs
[2026-04-06T09:45:00.396+0000] {logging_mixin.py:188} INFO - [2026-04-06T09:45:00.396+0000] {dag.py:3823} INFO - Setting next_dagrun for weekly_summary_pipeline to 2026-04-06 06:00:00+00:00, run_after=2026-04-13 06:00:00+00:00
[2026-04-06T09:45:00.431+0000] {processor.py:183} INFO - Processing /opt/airflow/dags/weekly_summary_pipeline.py took 0.163 seconds
[2026-04-06T09:45:31.230+0000] {processor.py:161} INFO - Started process (PID=6724) to work on /opt/airflow/dags/weekly_summary_pipeline.py
[2026-04-06T09:45:31.231+0000] {processor.py:830} INFO - Processing file /opt/airflow/dags/weekly_summary_pipeline.py for tasks to queue
[2026-04-06T09:45:31.239+0000] {logging_mixin.py:188} INFO - [2026-04-06T09:45:31.239+0000] {dagbag.py:538} INFO - Filling up the DagBag from /opt/airflow/dags/weekly_summary_pipeline.py
[2026-04-06T09:45:31.274+0000] {processor.py:840} INFO - DAG(s) 'weekly_summary_pipeline' retrieved from /opt/airflow/dags/weekly_summary_pipeline.py
[2026-04-06T09:45:31.312+0000] {logging_mixin.py:188} INFO - [2026-04-06T09:45:31.312+0000] {dag.py:3036} INFO - Sync 1 DAGs
[2026-04-06T09:45:31.343+0000] {logging_mixin.py:188} INFO - [2026-04-06T09:45:31.342+0000] {dag.py:3823} INFO - Setting next_dagrun for weekly_summary_pipeline to 2026-04-06 06:00:00+00:00, run_after=2026-04-13 06:00:00+00:00
[2026-04-06T09:45:31.377+0000] {processor.py:183} INFO - Processing /opt/airflow/dags/weekly_summary_pipeline.py took 0.152 seconds
[2026-04-06T09:46:02.143+0000] {processor.py:161} INFO - Started process (PID=6747) to work on /opt/airflow/dags/weekly_summary_pipeline.py
[2026-04-06T09:46:02.148+0000] {processor.py:830} INFO - Processing file /opt/airflow/dags/weekly_summary_pipeline.py for tasks to queue
[2026-04-06T09:46:02.154+0000] {logging_mixin.py:188} INFO - [2026-04-06T09:46:02.152+0000] {dagbag.py:538} INFO - Filling up the DagBag from /opt/airflow/dags/weekly_summary_pipeline.py
[2026-04-06T09:46:02.222+0000] {processor.py:840} INFO - DAG(s) 'weekly_summary_pipeline' retrieved from /opt/airflow/dags/weekly_summary_pipeline.py
[2026-04-06T09:46:02.276+0000] {logging_mixin.py:188} INFO - [2026-04-06T09:46:02.275+0000] {dag.py:3036} INFO - Sync 1 DAGs
[2026-04-06T09:46:02.345+0000] {logging_mixin.py:188} INFO - [2026-04-06T09:46:02.344+0000] {dag.py:3823} INFO - Setting next_dagrun for weekly_summary_pipeline to 2026-04-06 06:00:00+00:00, run_after=2026-04-13 06:00:00+00:00
[2026-04-06T09:46:02.386+0000] {processor.py:183} INFO - Processing /opt/airflow/dags/weekly_summary_pipeline.py took 0.252 seconds
[2026-04-06T09:46:33.160+0000] {processor.py:161} INFO - Started process (PID=6770) to work on /opt/airflow/dags/weekly_summary_pipeline.py
[2026-04-06T09:46:33.161+0000] {processor.py:830} INFO - Processing file /opt/airflow/dags/weekly_summary_pipeline.py for tasks to queue
[2026-04-06T09:46:33.163+0000] {logging_mixin.py:188} INFO - [2026-04-06T09:46:33.162+0000] {dagbag.py:538} INFO - Filling up the DagBag from /opt/airflow/dags/weekly_summary_pipeline.py
[2026-04-06T09:46:33.187+0000] {processor.py:840} INFO - DAG(s) 'weekly_summary_pipeline' retrieved from /opt/airflow/dags/weekly_summary_pipeline.py
[2026-04-06T09:46:33.225+0000] {logging_mixin.py:188} INFO - [2026-04-06T09:46:33.225+0000] {dag.py:3036} INFO - Sync 1 DAGs
[2026-04-06T09:46:33.255+0000] {logging_mixin.py:188} INFO - [2026-04-06T09:46:33.255+0000] {dag.py:3823} INFO - Setting next_dagrun for weekly_summary_pipeline to 2026-04-06 06:00:00+00:00, run_after=2026-04-13 06:00:00+00:00
[2026-04-06T09:46:33.280+0000] {processor.py:183} INFO - Processing /opt/airflow/dags/weekly_summary_pipeline.py took 0.123 seconds
[2026-04-06T09:47:04.012+0000] {processor.py:161} INFO - Started process (PID=6793) to work on /opt/airflow/dags/weekly_summary_pipeline.py
[2026-04-06T09:47:04.014+0000] {processor.py:830} INFO - Processing file /opt/airflow/dags/weekly_summary_pipeline.py for tasks to queue
[2026-04-06T09:47:04.015+0000] {logging_mixin.py:188} INFO - [2026-04-06T09:47:04.015+0000] {dagbag.py:538} INFO - Filling up the DagBag from /opt/airflow/dags/weekly_summary_pipeline.py
[2026-04-06T09:47:04.070+0000] {processor.py:840} INFO - DAG(s) 'weekly_summary_pipeline' retrieved from /opt/airflow/dags/weekly_summary_pipeline.py
[2026-04-06T09:47:04.110+0000] {logging_mixin.py:188} INFO - [2026-04-06T09:47:04.109+0000] {dag.py:3036} INFO - Sync 1 DAGs
[2026-04-06T09:47:04.140+0000] {logging_mixin.py:188} INFO - [2026-04-06T09:47:04.140+0000] {dag.py:3823} INFO - Setting next_dagrun for weekly_summary_pipeline to 2026-04-06 06:00:00+00:00, run_after=2026-04-13 06:00:00+00:00
[2026-04-06T09:47:04.171+0000] {processor.py:183} INFO - Processing /opt/airflow/dags/weekly_summary_pipeline.py took 0.162 seconds
[2026-04-06T09:47:34.886+0000] {processor.py:161} INFO - Started process (PID=6816) to work on /opt/airflow/dags/weekly_summary_pipeline.py
[2026-04-06T09:47:34.888+0000] {processor.py:830} INFO - Processing file /opt/airflow/dags/weekly_summary_pipeline.py for tasks to queue
[2026-04-06T09:47:34.889+0000] {logging_mixin.py:188} INFO - [2026-04-06T09:47:34.889+0000] {dagbag.py:538} INFO - Filling up the DagBag from /opt/airflow/dags/weekly_summary_pipeline.py
[2026-04-06T09:47:34.926+0000] {processor.py:840} INFO - DAG(s) 'weekly_summary_pipeline' retrieved from /opt/airflow/dags/weekly_summary_pipeline.py
[2026-04-06T09:47:34.972+0000] {logging_mixin.py:188} INFO - [2026-04-06T09:47:34.971+0000] {dag.py:3036} INFO - Sync 1 DAGs
[2026-04-06T09:47:35.006+0000] {logging_mixin.py:188} INFO - [2026-04-06T09:47:35.006+0000] {dag.py:3823} INFO - Setting next_dagrun for weekly_summary_pipeline to 2026-04-06 06:00:00+00:00, run_after=2026-04-13 06:00:00+00:00
[2026-04-06T09:47:35.036+0000] {processor.py:183} INFO - Processing /opt/airflow/dags/weekly_summary_pipeline.py took 0.154 seconds
[2026-04-06T09:48:05.783+0000] {processor.py:161} INFO - Started process (PID=6839) to work on /opt/airflow/dags/weekly_summary_pipeline.py
[2026-04-06T09:48:05.784+0000] {processor.py:830} INFO - Processing file /opt/airflow/dags/weekly_summary_pipeline.py for tasks to queue
[2026-04-06T09:48:05.786+0000] {logging_mixin.py:188} INFO - [2026-04-06T09:48:05.785+0000] {dagbag.py:538} INFO - Filling up the DagBag from /opt/airflow/dags/weekly_summary_pipeline.py
[2026-04-06T09:48:05.833+0000] {processor.py:840} INFO - DAG(s) 'weekly_summary_pipeline' retrieved from /opt/airflow/dags/weekly_summary_pipeline.py
[2026-04-06T09:48:05.869+0000] {logging_mixin.py:188} INFO - [2026-04-06T09:48:05.868+0000] {dag.py:3036} INFO - Sync 1 DAGs
[2026-04-06T09:48:05.902+0000] {logging_mixin.py:188} INFO - [2026-04-06T09:48:05.901+0000] {dag.py:3823} INFO - Setting next_dagrun for weekly_summary_pipeline to 2026-04-06 06:00:00+00:00, run_after=2026-04-13 06:00:00+00:00
[2026-04-06T09:48:05.925+0000] {processor.py:183} INFO - Processing /opt/airflow/dags/weekly_summary_pipeline.py took 0.147 seconds
[2026-04-06T09:48:36.560+0000] {processor.py:161} INFO - Started process (PID=6862) to work on /opt/airflow/dags/weekly_summary_pipeline.py
[2026-04-06T09:48:36.562+0000] {processor.py:830} INFO - Processing file /opt/airflow/dags/weekly_summary_pipeline.py for tasks to queue
[2026-04-06T09:48:36.563+0000] {logging_mixin.py:188} INFO - [2026-04-06T09:48:36.563+0000] {dagbag.py:538} INFO - Filling up the DagBag from /opt/airflow/dags/weekly_summary_pipeline.py
[2026-04-06T09:48:36.596+0000] {processor.py:840} INFO - DAG(s) 'weekly_summary_pipeline' retrieved from /opt/airflow/dags/weekly_summary_pipeline.py
[2026-04-06T09:48:36.644+0000] {logging_mixin.py:188} INFO - [2026-04-06T09:48:36.643+0000] {dag.py:3036} INFO - Sync 1 DAGs
[2026-04-06T09:48:36.683+0000] {logging_mixin.py:188} INFO - [2026-04-06T09:48:36.683+0000] {dag.py:3823} INFO - Setting next_dagrun for weekly_summary_pipeline to 2026-04-06 06:00:00+00:00, run_after=2026-04-13 06:00:00+00:00
[2026-04-06T09:48:36.713+0000] {processor.py:183} INFO - Processing /opt/airflow/dags/weekly_summary_pipeline.py took 0.158 seconds
[2026-04-06T09:49:07.022+0000] {processor.py:161} INFO - Started process (PID=6890) to work on /opt/airflow/dags/weekly_summary_pipeline.py
[2026-04-06T09:49:07.024+0000] {processor.py:830} INFO - Processing file /opt/airflow/dags/weekly_summary_pipeline.py for tasks to queue
[2026-04-06T09:49:07.026+0000] {logging_mixin.py:188} INFO - [2026-04-06T09:49:07.025+0000] {dagbag.py:538} INFO - Filling up the DagBag from /opt/airflow/dags/weekly_summary_pipeline.py
[2026-04-06T09:49:07.074+0000] {processor.py:840} INFO - DAG(s) 'weekly_summary_pipeline' retrieved from /opt/airflow/dags/weekly_summary_pipeline.py
[2026-04-06T09:49:07.114+0000] {logging_mixin.py:188} INFO - [2026-04-06T09:49:07.113+0000] {dag.py:3036} INFO - Sync 1 DAGs
[2026-04-06T09:49:07.143+0000] {logging_mixin.py:188} INFO - [2026-04-06T09:49:07.142+0000] {dag.py:3823} INFO - Setting next_dagrun for weekly_summary_pipeline to 2026-04-06 06:00:00+00:00, run_after=2026-04-13 06:00:00+00:00
[2026-04-06T09:49:07.167+0000] {processor.py:183} INFO - Processing /opt/airflow/dags/weekly_summary_pipeline.py took 0.153 seconds
[2026-04-06T09:49:37.345+0000] {processor.py:161} INFO - Started process (PID=6913) to work on /opt/airflow/dags/weekly_summary_pipeline.py
[2026-04-06T09:49:37.346+0000] {processor.py:830} INFO - Processing file /opt/airflow/dags/weekly_summary_pipeline.py for tasks to queue
[2026-04-06T09:49:37.348+0000] {logging_mixin.py:188} INFO - [2026-04-06T09:49:37.347+0000] {dagbag.py:538} INFO - Filling up the DagBag from /opt/airflow/dags/weekly_summary_pipeline.py
[2026-04-06T09:49:37.383+0000] {processor.py:840} INFO - DAG(s) 'weekly_summary_pipeline' retrieved from /opt/airflow/dags/weekly_summary_pipeline.py
[2026-04-06T09:49:37.425+0000] {logging_mixin.py:188} INFO - [2026-04-06T09:49:37.425+0000] {dag.py:3036} INFO - Sync 1 DAGs
[2026-04-06T09:49:37.466+0000] {logging_mixin.py:188} INFO - [2026-04-06T09:49:37.466+0000] {dag.py:3823} INFO - Setting next_dagrun for weekly_summary_pipeline to 2026-04-06 06:00:00+00:00, run_after=2026-04-13 06:00:00+00:00
[2026-04-06T09:49:37.494+0000] {processor.py:183} INFO - Processing /opt/airflow/dags/weekly_summary_pipeline.py took 0.153 seconds
[2026-04-06T09:50:07.983+0000] {processor.py:161} INFO - Started process (PID=6936) to work on /opt/airflow/dags/weekly_summary_pipeline.py
[2026-04-06T09:50:07.986+0000] {processor.py:830} INFO - Processing file /opt/airflow/dags/weekly_summary_pipeline.py for tasks to queue
[2026-04-06T09:50:07.988+0000] {logging_mixin.py:188} INFO - [2026-04-06T09:50:07.987+0000] {dagbag.py:538} INFO - Filling up the DagBag from /opt/airflow/dags/weekly_summary_pipeline.py
[2026-04-06T09:50:08.036+0000] {processor.py:840} INFO - DAG(s) 'weekly_summary_pipeline' retrieved from /opt/airflow/dags/weekly_summary_pipeline.py
[2026-04-06T09:50:08.116+0000] {logging_mixin.py:188} INFO - [2026-04-06T09:50:08.116+0000] {dag.py:3036} INFO - Sync 1 DAGs
[2026-04-06T09:50:08.165+0000] {logging_mixin.py:188} INFO - [2026-04-06T09:50:08.164+0000] {dag.py:3823} INFO - Setting next_dagrun for weekly_summary_pipeline to 2026-04-06 06:00:00+00:00, run_after=2026-04-13 06:00:00+00:00
[2026-04-06T09:50:08.209+0000] {processor.py:183} INFO - Processing /opt/airflow/dags/weekly_summary_pipeline.py took 0.233 seconds
[2026-04-06T09:50:38.987+0000] {processor.py:161} INFO - Started process (PID=6951) to work on /opt/airflow/dags/weekly_summary_pipeline.py
[2026-04-06T09:50:38.990+0000] {processor.py:830} INFO - Processing file /opt/airflow/dags/weekly_summary_pipeline.py for tasks to queue
[2026-04-06T09:50:38.992+0000] {logging_mixin.py:188} INFO - [2026-04-06T09:50:38.991+0000] {dagbag.py:538} INFO - Filling up the DagBag from /opt/airflow/dags/weekly_summary_pipeline.py
[2026-04-06T09:50:39.037+0000] {processor.py:840} INFO - DAG(s) 'weekly_summary_pipeline' retrieved from /opt/airflow/dags/weekly_summary_pipeline.py
[2026-04-06T09:50:39.086+0000] {logging_mixin.py:188} INFO - [2026-04-06T09:50:39.085+0000] {dag.py:3036} INFO - Sync 1 DAGs
[2026-04-06T09:50:39.125+0000] {logging_mixin.py:188} INFO - [2026-04-06T09:50:39.125+0000] {dag.py:3823} INFO - Setting next_dagrun for weekly_summary_pipeline to 2026-04-06 06:00:00+00:00, run_after=2026-04-13 06:00:00+00:00
[2026-04-06T09:50:39.161+0000] {processor.py:183} INFO - Processing /opt/airflow/dags/weekly_summary_pipeline.py took 0.181 seconds
[2026-04-06T09:51:09.890+0000] {processor.py:161} INFO - Started process (PID=6974) to work on /opt/airflow/dags/weekly_summary_pipeline.py
[2026-04-06T09:51:09.891+0000] {processor.py:830} INFO - Processing file /opt/airflow/dags/weekly_summary_pipeline.py for tasks to queue
[2026-04-06T09:51:09.893+0000] {logging_mixin.py:188} INFO - [2026-04-06T09:51:09.892+0000] {dagbag.py:538} INFO - Filling up the DagBag from /opt/airflow/dags/weekly_summary_pipeline.py
[2026-04-06T09:51:09.945+0000] {processor.py:840} INFO - DAG(s) 'weekly_summary_pipeline' retrieved from /opt/airflow/dags/weekly_summary_pipeline.py
[2026-04-06T09:51:09.999+0000] {logging_mixin.py:188} INFO - [2026-04-06T09:51:09.999+0000] {dag.py:3036} INFO - Sync 1 DAGs
[2026-04-06T09:51:10.040+0000] {logging_mixin.py:188} INFO - [2026-04-06T09:51:10.040+0000] {dag.py:3823} INFO - Setting next_dagrun for weekly_summary_pipeline to 2026-04-06 06:00:00+00:00, run_after=2026-04-13 06:00:00+00:00
[2026-04-06T09:51:10.089+0000] {processor.py:183} INFO - Processing /opt/airflow/dags/weekly_summary_pipeline.py took 0.204 seconds
[2026-04-06T09:51:40.360+0000] {processor.py:161} INFO - Started process (PID=6997) to work on /opt/airflow/dags/weekly_summary_pipeline.py
[2026-04-06T09:51:40.363+0000] {processor.py:830} INFO - Processing file /opt/airflow/dags/weekly_summary_pipeline.py for tasks to queue
[2026-04-06T09:51:40.366+0000] {logging_mixin.py:188} INFO - [2026-04-06T09:51:40.365+0000] {dagbag.py:538} INFO - Filling up the DagBag from /opt/airflow/dags/weekly_summary_pipeline.py
[2026-04-06T09:51:40.441+0000] {processor.py:840} INFO - DAG(s) 'weekly_summary_pipeline' retrieved from /opt/airflow/dags/weekly_summary_pipeline.py
[2026-04-06T09:51:40.477+0000] {logging_mixin.py:188} INFO - [2026-04-06T09:51:40.477+0000] {dag.py:3036} INFO - Sync 1 DAGs
[2026-04-06T09:51:40.510+0000] {logging_mixin.py:188} INFO - [2026-04-06T09:51:40.509+0000] {dag.py:3823} INFO - Setting next_dagrun for weekly_summary_pipeline to 2026-04-06 06:00:00+00:00, run_after=2026-04-13 06:00:00+00:00
[2026-04-06T09:51:40.544+0000] {processor.py:183} INFO - Processing /opt/airflow/dags/weekly_summary_pipeline.py took 0.192 seconds
[2026-04-06T09:52:10.733+0000] {processor.py:161} INFO - Started process (PID=7020) to work on /opt/airflow/dags/weekly_summary_pipeline.py
[2026-04-06T09:52:10.735+0000] {processor.py:830} INFO - Processing file /opt/airflow/dags/weekly_summary_pipeline.py for tasks to queue
[2026-04-06T09:52:10.737+0000] {logging_mixin.py:188} INFO - [2026-04-06T09:52:10.736+0000] {dagbag.py:538} INFO - Filling up the DagBag from /opt/airflow/dags/weekly_summary_pipeline.py
[2026-04-06T09:52:10.785+0000] {processor.py:840} INFO - DAG(s) 'weekly_summary_pipeline' retrieved from /opt/airflow/dags/weekly_summary_pipeline.py
[2026-04-06T09:52:10.831+0000] {logging_mixin.py:188} INFO - [2026-04-06T09:52:10.831+0000] {dag.py:3036} INFO - Sync 1 DAGs
[2026-04-06T09:52:10.869+0000] {logging_mixin.py:188} INFO - [2026-04-06T09:52:10.868+0000] {dag.py:3823} INFO - Setting next_dagrun for weekly_summary_pipeline to 2026-04-06 06:00:00+00:00, run_after=2026-04-13 06:00:00+00:00
[2026-04-06T09:52:10.901+0000] {processor.py:183} INFO - Processing /opt/airflow/dags/weekly_summary_pipeline.py took 0.174 seconds
[2026-04-06T09:52:41.192+0000] {processor.py:161} INFO - Started process (PID=7043) to work on /opt/airflow/dags/weekly_summary_pipeline.py
[2026-04-06T09:52:41.195+0000] {processor.py:830} INFO - Processing file /opt/airflow/dags/weekly_summary_pipeline.py for tasks to queue
[2026-04-06T09:52:41.197+0000] {logging_mixin.py:188} INFO - [2026-04-06T09:52:41.196+0000] {dagbag.py:538} INFO - Filling up the DagBag from /opt/airflow/dags/weekly_summary_pipeline.py
[2026-04-06T09:52:41.252+0000] {processor.py:840} INFO - DAG(s) 'weekly_summary_pipeline' retrieved from /opt/airflow/dags/weekly_summary_pipeline.py
[2026-04-06T09:52:41.302+0000] {logging_mixin.py:188} INFO - [2026-04-06T09:52:41.302+0000] {dag.py:3036} INFO - Sync 1 DAGs
[2026-04-06T09:52:41.336+0000] {logging_mixin.py:188} INFO - [2026-04-06T09:52:41.335+0000] {dag.py:3823} INFO - Setting next_dagrun for weekly_summary_pipeline to 2026-04-06 06:00:00+00:00, run_after=2026-04-13 06:00:00+00:00
[2026-04-06T09:52:41.369+0000] {processor.py:183} INFO - Processing /opt/airflow/dags/weekly_summary_pipeline.py took 0.184 seconds
[2026-04-06T09:53:11.692+0000] {processor.py:161} INFO - Started process (PID=7066) to work on /opt/airflow/dags/weekly_summary_pipeline.py
[2026-04-06T09:53:11.694+0000] {processor.py:830} INFO - Processing file /opt/airflow/dags/weekly_summary_pipeline.py for tasks to queue
[2026-04-06T09:53:11.696+0000] {logging_mixin.py:188} INFO - [2026-04-06T09:53:11.696+0000] {dagbag.py:538} INFO - Filling up the DagBag from /opt/airflow/dags/weekly_summary_pipeline.py
[2026-04-06T09:53:11.766+0000] {processor.py:840} INFO - DAG(s) 'weekly_summary_pipeline' retrieved from /opt/airflow/dags/weekly_summary_pipeline.py
[2026-04-06T09:53:11.826+0000] {logging_mixin.py:188} INFO - [2026-04-06T09:53:11.825+0000] {dag.py:3036} INFO - Sync 1 DAGs
[2026-04-06T09:53:11.865+0000] {logging_mixin.py:188} INFO - [2026-04-06T09:53:11.864+0000] {dag.py:3823} INFO - Setting next_dagrun for weekly_summary_pipeline to 2026-04-06 06:00:00+00:00, run_after=2026-04-13 06:00:00+00:00
[2026-04-06T09:53:11.912+0000] {processor.py:183} INFO - Processing /opt/airflow/dags/weekly_summary_pipeline.py took 0.227 seconds
[2026-04-06T09:53:42.171+0000] {processor.py:161} INFO - Started process (PID=7089) to work on /opt/airflow/dags/weekly_summary_pipeline.py
[2026-04-06T09:53:42.173+0000] {processor.py:830} INFO - Processing file /opt/airflow/dags/weekly_summary_pipeline.py for tasks to queue
[2026-04-06T09:53:42.175+0000] {logging_mixin.py:188} INFO - [2026-04-06T09:53:42.174+0000] {dagbag.py:538} INFO - Filling up the DagBag from /opt/airflow/dags/weekly_summary_pipeline.py
[2026-04-06T09:53:42.220+0000] {processor.py:840} INFO - DAG(s) 'weekly_summary_pipeline' retrieved from /opt/airflow/dags/weekly_summary_pipeline.py
[2026-04-06T09:53:42.283+0000] {logging_mixin.py:188} INFO - [2026-04-06T09:53:42.283+0000] {dag.py:3036} INFO - Sync 1 DAGs
[2026-04-06T09:53:42.332+0000] {logging_mixin.py:188} INFO - [2026-04-06T09:53:42.332+0000] {dag.py:3823} INFO - Setting next_dagrun for weekly_summary_pipeline to 2026-04-06 06:00:00+00:00, run_after=2026-04-13 06:00:00+00:00
[2026-04-06T09:53:42.364+0000] {processor.py:183} INFO - Processing /opt/airflow/dags/weekly_summary_pipeline.py took 0.199 seconds
[2026-04-06T09:54:13.268+0000] {processor.py:161} INFO - Started process (PID=7112) to work on /opt/airflow/dags/weekly_summary_pipeline.py
[2026-04-06T09:54:13.270+0000] {processor.py:830} INFO - Processing file /opt/airflow/dags/weekly_summary_pipeline.py for tasks to queue
[2026-04-06T09:54:13.271+0000] {logging_mixin.py:188} INFO - [2026-04-06T09:54:13.271+0000] {dagbag.py:538} INFO - Filling up the DagBag from /opt/airflow/dags/weekly_summary_pipeline.py
[2026-04-06T09:54:13.327+0000] {processor.py:840} INFO - DAG(s) 'weekly_summary_pipeline' retrieved from /opt/airflow/dags/weekly_summary_pipeline.py
[2026-04-06T09:54:13.375+0000] {logging_mixin.py:188} INFO - [2026-04-06T09:54:13.375+0000] {dag.py:3036} INFO - Sync 1 DAGs
[2026-04-06T09:54:13.402+0000] {logging_mixin.py:188} INFO - [2026-04-06T09:54:13.401+0000] {dag.py:3823} INFO - Setting next_dagrun for weekly_summary_pipeline to 2026-04-06 06:00:00+00:00, run_after=2026-04-13 06:00:00+00:00
[2026-04-06T09:54:13.429+0000] {processor.py:183} INFO - Processing /opt/airflow/dags/weekly_summary_pipeline.py took 0.164 seconds
[2026-04-06T09:54:43.557+0000] {processor.py:161} INFO - Started process (PID=7136) to work on /opt/airflow/dags/weekly_summary_pipeline.py
[2026-04-06T09:54:43.559+0000] {processor.py:830} INFO - Processing file /opt/airflow/dags/weekly_summary_pipeline.py for tasks to queue
[2026-04-06T09:54:43.562+0000] {logging_mixin.py:188} INFO - [2026-04-06T09:54:43.561+0000] {dagbag.py:538} INFO - Filling up the DagBag from /opt/airflow/dags/weekly_summary_pipeline.py
[2026-04-06T09:54:43.635+0000] {processor.py:840} INFO - DAG(s) 'weekly_summary_pipeline' retrieved from /opt/airflow/dags/weekly_summary_pipeline.py
[2026-04-06T09:54:43.713+0000] {logging_mixin.py:188} INFO - [2026-04-06T09:54:43.713+0000] {dag.py:3036} INFO - Sync 1 DAGs
[2026-04-06T09:54:43.753+0000] {logging_mixin.py:188} INFO - [2026-04-06T09:54:43.753+0000] {dag.py:3823} INFO - Setting next_dagrun for weekly_summary_pipeline to 2026-04-06 06:00:00+00:00, run_after=2026-04-13 06:00:00+00:00
[2026-04-06T09:54:43.787+0000] {processor.py:183} INFO - Processing /opt/airflow/dags/weekly_summary_pipeline.py took 0.237 seconds
[2026-04-06T09:55:13.964+0000] {processor.py:161} INFO - Started process (PID=7159) to work on /opt/airflow/dags/weekly_summary_pipeline.py
[2026-04-06T09:55:13.967+0000] {processor.py:830} INFO - Processing file /opt/airflow/dags/weekly_summary_pipeline.py for tasks to queue
[2026-04-06T09:55:13.969+0000] {logging_mixin.py:188} INFO - [2026-04-06T09:55:13.969+0000] {dagbag.py:538} INFO - Filling up the DagBag from /opt/airflow/dags/weekly_summary_pipeline.py
[2026-04-06T09:55:14.040+0000] {processor.py:840} INFO - DAG(s) 'weekly_summary_pipeline' retrieved from /opt/airflow/dags/weekly_summary_pipeline.py
[2026-04-06T09:55:14.113+0000] {logging_mixin.py:188} INFO - [2026-04-06T09:55:14.113+0000] {dag.py:3036} INFO - Sync 1 DAGs
[2026-04-06T09:55:14.151+0000] {logging_mixin.py:188} INFO - [2026-04-06T09:55:14.150+0000] {dag.py:3823} INFO - Setting next_dagrun for weekly_summary_pipeline to 2026-04-06 06:00:00+00:00, run_after=2026-04-13 06:00:00+00:00
[2026-04-06T09:55:14.177+0000] {processor.py:183} INFO - Processing /opt/airflow/dags/weekly_summary_pipeline.py took 0.221 seconds
[2026-04-06T09:55:44.536+0000] {processor.py:161} INFO - Started process (PID=7182) to work on /opt/airflow/dags/weekly_summary_pipeline.py
[2026-04-06T09:55:44.539+0000] {processor.py:830} INFO - Processing file /opt/airflow/dags/weekly_summary_pipeline.py for tasks to queue
[2026-04-06T09:55:44.542+0000] {logging_mixin.py:188} INFO - [2026-04-06T09:55:44.541+0000] {dagbag.py:538} INFO - Filling up the DagBag from /opt/airflow/dags/weekly_summary_pipeline.py
[2026-04-06T09:55:44.580+0000] {processor.py:840} INFO - DAG(s) 'weekly_summary_pipeline' retrieved from /opt/airflow/dags/weekly_summary_pipeline.py
[2026-04-06T09:55:44.626+0000] {logging_mixin.py:188} INFO - [2026-04-06T09:55:44.625+0000] {dag.py:3036} INFO - Sync 1 DAGs
[2026-04-06T09:55:44.661+0000] {logging_mixin.py:188} INFO - [2026-04-06T09:55:44.661+0000] {dag.py:3823} INFO - Setting next_dagrun for weekly_summary_pipeline to 2026-04-06 06:00:00+00:00, run_after=2026-04-13 06:00:00+00:00
[2026-04-06T09:55:44.717+0000] {processor.py:183} INFO - Processing /opt/airflow/dags/weekly_summary_pipeline.py took 0.187 seconds
[2026-04-06T09:56:15.565+0000] {processor.py:161} INFO - Started process (PID=7205) to work on /opt/airflow/dags/weekly_summary_pipeline.py
[2026-04-06T09:56:15.567+0000] {processor.py:830} INFO - Processing file /opt/airflow/dags/weekly_summary_pipeline.py for tasks to queue
[2026-04-06T09:56:15.569+0000] {logging_mixin.py:188} INFO - [2026-04-06T09:56:15.569+0000] {dagbag.py:538} INFO - Filling up the DagBag from /opt/airflow/dags/weekly_summary_pipeline.py
[2026-04-06T09:56:15.623+0000] {processor.py:840} INFO - DAG(s) 'weekly_summary_pipeline' retrieved from /opt/airflow/dags/weekly_summary_pipeline.py
[2026-04-06T09:56:15.675+0000] {logging_mixin.py:188} INFO - [2026-04-06T09:56:15.675+0000] {dag.py:3036} INFO - Sync 1 DAGs
[2026-04-06T09:56:15.707+0000] {logging_mixin.py:188} INFO - [2026-04-06T09:56:15.707+0000] {dag.py:3823} INFO - Setting next_dagrun for weekly_summary_pipeline to 2026-04-06 06:00:00+00:00, run_after=2026-04-13 06:00:00+00:00
[2026-04-06T09:56:15.748+0000] {processor.py:183} INFO - Processing /opt/airflow/dags/weekly_summary_pipeline.py took 0.188 seconds
[2026-04-06T09:56:45.854+0000] {processor.py:161} INFO - Started process (PID=7228) to work on /opt/airflow/dags/weekly_summary_pipeline.py
[2026-04-06T09:56:45.855+0000] {processor.py:830} INFO - Processing file /opt/airflow/dags/weekly_summary_pipeline.py for tasks to queue
[2026-04-06T09:56:45.857+0000] {logging_mixin.py:188} INFO - [2026-04-06T09:56:45.857+0000] {dagbag.py:538} INFO - Filling up the DagBag from /opt/airflow/dags/weekly_summary_pipeline.py
[2026-04-06T09:56:45.904+0000] {processor.py:840} INFO - DAG(s) 'weekly_summary_pipeline' retrieved from /opt/airflow/dags/weekly_summary_pipeline.py
[2026-04-06T09:56:45.945+0000] {logging_mixin.py:188} INFO - [2026-04-06T09:56:45.945+0000] {dag.py:3036} INFO - Sync 1 DAGs
[2026-04-06T09:56:45.981+0000] {logging_mixin.py:188} INFO - [2026-04-06T09:56:45.981+0000] {dag.py:3823} INFO - Setting next_dagrun for weekly_summary_pipeline to 2026-04-06 06:00:00+00:00, run_after=2026-04-13 06:00:00+00:00
[2026-04-06T09:56:46.012+0000] {processor.py:183} INFO - Processing /opt/airflow/dags/weekly_summary_pipeline.py took 0.164 seconds
[2026-04-06T09:57:16.195+0000] {processor.py:161} INFO - Started process (PID=7251) to work on /opt/airflow/dags/weekly_summary_pipeline.py
[2026-04-06T09:57:16.197+0000] {processor.py:830} INFO - Processing file /opt/airflow/dags/weekly_summary_pipeline.py for tasks to queue
[2026-04-06T09:57:16.198+0000] {logging_mixin.py:188} INFO - [2026-04-06T09:57:16.198+0000] {dagbag.py:538} INFO - Filling up the DagBag from /opt/airflow/dags/weekly_summary_pipeline.py
[2026-04-06T09:57:16.248+0000] {processor.py:840} INFO - DAG(s) 'weekly_summary_pipeline' retrieved from /opt/airflow/dags/weekly_summary_pipeline.py
[2026-04-06T09:57:16.294+0000] {logging_mixin.py:188} INFO - [2026-04-06T09:57:16.294+0000] {dag.py:3036} INFO - Sync 1 DAGs
[2026-04-06T09:57:16.323+0000] {logging_mixin.py:188} INFO - [2026-04-06T09:57:16.323+0000] {dag.py:3823} INFO - Setting next_dagrun for weekly_summary_pipeline to 2026-04-06 06:00:00+00:00, run_after=2026-04-13 06:00:00+00:00
[2026-04-06T09:57:16.351+0000] {processor.py:183} INFO - Processing /opt/airflow/dags/weekly_summary_pipeline.py took 0.161 seconds
[2026-04-06T09:57:46.571+0000] {processor.py:161} INFO - Started process (PID=7274) to work on /opt/airflow/dags/weekly_summary_pipeline.py
[2026-04-06T09:57:46.573+0000] {processor.py:830} INFO - Processing file /opt/airflow/dags/weekly_summary_pipeline.py for tasks to queue
[2026-04-06T09:57:46.575+0000] {logging_mixin.py:188} INFO - [2026-04-06T09:57:46.574+0000] {dagbag.py:538} INFO - Filling up the DagBag from /opt/airflow/dags/weekly_summary_pipeline.py
[2026-04-06T09:57:46.616+0000] {processor.py:840} INFO - DAG(s) 'weekly_summary_pipeline' retrieved from /opt/airflow/dags/weekly_summary_pipeline.py
[2026-04-06T09:57:46.652+0000] {logging_mixin.py:188} INFO - [2026-04-06T09:57:46.652+0000] {dag.py:3036} INFO - Sync 1 DAGs
[2026-04-06T09:57:46.681+0000] {logging_mixin.py:188} INFO - [2026-04-06T09:57:46.681+0000] {dag.py:3823} INFO - Setting next_dagrun for weekly_summary_pipeline to 2026-04-06 06:00:00+00:00, run_after=2026-04-13 06:00:00+00:00
[2026-04-06T09:57:46.715+0000] {processor.py:183} INFO - Processing /opt/airflow/dags/weekly_summary_pipeline.py took 0.149 seconds
[2026-04-06T09:58:17.040+0000] {processor.py:161} INFO - Started process (PID=7289) to work on /opt/airflow/dags/weekly_summary_pipeline.py
[2026-04-06T09:58:17.042+0000] {processor.py:830} INFO - Processing file /opt/airflow/dags/weekly_summary_pipeline.py for tasks to queue
[2026-04-06T09:58:17.044+0000] {logging_mixin.py:188} INFO - [2026-04-06T09:58:17.043+0000] {dagbag.py:538} INFO - Filling up the DagBag from /opt/airflow/dags/weekly_summary_pipeline.py
[2026-04-06T09:58:17.095+0000] {processor.py:840} INFO - DAG(s) 'weekly_summary_pipeline' retrieved from /opt/airflow/dags/weekly_summary_pipeline.py
[2026-04-06T09:58:17.153+0000] {logging_mixin.py:188} INFO - [2026-04-06T09:58:17.152+0000] {dag.py:3036} INFO - Sync 1 DAGs
[2026-04-06T09:58:17.200+0000] {logging_mixin.py:188} INFO - [2026-04-06T09:58:17.199+0000] {dag.py:3823} INFO - Setting next_dagrun for weekly_summary_pipeline to 2026-04-06 06:00:00+00:00, run_after=2026-04-13 06:00:00+00:00
[2026-04-06T09:58:17.229+0000] {processor.py:183} INFO - Processing /opt/airflow/dags/weekly_summary_pipeline.py took 0.197 seconds
[2026-04-06T09:58:47.954+0000] {processor.py:161} INFO - Started process (PID=7308) to work on /opt/airflow/dags/weekly_summary_pipeline.py
[2026-04-06T09:58:47.956+0000] {processor.py:830} INFO - Processing file /opt/airflow/dags/weekly_summary_pipeline.py for tasks to queue
[2026-04-06T09:58:47.960+0000] {logging_mixin.py:188} INFO - [2026-04-06T09:58:47.958+0000] {dagbag.py:538} INFO - Filling up the DagBag from /opt/airflow/dags/weekly_summary_pipeline.py
[2026-04-06T09:58:48.033+0000] {processor.py:840} INFO - DAG(s) 'weekly_summary_pipeline' retrieved from /opt/airflow/dags/weekly_summary_pipeline.py
[2026-04-06T09:58:48.078+0000] {logging_mixin.py:188} INFO - [2026-04-06T09:58:48.078+0000] {dag.py:3036} INFO - Sync 1 DAGs
[2026-04-06T09:58:48.112+0000] {logging_mixin.py:188} INFO - [2026-04-06T09:58:48.112+0000] {dag.py:3823} INFO - Setting next_dagrun for weekly_summary_pipeline to 2026-04-06 06:00:00+00:00, run_after=2026-04-13 06:00:00+00:00
[2026-04-06T09:58:48.138+0000] {processor.py:183} INFO - Processing /opt/airflow/dags/weekly_summary_pipeline.py took 0.193 seconds
[2026-04-06T09:59:19.112+0000] {processor.py:161} INFO - Started process (PID=7331) to work on /opt/airflow/dags/weekly_summary_pipeline.py
[2026-04-06T09:59:19.114+0000] {processor.py:830} INFO - Processing file /opt/airflow/dags/weekly_summary_pipeline.py for tasks to queue
[2026-04-06T09:59:19.116+0000] {logging_mixin.py:188} INFO - [2026-04-06T09:59:19.115+0000] {dagbag.py:538} INFO - Filling up the DagBag from /opt/airflow/dags/weekly_summary_pipeline.py
[2026-04-06T09:59:19.153+0000] {processor.py:840} INFO - DAG(s) 'weekly_summary_pipeline' retrieved from /opt/airflow/dags/weekly_summary_pipeline.py
[2026-04-06T09:59:19.190+0000] {logging_mixin.py:188} INFO - [2026-04-06T09:59:19.189+0000] {dag.py:3036} INFO - Sync 1 DAGs
[2026-04-06T09:59:19.219+0000] {logging_mixin.py:188} INFO - [2026-04-06T09:59:19.219+0000] {dag.py:3823} INFO - Setting next_dagrun for weekly_summary_pipeline to 2026-04-06 06:00:00+00:00, run_after=2026-04-13 06:00:00+00:00
[2026-04-06T09:59:19.245+0000] {processor.py:183} INFO - Processing /opt/airflow/dags/weekly_summary_pipeline.py took 0.137 seconds
[2026-04-06T09:59:49.978+0000] {processor.py:161} INFO - Started process (PID=7353) to work on /opt/airflow/dags/weekly_summary_pipeline.py
[2026-04-06T09:59:49.981+0000] {processor.py:830} INFO - Processing file /opt/airflow/dags/weekly_summary_pipeline.py for tasks to queue
[2026-04-06T09:59:49.982+0000] {logging_mixin.py:188} INFO - [2026-04-06T09:59:49.982+0000] {dagbag.py:538} INFO - Filling up the DagBag from /opt/airflow/dags/weekly_summary_pipeline.py
[2026-04-06T09:59:50.009+0000] {processor.py:840} INFO - DAG(s) 'weekly_summary_pipeline' retrieved from /opt/airflow/dags/weekly_summary_pipeline.py
[2026-04-06T09:59:50.044+0000] {logging_mixin.py:188} INFO - [2026-04-06T09:59:50.044+0000] {dag.py:3036} INFO - Sync 1 DAGs
[2026-04-06T09:59:50.075+0000] {logging_mixin.py:188} INFO - [2026-04-06T09:59:50.075+0000] {dag.py:3823} INFO - Setting next_dagrun for weekly_summary_pipeline to 2026-04-06 06:00:00+00:00, run_after=2026-04-13 06:00:00+00:00
[2026-04-06T09:59:50.102+0000] {processor.py:183} INFO - Processing /opt/airflow/dags/weekly_summary_pipeline.py took 0.129 seconds
[2026-04-06T10:00:21.179+0000] {processor.py:161} INFO - Started process (PID=7376) to work on /opt/airflow/dags/weekly_summary_pipeline.py
[2026-04-06T10:00:21.182+0000] {processor.py:830} INFO - Processing file /opt/airflow/dags/weekly_summary_pipeline.py for tasks to queue
[2026-04-06T10:00:21.184+0000] {logging_mixin.py:188} INFO - [2026-04-06T10:00:21.183+0000] {dagbag.py:538} INFO - Filling up the DagBag from /opt/airflow/dags/weekly_summary_pipeline.py
[2026-04-06T10:00:21.231+0000] {processor.py:840} INFO - DAG(s) 'weekly_summary_pipeline' retrieved from /opt/airflow/dags/weekly_summary_pipeline.py
[2026-04-06T10:00:21.271+0000] {logging_mixin.py:188} INFO - [2026-04-06T10:00:21.271+0000] {dag.py:3036} INFO - Sync 1 DAGs
[2026-04-06T10:00:21.306+0000] {logging_mixin.py:188} INFO - [2026-04-06T10:00:21.306+0000] {dag.py:3823} INFO - Setting next_dagrun for weekly_summary_pipeline to 2026-04-06 06:00:00+00:00, run_after=2026-04-13 06:00:00+00:00
[2026-04-06T10:00:21.347+0000] {processor.py:183} INFO - Processing /opt/airflow/dags/weekly_summary_pipeline.py took 0.174 seconds
[2026-04-06T10:00:52.145+0000] {processor.py:161} INFO - Started process (PID=7399) to work on /opt/airflow/dags/weekly_summary_pipeline.py
[2026-04-06T10:00:52.148+0000] {processor.py:830} INFO - Processing file /opt/airflow/dags/weekly_summary_pipeline.py for tasks to queue
[2026-04-06T10:00:52.151+0000] {logging_mixin.py:188} INFO - [2026-04-06T10:00:52.150+0000] {dagbag.py:538} INFO - Filling up the DagBag from /opt/airflow/dags/weekly_summary_pipeline.py
[2026-04-06T10:00:52.194+0000] {processor.py:840} INFO - DAG(s) 'weekly_summary_pipeline' retrieved from /opt/airflow/dags/weekly_summary_pipeline.py
[2026-04-06T10:00:52.258+0000] {logging_mixin.py:188} INFO - [2026-04-06T10:00:52.258+0000] {dag.py:3036} INFO - Sync 1 DAGs
[2026-04-06T10:00:52.291+0000] {logging_mixin.py:188} INFO - [2026-04-06T10:00:52.290+0000] {dag.py:3823} INFO - Setting next_dagrun for weekly_summary_pipeline to 2026-04-06 06:00:00+00:00, run_after=2026-04-13 06:00:00+00:00
[2026-04-06T10:00:52.321+0000] {processor.py:183} INFO - Processing /opt/airflow/dags/weekly_summary_pipeline.py took 0.184 seconds
[2026-04-06T10:01:23.198+0000] {processor.py:161} INFO - Started process (PID=7422) to work on /opt/airflow/dags/weekly_summary_pipeline.py
[2026-04-06T10:01:23.200+0000] {processor.py:830} INFO - Processing file /opt/airflow/dags/weekly_summary_pipeline.py for tasks to queue
[2026-04-06T10:01:23.202+0000] {logging_mixin.py:188} INFO - [2026-04-06T10:01:23.202+0000] {dagbag.py:538} INFO - Filling up the DagBag from /opt/airflow/dags/weekly_summary_pipeline.py
[2026-04-06T10:01:23.257+0000] {processor.py:840} INFO - DAG(s) 'weekly_summary_pipeline' retrieved from /opt/airflow/dags/weekly_summary_pipeline.py
[2026-04-06T10:01:23.310+0000] {logging_mixin.py:188} INFO - [2026-04-06T10:01:23.310+0000] {dag.py:3036} INFO - Sync 1 DAGs
[2026-04-06T10:01:23.352+0000] {logging_mixin.py:188} INFO - [2026-04-06T10:01:23.352+0000] {dag.py:3823} INFO - Setting next_dagrun for weekly_summary_pipeline to 2026-04-06 06:00:00+00:00, run_after=2026-04-13 06:00:00+00:00
[2026-04-06T10:01:23.384+0000] {processor.py:183} INFO - Processing /opt/airflow/dags/weekly_summary_pipeline.py took 0.192 seconds
[2026-04-06T10:01:54.157+0000] {processor.py:161} INFO - Started process (PID=7445) to work on /opt/airflow/dags/weekly_summary_pipeline.py
[2026-04-06T10:01:54.159+0000] {processor.py:830} INFO - Processing file /opt/airflow/dags/weekly_summary_pipeline.py for tasks to queue
[2026-04-06T10:01:54.161+0000] {logging_mixin.py:188} INFO - [2026-04-06T10:01:54.160+0000] {dagbag.py:538} INFO - Filling up the DagBag from /opt/airflow/dags/weekly_summary_pipeline.py
[2026-04-06T10:01:54.195+0000] {processor.py:840} INFO - DAG(s) 'weekly_summary_pipeline' retrieved from /opt/airflow/dags/weekly_summary_pipeline.py
[2026-04-06T10:01:54.232+0000] {logging_mixin.py:188} INFO - [2026-04-06T10:01:54.232+0000] {dag.py:3036} INFO - Sync 1 DAGs
[2026-04-06T10:01:54.264+0000] {logging_mixin.py:188} INFO - [2026-04-06T10:01:54.264+0000] {dag.py:3823} INFO - Setting next_dagrun for weekly_summary_pipeline to 2026-04-06 06:00:00+00:00, run_after=2026-04-13 06:00:00+00:00
[2026-04-06T10:01:54.292+0000] {processor.py:183} INFO - Processing /opt/airflow/dags/weekly_summary_pipeline.py took 0.140 seconds
[2026-04-06T10:02:25.160+0000] {processor.py:161} INFO - Started process (PID=7469) to work on /opt/airflow/dags/weekly_summary_pipeline.py
[2026-04-06T10:02:25.162+0000] {processor.py:830} INFO - Processing file /opt/airflow/dags/weekly_summary_pipeline.py for tasks to queue
[2026-04-06T10:02:25.165+0000] {logging_mixin.py:188} INFO - [2026-04-06T10:02:25.163+0000] {dagbag.py:538} INFO - Filling up the DagBag from /opt/airflow/dags/weekly_summary_pipeline.py
[2026-04-06T10:02:25.219+0000] {processor.py:840} INFO - DAG(s) 'weekly_summary_pipeline' retrieved from /opt/airflow/dags/weekly_summary_pipeline.py
[2026-04-06T10:02:25.282+0000] {logging_mixin.py:188} INFO - [2026-04-06T10:02:25.282+0000] {dag.py:3036} INFO - Sync 1 DAGs
[2026-04-06T10:02:25.327+0000] {logging_mixin.py:188} INFO - [2026-04-06T10:02:25.326+0000] {dag.py:3823} INFO - Setting next_dagrun for weekly_summary_pipeline to 2026-04-06 06:00:00+00:00, run_after=2026-04-13 06:00:00+00:00
[2026-04-06T10:02:25.366+0000] {processor.py:183} INFO - Processing /opt/airflow/dags/weekly_summary_pipeline.py took 0.213 seconds
[2026-04-06T10:02:56.295+0000] {processor.py:161} INFO - Started process (PID=7492) to work on /opt/airflow/dags/weekly_summary_pipeline.py
[2026-04-06T10:02:56.298+0000] {processor.py:830} INFO - Processing file /opt/airflow/dags/weekly_summary_pipeline.py for tasks to queue
[2026-04-06T10:02:56.300+0000] {logging_mixin.py:188} INFO - [2026-04-06T10:02:56.299+0000] {dagbag.py:538} INFO - Filling up the DagBag from /opt/airflow/dags/weekly_summary_pipeline.py
[2026-04-06T10:02:56.354+0000] {processor.py:840} INFO - DAG(s) 'weekly_summary_pipeline' retrieved from /opt/airflow/dags/weekly_summary_pipeline.py
[2026-04-06T10:02:56.389+0000] {logging_mixin.py:188} INFO - [2026-04-06T10:02:56.389+0000] {dag.py:3036} INFO - Sync 1 DAGs
[2026-04-06T10:02:56.420+0000] {logging_mixin.py:188} INFO - [2026-04-06T10:02:56.420+0000] {dag.py:3823} INFO - Setting next_dagrun for weekly_summary_pipeline to 2026-04-06 06:00:00+00:00, run_after=2026-04-13 06:00:00+00:00
[2026-04-06T10:02:56.447+0000] {processor.py:183} INFO - Processing /opt/airflow/dags/weekly_summary_pipeline.py took 0.158 seconds
[2026-04-06T10:03:26.831+0000] {processor.py:161} INFO - Started process (PID=7520) to work on /opt/airflow/dags/weekly_summary_pipeline.py
[2026-04-06T10:03:26.834+0000] {processor.py:830} INFO - Processing file /opt/airflow/dags/weekly_summary_pipeline.py for tasks to queue
[2026-04-06T10:03:26.837+0000] {logging_mixin.py:188} INFO - [2026-04-06T10:03:26.836+0000] {dagbag.py:538} INFO - Filling up the DagBag from /opt/airflow/dags/weekly_summary_pipeline.py
[2026-04-06T10:03:26.884+0000] {processor.py:840} INFO - DAG(s) 'weekly_summary_pipeline' retrieved from /opt/airflow/dags/weekly_summary_pipeline.py
[2026-04-06T10:03:26.922+0000] {logging_mixin.py:188} INFO - [2026-04-06T10:03:26.921+0000] {dag.py:3036} INFO - Sync 1 DAGs
[2026-04-06T10:03:26.956+0000] {logging_mixin.py:188} INFO - [2026-04-06T10:03:26.955+0000] {dag.py:3823} INFO - Setting next_dagrun for weekly_summary_pipeline to 2026-04-06 06:00:00+00:00, run_after=2026-04-13 06:00:00+00:00
[2026-04-06T10:03:26.994+0000] {processor.py:183} INFO - Processing /opt/airflow/dags/weekly_summary_pipeline.py took 0.167 seconds
[2026-04-06T10:03:57.256+0000] {processor.py:161} INFO - Started process (PID=7538) to work on /opt/airflow/dags/weekly_summary_pipeline.py
[2026-04-06T10:03:57.258+0000] {processor.py:830} INFO - Processing file /opt/airflow/dags/weekly_summary_pipeline.py for tasks to queue
[2026-04-06T10:03:57.259+0000] {logging_mixin.py:188} INFO - [2026-04-06T10:03:57.258+0000] {dagbag.py:538} INFO - Filling up the DagBag from /opt/airflow/dags/weekly_summary_pipeline.py
[2026-04-06T10:03:57.282+0000] {processor.py:840} INFO - DAG(s) 'weekly_summary_pipeline' retrieved from /opt/airflow/dags/weekly_summary_pipeline.py
[2026-04-06T10:03:57.322+0000] {logging_mixin.py:188} INFO - [2026-04-06T10:03:57.322+0000] {dag.py:3036} INFO - Sync 1 DAGs
[2026-04-06T10:03:57.356+0000] {logging_mixin.py:188} INFO - [2026-04-06T10:03:57.356+0000] {dag.py:3823} INFO - Setting next_dagrun for weekly_summary_pipeline to 2026-04-06 06:00:00+00:00, run_after=2026-04-13 06:00:00+00:00
[2026-04-06T10:03:57.382+0000] {processor.py:183} INFO - Processing /opt/airflow/dags/weekly_summary_pipeline.py took 0.130 seconds
[2026-04-06T10:04:28.086+0000] {processor.py:161} INFO - Started process (PID=7561) to work on /opt/airflow/dags/weekly_summary_pipeline.py
[2026-04-06T10:04:28.089+0000] {processor.py:830} INFO - Processing file /opt/airflow/dags/weekly_summary_pipeline.py for tasks to queue
[2026-04-06T10:04:28.092+0000] {logging_mixin.py:188} INFO - [2026-04-06T10:04:28.091+0000] {dagbag.py:538} INFO - Filling up the DagBag from /opt/airflow/dags/weekly_summary_pipeline.py
[2026-04-06T10:04:28.145+0000] {processor.py:840} INFO - DAG(s) 'weekly_summary_pipeline' retrieved from /opt/airflow/dags/weekly_summary_pipeline.py
[2026-04-06T10:04:28.194+0000] {logging_mixin.py:188} INFO - [2026-04-06T10:04:28.193+0000] {dag.py:3036} INFO - Sync 1 DAGs
[2026-04-06T10:04:28.225+0000] {logging_mixin.py:188} INFO - [2026-04-06T10:04:28.225+0000] {dag.py:3823} INFO - Setting next_dagrun for weekly_summary_pipeline to 2026-04-06 06:00:00+00:00, run_after=2026-04-13 06:00:00+00:00
[2026-04-06T10:04:28.266+0000] {processor.py:183} INFO - Processing /opt/airflow/dags/weekly_summary_pipeline.py took 0.190 seconds
[2026-04-06T10:04:59.087+0000] {processor.py:161} INFO - Started process (PID=7584) to work on /opt/airflow/dags/weekly_summary_pipeline.py
[2026-04-06T10:04:59.090+0000] {processor.py:830} INFO - Processing file /opt/airflow/dags/weekly_summary_pipeline.py for tasks to queue
[2026-04-06T10:04:59.092+0000] {logging_mixin.py:188} INFO - [2026-04-06T10:04:59.091+0000] {dagbag.py:538} INFO - Filling up the DagBag from /opt/airflow/dags/weekly_summary_pipeline.py
[2026-04-06T10:04:59.135+0000] {processor.py:840} INFO - DAG(s) 'weekly_summary_pipeline' retrieved from /opt/airflow/dags/weekly_summary_pipeline.py
[2026-04-06T10:04:59.176+0000] {logging_mixin.py:188} INFO - [2026-04-06T10:04:59.175+0000] {dag.py:3036} INFO - Sync 1 DAGs
[2026-04-06T10:04:59.209+0000] {logging_mixin.py:188} INFO - [2026-04-06T10:04:59.209+0000] {dag.py:3823} INFO - Setting next_dagrun for weekly_summary_pipeline to 2026-04-06 06:00:00+00:00, run_after=2026-04-13 06:00:00+00:00
[2026-04-06T10:04:59.234+0000] {processor.py:183} INFO - Processing /opt/airflow/dags/weekly_summary_pipeline.py took 0.150 seconds
[2026-04-06T10:05:29.948+0000] {processor.py:161} INFO - Started process (PID=7607) to work on /opt/airflow/dags/weekly_summary_pipeline.py
[2026-04-06T10:05:29.950+0000] {processor.py:830} INFO - Processing file /opt/airflow/dags/weekly_summary_pipeline.py for tasks to queue
[2026-04-06T10:05:29.952+0000] {logging_mixin.py:188} INFO - [2026-04-06T10:05:29.952+0000] {dagbag.py:538} INFO - Filling up the DagBag from /opt/airflow/dags/weekly_summary_pipeline.py
[2026-04-06T10:05:29.980+0000] {processor.py:840} INFO - DAG(s) 'weekly_summary_pipeline' retrieved from /opt/airflow/dags/weekly_summary_pipeline.py
[2026-04-06T10:05:30.018+0000] {logging_mixin.py:188} INFO - [2026-04-06T10:05:30.017+0000] {dag.py:3036} INFO - Sync 1 DAGs
[2026-04-06T10:05:30.050+0000] {logging_mixin.py:188} INFO - [2026-04-06T10:05:30.050+0000] {dag.py:3823} INFO - Setting next_dagrun for weekly_summary_pipeline to 2026-04-06 06:00:00+00:00, run_after=2026-04-13 06:00:00+00:00
[2026-04-06T10:05:30.081+0000] {processor.py:183} INFO - Processing /opt/airflow/dags/weekly_summary_pipeline.py took 0.137 seconds
[2026-04-06T10:06:00.852+0000] {processor.py:161} INFO - Started process (PID=7630) to work on /opt/airflow/dags/weekly_summary_pipeline.py
[2026-04-06T10:06:00.853+0000] {processor.py:830} INFO - Processing file /opt/airflow/dags/weekly_summary_pipeline.py for tasks to queue
[2026-04-06T10:06:00.855+0000] {logging_mixin.py:188} INFO - [2026-04-06T10:06:00.854+0000] {dagbag.py:538} INFO - Filling up the DagBag from /opt/airflow/dags/weekly_summary_pipeline.py
[2026-04-06T10:06:00.889+0000] {processor.py:840} INFO - DAG(s) 'weekly_summary_pipeline' retrieved from /opt/airflow/dags/weekly_summary_pipeline.py
[2026-04-06T10:06:00.928+0000] {logging_mixin.py:188} INFO - [2026-04-06T10:06:00.928+0000] {dag.py:3036} INFO - Sync 1 DAGs
[2026-04-06T10:06:00.966+0000] {logging_mixin.py:188} INFO - [2026-04-06T10:06:00.966+0000] {dag.py:3823} INFO - Setting next_dagrun for weekly_summary_pipeline to 2026-04-06 06:00:00+00:00, run_after=2026-04-13 06:00:00+00:00
[2026-04-06T10:06:00.993+0000] {processor.py:183} INFO - Processing /opt/airflow/dags/weekly_summary_pipeline.py took 0.147 seconds
[2026-04-06T10:06:31.764+0000] {processor.py:161} INFO - Started process (PID=7653) to work on /opt/airflow/dags/weekly_summary_pipeline.py
[2026-04-06T10:06:31.768+0000] {processor.py:830} INFO - Processing file /opt/airflow/dags/weekly_summary_pipeline.py for tasks to queue
[2026-04-06T10:06:31.772+0000] {logging_mixin.py:188} INFO - [2026-04-06T10:06:31.771+0000] {dagbag.py:538} INFO - Filling up the DagBag from /opt/airflow/dags/weekly_summary_pipeline.py
[2026-04-06T10:06:31.821+0000] {processor.py:840} INFO - DAG(s) 'weekly_summary_pipeline' retrieved from /opt/airflow/dags/weekly_summary_pipeline.py
[2026-04-06T10:06:31.869+0000] {logging_mixin.py:188} INFO - [2026-04-06T10:06:31.869+0000] {dag.py:3036} INFO - Sync 1 DAGs
[2026-04-06T10:06:31.901+0000] {logging_mixin.py:188} INFO - [2026-04-06T10:06:31.901+0000] {dag.py:3823} INFO - Setting next_dagrun for weekly_summary_pipeline to 2026-04-06 06:00:00+00:00, run_after=2026-04-13 06:00:00+00:00
[2026-04-06T10:06:31.929+0000] {processor.py:183} INFO - Processing /opt/airflow/dags/weekly_summary_pipeline.py took 0.179 seconds
[2026-04-06T10:07:02.803+0000] {processor.py:161} INFO - Started process (PID=7676) to work on /opt/airflow/dags/weekly_summary_pipeline.py
[2026-04-06T10:07:02.805+0000] {processor.py:830} INFO - Processing file /opt/airflow/dags/weekly_summary_pipeline.py for tasks to queue
[2026-04-06T10:07:02.806+0000] {logging_mixin.py:188} INFO - [2026-04-06T10:07:02.806+0000] {dagbag.py:538} INFO - Filling up the DagBag from /opt/airflow/dags/weekly_summary_pipeline.py
[2026-04-06T10:07:02.859+0000] {processor.py:840} INFO - DAG(s) 'weekly_summary_pipeline' retrieved from /opt/airflow/dags/weekly_summary_pipeline.py
[2026-04-06T10:07:02.919+0000] {logging_mixin.py:188} INFO - [2026-04-06T10:07:02.919+0000] {dag.py:3036} INFO - Sync 1 DAGs
[2026-04-06T10:07:02.972+0000] {logging_mixin.py:188} INFO - [2026-04-06T10:07:02.972+0000] {dag.py:3823} INFO - Setting next_dagrun for weekly_summary_pipeline to 2026-04-06 06:00:00+00:00, run_after=2026-04-13 06:00:00+00:00
[2026-04-06T10:07:03.011+0000] {processor.py:183} INFO - Processing /opt/airflow/dags/weekly_summary_pipeline.py took 0.214 seconds
[2026-04-06T10:07:33.745+0000] {processor.py:161} INFO - Started process (PID=7699) to work on /opt/airflow/dags/weekly_summary_pipeline.py
[2026-04-06T10:07:33.747+0000] {processor.py:830} INFO - Processing file /opt/airflow/dags/weekly_summary_pipeline.py for tasks to queue
[2026-04-06T10:07:33.748+0000] {logging_mixin.py:188} INFO - [2026-04-06T10:07:33.748+0000] {dagbag.py:538} INFO - Filling up the DagBag from /opt/airflow/dags/weekly_summary_pipeline.py
[2026-04-06T10:07:33.786+0000] {processor.py:840} INFO - DAG(s) 'weekly_summary_pipeline' retrieved from /opt/airflow/dags/weekly_summary_pipeline.py
[2026-04-06T10:07:33.823+0000] {logging_mixin.py:188} INFO - [2026-04-06T10:07:33.822+0000] {dag.py:3036} INFO - Sync 1 DAGs
[2026-04-06T10:07:33.852+0000] {logging_mixin.py:188} INFO - [2026-04-06T10:07:33.852+0000] {dag.py:3823} INFO - Setting next_dagrun for weekly_summary_pipeline to 2026-04-06 06:00:00+00:00, run_after=2026-04-13 06:00:00+00:00
[2026-04-06T10:07:33.880+0000] {processor.py:183} INFO - Processing /opt/airflow/dags/weekly_summary_pipeline.py took 0.140 seconds
[2026-04-06T10:08:04.664+0000] {processor.py:161} INFO - Started process (PID=7722) to work on /opt/airflow/dags/weekly_summary_pipeline.py
[2026-04-06T10:08:04.665+0000] {processor.py:830} INFO - Processing file /opt/airflow/dags/weekly_summary_pipeline.py for tasks to queue
[2026-04-06T10:08:04.667+0000] {logging_mixin.py:188} INFO - [2026-04-06T10:08:04.666+0000] {dagbag.py:538} INFO - Filling up the DagBag from /opt/airflow/dags/weekly_summary_pipeline.py
[2026-04-06T10:08:04.701+0000] {processor.py:840} INFO - DAG(s) 'weekly_summary_pipeline' retrieved from /opt/airflow/dags/weekly_summary_pipeline.py
[2026-04-06T10:08:04.739+0000] {logging_mixin.py:188} INFO - [2026-04-06T10:08:04.739+0000] {dag.py:3036} INFO - Sync 1 DAGs
[2026-04-06T10:08:04.770+0000] {logging_mixin.py:188} INFO - [2026-04-06T10:08:04.770+0000] {dag.py:3823} INFO - Setting next_dagrun for weekly_summary_pipeline to 2026-04-06 06:00:00+00:00, run_after=2026-04-13 06:00:00+00:00
[2026-04-06T10:08:04.797+0000] {processor.py:183} INFO - Processing /opt/airflow/dags/weekly_summary_pipeline.py took 0.138 seconds
[2026-04-06T10:08:35.541+0000] {processor.py:161} INFO - Started process (PID=7745) to work on /opt/airflow/dags/weekly_summary_pipeline.py
[2026-04-06T10:08:35.543+0000] {processor.py:830} INFO - Processing file /opt/airflow/dags/weekly_summary_pipeline.py for tasks to queue
[2026-04-06T10:08:35.545+0000] {logging_mixin.py:188} INFO - [2026-04-06T10:08:35.544+0000] {dagbag.py:538} INFO - Filling up the DagBag from /opt/airflow/dags/weekly_summary_pipeline.py
[2026-04-06T10:08:35.584+0000] {processor.py:840} INFO - DAG(s) 'weekly_summary_pipeline' retrieved from /opt/airflow/dags/weekly_summary_pipeline.py
[2026-04-06T10:08:35.627+0000] {logging_mixin.py:188} INFO - [2026-04-06T10:08:35.627+0000] {dag.py:3036} INFO - Sync 1 DAGs
[2026-04-06T10:08:35.660+0000] {logging_mixin.py:188} INFO - [2026-04-06T10:08:35.659+0000] {dag.py:3823} INFO - Setting next_dagrun for weekly_summary_pipeline to 2026-04-06 06:00:00+00:00, run_after=2026-04-13 06:00:00+00:00
[2026-04-06T10:08:35.687+0000] {processor.py:183} INFO - Processing /opt/airflow/dags/weekly_summary_pipeline.py took 0.150 seconds
[2026-04-06T10:09:06.454+0000] {processor.py:161} INFO - Started process (PID=7760) to work on /opt/airflow/dags/weekly_summary_pipeline.py
[2026-04-06T10:09:06.456+0000] {processor.py:830} INFO - Processing file /opt/airflow/dags/weekly_summary_pipeline.py for tasks to queue
[2026-04-06T10:09:06.457+0000] {logging_mixin.py:188} INFO - [2026-04-06T10:09:06.457+0000] {dagbag.py:538} INFO - Filling up the DagBag from /opt/airflow/dags/weekly_summary_pipeline.py
[2026-04-06T10:09:06.496+0000] {processor.py:840} INFO - DAG(s) 'weekly_summary_pipeline' retrieved from /opt/airflow/dags/weekly_summary_pipeline.py
[2026-04-06T10:09:06.554+0000] {logging_mixin.py:188} INFO - [2026-04-06T10:09:06.553+0000] {dag.py:3036} INFO - Sync 1 DAGs
[2026-04-06T10:09:06.594+0000] {logging_mixin.py:188} INFO - [2026-04-06T10:09:06.594+0000] {dag.py:3823} INFO - Setting next_dagrun for weekly_summary_pipeline to 2026-04-06 06:00:00+00:00, run_after=2026-04-13 06:00:00+00:00
[2026-04-06T10:09:06.637+0000] {processor.py:183} INFO - Processing /opt/airflow/dags/weekly_summary_pipeline.py took 0.187 seconds
[2026-04-06T10:09:37.494+0000] {processor.py:161} INFO - Started process (PID=7783) to work on /opt/airflow/dags/weekly_summary_pipeline.py
[2026-04-06T10:09:37.496+0000] {processor.py:830} INFO - Processing file /opt/airflow/dags/weekly_summary_pipeline.py for tasks to queue
[2026-04-06T10:09:37.497+0000] {logging_mixin.py:188} INFO - [2026-04-06T10:09:37.497+0000] {dagbag.py:538} INFO - Filling up the DagBag from /opt/airflow/dags/weekly_summary_pipeline.py
[2026-04-06T10:09:37.543+0000] {processor.py:840} INFO - DAG(s) 'weekly_summary_pipeline' retrieved from /opt/airflow/dags/weekly_summary_pipeline.py
[2026-04-06T10:09:37.582+0000] {logging_mixin.py:188} INFO - [2026-04-06T10:09:37.582+0000] {dag.py:3036} INFO - Sync 1 DAGs
[2026-04-06T10:09:37.619+0000] {logging_mixin.py:188} INFO - [2026-04-06T10:09:37.619+0000] {dag.py:3823} INFO - Setting next_dagrun for weekly_summary_pipeline to 2026-04-06 06:00:00+00:00, run_after=2026-04-13 06:00:00+00:00
[2026-04-06T10:09:37.648+0000] {processor.py:183} INFO - Processing /opt/airflow/dags/weekly_summary_pipeline.py took 0.158 seconds
[2026-04-06T10:10:08.436+0000] {processor.py:161} INFO - Started process (PID=7806) to work on /opt/airflow/dags/weekly_summary_pipeline.py
[2026-04-06T10:10:08.439+0000] {processor.py:830} INFO - Processing file /opt/airflow/dags/weekly_summary_pipeline.py for tasks to queue
[2026-04-06T10:10:08.442+0000] {logging_mixin.py:188} INFO - [2026-04-06T10:10:08.441+0000] {dagbag.py:538} INFO - Filling up the DagBag from /opt/airflow/dags/weekly_summary_pipeline.py
[2026-04-06T10:10:08.497+0000] {processor.py:840} INFO - DAG(s) 'weekly_summary_pipeline' retrieved from /opt/airflow/dags/weekly_summary_pipeline.py
[2026-04-06T10:10:08.546+0000] {logging_mixin.py:188} INFO - [2026-04-06T10:10:08.545+0000] {dag.py:3036} INFO - Sync 1 DAGs
[2026-04-06T10:10:08.578+0000] {logging_mixin.py:188} INFO - [2026-04-06T10:10:08.578+0000] {dag.py:3823} INFO - Setting next_dagrun for weekly_summary_pipeline to 2026-04-06 06:00:00+00:00, run_after=2026-04-13 06:00:00+00:00
[2026-04-06T10:10:08.614+0000] {processor.py:183} INFO - Processing /opt/airflow/dags/weekly_summary_pipeline.py took 0.185 seconds
[2026-04-06T10:10:39.509+0000] {processor.py:161} INFO - Started process (PID=7829) to work on /opt/airflow/dags/weekly_summary_pipeline.py
[2026-04-06T10:10:39.511+0000] {processor.py:830} INFO - Processing file /opt/airflow/dags/weekly_summary_pipeline.py for tasks to queue
[2026-04-06T10:10:39.513+0000] {logging_mixin.py:188} INFO - [2026-04-06T10:10:39.513+0000] {dagbag.py:538} INFO - Filling up the DagBag from /opt/airflow/dags/weekly_summary_pipeline.py
[2026-04-06T10:10:39.553+0000] {processor.py:840} INFO - DAG(s) 'weekly_summary_pipeline' retrieved from /opt/airflow/dags/weekly_summary_pipeline.py
[2026-04-06T10:10:39.597+0000] {logging_mixin.py:188} INFO - [2026-04-06T10:10:39.597+0000] {dag.py:3036} INFO - Sync 1 DAGs
[2026-04-06T10:10:39.629+0000] {logging_mixin.py:188} INFO - [2026-04-06T10:10:39.629+0000] {dag.py:3823} INFO - Setting next_dagrun for weekly_summary_pipeline to 2026-04-06 06:00:00+00:00, run_after=2026-04-13 06:00:00+00:00
[2026-04-06T10:10:39.657+0000] {processor.py:183} INFO - Processing /opt/airflow/dags/weekly_summary_pipeline.py took 0.153 seconds
[2026-04-06T10:11:10.069+0000] {processor.py:161} INFO - Started process (PID=7852) to work on /opt/airflow/dags/weekly_summary_pipeline.py
[2026-04-06T10:11:10.071+0000] {processor.py:830} INFO - Processing file /opt/airflow/dags/weekly_summary_pipeline.py for tasks to queue
[2026-04-06T10:11:10.074+0000] {logging_mixin.py:188} INFO - [2026-04-06T10:11:10.073+0000] {dagbag.py:538} INFO - Filling up the DagBag from /opt/airflow/dags/weekly_summary_pipeline.py
[2026-04-06T10:11:10.129+0000] {processor.py:840} INFO - DAG(s) 'weekly_summary_pipeline' retrieved from /opt/airflow/dags/weekly_summary_pipeline.py
[2026-04-06T10:11:09.707+0000] {logging_mixin.py:188} INFO - [2026-04-06T10:11:09.707+0000] {dag.py:3036} INFO - Sync 1 DAGs
[2026-04-06T10:11:09.749+0000] {logging_mixin.py:188} INFO - [2026-04-06T10:11:09.749+0000] {dag.py:3823} INFO - Setting next_dagrun for weekly_summary_pipeline to 2026-04-06 06:00:00+00:00, run_after=2026-04-13 06:00:00+00:00
[2026-04-06T10:11:09.780+0000] {processor.py:183} INFO - Processing /opt/airflow/dags/weekly_summary_pipeline.py took 0.192 seconds
[2026-04-06T10:11:40.606+0000] {processor.py:161} INFO - Started process (PID=7876) to work on /opt/airflow/dags/weekly_summary_pipeline.py
[2026-04-06T10:11:40.608+0000] {processor.py:830} INFO - Processing file /opt/airflow/dags/weekly_summary_pipeline.py for tasks to queue
[2026-04-06T10:11:40.613+0000] {logging_mixin.py:188} INFO - [2026-04-06T10:11:40.611+0000] {dagbag.py:538} INFO - Filling up the DagBag from /opt/airflow/dags/weekly_summary_pipeline.py
[2026-04-06T10:11:40.665+0000] {processor.py:840} INFO - DAG(s) 'weekly_summary_pipeline' retrieved from /opt/airflow/dags/weekly_summary_pipeline.py
[2026-04-06T10:11:40.713+0000] {logging_mixin.py:188} INFO - [2026-04-06T10:11:40.713+0000] {dag.py:3036} INFO - Sync 1 DAGs
[2026-04-06T10:11:40.756+0000] {logging_mixin.py:188} INFO - [2026-04-06T10:11:40.755+0000] {dag.py:3823} INFO - Setting next_dagrun for weekly_summary_pipeline to 2026-04-06 06:00:00+00:00, run_after=2026-04-13 06:00:00+00:00
[2026-04-06T10:11:40.809+0000] {processor.py:183} INFO - Processing /opt/airflow/dags/weekly_summary_pipeline.py took 0.210 seconds
[2026-04-06T10:12:11.669+0000] {processor.py:161} INFO - Started process (PID=7900) to work on /opt/airflow/dags/weekly_summary_pipeline.py
[2026-04-06T10:12:11.670+0000] {processor.py:830} INFO - Processing file /opt/airflow/dags/weekly_summary_pipeline.py for tasks to queue
[2026-04-06T10:12:11.672+0000] {logging_mixin.py:188} INFO - [2026-04-06T10:12:11.671+0000] {dagbag.py:538} INFO - Filling up the DagBag from /opt/airflow/dags/weekly_summary_pipeline.py
[2026-04-06T10:12:11.708+0000] {processor.py:840} INFO - DAG(s) 'weekly_summary_pipeline' retrieved from /opt/airflow/dags/weekly_summary_pipeline.py
[2026-04-06T10:12:11.754+0000] {logging_mixin.py:188} INFO - [2026-04-06T10:12:11.754+0000] {dag.py:3036} INFO - Sync 1 DAGs
[2026-04-06T10:12:11.790+0000] {logging_mixin.py:188} INFO - [2026-04-06T10:12:11.789+0000] {dag.py:3823} INFO - Setting next_dagrun for weekly_summary_pipeline to 2026-04-06 06:00:00+00:00, run_after=2026-04-13 06:00:00+00:00
[2026-04-06T10:12:11.816+0000] {processor.py:183} INFO - Processing /opt/airflow/dags/weekly_summary_pipeline.py took 0.151 seconds
[2026-04-06T10:12:42.696+0000] {processor.py:161} INFO - Started process (PID=7923) to work on /opt/airflow/dags/weekly_summary_pipeline.py
[2026-04-06T10:12:42.700+0000] {processor.py:830} INFO - Processing file /opt/airflow/dags/weekly_summary_pipeline.py for tasks to queue
[2026-04-06T10:12:42.703+0000] {logging_mixin.py:188} INFO - [2026-04-06T10:12:42.702+0000] {dagbag.py:538} INFO - Filling up the DagBag from /opt/airflow/dags/weekly_summary_pipeline.py
[2026-04-06T10:12:42.758+0000] {processor.py:840} INFO - DAG(s) 'weekly_summary_pipeline' retrieved from /opt/airflow/dags/weekly_summary_pipeline.py
[2026-04-06T10:12:42.842+0000] {logging_mixin.py:188} INFO - [2026-04-06T10:12:42.841+0000] {dag.py:3036} INFO - Sync 1 DAGs
[2026-04-06T10:12:42.886+0000] {logging_mixin.py:188} INFO - [2026-04-06T10:12:42.885+0000] {dag.py:3823} INFO - Setting next_dagrun for weekly_summary_pipeline to 2026-04-06 06:00:00+00:00, run_after=2026-04-13 06:00:00+00:00
[2026-04-06T10:12:42.921+0000] {processor.py:183} INFO - Processing /opt/airflow/dags/weekly_summary_pipeline.py took 0.232 seconds
[2026-04-06T10:13:13.724+0000] {processor.py:161} INFO - Started process (PID=7946) to work on /opt/airflow/dags/weekly_summary_pipeline.py
[2026-04-06T10:13:13.726+0000] {processor.py:830} INFO - Processing file /opt/airflow/dags/weekly_summary_pipeline.py for tasks to queue
[2026-04-06T10:13:13.727+0000] {logging_mixin.py:188} INFO - [2026-04-06T10:13:13.726+0000] {dagbag.py:538} INFO - Filling up the DagBag from /opt/airflow/dags/weekly_summary_pipeline.py
[2026-04-06T10:13:13.758+0000] {processor.py:840} INFO - DAG(s) 'weekly_summary_pipeline' retrieved from /opt/airflow/dags/weekly_summary_pipeline.py
[2026-04-06T10:13:13.798+0000] {logging_mixin.py:188} INFO - [2026-04-06T10:13:13.797+0000] {dag.py:3036} INFO - Sync 1 DAGs
[2026-04-06T10:13:13.833+0000] {logging_mixin.py:188} INFO - [2026-04-06T10:13:13.833+0000] {dag.py:3823} INFO - Setting next_dagrun for weekly_summary_pipeline to 2026-04-06 06:00:00+00:00, run_after=2026-04-13 06:00:00+00:00
[2026-04-06T10:13:13.865+0000] {processor.py:183} INFO - Processing /opt/airflow/dags/weekly_summary_pipeline.py took 0.145 seconds
[2026-04-06T10:13:44.570+0000] {processor.py:161} INFO - Started process (PID=7969) to work on /opt/airflow/dags/weekly_summary_pipeline.py
[2026-04-06T10:13:44.573+0000] {processor.py:830} INFO - Processing file /opt/airflow/dags/weekly_summary_pipeline.py for tasks to queue
[2026-04-06T10:13:44.578+0000] {logging_mixin.py:188} INFO - [2026-04-06T10:13:44.576+0000] {dagbag.py:538} INFO - Filling up the DagBag from /opt/airflow/dags/weekly_summary_pipeline.py
[2026-04-06T10:13:44.631+0000] {processor.py:840} INFO - DAG(s) 'weekly_summary_pipeline' retrieved from /opt/airflow/dags/weekly_summary_pipeline.py
[2026-04-06T10:13:44.665+0000] {logging_mixin.py:188} INFO - [2026-04-06T10:13:44.665+0000] {dag.py:3036} INFO - Sync 1 DAGs
[2026-04-06T10:13:44.700+0000] {logging_mixin.py:188} INFO - [2026-04-06T10:13:44.700+0000] {dag.py:3823} INFO - Setting next_dagrun for weekly_summary_pipeline to 2026-04-06 06:00:00+00:00, run_after=2026-04-13 06:00:00+00:00
[2026-04-06T10:13:44.730+0000] {processor.py:183} INFO - Processing /opt/airflow/dags/weekly_summary_pipeline.py took 0.167 seconds
[2026-04-06T10:14:15.640+0000] {processor.py:161} INFO - Started process (PID=7992) to work on /opt/airflow/dags/weekly_summary_pipeline.py
[2026-04-06T10:14:15.641+0000] {processor.py:830} INFO - Processing file /opt/airflow/dags/weekly_summary_pipeline.py for tasks to queue
[2026-04-06T10:14:15.643+0000] {logging_mixin.py:188} INFO - [2026-04-06T10:14:15.642+0000] {dagbag.py:538} INFO - Filling up the DagBag from /opt/airflow/dags/weekly_summary_pipeline.py
[2026-04-06T10:14:15.685+0000] {processor.py:840} INFO - DAG(s) 'weekly_summary_pipeline' retrieved from /opt/airflow/dags/weekly_summary_pipeline.py
[2026-04-06T10:14:15.722+0000] {logging_mixin.py:188} INFO - [2026-04-06T10:14:15.722+0000] {dag.py:3036} INFO - Sync 1 DAGs
[2026-04-06T10:14:15.755+0000] {logging_mixin.py:188} INFO - [2026-04-06T10:14:15.755+0000] {dag.py:3823} INFO - Setting next_dagrun for weekly_summary_pipeline to 2026-04-06 06:00:00+00:00, run_after=2026-04-13 06:00:00+00:00
[2026-04-06T10:14:15.782+0000] {processor.py:183} INFO - Processing /opt/airflow/dags/weekly_summary_pipeline.py took 0.147 seconds
[2026-04-06T10:14:46.573+0000] {processor.py:161} INFO - Started process (PID=8015) to work on /opt/airflow/dags/weekly_summary_pipeline.py
[2026-04-06T10:14:46.574+0000] {processor.py:830} INFO - Processing file /opt/airflow/dags/weekly_summary_pipeline.py for tasks to queue
[2026-04-06T10:14:46.575+0000] {logging_mixin.py:188} INFO - [2026-04-06T10:14:46.575+0000] {dagbag.py:538} INFO - Filling up the DagBag from /opt/airflow/dags/weekly_summary_pipeline.py
[2026-04-06T10:14:46.599+0000] {processor.py:840} INFO - DAG(s) 'weekly_summary_pipeline' retrieved from /opt/airflow/dags/weekly_summary_pipeline.py
[2026-04-06T10:14:46.633+0000] {logging_mixin.py:188} INFO - [2026-04-06T10:14:46.633+0000] {dag.py:3036} INFO - Sync 1 DAGs
[2026-04-06T10:14:46.663+0000] {logging_mixin.py:188} INFO - [2026-04-06T10:14:46.663+0000] {dag.py:3823} INFO - Setting next_dagrun for weekly_summary_pipeline to 2026-04-06 06:00:00+00:00, run_after=2026-04-13 06:00:00+00:00
[2026-04-06T10:14:46.691+0000] {processor.py:183} INFO - Processing /opt/airflow/dags/weekly_summary_pipeline.py took 0.122 seconds
[2026-04-06T10:15:17.354+0000] {processor.py:161} INFO - Started process (PID=8038) to work on /opt/airflow/dags/weekly_summary_pipeline.py
[2026-04-06T10:15:17.357+0000] {processor.py:830} INFO - Processing file /opt/airflow/dags/weekly_summary_pipeline.py for tasks to queue
[2026-04-06T10:15:17.358+0000] {logging_mixin.py:188} INFO - [2026-04-06T10:15:17.358+0000] {dagbag.py:538} INFO - Filling up the DagBag from /opt/airflow/dags/weekly_summary_pipeline.py
[2026-04-06T10:15:17.407+0000] {processor.py:840} INFO - DAG(s) 'weekly_summary_pipeline' retrieved from /opt/airflow/dags/weekly_summary_pipeline.py
[2026-04-06T10:15:17.442+0000] {logging_mixin.py:188} INFO - [2026-04-06T10:15:17.442+0000] {dag.py:3036} INFO - Sync 1 DAGs
[2026-04-06T10:15:17.471+0000] {logging_mixin.py:188} INFO - [2026-04-06T10:15:17.471+0000] {dag.py:3823} INFO - Setting next_dagrun for weekly_summary_pipeline to 2026-04-06 06:00:00+00:00, run_after=2026-04-13 06:00:00+00:00
[2026-04-06T10:15:17.500+0000] {processor.py:183} INFO - Processing /opt/airflow/dags/weekly_summary_pipeline.py took 0.150 seconds
[2026-04-06T10:15:48.283+0000] {processor.py:161} INFO - Started process (PID=8061) to work on /opt/airflow/dags/weekly_summary_pipeline.py
[2026-04-06T10:15:48.284+0000] {processor.py:830} INFO - Processing file /opt/airflow/dags/weekly_summary_pipeline.py for tasks to queue
[2026-04-06T10:15:48.285+0000] {logging_mixin.py:188} INFO - [2026-04-06T10:15:48.285+0000] {dagbag.py:538} INFO - Filling up the DagBag from /opt/airflow/dags/weekly_summary_pipeline.py
[2026-04-06T10:15:48.336+0000] {processor.py:840} INFO - DAG(s) 'weekly_summary_pipeline' retrieved from /opt/airflow/dags/weekly_summary_pipeline.py
[2026-04-06T10:15:48.377+0000] {logging_mixin.py:188} INFO - [2026-04-06T10:15:48.377+0000] {dag.py:3036} INFO - Sync 1 DAGs
[2026-04-06T10:15:48.409+0000] {logging_mixin.py:188} INFO - [2026-04-06T10:15:48.409+0000] {dag.py:3823} INFO - Setting next_dagrun for weekly_summary_pipeline to 2026-04-06 06:00:00+00:00, run_after=2026-04-13 06:00:00+00:00
[2026-04-06T10:15:48.438+0000] {processor.py:183} INFO - Processing /opt/airflow/dags/weekly_summary_pipeline.py took 0.160 seconds
[2026-04-06T10:16:18.634+0000] {processor.py:161} INFO - Started process (PID=8083) to work on /opt/airflow/dags/weekly_summary_pipeline.py
[2026-04-06T10:16:18.636+0000] {processor.py:830} INFO - Processing file /opt/airflow/dags/weekly_summary_pipeline.py for tasks to queue
[2026-04-06T10:16:18.638+0000] {logging_mixin.py:188} INFO - [2026-04-06T10:16:18.637+0000] {dagbag.py:538} INFO - Filling up the DagBag from /opt/airflow/dags/weekly_summary_pipeline.py
[2026-04-06T10:16:18.681+0000] {processor.py:840} INFO - DAG(s) 'weekly_summary_pipeline' retrieved from /opt/airflow/dags/weekly_summary_pipeline.py
[2026-04-06T10:16:18.722+0000] {logging_mixin.py:188} INFO - [2026-04-06T10:16:18.722+0000] {dag.py:3036} INFO - Sync 1 DAGs
[2026-04-06T10:16:18.753+0000] {logging_mixin.py:188} INFO - [2026-04-06T10:16:18.753+0000] {dag.py:3823} INFO - Setting next_dagrun for weekly_summary_pipeline to 2026-04-06 06:00:00+00:00, run_after=2026-04-13 06:00:00+00:00
[2026-04-06T10:16:18.779+0000] {processor.py:183} INFO - Processing /opt/airflow/dags/weekly_summary_pipeline.py took 0.151 seconds
[2026-04-06T10:16:49.535+0000] {processor.py:161} INFO - Started process (PID=8109) to work on /opt/airflow/dags/weekly_summary_pipeline.py
[2026-04-06T10:16:49.537+0000] {processor.py:830} INFO - Processing file /opt/airflow/dags/weekly_summary_pipeline.py for tasks to queue
[2026-04-06T10:16:49.539+0000] {logging_mixin.py:188} INFO - [2026-04-06T10:16:49.538+0000] {dagbag.py:538} INFO - Filling up the DagBag from /opt/airflow/dags/weekly_summary_pipeline.py
[2026-04-06T10:16:49.580+0000] {processor.py:840} INFO - DAG(s) 'weekly_summary_pipeline' retrieved from /opt/airflow/dags/weekly_summary_pipeline.py
[2026-04-06T10:16:49.625+0000] {logging_mixin.py:188} INFO - [2026-04-06T10:16:49.625+0000] {dag.py:3036} INFO - Sync 1 DAGs
[2026-04-06T10:16:49.668+0000] {logging_mixin.py:188} INFO - [2026-04-06T10:16:49.667+0000] {dag.py:3823} INFO - Setting next_dagrun for weekly_summary_pipeline to 2026-04-06 06:00:00+00:00, run_after=2026-04-13 06:00:00+00:00
[2026-04-06T10:16:49.697+0000] {processor.py:183} INFO - Processing /opt/airflow/dags/weekly_summary_pipeline.py took 0.168 seconds
[2026-04-06T10:17:20.123+0000] {processor.py:161} INFO - Started process (PID=8329) to work on /opt/airflow/dags/weekly_summary_pipeline.py
[2026-04-06T10:17:20.125+0000] {processor.py:830} INFO - Processing file /opt/airflow/dags/weekly_summary_pipeline.py for tasks to queue
[2026-04-06T10:17:20.126+0000] {logging_mixin.py:188} INFO - [2026-04-06T10:17:20.126+0000] {dagbag.py:538} INFO - Filling up the DagBag from /opt/airflow/dags/weekly_summary_pipeline.py
[2026-04-06T10:17:20.159+0000] {processor.py:840} INFO - DAG(s) 'weekly_summary_pipeline' retrieved from /opt/airflow/dags/weekly_summary_pipeline.py
[2026-04-06T10:17:20.194+0000] {logging_mixin.py:188} INFO - [2026-04-06T10:17:20.194+0000] {dag.py:3036} INFO - Sync 1 DAGs
[2026-04-06T10:17:20.225+0000] {logging_mixin.py:188} INFO - [2026-04-06T10:17:20.225+0000] {dag.py:3823} INFO - Setting next_dagrun for weekly_summary_pipeline to 2026-04-06 06:00:00+00:00, run_after=2026-04-13 06:00:00+00:00
[2026-04-06T10:17:20.252+0000] {processor.py:183} INFO - Processing /opt/airflow/dags/weekly_summary_pipeline.py took 0.133 seconds
[2026-04-06T10:17:51.026+0000] {processor.py:161} INFO - Started process (PID=8352) to work on /opt/airflow/dags/weekly_summary_pipeline.py
[2026-04-06T10:17:51.028+0000] {processor.py:830} INFO - Processing file /opt/airflow/dags/weekly_summary_pipeline.py for tasks to queue
[2026-04-06T10:17:51.030+0000] {logging_mixin.py:188} INFO - [2026-04-06T10:17:51.029+0000] {dagbag.py:538} INFO - Filling up the DagBag from /opt/airflow/dags/weekly_summary_pipeline.py
[2026-04-06T10:17:51.067+0000] {processor.py:840} INFO - DAG(s) 'weekly_summary_pipeline' retrieved from /opt/airflow/dags/weekly_summary_pipeline.py
[2026-04-06T10:17:51.111+0000] {logging_mixin.py:188} INFO - [2026-04-06T10:17:51.111+0000] {dag.py:3036} INFO - Sync 1 DAGs
[2026-04-06T10:17:51.154+0000] {logging_mixin.py:188} INFO - [2026-04-06T10:17:51.153+0000] {dag.py:3823} INFO - Setting next_dagrun for weekly_summary_pipeline to 2026-04-06 06:00:00+00:00, run_after=2026-04-13 06:00:00+00:00
[2026-04-06T10:17:51.184+0000] {processor.py:183} INFO - Processing /opt/airflow/dags/weekly_summary_pipeline.py took 0.164 seconds
[2026-04-06T10:18:21.801+0000] {processor.py:161} INFO - Started process (PID=8375) to work on /opt/airflow/dags/weekly_summary_pipeline.py
[2026-04-06T10:18:21.803+0000] {processor.py:830} INFO - Processing file /opt/airflow/dags/weekly_summary_pipeline.py for tasks to queue
[2026-04-06T10:18:21.805+0000] {logging_mixin.py:188} INFO - [2026-04-06T10:18:21.804+0000] {dagbag.py:538} INFO - Filling up the DagBag from /opt/airflow/dags/weekly_summary_pipeline.py
[2026-04-06T10:18:21.846+0000] {processor.py:840} INFO - DAG(s) 'weekly_summary_pipeline' retrieved from /opt/airflow/dags/weekly_summary_pipeline.py
[2026-04-06T10:18:21.902+0000] {logging_mixin.py:188} INFO - [2026-04-06T10:18:21.901+0000] {dag.py:3036} INFO - Sync 1 DAGs
[2026-04-06T10:18:21.944+0000] {logging_mixin.py:188} INFO - [2026-04-06T10:18:21.943+0000] {dag.py:3823} INFO - Setting next_dagrun for weekly_summary_pipeline to 2026-04-06 06:00:00+00:00, run_after=2026-04-13 06:00:00+00:00
[2026-04-06T10:18:21.990+0000] {processor.py:183} INFO - Processing /opt/airflow/dags/weekly_summary_pipeline.py took 0.196 seconds
[2026-04-06T10:18:52.710+0000] {processor.py:161} INFO - Started process (PID=8390) to work on /opt/airflow/dags/weekly_summary_pipeline.py
[2026-04-06T10:18:52.712+0000] {processor.py:830} INFO - Processing file /opt/airflow/dags/weekly_summary_pipeline.py for tasks to queue
[2026-04-06T10:18:52.716+0000] {logging_mixin.py:188} INFO - [2026-04-06T10:18:52.714+0000] {dagbag.py:538} INFO - Filling up the DagBag from /opt/airflow/dags/weekly_summary_pipeline.py
[2026-04-06T10:18:52.767+0000] {processor.py:840} INFO - DAG(s) 'weekly_summary_pipeline' retrieved from /opt/airflow/dags/weekly_summary_pipeline.py
[2026-04-06T10:18:52.822+0000] {logging_mixin.py:188} INFO - [2026-04-06T10:18:52.822+0000] {dag.py:3036} INFO - Sync 1 DAGs
[2026-04-06T10:18:52.860+0000] {logging_mixin.py:188} INFO - [2026-04-06T10:18:52.859+0000] {dag.py:3823} INFO - Setting next_dagrun for weekly_summary_pipeline to 2026-04-06 06:00:00+00:00, run_after=2026-04-13 06:00:00+00:00
[2026-04-06T10:18:52.889+0000] {processor.py:183} INFO - Processing /opt/airflow/dags/weekly_summary_pipeline.py took 0.189 seconds
[2026-04-06T10:19:23.533+0000] {processor.py:161} INFO - Started process (PID=8413) to work on /opt/airflow/dags/weekly_summary_pipeline.py
[2026-04-06T10:19:23.535+0000] {processor.py:830} INFO - Processing file /opt/airflow/dags/weekly_summary_pipeline.py for tasks to queue
[2026-04-06T10:19:23.538+0000] {logging_mixin.py:188} INFO - [2026-04-06T10:19:23.538+0000] {dagbag.py:538} INFO - Filling up the DagBag from /opt/airflow/dags/weekly_summary_pipeline.py
[2026-04-06T10:19:23.575+0000] {processor.py:840} INFO - DAG(s) 'weekly_summary_pipeline' retrieved from /opt/airflow/dags/weekly_summary_pipeline.py
[2026-04-06T10:19:23.628+0000] {logging_mixin.py:188} INFO - [2026-04-06T10:19:23.627+0000] {dag.py:3036} INFO - Sync 1 DAGs
[2026-04-06T10:19:23.665+0000] {logging_mixin.py:188} INFO - [2026-04-06T10:19:23.664+0000] {dag.py:3823} INFO - Setting next_dagrun for weekly_summary_pipeline to 2026-04-06 06:00:00+00:00, run_after=2026-04-13 06:00:00+00:00
[2026-04-06T10:19:23.692+0000] {processor.py:183} INFO - Processing /opt/airflow/dags/weekly_summary_pipeline.py took 0.163 seconds
[2026-04-06T10:19:54.277+0000] {processor.py:161} INFO - Started process (PID=8436) to work on /opt/airflow/dags/weekly_summary_pipeline.py
[2026-04-06T10:19:54.280+0000] {processor.py:830} INFO - Processing file /opt/airflow/dags/weekly_summary_pipeline.py for tasks to queue
[2026-04-06T10:19:54.281+0000] {logging_mixin.py:188} INFO - [2026-04-06T10:19:54.281+0000] {dagbag.py:538} INFO - Filling up the DagBag from /opt/airflow/dags/weekly_summary_pipeline.py
[2026-04-06T10:19:54.335+0000] {processor.py:840} INFO - DAG(s) 'weekly_summary_pipeline' retrieved from /opt/airflow/dags/weekly_summary_pipeline.py
[2026-04-06T10:19:54.376+0000] {logging_mixin.py:188} INFO - [2026-04-06T10:19:54.376+0000] {dag.py:3036} INFO - Sync 1 DAGs
[2026-04-06T10:19:54.407+0000] {logging_mixin.py:188} INFO - [2026-04-06T10:19:54.407+0000] {dag.py:3823} INFO - Setting next_dagrun for weekly_summary_pipeline to 2026-04-06 06:00:00+00:00, run_after=2026-04-13 06:00:00+00:00
[2026-04-06T10:19:54.020+0000] {processor.py:183} INFO - Processing /opt/airflow/dags/weekly_summary_pipeline.py took 0.162 seconds
[2026-04-06T10:20:24.382+0000] {processor.py:161} INFO - Started process (PID=8459) to work on /opt/airflow/dags/weekly_summary_pipeline.py
[2026-04-06T10:20:24.384+0000] {processor.py:830} INFO - Processing file /opt/airflow/dags/weekly_summary_pipeline.py for tasks to queue
[2026-04-06T10:20:24.386+0000] {logging_mixin.py:188} INFO - [2026-04-06T10:20:24.385+0000] {dagbag.py:538} INFO - Filling up the DagBag from /opt/airflow/dags/weekly_summary_pipeline.py
[2026-04-06T10:20:24.431+0000] {processor.py:840} INFO - DAG(s) 'weekly_summary_pipeline' retrieved from /opt/airflow/dags/weekly_summary_pipeline.py
[2026-04-06T10:20:24.482+0000] {logging_mixin.py:188} INFO - [2026-04-06T10:20:24.481+0000] {dag.py:3036} INFO - Sync 1 DAGs
[2026-04-06T10:20:24.512+0000] {logging_mixin.py:188} INFO - [2026-04-06T10:20:24.511+0000] {dag.py:3823} INFO - Setting next_dagrun for weekly_summary_pipeline to 2026-04-06 06:00:00+00:00, run_after=2026-04-13 06:00:00+00:00
[2026-04-06T10:20:24.542+0000] {processor.py:183} INFO - Processing /opt/airflow/dags/weekly_summary_pipeline.py took 0.165 seconds
[2026-04-06T10:20:54.879+0000] {processor.py:161} INFO - Started process (PID=8482) to work on /opt/airflow/dags/weekly_summary_pipeline.py
[2026-04-06T10:20:54.881+0000] {processor.py:830} INFO - Processing file /opt/airflow/dags/weekly_summary_pipeline.py for tasks to queue
[2026-04-06T10:20:54.883+0000] {logging_mixin.py:188} INFO - [2026-04-06T10:20:54.883+0000] {dagbag.py:538} INFO - Filling up the DagBag from /opt/airflow/dags/weekly_summary_pipeline.py
[2026-04-06T10:20:54.938+0000] {processor.py:840} INFO - DAG(s) 'weekly_summary_pipeline' retrieved from /opt/airflow/dags/weekly_summary_pipeline.py
[2026-04-06T10:20:54.975+0000] {logging_mixin.py:188} INFO - [2026-04-06T10:20:54.975+0000] {dag.py:3036} INFO - Sync 1 DAGs
[2026-04-06T10:20:55.008+0000] {logging_mixin.py:188} INFO - [2026-04-06T10:20:55.008+0000] {dag.py:3823} INFO - Setting next_dagrun for weekly_summary_pipeline to 2026-04-06 06:00:00+00:00, run_after=2026-04-13 06:00:00+00:00
[2026-04-06T10:20:55.060+0000] {processor.py:183} INFO - Processing /opt/airflow/dags/weekly_summary_pipeline.py took 0.186 seconds
[2026-04-06T10:21:25.735+0000] {processor.py:161} INFO - Started process (PID=8507) to work on /opt/airflow/dags/weekly_summary_pipeline.py
[2026-04-06T10:21:25.737+0000] {processor.py:830} INFO - Processing file /opt/airflow/dags/weekly_summary_pipeline.py for tasks to queue
[2026-04-06T10:21:25.739+0000] {logging_mixin.py:188} INFO - [2026-04-06T10:21:25.738+0000] {dagbag.py:538} INFO - Filling up the DagBag from /opt/airflow/dags/weekly_summary_pipeline.py
[2026-04-06T10:21:25.785+0000] {processor.py:840} INFO - DAG(s) 'weekly_summary_pipeline' retrieved from /opt/airflow/dags/weekly_summary_pipeline.py
[2026-04-06T10:21:25.826+0000] {logging_mixin.py:188} INFO - [2026-04-06T10:21:25.826+0000] {dag.py:3036} INFO - Sync 1 DAGs
[2026-04-06T10:21:25.858+0000] {logging_mixin.py:188} INFO - [2026-04-06T10:21:25.857+0000] {dag.py:3823} INFO - Setting next_dagrun for weekly_summary_pipeline to 2026-04-06 06:00:00+00:00, run_after=2026-04-13 06:00:00+00:00
[2026-04-06T10:21:25.883+0000] {processor.py:183} INFO - Processing /opt/airflow/dags/weekly_summary_pipeline.py took 0.154 seconds
[2026-04-06T10:21:56.672+0000] {processor.py:161} INFO - Started process (PID=8530) to work on /opt/airflow/dags/weekly_summary_pipeline.py
[2026-04-06T10:21:56.674+0000] {processor.py:830} INFO - Processing file /opt/airflow/dags/weekly_summary_pipeline.py for tasks to queue
[2026-04-06T10:21:56.675+0000] {logging_mixin.py:188} INFO - [2026-04-06T10:21:56.675+0000] {dagbag.py:538} INFO - Filling up the DagBag from /opt/airflow/dags/weekly_summary_pipeline.py
[2026-04-06T10:21:56.727+0000] {processor.py:840} INFO - DAG(s) 'weekly_summary_pipeline' retrieved from /opt/airflow/dags/weekly_summary_pipeline.py
[2026-04-06T10:21:56.777+0000] {logging_mixin.py:188} INFO - [2026-04-06T10:21:56.777+0000] {dag.py:3036} INFO - Sync 1 DAGs
[2026-04-06T10:21:56.809+0000] {logging_mixin.py:188} INFO - [2026-04-06T10:21:56.809+0000] {dag.py:3823} INFO - Setting next_dagrun for weekly_summary_pipeline to 2026-04-06 06:00:00+00:00, run_after=2026-04-13 06:00:00+00:00
[2026-04-06T10:21:56.839+0000] {processor.py:183} INFO - Processing /opt/airflow/dags/weekly_summary_pipeline.py took 0.171 seconds
[2026-04-06T10:22:27.584+0000] {processor.py:161} INFO - Started process (PID=8553) to work on /opt/airflow/dags/weekly_summary_pipeline.py
[2026-04-06T10:22:27.585+0000] {processor.py:830} INFO - Processing file /opt/airflow/dags/weekly_summary_pipeline.py for tasks to queue
[2026-04-06T10:22:27.586+0000] {logging_mixin.py:188} INFO - [2026-04-06T10:22:27.586+0000] {dagbag.py:538} INFO - Filling up the DagBag from /opt/airflow/dags/weekly_summary_pipeline.py
[2026-04-06T10:22:27.609+0000] {processor.py:840} INFO - DAG(s) 'weekly_summary_pipeline' retrieved from /opt/airflow/dags/weekly_summary_pipeline.py
[2026-04-06T10:22:27.646+0000] {logging_mixin.py:188} INFO - [2026-04-06T10:22:27.645+0000] {dag.py:3036} INFO - Sync 1 DAGs
[2026-04-06T10:22:27.674+0000] {logging_mixin.py:188} INFO - [2026-04-06T10:22:27.674+0000] {dag.py:3823} INFO - Setting next_dagrun for weekly_summary_pipeline to 2026-04-06 06:00:00+00:00, run_after=2026-04-13 06:00:00+00:00
[2026-04-06T10:22:27.699+0000] {processor.py:183} INFO - Processing /opt/airflow/dags/weekly_summary_pipeline.py took 0.119 seconds
[2026-04-06T10:22:58.499+0000] {processor.py:161} INFO - Started process (PID=8576) to work on /opt/airflow/dags/weekly_summary_pipeline.py
[2026-04-06T10:22:58.502+0000] {processor.py:830} INFO - Processing file /opt/airflow/dags/weekly_summary_pipeline.py for tasks to queue
[2026-04-06T10:22:58.503+0000] {logging_mixin.py:188} INFO - [2026-04-06T10:22:58.503+0000] {dagbag.py:538} INFO - Filling up the DagBag from /opt/airflow/dags/weekly_summary_pipeline.py
[2026-04-06T10:22:58.548+0000] {processor.py:840} INFO - DAG(s) 'weekly_summary_pipeline' retrieved from /opt/airflow/dags/weekly_summary_pipeline.py
[2026-04-06T10:22:58.595+0000] {logging_mixin.py:188} INFO - [2026-04-06T10:22:58.595+0000] {dag.py:3036} INFO - Sync 1 DAGs
[2026-04-06T10:22:58.634+0000] {logging_mixin.py:188} INFO - [2026-04-06T10:22:58.634+0000] {dag.py:3823} INFO - Setting next_dagrun for weekly_summary_pipeline to 2026-04-06 06:00:00+00:00, run_after=2026-04-13 06:00:00+00:00
[2026-04-06T10:22:58.672+0000] {processor.py:183} INFO - Processing /opt/airflow/dags/weekly_summary_pipeline.py took 0.177 seconds
[2026-04-06T10:23:28.787+0000] {processor.py:161} INFO - Started process (PID=8599) to work on /opt/airflow/dags/weekly_summary_pipeline.py
[2026-04-06T10:23:28.792+0000] {processor.py:830} INFO - Processing file /opt/airflow/dags/weekly_summary_pipeline.py for tasks to queue
[2026-04-06T10:23:28.795+0000] {logging_mixin.py:188} INFO - [2026-04-06T10:23:28.794+0000] {dagbag.py:538} INFO - Filling up the DagBag from /opt/airflow/dags/weekly_summary_pipeline.py
[2026-04-06T10:23:28.851+0000] {processor.py:840} INFO - DAG(s) 'weekly_summary_pipeline' retrieved from /opt/airflow/dags/weekly_summary_pipeline.py
[2026-04-06T10:23:28.890+0000] {logging_mixin.py:188} INFO - [2026-04-06T10:23:28.890+0000] {dag.py:3036} INFO - Sync 1 DAGs
[2026-04-06T10:23:28.929+0000] {logging_mixin.py:188} INFO - [2026-04-06T10:23:28.928+0000] {dag.py:3823} INFO - Setting next_dagrun for weekly_summary_pipeline to 2026-04-06 06:00:00+00:00, run_after=2026-04-13 06:00:00+00:00
[2026-04-06T10:23:28.966+0000] {processor.py:183} INFO - Processing /opt/airflow/dags/weekly_summary_pipeline.py took 0.185 seconds
[2026-04-06T10:23:59.902+0000] {processor.py:161} INFO - Started process (PID=8622) to work on /opt/airflow/dags/weekly_summary_pipeline.py
[2026-04-06T10:23:59.903+0000] {processor.py:830} INFO - Processing file /opt/airflow/dags/weekly_summary_pipeline.py for tasks to queue
[2026-04-06T10:23:59.906+0000] {logging_mixin.py:188} INFO - [2026-04-06T10:23:59.905+0000] {dagbag.py:538} INFO - Filling up the DagBag from /opt/airflow/dags/weekly_summary_pipeline.py
[2026-04-06T10:23:59.944+0000] {processor.py:840} INFO - DAG(s) 'weekly_summary_pipeline' retrieved from /opt/airflow/dags/weekly_summary_pipeline.py
[2026-04-06T10:23:59.994+0000] {logging_mixin.py:188} INFO - [2026-04-06T10:23:59.994+0000] {dag.py:3036} INFO - Sync 1 DAGs
[2026-04-06T10:24:00.030+0000] {logging_mixin.py:188} INFO - [2026-04-06T10:24:00.030+0000] {dag.py:3823} INFO - Setting next_dagrun for weekly_summary_pipeline to 2026-04-06 06:00:00+00:00, run_after=2026-04-13 06:00:00+00:00
[2026-04-06T10:24:00.058+0000] {processor.py:183} INFO - Processing /opt/airflow/dags/weekly_summary_pipeline.py took 0.162 seconds
[2026-04-06T10:24:30.744+0000] {processor.py:161} INFO - Started process (PID=8645) to work on /opt/airflow/dags/weekly_summary_pipeline.py
[2026-04-06T10:24:30.746+0000] {processor.py:830} INFO - Processing file /opt/airflow/dags/weekly_summary_pipeline.py for tasks to queue
[2026-04-06T10:24:30.747+0000] {logging_mixin.py:188} INFO - [2026-04-06T10:24:30.747+0000] {dagbag.py:538} INFO - Filling up the DagBag from /opt/airflow/dags/weekly_summary_pipeline.py
[2026-04-06T10:24:30.782+0000] {processor.py:840} INFO - DAG(s) 'weekly_summary_pipeline' retrieved from /opt/airflow/dags/weekly_summary_pipeline.py
[2026-04-06T10:24:30.818+0000] {logging_mixin.py:188} INFO - [2026-04-06T10:24:30.818+0000] {dag.py:3036} INFO - Sync 1 DAGs
[2026-04-06T10:24:30.850+0000] {logging_mixin.py:188} INFO - [2026-04-06T10:24:30.849+0000] {dag.py:3823} INFO - Setting next_dagrun for weekly_summary_pipeline to 2026-04-06 06:00:00+00:00, run_after=2026-04-13 06:00:00+00:00
[2026-04-06T10:24:30.874+0000] {processor.py:183} INFO - Processing /opt/airflow/dags/weekly_summary_pipeline.py took 0.133 seconds
[2026-04-06T10:25:01.691+0000] {processor.py:161} INFO - Started process (PID=8668) to work on /opt/airflow/dags/weekly_summary_pipeline.py
[2026-04-06T10:25:01.696+0000] {processor.py:830} INFO - Processing file /opt/airflow/dags/weekly_summary_pipeline.py for tasks to queue
[2026-04-06T10:25:01.699+0000] {logging_mixin.py:188} INFO - [2026-04-06T10:25:01.698+0000] {dagbag.py:538} INFO - Filling up the DagBag from /opt/airflow/dags/weekly_summary_pipeline.py
[2026-04-06T10:25:01.776+0000] {processor.py:840} INFO - DAG(s) 'weekly_summary_pipeline' retrieved from /opt/airflow/dags/weekly_summary_pipeline.py
[2026-04-06T10:25:01.819+0000] {logging_mixin.py:188} INFO - [2026-04-06T10:25:01.819+0000] {dag.py:3036} INFO - Sync 1 DAGs
[2026-04-06T10:25:01.848+0000] {logging_mixin.py:188} INFO - [2026-04-06T10:25:01.848+0000] {dag.py:3823} INFO - Setting next_dagrun for weekly_summary_pipeline to 2026-04-06 06:00:00+00:00, run_after=2026-04-13 06:00:00+00:00
[2026-04-06T10:25:01.876+0000] {processor.py:183} INFO - Processing /opt/airflow/dags/weekly_summary_pipeline.py took 0.192 seconds
[2026-04-06T10:25:32.006+0000] {processor.py:161} INFO - Started process (PID=8691) to work on /opt/airflow/dags/weekly_summary_pipeline.py
[2026-04-06T10:25:32.007+0000] {processor.py:830} INFO - Processing file /opt/airflow/dags/weekly_summary_pipeline.py for tasks to queue
[2026-04-06T10:25:32.009+0000] {logging_mixin.py:188} INFO - [2026-04-06T10:25:32.008+0000] {dagbag.py:538} INFO - Filling up the DagBag from /opt/airflow/dags/weekly_summary_pipeline.py
[2026-04-06T10:25:32.046+0000] {processor.py:840} INFO - DAG(s) 'weekly_summary_pipeline' retrieved from /opt/airflow/dags/weekly_summary_pipeline.py
[2026-04-06T10:25:32.084+0000] {logging_mixin.py:188} INFO - [2026-04-06T10:25:32.084+0000] {dag.py:3036} INFO - Sync 1 DAGs
[2026-04-06T10:25:32.112+0000] {logging_mixin.py:188} INFO - [2026-04-06T10:25:32.111+0000] {dag.py:3823} INFO - Setting next_dagrun for weekly_summary_pipeline to 2026-04-06 06:00:00+00:00, run_after=2026-04-13 06:00:00+00:00
[2026-04-06T10:25:32.140+0000] {processor.py:183} INFO - Processing /opt/airflow/dags/weekly_summary_pipeline.py took 0.139 seconds
[2026-04-06T10:26:02.868+0000] {processor.py:161} INFO - Started process (PID=8714) to work on /opt/airflow/dags/weekly_summary_pipeline.py
[2026-04-06T10:26:02.869+0000] {processor.py:830} INFO - Processing file /opt/airflow/dags/weekly_summary_pipeline.py for tasks to queue
[2026-04-06T10:26:02.871+0000] {logging_mixin.py:188} INFO - [2026-04-06T10:26:02.870+0000] {dagbag.py:538} INFO - Filling up the DagBag from /opt/airflow/dags/weekly_summary_pipeline.py
[2026-04-06T10:26:02.900+0000] {processor.py:840} INFO - DAG(s) 'weekly_summary_pipeline' retrieved from /opt/airflow/dags/weekly_summary_pipeline.py
[2026-04-06T10:26:02.940+0000] {logging_mixin.py:188} INFO - [2026-04-06T10:26:02.940+0000] {dag.py:3036} INFO - Sync 1 DAGs
[2026-04-06T10:26:02.968+0000] {logging_mixin.py:188} INFO - [2026-04-06T10:26:02.967+0000] {dag.py:3823} INFO - Setting next_dagrun for weekly_summary_pipeline to 2026-04-06 06:00:00+00:00, run_after=2026-04-13 06:00:00+00:00
[2026-04-06T10:26:03.005+0000] {processor.py:183} INFO - Processing /opt/airflow/dags/weekly_summary_pipeline.py took 0.141 seconds
[2026-04-06T10:26:33.747+0000] {processor.py:161} INFO - Started process (PID=8737) to work on /opt/airflow/dags/weekly_summary_pipeline.py
[2026-04-06T10:26:33.748+0000] {processor.py:830} INFO - Processing file /opt/airflow/dags/weekly_summary_pipeline.py for tasks to queue
[2026-04-06T10:26:33.750+0000] {logging_mixin.py:188} INFO - [2026-04-06T10:26:33.750+0000] {dagbag.py:538} INFO - Filling up the DagBag from /opt/airflow/dags/weekly_summary_pipeline.py
[2026-04-06T10:26:33.792+0000] {processor.py:840} INFO - DAG(s) 'weekly_summary_pipeline' retrieved from /opt/airflow/dags/weekly_summary_pipeline.py
[2026-04-06T10:26:33.841+0000] {logging_mixin.py:188} INFO - [2026-04-06T10:26:33.841+0000] {dag.py:3036} INFO - Sync 1 DAGs
[2026-04-06T10:26:33.882+0000] {logging_mixin.py:188} INFO - [2026-04-06T10:26:33.881+0000] {dag.py:3823} INFO - Setting next_dagrun for weekly_summary_pipeline to 2026-04-06 06:00:00+00:00, run_after=2026-04-13 06:00:00+00:00
[2026-04-06T10:26:33.922+0000] {processor.py:183} INFO - Processing /opt/airflow/dags/weekly_summary_pipeline.py took 0.182 seconds
[2026-04-06T10:27:04.052+0000] {processor.py:161} INFO - Started process (PID=8752) to work on /opt/airflow/dags/weekly_summary_pipeline.py
[2026-04-06T10:27:04.054+0000] {processor.py:830} INFO - Processing file /opt/airflow/dags/weekly_summary_pipeline.py for tasks to queue
[2026-04-06T10:27:04.055+0000] {logging_mixin.py:188} INFO - [2026-04-06T10:27:04.055+0000] {dagbag.py:538} INFO - Filling up the DagBag from /opt/airflow/dags/weekly_summary_pipeline.py
[2026-04-06T10:27:04.103+0000] {processor.py:840} INFO - DAG(s) 'weekly_summary_pipeline' retrieved from /opt/airflow/dags/weekly_summary_pipeline.py
[2026-04-06T10:27:04.150+0000] {logging_mixin.py:188} INFO - [2026-04-06T10:27:04.149+0000] {dag.py:3036} INFO - Sync 1 DAGs
[2026-04-06T10:27:04.183+0000] {logging_mixin.py:188} INFO - [2026-04-06T10:27:04.183+0000] {dag.py:3823} INFO - Setting next_dagrun for weekly_summary_pipeline to 2026-04-06 06:00:00+00:00, run_after=2026-04-13 06:00:00+00:00
[2026-04-06T10:27:04.226+0000] {processor.py:183} INFO - Processing /opt/airflow/dags/weekly_summary_pipeline.py took 0.178 seconds
[2026-04-06T10:27:35.038+0000] {processor.py:161} INFO - Started process (PID=8775) to work on /opt/airflow/dags/weekly_summary_pipeline.py
[2026-04-06T10:27:35.043+0000] {processor.py:830} INFO - Processing file /opt/airflow/dags/weekly_summary_pipeline.py for tasks to queue
[2026-04-06T10:27:35.045+0000] {logging_mixin.py:188} INFO - [2026-04-06T10:27:35.044+0000] {dagbag.py:538} INFO - Filling up the DagBag from /opt/airflow/dags/weekly_summary_pipeline.py
[2026-04-06T10:27:35.104+0000] {processor.py:840} INFO - DAG(s) 'weekly_summary_pipeline' retrieved from /opt/airflow/dags/weekly_summary_pipeline.py
[2026-04-06T10:27:35.153+0000] {logging_mixin.py:188} INFO - [2026-04-06T10:27:35.153+0000] {dag.py:3036} INFO - Sync 1 DAGs
[2026-04-06T10:27:35.189+0000] {logging_mixin.py:188} INFO - [2026-04-06T10:27:35.189+0000] {dag.py:3823} INFO - Setting next_dagrun for weekly_summary_pipeline to 2026-04-06 06:00:00+00:00, run_after=2026-04-13 06:00:00+00:00
[2026-04-06T10:27:35.220+0000] {processor.py:183} INFO - Processing /opt/airflow/dags/weekly_summary_pipeline.py took 0.192 seconds
[2026-04-06T10:28:06.004+0000] {processor.py:161} INFO - Started process (PID=8799) to work on /opt/airflow/dags/weekly_summary_pipeline.py
[2026-04-06T10:28:06.006+0000] {processor.py:830} INFO - Processing file /opt/airflow/dags/weekly_summary_pipeline.py for tasks to queue
[2026-04-06T10:28:06.008+0000] {logging_mixin.py:188} INFO - [2026-04-06T10:28:06.007+0000] {dagbag.py:538} INFO - Filling up the DagBag from /opt/airflow/dags/weekly_summary_pipeline.py
[2026-04-06T10:28:06.049+0000] {processor.py:840} INFO - DAG(s) 'weekly_summary_pipeline' retrieved from /opt/airflow/dags/weekly_summary_pipeline.py
[2026-04-06T10:28:06.092+0000] {logging_mixin.py:188} INFO - [2026-04-06T10:28:06.092+0000] {dag.py:3036} INFO - Sync 1 DAGs
[2026-04-06T10:28:06.122+0000] {logging_mixin.py:188} INFO - [2026-04-06T10:28:06.122+0000] {dag.py:3823} INFO - Setting next_dagrun for weekly_summary_pipeline to 2026-04-06 06:00:00+00:00, run_after=2026-04-13 06:00:00+00:00
[2026-04-06T10:28:06.149+0000] {processor.py:183} INFO - Processing /opt/airflow/dags/weekly_summary_pipeline.py took 0.152 seconds
[2026-04-06T10:28:36.953+0000] {processor.py:161} INFO - Started process (PID=8822) to work on /opt/airflow/dags/weekly_summary_pipeline.py
[2026-04-06T10:28:36.954+0000] {processor.py:830} INFO - Processing file /opt/airflow/dags/weekly_summary_pipeline.py for tasks to queue
[2026-04-06T10:28:36.955+0000] {logging_mixin.py:188} INFO - [2026-04-06T10:28:36.955+0000] {dagbag.py:538} INFO - Filling up the DagBag from /opt/airflow/dags/weekly_summary_pipeline.py
[2026-04-06T10:28:36.976+0000] {processor.py:840} INFO - DAG(s) 'weekly_summary_pipeline' retrieved from /opt/airflow/dags/weekly_summary_pipeline.py
[2026-04-06T10:28:37.010+0000] {logging_mixin.py:188} INFO - [2026-04-06T10:28:37.010+0000] {dag.py:3036} INFO - Sync 1 DAGs
[2026-04-06T10:28:37.043+0000] {logging_mixin.py:188} INFO - [2026-04-06T10:28:37.042+0000] {dag.py:3823} INFO - Setting next_dagrun for weekly_summary_pipeline to 2026-04-06 06:00:00+00:00, run_after=2026-04-13 06:00:00+00:00
[2026-04-06T10:28:37.074+0000] {processor.py:183} INFO - Processing /opt/airflow/dags/weekly_summary_pipeline.py took 0.125 seconds
[2026-04-06T10:29:07.342+0000] {processor.py:161} INFO - Started process (PID=8845) to work on /opt/airflow/dags/weekly_summary_pipeline.py
[2026-04-06T10:29:07.343+0000] {processor.py:830} INFO - Processing file /opt/airflow/dags/weekly_summary_pipeline.py for tasks to queue
[2026-04-06T10:29:07.344+0000] {logging_mixin.py:188} INFO - [2026-04-06T10:29:07.344+0000] {dagbag.py:538} INFO - Filling up the DagBag from /opt/airflow/dags/weekly_summary_pipeline.py
[2026-04-06T10:29:07.385+0000] {processor.py:840} INFO - DAG(s) 'weekly_summary_pipeline' retrieved from /opt/airflow/dags/weekly_summary_pipeline.py
[2026-04-06T10:29:07.423+0000] {logging_mixin.py:188} INFO - [2026-04-06T10:29:07.423+0000] {dag.py:3036} INFO - Sync 1 DAGs
[2026-04-06T10:29:07.453+0000] {logging_mixin.py:188} INFO - [2026-04-06T10:29:07.453+0000] {dag.py:3823} INFO - Setting next_dagrun for weekly_summary_pipeline to 2026-04-06 06:00:00+00:00, run_after=2026-04-13 06:00:00+00:00
[2026-04-06T10:29:07.479+0000] {processor.py:183} INFO - Processing /opt/airflow/dags/weekly_summary_pipeline.py took 0.140 seconds
[2026-04-06T10:29:38.342+0000] {processor.py:161} INFO - Started process (PID=8868) to work on /opt/airflow/dags/weekly_summary_pipeline.py
[2026-04-06T10:29:38.343+0000] {processor.py:830} INFO - Processing file /opt/airflow/dags/weekly_summary_pipeline.py for tasks to queue
[2026-04-06T10:29:38.344+0000] {logging_mixin.py:188} INFO - [2026-04-06T10:29:38.344+0000] {dagbag.py:538} INFO - Filling up the DagBag from /opt/airflow/dags/weekly_summary_pipeline.py
[2026-04-06T10:29:38.368+0000] {processor.py:840} INFO - DAG(s) 'weekly_summary_pipeline' retrieved from /opt/airflow/dags/weekly_summary_pipeline.py
[2026-04-06T10:29:38.403+0000] {logging_mixin.py:188} INFO - [2026-04-06T10:29:38.402+0000] {dag.py:3036} INFO - Sync 1 DAGs
[2026-04-06T10:29:38.434+0000] {logging_mixin.py:188} INFO - [2026-04-06T10:29:38.434+0000] {dag.py:3823} INFO - Setting next_dagrun for weekly_summary_pipeline to 2026-04-06 06:00:00+00:00, run_after=2026-04-13 06:00:00+00:00
[2026-04-06T10:29:38.459+0000] {processor.py:183} INFO - Processing /opt/airflow/dags/weekly_summary_pipeline.py took 0.121 seconds
[2026-04-06T10:30:09.277+0000] {processor.py:161} INFO - Started process (PID=8891) to work on /opt/airflow/dags/weekly_summary_pipeline.py
[2026-04-06T10:30:09.278+0000] {processor.py:830} INFO - Processing file /opt/airflow/dags/weekly_summary_pipeline.py for tasks to queue
[2026-04-06T10:30:09.279+0000] {logging_mixin.py:188} INFO - [2026-04-06T10:30:09.279+0000] {dagbag.py:538} INFO - Filling up the DagBag from /opt/airflow/dags/weekly_summary_pipeline.py
[2026-04-06T10:30:09.300+0000] {processor.py:840} INFO - DAG(s) 'weekly_summary_pipeline' retrieved from /opt/airflow/dags/weekly_summary_pipeline.py
[2026-04-06T10:30:09.335+0000] {logging_mixin.py:188} INFO - [2026-04-06T10:30:09.335+0000] {dag.py:3036} INFO - Sync 1 DAGs
[2026-04-06T10:30:09.365+0000] {logging_mixin.py:188} INFO - [2026-04-06T10:30:09.364+0000] {dag.py:3823} INFO - Setting next_dagrun for weekly_summary_pipeline to 2026-04-06 06:00:00+00:00, run_after=2026-04-13 06:00:00+00:00
[2026-04-06T10:30:09.392+0000] {processor.py:183} INFO - Processing /opt/airflow/dags/weekly_summary_pipeline.py took 0.119 seconds
[2026-04-06T10:30:40.187+0000] {processor.py:161} INFO - Started process (PID=8915) to work on /opt/airflow/dags/weekly_summary_pipeline.py
[2026-04-06T10:30:40.191+0000] {processor.py:830} INFO - Processing file /opt/airflow/dags/weekly_summary_pipeline.py for tasks to queue
[2026-04-06T10:30:40.196+0000] {logging_mixin.py:188} INFO - [2026-04-06T10:30:40.195+0000] {dagbag.py:538} INFO - Filling up the DagBag from /opt/airflow/dags/weekly_summary_pipeline.py
[2026-04-06T10:30:40.250+0000] {processor.py:840} INFO - DAG(s) 'weekly_summary_pipeline' retrieved from /opt/airflow/dags/weekly_summary_pipeline.py
[2026-04-06T10:30:40.289+0000] {logging_mixin.py:188} INFO - [2026-04-06T10:30:40.288+0000] {dag.py:3036} INFO - Sync 1 DAGs
[2026-04-06T10:30:40.331+0000] {logging_mixin.py:188} INFO - [2026-04-06T10:30:40.330+0000] {dag.py:3823} INFO - Setting next_dagrun for weekly_summary_pipeline to 2026-04-06 06:00:00+00:00, run_after=2026-04-13 06:00:00+00:00
[2026-04-06T10:30:40.376+0000] {processor.py:183} INFO - Processing /opt/airflow/dags/weekly_summary_pipeline.py took 0.195 seconds
[2026-04-06T10:31:11.168+0000] {processor.py:161} INFO - Started process (PID=8938) to work on /opt/airflow/dags/weekly_summary_pipeline.py
[2026-04-06T10:31:11.170+0000] {processor.py:830} INFO - Processing file /opt/airflow/dags/weekly_summary_pipeline.py for tasks to queue
[2026-04-06T10:31:11.172+0000] {logging_mixin.py:188} INFO - [2026-04-06T10:31:11.171+0000] {dagbag.py:538} INFO - Filling up the DagBag from /opt/airflow/dags/weekly_summary_pipeline.py
[2026-04-06T10:31:11.207+0000] {processor.py:840} INFO - DAG(s) 'weekly_summary_pipeline' retrieved from /opt/airflow/dags/weekly_summary_pipeline.py
[2026-04-06T10:31:11.242+0000] {logging_mixin.py:188} INFO - [2026-04-06T10:31:11.241+0000] {dag.py:3036} INFO - Sync 1 DAGs
[2026-04-06T10:31:11.290+0000] {logging_mixin.py:188} INFO - [2026-04-06T10:31:11.290+0000] {dag.py:3823} INFO - Setting next_dagrun for weekly_summary_pipeline to 2026-04-06 06:00:00+00:00, run_after=2026-04-13 06:00:00+00:00
[2026-04-06T10:31:11.332+0000] {processor.py:183} INFO - Processing /opt/airflow/dags/weekly_summary_pipeline.py took 0.168 seconds
[2026-04-06T10:31:42.012+0000] {processor.py:161} INFO - Started process (PID=8961) to work on /opt/airflow/dags/weekly_summary_pipeline.py
[2026-04-06T10:31:42.013+0000] {processor.py:830} INFO - Processing file /opt/airflow/dags/weekly_summary_pipeline.py for tasks to queue
[2026-04-06T10:31:42.015+0000] {logging_mixin.py:188} INFO - [2026-04-06T10:31:42.014+0000] {dagbag.py:538} INFO - Filling up the DagBag from /opt/airflow/dags/weekly_summary_pipeline.py
[2026-04-06T10:31:42.038+0000] {processor.py:840} INFO - DAG(s) 'weekly_summary_pipeline' retrieved from /opt/airflow/dags/weekly_summary_pipeline.py
[2026-04-06T10:31:42.071+0000] {logging_mixin.py:188} INFO - [2026-04-06T10:31:42.070+0000] {dag.py:3036} INFO - Sync 1 DAGs
[2026-04-06T10:31:42.097+0000] {logging_mixin.py:188} INFO - [2026-04-06T10:31:42.097+0000] {dag.py:3823} INFO - Setting next_dagrun for weekly_summary_pipeline to 2026-04-06 06:00:00+00:00, run_after=2026-04-13 06:00:00+00:00
[2026-04-06T10:31:42.125+0000] {processor.py:183} INFO - Processing /opt/airflow/dags/weekly_summary_pipeline.py took 0.117 seconds
[2026-04-06T10:32:12.930+0000] {processor.py:161} INFO - Started process (PID=8984) to work on /opt/airflow/dags/weekly_summary_pipeline.py
[2026-04-06T10:32:12.932+0000] {processor.py:830} INFO - Processing file /opt/airflow/dags/weekly_summary_pipeline.py for tasks to queue
[2026-04-06T10:32:12.933+0000] {logging_mixin.py:188} INFO - [2026-04-06T10:32:12.932+0000] {dagbag.py:538} INFO - Filling up the DagBag from /opt/airflow/dags/weekly_summary_pipeline.py
[2026-04-06T10:32:12.957+0000] {processor.py:840} INFO - DAG(s) 'weekly_summary_pipeline' retrieved from /opt/airflow/dags/weekly_summary_pipeline.py
[2026-04-06T10:32:12.994+0000] {logging_mixin.py:188} INFO - [2026-04-06T10:32:12.994+0000] {dag.py:3036} INFO - Sync 1 DAGs
[2026-04-06T10:32:13.023+0000] {logging_mixin.py:188} INFO - [2026-04-06T10:32:13.023+0000] {dag.py:3823} INFO - Setting next_dagrun for weekly_summary_pipeline to 2026-04-06 06:00:00+00:00, run_after=2026-04-13 06:00:00+00:00
[2026-04-06T10:32:13.047+0000] {processor.py:183} INFO - Processing /opt/airflow/dags/weekly_summary_pipeline.py took 0.121 seconds
[2026-04-06T10:32:43.875+0000] {processor.py:161} INFO - Started process (PID=9007) to work on /opt/airflow/dags/weekly_summary_pipeline.py
[2026-04-06T10:32:43.876+0000] {processor.py:830} INFO - Processing file /opt/airflow/dags/weekly_summary_pipeline.py for tasks to queue
[2026-04-06T10:32:43.878+0000] {logging_mixin.py:188} INFO - [2026-04-06T10:32:43.877+0000] {dagbag.py:538} INFO - Filling up the DagBag from /opt/airflow/dags/weekly_summary_pipeline.py
[2026-04-06T10:32:43.901+0000] {processor.py:840} INFO - DAG(s) 'weekly_summary_pipeline' retrieved from /opt/airflow/dags/weekly_summary_pipeline.py
[2026-04-06T10:32:43.936+0000] {logging_mixin.py:188} INFO - [2026-04-06T10:32:43.936+0000] {dag.py:3036} INFO - Sync 1 DAGs
[2026-04-06T10:32:43.963+0000] {logging_mixin.py:188} INFO - [2026-04-06T10:32:43.963+0000] {dag.py:3823} INFO - Setting next_dagrun for weekly_summary_pipeline to 2026-04-06 06:00:00+00:00, run_after=2026-04-13 06:00:00+00:00
[2026-04-06T10:32:43.986+0000] {processor.py:183} INFO - Processing /opt/airflow/dags/weekly_summary_pipeline.py took 0.115 seconds
[2026-04-06T10:33:14.320+0000] {processor.py:161} INFO - Started process (PID=9035) to work on /opt/airflow/dags/weekly_summary_pipeline.py
[2026-04-06T10:33:14.324+0000] {processor.py:830} INFO - Processing file /opt/airflow/dags/weekly_summary_pipeline.py for tasks to queue
[2026-04-06T10:33:14.326+0000] {logging_mixin.py:188} INFO - [2026-04-06T10:33:14.325+0000] {dagbag.py:538} INFO - Filling up the DagBag from /opt/airflow/dags/weekly_summary_pipeline.py
[2026-04-06T10:33:14.399+0000] {processor.py:840} INFO - DAG(s) 'weekly_summary_pipeline' retrieved from /opt/airflow/dags/weekly_summary_pipeline.py
[2026-04-06T10:33:14.447+0000] {logging_mixin.py:188} INFO - [2026-04-06T10:33:14.447+0000] {dag.py:3036} INFO - Sync 1 DAGs
[2026-04-06T10:33:14.479+0000] {logging_mixin.py:188} INFO - [2026-04-06T10:33:14.479+0000] {dag.py:3823} INFO - Setting next_dagrun for weekly_summary_pipeline to 2026-04-06 06:00:00+00:00, run_after=2026-04-13 06:00:00+00:00
[2026-04-06T10:33:14.506+0000] {processor.py:183} INFO - Processing /opt/airflow/dags/weekly_summary_pipeline.py took 0.193 seconds
[2026-04-06T10:33:44.685+0000] {processor.py:161} INFO - Started process (PID=9058) to work on /opt/airflow/dags/weekly_summary_pipeline.py
[2026-04-06T10:33:44.688+0000] {processor.py:830} INFO - Processing file /opt/airflow/dags/weekly_summary_pipeline.py for tasks to queue
[2026-04-06T10:33:44.691+0000] {logging_mixin.py:188} INFO - [2026-04-06T10:33:44.690+0000] {dagbag.py:538} INFO - Filling up the DagBag from /opt/airflow/dags/weekly_summary_pipeline.py
[2026-04-06T10:33:44.738+0000] {processor.py:840} INFO - DAG(s) 'weekly_summary_pipeline' retrieved from /opt/airflow/dags/weekly_summary_pipeline.py
[2026-04-06T10:33:44.782+0000] {logging_mixin.py:188} INFO - [2026-04-06T10:33:44.782+0000] {dag.py:3036} INFO - Sync 1 DAGs
[2026-04-06T10:33:44.810+0000] {logging_mixin.py:188} INFO - [2026-04-06T10:33:44.809+0000] {dag.py:3823} INFO - Setting next_dagrun for weekly_summary_pipeline to 2026-04-06 06:00:00+00:00, run_after=2026-04-13 06:00:00+00:00
[2026-04-06T10:33:44.840+0000] {processor.py:183} INFO - Processing /opt/airflow/dags/weekly_summary_pipeline.py took 0.161 seconds
[2026-04-06T10:34:15.138+0000] {processor.py:161} INFO - Started process (PID=9081) to work on /opt/airflow/dags/weekly_summary_pipeline.py
[2026-04-06T10:34:15.141+0000] {processor.py:830} INFO - Processing file /opt/airflow/dags/weekly_summary_pipeline.py for tasks to queue
[2026-04-06T10:34:15.144+0000] {logging_mixin.py:188} INFO - [2026-04-06T10:34:15.143+0000] {dagbag.py:538} INFO - Filling up the DagBag from /opt/airflow/dags/weekly_summary_pipeline.py
[2026-04-06T10:34:15.199+0000] {processor.py:840} INFO - DAG(s) 'weekly_summary_pipeline' retrieved from /opt/airflow/dags/weekly_summary_pipeline.py
[2026-04-06T10:34:15.255+0000] {logging_mixin.py:188} INFO - [2026-04-06T10:34:15.255+0000] {dag.py:3036} INFO - Sync 1 DAGs
[2026-04-06T10:34:15.298+0000] {logging_mixin.py:188} INFO - [2026-04-06T10:34:15.298+0000] {dag.py:3823} INFO - Setting next_dagrun for weekly_summary_pipeline to 2026-04-06 06:00:00+00:00, run_after=2026-04-13 06:00:00+00:00
[2026-04-06T10:34:15.344+0000] {processor.py:183} INFO - Processing /opt/airflow/dags/weekly_summary_pipeline.py took 0.214 seconds
[2026-04-06T10:34:45.940+0000] {processor.py:161} INFO - Started process (PID=9099) to work on /opt/airflow/dags/weekly_summary_pipeline.py
[2026-04-06T10:34:45.941+0000] {processor.py:830} INFO - Processing file /opt/airflow/dags/weekly_summary_pipeline.py for tasks to queue
[2026-04-06T10:34:45.944+0000] {logging_mixin.py:188} INFO - [2026-04-06T10:34:45.943+0000] {dagbag.py:538} INFO - Filling up the DagBag from /opt/airflow/dags/weekly_summary_pipeline.py
[2026-04-06T10:34:45.998+0000] {processor.py:840} INFO - DAG(s) 'weekly_summary_pipeline' retrieved from /opt/airflow/dags/weekly_summary_pipeline.py
[2026-04-06T10:34:46.053+0000] {logging_mixin.py:188} INFO - [2026-04-06T10:34:46.053+0000] {dag.py:3036} INFO - Sync 1 DAGs
[2026-04-06T10:34:46.088+0000] {logging_mixin.py:188} INFO - [2026-04-06T10:34:46.088+0000] {dag.py:3823} INFO - Setting next_dagrun for weekly_summary_pipeline to 2026-04-06 06:00:00+00:00, run_after=2026-04-13 06:00:00+00:00
[2026-04-06T10:34:46.121+0000] {processor.py:183} INFO - Processing /opt/airflow/dags/weekly_summary_pipeline.py took 0.186 seconds
[2026-04-06T10:35:17.138+0000] {processor.py:161} INFO - Started process (PID=9122) to work on /opt/airflow/dags/weekly_summary_pipeline.py
[2026-04-06T10:35:17.140+0000] {processor.py:830} INFO - Processing file /opt/airflow/dags/weekly_summary_pipeline.py for tasks to queue
[2026-04-06T10:35:17.141+0000] {logging_mixin.py:188} INFO - [2026-04-06T10:35:17.140+0000] {dagbag.py:538} INFO - Filling up the DagBag from /opt/airflow/dags/weekly_summary_pipeline.py
[2026-04-06T10:35:17.187+0000] {processor.py:840} INFO - DAG(s) 'weekly_summary_pipeline' retrieved from /opt/airflow/dags/weekly_summary_pipeline.py
[2026-04-06T10:35:17.232+0000] {logging_mixin.py:188} INFO - [2026-04-06T10:35:17.232+0000] {dag.py:3036} INFO - Sync 1 DAGs
[2026-04-06T10:35:17.265+0000] {logging_mixin.py:188} INFO - [2026-04-06T10:35:17.264+0000] {dag.py:3823} INFO - Setting next_dagrun for weekly_summary_pipeline to 2026-04-06 06:00:00+00:00, run_after=2026-04-13 06:00:00+00:00
[2026-04-06T10:35:17.296+0000] {processor.py:183} INFO - Processing /opt/airflow/dags/weekly_summary_pipeline.py took 0.162 seconds
[2026-04-06T10:35:48.043+0000] {processor.py:161} INFO - Started process (PID=9145) to work on /opt/airflow/dags/weekly_summary_pipeline.py
[2026-04-06T10:35:48.045+0000] {processor.py:830} INFO - Processing file /opt/airflow/dags/weekly_summary_pipeline.py for tasks to queue
[2026-04-06T10:35:48.046+0000] {logging_mixin.py:188} INFO - [2026-04-06T10:35:48.045+0000] {dagbag.py:538} INFO - Filling up the DagBag from /opt/airflow/dags/weekly_summary_pipeline.py
[2026-04-06T10:35:48.074+0000] {processor.py:840} INFO - DAG(s) 'weekly_summary_pipeline' retrieved from /opt/airflow/dags/weekly_summary_pipeline.py
[2026-04-06T10:35:48.111+0000] {logging_mixin.py:188} INFO - [2026-04-06T10:35:48.111+0000] {dag.py:3036} INFO - Sync 1 DAGs
[2026-04-06T10:35:48.139+0000] {logging_mixin.py:188} INFO - [2026-04-06T10:35:48.139+0000] {dag.py:3823} INFO - Setting next_dagrun for weekly_summary_pipeline to 2026-04-06 06:00:00+00:00, run_after=2026-04-13 06:00:00+00:00
[2026-04-06T10:35:48.163+0000] {processor.py:183} INFO - Processing /opt/airflow/dags/weekly_summary_pipeline.py took 0.123 seconds
[2026-04-06T10:36:18.470+0000] {processor.py:161} INFO - Started process (PID=9173) to work on /opt/airflow/dags/weekly_summary_pipeline.py
[2026-04-06T10:36:18.472+0000] {processor.py:830} INFO - Processing file /opt/airflow/dags/weekly_summary_pipeline.py for tasks to queue
[2026-04-06T10:36:18.474+0000] {logging_mixin.py:188} INFO - [2026-04-06T10:36:18.473+0000] {dagbag.py:538} INFO - Filling up the DagBag from /opt/airflow/dags/weekly_summary_pipeline.py
[2026-04-06T10:36:18.522+0000] {processor.py:840} INFO - DAG(s) 'weekly_summary_pipeline' retrieved from /opt/airflow/dags/weekly_summary_pipeline.py
[2026-04-06T10:36:18.562+0000] {logging_mixin.py:188} INFO - [2026-04-06T10:36:18.562+0000] {dag.py:3036} INFO - Sync 1 DAGs
[2026-04-06T10:36:18.595+0000] {logging_mixin.py:188} INFO - [2026-04-06T10:36:18.595+0000] {dag.py:3823} INFO - Setting next_dagrun for weekly_summary_pipeline to 2026-04-06 06:00:00+00:00, run_after=2026-04-13 06:00:00+00:00
[2026-04-06T10:36:18.628+0000] {processor.py:183} INFO - Processing /opt/airflow/dags/weekly_summary_pipeline.py took 0.163 seconds
[2026-04-06T10:36:48.769+0000] {processor.py:161} INFO - Started process (PID=9196) to work on /opt/airflow/dags/weekly_summary_pipeline.py
[2026-04-06T10:36:48.771+0000] {processor.py:830} INFO - Processing file /opt/airflow/dags/weekly_summary_pipeline.py for tasks to queue
[2026-04-06T10:36:48.773+0000] {logging_mixin.py:188} INFO - [2026-04-06T10:36:48.772+0000] {dagbag.py:538} INFO - Filling up the DagBag from /opt/airflow/dags/weekly_summary_pipeline.py
[2026-04-06T10:36:48.827+0000] {processor.py:840} INFO - DAG(s) 'weekly_summary_pipeline' retrieved from /opt/airflow/dags/weekly_summary_pipeline.py
[2026-04-06T10:36:48.877+0000] {logging_mixin.py:188} INFO - [2026-04-06T10:36:48.877+0000] {dag.py:3036} INFO - Sync 1 DAGs
[2026-04-06T10:36:48.924+0000] {logging_mixin.py:188} INFO - [2026-04-06T10:36:48.924+0000] {dag.py:3823} INFO - Setting next_dagrun for weekly_summary_pipeline to 2026-04-06 06:00:00+00:00, run_after=2026-04-13 06:00:00+00:00
[2026-04-06T10:36:48.967+0000] {processor.py:183} INFO - Processing /opt/airflow/dags/weekly_summary_pipeline.py took 0.202 seconds
[2026-04-06T10:37:19.106+0000] {processor.py:161} INFO - Started process (PID=9211) to work on /opt/airflow/dags/weekly_summary_pipeline.py
[2026-04-06T10:37:19.108+0000] {processor.py:830} INFO - Processing file /opt/airflow/dags/weekly_summary_pipeline.py for tasks to queue
[2026-04-06T10:37:19.110+0000] {logging_mixin.py:188} INFO - [2026-04-06T10:37:19.109+0000] {dagbag.py:538} INFO - Filling up the DagBag from /opt/airflow/dags/weekly_summary_pipeline.py
[2026-04-06T10:37:19.165+0000] {processor.py:840} INFO - DAG(s) 'weekly_summary_pipeline' retrieved from /opt/airflow/dags/weekly_summary_pipeline.py
[2026-04-06T10:37:19.228+0000] {logging_mixin.py:188} INFO - [2026-04-06T10:37:19.227+0000] {dag.py:3036} INFO - Sync 1 DAGs
[2026-04-06T10:37:19.291+0000] {logging_mixin.py:188} INFO - [2026-04-06T10:37:19.291+0000] {dag.py:3823} INFO - Setting next_dagrun for weekly_summary_pipeline to 2026-04-06 06:00:00+00:00, run_after=2026-04-13 06:00:00+00:00
[2026-04-06T10:37:19.337+0000] {processor.py:183} INFO - Processing /opt/airflow/dags/weekly_summary_pipeline.py took 0.236 seconds
[2026-04-06T10:37:49.490+0000] {processor.py:161} INFO - Started process (PID=9234) to work on /opt/airflow/dags/weekly_summary_pipeline.py
[2026-04-06T10:37:49.492+0000] {processor.py:830} INFO - Processing file /opt/airflow/dags/weekly_summary_pipeline.py for tasks to queue
[2026-04-06T10:37:49.495+0000] {logging_mixin.py:188} INFO - [2026-04-06T10:37:49.494+0000] {dagbag.py:538} INFO - Filling up the DagBag from /opt/airflow/dags/weekly_summary_pipeline.py
[2026-04-06T10:37:49.553+0000] {processor.py:840} INFO - DAG(s) 'weekly_summary_pipeline' retrieved from /opt/airflow/dags/weekly_summary_pipeline.py
[2026-04-06T10:37:49.606+0000] {logging_mixin.py:188} INFO - [2026-04-06T10:37:49.606+0000] {dag.py:3036} INFO - Sync 1 DAGs
[2026-04-06T10:37:49.640+0000] {logging_mixin.py:188} INFO - [2026-04-06T10:37:49.640+0000] {dag.py:3823} INFO - Setting next_dagrun for weekly_summary_pipeline to 2026-04-06 06:00:00+00:00, run_after=2026-04-13 06:00:00+00:00
[2026-04-06T10:37:49.689+0000] {processor.py:183} INFO - Processing /opt/airflow/dags/weekly_summary_pipeline.py took 0.204 seconds
[2026-04-06T10:38:19.883+0000] {processor.py:161} INFO - Started process (PID=9257) to work on /opt/airflow/dags/weekly_summary_pipeline.py
[2026-04-06T10:38:19.884+0000] {processor.py:830} INFO - Processing file /opt/airflow/dags/weekly_summary_pipeline.py for tasks to queue
[2026-04-06T10:38:19.886+0000] {logging_mixin.py:188} INFO - [2026-04-06T10:38:19.885+0000] {dagbag.py:538} INFO - Filling up the DagBag from /opt/airflow/dags/weekly_summary_pipeline.py
[2026-04-06T10:38:19.922+0000] {processor.py:840} INFO - DAG(s) 'weekly_summary_pipeline' retrieved from /opt/airflow/dags/weekly_summary_pipeline.py
[2026-04-06T10:38:19.956+0000] {logging_mixin.py:188} INFO - [2026-04-06T10:38:19.955+0000] {dag.py:3036} INFO - Sync 1 DAGs
[2026-04-06T10:38:19.986+0000] {logging_mixin.py:188} INFO - [2026-04-06T10:38:19.986+0000] {dag.py:3823} INFO - Setting next_dagrun for weekly_summary_pipeline to 2026-04-06 06:00:00+00:00, run_after=2026-04-13 06:00:00+00:00
[2026-04-06T10:38:20.012+0000] {processor.py:183} INFO - Processing /opt/airflow/dags/weekly_summary_pipeline.py took 0.132 seconds
[2026-04-06T10:38:50.155+0000] {processor.py:161} INFO - Started process (PID=9276) to work on /opt/airflow/dags/weekly_summary_pipeline.py
[2026-04-06T10:38:50.158+0000] {processor.py:830} INFO - Processing file /opt/airflow/dags/weekly_summary_pipeline.py for tasks to queue
[2026-04-06T10:38:50.161+0000] {logging_mixin.py:188} INFO - [2026-04-06T10:38:50.160+0000] {dagbag.py:538} INFO - Filling up the DagBag from /opt/airflow/dags/weekly_summary_pipeline.py
[2026-04-06T10:38:50.206+0000] {processor.py:840} INFO - DAG(s) 'weekly_summary_pipeline' retrieved from /opt/airflow/dags/weekly_summary_pipeline.py
[2026-04-06T10:38:50.276+0000] {logging_mixin.py:188} INFO - [2026-04-06T10:38:50.276+0000] {dag.py:3036} INFO - Sync 1 DAGs
[2026-04-06T10:38:50.311+0000] {logging_mixin.py:188} INFO - [2026-04-06T10:38:50.311+0000] {dag.py:3823} INFO - Setting next_dagrun for weekly_summary_pipeline to 2026-04-06 06:00:00+00:00, run_after=2026-04-13 06:00:00+00:00
[2026-04-06T10:38:50.344+0000] {processor.py:183} INFO - Processing /opt/airflow/dags/weekly_summary_pipeline.py took 0.193 seconds
[2026-04-06T10:39:20.438+0000] {processor.py:161} INFO - Started process (PID=9299) to work on /opt/airflow/dags/weekly_summary_pipeline.py
[2026-04-06T10:39:20.439+0000] {processor.py:830} INFO - Processing file /opt/airflow/dags/weekly_summary_pipeline.py for tasks to queue
[2026-04-06T10:39:20.440+0000] {logging_mixin.py:188} INFO - [2026-04-06T10:39:20.440+0000] {dagbag.py:538} INFO - Filling up the DagBag from /opt/airflow/dags/weekly_summary_pipeline.py
[2026-04-06T10:39:20.475+0000] {processor.py:840} INFO - DAG(s) 'weekly_summary_pipeline' retrieved from /opt/airflow/dags/weekly_summary_pipeline.py
[2026-04-06T10:39:20.540+0000] {logging_mixin.py:188} INFO - [2026-04-06T10:39:20.540+0000] {dag.py:3036} INFO - Sync 1 DAGs
[2026-04-06T10:39:20.574+0000] {logging_mixin.py:188} INFO - [2026-04-06T10:39:20.574+0000] {dag.py:3823} INFO - Setting next_dagrun for weekly_summary_pipeline to 2026-04-06 06:00:00+00:00, run_after=2026-04-13 06:00:00+00:00
[2026-04-06T10:39:20.622+0000] {processor.py:183} INFO - Processing /opt/airflow/dags/weekly_summary_pipeline.py took 0.188 seconds
[2026-04-06T10:39:51.447+0000] {processor.py:161} INFO - Started process (PID=9322) to work on /opt/airflow/dags/weekly_summary_pipeline.py
[2026-04-06T10:39:51.449+0000] {processor.py:830} INFO - Processing file /opt/airflow/dags/weekly_summary_pipeline.py for tasks to queue
[2026-04-06T10:39:51.451+0000] {logging_mixin.py:188} INFO - [2026-04-06T10:39:51.451+0000] {dagbag.py:538} INFO - Filling up the DagBag from /opt/airflow/dags/weekly_summary_pipeline.py
[2026-04-06T10:39:51.503+0000] {processor.py:840} INFO - DAG(s) 'weekly_summary_pipeline' retrieved from /opt/airflow/dags/weekly_summary_pipeline.py
[2026-04-06T10:39:51.584+0000] {logging_mixin.py:188} INFO - [2026-04-06T10:39:51.583+0000] {dag.py:3036} INFO - Sync 1 DAGs
[2026-04-06T10:39:51.620+0000] {logging_mixin.py:188} INFO - [2026-04-06T10:39:51.619+0000] {dag.py:3823} INFO - Setting next_dagrun for weekly_summary_pipeline to 2026-04-06 06:00:00+00:00, run_after=2026-04-13 06:00:00+00:00
[2026-04-06T10:39:51.648+0000] {processor.py:183} INFO - Processing /opt/airflow/dags/weekly_summary_pipeline.py took 0.207 seconds
[2026-04-06T10:40:22.598+0000] {processor.py:161} INFO - Started process (PID=9345) to work on /opt/airflow/dags/weekly_summary_pipeline.py
[2026-04-06T10:40:22.600+0000] {processor.py:830} INFO - Processing file /opt/airflow/dags/weekly_summary_pipeline.py for tasks to queue
[2026-04-06T10:40:22.602+0000] {logging_mixin.py:188} INFO - [2026-04-06T10:40:22.601+0000] {dagbag.py:538} INFO - Filling up the DagBag from /opt/airflow/dags/weekly_summary_pipeline.py
[2026-04-06T10:40:22.655+0000] {processor.py:840} INFO - DAG(s) 'weekly_summary_pipeline' retrieved from /opt/airflow/dags/weekly_summary_pipeline.py
[2026-04-06T10:40:22.701+0000] {logging_mixin.py:188} INFO - [2026-04-06T10:40:22.700+0000] {dag.py:3036} INFO - Sync 1 DAGs
[2026-04-06T10:40:22.733+0000] {logging_mixin.py:188} INFO - [2026-04-06T10:40:22.733+0000] {dag.py:3823} INFO - Setting next_dagrun for weekly_summary_pipeline to 2026-04-06 06:00:00+00:00, run_after=2026-04-13 06:00:00+00:00
[2026-04-06T10:40:22.761+0000] {processor.py:183} INFO - Processing /opt/airflow/dags/weekly_summary_pipeline.py took 0.168 seconds
[2026-04-06T10:40:53.667+0000] {processor.py:161} INFO - Started process (PID=9368) to work on /opt/airflow/dags/weekly_summary_pipeline.py
[2026-04-06T10:40:53.669+0000] {processor.py:830} INFO - Processing file /opt/airflow/dags/weekly_summary_pipeline.py for tasks to queue
[2026-04-06T10:40:53.671+0000] {logging_mixin.py:188} INFO - [2026-04-06T10:40:53.671+0000] {dagbag.py:538} INFO - Filling up the DagBag from /opt/airflow/dags/weekly_summary_pipeline.py
[2026-04-06T10:40:53.715+0000] {processor.py:840} INFO - DAG(s) 'weekly_summary_pipeline' retrieved from /opt/airflow/dags/weekly_summary_pipeline.py
[2026-04-06T10:40:53.768+0000] {logging_mixin.py:188} INFO - [2026-04-06T10:40:53.767+0000] {dag.py:3036} INFO - Sync 1 DAGs
[2026-04-06T10:40:53.813+0000] {logging_mixin.py:188} INFO - [2026-04-06T10:40:53.812+0000] {dag.py:3823} INFO - Setting next_dagrun for weekly_summary_pipeline to 2026-04-06 06:00:00+00:00, run_after=2026-04-13 06:00:00+00:00
[2026-04-06T10:40:53.850+0000] {processor.py:183} INFO - Processing /opt/airflow/dags/weekly_summary_pipeline.py took 0.199 seconds
[2026-04-06T10:41:24.504+0000] {processor.py:161} INFO - Started process (PID=9391) to work on /opt/airflow/dags/weekly_summary_pipeline.py
[2026-04-06T10:41:24.506+0000] {processor.py:830} INFO - Processing file /opt/airflow/dags/weekly_summary_pipeline.py for tasks to queue
[2026-04-06T10:41:24.507+0000] {logging_mixin.py:188} INFO - [2026-04-06T10:41:24.507+0000] {dagbag.py:538} INFO - Filling up the DagBag from /opt/airflow/dags/weekly_summary_pipeline.py
[2026-04-06T10:41:24.544+0000] {processor.py:840} INFO - DAG(s) 'weekly_summary_pipeline' retrieved from /opt/airflow/dags/weekly_summary_pipeline.py
[2026-04-06T10:41:24.596+0000] {logging_mixin.py:188} INFO - [2026-04-06T10:41:24.596+0000] {dag.py:3036} INFO - Sync 1 DAGs
[2026-04-06T10:41:24.638+0000] {logging_mixin.py:188} INFO - [2026-04-06T10:41:24.637+0000] {dag.py:3823} INFO - Setting next_dagrun for weekly_summary_pipeline to 2026-04-06 06:00:00+00:00, run_after=2026-04-13 06:00:00+00:00
[2026-04-06T10:41:24.676+0000] {processor.py:183} INFO - Processing /opt/airflow/dags/weekly_summary_pipeline.py took 0.176 seconds
[2026-04-06T10:41:55.456+0000] {processor.py:161} INFO - Started process (PID=9414) to work on /opt/airflow/dags/weekly_summary_pipeline.py
[2026-04-06T10:41:55.458+0000] {processor.py:830} INFO - Processing file /opt/airflow/dags/weekly_summary_pipeline.py for tasks to queue
[2026-04-06T10:41:55.461+0000] {logging_mixin.py:188} INFO - [2026-04-06T10:41:55.460+0000] {dagbag.py:538} INFO - Filling up the DagBag from /opt/airflow/dags/weekly_summary_pipeline.py
[2026-04-06T10:41:55.510+0000] {processor.py:840} INFO - DAG(s) 'weekly_summary_pipeline' retrieved from /opt/airflow/dags/weekly_summary_pipeline.py
[2026-04-06T10:41:55.559+0000] {logging_mixin.py:188} INFO - [2026-04-06T10:41:55.558+0000] {dag.py:3036} INFO - Sync 1 DAGs
[2026-04-06T10:41:55.600+0000] {logging_mixin.py:188} INFO - [2026-04-06T10:41:55.600+0000] {dag.py:3823} INFO - Setting next_dagrun for weekly_summary_pipeline to 2026-04-06 06:00:00+00:00, run_after=2026-04-13 06:00:00+00:00
[2026-04-06T10:41:55.633+0000] {processor.py:183} INFO - Processing /opt/airflow/dags/weekly_summary_pipeline.py took 0.183 seconds
[2026-04-06T10:42:26.461+0000] {processor.py:161} INFO - Started process (PID=9437) to work on /opt/airflow/dags/weekly_summary_pipeline.py
[2026-04-06T10:42:26.463+0000] {processor.py:830} INFO - Processing file /opt/airflow/dags/weekly_summary_pipeline.py for tasks to queue
[2026-04-06T10:42:26.464+0000] {logging_mixin.py:188} INFO - [2026-04-06T10:42:26.464+0000] {dagbag.py:538} INFO - Filling up the DagBag from /opt/airflow/dags/weekly_summary_pipeline.py
[2026-04-06T10:42:26.489+0000] {processor.py:840} INFO - DAG(s) 'weekly_summary_pipeline' retrieved from /opt/airflow/dags/weekly_summary_pipeline.py
[2026-04-06T10:42:26.525+0000] {logging_mixin.py:188} INFO - [2026-04-06T10:42:26.524+0000] {dag.py:3036} INFO - Sync 1 DAGs
[2026-04-06T10:42:26.554+0000] {logging_mixin.py:188} INFO - [2026-04-06T10:42:26.554+0000] {dag.py:3823} INFO - Setting next_dagrun for weekly_summary_pipeline to 2026-04-06 06:00:00+00:00, run_after=2026-04-13 06:00:00+00:00
[2026-04-06T10:42:26.591+0000] {processor.py:183} INFO - Processing /opt/airflow/dags/weekly_summary_pipeline.py took 0.134 seconds
[2026-04-06T10:42:57.426+0000] {processor.py:161} INFO - Started process (PID=9460) to work on /opt/airflow/dags/weekly_summary_pipeline.py
[2026-04-06T10:42:57.428+0000] {processor.py:830} INFO - Processing file /opt/airflow/dags/weekly_summary_pipeline.py for tasks to queue
[2026-04-06T10:42:57.430+0000] {logging_mixin.py:188} INFO - [2026-04-06T10:42:57.429+0000] {dagbag.py:538} INFO - Filling up the DagBag from /opt/airflow/dags/weekly_summary_pipeline.py
[2026-04-06T10:42:57.481+0000] {processor.py:840} INFO - DAG(s) 'weekly_summary_pipeline' retrieved from /opt/airflow/dags/weekly_summary_pipeline.py
[2026-04-06T10:42:57.517+0000] {logging_mixin.py:188} INFO - [2026-04-06T10:42:57.517+0000] {dag.py:3036} INFO - Sync 1 DAGs
[2026-04-06T10:42:57.546+0000] {logging_mixin.py:188} INFO - [2026-04-06T10:42:57.546+0000] {dag.py:3823} INFO - Setting next_dagrun for weekly_summary_pipeline to 2026-04-06 06:00:00+00:00, run_after=2026-04-13 06:00:00+00:00
[2026-04-06T10:42:57.572+0000] {processor.py:183} INFO - Processing /opt/airflow/dags/weekly_summary_pipeline.py took 0.152 seconds
[2026-04-06T10:43:28.404+0000] {processor.py:161} INFO - Started process (PID=9482) to work on /opt/airflow/dags/weekly_summary_pipeline.py
[2026-04-06T10:43:28.406+0000] {processor.py:830} INFO - Processing file /opt/airflow/dags/weekly_summary_pipeline.py for tasks to queue
[2026-04-06T10:43:28.408+0000] {logging_mixin.py:188} INFO - [2026-04-06T10:43:28.407+0000] {dagbag.py:538} INFO - Filling up the DagBag from /opt/airflow/dags/weekly_summary_pipeline.py
[2026-04-06T10:43:28.437+0000] {processor.py:840} INFO - DAG(s) 'weekly_summary_pipeline' retrieved from /opt/airflow/dags/weekly_summary_pipeline.py
[2026-04-06T10:43:28.472+0000] {logging_mixin.py:188} INFO - [2026-04-06T10:43:28.472+0000] {dag.py:3036} INFO - Sync 1 DAGs
[2026-04-06T10:43:28.501+0000] {logging_mixin.py:188} INFO - [2026-04-06T10:43:28.501+0000] {dag.py:3823} INFO - Setting next_dagrun for weekly_summary_pipeline to 2026-04-06 06:00:00+00:00, run_after=2026-04-13 06:00:00+00:00
[2026-04-06T10:43:28.549+0000] {processor.py:183} INFO - Processing /opt/airflow/dags/weekly_summary_pipeline.py took 0.149 seconds
[2026-04-06T10:43:59.311+0000] {processor.py:161} INFO - Started process (PID=9505) to work on /opt/airflow/dags/weekly_summary_pipeline.py
[2026-04-06T10:43:59.313+0000] {processor.py:830} INFO - Processing file /opt/airflow/dags/weekly_summary_pipeline.py for tasks to queue
[2026-04-06T10:43:59.314+0000] {logging_mixin.py:188} INFO - [2026-04-06T10:43:59.314+0000] {dagbag.py:538} INFO - Filling up the DagBag from /opt/airflow/dags/weekly_summary_pipeline.py
[2026-04-06T10:43:59.336+0000] {processor.py:840} INFO - DAG(s) 'weekly_summary_pipeline' retrieved from /opt/airflow/dags/weekly_summary_pipeline.py
[2026-04-06T10:43:59.373+0000] {logging_mixin.py:188} INFO - [2026-04-06T10:43:59.373+0000] {dag.py:3036} INFO - Sync 1 DAGs
[2026-04-06T10:43:59.403+0000] {logging_mixin.py:188} INFO - [2026-04-06T10:43:59.403+0000] {dag.py:3823} INFO - Setting next_dagrun for weekly_summary_pipeline to 2026-04-06 06:00:00+00:00, run_after=2026-04-13 06:00:00+00:00
[2026-04-06T10:43:59.429+0000] {processor.py:183} INFO - Processing /opt/airflow/dags/weekly_summary_pipeline.py took 0.121 seconds
[2026-04-06T10:44:30.238+0000] {processor.py:161} INFO - Started process (PID=9528) to work on /opt/airflow/dags/weekly_summary_pipeline.py
[2026-04-06T10:44:30.239+0000] {processor.py:830} INFO - Processing file /opt/airflow/dags/weekly_summary_pipeline.py for tasks to queue
[2026-04-06T10:44:30.240+0000] {logging_mixin.py:188} INFO - [2026-04-06T10:44:30.240+0000] {dagbag.py:538} INFO - Filling up the DagBag from /opt/airflow/dags/weekly_summary_pipeline.py
[2026-04-06T10:44:30.262+0000] {processor.py:840} INFO - DAG(s) 'weekly_summary_pipeline' retrieved from /opt/airflow/dags/weekly_summary_pipeline.py
[2026-04-06T10:44:30.295+0000] {logging_mixin.py:188} INFO - [2026-04-06T10:44:30.295+0000] {dag.py:3036} INFO - Sync 1 DAGs
[2026-04-06T10:44:30.325+0000] {logging_mixin.py:188} INFO - [2026-04-06T10:44:30.324+0000] {dag.py:3823} INFO - Setting next_dagrun for weekly_summary_pipeline to 2026-04-06 06:00:00+00:00, run_after=2026-04-13 06:00:00+00:00
[2026-04-06T10:44:30.350+0000] {processor.py:183} INFO - Processing /opt/airflow/dags/weekly_summary_pipeline.py took 0.116 seconds
[2026-04-06T10:45:01.136+0000] {processor.py:161} INFO - Started process (PID=9551) to work on /opt/airflow/dags/weekly_summary_pipeline.py
[2026-04-06T10:45:01.139+0000] {processor.py:830} INFO - Processing file /opt/airflow/dags/weekly_summary_pipeline.py for tasks to queue
[2026-04-06T10:45:01.141+0000] {logging_mixin.py:188} INFO - [2026-04-06T10:45:01.140+0000] {dagbag.py:538} INFO - Filling up the DagBag from /opt/airflow/dags/weekly_summary_pipeline.py
[2026-04-06T10:45:01.192+0000] {processor.py:840} INFO - DAG(s) 'weekly_summary_pipeline' retrieved from /opt/airflow/dags/weekly_summary_pipeline.py
[2026-04-06T10:45:01.235+0000] {logging_mixin.py:188} INFO - [2026-04-06T10:45:01.235+0000] {dag.py:3036} INFO - Sync 1 DAGs
[2026-04-06T10:45:01.265+0000] {logging_mixin.py:188} INFO - [2026-04-06T10:45:01.265+0000] {dag.py:3823} INFO - Setting next_dagrun for weekly_summary_pipeline to 2026-04-06 06:00:00+00:00, run_after=2026-04-13 06:00:00+00:00
[2026-04-06T10:45:01.293+0000] {processor.py:183} INFO - Processing /opt/airflow/dags/weekly_summary_pipeline.py took 0.163 seconds
[2026-04-06T10:45:31.536+0000] {processor.py:161} INFO - Started process (PID=9579) to work on /opt/airflow/dags/weekly_summary_pipeline.py
[2026-04-06T10:45:31.537+0000] {processor.py:830} INFO - Processing file /opt/airflow/dags/weekly_summary_pipeline.py for tasks to queue
[2026-04-06T10:45:31.539+0000] {logging_mixin.py:188} INFO - [2026-04-06T10:45:31.539+0000] {dagbag.py:538} INFO - Filling up the DagBag from /opt/airflow/dags/weekly_summary_pipeline.py
[2026-04-06T10:45:31.581+0000] {processor.py:840} INFO - DAG(s) 'weekly_summary_pipeline' retrieved from /opt/airflow/dags/weekly_summary_pipeline.py
[2026-04-06T10:45:31.627+0000] {logging_mixin.py:188} INFO - [2026-04-06T10:45:31.627+0000] {dag.py:3036} INFO - Sync 1 DAGs
[2026-04-06T10:45:31.671+0000] {logging_mixin.py:188} INFO - [2026-04-06T10:45:31.671+0000] {dag.py:3823} INFO - Setting next_dagrun for weekly_summary_pipeline to 2026-04-06 06:00:00+00:00, run_after=2026-04-13 06:00:00+00:00
[2026-04-06T10:45:31.719+0000] {processor.py:183} INFO - Processing /opt/airflow/dags/weekly_summary_pipeline.py took 0.187 seconds
[2026-04-06T10:46:01.959+0000] {processor.py:161} INFO - Started process (PID=9602) to work on /opt/airflow/dags/weekly_summary_pipeline.py
[2026-04-06T10:46:01.961+0000] {processor.py:830} INFO - Processing file /opt/airflow/dags/weekly_summary_pipeline.py for tasks to queue
[2026-04-06T10:46:01.962+0000] {logging_mixin.py:188} INFO - [2026-04-06T10:46:01.962+0000] {dagbag.py:538} INFO - Filling up the DagBag from /opt/airflow/dags/weekly_summary_pipeline.py
[2026-04-06T10:46:01.998+0000] {processor.py:840} INFO - DAG(s) 'weekly_summary_pipeline' retrieved from /opt/airflow/dags/weekly_summary_pipeline.py
[2026-04-06T10:46:02.037+0000] {logging_mixin.py:188} INFO - [2026-04-06T10:46:02.037+0000] {dag.py:3036} INFO - Sync 1 DAGs
[2026-04-06T10:46:02.081+0000] {logging_mixin.py:188} INFO - [2026-04-06T10:46:02.081+0000] {dag.py:3823} INFO - Setting next_dagrun for weekly_summary_pipeline to 2026-04-06 06:00:00+00:00, run_after=2026-04-13 06:00:00+00:00
[2026-04-06T10:46:02.108+0000] {processor.py:183} INFO - Processing /opt/airflow/dags/weekly_summary_pipeline.py took 0.153 seconds
[2026-04-06T10:46:32.465+0000] {processor.py:161} INFO - Started process (PID=9626) to work on /opt/airflow/dags/weekly_summary_pipeline.py
[2026-04-06T10:46:32.467+0000] {processor.py:830} INFO - Processing file /opt/airflow/dags/weekly_summary_pipeline.py for tasks to queue
[2026-04-06T10:46:32.469+0000] {logging_mixin.py:188} INFO - [2026-04-06T10:46:32.468+0000] {dagbag.py:538} INFO - Filling up the DagBag from /opt/airflow/dags/weekly_summary_pipeline.py
[2026-04-06T10:46:32.517+0000] {processor.py:840} INFO - DAG(s) 'weekly_summary_pipeline' retrieved from /opt/airflow/dags/weekly_summary_pipeline.py
[2026-04-06T10:46:32.560+0000] {logging_mixin.py:188} INFO - [2026-04-06T10:46:32.559+0000] {dag.py:3036} INFO - Sync 1 DAGs
[2026-04-06T10:46:32.599+0000] {logging_mixin.py:188} INFO - [2026-04-06T10:46:32.599+0000] {dag.py:3823} INFO - Setting next_dagrun for weekly_summary_pipeline to 2026-04-06 06:00:00+00:00, run_after=2026-04-13 06:00:00+00:00
[2026-04-06T10:46:32.633+0000] {processor.py:183} INFO - Processing /opt/airflow/dags/weekly_summary_pipeline.py took 0.172 seconds
[2026-04-06T10:47:03.396+0000] {processor.py:161} INFO - Started process (PID=9636) to work on /opt/airflow/dags/weekly_summary_pipeline.py
[2026-04-06T10:47:03.397+0000] {processor.py:830} INFO - Processing file /opt/airflow/dags/weekly_summary_pipeline.py for tasks to queue
[2026-04-06T10:47:03.400+0000] {logging_mixin.py:188} INFO - [2026-04-06T10:47:03.399+0000] {dagbag.py:538} INFO - Filling up the DagBag from /opt/airflow/dags/weekly_summary_pipeline.py
[2026-04-06T10:47:03.446+0000] {processor.py:840} INFO - DAG(s) 'weekly_summary_pipeline' retrieved from /opt/airflow/dags/weekly_summary_pipeline.py
[2026-04-06T10:47:03.483+0000] {logging_mixin.py:188} INFO - [2026-04-06T10:47:03.482+0000] {dag.py:3036} INFO - Sync 1 DAGs
[2026-04-06T10:47:03.512+0000] {logging_mixin.py:188} INFO - [2026-04-06T10:47:03.512+0000] {dag.py:3823} INFO - Setting next_dagrun for weekly_summary_pipeline to 2026-04-06 06:00:00+00:00, run_after=2026-04-13 06:00:00+00:00
[2026-04-06T10:47:03.543+0000] {processor.py:183} INFO - Processing /opt/airflow/dags/weekly_summary_pipeline.py took 0.150 seconds
[2026-04-06T10:47:34.321+0000] {processor.py:161} INFO - Started process (PID=9659) to work on /opt/airflow/dags/weekly_summary_pipeline.py
[2026-04-06T10:47:34.330+0000] {processor.py:830} INFO - Processing file /opt/airflow/dags/weekly_summary_pipeline.py for tasks to queue
[2026-04-06T10:47:34.334+0000] {logging_mixin.py:188} INFO - [2026-04-06T10:47:34.333+0000] {dagbag.py:538} INFO - Filling up the DagBag from /opt/airflow/dags/weekly_summary_pipeline.py
[2026-04-06T10:47:34.415+0000] {processor.py:840} INFO - DAG(s) 'weekly_summary_pipeline' retrieved from /opt/airflow/dags/weekly_summary_pipeline.py
[2026-04-06T10:47:34.454+0000] {logging_mixin.py:188} INFO - [2026-04-06T10:47:34.453+0000] {dag.py:3036} INFO - Sync 1 DAGs
[2026-04-06T10:47:34.487+0000] {logging_mixin.py:188} INFO - [2026-04-06T10:47:34.487+0000] {dag.py:3823} INFO - Setting next_dagrun for weekly_summary_pipeline to 2026-04-06 06:00:00+00:00, run_after=2026-04-13 06:00:00+00:00
[2026-04-06T10:47:34.631+0000] {processor.py:183} INFO - Processing /opt/airflow/dags/weekly_summary_pipeline.py took 0.316 seconds
[2026-04-06T10:48:04.750+0000] {processor.py:161} INFO - Started process (PID=9682) to work on /opt/airflow/dags/weekly_summary_pipeline.py
[2026-04-06T10:48:04.752+0000] {processor.py:830} INFO - Processing file /opt/airflow/dags/weekly_summary_pipeline.py for tasks to queue
[2026-04-06T10:48:04.753+0000] {logging_mixin.py:188} INFO - [2026-04-06T10:48:04.753+0000] {dagbag.py:538} INFO - Filling up the DagBag from /opt/airflow/dags/weekly_summary_pipeline.py
[2026-04-06T10:48:04.790+0000] {processor.py:840} INFO - DAG(s) 'weekly_summary_pipeline' retrieved from /opt/airflow/dags/weekly_summary_pipeline.py
[2026-04-06T10:48:04.829+0000] {logging_mixin.py:188} INFO - [2026-04-06T10:48:04.828+0000] {dag.py:3036} INFO - Sync 1 DAGs
[2026-04-06T10:48:04.858+0000] {logging_mixin.py:188} INFO - [2026-04-06T10:48:04.857+0000] {dag.py:3823} INFO - Setting next_dagrun for weekly_summary_pipeline to 2026-04-06 06:00:00+00:00, run_after=2026-04-13 06:00:00+00:00
[2026-04-06T10:48:04.898+0000] {processor.py:183} INFO - Processing /opt/airflow/dags/weekly_summary_pipeline.py took 0.152 seconds
[2026-04-06T10:48:35.503+0000] {processor.py:161} INFO - Started process (PID=9705) to work on /opt/airflow/dags/weekly_summary_pipeline.py
[2026-04-06T10:48:35.507+0000] {processor.py:830} INFO - Processing file /opt/airflow/dags/weekly_summary_pipeline.py for tasks to queue
[2026-04-06T10:48:35.508+0000] {logging_mixin.py:188} INFO - [2026-04-06T10:48:35.508+0000] {dagbag.py:538} INFO - Filling up the DagBag from /opt/airflow/dags/weekly_summary_pipeline.py
[2026-04-06T10:48:35.546+0000] {processor.py:840} INFO - DAG(s) 'weekly_summary_pipeline' retrieved from /opt/airflow/dags/weekly_summary_pipeline.py
[2026-04-06T10:48:35.583+0000] {logging_mixin.py:188} INFO - [2026-04-06T10:48:35.583+0000] {dag.py:3036} INFO - Sync 1 DAGs
[2026-04-06T10:48:35.614+0000] {logging_mixin.py:188} INFO - [2026-04-06T10:48:35.614+0000] {dag.py:3823} INFO - Setting next_dagrun for weekly_summary_pipeline to 2026-04-06 06:00:00+00:00, run_after=2026-04-13 06:00:00+00:00
[2026-04-06T10:48:35.639+0000] {processor.py:183} INFO - Processing /opt/airflow/dags/weekly_summary_pipeline.py took 0.141 seconds
[2026-04-06T10:49:06.405+0000] {processor.py:161} INFO - Started process (PID=9728) to work on /opt/airflow/dags/weekly_summary_pipeline.py
[2026-04-06T10:49:06.407+0000] {processor.py:830} INFO - Processing file /opt/airflow/dags/weekly_summary_pipeline.py for tasks to queue
[2026-04-06T10:49:06.409+0000] {logging_mixin.py:188} INFO - [2026-04-06T10:49:06.409+0000] {dagbag.py:538} INFO - Filling up the DagBag from /opt/airflow/dags/weekly_summary_pipeline.py
[2026-04-06T10:49:06.470+0000] {processor.py:840} INFO - DAG(s) 'weekly_summary_pipeline' retrieved from /opt/airflow/dags/weekly_summary_pipeline.py
[2026-04-06T10:49:06.513+0000] {logging_mixin.py:188} INFO - [2026-04-06T10:49:06.513+0000] {dag.py:3036} INFO - Sync 1 DAGs
[2026-04-06T10:49:06.543+0000] {logging_mixin.py:188} INFO - [2026-04-06T10:49:06.543+0000] {dag.py:3823} INFO - Setting next_dagrun for weekly_summary_pipeline to 2026-04-06 06:00:00+00:00, run_after=2026-04-13 06:00:00+00:00
[2026-04-06T10:49:06.583+0000] {processor.py:183} INFO - Processing /opt/airflow/dags/weekly_summary_pipeline.py took 0.182 seconds
[2026-04-06T10:49:37.345+0000] {processor.py:161} INFO - Started process (PID=9752) to work on /opt/airflow/dags/weekly_summary_pipeline.py
[2026-04-06T10:49:37.346+0000] {processor.py:830} INFO - Processing file /opt/airflow/dags/weekly_summary_pipeline.py for tasks to queue
[2026-04-06T10:49:37.348+0000] {logging_mixin.py:188} INFO - [2026-04-06T10:49:37.347+0000] {dagbag.py:538} INFO - Filling up the DagBag from /opt/airflow/dags/weekly_summary_pipeline.py
[2026-04-06T10:49:37.397+0000] {processor.py:840} INFO - DAG(s) 'weekly_summary_pipeline' retrieved from /opt/airflow/dags/weekly_summary_pipeline.py
[2026-04-06T10:49:37.448+0000] {logging_mixin.py:188} INFO - [2026-04-06T10:49:37.448+0000] {dag.py:3036} INFO - Sync 1 DAGs
[2026-04-06T10:49:37.477+0000] {logging_mixin.py:188} INFO - [2026-04-06T10:49:37.477+0000] {dag.py:3823} INFO - Setting next_dagrun for weekly_summary_pipeline to 2026-04-06 06:00:00+00:00, run_after=2026-04-13 06:00:00+00:00
[2026-04-06T10:49:37.517+0000] {processor.py:183} INFO - Processing /opt/airflow/dags/weekly_summary_pipeline.py took 0.177 seconds
[2026-04-06T10:50:08.363+0000] {processor.py:161} INFO - Started process (PID=9775) to work on /opt/airflow/dags/weekly_summary_pipeline.py
[2026-04-06T10:50:08.365+0000] {processor.py:830} INFO - Processing file /opt/airflow/dags/weekly_summary_pipeline.py for tasks to queue
[2026-04-06T10:50:08.366+0000] {logging_mixin.py:188} INFO - [2026-04-06T10:50:08.366+0000] {dagbag.py:538} INFO - Filling up the DagBag from /opt/airflow/dags/weekly_summary_pipeline.py
[2026-04-06T10:50:08.410+0000] {processor.py:840} INFO - DAG(s) 'weekly_summary_pipeline' retrieved from /opt/airflow/dags/weekly_summary_pipeline.py
[2026-04-06T10:50:08.447+0000] {logging_mixin.py:188} INFO - [2026-04-06T10:50:08.447+0000] {dag.py:3036} INFO - Sync 1 DAGs
[2026-04-06T10:50:08.477+0000] {logging_mixin.py:188} INFO - [2026-04-06T10:50:08.477+0000] {dag.py:3823} INFO - Setting next_dagrun for weekly_summary_pipeline to 2026-04-06 06:00:00+00:00, run_after=2026-04-13 06:00:00+00:00
[2026-04-06T10:50:08.505+0000] {processor.py:183} INFO - Processing /opt/airflow/dags/weekly_summary_pipeline.py took 0.148 seconds
[2026-04-06T10:50:39.500+0000] {processor.py:161} INFO - Started process (PID=9798) to work on /opt/airflow/dags/weekly_summary_pipeline.py
[2026-04-06T10:50:39.502+0000] {processor.py:830} INFO - Processing file /opt/airflow/dags/weekly_summary_pipeline.py for tasks to queue
[2026-04-06T10:50:39.503+0000] {logging_mixin.py:188} INFO - [2026-04-06T10:50:39.502+0000] {dagbag.py:538} INFO - Filling up the DagBag from /opt/airflow/dags/weekly_summary_pipeline.py
[2026-04-06T10:50:39.535+0000] {processor.py:840} INFO - DAG(s) 'weekly_summary_pipeline' retrieved from /opt/airflow/dags/weekly_summary_pipeline.py
[2026-04-06T10:50:39.580+0000] {logging_mixin.py:188} INFO - [2026-04-06T10:50:39.579+0000] {dag.py:3036} INFO - Sync 1 DAGs
[2026-04-06T10:50:39.607+0000] {logging_mixin.py:188} INFO - [2026-04-06T10:50:39.607+0000] {dag.py:3823} INFO - Setting next_dagrun for weekly_summary_pipeline to 2026-04-06 06:00:00+00:00, run_after=2026-04-13 06:00:00+00:00
[2026-04-06T10:50:39.635+0000] {processor.py:183} INFO - Processing /opt/airflow/dags/weekly_summary_pipeline.py took 0.139 seconds
[2026-04-06T10:51:09.922+0000] {processor.py:161} INFO - Started process (PID=9826) to work on /opt/airflow/dags/weekly_summary_pipeline.py
[2026-04-06T10:51:09.925+0000] {processor.py:830} INFO - Processing file /opt/airflow/dags/weekly_summary_pipeline.py for tasks to queue
[2026-04-06T10:51:09.927+0000] {logging_mixin.py:188} INFO - [2026-04-06T10:51:09.926+0000] {dagbag.py:538} INFO - Filling up the DagBag from /opt/airflow/dags/weekly_summary_pipeline.py
[2026-04-06T10:51:09.977+0000] {processor.py:840} INFO - DAG(s) 'weekly_summary_pipeline' retrieved from /opt/airflow/dags/weekly_summary_pipeline.py
[2026-04-06T10:51:10.039+0000] {logging_mixin.py:188} INFO - [2026-04-06T10:51:10.039+0000] {dag.py:3036} INFO - Sync 1 DAGs
[2026-04-06T10:51:10.076+0000] {logging_mixin.py:188} INFO - [2026-04-06T10:51:10.076+0000] {dag.py:3823} INFO - Setting next_dagrun for weekly_summary_pipeline to 2026-04-06 06:00:00+00:00, run_after=2026-04-13 06:00:00+00:00
[2026-04-06T10:51:10.137+0000] {processor.py:183} INFO - Processing /opt/airflow/dags/weekly_summary_pipeline.py took 0.221 seconds
[2026-04-06T10:51:40.358+0000] {processor.py:161} INFO - Started process (PID=9850) to work on /opt/airflow/dags/weekly_summary_pipeline.py
[2026-04-06T10:51:40.360+0000] {processor.py:830} INFO - Processing file /opt/airflow/dags/weekly_summary_pipeline.py for tasks to queue
[2026-04-06T10:51:40.362+0000] {logging_mixin.py:188} INFO - [2026-04-06T10:51:40.361+0000] {dagbag.py:538} INFO - Filling up the DagBag from /opt/airflow/dags/weekly_summary_pipeline.py
[2026-04-06T10:51:40.409+0000] {processor.py:840} INFO - DAG(s) 'weekly_summary_pipeline' retrieved from /opt/airflow/dags/weekly_summary_pipeline.py
[2026-04-06T10:51:40.464+0000] {logging_mixin.py:188} INFO - [2026-04-06T10:51:40.464+0000] {dag.py:3036} INFO - Sync 1 DAGs
[2026-04-06T10:51:40.519+0000] {logging_mixin.py:188} INFO - [2026-04-06T10:51:40.518+0000] {dag.py:3823} INFO - Setting next_dagrun for weekly_summary_pipeline to 2026-04-06 06:00:00+00:00, run_after=2026-04-13 06:00:00+00:00
[2026-04-06T10:51:40.576+0000] {processor.py:183} INFO - Processing /opt/airflow/dags/weekly_summary_pipeline.py took 0.223 seconds
[2026-04-06T10:52:10.663+0000] {processor.py:161} INFO - Started process (PID=9873) to work on /opt/airflow/dags/weekly_summary_pipeline.py
[2026-04-06T10:52:10.665+0000] {processor.py:830} INFO - Processing file /opt/airflow/dags/weekly_summary_pipeline.py for tasks to queue
[2026-04-06T10:52:10.667+0000] {logging_mixin.py:188} INFO - [2026-04-06T10:52:10.667+0000] {dagbag.py:538} INFO - Filling up the DagBag from /opt/airflow/dags/weekly_summary_pipeline.py
[2026-04-06T10:52:10.730+0000] {processor.py:840} INFO - DAG(s) 'weekly_summary_pipeline' retrieved from /opt/airflow/dags/weekly_summary_pipeline.py
[2026-04-06T10:52:10.820+0000] {logging_mixin.py:188} INFO - [2026-04-06T10:52:10.819+0000] {dag.py:3036} INFO - Sync 1 DAGs
[2026-04-06T10:52:10.877+0000] {logging_mixin.py:188} INFO - [2026-04-06T10:52:10.877+0000] {dag.py:3823} INFO - Setting next_dagrun for weekly_summary_pipeline to 2026-04-06 06:00:00+00:00, run_after=2026-04-13 06:00:00+00:00
[2026-04-06T10:52:10.946+0000] {processor.py:183} INFO - Processing /opt/airflow/dags/weekly_summary_pipeline.py took 0.287 seconds
[2026-04-06T10:52:41.195+0000] {processor.py:161} INFO - Started process (PID=9891) to work on /opt/airflow/dags/weekly_summary_pipeline.py
[2026-04-06T10:52:41.200+0000] {processor.py:830} INFO - Processing file /opt/airflow/dags/weekly_summary_pipeline.py for tasks to queue
[2026-04-06T10:52:41.206+0000] {logging_mixin.py:188} INFO - [2026-04-06T10:52:41.205+0000] {dagbag.py:538} INFO - Filling up the DagBag from /opt/airflow/dags/weekly_summary_pipeline.py
[2026-04-06T10:52:41.267+0000] {processor.py:840} INFO - DAG(s) 'weekly_summary_pipeline' retrieved from /opt/airflow/dags/weekly_summary_pipeline.py
[2026-04-06T10:52:41.329+0000] {logging_mixin.py:188} INFO - [2026-04-06T10:52:41.329+0000] {dag.py:3036} INFO - Sync 1 DAGs
[2026-04-06T10:52:41.358+0000] {logging_mixin.py:188} INFO - [2026-04-06T10:52:41.358+0000] {dag.py:3823} INFO - Setting next_dagrun for weekly_summary_pipeline to 2026-04-06 06:00:00+00:00, run_after=2026-04-13 06:00:00+00:00
[2026-04-06T10:52:41.384+0000] {processor.py:183} INFO - Processing /opt/airflow/dags/weekly_summary_pipeline.py took 0.196 seconds
[2026-04-06T10:53:12.155+0000] {processor.py:161} INFO - Started process (PID=9915) to work on /opt/airflow/dags/weekly_summary_pipeline.py
[2026-04-06T10:53:12.157+0000] {processor.py:830} INFO - Processing file /opt/airflow/dags/weekly_summary_pipeline.py for tasks to queue
[2026-04-06T10:53:12.159+0000] {logging_mixin.py:188} INFO - [2026-04-06T10:53:12.159+0000] {dagbag.py:538} INFO - Filling up the DagBag from /opt/airflow/dags/weekly_summary_pipeline.py
[2026-04-06T10:53:12.215+0000] {processor.py:840} INFO - DAG(s) 'weekly_summary_pipeline' retrieved from /opt/airflow/dags/weekly_summary_pipeline.py
[2026-04-06T10:53:12.258+0000] {logging_mixin.py:188} INFO - [2026-04-06T10:53:12.258+0000] {dag.py:3036} INFO - Sync 1 DAGs
[2026-04-06T10:53:12.292+0000] {logging_mixin.py:188} INFO - [2026-04-06T10:53:12.292+0000] {dag.py:3823} INFO - Setting next_dagrun for weekly_summary_pipeline to 2026-04-06 06:00:00+00:00, run_after=2026-04-13 06:00:00+00:00
[2026-04-06T10:53:12.327+0000] {processor.py:183} INFO - Processing /opt/airflow/dags/weekly_summary_pipeline.py took 0.177 seconds
[2026-04-06T10:53:43.181+0000] {processor.py:161} INFO - Started process (PID=9938) to work on /opt/airflow/dags/weekly_summary_pipeline.py
[2026-04-06T10:53:43.183+0000] {processor.py:830} INFO - Processing file /opt/airflow/dags/weekly_summary_pipeline.py for tasks to queue
[2026-04-06T10:53:43.185+0000] {logging_mixin.py:188} INFO - [2026-04-06T10:53:43.184+0000] {dagbag.py:538} INFO - Filling up the DagBag from /opt/airflow/dags/weekly_summary_pipeline.py
[2026-04-06T10:53:43.227+0000] {processor.py:840} INFO - DAG(s) 'weekly_summary_pipeline' retrieved from /opt/airflow/dags/weekly_summary_pipeline.py
[2026-04-06T10:53:43.268+0000] {logging_mixin.py:188} INFO - [2026-04-06T10:53:43.268+0000] {dag.py:3036} INFO - Sync 1 DAGs
[2026-04-06T10:53:43.303+0000] {logging_mixin.py:188} INFO - [2026-04-06T10:53:43.303+0000] {dag.py:3823} INFO - Setting next_dagrun for weekly_summary_pipeline to 2026-04-06 06:00:00+00:00, run_after=2026-04-13 06:00:00+00:00
[2026-04-06T10:53:43.420+0000] {processor.py:183} INFO - Processing /opt/airflow/dags/weekly_summary_pipeline.py took 0.245 seconds
[2026-04-06T10:54:14.294+0000] {processor.py:161} INFO - Started process (PID=9961) to work on /opt/airflow/dags/weekly_summary_pipeline.py
[2026-04-06T10:54:14.298+0000] {processor.py:830} INFO - Processing file /opt/airflow/dags/weekly_summary_pipeline.py for tasks to queue
[2026-04-06T10:54:14.302+0000] {logging_mixin.py:188} INFO - [2026-04-06T10:54:14.301+0000] {dagbag.py:538} INFO - Filling up the DagBag from /opt/airflow/dags/weekly_summary_pipeline.py
[2026-04-06T10:54:14.350+0000] {processor.py:840} INFO - DAG(s) 'weekly_summary_pipeline' retrieved from /opt/airflow/dags/weekly_summary_pipeline.py
[2026-04-06T10:54:14.393+0000] {logging_mixin.py:188} INFO - [2026-04-06T10:54:14.393+0000] {dag.py:3036} INFO - Sync 1 DAGs
[2026-04-06T10:54:14.428+0000] {logging_mixin.py:188} INFO - [2026-04-06T10:54:14.427+0000] {dag.py:3823} INFO - Setting next_dagrun for weekly_summary_pipeline to 2026-04-06 06:00:00+00:00, run_after=2026-04-13 06:00:00+00:00
[2026-04-06T10:54:14.460+0000] {processor.py:183} INFO - Processing /opt/airflow/dags/weekly_summary_pipeline.py took 0.173 seconds
[2026-04-06T10:54:44.814+0000] {processor.py:161} INFO - Started process (PID=9981) to work on /opt/airflow/dags/weekly_summary_pipeline.py
[2026-04-06T10:54:44.815+0000] {processor.py:830} INFO - Processing file /opt/airflow/dags/weekly_summary_pipeline.py for tasks to queue
[2026-04-06T10:54:44.817+0000] {logging_mixin.py:188} INFO - [2026-04-06T10:54:44.817+0000] {dagbag.py:538} INFO - Filling up the DagBag from /opt/airflow/dags/weekly_summary_pipeline.py
[2026-04-06T10:54:44.898+0000] {processor.py:840} INFO - DAG(s) 'weekly_summary_pipeline' retrieved from /opt/airflow/dags/weekly_summary_pipeline.py
[2026-04-06T10:54:44.935+0000] {logging_mixin.py:188} INFO - [2026-04-06T10:54:44.935+0000] {dag.py:3036} INFO - Sync 1 DAGs
[2026-04-06T10:54:44.965+0000] {logging_mixin.py:188} INFO - [2026-04-06T10:54:44.965+0000] {dag.py:3823} INFO - Setting next_dagrun for weekly_summary_pipeline to 2026-04-06 06:00:00+00:00, run_after=2026-04-13 06:00:00+00:00
[2026-04-06T10:54:45.012+0000] {processor.py:183} INFO - Processing /opt/airflow/dags/weekly_summary_pipeline.py took 0.202 seconds
[2026-04-06T10:55:15.259+0000] {processor.py:161} INFO - Started process (PID=9998) to work on /opt/airflow/dags/weekly_summary_pipeline.py
[2026-04-06T10:55:15.260+0000] {processor.py:830} INFO - Processing file /opt/airflow/dags/weekly_summary_pipeline.py for tasks to queue
[2026-04-06T10:55:15.262+0000] {logging_mixin.py:188} INFO - [2026-04-06T10:55:15.261+0000] {dagbag.py:538} INFO - Filling up the DagBag from /opt/airflow/dags/weekly_summary_pipeline.py
[2026-04-06T10:55:15.295+0000] {processor.py:840} INFO - DAG(s) 'weekly_summary_pipeline' retrieved from /opt/airflow/dags/weekly_summary_pipeline.py
[2026-04-06T10:55:15.341+0000] {logging_mixin.py:188} INFO - [2026-04-06T10:55:15.340+0000] {dag.py:3036} INFO - Sync 1 DAGs
[2026-04-06T10:55:15.373+0000] {logging_mixin.py:188} INFO - [2026-04-06T10:55:15.373+0000] {dag.py:3823} INFO - Setting next_dagrun for weekly_summary_pipeline to 2026-04-06 06:00:00+00:00, run_after=2026-04-13 06:00:00+00:00
[2026-04-06T10:55:15.403+0000] {processor.py:183} INFO - Processing /opt/airflow/dags/weekly_summary_pipeline.py took 0.149 seconds
[2026-04-06T10:55:46.308+0000] {processor.py:161} INFO - Started process (PID=10021) to work on /opt/airflow/dags/weekly_summary_pipeline.py
[2026-04-06T10:55:46.310+0000] {processor.py:830} INFO - Processing file /opt/airflow/dags/weekly_summary_pipeline.py for tasks to queue
[2026-04-06T10:55:46.313+0000] {logging_mixin.py:188} INFO - [2026-04-06T10:55:46.312+0000] {dagbag.py:538} INFO - Filling up the DagBag from /opt/airflow/dags/weekly_summary_pipeline.py
[2026-04-06T10:55:46.372+0000] {processor.py:840} INFO - DAG(s) 'weekly_summary_pipeline' retrieved from /opt/airflow/dags/weekly_summary_pipeline.py
[2026-04-06T10:55:46.422+0000] {logging_mixin.py:188} INFO - [2026-04-06T10:55:46.422+0000] {dag.py:3036} INFO - Sync 1 DAGs
[2026-04-06T10:55:46.458+0000] {logging_mixin.py:188} INFO - [2026-04-06T10:55:46.458+0000] {dag.py:3823} INFO - Setting next_dagrun for weekly_summary_pipeline to 2026-04-06 06:00:00+00:00, run_after=2026-04-13 06:00:00+00:00
[2026-04-06T10:55:46.491+0000] {processor.py:183} INFO - Processing /opt/airflow/dags/weekly_summary_pipeline.py took 0.189 seconds
[2026-04-06T10:56:17.300+0000] {processor.py:161} INFO - Started process (PID=10044) to work on /opt/airflow/dags/weekly_summary_pipeline.py
[2026-04-06T10:56:17.302+0000] {processor.py:830} INFO - Processing file /opt/airflow/dags/weekly_summary_pipeline.py for tasks to queue
[2026-04-06T10:56:17.307+0000] {logging_mixin.py:188} INFO - [2026-04-06T10:56:17.305+0000] {dagbag.py:538} INFO - Filling up the DagBag from /opt/airflow/dags/weekly_summary_pipeline.py
[2026-04-06T10:56:17.386+0000] {processor.py:840} INFO - DAG(s) 'weekly_summary_pipeline' retrieved from /opt/airflow/dags/weekly_summary_pipeline.py
[2026-04-06T10:56:17.448+0000] {logging_mixin.py:188} INFO - [2026-04-06T10:56:17.448+0000] {dag.py:3036} INFO - Sync 1 DAGs
[2026-04-06T10:56:17.489+0000] {logging_mixin.py:188} INFO - [2026-04-06T10:56:17.488+0000] {dag.py:3823} INFO - Setting next_dagrun for weekly_summary_pipeline to 2026-04-06 06:00:00+00:00, run_after=2026-04-13 06:00:00+00:00
[2026-04-06T10:56:17.518+0000] {processor.py:183} INFO - Processing /opt/airflow/dags/weekly_summary_pipeline.py took 0.222 seconds
[2026-04-06T10:56:47.662+0000] {processor.py:161} INFO - Started process (PID=10067) to work on /opt/airflow/dags/weekly_summary_pipeline.py
[2026-04-06T10:56:47.663+0000] {processor.py:830} INFO - Processing file /opt/airflow/dags/weekly_summary_pipeline.py for tasks to queue
[2026-04-06T10:56:47.664+0000] {logging_mixin.py:188} INFO - [2026-04-06T10:56:47.664+0000] {dagbag.py:538} INFO - Filling up the DagBag from /opt/airflow/dags/weekly_summary_pipeline.py
[2026-04-06T10:56:47.694+0000] {processor.py:840} INFO - DAG(s) 'weekly_summary_pipeline' retrieved from /opt/airflow/dags/weekly_summary_pipeline.py
[2026-04-06T10:56:47.736+0000] {logging_mixin.py:188} INFO - [2026-04-06T10:56:47.736+0000] {dag.py:3036} INFO - Sync 1 DAGs
[2026-04-06T10:56:47.771+0000] {logging_mixin.py:188} INFO - [2026-04-06T10:56:47.770+0000] {dag.py:3823} INFO - Setting next_dagrun for weekly_summary_pipeline to 2026-04-06 06:00:00+00:00, run_after=2026-04-13 06:00:00+00:00
[2026-04-06T10:56:47.808+0000] {processor.py:183} INFO - Processing /opt/airflow/dags/weekly_summary_pipeline.py took 0.150 seconds
[2026-04-06T10:57:18.584+0000] {processor.py:161} INFO - Started process (PID=10090) to work on /opt/airflow/dags/weekly_summary_pipeline.py
[2026-04-06T10:57:18.586+0000] {processor.py:830} INFO - Processing file /opt/airflow/dags/weekly_summary_pipeline.py for tasks to queue
[2026-04-06T10:57:18.589+0000] {logging_mixin.py:188} INFO - [2026-04-06T10:57:18.588+0000] {dagbag.py:538} INFO - Filling up the DagBag from /opt/airflow/dags/weekly_summary_pipeline.py
[2026-04-06T10:57:18.649+0000] {processor.py:840} INFO - DAG(s) 'weekly_summary_pipeline' retrieved from /opt/airflow/dags/weekly_summary_pipeline.py
[2026-04-06T10:57:18.719+0000] {logging_mixin.py:188} INFO - [2026-04-06T10:57:18.719+0000] {dag.py:3036} INFO - Sync 1 DAGs
[2026-04-06T10:57:18.778+0000] {logging_mixin.py:188} INFO - [2026-04-06T10:57:18.777+0000] {dag.py:3823} INFO - Setting next_dagrun for weekly_summary_pipeline to 2026-04-06 06:00:00+00:00, run_after=2026-04-13 06:00:00+00:00
[2026-04-06T10:57:18.826+0000] {processor.py:183} INFO - Processing /opt/airflow/dags/weekly_summary_pipeline.py took 0.249 seconds
[2026-04-06T10:57:49.046+0000] {processor.py:161} INFO - Started process (PID=10113) to work on /opt/airflow/dags/weekly_summary_pipeline.py
[2026-04-06T10:57:49.050+0000] {processor.py:830} INFO - Processing file /opt/airflow/dags/weekly_summary_pipeline.py for tasks to queue
[2026-04-06T10:57:49.054+0000] {logging_mixin.py:188} INFO - [2026-04-06T10:57:49.053+0000] {dagbag.py:538} INFO - Filling up the DagBag from /opt/airflow/dags/weekly_summary_pipeline.py
[2026-04-06T10:57:48.743+0000] {processor.py:840} INFO - DAG(s) 'weekly_summary_pipeline' retrieved from /opt/airflow/dags/weekly_summary_pipeline.py
[2026-04-06T10:57:48.858+0000] {logging_mixin.py:188} INFO - [2026-04-06T10:57:48.857+0000] {dag.py:3036} INFO - Sync 1 DAGs
[2026-04-06T10:57:48.912+0000] {logging_mixin.py:188} INFO - [2026-04-06T10:57:48.911+0000] {dag.py:3823} INFO - Setting next_dagrun for weekly_summary_pipeline to 2026-04-06 06:00:00+00:00, run_after=2026-04-13 06:00:00+00:00
[2026-04-06T10:57:50.298+0000] {processor.py:183} INFO - Processing /opt/airflow/dags/weekly_summary_pipeline.py took 2.126 seconds
[2026-04-06T10:58:20.516+0000] {processor.py:161} INFO - Started process (PID=10141) to work on /opt/airflow/dags/weekly_summary_pipeline.py
[2026-04-06T10:58:20.518+0000] {processor.py:830} INFO - Processing file /opt/airflow/dags/weekly_summary_pipeline.py for tasks to queue
[2026-04-06T10:58:20.519+0000] {logging_mixin.py:188} INFO - [2026-04-06T10:58:20.519+0000] {dagbag.py:538} INFO - Filling up the DagBag from /opt/airflow/dags/weekly_summary_pipeline.py
[2026-04-06T10:58:20.568+0000] {processor.py:840} INFO - DAG(s) 'weekly_summary_pipeline' retrieved from /opt/airflow/dags/weekly_summary_pipeline.py
[2026-04-06T10:58:20.615+0000] {logging_mixin.py:188} INFO - [2026-04-06T10:58:20.615+0000] {dag.py:3036} INFO - Sync 1 DAGs
[2026-04-06T10:58:20.665+0000] {logging_mixin.py:188} INFO - [2026-04-06T10:58:20.665+0000] {dag.py:3823} INFO - Setting next_dagrun for weekly_summary_pipeline to 2026-04-06 06:00:00+00:00, run_after=2026-04-13 06:00:00+00:00
[2026-04-06T10:58:20.704+0000] {processor.py:183} INFO - Processing /opt/airflow/dags/weekly_summary_pipeline.py took 0.192 seconds
[2026-04-06T10:58:51.076+0000] {processor.py:161} INFO - Started process (PID=10165) to work on /opt/airflow/dags/weekly_summary_pipeline.py
[2026-04-06T10:58:51.082+0000] {processor.py:830} INFO - Processing file /opt/airflow/dags/weekly_summary_pipeline.py for tasks to queue
[2026-04-06T10:58:51.088+0000] {logging_mixin.py:188} INFO - [2026-04-06T10:58:51.086+0000] {dagbag.py:538} INFO - Filling up the DagBag from /opt/airflow/dags/weekly_summary_pipeline.py
[2026-04-06T10:58:51.181+0000] {processor.py:840} INFO - DAG(s) 'weekly_summary_pipeline' retrieved from /opt/airflow/dags/weekly_summary_pipeline.py
[2026-04-06T10:58:51.235+0000] {logging_mixin.py:188} INFO - [2026-04-06T10:58:51.234+0000] {dag.py:3036} INFO - Sync 1 DAGs
[2026-04-06T10:58:51.274+0000] {logging_mixin.py:188} INFO - [2026-04-06T10:58:51.274+0000] {dag.py:3823} INFO - Setting next_dagrun for weekly_summary_pipeline to 2026-04-06 06:00:00+00:00, run_after=2026-04-13 06:00:00+00:00
[2026-04-06T10:58:51.318+0000] {processor.py:183} INFO - Processing /opt/airflow/dags/weekly_summary_pipeline.py took 0.249 seconds
[2026-04-06T10:59:21.667+0000] {processor.py:161} INFO - Started process (PID=10188) to work on /opt/airflow/dags/weekly_summary_pipeline.py
[2026-04-06T10:59:21.673+0000] {processor.py:830} INFO - Processing file /opt/airflow/dags/weekly_summary_pipeline.py for tasks to queue
[2026-04-06T10:59:21.677+0000] {logging_mixin.py:188} INFO - [2026-04-06T10:59:21.676+0000] {dagbag.py:538} INFO - Filling up the DagBag from /opt/airflow/dags/weekly_summary_pipeline.py
[2026-04-06T10:59:21.782+0000] {processor.py:840} INFO - DAG(s) 'weekly_summary_pipeline' retrieved from /opt/airflow/dags/weekly_summary_pipeline.py
[2026-04-06T10:59:21.831+0000] {logging_mixin.py:188} INFO - [2026-04-06T10:59:21.831+0000] {dag.py:3036} INFO - Sync 1 DAGs
[2026-04-06T10:59:21.872+0000] {logging_mixin.py:188} INFO - [2026-04-06T10:59:21.872+0000] {dag.py:3823} INFO - Setting next_dagrun for weekly_summary_pipeline to 2026-04-06 06:00:00+00:00, run_after=2026-04-13 06:00:00+00:00
[2026-04-06T10:59:21.920+0000] {processor.py:183} INFO - Processing /opt/airflow/dags/weekly_summary_pipeline.py took 0.264 seconds
[2026-04-06T10:59:52.011+0000] {processor.py:161} INFO - Started process (PID=10211) to work on /opt/airflow/dags/weekly_summary_pipeline.py
[2026-04-06T10:59:52.013+0000] {processor.py:830} INFO - Processing file /opt/airflow/dags/weekly_summary_pipeline.py for tasks to queue
[2026-04-06T10:59:52.015+0000] {logging_mixin.py:188} INFO - [2026-04-06T10:59:52.015+0000] {dagbag.py:538} INFO - Filling up the DagBag from /opt/airflow/dags/weekly_summary_pipeline.py
[2026-04-06T10:59:52.056+0000] {processor.py:840} INFO - DAG(s) 'weekly_summary_pipeline' retrieved from /opt/airflow/dags/weekly_summary_pipeline.py
[2026-04-06T10:59:52.116+0000] {logging_mixin.py:188} INFO - [2026-04-06T10:59:52.115+0000] {dag.py:3036} INFO - Sync 1 DAGs
[2026-04-06T10:59:52.178+0000] {logging_mixin.py:188} INFO - [2026-04-06T10:59:52.178+0000] {dag.py:3823} INFO - Setting next_dagrun for weekly_summary_pipeline to 2026-04-06 06:00:00+00:00, run_after=2026-04-13 06:00:00+00:00
[2026-04-06T10:59:52.215+0000] {processor.py:183} INFO - Processing /opt/airflow/dags/weekly_summary_pipeline.py took 0.208 seconds
[2026-04-06T11:00:22.416+0000] {processor.py:161} INFO - Started process (PID=10234) to work on /opt/airflow/dags/weekly_summary_pipeline.py
[2026-04-06T11:00:22.419+0000] {processor.py:830} INFO - Processing file /opt/airflow/dags/weekly_summary_pipeline.py for tasks to queue
[2026-04-06T11:00:22.424+0000] {logging_mixin.py:188} INFO - [2026-04-06T11:00:22.422+0000] {dagbag.py:538} INFO - Filling up the DagBag from /opt/airflow/dags/weekly_summary_pipeline.py
[2026-04-06T11:00:22.516+0000] {processor.py:840} INFO - DAG(s) 'weekly_summary_pipeline' retrieved from /opt/airflow/dags/weekly_summary_pipeline.py
[2026-04-06T11:00:22.572+0000] {logging_mixin.py:188} INFO - [2026-04-06T11:00:22.572+0000] {dag.py:3036} INFO - Sync 1 DAGs
[2026-04-06T11:00:22.623+0000] {logging_mixin.py:188} INFO - [2026-04-06T11:00:22.622+0000] {dag.py:3823} INFO - Setting next_dagrun for weekly_summary_pipeline to 2026-04-06 06:00:00+00:00, run_after=2026-04-13 06:00:00+00:00
[2026-04-06T11:00:22.653+0000] {processor.py:183} INFO - Processing /opt/airflow/dags/weekly_summary_pipeline.py took 0.245 seconds
[2026-04-06T11:00:53.487+0000] {processor.py:161} INFO - Started process (PID=10257) to work on /opt/airflow/dags/weekly_summary_pipeline.py
[2026-04-06T11:00:53.490+0000] {processor.py:830} INFO - Processing file /opt/airflow/dags/weekly_summary_pipeline.py for tasks to queue
[2026-04-06T11:00:53.492+0000] {logging_mixin.py:188} INFO - [2026-04-06T11:00:53.491+0000] {dagbag.py:538} INFO - Filling up the DagBag from /opt/airflow/dags/weekly_summary_pipeline.py
[2026-04-06T11:00:53.552+0000] {processor.py:840} INFO - DAG(s) 'weekly_summary_pipeline' retrieved from /opt/airflow/dags/weekly_summary_pipeline.py
[2026-04-06T11:00:53.602+0000] {logging_mixin.py:188} INFO - [2026-04-06T11:00:53.601+0000] {dag.py:3036} INFO - Sync 1 DAGs
[2026-04-06T11:00:53.650+0000] {logging_mixin.py:188} INFO - [2026-04-06T11:00:53.649+0000] {dag.py:3823} INFO - Setting next_dagrun for weekly_summary_pipeline to 2026-04-06 06:00:00+00:00, run_after=2026-04-13 06:00:00+00:00
[2026-04-06T11:00:53.684+0000] {processor.py:183} INFO - Processing /opt/airflow/dags/weekly_summary_pipeline.py took 0.206 seconds
[2026-04-06T11:01:24.416+0000] {processor.py:161} INFO - Started process (PID=10280) to work on /opt/airflow/dags/weekly_summary_pipeline.py
[2026-04-06T11:01:24.418+0000] {processor.py:830} INFO - Processing file /opt/airflow/dags/weekly_summary_pipeline.py for tasks to queue
[2026-04-06T11:01:24.420+0000] {logging_mixin.py:188} INFO - [2026-04-06T11:01:24.419+0000] {dagbag.py:538} INFO - Filling up the DagBag from /opt/airflow/dags/weekly_summary_pipeline.py
[2026-04-06T11:01:24.473+0000] {processor.py:840} INFO - DAG(s) 'weekly_summary_pipeline' retrieved from /opt/airflow/dags/weekly_summary_pipeline.py
[2026-04-06T11:01:24.524+0000] {logging_mixin.py:188} INFO - [2026-04-06T11:01:24.523+0000] {dag.py:3036} INFO - Sync 1 DAGs
[2026-04-06T11:01:24.577+0000] {logging_mixin.py:188} INFO - [2026-04-06T11:01:24.577+0000] {dag.py:3823} INFO - Setting next_dagrun for weekly_summary_pipeline to 2026-04-06 06:00:00+00:00, run_after=2026-04-13 06:00:00+00:00
[2026-04-06T11:01:24.618+0000] {processor.py:183} INFO - Processing /opt/airflow/dags/weekly_summary_pipeline.py took 0.208 seconds
[2026-04-06T11:01:54.757+0000] {processor.py:161} INFO - Started process (PID=10295) to work on /opt/airflow/dags/weekly_summary_pipeline.py
[2026-04-06T11:01:54.761+0000] {processor.py:830} INFO - Processing file /opt/airflow/dags/weekly_summary_pipeline.py for tasks to queue
[2026-04-06T11:01:54.764+0000] {logging_mixin.py:188} INFO - [2026-04-06T11:01:54.763+0000] {dagbag.py:538} INFO - Filling up the DagBag from /opt/airflow/dags/weekly_summary_pipeline.py
[2026-04-06T11:01:54.862+0000] {processor.py:840} INFO - DAG(s) 'weekly_summary_pipeline' retrieved from /opt/airflow/dags/weekly_summary_pipeline.py
[2026-04-06T11:01:54.930+0000] {logging_mixin.py:188} INFO - [2026-04-06T11:01:54.929+0000] {dag.py:3036} INFO - Sync 1 DAGs
[2026-04-06T11:01:54.970+0000] {logging_mixin.py:188} INFO - [2026-04-06T11:01:54.969+0000] {dag.py:3823} INFO - Setting next_dagrun for weekly_summary_pipeline to 2026-04-06 06:00:00+00:00, run_after=2026-04-13 06:00:00+00:00
[2026-04-06T11:01:55.003+0000] {processor.py:183} INFO - Processing /opt/airflow/dags/weekly_summary_pipeline.py took 0.255 seconds
[2026-04-06T11:02:25.427+0000] {processor.py:161} INFO - Started process (PID=10318) to work on /opt/airflow/dags/weekly_summary_pipeline.py
[2026-04-06T11:02:25.431+0000] {processor.py:830} INFO - Processing file /opt/airflow/dags/weekly_summary_pipeline.py for tasks to queue
[2026-04-06T11:02:25.435+0000] {logging_mixin.py:188} INFO - [2026-04-06T11:02:25.434+0000] {dagbag.py:538} INFO - Filling up the DagBag from /opt/airflow/dags/weekly_summary_pipeline.py
[2026-04-06T11:02:25.504+0000] {processor.py:840} INFO - DAG(s) 'weekly_summary_pipeline' retrieved from /opt/airflow/dags/weekly_summary_pipeline.py
[2026-04-06T11:02:25.561+0000] {logging_mixin.py:188} INFO - [2026-04-06T11:02:25.560+0000] {dag.py:3036} INFO - Sync 1 DAGs
[2026-04-06T11:02:25.599+0000] {logging_mixin.py:188} INFO - [2026-04-06T11:02:25.599+0000] {dag.py:3823} INFO - Setting next_dagrun for weekly_summary_pipeline to 2026-04-06 06:00:00+00:00, run_after=2026-04-13 06:00:00+00:00
[2026-04-06T11:02:25.956+0000] {processor.py:183} INFO - Processing /opt/airflow/dags/weekly_summary_pipeline.py took 0.542 seconds
[2026-04-06T11:02:56.712+0000] {processor.py:161} INFO - Started process (PID=10341) to work on /opt/airflow/dags/weekly_summary_pipeline.py
[2026-04-06T11:02:56.714+0000] {processor.py:830} INFO - Processing file /opt/airflow/dags/weekly_summary_pipeline.py for tasks to queue
[2026-04-06T11:02:56.716+0000] {logging_mixin.py:188} INFO - [2026-04-06T11:02:56.715+0000] {dagbag.py:538} INFO - Filling up the DagBag from /opt/airflow/dags/weekly_summary_pipeline.py
[2026-04-06T11:02:56.782+0000] {processor.py:840} INFO - DAG(s) 'weekly_summary_pipeline' retrieved from /opt/airflow/dags/weekly_summary_pipeline.py
[2026-04-06T11:02:56.832+0000] {logging_mixin.py:188} INFO - [2026-04-06T11:02:56.832+0000] {dag.py:3036} INFO - Sync 1 DAGs
[2026-04-06T11:02:56.880+0000] {logging_mixin.py:188} INFO - [2026-04-06T11:02:56.879+0000] {dag.py:3823} INFO - Setting next_dagrun for weekly_summary_pipeline to 2026-04-06 06:00:00+00:00, run_after=2026-04-13 06:00:00+00:00
[2026-04-06T11:02:56.916+0000] {processor.py:183} INFO - Processing /opt/airflow/dags/weekly_summary_pipeline.py took 0.211 seconds
[2026-04-06T11:03:27.135+0000] {processor.py:161} INFO - Started process (PID=10367) to work on /opt/airflow/dags/weekly_summary_pipeline.py
[2026-04-06T11:03:27.139+0000] {processor.py:830} INFO - Processing file /opt/airflow/dags/weekly_summary_pipeline.py for tasks to queue
[2026-04-06T11:03:27.142+0000] {logging_mixin.py:188} INFO - [2026-04-06T11:03:27.141+0000] {dagbag.py:538} INFO - Filling up the DagBag from /opt/airflow/dags/weekly_summary_pipeline.py
[2026-04-06T11:03:27.218+0000] {processor.py:840} INFO - DAG(s) 'weekly_summary_pipeline' retrieved from /opt/airflow/dags/weekly_summary_pipeline.py
[2026-04-06T11:03:27.341+0000] {logging_mixin.py:188} INFO - [2026-04-06T11:03:27.340+0000] {dag.py:3036} INFO - Sync 1 DAGs
[2026-04-06T11:03:27.394+0000] {logging_mixin.py:188} INFO - [2026-04-06T11:03:27.393+0000] {dag.py:3823} INFO - Setting next_dagrun for weekly_summary_pipeline to 2026-04-06 06:00:00+00:00, run_after=2026-04-13 06:00:00+00:00
[2026-04-06T11:03:27.439+0000] {processor.py:183} INFO - Processing /opt/airflow/dags/weekly_summary_pipeline.py took 0.315 seconds
[2026-04-06T11:03:57.662+0000] {processor.py:161} INFO - Started process (PID=10586) to work on /opt/airflow/dags/weekly_summary_pipeline.py
[2026-04-06T11:03:57.665+0000] {processor.py:830} INFO - Processing file /opt/airflow/dags/weekly_summary_pipeline.py for tasks to queue
[2026-04-06T11:03:57.668+0000] {logging_mixin.py:188} INFO - [2026-04-06T11:03:57.667+0000] {dagbag.py:538} INFO - Filling up the DagBag from /opt/airflow/dags/weekly_summary_pipeline.py
[2026-04-06T11:03:57.746+0000] {processor.py:840} INFO - DAG(s) 'weekly_summary_pipeline' retrieved from /opt/airflow/dags/weekly_summary_pipeline.py
[2026-04-06T11:03:57.828+0000] {logging_mixin.py:188} INFO - [2026-04-06T11:03:57.828+0000] {dag.py:3036} INFO - Sync 1 DAGs
[2026-04-06T11:03:57.895+0000] {logging_mixin.py:188} INFO - [2026-04-06T11:03:57.895+0000] {dag.py:3823} INFO - Setting next_dagrun for weekly_summary_pipeline to 2026-04-06 06:00:00+00:00, run_after=2026-04-13 06:00:00+00:00
[2026-04-06T11:03:57.944+0000] {processor.py:183} INFO - Processing /opt/airflow/dags/weekly_summary_pipeline.py took 0.291 seconds
[2026-04-06T11:04:28.977+0000] {processor.py:161} INFO - Started process (PID=10609) to work on /opt/airflow/dags/weekly_summary_pipeline.py
[2026-04-06T11:04:28.980+0000] {processor.py:830} INFO - Processing file /opt/airflow/dags/weekly_summary_pipeline.py for tasks to queue
[2026-04-06T11:04:28.984+0000] {logging_mixin.py:188} INFO - [2026-04-06T11:04:28.983+0000] {dagbag.py:538} INFO - Filling up the DagBag from /opt/airflow/dags/weekly_summary_pipeline.py
[2026-04-06T11:04:29.051+0000] {processor.py:840} INFO - DAG(s) 'weekly_summary_pipeline' retrieved from /opt/airflow/dags/weekly_summary_pipeline.py
[2026-04-06T11:04:29.113+0000] {logging_mixin.py:188} INFO - [2026-04-06T11:04:29.112+0000] {dag.py:3036} INFO - Sync 1 DAGs
[2026-04-06T11:04:29.165+0000] {logging_mixin.py:188} INFO - [2026-04-06T11:04:29.164+0000] {dag.py:3823} INFO - Setting next_dagrun for weekly_summary_pipeline to 2026-04-06 06:00:00+00:00, run_after=2026-04-13 06:00:00+00:00
[2026-04-06T11:04:29.228+0000] {processor.py:183} INFO - Processing /opt/airflow/dags/weekly_summary_pipeline.py took 0.256 seconds
[2026-04-06T11:04:59.359+0000] {processor.py:161} INFO - Started process (PID=10632) to work on /opt/airflow/dags/weekly_summary_pipeline.py
[2026-04-06T11:04:59.362+0000] {processor.py:830} INFO - Processing file /opt/airflow/dags/weekly_summary_pipeline.py for tasks to queue
[2026-04-06T11:04:59.365+0000] {logging_mixin.py:188} INFO - [2026-04-06T11:04:59.364+0000] {dagbag.py:538} INFO - Filling up the DagBag from /opt/airflow/dags/weekly_summary_pipeline.py
[2026-04-06T11:04:59.433+0000] {processor.py:840} INFO - DAG(s) 'weekly_summary_pipeline' retrieved from /opt/airflow/dags/weekly_summary_pipeline.py
[2026-04-06T11:04:59.517+0000] {logging_mixin.py:188} INFO - [2026-04-06T11:04:59.516+0000] {dag.py:3036} INFO - Sync 1 DAGs
[2026-04-06T11:04:59.582+0000] {logging_mixin.py:188} INFO - [2026-04-06T11:04:59.581+0000] {dag.py:3823} INFO - Setting next_dagrun for weekly_summary_pipeline to 2026-04-06 06:00:00+00:00, run_after=2026-04-13 06:00:00+00:00
[2026-04-06T11:04:59.620+0000] {processor.py:183} INFO - Processing /opt/airflow/dags/weekly_summary_pipeline.py took 0.268 seconds
[2026-04-06T11:05:29.797+0000] {processor.py:161} INFO - Started process (PID=10655) to work on /opt/airflow/dags/weekly_summary_pipeline.py
[2026-04-06T11:05:29.799+0000] {processor.py:830} INFO - Processing file /opt/airflow/dags/weekly_summary_pipeline.py for tasks to queue
[2026-04-06T11:05:29.801+0000] {logging_mixin.py:188} INFO - [2026-04-06T11:05:29.800+0000] {dagbag.py:538} INFO - Filling up the DagBag from /opt/airflow/dags/weekly_summary_pipeline.py
[2026-04-06T11:05:29.846+0000] {processor.py:840} INFO - DAG(s) 'weekly_summary_pipeline' retrieved from /opt/airflow/dags/weekly_summary_pipeline.py
[2026-04-06T11:05:29.896+0000] {logging_mixin.py:188} INFO - [2026-04-06T11:05:29.895+0000] {dag.py:3036} INFO - Sync 1 DAGs
[2026-04-06T11:05:29.942+0000] {logging_mixin.py:188} INFO - [2026-04-06T11:05:29.942+0000] {dag.py:3823} INFO - Setting next_dagrun for weekly_summary_pipeline to 2026-04-06 06:00:00+00:00, run_after=2026-04-13 06:00:00+00:00
[2026-04-06T11:05:29.985+0000] {processor.py:183} INFO - Processing /opt/airflow/dags/weekly_summary_pipeline.py took 0.192 seconds
[2026-04-06T11:06:00.453+0000] {processor.py:161} INFO - Started process (PID=10679) to work on /opt/airflow/dags/weekly_summary_pipeline.py
[2026-04-06T11:06:00.456+0000] {processor.py:830} INFO - Processing file /opt/airflow/dags/weekly_summary_pipeline.py for tasks to queue
[2026-04-06T11:06:00.458+0000] {logging_mixin.py:188} INFO - [2026-04-06T11:06:00.457+0000] {dagbag.py:538} INFO - Filling up the DagBag from /opt/airflow/dags/weekly_summary_pipeline.py
[2026-04-06T11:06:00.526+0000] {processor.py:840} INFO - DAG(s) 'weekly_summary_pipeline' retrieved from /opt/airflow/dags/weekly_summary_pipeline.py
[2026-04-06T11:06:00.580+0000] {logging_mixin.py:188} INFO - [2026-04-06T11:06:00.580+0000] {dag.py:3036} INFO - Sync 1 DAGs
[2026-04-06T11:06:00.646+0000] {logging_mixin.py:188} INFO - [2026-04-06T11:06:00.645+0000] {dag.py:3823} INFO - Setting next_dagrun for weekly_summary_pipeline to 2026-04-06 06:00:00+00:00, run_after=2026-04-13 06:00:00+00:00
[2026-04-06T11:06:00.706+0000] {processor.py:183} INFO - Processing /opt/airflow/dags/weekly_summary_pipeline.py took 0.264 seconds
[2026-04-06T11:06:31.668+0000] {processor.py:161} INFO - Started process (PID=10702) to work on /opt/airflow/dags/weekly_summary_pipeline.py
[2026-04-06T11:06:31.669+0000] {processor.py:830} INFO - Processing file /opt/airflow/dags/weekly_summary_pipeline.py for tasks to queue
[2026-04-06T11:06:31.671+0000] {logging_mixin.py:188} INFO - [2026-04-06T11:06:31.671+0000] {dagbag.py:538} INFO - Filling up the DagBag from /opt/airflow/dags/weekly_summary_pipeline.py
[2026-04-06T11:06:31.742+0000] {processor.py:840} INFO - DAG(s) 'weekly_summary_pipeline' retrieved from /opt/airflow/dags/weekly_summary_pipeline.py
[2026-04-06T11:06:31.810+0000] {logging_mixin.py:188} INFO - [2026-04-06T11:06:31.809+0000] {dag.py:3036} INFO - Sync 1 DAGs
[2026-04-06T11:06:31.906+0000] {logging_mixin.py:188} INFO - [2026-04-06T11:06:31.905+0000] {dag.py:3823} INFO - Setting next_dagrun for weekly_summary_pipeline to 2026-04-06 06:00:00+00:00, run_after=2026-04-13 06:00:00+00:00
[2026-04-06T11:06:31.954+0000] {processor.py:183} INFO - Processing /opt/airflow/dags/weekly_summary_pipeline.py took 0.291 seconds
[2026-04-06T11:07:02.801+0000] {processor.py:161} INFO - Started process (PID=10725) to work on /opt/airflow/dags/weekly_summary_pipeline.py
[2026-04-06T11:07:02.804+0000] {processor.py:830} INFO - Processing file /opt/airflow/dags/weekly_summary_pipeline.py for tasks to queue
[2026-04-06T11:07:02.807+0000] {logging_mixin.py:188} INFO - [2026-04-06T11:07:02.806+0000] {dagbag.py:538} INFO - Filling up the DagBag from /opt/airflow/dags/weekly_summary_pipeline.py
[2026-04-06T11:07:02.855+0000] {processor.py:840} INFO - DAG(s) 'weekly_summary_pipeline' retrieved from /opt/airflow/dags/weekly_summary_pipeline.py
[2026-04-06T11:07:02.903+0000] {logging_mixin.py:188} INFO - [2026-04-06T11:07:02.902+0000] {dag.py:3036} INFO - Sync 1 DAGs
[2026-04-06T11:07:02.943+0000] {logging_mixin.py:188} INFO - [2026-04-06T11:07:02.943+0000] {dag.py:3823} INFO - Setting next_dagrun for weekly_summary_pipeline to 2026-04-06 06:00:00+00:00, run_after=2026-04-13 06:00:00+00:00
[2026-04-06T11:07:02.975+0000] {processor.py:183} INFO - Processing /opt/airflow/dags/weekly_summary_pipeline.py took 0.182 seconds
[2026-04-06T11:07:33.293+0000] {processor.py:161} INFO - Started process (PID=10748) to work on /opt/airflow/dags/weekly_summary_pipeline.py
[2026-04-06T11:07:33.296+0000] {processor.py:830} INFO - Processing file /opt/airflow/dags/weekly_summary_pipeline.py for tasks to queue
[2026-04-06T11:07:33.298+0000] {logging_mixin.py:188} INFO - [2026-04-06T11:07:33.297+0000] {dagbag.py:538} INFO - Filling up the DagBag from /opt/airflow/dags/weekly_summary_pipeline.py
[2026-04-06T11:07:33.345+0000] {processor.py:840} INFO - DAG(s) 'weekly_summary_pipeline' retrieved from /opt/airflow/dags/weekly_summary_pipeline.py
[2026-04-06T11:07:33.392+0000] {logging_mixin.py:188} INFO - [2026-04-06T11:07:33.391+0000] {dag.py:3036} INFO - Sync 1 DAGs
[2026-04-06T11:07:33.646+0000] {logging_mixin.py:188} INFO - [2026-04-06T11:07:33.646+0000] {dag.py:3823} INFO - Setting next_dagrun for weekly_summary_pipeline to 2026-04-06 06:00:00+00:00, run_after=2026-04-13 06:00:00+00:00
[2026-04-06T11:07:33.688+0000] {processor.py:183} INFO - Processing /opt/airflow/dags/weekly_summary_pipeline.py took 0.401 seconds
[2026-04-06T11:08:04.050+0000] {processor.py:161} INFO - Started process (PID=10763) to work on /opt/airflow/dags/weekly_summary_pipeline.py
[2026-04-06T11:08:04.054+0000] {processor.py:830} INFO - Processing file /opt/airflow/dags/weekly_summary_pipeline.py for tasks to queue
[2026-04-06T11:08:04.058+0000] {logging_mixin.py:188} INFO - [2026-04-06T11:08:04.057+0000] {dagbag.py:538} INFO - Filling up the DagBag from /opt/airflow/dags/weekly_summary_pipeline.py
[2026-04-06T11:08:04.158+0000] {processor.py:840} INFO - DAG(s) 'weekly_summary_pipeline' retrieved from /opt/airflow/dags/weekly_summary_pipeline.py
[2026-04-06T11:08:04.249+0000] {logging_mixin.py:188} INFO - [2026-04-06T11:08:04.248+0000] {dag.py:3036} INFO - Sync 1 DAGs
[2026-04-06T11:08:04.291+0000] {logging_mixin.py:188} INFO - [2026-04-06T11:08:04.290+0000] {dag.py:3823} INFO - Setting next_dagrun for weekly_summary_pipeline to 2026-04-06 06:00:00+00:00, run_after=2026-04-13 06:00:00+00:00
[2026-04-06T11:08:04.321+0000] {processor.py:183} INFO - Processing /opt/airflow/dags/weekly_summary_pipeline.py took 0.286 seconds
[2026-04-06T11:08:35.326+0000] {processor.py:161} INFO - Started process (PID=10786) to work on /opt/airflow/dags/weekly_summary_pipeline.py
[2026-04-06T11:08:35.329+0000] {processor.py:830} INFO - Processing file /opt/airflow/dags/weekly_summary_pipeline.py for tasks to queue
[2026-04-06T11:08:35.331+0000] {logging_mixin.py:188} INFO - [2026-04-06T11:08:35.330+0000] {dagbag.py:538} INFO - Filling up the DagBag from /opt/airflow/dags/weekly_summary_pipeline.py
[2026-04-06T11:08:35.387+0000] {processor.py:840} INFO - DAG(s) 'weekly_summary_pipeline' retrieved from /opt/airflow/dags/weekly_summary_pipeline.py
[2026-04-06T11:08:35.438+0000] {logging_mixin.py:188} INFO - [2026-04-06T11:08:35.438+0000] {dag.py:3036} INFO - Sync 1 DAGs
[2026-04-06T11:08:35.490+0000] {logging_mixin.py:188} INFO - [2026-04-06T11:08:35.489+0000] {dag.py:3823} INFO - Setting next_dagrun for weekly_summary_pipeline to 2026-04-06 06:00:00+00:00, run_after=2026-04-13 06:00:00+00:00
[2026-04-06T11:08:35.540+0000] {processor.py:183} INFO - Processing /opt/airflow/dags/weekly_summary_pipeline.py took 0.221 seconds
