[2026-04-05T03:27:09.874+0000] {processor.py:161} INFO - Started process (PID=183) to work on /opt/airflow/dags/daily_student_pipeline.py
[2026-04-05T03:27:09.876+0000] {processor.py:830} INFO - Processing file /opt/airflow/dags/daily_student_pipeline.py for tasks to queue
[2026-04-05T03:27:09.879+0000] {logging_mixin.py:188} INFO - [2026-04-05T03:27:09.879+0000] {dagbag.py:538} INFO - Filling up the DagBag from /opt/airflow/dags/daily_student_pipeline.py
[2026-04-05T03:27:09.962+0000] {processor.py:840} INFO - DAG(s) 'daily_student_pipeline' retrieved from /opt/airflow/dags/daily_student_pipeline.py
[2026-04-05T03:27:10.084+0000] {logging_mixin.py:188} INFO - [2026-04-05T03:27:10.083+0000] {dag.py:3036} INFO - Sync 1 DAGs
[2026-04-05T03:27:10.144+0000] {logging_mixin.py:188} INFO - [2026-04-05T03:27:10.144+0000] {dag.py:3823} INFO - Setting next_dagrun for daily_student_pipeline to 2026-04-05 02:00:00+00:00, run_after=2026-04-06 02:00:00+00:00
[2026-04-05T03:27:10.212+0000] {processor.py:183} INFO - Processing /opt/airflow/dags/daily_student_pipeline.py took 0.342 seconds
[2026-04-05T03:27:40.564+0000] {processor.py:161} INFO - Started process (PID=394) to work on /opt/airflow/dags/daily_student_pipeline.py
[2026-04-05T03:27:40.565+0000] {processor.py:830} INFO - Processing file /opt/airflow/dags/daily_student_pipeline.py for tasks to queue
[2026-04-05T03:27:40.568+0000] {logging_mixin.py:188} INFO - [2026-04-05T03:27:40.567+0000] {dagbag.py:538} INFO - Filling up the DagBag from /opt/airflow/dags/daily_student_pipeline.py
[2026-04-05T03:27:40.640+0000] {processor.py:840} INFO - DAG(s) 'daily_student_pipeline' retrieved from /opt/airflow/dags/daily_student_pipeline.py
[2026-04-05T03:27:40.662+0000] {logging_mixin.py:188} INFO - [2026-04-05T03:27:40.662+0000] {dag.py:3036} INFO - Sync 1 DAGs
[2026-04-05T03:27:40.740+0000] {logging_mixin.py:188} INFO - [2026-04-05T03:27:40.739+0000] {dag.py:3823} INFO - Setting next_dagrun for daily_student_pipeline to 2026-04-05 02:00:00+00:00, run_after=2026-04-06 02:00:00+00:00
[2026-04-05T03:27:40.771+0000] {processor.py:183} INFO - Processing /opt/airflow/dags/daily_student_pipeline.py took 0.211 seconds
[2026-04-05T03:28:11.050+0000] {processor.py:161} INFO - Started process (PID=417) to work on /opt/airflow/dags/daily_student_pipeline.py
[2026-04-05T03:28:11.051+0000] {processor.py:830} INFO - Processing file /opt/airflow/dags/daily_student_pipeline.py for tasks to queue
[2026-04-05T03:28:11.052+0000] {logging_mixin.py:188} INFO - [2026-04-05T03:28:11.052+0000] {dagbag.py:538} INFO - Filling up the DagBag from /opt/airflow/dags/daily_student_pipeline.py
[2026-04-05T03:28:11.073+0000] {processor.py:840} INFO - DAG(s) 'daily_student_pipeline' retrieved from /opt/airflow/dags/daily_student_pipeline.py
[2026-04-05T03:28:11.227+0000] {logging_mixin.py:188} INFO - [2026-04-05T03:28:11.227+0000] {dag.py:3036} INFO - Sync 1 DAGs
[2026-04-05T03:28:11.248+0000] {logging_mixin.py:188} INFO - [2026-04-05T03:28:11.247+0000] {dag.py:3823} INFO - Setting next_dagrun for daily_student_pipeline to 2026-04-05 02:00:00+00:00, run_after=2026-04-06 02:00:00+00:00
[2026-04-05T03:28:11.266+0000] {processor.py:183} INFO - Processing /opt/airflow/dags/daily_student_pipeline.py took 0.219 seconds
[2026-04-05T03:28:41.527+0000] {processor.py:161} INFO - Started process (PID=440) to work on /opt/airflow/dags/daily_student_pipeline.py
[2026-04-05T03:28:41.528+0000] {processor.py:830} INFO - Processing file /opt/airflow/dags/daily_student_pipeline.py for tasks to queue
[2026-04-05T03:28:41.529+0000] {logging_mixin.py:188} INFO - [2026-04-05T03:28:41.528+0000] {dagbag.py:538} INFO - Filling up the DagBag from /opt/airflow/dags/daily_student_pipeline.py
[2026-04-05T03:28:41.550+0000] {processor.py:840} INFO - DAG(s) 'daily_student_pipeline' retrieved from /opt/airflow/dags/daily_student_pipeline.py
[2026-04-05T03:28:41.580+0000] {logging_mixin.py:188} INFO - [2026-04-05T03:28:41.580+0000] {dag.py:3036} INFO - Sync 1 DAGs
[2026-04-05T03:28:41.608+0000] {logging_mixin.py:188} INFO - [2026-04-05T03:28:41.608+0000] {dag.py:3823} INFO - Setting next_dagrun for daily_student_pipeline to 2026-04-05 02:00:00+00:00, run_after=2026-04-06 02:00:00+00:00
[2026-04-05T03:28:41.631+0000] {processor.py:183} INFO - Processing /opt/airflow/dags/daily_student_pipeline.py took 0.107 seconds
[2026-04-05T03:29:03.914+0000] {processor.py:161} INFO - Started process (PID=463) to work on /opt/airflow/dags/daily_student_pipeline.py
[2026-04-05T03:29:03.915+0000] {processor.py:830} INFO - Processing file /opt/airflow/dags/daily_student_pipeline.py for tasks to queue
[2026-04-05T03:29:03.916+0000] {logging_mixin.py:188} INFO - [2026-04-05T03:29:03.916+0000] {dagbag.py:538} INFO - Filling up the DagBag from /opt/airflow/dags/daily_student_pipeline.py
[2026-04-05T03:29:03.942+0000] {processor.py:840} INFO - DAG(s) 'daily_student_pipeline' retrieved from /opt/airflow/dags/daily_student_pipeline.py
[2026-04-05T03:29:03.995+0000] {logging_mixin.py:188} INFO - [2026-04-05T03:29:03.995+0000] {dag.py:1508} INFO - Executing dag callback function: <function task_alert_failure at 0x719f61186f20>
[2026-04-05T03:29:03.996+0000] {logging_mixin.py:188} INFO - ============================================================
[2026-04-05T03:29:03.996+0000] {logging_mixin.py:188} INFO - PIPELINE FAILED!
[2026-04-05T03:29:03.996+0000] {logging_mixin.py:188} INFO - Task     : extract_data
[2026-04-05T03:29:03.997+0000] {logging_mixin.py:188} INFO - Loi      : None
[2026-04-05T03:29:03.997+0000] {logging_mixin.py:188} INFO - Log URL  : http://localhost:8080/log?execution_date=2026-04-04T02%3A00%3A00%2B00%3A00&task_id=extract_data&dag_id=daily_student_pipeline&map_index=-1
[2026-04-05T03:29:03.998+0000] {logging_mixin.py:188} INFO - ============================================================
[2026-04-05T03:29:04.012+0000] {logging_mixin.py:188} INFO - [2026-04-05T03:29:04.012+0000] {dag.py:3036} INFO - Sync 1 DAGs
[2026-04-05T03:29:04.029+0000] {logging_mixin.py:188} INFO - [2026-04-05T03:29:04.028+0000] {dag.py:3823} INFO - Setting next_dagrun for daily_student_pipeline to 2026-04-05 02:00:00+00:00, run_after=2026-04-06 02:00:00+00:00
[2026-04-05T03:29:04.047+0000] {processor.py:183} INFO - Processing /opt/airflow/dags/daily_student_pipeline.py took 0.136 seconds
[2026-04-05T03:29:34.215+0000] {processor.py:161} INFO - Started process (PID=486) to work on /opt/airflow/dags/daily_student_pipeline.py
[2026-04-05T03:29:34.217+0000] {processor.py:830} INFO - Processing file /opt/airflow/dags/daily_student_pipeline.py for tasks to queue
[2026-04-05T03:29:34.218+0000] {logging_mixin.py:188} INFO - [2026-04-05T03:29:34.217+0000] {dagbag.py:538} INFO - Filling up the DagBag from /opt/airflow/dags/daily_student_pipeline.py
[2026-04-05T03:29:34.237+0000] {processor.py:840} INFO - DAG(s) 'daily_student_pipeline' retrieved from /opt/airflow/dags/daily_student_pipeline.py
[2026-04-05T03:29:34.274+0000] {logging_mixin.py:188} INFO - [2026-04-05T03:29:34.274+0000] {dag.py:3036} INFO - Sync 1 DAGs
[2026-04-05T03:29:34.297+0000] {logging_mixin.py:188} INFO - [2026-04-05T03:29:34.297+0000] {dag.py:3823} INFO - Setting next_dagrun for daily_student_pipeline to 2026-04-05 02:00:00+00:00, run_after=2026-04-06 02:00:00+00:00
[2026-04-05T03:29:34.316+0000] {processor.py:183} INFO - Processing /opt/airflow/dags/daily_student_pipeline.py took 0.104 seconds
[2026-04-05T03:30:04.746+0000] {processor.py:161} INFO - Started process (PID=509) to work on /opt/airflow/dags/daily_student_pipeline.py
[2026-04-05T03:30:04.747+0000] {processor.py:830} INFO - Processing file /opt/airflow/dags/daily_student_pipeline.py for tasks to queue
[2026-04-05T03:30:04.748+0000] {logging_mixin.py:188} INFO - [2026-04-05T03:30:04.748+0000] {dagbag.py:538} INFO - Filling up the DagBag from /opt/airflow/dags/daily_student_pipeline.py
[2026-04-05T03:30:04.770+0000] {processor.py:840} INFO - DAG(s) 'daily_student_pipeline' retrieved from /opt/airflow/dags/daily_student_pipeline.py
[2026-04-05T03:30:04.805+0000] {logging_mixin.py:188} INFO - [2026-04-05T03:30:04.805+0000] {dag.py:3036} INFO - Sync 1 DAGs
[2026-04-05T03:30:04.829+0000] {logging_mixin.py:188} INFO - [2026-04-05T03:30:04.828+0000] {dag.py:3823} INFO - Setting next_dagrun for daily_student_pipeline to 2026-04-05 02:00:00+00:00, run_after=2026-04-06 02:00:00+00:00
[2026-04-05T03:30:04.848+0000] {processor.py:183} INFO - Processing /opt/airflow/dags/daily_student_pipeline.py took 0.105 seconds
[2026-04-05T03:30:35.288+0000] {processor.py:161} INFO - Started process (PID=533) to work on /opt/airflow/dags/daily_student_pipeline.py
[2026-04-05T03:30:35.289+0000] {processor.py:830} INFO - Processing file /opt/airflow/dags/daily_student_pipeline.py for tasks to queue
[2026-04-05T03:30:35.291+0000] {logging_mixin.py:188} INFO - [2026-04-05T03:30:35.290+0000] {dagbag.py:538} INFO - Filling up the DagBag from /opt/airflow/dags/daily_student_pipeline.py
[2026-04-05T03:30:35.320+0000] {processor.py:840} INFO - DAG(s) 'daily_student_pipeline' retrieved from /opt/airflow/dags/daily_student_pipeline.py
[2026-04-05T03:30:35.350+0000] {logging_mixin.py:188} INFO - [2026-04-05T03:30:35.350+0000] {dag.py:3036} INFO - Sync 1 DAGs
[2026-04-05T03:30:35.372+0000] {logging_mixin.py:188} INFO - [2026-04-05T03:30:35.372+0000] {dag.py:3823} INFO - Setting next_dagrun for daily_student_pipeline to 2026-04-05 02:00:00+00:00, run_after=2026-04-06 02:00:00+00:00
[2026-04-05T03:30:35.394+0000] {processor.py:183} INFO - Processing /opt/airflow/dags/daily_student_pipeline.py took 0.108 seconds
[2026-04-05T03:31:05.761+0000] {processor.py:161} INFO - Started process (PID=556) to work on /opt/airflow/dags/daily_student_pipeline.py
[2026-04-05T03:31:05.762+0000] {processor.py:830} INFO - Processing file /opt/airflow/dags/daily_student_pipeline.py for tasks to queue
[2026-04-05T03:31:05.765+0000] {logging_mixin.py:188} INFO - [2026-04-05T03:31:05.765+0000] {dagbag.py:538} INFO - Filling up the DagBag from /opt/airflow/dags/daily_student_pipeline.py
[2026-04-05T03:31:05.801+0000] {processor.py:840} INFO - DAG(s) 'daily_student_pipeline' retrieved from /opt/airflow/dags/daily_student_pipeline.py
[2026-04-05T03:31:05.832+0000] {logging_mixin.py:188} INFO - [2026-04-05T03:31:05.832+0000] {dag.py:3036} INFO - Sync 1 DAGs
[2026-04-05T03:31:05.854+0000] {logging_mixin.py:188} INFO - [2026-04-05T03:31:05.854+0000] {dag.py:3823} INFO - Setting next_dagrun for daily_student_pipeline to 2026-04-05 02:00:00+00:00, run_after=2026-04-06 02:00:00+00:00
[2026-04-05T03:31:05.876+0000] {processor.py:183} INFO - Processing /opt/airflow/dags/daily_student_pipeline.py took 0.118 seconds
[2026-04-05T03:31:36.178+0000] {processor.py:161} INFO - Started process (PID=579) to work on /opt/airflow/dags/daily_student_pipeline.py
[2026-04-05T03:31:36.179+0000] {processor.py:830} INFO - Processing file /opt/airflow/dags/daily_student_pipeline.py for tasks to queue
[2026-04-05T03:31:36.181+0000] {logging_mixin.py:188} INFO - [2026-04-05T03:31:36.180+0000] {dagbag.py:538} INFO - Filling up the DagBag from /opt/airflow/dags/daily_student_pipeline.py
[2026-04-05T03:31:36.211+0000] {processor.py:840} INFO - DAG(s) 'daily_student_pipeline' retrieved from /opt/airflow/dags/daily_student_pipeline.py
[2026-04-05T03:31:36.242+0000] {logging_mixin.py:188} INFO - [2026-04-05T03:31:36.242+0000] {dag.py:3036} INFO - Sync 1 DAGs
[2026-04-05T03:31:36.266+0000] {logging_mixin.py:188} INFO - [2026-04-05T03:31:36.266+0000] {dag.py:3823} INFO - Setting next_dagrun for daily_student_pipeline to 2026-04-05 02:00:00+00:00, run_after=2026-04-06 02:00:00+00:00
[2026-04-05T03:31:36.293+0000] {processor.py:183} INFO - Processing /opt/airflow/dags/daily_student_pipeline.py took 0.117 seconds
[2026-04-05T03:32:06.484+0000] {processor.py:161} INFO - Started process (PID=602) to work on /opt/airflow/dags/daily_student_pipeline.py
[2026-04-05T03:32:06.485+0000] {processor.py:830} INFO - Processing file /opt/airflow/dags/daily_student_pipeline.py for tasks to queue
[2026-04-05T03:32:06.487+0000] {logging_mixin.py:188} INFO - [2026-04-05T03:32:06.487+0000] {dagbag.py:538} INFO - Filling up the DagBag from /opt/airflow/dags/daily_student_pipeline.py
[2026-04-05T03:32:06.515+0000] {processor.py:840} INFO - DAG(s) 'daily_student_pipeline' retrieved from /opt/airflow/dags/daily_student_pipeline.py
[2026-04-05T03:32:06.546+0000] {logging_mixin.py:188} INFO - [2026-04-05T03:32:06.546+0000] {dag.py:3036} INFO - Sync 1 DAGs
[2026-04-05T03:32:06.568+0000] {logging_mixin.py:188} INFO - [2026-04-05T03:32:06.568+0000] {dag.py:3823} INFO - Setting next_dagrun for daily_student_pipeline to 2026-04-05 02:00:00+00:00, run_after=2026-04-06 02:00:00+00:00
[2026-04-05T03:32:06.587+0000] {processor.py:183} INFO - Processing /opt/airflow/dags/daily_student_pipeline.py took 0.107 seconds
[2026-04-05T03:32:36.886+0000] {processor.py:161} INFO - Started process (PID=625) to work on /opt/airflow/dags/daily_student_pipeline.py
[2026-04-05T03:32:36.888+0000] {processor.py:830} INFO - Processing file /opt/airflow/dags/daily_student_pipeline.py for tasks to queue
[2026-04-05T03:32:36.889+0000] {logging_mixin.py:188} INFO - [2026-04-05T03:32:36.889+0000] {dagbag.py:538} INFO - Filling up the DagBag from /opt/airflow/dags/daily_student_pipeline.py
[2026-04-05T03:32:36.911+0000] {processor.py:840} INFO - DAG(s) 'daily_student_pipeline' retrieved from /opt/airflow/dags/daily_student_pipeline.py
[2026-04-05T03:32:36.936+0000] {logging_mixin.py:188} INFO - [2026-04-05T03:32:36.936+0000] {dag.py:3036} INFO - Sync 1 DAGs
[2026-04-05T03:32:36.958+0000] {logging_mixin.py:188} INFO - [2026-04-05T03:32:36.958+0000] {dag.py:3823} INFO - Setting next_dagrun for daily_student_pipeline to 2026-04-05 02:00:00+00:00, run_after=2026-04-06 02:00:00+00:00
[2026-04-05T03:32:36.978+0000] {processor.py:183} INFO - Processing /opt/airflow/dags/daily_student_pipeline.py took 0.094 seconds
[2026-04-05T03:33:07.268+0000] {processor.py:161} INFO - Started process (PID=648) to work on /opt/airflow/dags/daily_student_pipeline.py
[2026-04-05T03:33:07.269+0000] {processor.py:830} INFO - Processing file /opt/airflow/dags/daily_student_pipeline.py for tasks to queue
[2026-04-05T03:33:07.270+0000] {logging_mixin.py:188} INFO - [2026-04-05T03:33:07.270+0000] {dagbag.py:538} INFO - Filling up the DagBag from /opt/airflow/dags/daily_student_pipeline.py
[2026-04-05T03:33:07.300+0000] {processor.py:840} INFO - DAG(s) 'daily_student_pipeline' retrieved from /opt/airflow/dags/daily_student_pipeline.py
[2026-04-05T03:33:07.335+0000] {logging_mixin.py:188} INFO - [2026-04-05T03:33:07.335+0000] {dag.py:3036} INFO - Sync 1 DAGs
[2026-04-05T03:33:07.361+0000] {logging_mixin.py:188} INFO - [2026-04-05T03:33:07.361+0000] {dag.py:3823} INFO - Setting next_dagrun for daily_student_pipeline to 2026-04-05 02:00:00+00:00, run_after=2026-04-06 02:00:00+00:00
[2026-04-05T03:33:07.393+0000] {processor.py:183} INFO - Processing /opt/airflow/dags/daily_student_pipeline.py took 0.130 seconds
[2026-04-05T03:33:37.827+0000] {processor.py:161} INFO - Started process (PID=663) to work on /opt/airflow/dags/daily_student_pipeline.py
[2026-04-05T03:33:37.828+0000] {processor.py:830} INFO - Processing file /opt/airflow/dags/daily_student_pipeline.py for tasks to queue
[2026-04-05T03:33:37.829+0000] {logging_mixin.py:188} INFO - [2026-04-05T03:33:37.829+0000] {dagbag.py:538} INFO - Filling up the DagBag from /opt/airflow/dags/daily_student_pipeline.py
[2026-04-05T03:33:37.848+0000] {processor.py:840} INFO - DAG(s) 'daily_student_pipeline' retrieved from /opt/airflow/dags/daily_student_pipeline.py
[2026-04-05T03:33:37.873+0000] {logging_mixin.py:188} INFO - [2026-04-05T03:33:37.873+0000] {dag.py:3036} INFO - Sync 1 DAGs
[2026-04-05T03:33:37.895+0000] {logging_mixin.py:188} INFO - [2026-04-05T03:33:37.895+0000] {dag.py:3823} INFO - Setting next_dagrun for daily_student_pipeline to 2026-04-05 02:00:00+00:00, run_after=2026-04-06 02:00:00+00:00
[2026-04-05T03:33:37.921+0000] {processor.py:183} INFO - Processing /opt/airflow/dags/daily_student_pipeline.py took 0.096 seconds
[2026-04-05T03:34:08.259+0000] {processor.py:161} INFO - Started process (PID=686) to work on /opt/airflow/dags/daily_student_pipeline.py
[2026-04-05T03:34:08.260+0000] {processor.py:830} INFO - Processing file /opt/airflow/dags/daily_student_pipeline.py for tasks to queue
[2026-04-05T03:34:08.261+0000] {logging_mixin.py:188} INFO - [2026-04-05T03:34:08.261+0000] {dagbag.py:538} INFO - Filling up the DagBag from /opt/airflow/dags/daily_student_pipeline.py
[2026-04-05T03:34:08.280+0000] {processor.py:840} INFO - DAG(s) 'daily_student_pipeline' retrieved from /opt/airflow/dags/daily_student_pipeline.py
[2026-04-05T03:34:08.306+0000] {logging_mixin.py:188} INFO - [2026-04-05T03:34:08.306+0000] {dag.py:3036} INFO - Sync 1 DAGs
[2026-04-05T03:34:08.328+0000] {logging_mixin.py:188} INFO - [2026-04-05T03:34:08.327+0000] {dag.py:3823} INFO - Setting next_dagrun for daily_student_pipeline to 2026-04-05 02:00:00+00:00, run_after=2026-04-06 02:00:00+00:00
[2026-04-05T03:34:08.349+0000] {processor.py:183} INFO - Processing /opt/airflow/dags/daily_student_pipeline.py took 0.094 seconds
[2026-04-05T03:34:38.686+0000] {processor.py:161} INFO - Started process (PID=709) to work on /opt/airflow/dags/daily_student_pipeline.py
[2026-04-05T03:34:38.688+0000] {processor.py:830} INFO - Processing file /opt/airflow/dags/daily_student_pipeline.py for tasks to queue
[2026-04-05T03:34:38.689+0000] {logging_mixin.py:188} INFO - [2026-04-05T03:34:38.689+0000] {dagbag.py:538} INFO - Filling up the DagBag from /opt/airflow/dags/daily_student_pipeline.py
[2026-04-05T03:34:38.713+0000] {processor.py:840} INFO - DAG(s) 'daily_student_pipeline' retrieved from /opt/airflow/dags/daily_student_pipeline.py
[2026-04-05T03:34:38.739+0000] {logging_mixin.py:188} INFO - [2026-04-05T03:34:38.739+0000] {dag.py:3036} INFO - Sync 1 DAGs
[2026-04-05T03:34:38.761+0000] {logging_mixin.py:188} INFO - [2026-04-05T03:34:38.761+0000] {dag.py:3823} INFO - Setting next_dagrun for daily_student_pipeline to 2026-04-05 02:00:00+00:00, run_after=2026-04-06 02:00:00+00:00
[2026-04-05T03:34:38.795+0000] {processor.py:183} INFO - Processing /opt/airflow/dags/daily_student_pipeline.py took 0.111 seconds
[2026-04-05T03:35:09.087+0000] {processor.py:161} INFO - Started process (PID=732) to work on /opt/airflow/dags/daily_student_pipeline.py
[2026-04-05T03:35:09.088+0000] {processor.py:830} INFO - Processing file /opt/airflow/dags/daily_student_pipeline.py for tasks to queue
[2026-04-05T03:35:09.089+0000] {logging_mixin.py:188} INFO - [2026-04-05T03:35:09.089+0000] {dagbag.py:538} INFO - Filling up the DagBag from /opt/airflow/dags/daily_student_pipeline.py
[2026-04-05T03:35:09.110+0000] {processor.py:840} INFO - DAG(s) 'daily_student_pipeline' retrieved from /opt/airflow/dags/daily_student_pipeline.py
[2026-04-05T03:35:09.135+0000] {logging_mixin.py:188} INFO - [2026-04-05T03:35:09.135+0000] {dag.py:3036} INFO - Sync 1 DAGs
[2026-04-05T03:35:09.154+0000] {logging_mixin.py:188} INFO - [2026-04-05T03:35:09.154+0000] {dag.py:3823} INFO - Setting next_dagrun for daily_student_pipeline to 2026-04-05 02:00:00+00:00, run_after=2026-04-06 02:00:00+00:00
[2026-04-05T03:35:09.176+0000] {processor.py:183} INFO - Processing /opt/airflow/dags/daily_student_pipeline.py took 0.091 seconds
[2026-04-05T03:35:39.538+0000] {processor.py:161} INFO - Started process (PID=755) to work on /opt/airflow/dags/daily_student_pipeline.py
[2026-04-05T03:35:39.540+0000] {processor.py:830} INFO - Processing file /opt/airflow/dags/daily_student_pipeline.py for tasks to queue
[2026-04-05T03:35:39.541+0000] {logging_mixin.py:188} INFO - [2026-04-05T03:35:39.541+0000] {dagbag.py:538} INFO - Filling up the DagBag from /opt/airflow/dags/daily_student_pipeline.py
[2026-04-05T03:35:39.560+0000] {processor.py:840} INFO - DAG(s) 'daily_student_pipeline' retrieved from /opt/airflow/dags/daily_student_pipeline.py
[2026-04-05T03:35:39.584+0000] {logging_mixin.py:188} INFO - [2026-04-05T03:35:39.584+0000] {dag.py:3036} INFO - Sync 1 DAGs
[2026-04-05T03:35:39.606+0000] {logging_mixin.py:188} INFO - [2026-04-05T03:35:39.605+0000] {dag.py:3823} INFO - Setting next_dagrun for daily_student_pipeline to 2026-04-05 02:00:00+00:00, run_after=2026-04-06 02:00:00+00:00
[2026-04-05T03:35:39.628+0000] {processor.py:183} INFO - Processing /opt/airflow/dags/daily_student_pipeline.py took 0.093 seconds
[2026-04-05T03:36:09.968+0000] {processor.py:161} INFO - Started process (PID=778) to work on /opt/airflow/dags/daily_student_pipeline.py
[2026-04-05T03:36:09.969+0000] {processor.py:830} INFO - Processing file /opt/airflow/dags/daily_student_pipeline.py for tasks to queue
[2026-04-05T03:36:09.970+0000] {logging_mixin.py:188} INFO - [2026-04-05T03:36:09.969+0000] {dagbag.py:538} INFO - Filling up the DagBag from /opt/airflow/dags/daily_student_pipeline.py
[2026-04-05T03:36:09.985+0000] {processor.py:840} INFO - DAG(s) 'daily_student_pipeline' retrieved from /opt/airflow/dags/daily_student_pipeline.py
[2026-04-05T03:36:10.009+0000] {logging_mixin.py:188} INFO - [2026-04-05T03:36:10.009+0000] {dag.py:3036} INFO - Sync 1 DAGs
[2026-04-05T03:36:10.029+0000] {logging_mixin.py:188} INFO - [2026-04-05T03:36:10.029+0000] {dag.py:3823} INFO - Setting next_dagrun for daily_student_pipeline to 2026-04-05 02:00:00+00:00, run_after=2026-04-06 02:00:00+00:00
[2026-04-05T03:36:10.056+0000] {processor.py:183} INFO - Processing /opt/airflow/dags/daily_student_pipeline.py took 0.090 seconds
[2026-04-05T03:36:40.390+0000] {processor.py:161} INFO - Started process (PID=801) to work on /opt/airflow/dags/daily_student_pipeline.py
[2026-04-05T03:36:40.391+0000] {processor.py:830} INFO - Processing file /opt/airflow/dags/daily_student_pipeline.py for tasks to queue
[2026-04-05T03:36:40.391+0000] {logging_mixin.py:188} INFO - [2026-04-05T03:36:40.391+0000] {dagbag.py:538} INFO - Filling up the DagBag from /opt/airflow/dags/daily_student_pipeline.py
[2026-04-05T03:36:40.409+0000] {processor.py:840} INFO - DAG(s) 'daily_student_pipeline' retrieved from /opt/airflow/dags/daily_student_pipeline.py
[2026-04-05T03:36:40.433+0000] {logging_mixin.py:188} INFO - [2026-04-05T03:36:40.433+0000] {dag.py:3036} INFO - Sync 1 DAGs
[2026-04-05T03:36:40.453+0000] {logging_mixin.py:188} INFO - [2026-04-05T03:36:40.453+0000] {dag.py:3823} INFO - Setting next_dagrun for daily_student_pipeline to 2026-04-05 02:00:00+00:00, run_after=2026-04-06 02:00:00+00:00
[2026-04-05T03:36:40.478+0000] {processor.py:183} INFO - Processing /opt/airflow/dags/daily_student_pipeline.py took 0.091 seconds
[2026-04-05T03:37:10.882+0000] {processor.py:161} INFO - Started process (PID=824) to work on /opt/airflow/dags/daily_student_pipeline.py
[2026-04-05T03:37:10.883+0000] {processor.py:830} INFO - Processing file /opt/airflow/dags/daily_student_pipeline.py for tasks to queue
[2026-04-05T03:37:10.884+0000] {logging_mixin.py:188} INFO - [2026-04-05T03:37:10.884+0000] {dagbag.py:538} INFO - Filling up the DagBag from /opt/airflow/dags/daily_student_pipeline.py
[2026-04-05T03:37:10.905+0000] {processor.py:840} INFO - DAG(s) 'daily_student_pipeline' retrieved from /opt/airflow/dags/daily_student_pipeline.py
[2026-04-05T03:37:10.929+0000] {logging_mixin.py:188} INFO - [2026-04-05T03:37:10.929+0000] {dag.py:3036} INFO - Sync 1 DAGs
[2026-04-05T03:37:10.949+0000] {logging_mixin.py:188} INFO - [2026-04-05T03:37:10.948+0000] {dag.py:3823} INFO - Setting next_dagrun for daily_student_pipeline to 2026-04-05 02:00:00+00:00, run_after=2026-04-06 02:00:00+00:00
[2026-04-05T03:37:10.969+0000] {processor.py:183} INFO - Processing /opt/airflow/dags/daily_student_pipeline.py took 0.089 seconds
[2026-04-05T03:37:41.334+0000] {processor.py:161} INFO - Started process (PID=847) to work on /opt/airflow/dags/daily_student_pipeline.py
[2026-04-05T03:37:41.335+0000] {processor.py:830} INFO - Processing file /opt/airflow/dags/daily_student_pipeline.py for tasks to queue
[2026-04-05T03:37:41.336+0000] {logging_mixin.py:188} INFO - [2026-04-05T03:37:41.336+0000] {dagbag.py:538} INFO - Filling up the DagBag from /opt/airflow/dags/daily_student_pipeline.py
[2026-04-05T03:37:41.355+0000] {processor.py:840} INFO - DAG(s) 'daily_student_pipeline' retrieved from /opt/airflow/dags/daily_student_pipeline.py
[2026-04-05T03:37:41.385+0000] {logging_mixin.py:188} INFO - [2026-04-05T03:37:41.384+0000] {dag.py:3036} INFO - Sync 1 DAGs
[2026-04-05T03:37:41.406+0000] {logging_mixin.py:188} INFO - [2026-04-05T03:37:41.406+0000] {dag.py:3823} INFO - Setting next_dagrun for daily_student_pipeline to 2026-04-05 02:00:00+00:00, run_after=2026-04-06 02:00:00+00:00
[2026-04-05T03:37:41.430+0000] {processor.py:183} INFO - Processing /opt/airflow/dags/daily_student_pipeline.py took 0.098 seconds
[2026-04-05T03:38:11.744+0000] {processor.py:161} INFO - Started process (PID=870) to work on /opt/airflow/dags/daily_student_pipeline.py
[2026-04-05T03:38:11.745+0000] {processor.py:830} INFO - Processing file /opt/airflow/dags/daily_student_pipeline.py for tasks to queue
[2026-04-05T03:38:11.746+0000] {logging_mixin.py:188} INFO - [2026-04-05T03:38:11.746+0000] {dagbag.py:538} INFO - Filling up the DagBag from /opt/airflow/dags/daily_student_pipeline.py
[2026-04-05T03:38:11.773+0000] {processor.py:840} INFO - DAG(s) 'daily_student_pipeline' retrieved from /opt/airflow/dags/daily_student_pipeline.py
[2026-04-05T03:38:11.814+0000] {logging_mixin.py:188} INFO - [2026-04-05T03:38:11.813+0000] {dag.py:3036} INFO - Sync 1 DAGs
[2026-04-05T03:38:11.847+0000] {logging_mixin.py:188} INFO - [2026-04-05T03:38:11.847+0000] {dag.py:3823} INFO - Setting next_dagrun for daily_student_pipeline to 2026-04-05 02:00:00+00:00, run_after=2026-04-06 02:00:00+00:00
[2026-04-05T03:38:11.873+0000] {processor.py:183} INFO - Processing /opt/airflow/dags/daily_student_pipeline.py took 0.131 seconds
[2026-04-05T03:38:42.190+0000] {processor.py:161} INFO - Started process (PID=893) to work on /opt/airflow/dags/daily_student_pipeline.py
[2026-04-05T03:38:42.191+0000] {processor.py:830} INFO - Processing file /opt/airflow/dags/daily_student_pipeline.py for tasks to queue
[2026-04-05T03:38:42.192+0000] {logging_mixin.py:188} INFO - [2026-04-05T03:38:42.191+0000] {dagbag.py:538} INFO - Filling up the DagBag from /opt/airflow/dags/daily_student_pipeline.py
[2026-04-05T03:38:42.212+0000] {processor.py:840} INFO - DAG(s) 'daily_student_pipeline' retrieved from /opt/airflow/dags/daily_student_pipeline.py
[2026-04-05T03:38:42.239+0000] {logging_mixin.py:188} INFO - [2026-04-05T03:38:42.239+0000] {dag.py:3036} INFO - Sync 1 DAGs
[2026-04-05T03:38:42.260+0000] {logging_mixin.py:188} INFO - [2026-04-05T03:38:42.260+0000] {dag.py:3823} INFO - Setting next_dagrun for daily_student_pipeline to 2026-04-05 02:00:00+00:00, run_after=2026-04-06 02:00:00+00:00
[2026-04-05T03:38:42.291+0000] {processor.py:183} INFO - Processing /opt/airflow/dags/daily_student_pipeline.py took 0.104 seconds
[2026-04-05T03:39:12.594+0000] {processor.py:161} INFO - Started process (PID=916) to work on /opt/airflow/dags/daily_student_pipeline.py
[2026-04-05T03:39:12.595+0000] {processor.py:830} INFO - Processing file /opt/airflow/dags/daily_student_pipeline.py for tasks to queue
[2026-04-05T03:39:12.596+0000] {logging_mixin.py:188} INFO - [2026-04-05T03:39:12.596+0000] {dagbag.py:538} INFO - Filling up the DagBag from /opt/airflow/dags/daily_student_pipeline.py
[2026-04-05T03:39:12.617+0000] {processor.py:840} INFO - DAG(s) 'daily_student_pipeline' retrieved from /opt/airflow/dags/daily_student_pipeline.py
[2026-04-05T03:39:12.643+0000] {logging_mixin.py:188} INFO - [2026-04-05T03:39:12.642+0000] {dag.py:3036} INFO - Sync 1 DAGs
[2026-04-05T03:39:12.664+0000] {logging_mixin.py:188} INFO - [2026-04-05T03:39:12.664+0000] {dag.py:3823} INFO - Setting next_dagrun for daily_student_pipeline to 2026-04-05 02:00:00+00:00, run_after=2026-04-06 02:00:00+00:00
[2026-04-05T03:39:12.685+0000] {processor.py:183} INFO - Processing /opt/airflow/dags/daily_student_pipeline.py took 0.094 seconds
[2026-04-05T03:39:43.234+0000] {processor.py:161} INFO - Started process (PID=939) to work on /opt/airflow/dags/daily_student_pipeline.py
[2026-04-05T03:39:43.235+0000] {processor.py:830} INFO - Processing file /opt/airflow/dags/daily_student_pipeline.py for tasks to queue
[2026-04-05T03:39:43.236+0000] {logging_mixin.py:188} INFO - [2026-04-05T03:39:43.235+0000] {dagbag.py:538} INFO - Filling up the DagBag from /opt/airflow/dags/daily_student_pipeline.py
[2026-04-05T03:39:43.252+0000] {processor.py:840} INFO - DAG(s) 'daily_student_pipeline' retrieved from /opt/airflow/dags/daily_student_pipeline.py
[2026-04-05T03:39:43.282+0000] {logging_mixin.py:188} INFO - [2026-04-05T03:39:43.282+0000] {dag.py:3036} INFO - Sync 1 DAGs
[2026-04-05T03:39:43.303+0000] {logging_mixin.py:188} INFO - [2026-04-05T03:39:43.303+0000] {dag.py:3823} INFO - Setting next_dagrun for daily_student_pipeline to 2026-04-05 02:00:00+00:00, run_after=2026-04-06 02:00:00+00:00
[2026-04-05T03:39:43.327+0000] {processor.py:183} INFO - Processing /opt/airflow/dags/daily_student_pipeline.py took 0.096 seconds
[2026-04-05T03:40:13.700+0000] {processor.py:161} INFO - Started process (PID=962) to work on /opt/airflow/dags/daily_student_pipeline.py
[2026-04-05T03:40:13.701+0000] {processor.py:830} INFO - Processing file /opt/airflow/dags/daily_student_pipeline.py for tasks to queue
[2026-04-05T03:40:13.702+0000] {logging_mixin.py:188} INFO - [2026-04-05T03:40:13.701+0000] {dagbag.py:538} INFO - Filling up the DagBag from /opt/airflow/dags/daily_student_pipeline.py
[2026-04-05T03:40:13.718+0000] {processor.py:840} INFO - DAG(s) 'daily_student_pipeline' retrieved from /opt/airflow/dags/daily_student_pipeline.py
[2026-04-05T03:40:13.744+0000] {logging_mixin.py:188} INFO - [2026-04-05T03:40:13.744+0000] {dag.py:3036} INFO - Sync 1 DAGs
[2026-04-05T03:40:13.766+0000] {logging_mixin.py:188} INFO - [2026-04-05T03:40:13.766+0000] {dag.py:3823} INFO - Setting next_dagrun for daily_student_pipeline to 2026-04-05 02:00:00+00:00, run_after=2026-04-06 02:00:00+00:00
[2026-04-05T03:40:13.795+0000] {processor.py:183} INFO - Processing /opt/airflow/dags/daily_student_pipeline.py took 0.098 seconds
[2026-04-05T03:40:44.119+0000] {processor.py:161} INFO - Started process (PID=985) to work on /opt/airflow/dags/daily_student_pipeline.py
[2026-04-05T03:40:44.120+0000] {processor.py:830} INFO - Processing file /opt/airflow/dags/daily_student_pipeline.py for tasks to queue
[2026-04-05T03:40:44.121+0000] {logging_mixin.py:188} INFO - [2026-04-05T03:40:44.121+0000] {dagbag.py:538} INFO - Filling up the DagBag from /opt/airflow/dags/daily_student_pipeline.py
[2026-04-05T03:40:44.142+0000] {processor.py:840} INFO - DAG(s) 'daily_student_pipeline' retrieved from /opt/airflow/dags/daily_student_pipeline.py
[2026-04-05T03:40:44.169+0000] {logging_mixin.py:188} INFO - [2026-04-05T03:40:44.169+0000] {dag.py:3036} INFO - Sync 1 DAGs
[2026-04-05T03:40:44.192+0000] {logging_mixin.py:188} INFO - [2026-04-05T03:40:44.191+0000] {dag.py:3823} INFO - Setting next_dagrun for daily_student_pipeline to 2026-04-05 02:00:00+00:00, run_after=2026-04-06 02:00:00+00:00
[2026-04-05T03:40:44.217+0000] {processor.py:183} INFO - Processing /opt/airflow/dags/daily_student_pipeline.py took 0.100 seconds
[2026-04-05T03:41:14.572+0000] {processor.py:161} INFO - Started process (PID=1007) to work on /opt/airflow/dags/daily_student_pipeline.py
[2026-04-05T03:41:14.574+0000] {processor.py:830} INFO - Processing file /opt/airflow/dags/daily_student_pipeline.py for tasks to queue
[2026-04-05T03:41:14.574+0000] {logging_mixin.py:188} INFO - [2026-04-05T03:41:14.574+0000] {dagbag.py:538} INFO - Filling up the DagBag from /opt/airflow/dags/daily_student_pipeline.py
[2026-04-05T03:41:14.595+0000] {processor.py:840} INFO - DAG(s) 'daily_student_pipeline' retrieved from /opt/airflow/dags/daily_student_pipeline.py
[2026-04-05T03:41:14.623+0000] {logging_mixin.py:188} INFO - [2026-04-05T03:41:14.623+0000] {dag.py:3036} INFO - Sync 1 DAGs
[2026-04-05T03:41:14.644+0000] {logging_mixin.py:188} INFO - [2026-04-05T03:41:14.644+0000] {dag.py:3823} INFO - Setting next_dagrun for daily_student_pipeline to 2026-04-05 02:00:00+00:00, run_after=2026-04-06 02:00:00+00:00
[2026-04-05T03:41:14.668+0000] {processor.py:183} INFO - Processing /opt/airflow/dags/daily_student_pipeline.py took 0.099 seconds
[2026-04-05T03:41:44.994+0000] {processor.py:161} INFO - Started process (PID=1030) to work on /opt/airflow/dags/daily_student_pipeline.py
[2026-04-05T03:41:44.995+0000] {processor.py:830} INFO - Processing file /opt/airflow/dags/daily_student_pipeline.py for tasks to queue
[2026-04-05T03:41:44.996+0000] {logging_mixin.py:188} INFO - [2026-04-05T03:41:44.996+0000] {dagbag.py:538} INFO - Filling up the DagBag from /opt/airflow/dags/daily_student_pipeline.py
[2026-04-05T03:41:45.016+0000] {processor.py:840} INFO - DAG(s) 'daily_student_pipeline' retrieved from /opt/airflow/dags/daily_student_pipeline.py
[2026-04-05T03:41:45.042+0000] {logging_mixin.py:188} INFO - [2026-04-05T03:41:45.042+0000] {dag.py:3036} INFO - Sync 1 DAGs
[2026-04-05T03:41:45.063+0000] {logging_mixin.py:188} INFO - [2026-04-05T03:41:45.062+0000] {dag.py:3823} INFO - Setting next_dagrun for daily_student_pipeline to 2026-04-05 02:00:00+00:00, run_after=2026-04-06 02:00:00+00:00
[2026-04-05T03:41:45.083+0000] {processor.py:183} INFO - Processing /opt/airflow/dags/daily_student_pipeline.py took 0.091 seconds
[2026-04-05T03:42:15.467+0000] {processor.py:161} INFO - Started process (PID=1053) to work on /opt/airflow/dags/daily_student_pipeline.py
[2026-04-05T03:42:15.469+0000] {processor.py:830} INFO - Processing file /opt/airflow/dags/daily_student_pipeline.py for tasks to queue
[2026-04-05T03:42:15.470+0000] {logging_mixin.py:188} INFO - [2026-04-05T03:42:15.469+0000] {dagbag.py:538} INFO - Filling up the DagBag from /opt/airflow/dags/daily_student_pipeline.py
[2026-04-05T03:42:15.491+0000] {processor.py:840} INFO - DAG(s) 'daily_student_pipeline' retrieved from /opt/airflow/dags/daily_student_pipeline.py
[2026-04-05T03:42:15.536+0000] {logging_mixin.py:188} INFO - [2026-04-05T03:42:15.535+0000] {dag.py:3036} INFO - Sync 1 DAGs
[2026-04-05T03:42:15.565+0000] {logging_mixin.py:188} INFO - [2026-04-05T03:42:15.564+0000] {dag.py:3823} INFO - Setting next_dagrun for daily_student_pipeline to 2026-04-05 02:00:00+00:00, run_after=2026-04-06 02:00:00+00:00
[2026-04-05T03:42:15.597+0000] {processor.py:183} INFO - Processing /opt/airflow/dags/daily_student_pipeline.py took 0.134 seconds
[2026-04-05T03:42:45.841+0000] {processor.py:161} INFO - Started process (PID=1068) to work on /opt/airflow/dags/daily_student_pipeline.py
[2026-04-05T03:42:45.842+0000] {processor.py:830} INFO - Processing file /opt/airflow/dags/daily_student_pipeline.py for tasks to queue
[2026-04-05T03:42:45.844+0000] {logging_mixin.py:188} INFO - [2026-04-05T03:42:45.843+0000] {dagbag.py:538} INFO - Filling up the DagBag from /opt/airflow/dags/daily_student_pipeline.py
[2026-04-05T03:42:45.877+0000] {processor.py:840} INFO - DAG(s) 'daily_student_pipeline' retrieved from /opt/airflow/dags/daily_student_pipeline.py
[2026-04-05T03:42:45.909+0000] {logging_mixin.py:188} INFO - [2026-04-05T03:42:45.909+0000] {dag.py:3036} INFO - Sync 1 DAGs
[2026-04-05T03:42:45.935+0000] {logging_mixin.py:188} INFO - [2026-04-05T03:42:45.935+0000] {dag.py:3823} INFO - Setting next_dagrun for daily_student_pipeline to 2026-04-05 02:00:00+00:00, run_after=2026-04-06 02:00:00+00:00
[2026-04-05T03:42:45.959+0000] {processor.py:183} INFO - Processing /opt/airflow/dags/daily_student_pipeline.py took 0.122 seconds
[2026-04-05T03:43:16.347+0000] {processor.py:161} INFO - Started process (PID=1091) to work on /opt/airflow/dags/daily_student_pipeline.py
[2026-04-05T03:43:16.348+0000] {processor.py:830} INFO - Processing file /opt/airflow/dags/daily_student_pipeline.py for tasks to queue
[2026-04-05T03:43:16.349+0000] {logging_mixin.py:188} INFO - [2026-04-05T03:43:16.348+0000] {dagbag.py:538} INFO - Filling up the DagBag from /opt/airflow/dags/daily_student_pipeline.py
[2026-04-05T03:43:16.367+0000] {processor.py:840} INFO - DAG(s) 'daily_student_pipeline' retrieved from /opt/airflow/dags/daily_student_pipeline.py
[2026-04-05T03:43:16.392+0000] {logging_mixin.py:188} INFO - [2026-04-05T03:43:16.392+0000] {dag.py:3036} INFO - Sync 1 DAGs
[2026-04-05T03:43:16.419+0000] {logging_mixin.py:188} INFO - [2026-04-05T03:43:16.418+0000] {dag.py:3823} INFO - Setting next_dagrun for daily_student_pipeline to 2026-04-05 02:00:00+00:00, run_after=2026-04-06 02:00:00+00:00
[2026-04-05T03:43:16.439+0000] {processor.py:183} INFO - Processing /opt/airflow/dags/daily_student_pipeline.py took 0.095 seconds
[2026-04-05T03:43:46.838+0000] {processor.py:161} INFO - Started process (PID=1114) to work on /opt/airflow/dags/daily_student_pipeline.py
[2026-04-05T03:43:46.839+0000] {processor.py:830} INFO - Processing file /opt/airflow/dags/daily_student_pipeline.py for tasks to queue
[2026-04-05T03:43:46.840+0000] {logging_mixin.py:188} INFO - [2026-04-05T03:43:46.840+0000] {dagbag.py:538} INFO - Filling up the DagBag from /opt/airflow/dags/daily_student_pipeline.py
[2026-04-05T03:43:46.858+0000] {processor.py:840} INFO - DAG(s) 'daily_student_pipeline' retrieved from /opt/airflow/dags/daily_student_pipeline.py
[2026-04-05T03:43:46.885+0000] {logging_mixin.py:188} INFO - [2026-04-05T03:43:46.885+0000] {dag.py:3036} INFO - Sync 1 DAGs
[2026-04-05T03:43:46.910+0000] {logging_mixin.py:188} INFO - [2026-04-05T03:43:46.909+0000] {dag.py:3823} INFO - Setting next_dagrun for daily_student_pipeline to 2026-04-05 02:00:00+00:00, run_after=2026-04-06 02:00:00+00:00
[2026-04-05T03:43:46.936+0000] {processor.py:183} INFO - Processing /opt/airflow/dags/daily_student_pipeline.py took 0.100 seconds
[2026-04-05T03:44:17.266+0000] {processor.py:161} INFO - Started process (PID=1137) to work on /opt/airflow/dags/daily_student_pipeline.py
[2026-04-05T03:44:17.267+0000] {processor.py:830} INFO - Processing file /opt/airflow/dags/daily_student_pipeline.py for tasks to queue
[2026-04-05T03:44:17.268+0000] {logging_mixin.py:188} INFO - [2026-04-05T03:44:17.268+0000] {dagbag.py:538} INFO - Filling up the DagBag from /opt/airflow/dags/daily_student_pipeline.py
[2026-04-05T03:44:17.286+0000] {processor.py:840} INFO - DAG(s) 'daily_student_pipeline' retrieved from /opt/airflow/dags/daily_student_pipeline.py
[2026-04-05T03:44:17.312+0000] {logging_mixin.py:188} INFO - [2026-04-05T03:44:17.312+0000] {dag.py:3036} INFO - Sync 1 DAGs
[2026-04-05T03:44:17.333+0000] {logging_mixin.py:188} INFO - [2026-04-05T03:44:17.333+0000] {dag.py:3823} INFO - Setting next_dagrun for daily_student_pipeline to 2026-04-05 02:00:00+00:00, run_after=2026-04-06 02:00:00+00:00
[2026-04-05T03:44:17.356+0000] {processor.py:183} INFO - Processing /opt/airflow/dags/daily_student_pipeline.py took 0.093 seconds
[2026-04-05T03:44:47.721+0000] {processor.py:161} INFO - Started process (PID=1160) to work on /opt/airflow/dags/daily_student_pipeline.py
[2026-04-05T03:44:47.722+0000] {processor.py:830} INFO - Processing file /opt/airflow/dags/daily_student_pipeline.py for tasks to queue
[2026-04-05T03:44:47.723+0000] {logging_mixin.py:188} INFO - [2026-04-05T03:44:47.722+0000] {dagbag.py:538} INFO - Filling up the DagBag from /opt/airflow/dags/daily_student_pipeline.py
[2026-04-05T03:44:47.743+0000] {processor.py:840} INFO - DAG(s) 'daily_student_pipeline' retrieved from /opt/airflow/dags/daily_student_pipeline.py
[2026-04-05T03:44:47.772+0000] {logging_mixin.py:188} INFO - [2026-04-05T03:44:47.772+0000] {dag.py:3036} INFO - Sync 1 DAGs
[2026-04-05T03:44:47.793+0000] {logging_mixin.py:188} INFO - [2026-04-05T03:44:47.793+0000] {dag.py:3823} INFO - Setting next_dagrun for daily_student_pipeline to 2026-04-05 02:00:00+00:00, run_after=2026-04-06 02:00:00+00:00
[2026-04-05T03:44:47.815+0000] {processor.py:183} INFO - Processing /opt/airflow/dags/daily_student_pipeline.py took 0.096 seconds
[2026-04-05T03:45:18.157+0000] {processor.py:161} INFO - Started process (PID=1183) to work on /opt/airflow/dags/daily_student_pipeline.py
[2026-04-05T03:45:18.158+0000] {processor.py:830} INFO - Processing file /opt/airflow/dags/daily_student_pipeline.py for tasks to queue
[2026-04-05T03:45:18.160+0000] {logging_mixin.py:188} INFO - [2026-04-05T03:45:18.159+0000] {dagbag.py:538} INFO - Filling up the DagBag from /opt/airflow/dags/daily_student_pipeline.py
[2026-04-05T03:45:18.186+0000] {processor.py:840} INFO - DAG(s) 'daily_student_pipeline' retrieved from /opt/airflow/dags/daily_student_pipeline.py
[2026-04-05T03:45:18.215+0000] {logging_mixin.py:188} INFO - [2026-04-05T03:45:18.215+0000] {dag.py:3036} INFO - Sync 1 DAGs
[2026-04-05T03:45:18.236+0000] {logging_mixin.py:188} INFO - [2026-04-05T03:45:18.236+0000] {dag.py:3823} INFO - Setting next_dagrun for daily_student_pipeline to 2026-04-05 02:00:00+00:00, run_after=2026-04-06 02:00:00+00:00
[2026-04-05T03:45:18.261+0000] {processor.py:183} INFO - Processing /opt/airflow/dags/daily_student_pipeline.py took 0.107 seconds
[2026-04-05T03:45:48.596+0000] {processor.py:161} INFO - Started process (PID=1206) to work on /opt/airflow/dags/daily_student_pipeline.py
[2026-04-05T03:45:48.597+0000] {processor.py:830} INFO - Processing file /opt/airflow/dags/daily_student_pipeline.py for tasks to queue
[2026-04-05T03:45:48.598+0000] {logging_mixin.py:188} INFO - [2026-04-05T03:45:48.598+0000] {dagbag.py:538} INFO - Filling up the DagBag from /opt/airflow/dags/daily_student_pipeline.py
[2026-04-05T03:45:48.622+0000] {processor.py:840} INFO - DAG(s) 'daily_student_pipeline' retrieved from /opt/airflow/dags/daily_student_pipeline.py
[2026-04-05T03:45:48.649+0000] {logging_mixin.py:188} INFO - [2026-04-05T03:45:48.649+0000] {dag.py:3036} INFO - Sync 1 DAGs
[2026-04-05T03:45:48.669+0000] {logging_mixin.py:188} INFO - [2026-04-05T03:45:48.668+0000] {dag.py:3823} INFO - Setting next_dagrun for daily_student_pipeline to 2026-04-05 02:00:00+00:00, run_after=2026-04-06 02:00:00+00:00
[2026-04-05T03:45:48.698+0000] {processor.py:183} INFO - Processing /opt/airflow/dags/daily_student_pipeline.py took 0.105 seconds
[2026-04-05T03:46:19.122+0000] {processor.py:161} INFO - Started process (PID=1229) to work on /opt/airflow/dags/daily_student_pipeline.py
[2026-04-05T03:46:19.123+0000] {processor.py:830} INFO - Processing file /opt/airflow/dags/daily_student_pipeline.py for tasks to queue
[2026-04-05T03:46:19.124+0000] {logging_mixin.py:188} INFO - [2026-04-05T03:46:19.124+0000] {dagbag.py:538} INFO - Filling up the DagBag from /opt/airflow/dags/daily_student_pipeline.py
[2026-04-05T03:46:19.145+0000] {processor.py:840} INFO - DAG(s) 'daily_student_pipeline' retrieved from /opt/airflow/dags/daily_student_pipeline.py
[2026-04-05T03:46:19.176+0000] {logging_mixin.py:188} INFO - [2026-04-05T03:46:19.176+0000] {dag.py:3036} INFO - Sync 1 DAGs
[2026-04-05T03:46:19.200+0000] {logging_mixin.py:188} INFO - [2026-04-05T03:46:19.200+0000] {dag.py:3823} INFO - Setting next_dagrun for daily_student_pipeline to 2026-04-05 02:00:00+00:00, run_after=2026-04-06 02:00:00+00:00
[2026-04-05T03:46:19.218+0000] {processor.py:183} INFO - Processing /opt/airflow/dags/daily_student_pipeline.py took 0.099 seconds
[2026-04-05T03:46:49.593+0000] {processor.py:161} INFO - Started process (PID=1252) to work on /opt/airflow/dags/daily_student_pipeline.py
[2026-04-05T03:46:49.594+0000] {processor.py:830} INFO - Processing file /opt/airflow/dags/daily_student_pipeline.py for tasks to queue
[2026-04-05T03:46:49.595+0000] {logging_mixin.py:188} INFO - [2026-04-05T03:46:49.595+0000] {dagbag.py:538} INFO - Filling up the DagBag from /opt/airflow/dags/daily_student_pipeline.py
[2026-04-05T03:46:49.613+0000] {processor.py:840} INFO - DAG(s) 'daily_student_pipeline' retrieved from /opt/airflow/dags/daily_student_pipeline.py
[2026-04-05T03:46:49.638+0000] {logging_mixin.py:188} INFO - [2026-04-05T03:46:49.638+0000] {dag.py:3036} INFO - Sync 1 DAGs
[2026-04-05T03:46:49.659+0000] {logging_mixin.py:188} INFO - [2026-04-05T03:46:49.659+0000] {dag.py:3823} INFO - Setting next_dagrun for daily_student_pipeline to 2026-04-05 02:00:00+00:00, run_after=2026-04-06 02:00:00+00:00
[2026-04-05T03:46:49.685+0000] {processor.py:183} INFO - Processing /opt/airflow/dags/daily_student_pipeline.py took 0.094 seconds
[2026-04-05T03:47:20.112+0000] {processor.py:161} INFO - Started process (PID=1275) to work on /opt/airflow/dags/daily_student_pipeline.py
[2026-04-05T03:47:20.114+0000] {processor.py:830} INFO - Processing file /opt/airflow/dags/daily_student_pipeline.py for tasks to queue
[2026-04-05T03:47:20.115+0000] {logging_mixin.py:188} INFO - [2026-04-05T03:47:20.114+0000] {dagbag.py:538} INFO - Filling up the DagBag from /opt/airflow/dags/daily_student_pipeline.py
[2026-04-05T03:47:20.141+0000] {processor.py:840} INFO - DAG(s) 'daily_student_pipeline' retrieved from /opt/airflow/dags/daily_student_pipeline.py
[2026-04-05T03:47:20.167+0000] {logging_mixin.py:188} INFO - [2026-04-05T03:47:20.167+0000] {dag.py:3036} INFO - Sync 1 DAGs
[2026-04-05T03:47:20.188+0000] {logging_mixin.py:188} INFO - [2026-04-05T03:47:20.188+0000] {dag.py:3823} INFO - Setting next_dagrun for daily_student_pipeline to 2026-04-05 02:00:00+00:00, run_after=2026-04-06 02:00:00+00:00
[2026-04-05T03:47:20.211+0000] {processor.py:183} INFO - Processing /opt/airflow/dags/daily_student_pipeline.py took 0.101 seconds
[2026-04-05T03:47:50.559+0000] {processor.py:161} INFO - Started process (PID=1298) to work on /opt/airflow/dags/daily_student_pipeline.py
[2026-04-05T03:47:50.560+0000] {processor.py:830} INFO - Processing file /opt/airflow/dags/daily_student_pipeline.py for tasks to queue
[2026-04-05T03:47:50.561+0000] {logging_mixin.py:188} INFO - [2026-04-05T03:47:50.561+0000] {dagbag.py:538} INFO - Filling up the DagBag from /opt/airflow/dags/daily_student_pipeline.py
[2026-04-05T03:47:50.590+0000] {processor.py:840} INFO - DAG(s) 'daily_student_pipeline' retrieved from /opt/airflow/dags/daily_student_pipeline.py
[2026-04-05T03:47:50.625+0000] {logging_mixin.py:188} INFO - [2026-04-05T03:47:50.625+0000] {dag.py:3036} INFO - Sync 1 DAGs
[2026-04-05T03:47:50.654+0000] {logging_mixin.py:188} INFO - [2026-04-05T03:47:50.653+0000] {dag.py:3823} INFO - Setting next_dagrun for daily_student_pipeline to 2026-04-05 02:00:00+00:00, run_after=2026-04-06 02:00:00+00:00
[2026-04-05T03:47:50.672+0000] {processor.py:183} INFO - Processing /opt/airflow/dags/daily_student_pipeline.py took 0.116 seconds
[2026-04-05T03:48:20.974+0000] {processor.py:161} INFO - Started process (PID=1321) to work on /opt/airflow/dags/daily_student_pipeline.py
[2026-04-05T03:48:20.975+0000] {processor.py:830} INFO - Processing file /opt/airflow/dags/daily_student_pipeline.py for tasks to queue
[2026-04-05T03:48:20.976+0000] {logging_mixin.py:188} INFO - [2026-04-05T03:48:20.976+0000] {dagbag.py:538} INFO - Filling up the DagBag from /opt/airflow/dags/daily_student_pipeline.py
[2026-04-05T03:48:20.999+0000] {processor.py:840} INFO - DAG(s) 'daily_student_pipeline' retrieved from /opt/airflow/dags/daily_student_pipeline.py
[2026-04-05T03:48:21.026+0000] {logging_mixin.py:188} INFO - [2026-04-05T03:48:21.026+0000] {dag.py:3036} INFO - Sync 1 DAGs
[2026-04-05T03:48:21.047+0000] {logging_mixin.py:188} INFO - [2026-04-05T03:48:21.046+0000] {dag.py:3823} INFO - Setting next_dagrun for daily_student_pipeline to 2026-04-05 02:00:00+00:00, run_after=2026-04-06 02:00:00+00:00
[2026-04-05T03:48:21.066+0000] {processor.py:183} INFO - Processing /opt/airflow/dags/daily_student_pipeline.py took 0.094 seconds
[2026-04-05T03:48:51.374+0000] {processor.py:161} INFO - Started process (PID=1344) to work on /opt/airflow/dags/daily_student_pipeline.py
[2026-04-05T03:48:51.376+0000] {processor.py:830} INFO - Processing file /opt/airflow/dags/daily_student_pipeline.py for tasks to queue
[2026-04-05T03:48:51.378+0000] {logging_mixin.py:188} INFO - [2026-04-05T03:48:51.377+0000] {dagbag.py:538} INFO - Filling up the DagBag from /opt/airflow/dags/daily_student_pipeline.py
[2026-04-05T03:48:51.405+0000] {processor.py:840} INFO - DAG(s) 'daily_student_pipeline' retrieved from /opt/airflow/dags/daily_student_pipeline.py
[2026-04-05T03:48:51.433+0000] {logging_mixin.py:188} INFO - [2026-04-05T03:48:51.433+0000] {dag.py:3036} INFO - Sync 1 DAGs
[2026-04-05T03:48:51.452+0000] {logging_mixin.py:188} INFO - [2026-04-05T03:48:51.452+0000] {dag.py:3823} INFO - Setting next_dagrun for daily_student_pipeline to 2026-04-05 02:00:00+00:00, run_after=2026-04-06 02:00:00+00:00
[2026-04-05T03:48:51.488+0000] {processor.py:183} INFO - Processing /opt/airflow/dags/daily_student_pipeline.py took 0.116 seconds
[2026-04-05T03:49:21.708+0000] {processor.py:161} INFO - Started process (PID=1367) to work on /opt/airflow/dags/daily_student_pipeline.py
[2026-04-05T03:49:21.710+0000] {processor.py:830} INFO - Processing file /opt/airflow/dags/daily_student_pipeline.py for tasks to queue
[2026-04-05T03:49:21.710+0000] {logging_mixin.py:188} INFO - [2026-04-05T03:49:21.710+0000] {dagbag.py:538} INFO - Filling up the DagBag from /opt/airflow/dags/daily_student_pipeline.py
[2026-04-05T03:49:21.729+0000] {processor.py:840} INFO - DAG(s) 'daily_student_pipeline' retrieved from /opt/airflow/dags/daily_student_pipeline.py
[2026-04-05T03:49:21.759+0000] {logging_mixin.py:188} INFO - [2026-04-05T03:49:21.758+0000] {dag.py:3036} INFO - Sync 1 DAGs
[2026-04-05T03:49:21.780+0000] {logging_mixin.py:188} INFO - [2026-04-05T03:49:21.779+0000] {dag.py:3823} INFO - Setting next_dagrun for daily_student_pipeline to 2026-04-05 02:00:00+00:00, run_after=2026-04-06 02:00:00+00:00
[2026-04-05T03:49:21.815+0000] {processor.py:183} INFO - Processing /opt/airflow/dags/daily_student_pipeline.py took 0.109 seconds
[2026-04-05T03:49:52.235+0000] {processor.py:161} INFO - Started process (PID=1390) to work on /opt/airflow/dags/daily_student_pipeline.py
[2026-04-05T03:49:52.237+0000] {processor.py:830} INFO - Processing file /opt/airflow/dags/daily_student_pipeline.py for tasks to queue
[2026-04-05T03:49:52.238+0000] {logging_mixin.py:188} INFO - [2026-04-05T03:49:52.238+0000] {dagbag.py:538} INFO - Filling up the DagBag from /opt/airflow/dags/daily_student_pipeline.py
[2026-04-05T03:49:52.260+0000] {processor.py:840} INFO - DAG(s) 'daily_student_pipeline' retrieved from /opt/airflow/dags/daily_student_pipeline.py
[2026-04-05T03:49:52.289+0000] {logging_mixin.py:188} INFO - [2026-04-05T03:49:52.288+0000] {dag.py:3036} INFO - Sync 1 DAGs
[2026-04-05T03:49:52.309+0000] {logging_mixin.py:188} INFO - [2026-04-05T03:49:52.309+0000] {dag.py:3823} INFO - Setting next_dagrun for daily_student_pipeline to 2026-04-05 02:00:00+00:00, run_after=2026-04-06 02:00:00+00:00
[2026-04-05T03:49:52.345+0000] {processor.py:183} INFO - Processing /opt/airflow/dags/daily_student_pipeline.py took 0.113 seconds
[2026-04-05T03:50:22.670+0000] {processor.py:161} INFO - Started process (PID=1413) to work on /opt/airflow/dags/daily_student_pipeline.py
[2026-04-05T03:50:22.671+0000] {processor.py:830} INFO - Processing file /opt/airflow/dags/daily_student_pipeline.py for tasks to queue
[2026-04-05T03:50:22.672+0000] {logging_mixin.py:188} INFO - [2026-04-05T03:50:22.672+0000] {dagbag.py:538} INFO - Filling up the DagBag from /opt/airflow/dags/daily_student_pipeline.py
[2026-04-05T03:50:22.696+0000] {processor.py:840} INFO - DAG(s) 'daily_student_pipeline' retrieved from /opt/airflow/dags/daily_student_pipeline.py
[2026-04-05T03:50:22.731+0000] {logging_mixin.py:188} INFO - [2026-04-05T03:50:22.731+0000] {dag.py:3036} INFO - Sync 1 DAGs
[2026-04-05T03:50:22.755+0000] {logging_mixin.py:188} INFO - [2026-04-05T03:50:22.755+0000] {dag.py:3823} INFO - Setting next_dagrun for daily_student_pipeline to 2026-04-05 02:00:00+00:00, run_after=2026-04-06 02:00:00+00:00
[2026-04-05T03:50:22.779+0000] {processor.py:183} INFO - Processing /opt/airflow/dags/daily_student_pipeline.py took 0.112 seconds
[2026-04-05T03:50:53.121+0000] {processor.py:161} INFO - Started process (PID=1436) to work on /opt/airflow/dags/daily_student_pipeline.py
[2026-04-05T03:50:53.122+0000] {processor.py:830} INFO - Processing file /opt/airflow/dags/daily_student_pipeline.py for tasks to queue
[2026-04-05T03:50:53.123+0000] {logging_mixin.py:188} INFO - [2026-04-05T03:50:53.123+0000] {dagbag.py:538} INFO - Filling up the DagBag from /opt/airflow/dags/daily_student_pipeline.py
[2026-04-05T03:50:53.142+0000] {processor.py:840} INFO - DAG(s) 'daily_student_pipeline' retrieved from /opt/airflow/dags/daily_student_pipeline.py
[2026-04-05T03:50:53.171+0000] {logging_mixin.py:188} INFO - [2026-04-05T03:50:53.171+0000] {dag.py:3036} INFO - Sync 1 DAGs
[2026-04-05T03:50:53.194+0000] {logging_mixin.py:188} INFO - [2026-04-05T03:50:53.194+0000] {dag.py:3823} INFO - Setting next_dagrun for daily_student_pipeline to 2026-04-05 02:00:00+00:00, run_after=2026-04-06 02:00:00+00:00
[2026-04-05T03:50:53.218+0000] {processor.py:183} INFO - Processing /opt/airflow/dags/daily_student_pipeline.py took 0.099 seconds
[2026-04-05T03:51:23.535+0000] {processor.py:161} INFO - Started process (PID=1459) to work on /opt/airflow/dags/daily_student_pipeline.py
[2026-04-05T03:51:23.536+0000] {processor.py:830} INFO - Processing file /opt/airflow/dags/daily_student_pipeline.py for tasks to queue
[2026-04-05T03:51:23.537+0000] {logging_mixin.py:188} INFO - [2026-04-05T03:51:23.536+0000] {dagbag.py:538} INFO - Filling up the DagBag from /opt/airflow/dags/daily_student_pipeline.py
[2026-04-05T03:51:23.554+0000] {processor.py:840} INFO - DAG(s) 'daily_student_pipeline' retrieved from /opt/airflow/dags/daily_student_pipeline.py
[2026-04-05T03:51:23.583+0000] {logging_mixin.py:188} INFO - [2026-04-05T03:51:23.583+0000] {dag.py:3036} INFO - Sync 1 DAGs
[2026-04-05T03:51:23.604+0000] {logging_mixin.py:188} INFO - [2026-04-05T03:51:23.603+0000] {dag.py:3823} INFO - Setting next_dagrun for daily_student_pipeline to 2026-04-05 02:00:00+00:00, run_after=2026-04-06 02:00:00+00:00
[2026-04-05T03:51:23.628+0000] {processor.py:183} INFO - Processing /opt/airflow/dags/daily_student_pipeline.py took 0.095 seconds
[2026-04-05T03:51:53.974+0000] {processor.py:161} INFO - Started process (PID=1482) to work on /opt/airflow/dags/daily_student_pipeline.py
[2026-04-05T03:51:53.976+0000] {processor.py:830} INFO - Processing file /opt/airflow/dags/daily_student_pipeline.py for tasks to queue
[2026-04-05T03:51:53.978+0000] {logging_mixin.py:188} INFO - [2026-04-05T03:51:53.978+0000] {dagbag.py:538} INFO - Filling up the DagBag from /opt/airflow/dags/daily_student_pipeline.py
[2026-04-05T03:51:54.010+0000] {processor.py:840} INFO - DAG(s) 'daily_student_pipeline' retrieved from /opt/airflow/dags/daily_student_pipeline.py
[2026-04-05T03:51:54.036+0000] {logging_mixin.py:188} INFO - [2026-04-05T03:51:54.036+0000] {dag.py:3036} INFO - Sync 1 DAGs
[2026-04-05T03:51:54.061+0000] {logging_mixin.py:188} INFO - [2026-04-05T03:51:54.061+0000] {dag.py:3823} INFO - Setting next_dagrun for daily_student_pipeline to 2026-04-05 02:00:00+00:00, run_after=2026-04-06 02:00:00+00:00
[2026-04-05T03:51:54.082+0000] {processor.py:183} INFO - Processing /opt/airflow/dags/daily_student_pipeline.py took 0.111 seconds
[2026-04-05T03:52:24.453+0000] {processor.py:161} INFO - Started process (PID=1505) to work on /opt/airflow/dags/daily_student_pipeline.py
[2026-04-05T03:52:24.455+0000] {processor.py:830} INFO - Processing file /opt/airflow/dags/daily_student_pipeline.py for tasks to queue
[2026-04-05T03:52:24.456+0000] {logging_mixin.py:188} INFO - [2026-04-05T03:52:24.455+0000] {dagbag.py:538} INFO - Filling up the DagBag from /opt/airflow/dags/daily_student_pipeline.py
[2026-04-05T03:52:24.477+0000] {processor.py:840} INFO - DAG(s) 'daily_student_pipeline' retrieved from /opt/airflow/dags/daily_student_pipeline.py
[2026-04-05T03:52:24.505+0000] {logging_mixin.py:188} INFO - [2026-04-05T03:52:24.505+0000] {dag.py:3036} INFO - Sync 1 DAGs
[2026-04-05T03:52:24.526+0000] {logging_mixin.py:188} INFO - [2026-04-05T03:52:24.526+0000] {dag.py:3823} INFO - Setting next_dagrun for daily_student_pipeline to 2026-04-05 02:00:00+00:00, run_after=2026-04-06 02:00:00+00:00
[2026-04-05T03:52:24.547+0000] {processor.py:183} INFO - Processing /opt/airflow/dags/daily_student_pipeline.py took 0.096 seconds
[2026-04-05T03:52:54.859+0000] {processor.py:161} INFO - Started process (PID=1520) to work on /opt/airflow/dags/daily_student_pipeline.py
[2026-04-05T03:52:54.860+0000] {processor.py:830} INFO - Processing file /opt/airflow/dags/daily_student_pipeline.py for tasks to queue
[2026-04-05T03:52:54.861+0000] {logging_mixin.py:188} INFO - [2026-04-05T03:52:54.861+0000] {dagbag.py:538} INFO - Filling up the DagBag from /opt/airflow/dags/daily_student_pipeline.py
[2026-04-05T03:52:54.883+0000] {processor.py:840} INFO - DAG(s) 'daily_student_pipeline' retrieved from /opt/airflow/dags/daily_student_pipeline.py
[2026-04-05T03:52:54.910+0000] {logging_mixin.py:188} INFO - [2026-04-05T03:52:54.909+0000] {dag.py:3036} INFO - Sync 1 DAGs
[2026-04-05T03:52:54.932+0000] {logging_mixin.py:188} INFO - [2026-04-05T03:52:54.932+0000] {dag.py:3823} INFO - Setting next_dagrun for daily_student_pipeline to 2026-04-05 02:00:00+00:00, run_after=2026-04-06 02:00:00+00:00
[2026-04-05T03:52:54.960+0000] {processor.py:183} INFO - Processing /opt/airflow/dags/daily_student_pipeline.py took 0.103 seconds
[2026-04-05T03:53:25.504+0000] {processor.py:161} INFO - Started process (PID=1543) to work on /opt/airflow/dags/daily_student_pipeline.py
[2026-04-05T03:53:25.505+0000] {processor.py:830} INFO - Processing file /opt/airflow/dags/daily_student_pipeline.py for tasks to queue
[2026-04-05T03:53:25.506+0000] {logging_mixin.py:188} INFO - [2026-04-05T03:53:25.505+0000] {dagbag.py:538} INFO - Filling up the DagBag from /opt/airflow/dags/daily_student_pipeline.py
[2026-04-05T03:53:25.525+0000] {processor.py:840} INFO - DAG(s) 'daily_student_pipeline' retrieved from /opt/airflow/dags/daily_student_pipeline.py
[2026-04-05T03:53:25.554+0000] {logging_mixin.py:188} INFO - [2026-04-05T03:53:25.554+0000] {dag.py:3036} INFO - Sync 1 DAGs
[2026-04-05T03:53:25.574+0000] {logging_mixin.py:188} INFO - [2026-04-05T03:53:25.574+0000] {dag.py:3823} INFO - Setting next_dagrun for daily_student_pipeline to 2026-04-05 02:00:00+00:00, run_after=2026-04-06 02:00:00+00:00
[2026-04-05T03:53:25.594+0000] {processor.py:183} INFO - Processing /opt/airflow/dags/daily_student_pipeline.py took 0.093 seconds
[2026-04-05T03:53:55.888+0000] {processor.py:161} INFO - Started process (PID=1566) to work on /opt/airflow/dags/daily_student_pipeline.py
[2026-04-05T03:53:55.889+0000] {processor.py:830} INFO - Processing file /opt/airflow/dags/daily_student_pipeline.py for tasks to queue
[2026-04-05T03:53:55.890+0000] {logging_mixin.py:188} INFO - [2026-04-05T03:53:55.890+0000] {dagbag.py:538} INFO - Filling up the DagBag from /opt/airflow/dags/daily_student_pipeline.py
[2026-04-05T03:53:55.913+0000] {processor.py:840} INFO - DAG(s) 'daily_student_pipeline' retrieved from /opt/airflow/dags/daily_student_pipeline.py
[2026-04-05T03:53:55.940+0000] {logging_mixin.py:188} INFO - [2026-04-05T03:53:55.939+0000] {dag.py:3036} INFO - Sync 1 DAGs
[2026-04-05T03:53:55.960+0000] {logging_mixin.py:188} INFO - [2026-04-05T03:53:55.960+0000] {dag.py:3823} INFO - Setting next_dagrun for daily_student_pipeline to 2026-04-05 02:00:00+00:00, run_after=2026-04-06 02:00:00+00:00
[2026-04-05T03:53:55.994+0000] {processor.py:183} INFO - Processing /opt/airflow/dags/daily_student_pipeline.py took 0.109 seconds
[2026-04-05T03:54:26.310+0000] {processor.py:161} INFO - Started process (PID=1589) to work on /opt/airflow/dags/daily_student_pipeline.py
[2026-04-05T03:54:26.311+0000] {processor.py:830} INFO - Processing file /opt/airflow/dags/daily_student_pipeline.py for tasks to queue
[2026-04-05T03:54:26.313+0000] {logging_mixin.py:188} INFO - [2026-04-05T03:54:26.312+0000] {dagbag.py:538} INFO - Filling up the DagBag from /opt/airflow/dags/daily_student_pipeline.py
[2026-04-05T03:54:26.334+0000] {processor.py:840} INFO - DAG(s) 'daily_student_pipeline' retrieved from /opt/airflow/dags/daily_student_pipeline.py
[2026-04-05T03:54:26.363+0000] {logging_mixin.py:188} INFO - [2026-04-05T03:54:26.363+0000] {dag.py:3036} INFO - Sync 1 DAGs
[2026-04-05T03:54:26.388+0000] {logging_mixin.py:188} INFO - [2026-04-05T03:54:26.388+0000] {dag.py:3823} INFO - Setting next_dagrun for daily_student_pipeline to 2026-04-05 02:00:00+00:00, run_after=2026-04-06 02:00:00+00:00
[2026-04-05T03:54:26.412+0000] {processor.py:183} INFO - Processing /opt/airflow/dags/daily_student_pipeline.py took 0.105 seconds
[2026-04-05T03:54:56.705+0000] {processor.py:161} INFO - Started process (PID=1612) to work on /opt/airflow/dags/daily_student_pipeline.py
[2026-04-05T03:54:56.706+0000] {processor.py:830} INFO - Processing file /opt/airflow/dags/daily_student_pipeline.py for tasks to queue
[2026-04-05T03:54:56.707+0000] {logging_mixin.py:188} INFO - [2026-04-05T03:54:56.707+0000] {dagbag.py:538} INFO - Filling up the DagBag from /opt/airflow/dags/daily_student_pipeline.py
[2026-04-05T03:54:56.729+0000] {processor.py:840} INFO - DAG(s) 'daily_student_pipeline' retrieved from /opt/airflow/dags/daily_student_pipeline.py
[2026-04-05T03:54:56.758+0000] {logging_mixin.py:188} INFO - [2026-04-05T03:54:56.757+0000] {dag.py:3036} INFO - Sync 1 DAGs
[2026-04-05T03:54:56.778+0000] {logging_mixin.py:188} INFO - [2026-04-05T03:54:56.778+0000] {dag.py:3823} INFO - Setting next_dagrun for daily_student_pipeline to 2026-04-05 02:00:00+00:00, run_after=2026-04-06 02:00:00+00:00
[2026-04-05T03:54:56.801+0000] {processor.py:183} INFO - Processing /opt/airflow/dags/daily_student_pipeline.py took 0.098 seconds
[2026-04-05T03:55:27.119+0000] {processor.py:161} INFO - Started process (PID=1636) to work on /opt/airflow/dags/daily_student_pipeline.py
[2026-04-05T03:55:27.121+0000] {processor.py:830} INFO - Processing file /opt/airflow/dags/daily_student_pipeline.py for tasks to queue
[2026-04-05T03:55:27.122+0000] {logging_mixin.py:188} INFO - [2026-04-05T03:55:27.121+0000] {dagbag.py:538} INFO - Filling up the DagBag from /opt/airflow/dags/daily_student_pipeline.py
[2026-04-05T03:55:27.142+0000] {processor.py:840} INFO - DAG(s) 'daily_student_pipeline' retrieved from /opt/airflow/dags/daily_student_pipeline.py
[2026-04-05T03:55:27.169+0000] {logging_mixin.py:188} INFO - [2026-04-05T03:55:27.169+0000] {dag.py:3036} INFO - Sync 1 DAGs
[2026-04-05T03:55:27.192+0000] {logging_mixin.py:188} INFO - [2026-04-05T03:55:27.192+0000] {dag.py:3823} INFO - Setting next_dagrun for daily_student_pipeline to 2026-04-05 02:00:00+00:00, run_after=2026-04-06 02:00:00+00:00
[2026-04-05T03:55:27.212+0000] {processor.py:183} INFO - Processing /opt/airflow/dags/daily_student_pipeline.py took 0.095 seconds
[2026-04-05T03:55:57.495+0000] {processor.py:161} INFO - Started process (PID=1659) to work on /opt/airflow/dags/daily_student_pipeline.py
[2026-04-05T03:55:57.496+0000] {processor.py:830} INFO - Processing file /opt/airflow/dags/daily_student_pipeline.py for tasks to queue
[2026-04-05T03:55:57.497+0000] {logging_mixin.py:188} INFO - [2026-04-05T03:55:57.497+0000] {dagbag.py:538} INFO - Filling up the DagBag from /opt/airflow/dags/daily_student_pipeline.py
[2026-04-05T03:55:57.519+0000] {processor.py:840} INFO - DAG(s) 'daily_student_pipeline' retrieved from /opt/airflow/dags/daily_student_pipeline.py
[2026-04-05T03:55:57.544+0000] {logging_mixin.py:188} INFO - [2026-04-05T03:55:57.544+0000] {dag.py:3036} INFO - Sync 1 DAGs
[2026-04-05T03:55:57.564+0000] {logging_mixin.py:188} INFO - [2026-04-05T03:55:57.563+0000] {dag.py:3823} INFO - Setting next_dagrun for daily_student_pipeline to 2026-04-05 02:00:00+00:00, run_after=2026-04-06 02:00:00+00:00
[2026-04-05T03:55:57.585+0000] {processor.py:183} INFO - Processing /opt/airflow/dags/daily_student_pipeline.py took 0.093 seconds
[2026-04-05T03:56:27.924+0000] {processor.py:161} INFO - Started process (PID=1682) to work on /opt/airflow/dags/daily_student_pipeline.py
[2026-04-05T03:56:27.925+0000] {processor.py:830} INFO - Processing file /opt/airflow/dags/daily_student_pipeline.py for tasks to queue
[2026-04-05T03:56:27.926+0000] {logging_mixin.py:188} INFO - [2026-04-05T03:56:27.926+0000] {dagbag.py:538} INFO - Filling up the DagBag from /opt/airflow/dags/daily_student_pipeline.py
[2026-04-05T03:56:27.946+0000] {processor.py:840} INFO - DAG(s) 'daily_student_pipeline' retrieved from /opt/airflow/dags/daily_student_pipeline.py
[2026-04-05T03:56:27.971+0000] {logging_mixin.py:188} INFO - [2026-04-05T03:56:27.971+0000] {dag.py:3036} INFO - Sync 1 DAGs
[2026-04-05T03:56:27.993+0000] {logging_mixin.py:188} INFO - [2026-04-05T03:56:27.993+0000] {dag.py:3823} INFO - Setting next_dagrun for daily_student_pipeline to 2026-04-05 02:00:00+00:00, run_after=2026-04-06 02:00:00+00:00
[2026-04-05T03:56:28.012+0000] {processor.py:183} INFO - Processing /opt/airflow/dags/daily_student_pipeline.py took 0.090 seconds
[2026-04-05T03:56:58.280+0000] {processor.py:161} INFO - Started process (PID=1705) to work on /opt/airflow/dags/daily_student_pipeline.py
[2026-04-05T03:56:58.281+0000] {processor.py:830} INFO - Processing file /opt/airflow/dags/daily_student_pipeline.py for tasks to queue
[2026-04-05T03:56:58.282+0000] {logging_mixin.py:188} INFO - [2026-04-05T03:56:58.282+0000] {dagbag.py:538} INFO - Filling up the DagBag from /opt/airflow/dags/daily_student_pipeline.py
[2026-04-05T03:56:58.303+0000] {processor.py:840} INFO - DAG(s) 'daily_student_pipeline' retrieved from /opt/airflow/dags/daily_student_pipeline.py
[2026-04-05T03:56:58.331+0000] {logging_mixin.py:188} INFO - [2026-04-05T03:56:58.330+0000] {dag.py:3036} INFO - Sync 1 DAGs
[2026-04-05T03:56:58.353+0000] {logging_mixin.py:188} INFO - [2026-04-05T03:56:58.352+0000] {dag.py:3823} INFO - Setting next_dagrun for daily_student_pipeline to 2026-04-05 02:00:00+00:00, run_after=2026-04-06 02:00:00+00:00
[2026-04-05T03:56:58.376+0000] {processor.py:183} INFO - Processing /opt/airflow/dags/daily_student_pipeline.py took 0.099 seconds
[2026-04-05T03:57:28.815+0000] {processor.py:161} INFO - Started process (PID=1728) to work on /opt/airflow/dags/daily_student_pipeline.py
[2026-04-05T03:57:28.816+0000] {processor.py:830} INFO - Processing file /opt/airflow/dags/daily_student_pipeline.py for tasks to queue
[2026-04-05T03:57:28.817+0000] {logging_mixin.py:188} INFO - [2026-04-05T03:57:28.817+0000] {dagbag.py:538} INFO - Filling up the DagBag from /opt/airflow/dags/daily_student_pipeline.py
[2026-04-05T03:57:28.838+0000] {processor.py:840} INFO - DAG(s) 'daily_student_pipeline' retrieved from /opt/airflow/dags/daily_student_pipeline.py
[2026-04-05T03:57:28.867+0000] {logging_mixin.py:188} INFO - [2026-04-05T03:57:28.867+0000] {dag.py:3036} INFO - Sync 1 DAGs
[2026-04-05T03:57:28.888+0000] {logging_mixin.py:188} INFO - [2026-04-05T03:57:28.888+0000] {dag.py:3823} INFO - Setting next_dagrun for daily_student_pipeline to 2026-04-05 02:00:00+00:00, run_after=2026-04-06 02:00:00+00:00
[2026-04-05T03:57:28.911+0000] {processor.py:183} INFO - Processing /opt/airflow/dags/daily_student_pipeline.py took 0.098 seconds
[2026-04-05T03:57:59.246+0000] {processor.py:161} INFO - Started process (PID=1751) to work on /opt/airflow/dags/daily_student_pipeline.py
[2026-04-05T03:57:59.247+0000] {processor.py:830} INFO - Processing file /opt/airflow/dags/daily_student_pipeline.py for tasks to queue
[2026-04-05T03:57:59.247+0000] {logging_mixin.py:188} INFO - [2026-04-05T03:57:59.247+0000] {dagbag.py:538} INFO - Filling up the DagBag from /opt/airflow/dags/daily_student_pipeline.py
[2026-04-05T03:57:59.266+0000] {processor.py:840} INFO - DAG(s) 'daily_student_pipeline' retrieved from /opt/airflow/dags/daily_student_pipeline.py
[2026-04-05T03:57:59.292+0000] {logging_mixin.py:188} INFO - [2026-04-05T03:57:59.291+0000] {dag.py:3036} INFO - Sync 1 DAGs
[2026-04-05T03:57:59.317+0000] {logging_mixin.py:188} INFO - [2026-04-05T03:57:59.316+0000] {dag.py:3823} INFO - Setting next_dagrun for daily_student_pipeline to 2026-04-05 02:00:00+00:00, run_after=2026-04-06 02:00:00+00:00
[2026-04-05T03:57:59.591+0000] {processor.py:183} INFO - Processing /opt/airflow/dags/daily_student_pipeline.py took 0.347 seconds
[2026-04-05T03:58:29.696+0000] {processor.py:161} INFO - Started process (PID=1774) to work on /opt/airflow/dags/daily_student_pipeline.py
[2026-04-05T03:58:29.697+0000] {processor.py:830} INFO - Processing file /opt/airflow/dags/daily_student_pipeline.py for tasks to queue
[2026-04-05T03:58:29.698+0000] {logging_mixin.py:188} INFO - [2026-04-05T03:58:29.697+0000] {dagbag.py:538} INFO - Filling up the DagBag from /opt/airflow/dags/daily_student_pipeline.py
[2026-04-05T03:58:29.718+0000] {processor.py:840} INFO - DAG(s) 'daily_student_pipeline' retrieved from /opt/airflow/dags/daily_student_pipeline.py
[2026-04-05T03:58:29.745+0000] {logging_mixin.py:188} INFO - [2026-04-05T03:58:29.744+0000] {dag.py:3036} INFO - Sync 1 DAGs
[2026-04-05T03:58:29.766+0000] {logging_mixin.py:188} INFO - [2026-04-05T03:58:29.766+0000] {dag.py:3823} INFO - Setting next_dagrun for daily_student_pipeline to 2026-04-05 02:00:00+00:00, run_after=2026-04-06 02:00:00+00:00
[2026-04-05T03:58:29.791+0000] {processor.py:183} INFO - Processing /opt/airflow/dags/daily_student_pipeline.py took 0.098 seconds
[2026-04-05T03:59:00.130+0000] {processor.py:161} INFO - Started process (PID=1797) to work on /opt/airflow/dags/daily_student_pipeline.py
[2026-04-05T03:59:00.132+0000] {processor.py:830} INFO - Processing file /opt/airflow/dags/daily_student_pipeline.py for tasks to queue
[2026-04-05T03:59:00.133+0000] {logging_mixin.py:188} INFO - [2026-04-05T03:59:00.133+0000] {dagbag.py:538} INFO - Filling up the DagBag from /opt/airflow/dags/daily_student_pipeline.py
[2026-04-05T03:59:00.151+0000] {processor.py:840} INFO - DAG(s) 'daily_student_pipeline' retrieved from /opt/airflow/dags/daily_student_pipeline.py
[2026-04-05T03:59:00.178+0000] {logging_mixin.py:188} INFO - [2026-04-05T03:59:00.178+0000] {dag.py:3036} INFO - Sync 1 DAGs
[2026-04-05T03:59:00.199+0000] {logging_mixin.py:188} INFO - [2026-04-05T03:59:00.199+0000] {dag.py:3823} INFO - Setting next_dagrun for daily_student_pipeline to 2026-04-05 02:00:00+00:00, run_after=2026-04-06 02:00:00+00:00
[2026-04-05T03:59:00.228+0000] {processor.py:183} INFO - Processing /opt/airflow/dags/daily_student_pipeline.py took 0.101 seconds
[2026-04-05T03:59:30.585+0000] {processor.py:161} INFO - Started process (PID=1820) to work on /opt/airflow/dags/daily_student_pipeline.py
[2026-04-05T03:59:30.586+0000] {processor.py:830} INFO - Processing file /opt/airflow/dags/daily_student_pipeline.py for tasks to queue
[2026-04-05T03:59:30.587+0000] {logging_mixin.py:188} INFO - [2026-04-05T03:59:30.586+0000] {dagbag.py:538} INFO - Filling up the DagBag from /opt/airflow/dags/daily_student_pipeline.py
[2026-04-05T03:59:30.605+0000] {processor.py:840} INFO - DAG(s) 'daily_student_pipeline' retrieved from /opt/airflow/dags/daily_student_pipeline.py
[2026-04-05T03:59:30.631+0000] {logging_mixin.py:188} INFO - [2026-04-05T03:59:30.631+0000] {dag.py:3036} INFO - Sync 1 DAGs
[2026-04-05T03:59:30.654+0000] {logging_mixin.py:188} INFO - [2026-04-05T03:59:30.653+0000] {dag.py:3823} INFO - Setting next_dagrun for daily_student_pipeline to 2026-04-05 02:00:00+00:00, run_after=2026-04-06 02:00:00+00:00
[2026-04-05T03:59:30.674+0000] {processor.py:183} INFO - Processing /opt/airflow/dags/daily_student_pipeline.py took 0.092 seconds
[2026-04-05T04:00:01.027+0000] {processor.py:161} INFO - Started process (PID=1843) to work on /opt/airflow/dags/daily_student_pipeline.py
[2026-04-05T04:00:01.029+0000] {processor.py:830} INFO - Processing file /opt/airflow/dags/daily_student_pipeline.py for tasks to queue
[2026-04-05T04:00:01.030+0000] {logging_mixin.py:188} INFO - [2026-04-05T04:00:01.029+0000] {dagbag.py:538} INFO - Filling up the DagBag from /opt/airflow/dags/daily_student_pipeline.py
[2026-04-05T04:00:01.048+0000] {processor.py:840} INFO - DAG(s) 'daily_student_pipeline' retrieved from /opt/airflow/dags/daily_student_pipeline.py
[2026-04-05T04:00:01.074+0000] {logging_mixin.py:188} INFO - [2026-04-05T04:00:01.073+0000] {dag.py:3036} INFO - Sync 1 DAGs
[2026-04-05T04:00:01.094+0000] {logging_mixin.py:188} INFO - [2026-04-05T04:00:01.094+0000] {dag.py:3823} INFO - Setting next_dagrun for daily_student_pipeline to 2026-04-05 02:00:00+00:00, run_after=2026-04-06 02:00:00+00:00
[2026-04-05T04:00:01.114+0000] {processor.py:183} INFO - Processing /opt/airflow/dags/daily_student_pipeline.py took 0.090 seconds
[2026-04-05T04:00:31.410+0000] {processor.py:161} INFO - Started process (PID=1866) to work on /opt/airflow/dags/daily_student_pipeline.py
[2026-04-05T04:00:31.411+0000] {processor.py:830} INFO - Processing file /opt/airflow/dags/daily_student_pipeline.py for tasks to queue
[2026-04-05T04:00:31.412+0000] {logging_mixin.py:188} INFO - [2026-04-05T04:00:31.412+0000] {dagbag.py:538} INFO - Filling up the DagBag from /opt/airflow/dags/daily_student_pipeline.py
[2026-04-05T04:00:31.431+0000] {processor.py:840} INFO - DAG(s) 'daily_student_pipeline' retrieved from /opt/airflow/dags/daily_student_pipeline.py
[2026-04-05T04:00:31.457+0000] {logging_mixin.py:188} INFO - [2026-04-05T04:00:31.456+0000] {dag.py:3036} INFO - Sync 1 DAGs
[2026-04-05T04:00:31.481+0000] {logging_mixin.py:188} INFO - [2026-04-05T04:00:31.481+0000] {dag.py:3823} INFO - Setting next_dagrun for daily_student_pipeline to 2026-04-05 02:00:00+00:00, run_after=2026-04-06 02:00:00+00:00
[2026-04-05T04:00:31.500+0000] {processor.py:183} INFO - Processing /opt/airflow/dags/daily_student_pipeline.py took 0.092 seconds
[2026-04-05T04:01:01.799+0000] {processor.py:161} INFO - Started process (PID=1889) to work on /opt/airflow/dags/daily_student_pipeline.py
[2026-04-05T04:01:01.800+0000] {processor.py:830} INFO - Processing file /opt/airflow/dags/daily_student_pipeline.py for tasks to queue
[2026-04-05T04:01:01.800+0000] {logging_mixin.py:188} INFO - [2026-04-05T04:01:01.800+0000] {dagbag.py:538} INFO - Filling up the DagBag from /opt/airflow/dags/daily_student_pipeline.py
[2026-04-05T04:01:01.818+0000] {processor.py:840} INFO - DAG(s) 'daily_student_pipeline' retrieved from /opt/airflow/dags/daily_student_pipeline.py
[2026-04-05T04:01:01.842+0000] {logging_mixin.py:188} INFO - [2026-04-05T04:01:01.842+0000] {dag.py:3036} INFO - Sync 1 DAGs
[2026-04-05T04:01:01.865+0000] {logging_mixin.py:188} INFO - [2026-04-05T04:01:01.865+0000] {dag.py:3823} INFO - Setting next_dagrun for daily_student_pipeline to 2026-04-05 02:00:00+00:00, run_after=2026-04-06 02:00:00+00:00
[2026-04-05T04:01:01.894+0000] {processor.py:183} INFO - Processing /opt/airflow/dags/daily_student_pipeline.py took 0.098 seconds
[2026-04-05T04:01:32.201+0000] {processor.py:161} INFO - Started process (PID=1912) to work on /opt/airflow/dags/daily_student_pipeline.py
[2026-04-05T04:01:32.202+0000] {processor.py:830} INFO - Processing file /opt/airflow/dags/daily_student_pipeline.py for tasks to queue
[2026-04-05T04:01:32.203+0000] {logging_mixin.py:188} INFO - [2026-04-05T04:01:32.203+0000] {dagbag.py:538} INFO - Filling up the DagBag from /opt/airflow/dags/daily_student_pipeline.py
[2026-04-05T04:01:32.221+0000] {processor.py:840} INFO - DAG(s) 'daily_student_pipeline' retrieved from /opt/airflow/dags/daily_student_pipeline.py
[2026-04-05T04:01:32.245+0000] {logging_mixin.py:188} INFO - [2026-04-05T04:01:32.245+0000] {dag.py:3036} INFO - Sync 1 DAGs
[2026-04-05T04:01:32.266+0000] {logging_mixin.py:188} INFO - [2026-04-05T04:01:32.266+0000] {dag.py:3823} INFO - Setting next_dagrun for daily_student_pipeline to 2026-04-05 02:00:00+00:00, run_after=2026-04-06 02:00:00+00:00
[2026-04-05T04:01:32.290+0000] {processor.py:183} INFO - Processing /opt/airflow/dags/daily_student_pipeline.py took 0.092 seconds
[2026-04-05T04:02:02.638+0000] {processor.py:161} INFO - Started process (PID=1935) to work on /opt/airflow/dags/daily_student_pipeline.py
[2026-04-05T04:02:02.639+0000] {processor.py:830} INFO - Processing file /opt/airflow/dags/daily_student_pipeline.py for tasks to queue
[2026-04-05T04:02:02.640+0000] {logging_mixin.py:188} INFO - [2026-04-05T04:02:02.640+0000] {dagbag.py:538} INFO - Filling up the DagBag from /opt/airflow/dags/daily_student_pipeline.py
[2026-04-05T04:02:02.666+0000] {processor.py:840} INFO - DAG(s) 'daily_student_pipeline' retrieved from /opt/airflow/dags/daily_student_pipeline.py
[2026-04-05T04:02:02.700+0000] {logging_mixin.py:188} INFO - [2026-04-05T04:02:02.700+0000] {dag.py:3036} INFO - Sync 1 DAGs
[2026-04-05T04:02:02.725+0000] {logging_mixin.py:188} INFO - [2026-04-05T04:02:02.724+0000] {dag.py:3823} INFO - Setting next_dagrun for daily_student_pipeline to 2026-04-05 02:00:00+00:00, run_after=2026-04-06 02:00:00+00:00
[2026-04-05T04:02:02.751+0000] {processor.py:183} INFO - Processing /opt/airflow/dags/daily_student_pipeline.py took 0.116 seconds
[2026-04-05T04:02:33.081+0000] {processor.py:161} INFO - Started process (PID=1950) to work on /opt/airflow/dags/daily_student_pipeline.py
[2026-04-05T04:02:33.082+0000] {processor.py:830} INFO - Processing file /opt/airflow/dags/daily_student_pipeline.py for tasks to queue
[2026-04-05T04:02:33.083+0000] {logging_mixin.py:188} INFO - [2026-04-05T04:02:33.083+0000] {dagbag.py:538} INFO - Filling up the DagBag from /opt/airflow/dags/daily_student_pipeline.py
[2026-04-05T04:02:33.100+0000] {processor.py:840} INFO - DAG(s) 'daily_student_pipeline' retrieved from /opt/airflow/dags/daily_student_pipeline.py
[2026-04-05T04:02:33.126+0000] {logging_mixin.py:188} INFO - [2026-04-05T04:02:33.126+0000] {dag.py:3036} INFO - Sync 1 DAGs
[2026-04-05T04:02:33.149+0000] {logging_mixin.py:188} INFO - [2026-04-05T04:02:33.148+0000] {dag.py:3823} INFO - Setting next_dagrun for daily_student_pipeline to 2026-04-05 02:00:00+00:00, run_after=2026-04-06 02:00:00+00:00
[2026-04-05T04:02:33.170+0000] {processor.py:183} INFO - Processing /opt/airflow/dags/daily_student_pipeline.py took 0.091 seconds
[2026-04-05T04:03:03.499+0000] {processor.py:161} INFO - Started process (PID=1973) to work on /opt/airflow/dags/daily_student_pipeline.py
[2026-04-05T04:03:03.501+0000] {processor.py:830} INFO - Processing file /opt/airflow/dags/daily_student_pipeline.py for tasks to queue
[2026-04-05T04:03:03.501+0000] {logging_mixin.py:188} INFO - [2026-04-05T04:03:03.501+0000] {dagbag.py:538} INFO - Filling up the DagBag from /opt/airflow/dags/daily_student_pipeline.py
[2026-04-05T04:03:03.529+0000] {processor.py:840} INFO - DAG(s) 'daily_student_pipeline' retrieved from /opt/airflow/dags/daily_student_pipeline.py
[2026-04-05T04:03:03.560+0000] {logging_mixin.py:188} INFO - [2026-04-05T04:03:03.559+0000] {dag.py:3036} INFO - Sync 1 DAGs
[2026-04-05T04:03:03.582+0000] {logging_mixin.py:188} INFO - [2026-04-05T04:03:03.582+0000] {dag.py:3823} INFO - Setting next_dagrun for daily_student_pipeline to 2026-04-05 02:00:00+00:00, run_after=2026-04-06 02:00:00+00:00
[2026-04-05T04:03:03.602+0000] {processor.py:183} INFO - Processing /opt/airflow/dags/daily_student_pipeline.py took 0.106 seconds
[2026-04-05T04:03:34.073+0000] {processor.py:161} INFO - Started process (PID=1996) to work on /opt/airflow/dags/daily_student_pipeline.py
[2026-04-05T04:03:34.074+0000] {processor.py:830} INFO - Processing file /opt/airflow/dags/daily_student_pipeline.py for tasks to queue
[2026-04-05T04:03:34.075+0000] {logging_mixin.py:188} INFO - [2026-04-05T04:03:34.075+0000] {dagbag.py:538} INFO - Filling up the DagBag from /opt/airflow/dags/daily_student_pipeline.py
[2026-04-05T04:03:34.092+0000] {processor.py:840} INFO - DAG(s) 'daily_student_pipeline' retrieved from /opt/airflow/dags/daily_student_pipeline.py
[2026-04-05T04:03:34.116+0000] {logging_mixin.py:188} INFO - [2026-04-05T04:03:34.116+0000] {dag.py:3036} INFO - Sync 1 DAGs
[2026-04-05T04:03:34.139+0000] {logging_mixin.py:188} INFO - [2026-04-05T04:03:34.139+0000] {dag.py:3823} INFO - Setting next_dagrun for daily_student_pipeline to 2026-04-05 02:00:00+00:00, run_after=2026-04-06 02:00:00+00:00
[2026-04-05T04:03:34.160+0000] {processor.py:183} INFO - Processing /opt/airflow/dags/daily_student_pipeline.py took 0.089 seconds
[2026-04-05T04:04:04.493+0000] {processor.py:161} INFO - Started process (PID=2019) to work on /opt/airflow/dags/daily_student_pipeline.py
[2026-04-05T04:04:04.494+0000] {processor.py:830} INFO - Processing file /opt/airflow/dags/daily_student_pipeline.py for tasks to queue
[2026-04-05T04:04:04.495+0000] {logging_mixin.py:188} INFO - [2026-04-05T04:04:04.495+0000] {dagbag.py:538} INFO - Filling up the DagBag from /opt/airflow/dags/daily_student_pipeline.py
[2026-04-05T04:04:04.515+0000] {processor.py:840} INFO - DAG(s) 'daily_student_pipeline' retrieved from /opt/airflow/dags/daily_student_pipeline.py
[2026-04-05T04:04:04.544+0000] {logging_mixin.py:188} INFO - [2026-04-05T04:04:04.544+0000] {dag.py:3036} INFO - Sync 1 DAGs
[2026-04-05T04:04:04.566+0000] {logging_mixin.py:188} INFO - [2026-04-05T04:04:04.565+0000] {dag.py:3823} INFO - Setting next_dagrun for daily_student_pipeline to 2026-04-05 02:00:00+00:00, run_after=2026-04-06 02:00:00+00:00
[2026-04-05T04:04:04.590+0000] {processor.py:183} INFO - Processing /opt/airflow/dags/daily_student_pipeline.py took 0.100 seconds
[2026-04-05T04:04:34.899+0000] {processor.py:161} INFO - Started process (PID=2042) to work on /opt/airflow/dags/daily_student_pipeline.py
[2026-04-05T04:04:34.901+0000] {processor.py:830} INFO - Processing file /opt/airflow/dags/daily_student_pipeline.py for tasks to queue
[2026-04-05T04:04:34.902+0000] {logging_mixin.py:188} INFO - [2026-04-05T04:04:34.902+0000] {dagbag.py:538} INFO - Filling up the DagBag from /opt/airflow/dags/daily_student_pipeline.py
[2026-04-05T04:04:34.924+0000] {processor.py:840} INFO - DAG(s) 'daily_student_pipeline' retrieved from /opt/airflow/dags/daily_student_pipeline.py
[2026-04-05T04:04:34.949+0000] {logging_mixin.py:188} INFO - [2026-04-05T04:04:34.949+0000] {dag.py:3036} INFO - Sync 1 DAGs
[2026-04-05T04:04:34.970+0000] {logging_mixin.py:188} INFO - [2026-04-05T04:04:34.970+0000] {dag.py:3823} INFO - Setting next_dagrun for daily_student_pipeline to 2026-04-05 02:00:00+00:00, run_after=2026-04-06 02:00:00+00:00
[2026-04-05T04:04:34.995+0000] {processor.py:183} INFO - Processing /opt/airflow/dags/daily_student_pipeline.py took 0.099 seconds
[2026-04-05T04:05:05.292+0000] {processor.py:161} INFO - Started process (PID=2065) to work on /opt/airflow/dags/daily_student_pipeline.py
[2026-04-05T04:05:05.293+0000] {processor.py:830} INFO - Processing file /opt/airflow/dags/daily_student_pipeline.py for tasks to queue
[2026-04-05T04:05:05.294+0000] {logging_mixin.py:188} INFO - [2026-04-05T04:05:05.294+0000] {dagbag.py:538} INFO - Filling up the DagBag from /opt/airflow/dags/daily_student_pipeline.py
[2026-04-05T04:05:05.319+0000] {processor.py:840} INFO - DAG(s) 'daily_student_pipeline' retrieved from /opt/airflow/dags/daily_student_pipeline.py
[2026-04-05T04:05:05.349+0000] {logging_mixin.py:188} INFO - [2026-04-05T04:05:05.349+0000] {dag.py:3036} INFO - Sync 1 DAGs
[2026-04-05T04:05:05.370+0000] {logging_mixin.py:188} INFO - [2026-04-05T04:05:05.370+0000] {dag.py:3823} INFO - Setting next_dagrun for daily_student_pipeline to 2026-04-05 02:00:00+00:00, run_after=2026-04-06 02:00:00+00:00
[2026-04-05T04:05:05.396+0000] {processor.py:183} INFO - Processing /opt/airflow/dags/daily_student_pipeline.py took 0.106 seconds
[2026-04-05T04:05:35.583+0000] {processor.py:161} INFO - Started process (PID=2088) to work on /opt/airflow/dags/daily_student_pipeline.py
[2026-04-05T04:05:35.584+0000] {processor.py:830} INFO - Processing file /opt/airflow/dags/daily_student_pipeline.py for tasks to queue
[2026-04-05T04:05:35.585+0000] {logging_mixin.py:188} INFO - [2026-04-05T04:05:35.585+0000] {dagbag.py:538} INFO - Filling up the DagBag from /opt/airflow/dags/daily_student_pipeline.py
[2026-04-05T04:05:35.603+0000] {processor.py:840} INFO - DAG(s) 'daily_student_pipeline' retrieved from /opt/airflow/dags/daily_student_pipeline.py
[2026-04-05T04:05:35.629+0000] {logging_mixin.py:188} INFO - [2026-04-05T04:05:35.629+0000] {dag.py:3036} INFO - Sync 1 DAGs
[2026-04-05T04:05:35.651+0000] {logging_mixin.py:188} INFO - [2026-04-05T04:05:35.651+0000] {dag.py:3823} INFO - Setting next_dagrun for daily_student_pipeline to 2026-04-05 02:00:00+00:00, run_after=2026-04-06 02:00:00+00:00
[2026-04-05T04:05:35.671+0000] {processor.py:183} INFO - Processing /opt/airflow/dags/daily_student_pipeline.py took 0.090 seconds
[2026-04-05T04:06:06.005+0000] {processor.py:161} INFO - Started process (PID=2111) to work on /opt/airflow/dags/daily_student_pipeline.py
[2026-04-05T04:06:06.006+0000] {processor.py:830} INFO - Processing file /opt/airflow/dags/daily_student_pipeline.py for tasks to queue
[2026-04-05T04:06:06.007+0000] {logging_mixin.py:188} INFO - [2026-04-05T04:06:06.006+0000] {dagbag.py:538} INFO - Filling up the DagBag from /opt/airflow/dags/daily_student_pipeline.py
[2026-04-05T04:06:06.025+0000] {processor.py:840} INFO - DAG(s) 'daily_student_pipeline' retrieved from /opt/airflow/dags/daily_student_pipeline.py
[2026-04-05T04:06:06.051+0000] {logging_mixin.py:188} INFO - [2026-04-05T04:06:06.051+0000] {dag.py:3036} INFO - Sync 1 DAGs
[2026-04-05T04:06:06.072+0000] {logging_mixin.py:188} INFO - [2026-04-05T04:06:06.072+0000] {dag.py:3823} INFO - Setting next_dagrun for daily_student_pipeline to 2026-04-05 02:00:00+00:00, run_after=2026-04-06 02:00:00+00:00
[2026-04-05T04:06:06.099+0000] {processor.py:183} INFO - Processing /opt/airflow/dags/daily_student_pipeline.py took 0.097 seconds
[2026-04-05T04:06:36.392+0000] {processor.py:161} INFO - Started process (PID=2134) to work on /opt/airflow/dags/daily_student_pipeline.py
[2026-04-05T04:06:36.394+0000] {processor.py:830} INFO - Processing file /opt/airflow/dags/daily_student_pipeline.py for tasks to queue
[2026-04-05T04:06:36.395+0000] {logging_mixin.py:188} INFO - [2026-04-05T04:06:36.394+0000] {dagbag.py:538} INFO - Filling up the DagBag from /opt/airflow/dags/daily_student_pipeline.py
[2026-04-05T04:06:36.418+0000] {processor.py:840} INFO - DAG(s) 'daily_student_pipeline' retrieved from /opt/airflow/dags/daily_student_pipeline.py
[2026-04-05T04:06:36.447+0000] {logging_mixin.py:188} INFO - [2026-04-05T04:06:36.447+0000] {dag.py:3036} INFO - Sync 1 DAGs
[2026-04-05T04:06:36.468+0000] {logging_mixin.py:188} INFO - [2026-04-05T04:06:36.468+0000] {dag.py:3823} INFO - Setting next_dagrun for daily_student_pipeline to 2026-04-05 02:00:00+00:00, run_after=2026-04-06 02:00:00+00:00
[2026-04-05T04:06:36.485+0000] {processor.py:183} INFO - Processing /opt/airflow/dags/daily_student_pipeline.py took 0.096 seconds
[2026-04-05T04:07:06.930+0000] {processor.py:161} INFO - Started process (PID=2157) to work on /opt/airflow/dags/daily_student_pipeline.py
[2026-04-05T04:07:06.931+0000] {processor.py:830} INFO - Processing file /opt/airflow/dags/daily_student_pipeline.py for tasks to queue
[2026-04-05T04:07:06.932+0000] {logging_mixin.py:188} INFO - [2026-04-05T04:07:06.932+0000] {dagbag.py:538} INFO - Filling up the DagBag from /opt/airflow/dags/daily_student_pipeline.py
[2026-04-05T04:07:06.962+0000] {processor.py:840} INFO - DAG(s) 'daily_student_pipeline' retrieved from /opt/airflow/dags/daily_student_pipeline.py
[2026-04-05T04:07:06.993+0000] {logging_mixin.py:188} INFO - [2026-04-05T04:07:06.993+0000] {dag.py:3036} INFO - Sync 1 DAGs
[2026-04-05T04:07:07.014+0000] {logging_mixin.py:188} INFO - [2026-04-05T04:07:07.014+0000] {dag.py:3823} INFO - Setting next_dagrun for daily_student_pipeline to 2026-04-05 02:00:00+00:00, run_after=2026-04-06 02:00:00+00:00
[2026-04-05T04:07:07.035+0000] {processor.py:183} INFO - Processing /opt/airflow/dags/daily_student_pipeline.py took 0.108 seconds
[2026-04-05T04:07:37.470+0000] {processor.py:161} INFO - Started process (PID=2180) to work on /opt/airflow/dags/daily_student_pipeline.py
[2026-04-05T04:07:37.472+0000] {processor.py:830} INFO - Processing file /opt/airflow/dags/daily_student_pipeline.py for tasks to queue
[2026-04-05T04:07:37.473+0000] {logging_mixin.py:188} INFO - [2026-04-05T04:07:37.472+0000] {dagbag.py:538} INFO - Filling up the DagBag from /opt/airflow/dags/daily_student_pipeline.py
[2026-04-05T04:07:37.514+0000] {processor.py:840} INFO - DAG(s) 'daily_student_pipeline' retrieved from /opt/airflow/dags/daily_student_pipeline.py
[2026-04-05T04:07:37.568+0000] {logging_mixin.py:188} INFO - [2026-04-05T04:07:37.568+0000] {dag.py:3036} INFO - Sync 1 DAGs
[2026-04-05T04:07:37.600+0000] {logging_mixin.py:188} INFO - [2026-04-05T04:07:37.600+0000] {dag.py:3823} INFO - Setting next_dagrun for daily_student_pipeline to 2026-04-05 02:00:00+00:00, run_after=2026-04-06 02:00:00+00:00
[2026-04-05T04:07:37.630+0000] {processor.py:183} INFO - Processing /opt/airflow/dags/daily_student_pipeline.py took 0.162 seconds
[2026-04-05T04:08:07.770+0000] {processor.py:161} INFO - Started process (PID=2203) to work on /opt/airflow/dags/daily_student_pipeline.py
[2026-04-05T04:08:07.771+0000] {processor.py:830} INFO - Processing file /opt/airflow/dags/daily_student_pipeline.py for tasks to queue
[2026-04-05T04:08:07.772+0000] {logging_mixin.py:188} INFO - [2026-04-05T04:08:07.772+0000] {dagbag.py:538} INFO - Filling up the DagBag from /opt/airflow/dags/daily_student_pipeline.py
[2026-04-05T04:08:07.797+0000] {processor.py:840} INFO - DAG(s) 'daily_student_pipeline' retrieved from /opt/airflow/dags/daily_student_pipeline.py
[2026-04-05T04:08:07.824+0000] {logging_mixin.py:188} INFO - [2026-04-05T04:08:07.823+0000] {dag.py:3036} INFO - Sync 1 DAGs
[2026-04-05T04:08:07.845+0000] {logging_mixin.py:188} INFO - [2026-04-05T04:08:07.845+0000] {dag.py:3823} INFO - Setting next_dagrun for daily_student_pipeline to 2026-04-05 02:00:00+00:00, run_after=2026-04-06 02:00:00+00:00
[2026-04-05T04:08:07.866+0000] {processor.py:183} INFO - Processing /opt/airflow/dags/daily_student_pipeline.py took 0.098 seconds
[2026-04-05T04:08:38.191+0000] {processor.py:161} INFO - Started process (PID=2226) to work on /opt/airflow/dags/daily_student_pipeline.py
[2026-04-05T04:08:38.193+0000] {processor.py:830} INFO - Processing file /opt/airflow/dags/daily_student_pipeline.py for tasks to queue
[2026-04-05T04:08:38.194+0000] {logging_mixin.py:188} INFO - [2026-04-05T04:08:38.193+0000] {dagbag.py:538} INFO - Filling up the DagBag from /opt/airflow/dags/daily_student_pipeline.py
[2026-04-05T04:08:38.221+0000] {processor.py:840} INFO - DAG(s) 'daily_student_pipeline' retrieved from /opt/airflow/dags/daily_student_pipeline.py
[2026-04-05T04:08:38.250+0000] {logging_mixin.py:188} INFO - [2026-04-05T04:08:38.250+0000] {dag.py:3036} INFO - Sync 1 DAGs
[2026-04-05T04:08:38.274+0000] {logging_mixin.py:188} INFO - [2026-04-05T04:08:38.274+0000] {dag.py:3823} INFO - Setting next_dagrun for daily_student_pipeline to 2026-04-05 02:00:00+00:00, run_after=2026-04-06 02:00:00+00:00
[2026-04-05T04:08:38.300+0000] {processor.py:183} INFO - Processing /opt/airflow/dags/daily_student_pipeline.py took 0.113 seconds
[2026-04-05T04:09:08.589+0000] {processor.py:161} INFO - Started process (PID=2249) to work on /opt/airflow/dags/daily_student_pipeline.py
[2026-04-05T04:09:08.590+0000] {processor.py:830} INFO - Processing file /opt/airflow/dags/daily_student_pipeline.py for tasks to queue
[2026-04-05T04:09:08.591+0000] {logging_mixin.py:188} INFO - [2026-04-05T04:09:08.591+0000] {dagbag.py:538} INFO - Filling up the DagBag from /opt/airflow/dags/daily_student_pipeline.py
[2026-04-05T04:09:08.611+0000] {processor.py:840} INFO - DAG(s) 'daily_student_pipeline' retrieved from /opt/airflow/dags/daily_student_pipeline.py
[2026-04-05T04:09:08.640+0000] {logging_mixin.py:188} INFO - [2026-04-05T04:09:08.640+0000] {dag.py:3036} INFO - Sync 1 DAGs
[2026-04-05T04:09:08.663+0000] {logging_mixin.py:188} INFO - [2026-04-05T04:09:08.663+0000] {dag.py:3823} INFO - Setting next_dagrun for daily_student_pipeline to 2026-04-05 02:00:00+00:00, run_after=2026-04-06 02:00:00+00:00
[2026-04-05T04:09:08.687+0000] {processor.py:183} INFO - Processing /opt/airflow/dags/daily_student_pipeline.py took 0.100 seconds
[2026-04-05T04:09:39.014+0000] {processor.py:161} INFO - Started process (PID=2272) to work on /opt/airflow/dags/daily_student_pipeline.py
[2026-04-05T04:09:39.015+0000] {processor.py:830} INFO - Processing file /opt/airflow/dags/daily_student_pipeline.py for tasks to queue
[2026-04-05T04:09:39.016+0000] {logging_mixin.py:188} INFO - [2026-04-05T04:09:39.016+0000] {dagbag.py:538} INFO - Filling up the DagBag from /opt/airflow/dags/daily_student_pipeline.py
[2026-04-05T04:09:39.036+0000] {processor.py:840} INFO - DAG(s) 'daily_student_pipeline' retrieved from /opt/airflow/dags/daily_student_pipeline.py
[2026-04-05T04:09:39.064+0000] {logging_mixin.py:188} INFO - [2026-04-05T04:09:39.063+0000] {dag.py:3036} INFO - Sync 1 DAGs
[2026-04-05T04:09:39.087+0000] {logging_mixin.py:188} INFO - [2026-04-05T04:09:39.086+0000] {dag.py:3823} INFO - Setting next_dagrun for daily_student_pipeline to 2026-04-05 02:00:00+00:00, run_after=2026-04-06 02:00:00+00:00
[2026-04-05T04:09:39.113+0000] {processor.py:183} INFO - Processing /opt/airflow/dags/daily_student_pipeline.py took 0.101 seconds
[2026-04-05T04:10:09.488+0000] {processor.py:161} INFO - Started process (PID=2295) to work on /opt/airflow/dags/daily_student_pipeline.py
[2026-04-05T04:10:09.490+0000] {processor.py:830} INFO - Processing file /opt/airflow/dags/daily_student_pipeline.py for tasks to queue
[2026-04-05T04:10:09.491+0000] {logging_mixin.py:188} INFO - [2026-04-05T04:10:09.491+0000] {dagbag.py:538} INFO - Filling up the DagBag from /opt/airflow/dags/daily_student_pipeline.py
[2026-04-05T04:10:09.517+0000] {processor.py:840} INFO - DAG(s) 'daily_student_pipeline' retrieved from /opt/airflow/dags/daily_student_pipeline.py
[2026-04-05T04:10:09.559+0000] {logging_mixin.py:188} INFO - [2026-04-05T04:10:09.559+0000] {dag.py:3036} INFO - Sync 1 DAGs
[2026-04-05T04:10:09.592+0000] {logging_mixin.py:188} INFO - [2026-04-05T04:10:09.592+0000] {dag.py:3823} INFO - Setting next_dagrun for daily_student_pipeline to 2026-04-05 02:00:00+00:00, run_after=2026-04-06 02:00:00+00:00
[2026-04-05T04:10:09.630+0000] {processor.py:183} INFO - Processing /opt/airflow/dags/daily_student_pipeline.py took 0.144 seconds
[2026-04-05T04:10:39.929+0000] {processor.py:161} INFO - Started process (PID=2318) to work on /opt/airflow/dags/daily_student_pipeline.py
[2026-04-05T04:10:39.930+0000] {processor.py:830} INFO - Processing file /opt/airflow/dags/daily_student_pipeline.py for tasks to queue
[2026-04-05T04:10:39.932+0000] {logging_mixin.py:188} INFO - [2026-04-05T04:10:39.931+0000] {dagbag.py:538} INFO - Filling up the DagBag from /opt/airflow/dags/daily_student_pipeline.py
[2026-04-05T04:10:39.951+0000] {processor.py:840} INFO - DAG(s) 'daily_student_pipeline' retrieved from /opt/airflow/dags/daily_student_pipeline.py
[2026-04-05T04:10:39.978+0000] {logging_mixin.py:188} INFO - [2026-04-05T04:10:39.978+0000] {dag.py:3036} INFO - Sync 1 DAGs
[2026-04-05T04:10:39.999+0000] {logging_mixin.py:188} INFO - [2026-04-05T04:10:39.999+0000] {dag.py:3823} INFO - Setting next_dagrun for daily_student_pipeline to 2026-04-05 02:00:00+00:00, run_after=2026-04-06 02:00:00+00:00
[2026-04-05T04:10:40.020+0000] {processor.py:183} INFO - Processing /opt/airflow/dags/daily_student_pipeline.py took 0.093 seconds
[2026-04-05T04:11:10.348+0000] {processor.py:161} INFO - Started process (PID=2342) to work on /opt/airflow/dags/daily_student_pipeline.py
[2026-04-05T04:11:10.350+0000] {processor.py:830} INFO - Processing file /opt/airflow/dags/daily_student_pipeline.py for tasks to queue
[2026-04-05T04:11:10.351+0000] {logging_mixin.py:188} INFO - [2026-04-05T04:11:10.350+0000] {dagbag.py:538} INFO - Filling up the DagBag from /opt/airflow/dags/daily_student_pipeline.py
[2026-04-05T04:11:10.391+0000] {processor.py:840} INFO - DAG(s) 'daily_student_pipeline' retrieved from /opt/airflow/dags/daily_student_pipeline.py
[2026-04-05T04:11:10.419+0000] {logging_mixin.py:188} INFO - [2026-04-05T04:11:10.419+0000] {dag.py:3036} INFO - Sync 1 DAGs
[2026-04-05T04:11:10.440+0000] {logging_mixin.py:188} INFO - [2026-04-05T04:11:10.439+0000] {dag.py:3823} INFO - Setting next_dagrun for daily_student_pipeline to 2026-04-05 02:00:00+00:00, run_after=2026-04-06 02:00:00+00:00
[2026-04-05T04:11:10.461+0000] {processor.py:183} INFO - Processing /opt/airflow/dags/daily_student_pipeline.py took 0.115 seconds
[2026-04-05T04:11:40.759+0000] {processor.py:161} INFO - Started process (PID=2365) to work on /opt/airflow/dags/daily_student_pipeline.py
[2026-04-05T04:11:40.760+0000] {processor.py:830} INFO - Processing file /opt/airflow/dags/daily_student_pipeline.py for tasks to queue
[2026-04-05T04:11:40.761+0000] {logging_mixin.py:188} INFO - [2026-04-05T04:11:40.760+0000] {dagbag.py:538} INFO - Filling up the DagBag from /opt/airflow/dags/daily_student_pipeline.py
[2026-04-05T04:11:40.785+0000] {processor.py:840} INFO - DAG(s) 'daily_student_pipeline' retrieved from /opt/airflow/dags/daily_student_pipeline.py
[2026-04-05T04:11:40.813+0000] {logging_mixin.py:188} INFO - [2026-04-05T04:11:40.813+0000] {dag.py:3036} INFO - Sync 1 DAGs
[2026-04-05T04:11:40.836+0000] {logging_mixin.py:188} INFO - [2026-04-05T04:11:40.836+0000] {dag.py:3823} INFO - Setting next_dagrun for daily_student_pipeline to 2026-04-05 02:00:00+00:00, run_after=2026-04-06 02:00:00+00:00
[2026-04-05T04:11:40.856+0000] {processor.py:183} INFO - Processing /opt/airflow/dags/daily_student_pipeline.py took 0.100 seconds
[2026-04-05T04:12:11.151+0000] {processor.py:161} INFO - Started process (PID=2380) to work on /opt/airflow/dags/daily_student_pipeline.py
[2026-04-05T04:12:11.152+0000] {processor.py:830} INFO - Processing file /opt/airflow/dags/daily_student_pipeline.py for tasks to queue
[2026-04-05T04:12:11.153+0000] {logging_mixin.py:188} INFO - [2026-04-05T04:12:11.153+0000] {dagbag.py:538} INFO - Filling up the DagBag from /opt/airflow/dags/daily_student_pipeline.py
[2026-04-05T04:12:11.177+0000] {processor.py:840} INFO - DAG(s) 'daily_student_pipeline' retrieved from /opt/airflow/dags/daily_student_pipeline.py
[2026-04-05T04:12:11.205+0000] {logging_mixin.py:188} INFO - [2026-04-05T04:12:11.205+0000] {dag.py:3036} INFO - Sync 1 DAGs
[2026-04-05T04:12:11.227+0000] {logging_mixin.py:188} INFO - [2026-04-05T04:12:11.226+0000] {dag.py:3823} INFO - Setting next_dagrun for daily_student_pipeline to 2026-04-05 02:00:00+00:00, run_after=2026-04-06 02:00:00+00:00
[2026-04-05T04:12:11.247+0000] {processor.py:183} INFO - Processing /opt/airflow/dags/daily_student_pipeline.py took 0.099 seconds
[2026-04-05T04:12:41.558+0000] {processor.py:161} INFO - Started process (PID=2403) to work on /opt/airflow/dags/daily_student_pipeline.py
[2026-04-05T04:12:41.559+0000] {processor.py:830} INFO - Processing file /opt/airflow/dags/daily_student_pipeline.py for tasks to queue
[2026-04-05T04:12:41.560+0000] {logging_mixin.py:188} INFO - [2026-04-05T04:12:41.560+0000] {dagbag.py:538} INFO - Filling up the DagBag from /opt/airflow/dags/daily_student_pipeline.py
[2026-04-05T04:12:41.584+0000] {processor.py:840} INFO - DAG(s) 'daily_student_pipeline' retrieved from /opt/airflow/dags/daily_student_pipeline.py
[2026-04-05T04:12:41.612+0000] {logging_mixin.py:188} INFO - [2026-04-05T04:12:41.612+0000] {dag.py:3036} INFO - Sync 1 DAGs
[2026-04-05T04:12:41.634+0000] {logging_mixin.py:188} INFO - [2026-04-05T04:12:41.633+0000] {dag.py:3823} INFO - Setting next_dagrun for daily_student_pipeline to 2026-04-05 02:00:00+00:00, run_after=2026-04-06 02:00:00+00:00
[2026-04-05T04:12:41.657+0000] {processor.py:183} INFO - Processing /opt/airflow/dags/daily_student_pipeline.py took 0.103 seconds
[2026-04-05T04:13:12.190+0000] {processor.py:161} INFO - Started process (PID=2426) to work on /opt/airflow/dags/daily_student_pipeline.py
[2026-04-05T04:13:12.192+0000] {processor.py:830} INFO - Processing file /opt/airflow/dags/daily_student_pipeline.py for tasks to queue
[2026-04-05T04:13:12.193+0000] {logging_mixin.py:188} INFO - [2026-04-05T04:13:12.192+0000] {dagbag.py:538} INFO - Filling up the DagBag from /opt/airflow/dags/daily_student_pipeline.py
[2026-04-05T04:13:12.219+0000] {processor.py:840} INFO - DAG(s) 'daily_student_pipeline' retrieved from /opt/airflow/dags/daily_student_pipeline.py
[2026-04-05T04:13:12.250+0000] {logging_mixin.py:188} INFO - [2026-04-05T04:13:12.250+0000] {dag.py:3036} INFO - Sync 1 DAGs
[2026-04-05T04:13:12.276+0000] {logging_mixin.py:188} INFO - [2026-04-05T04:13:12.275+0000] {dag.py:3823} INFO - Setting next_dagrun for daily_student_pipeline to 2026-04-05 02:00:00+00:00, run_after=2026-04-06 02:00:00+00:00
[2026-04-05T04:13:12.297+0000] {processor.py:183} INFO - Processing /opt/airflow/dags/daily_student_pipeline.py took 0.109 seconds
[2026-04-05T04:13:42.629+0000] {processor.py:161} INFO - Started process (PID=2449) to work on /opt/airflow/dags/daily_student_pipeline.py
[2026-04-05T04:13:42.631+0000] {processor.py:830} INFO - Processing file /opt/airflow/dags/daily_student_pipeline.py for tasks to queue
[2026-04-05T04:13:42.633+0000] {logging_mixin.py:188} INFO - [2026-04-05T04:13:42.632+0000] {dagbag.py:538} INFO - Filling up the DagBag from /opt/airflow/dags/daily_student_pipeline.py
[2026-04-05T04:13:42.669+0000] {processor.py:840} INFO - DAG(s) 'daily_student_pipeline' retrieved from /opt/airflow/dags/daily_student_pipeline.py
[2026-04-05T04:13:42.706+0000] {logging_mixin.py:188} INFO - [2026-04-05T04:13:42.705+0000] {dag.py:3036} INFO - Sync 1 DAGs
[2026-04-05T04:13:42.740+0000] {logging_mixin.py:188} INFO - [2026-04-05T04:13:42.740+0000] {dag.py:3823} INFO - Setting next_dagrun for daily_student_pipeline to 2026-04-05 02:00:00+00:00, run_after=2026-04-06 02:00:00+00:00
[2026-04-05T04:13:42.766+0000] {processor.py:183} INFO - Processing /opt/airflow/dags/daily_student_pipeline.py took 0.141 seconds
[2026-04-05T04:14:12.900+0000] {processor.py:161} INFO - Started process (PID=2472) to work on /opt/airflow/dags/daily_student_pipeline.py
[2026-04-05T04:14:12.901+0000] {processor.py:830} INFO - Processing file /opt/airflow/dags/daily_student_pipeline.py for tasks to queue
[2026-04-05T04:14:12.902+0000] {logging_mixin.py:188} INFO - [2026-04-05T04:14:12.902+0000] {dagbag.py:538} INFO - Filling up the DagBag from /opt/airflow/dags/daily_student_pipeline.py
[2026-04-05T04:14:12.924+0000] {processor.py:840} INFO - DAG(s) 'daily_student_pipeline' retrieved from /opt/airflow/dags/daily_student_pipeline.py
[2026-04-05T04:14:12.955+0000] {logging_mixin.py:188} INFO - [2026-04-05T04:14:12.955+0000] {dag.py:3036} INFO - Sync 1 DAGs
[2026-04-05T04:14:12.978+0000] {logging_mixin.py:188} INFO - [2026-04-05T04:14:12.978+0000] {dag.py:3823} INFO - Setting next_dagrun for daily_student_pipeline to 2026-04-05 02:00:00+00:00, run_after=2026-04-06 02:00:00+00:00
[2026-04-05T04:14:13.004+0000] {processor.py:183} INFO - Processing /opt/airflow/dags/daily_student_pipeline.py took 0.108 seconds
[2026-04-05T04:14:43.280+0000] {processor.py:161} INFO - Started process (PID=2495) to work on /opt/airflow/dags/daily_student_pipeline.py
[2026-04-05T04:14:43.281+0000] {processor.py:830} INFO - Processing file /opt/airflow/dags/daily_student_pipeline.py for tasks to queue
[2026-04-05T04:14:43.282+0000] {logging_mixin.py:188} INFO - [2026-04-05T04:14:43.282+0000] {dagbag.py:538} INFO - Filling up the DagBag from /opt/airflow/dags/daily_student_pipeline.py
[2026-04-05T04:14:43.306+0000] {processor.py:840} INFO - DAG(s) 'daily_student_pipeline' retrieved from /opt/airflow/dags/daily_student_pipeline.py
[2026-04-05T04:14:43.334+0000] {logging_mixin.py:188} INFO - [2026-04-05T04:14:43.334+0000] {dag.py:3036} INFO - Sync 1 DAGs
[2026-04-05T04:14:43.359+0000] {logging_mixin.py:188} INFO - [2026-04-05T04:14:43.359+0000] {dag.py:3823} INFO - Setting next_dagrun for daily_student_pipeline to 2026-04-05 02:00:00+00:00, run_after=2026-04-06 02:00:00+00:00
[2026-04-05T04:14:43.383+0000] {processor.py:183} INFO - Processing /opt/airflow/dags/daily_student_pipeline.py took 0.106 seconds
[2026-04-05T04:15:13.764+0000] {processor.py:161} INFO - Started process (PID=2518) to work on /opt/airflow/dags/daily_student_pipeline.py
[2026-04-05T04:15:13.766+0000] {processor.py:830} INFO - Processing file /opt/airflow/dags/daily_student_pipeline.py for tasks to queue
[2026-04-05T04:15:13.767+0000] {logging_mixin.py:188} INFO - [2026-04-05T04:15:13.766+0000] {dagbag.py:538} INFO - Filling up the DagBag from /opt/airflow/dags/daily_student_pipeline.py
[2026-04-05T04:15:13.789+0000] {processor.py:840} INFO - DAG(s) 'daily_student_pipeline' retrieved from /opt/airflow/dags/daily_student_pipeline.py
[2026-04-05T04:15:13.816+0000] {logging_mixin.py:188} INFO - [2026-04-05T04:15:13.816+0000] {dag.py:3036} INFO - Sync 1 DAGs
[2026-04-05T04:15:13.837+0000] {logging_mixin.py:188} INFO - [2026-04-05T04:15:13.837+0000] {dag.py:3823} INFO - Setting next_dagrun for daily_student_pipeline to 2026-04-05 02:00:00+00:00, run_after=2026-04-06 02:00:00+00:00
[2026-04-05T04:15:13.864+0000] {processor.py:183} INFO - Processing /opt/airflow/dags/daily_student_pipeline.py took 0.103 seconds
[2026-04-05T04:15:44.139+0000] {processor.py:161} INFO - Started process (PID=2541) to work on /opt/airflow/dags/daily_student_pipeline.py
[2026-04-05T04:15:44.141+0000] {processor.py:830} INFO - Processing file /opt/airflow/dags/daily_student_pipeline.py for tasks to queue
[2026-04-05T04:15:44.143+0000] {logging_mixin.py:188} INFO - [2026-04-05T04:15:44.143+0000] {dagbag.py:538} INFO - Filling up the DagBag from /opt/airflow/dags/daily_student_pipeline.py
[2026-04-05T04:15:44.164+0000] {processor.py:840} INFO - DAG(s) 'daily_student_pipeline' retrieved from /opt/airflow/dags/daily_student_pipeline.py
[2026-04-05T04:15:44.194+0000] {logging_mixin.py:188} INFO - [2026-04-05T04:15:44.193+0000] {dag.py:3036} INFO - Sync 1 DAGs
[2026-04-05T04:15:44.215+0000] {logging_mixin.py:188} INFO - [2026-04-05T04:15:44.215+0000] {dag.py:3823} INFO - Setting next_dagrun for daily_student_pipeline to 2026-04-05 02:00:00+00:00, run_after=2026-04-06 02:00:00+00:00
[2026-04-05T04:15:44.240+0000] {processor.py:183} INFO - Processing /opt/airflow/dags/daily_student_pipeline.py took 0.104 seconds
[2026-04-05T04:16:14.611+0000] {processor.py:161} INFO - Started process (PID=2564) to work on /opt/airflow/dags/daily_student_pipeline.py
[2026-04-05T04:16:14.612+0000] {processor.py:830} INFO - Processing file /opt/airflow/dags/daily_student_pipeline.py for tasks to queue
[2026-04-05T04:16:14.613+0000] {logging_mixin.py:188} INFO - [2026-04-05T04:16:14.613+0000] {dagbag.py:538} INFO - Filling up the DagBag from /opt/airflow/dags/daily_student_pipeline.py
[2026-04-05T04:16:14.636+0000] {processor.py:840} INFO - DAG(s) 'daily_student_pipeline' retrieved from /opt/airflow/dags/daily_student_pipeline.py
[2026-04-05T04:16:14.662+0000] {logging_mixin.py:188} INFO - [2026-04-05T04:16:14.662+0000] {dag.py:3036} INFO - Sync 1 DAGs
[2026-04-05T04:16:14.686+0000] {logging_mixin.py:188} INFO - [2026-04-05T04:16:14.686+0000] {dag.py:3823} INFO - Setting next_dagrun for daily_student_pipeline to 2026-04-05 02:00:00+00:00, run_after=2026-04-06 02:00:00+00:00
[2026-04-05T04:16:14.708+0000] {processor.py:183} INFO - Processing /opt/airflow/dags/daily_student_pipeline.py took 0.100 seconds
[2026-04-05T04:16:44.976+0000] {processor.py:161} INFO - Started process (PID=2588) to work on /opt/airflow/dags/daily_student_pipeline.py
[2026-04-05T04:16:44.977+0000] {processor.py:830} INFO - Processing file /opt/airflow/dags/daily_student_pipeline.py for tasks to queue
[2026-04-05T04:16:44.978+0000] {logging_mixin.py:188} INFO - [2026-04-05T04:16:44.978+0000] {dagbag.py:538} INFO - Filling up the DagBag from /opt/airflow/dags/daily_student_pipeline.py
[2026-04-05T04:16:44.995+0000] {processor.py:840} INFO - DAG(s) 'daily_student_pipeline' retrieved from /opt/airflow/dags/daily_student_pipeline.py
[2026-04-05T04:16:45.023+0000] {logging_mixin.py:188} INFO - [2026-04-05T04:16:45.023+0000] {dag.py:3036} INFO - Sync 1 DAGs
[2026-04-05T04:16:45.045+0000] {logging_mixin.py:188} INFO - [2026-04-05T04:16:45.045+0000] {dag.py:3823} INFO - Setting next_dagrun for daily_student_pipeline to 2026-04-05 02:00:00+00:00, run_after=2026-04-06 02:00:00+00:00
[2026-04-05T04:16:45.069+0000] {processor.py:183} INFO - Processing /opt/airflow/dags/daily_student_pipeline.py took 0.095 seconds
[2026-04-05T04:17:15.421+0000] {processor.py:161} INFO - Started process (PID=2611) to work on /opt/airflow/dags/daily_student_pipeline.py
[2026-04-05T04:17:15.422+0000] {processor.py:830} INFO - Processing file /opt/airflow/dags/daily_student_pipeline.py for tasks to queue
[2026-04-05T04:17:15.423+0000] {logging_mixin.py:188} INFO - [2026-04-05T04:17:15.423+0000] {dagbag.py:538} INFO - Filling up the DagBag from /opt/airflow/dags/daily_student_pipeline.py
[2026-04-05T04:17:15.441+0000] {processor.py:840} INFO - DAG(s) 'daily_student_pipeline' retrieved from /opt/airflow/dags/daily_student_pipeline.py
[2026-04-05T04:17:15.466+0000] {logging_mixin.py:188} INFO - [2026-04-05T04:17:15.466+0000] {dag.py:3036} INFO - Sync 1 DAGs
[2026-04-05T04:17:15.486+0000] {logging_mixin.py:188} INFO - [2026-04-05T04:17:15.485+0000] {dag.py:3823} INFO - Setting next_dagrun for daily_student_pipeline to 2026-04-05 02:00:00+00:00, run_after=2026-04-06 02:00:00+00:00
[2026-04-05T04:17:15.509+0000] {processor.py:183} INFO - Processing /opt/airflow/dags/daily_student_pipeline.py took 0.090 seconds
[2026-04-05T04:17:45.835+0000] {processor.py:161} INFO - Started process (PID=2634) to work on /opt/airflow/dags/daily_student_pipeline.py
[2026-04-05T04:17:45.836+0000] {processor.py:830} INFO - Processing file /opt/airflow/dags/daily_student_pipeline.py for tasks to queue
[2026-04-05T04:17:45.837+0000] {logging_mixin.py:188} INFO - [2026-04-05T04:17:45.837+0000] {dagbag.py:538} INFO - Filling up the DagBag from /opt/airflow/dags/daily_student_pipeline.py
[2026-04-05T04:17:45.854+0000] {processor.py:840} INFO - DAG(s) 'daily_student_pipeline' retrieved from /opt/airflow/dags/daily_student_pipeline.py
[2026-04-05T04:17:45.879+0000] {logging_mixin.py:188} INFO - [2026-04-05T04:17:45.879+0000] {dag.py:3036} INFO - Sync 1 DAGs
[2026-04-05T04:17:45.903+0000] {logging_mixin.py:188} INFO - [2026-04-05T04:17:45.903+0000] {dag.py:3823} INFO - Setting next_dagrun for daily_student_pipeline to 2026-04-05 02:00:00+00:00, run_after=2026-04-06 02:00:00+00:00
[2026-04-05T04:17:45.927+0000] {processor.py:183} INFO - Processing /opt/airflow/dags/daily_student_pipeline.py took 0.095 seconds
[2026-04-05T04:18:16.297+0000] {processor.py:161} INFO - Started process (PID=2657) to work on /opt/airflow/dags/daily_student_pipeline.py
[2026-04-05T04:18:16.298+0000] {processor.py:830} INFO - Processing file /opt/airflow/dags/daily_student_pipeline.py for tasks to queue
[2026-04-05T04:18:16.299+0000] {logging_mixin.py:188} INFO - [2026-04-05T04:18:16.298+0000] {dagbag.py:538} INFO - Filling up the DagBag from /opt/airflow/dags/daily_student_pipeline.py
[2026-04-05T04:18:16.318+0000] {processor.py:840} INFO - DAG(s) 'daily_student_pipeline' retrieved from /opt/airflow/dags/daily_student_pipeline.py
[2026-04-05T04:18:16.343+0000] {logging_mixin.py:188} INFO - [2026-04-05T04:18:16.343+0000] {dag.py:3036} INFO - Sync 1 DAGs
[2026-04-05T04:18:16.364+0000] {logging_mixin.py:188} INFO - [2026-04-05T04:18:16.364+0000] {dag.py:3823} INFO - Setting next_dagrun for daily_student_pipeline to 2026-04-05 02:00:00+00:00, run_after=2026-04-06 02:00:00+00:00
[2026-04-05T04:18:16.387+0000] {processor.py:183} INFO - Processing /opt/airflow/dags/daily_student_pipeline.py took 0.093 seconds
[2026-04-05T04:18:46.692+0000] {processor.py:161} INFO - Started process (PID=2680) to work on /opt/airflow/dags/daily_student_pipeline.py
[2026-04-05T04:18:46.693+0000] {processor.py:830} INFO - Processing file /opt/airflow/dags/daily_student_pipeline.py for tasks to queue
[2026-04-05T04:18:46.694+0000] {logging_mixin.py:188} INFO - [2026-04-05T04:18:46.693+0000] {dagbag.py:538} INFO - Filling up the DagBag from /opt/airflow/dags/daily_student_pipeline.py
[2026-04-05T04:18:46.711+0000] {processor.py:840} INFO - DAG(s) 'daily_student_pipeline' retrieved from /opt/airflow/dags/daily_student_pipeline.py
[2026-04-05T04:18:46.736+0000] {logging_mixin.py:188} INFO - [2026-04-05T04:18:46.736+0000] {dag.py:3036} INFO - Sync 1 DAGs
[2026-04-05T04:18:46.763+0000] {logging_mixin.py:188} INFO - [2026-04-05T04:18:46.763+0000] {dag.py:3823} INFO - Setting next_dagrun for daily_student_pipeline to 2026-04-05 02:00:00+00:00, run_after=2026-04-06 02:00:00+00:00
[2026-04-05T04:18:46.797+0000] {processor.py:183} INFO - Processing /opt/airflow/dags/daily_student_pipeline.py took 0.108 seconds
[2026-04-05T04:19:17.167+0000] {processor.py:161} INFO - Started process (PID=2703) to work on /opt/airflow/dags/daily_student_pipeline.py
[2026-04-05T04:19:17.168+0000] {processor.py:830} INFO - Processing file /opt/airflow/dags/daily_student_pipeline.py for tasks to queue
[2026-04-05T04:19:17.169+0000] {logging_mixin.py:188} INFO - [2026-04-05T04:19:17.168+0000] {dagbag.py:538} INFO - Filling up the DagBag from /opt/airflow/dags/daily_student_pipeline.py
[2026-04-05T04:19:17.189+0000] {processor.py:840} INFO - DAG(s) 'daily_student_pipeline' retrieved from /opt/airflow/dags/daily_student_pipeline.py
[2026-04-05T04:19:17.217+0000] {logging_mixin.py:188} INFO - [2026-04-05T04:19:17.217+0000] {dag.py:3036} INFO - Sync 1 DAGs
[2026-04-05T04:19:17.238+0000] {logging_mixin.py:188} INFO - [2026-04-05T04:19:17.238+0000] {dag.py:3823} INFO - Setting next_dagrun for daily_student_pipeline to 2026-04-05 02:00:00+00:00, run_after=2026-04-06 02:00:00+00:00
[2026-04-05T04:19:17.285+0000] {processor.py:183} INFO - Processing /opt/airflow/dags/daily_student_pipeline.py took 0.121 seconds
[2026-04-05T04:19:47.435+0000] {processor.py:161} INFO - Started process (PID=2726) to work on /opt/airflow/dags/daily_student_pipeline.py
[2026-04-05T04:19:47.437+0000] {processor.py:830} INFO - Processing file /opt/airflow/dags/daily_student_pipeline.py for tasks to queue
[2026-04-05T04:19:47.438+0000] {logging_mixin.py:188} INFO - [2026-04-05T04:19:47.438+0000] {dagbag.py:538} INFO - Filling up the DagBag from /opt/airflow/dags/daily_student_pipeline.py
[2026-04-05T04:19:47.462+0000] {processor.py:840} INFO - DAG(s) 'daily_student_pipeline' retrieved from /opt/airflow/dags/daily_student_pipeline.py
[2026-04-05T04:19:47.492+0000] {logging_mixin.py:188} INFO - [2026-04-05T04:19:47.492+0000] {dag.py:3036} INFO - Sync 1 DAGs
[2026-04-05T04:19:47.512+0000] {logging_mixin.py:188} INFO - [2026-04-05T04:19:47.511+0000] {dag.py:3823} INFO - Setting next_dagrun for daily_student_pipeline to 2026-04-05 02:00:00+00:00, run_after=2026-04-06 02:00:00+00:00
[2026-04-05T04:19:47.532+0000] {processor.py:183} INFO - Processing /opt/airflow/dags/daily_student_pipeline.py took 0.100 seconds
[2026-04-05T04:20:17.964+0000] {processor.py:161} INFO - Started process (PID=2749) to work on /opt/airflow/dags/daily_student_pipeline.py
[2026-04-05T04:20:17.965+0000] {processor.py:830} INFO - Processing file /opt/airflow/dags/daily_student_pipeline.py for tasks to queue
[2026-04-05T04:20:17.966+0000] {logging_mixin.py:188} INFO - [2026-04-05T04:20:17.965+0000] {dagbag.py:538} INFO - Filling up the DagBag from /opt/airflow/dags/daily_student_pipeline.py
[2026-04-05T04:20:17.985+0000] {processor.py:840} INFO - DAG(s) 'daily_student_pipeline' retrieved from /opt/airflow/dags/daily_student_pipeline.py
[2026-04-05T04:20:18.010+0000] {logging_mixin.py:188} INFO - [2026-04-05T04:20:18.009+0000] {dag.py:3036} INFO - Sync 1 DAGs
[2026-04-05T04:20:18.032+0000] {logging_mixin.py:188} INFO - [2026-04-05T04:20:18.032+0000] {dag.py:3823} INFO - Setting next_dagrun for daily_student_pipeline to 2026-04-05 02:00:00+00:00, run_after=2026-04-06 02:00:00+00:00
[2026-04-05T04:20:18.052+0000] {processor.py:183} INFO - Processing /opt/airflow/dags/daily_student_pipeline.py took 0.091 seconds
[2026-04-05T04:20:48.414+0000] {processor.py:161} INFO - Started process (PID=2772) to work on /opt/airflow/dags/daily_student_pipeline.py
[2026-04-05T04:20:48.416+0000] {processor.py:830} INFO - Processing file /opt/airflow/dags/daily_student_pipeline.py for tasks to queue
[2026-04-05T04:20:48.417+0000] {logging_mixin.py:188} INFO - [2026-04-05T04:20:48.417+0000] {dagbag.py:538} INFO - Filling up the DagBag from /opt/airflow/dags/daily_student_pipeline.py
[2026-04-05T04:20:48.491+0000] {processor.py:840} INFO - DAG(s) 'daily_student_pipeline' retrieved from /opt/airflow/dags/daily_student_pipeline.py
[2026-04-05T04:20:48.590+0000] {logging_mixin.py:188} INFO - [2026-04-05T04:20:48.590+0000] {dag.py:3036} INFO - Sync 1 DAGs
[2026-04-05T04:20:48.615+0000] {logging_mixin.py:188} INFO - [2026-04-05T04:20:48.615+0000] {dag.py:3823} INFO - Setting next_dagrun for daily_student_pipeline to 2026-04-05 02:00:00+00:00, run_after=2026-04-06 02:00:00+00:00
[2026-04-05T04:20:48.634+0000] {processor.py:183} INFO - Processing /opt/airflow/dags/daily_student_pipeline.py took 0.223 seconds
[2026-04-05T04:21:18.887+0000] {processor.py:161} INFO - Started process (PID=2795) to work on /opt/airflow/dags/daily_student_pipeline.py
[2026-04-05T04:21:18.888+0000] {processor.py:830} INFO - Processing file /opt/airflow/dags/daily_student_pipeline.py for tasks to queue
[2026-04-05T04:21:18.889+0000] {logging_mixin.py:188} INFO - [2026-04-05T04:21:18.888+0000] {dagbag.py:538} INFO - Filling up the DagBag from /opt/airflow/dags/daily_student_pipeline.py
[2026-04-05T04:21:18.907+0000] {processor.py:840} INFO - DAG(s) 'daily_student_pipeline' retrieved from /opt/airflow/dags/daily_student_pipeline.py
[2026-04-05T04:21:18.943+0000] {logging_mixin.py:188} INFO - [2026-04-05T04:21:18.943+0000] {dag.py:3036} INFO - Sync 1 DAGs
[2026-04-05T04:21:18.968+0000] {logging_mixin.py:188} INFO - [2026-04-05T04:21:18.968+0000] {dag.py:3823} INFO - Setting next_dagrun for daily_student_pipeline to 2026-04-05 02:00:00+00:00, run_after=2026-04-06 02:00:00+00:00
[2026-04-05T04:21:18.990+0000] {processor.py:183} INFO - Processing /opt/airflow/dags/daily_student_pipeline.py took 0.106 seconds
[2026-04-05T04:21:49.332+0000] {processor.py:161} INFO - Started process (PID=2810) to work on /opt/airflow/dags/daily_student_pipeline.py
[2026-04-05T04:21:49.333+0000] {processor.py:830} INFO - Processing file /opt/airflow/dags/daily_student_pipeline.py for tasks to queue
[2026-04-05T04:21:49.334+0000] {logging_mixin.py:188} INFO - [2026-04-05T04:21:49.334+0000] {dagbag.py:538} INFO - Filling up the DagBag from /opt/airflow/dags/daily_student_pipeline.py
[2026-04-05T04:21:49.352+0000] {processor.py:840} INFO - DAG(s) 'daily_student_pipeline' retrieved from /opt/airflow/dags/daily_student_pipeline.py
[2026-04-05T04:21:49.378+0000] {logging_mixin.py:188} INFO - [2026-04-05T04:21:49.378+0000] {dag.py:3036} INFO - Sync 1 DAGs
[2026-04-05T04:21:49.398+0000] {logging_mixin.py:188} INFO - [2026-04-05T04:21:49.398+0000] {dag.py:3823} INFO - Setting next_dagrun for daily_student_pipeline to 2026-04-05 02:00:00+00:00, run_after=2026-04-06 02:00:00+00:00
[2026-04-05T04:21:49.419+0000] {processor.py:183} INFO - Processing /opt/airflow/dags/daily_student_pipeline.py took 0.089 seconds
[2026-04-05T04:22:19.832+0000] {processor.py:161} INFO - Started process (PID=2833) to work on /opt/airflow/dags/daily_student_pipeline.py
[2026-04-05T04:22:19.833+0000] {processor.py:830} INFO - Processing file /opt/airflow/dags/daily_student_pipeline.py for tasks to queue
[2026-04-05T04:22:19.834+0000] {logging_mixin.py:188} INFO - [2026-04-05T04:22:19.834+0000] {dagbag.py:538} INFO - Filling up the DagBag from /opt/airflow/dags/daily_student_pipeline.py
[2026-04-05T04:22:19.852+0000] {processor.py:840} INFO - DAG(s) 'daily_student_pipeline' retrieved from /opt/airflow/dags/daily_student_pipeline.py
[2026-04-05T04:22:19.877+0000] {logging_mixin.py:188} INFO - [2026-04-05T04:22:19.877+0000] {dag.py:3036} INFO - Sync 1 DAGs
[2026-04-05T04:22:19.902+0000] {logging_mixin.py:188} INFO - [2026-04-05T04:22:19.901+0000] {dag.py:3823} INFO - Setting next_dagrun for daily_student_pipeline to 2026-04-05 02:00:00+00:00, run_after=2026-04-06 02:00:00+00:00
[2026-04-05T04:22:19.925+0000] {processor.py:183} INFO - Processing /opt/airflow/dags/daily_student_pipeline.py took 0.095 seconds
[2026-04-05T04:22:50.272+0000] {processor.py:161} INFO - Started process (PID=2856) to work on /opt/airflow/dags/daily_student_pipeline.py
[2026-04-05T04:22:50.273+0000] {processor.py:830} INFO - Processing file /opt/airflow/dags/daily_student_pipeline.py for tasks to queue
[2026-04-05T04:22:50.274+0000] {logging_mixin.py:188} INFO - [2026-04-05T04:22:50.273+0000] {dagbag.py:538} INFO - Filling up the DagBag from /opt/airflow/dags/daily_student_pipeline.py
[2026-04-05T04:22:50.292+0000] {processor.py:840} INFO - DAG(s) 'daily_student_pipeline' retrieved from /opt/airflow/dags/daily_student_pipeline.py
[2026-04-05T04:22:50.316+0000] {logging_mixin.py:188} INFO - [2026-04-05T04:22:50.315+0000] {dag.py:3036} INFO - Sync 1 DAGs
[2026-04-05T04:22:50.336+0000] {logging_mixin.py:188} INFO - [2026-04-05T04:22:50.336+0000] {dag.py:3823} INFO - Setting next_dagrun for daily_student_pipeline to 2026-04-05 02:00:00+00:00, run_after=2026-04-06 02:00:00+00:00
[2026-04-05T04:22:50.364+0000] {processor.py:183} INFO - Processing /opt/airflow/dags/daily_student_pipeline.py took 0.095 seconds
[2026-04-05T04:23:20.704+0000] {processor.py:161} INFO - Started process (PID=2879) to work on /opt/airflow/dags/daily_student_pipeline.py
[2026-04-05T04:23:20.705+0000] {processor.py:830} INFO - Processing file /opt/airflow/dags/daily_student_pipeline.py for tasks to queue
[2026-04-05T04:23:20.706+0000] {logging_mixin.py:188} INFO - [2026-04-05T04:23:20.706+0000] {dagbag.py:538} INFO - Filling up the DagBag from /opt/airflow/dags/daily_student_pipeline.py
[2026-04-05T04:23:20.724+0000] {processor.py:840} INFO - DAG(s) 'daily_student_pipeline' retrieved from /opt/airflow/dags/daily_student_pipeline.py
[2026-04-05T04:23:20.752+0000] {logging_mixin.py:188} INFO - [2026-04-05T04:23:20.752+0000] {dag.py:3036} INFO - Sync 1 DAGs
[2026-04-05T04:23:20.773+0000] {logging_mixin.py:188} INFO - [2026-04-05T04:23:20.772+0000] {dag.py:3823} INFO - Setting next_dagrun for daily_student_pipeline to 2026-04-05 02:00:00+00:00, run_after=2026-04-06 02:00:00+00:00
[2026-04-05T04:23:20.797+0000] {processor.py:183} INFO - Processing /opt/airflow/dags/daily_student_pipeline.py took 0.095 seconds
[2026-04-05T04:23:51.119+0000] {processor.py:161} INFO - Started process (PID=2902) to work on /opt/airflow/dags/daily_student_pipeline.py
[2026-04-05T04:23:51.120+0000] {processor.py:830} INFO - Processing file /opt/airflow/dags/daily_student_pipeline.py for tasks to queue
[2026-04-05T04:23:51.121+0000] {logging_mixin.py:188} INFO - [2026-04-05T04:23:51.121+0000] {dagbag.py:538} INFO - Filling up the DagBag from /opt/airflow/dags/daily_student_pipeline.py
[2026-04-05T04:23:51.139+0000] {processor.py:840} INFO - DAG(s) 'daily_student_pipeline' retrieved from /opt/airflow/dags/daily_student_pipeline.py
[2026-04-05T04:23:51.162+0000] {logging_mixin.py:188} INFO - [2026-04-05T04:23:51.162+0000] {dag.py:3036} INFO - Sync 1 DAGs
[2026-04-05T04:23:51.182+0000] {logging_mixin.py:188} INFO - [2026-04-05T04:23:51.182+0000] {dag.py:3823} INFO - Setting next_dagrun for daily_student_pipeline to 2026-04-05 02:00:00+00:00, run_after=2026-04-06 02:00:00+00:00
[2026-04-05T04:23:51.203+0000] {processor.py:183} INFO - Processing /opt/airflow/dags/daily_student_pipeline.py took 0.087 seconds
[2026-04-05T04:24:21.546+0000] {processor.py:161} INFO - Started process (PID=2925) to work on /opt/airflow/dags/daily_student_pipeline.py
[2026-04-05T04:24:21.547+0000] {processor.py:830} INFO - Processing file /opt/airflow/dags/daily_student_pipeline.py for tasks to queue
[2026-04-05T04:24:21.548+0000] {logging_mixin.py:188} INFO - [2026-04-05T04:24:21.548+0000] {dagbag.py:538} INFO - Filling up the DagBag from /opt/airflow/dags/daily_student_pipeline.py
[2026-04-05T04:24:21.575+0000] {processor.py:840} INFO - DAG(s) 'daily_student_pipeline' retrieved from /opt/airflow/dags/daily_student_pipeline.py
[2026-04-05T04:24:21.607+0000] {logging_mixin.py:188} INFO - [2026-04-05T04:24:21.607+0000] {dag.py:3036} INFO - Sync 1 DAGs
[2026-04-05T04:24:21.636+0000] {logging_mixin.py:188} INFO - [2026-04-05T04:24:21.636+0000] {dag.py:3823} INFO - Setting next_dagrun for daily_student_pipeline to 2026-04-05 02:00:00+00:00, run_after=2026-04-06 02:00:00+00:00
[2026-04-05T04:24:21.658+0000] {processor.py:183} INFO - Processing /opt/airflow/dags/daily_student_pipeline.py took 0.114 seconds
[2026-04-05T04:24:51.967+0000] {processor.py:161} INFO - Started process (PID=2948) to work on /opt/airflow/dags/daily_student_pipeline.py
[2026-04-05T04:24:51.968+0000] {processor.py:830} INFO - Processing file /opt/airflow/dags/daily_student_pipeline.py for tasks to queue
[2026-04-05T04:24:51.969+0000] {logging_mixin.py:188} INFO - [2026-04-05T04:24:51.969+0000] {dagbag.py:538} INFO - Filling up the DagBag from /opt/airflow/dags/daily_student_pipeline.py
[2026-04-05T04:24:51.987+0000] {processor.py:840} INFO - DAG(s) 'daily_student_pipeline' retrieved from /opt/airflow/dags/daily_student_pipeline.py
[2026-04-05T04:24:52.012+0000] {logging_mixin.py:188} INFO - [2026-04-05T04:24:52.012+0000] {dag.py:3036} INFO - Sync 1 DAGs
[2026-04-05T04:24:52.033+0000] {logging_mixin.py:188} INFO - [2026-04-05T04:24:52.033+0000] {dag.py:3823} INFO - Setting next_dagrun for daily_student_pipeline to 2026-04-05 02:00:00+00:00, run_after=2026-04-06 02:00:00+00:00
[2026-04-05T04:24:52.058+0000] {processor.py:183} INFO - Processing /opt/airflow/dags/daily_student_pipeline.py took 0.093 seconds
[2026-04-05T04:25:22.393+0000] {processor.py:161} INFO - Started process (PID=2971) to work on /opt/airflow/dags/daily_student_pipeline.py
[2026-04-05T04:25:22.394+0000] {processor.py:830} INFO - Processing file /opt/airflow/dags/daily_student_pipeline.py for tasks to queue
[2026-04-05T04:25:22.395+0000] {logging_mixin.py:188} INFO - [2026-04-05T04:25:22.395+0000] {dagbag.py:538} INFO - Filling up the DagBag from /opt/airflow/dags/daily_student_pipeline.py
[2026-04-05T04:25:22.419+0000] {processor.py:840} INFO - DAG(s) 'daily_student_pipeline' retrieved from /opt/airflow/dags/daily_student_pipeline.py
[2026-04-05T04:25:22.447+0000] {logging_mixin.py:188} INFO - [2026-04-05T04:25:22.447+0000] {dag.py:3036} INFO - Sync 1 DAGs
[2026-04-05T04:25:22.470+0000] {logging_mixin.py:188} INFO - [2026-04-05T04:25:22.469+0000] {dag.py:3823} INFO - Setting next_dagrun for daily_student_pipeline to 2026-04-05 02:00:00+00:00, run_after=2026-04-06 02:00:00+00:00
[2026-04-05T04:25:22.492+0000] {processor.py:183} INFO - Processing /opt/airflow/dags/daily_student_pipeline.py took 0.102 seconds
[2026-04-05T04:25:52.772+0000] {processor.py:161} INFO - Started process (PID=2994) to work on /opt/airflow/dags/daily_student_pipeline.py
[2026-04-05T04:25:52.773+0000] {processor.py:830} INFO - Processing file /opt/airflow/dags/daily_student_pipeline.py for tasks to queue
[2026-04-05T04:25:52.774+0000] {logging_mixin.py:188} INFO - [2026-04-05T04:25:52.774+0000] {dagbag.py:538} INFO - Filling up the DagBag from /opt/airflow/dags/daily_student_pipeline.py
[2026-04-05T04:25:52.794+0000] {processor.py:840} INFO - DAG(s) 'daily_student_pipeline' retrieved from /opt/airflow/dags/daily_student_pipeline.py
[2026-04-05T04:25:52.823+0000] {logging_mixin.py:188} INFO - [2026-04-05T04:25:52.823+0000] {dag.py:3036} INFO - Sync 1 DAGs
[2026-04-05T04:25:52.843+0000] {logging_mixin.py:188} INFO - [2026-04-05T04:25:52.843+0000] {dag.py:3823} INFO - Setting next_dagrun for daily_student_pipeline to 2026-04-05 02:00:00+00:00, run_after=2026-04-06 02:00:00+00:00
[2026-04-05T04:25:52.868+0000] {processor.py:183} INFO - Processing /opt/airflow/dags/daily_student_pipeline.py took 0.098 seconds
[2026-04-05T04:26:23.225+0000] {processor.py:161} INFO - Started process (PID=3017) to work on /opt/airflow/dags/daily_student_pipeline.py
[2026-04-05T04:26:23.226+0000] {processor.py:830} INFO - Processing file /opt/airflow/dags/daily_student_pipeline.py for tasks to queue
[2026-04-05T04:26:23.227+0000] {logging_mixin.py:188} INFO - [2026-04-05T04:26:23.227+0000] {dagbag.py:538} INFO - Filling up the DagBag from /opt/airflow/dags/daily_student_pipeline.py
[2026-04-05T04:26:23.247+0000] {processor.py:840} INFO - DAG(s) 'daily_student_pipeline' retrieved from /opt/airflow/dags/daily_student_pipeline.py
[2026-04-05T04:26:23.273+0000] {logging_mixin.py:188} INFO - [2026-04-05T04:26:23.273+0000] {dag.py:3036} INFO - Sync 1 DAGs
[2026-04-05T04:26:23.295+0000] {logging_mixin.py:188} INFO - [2026-04-05T04:26:23.294+0000] {dag.py:3823} INFO - Setting next_dagrun for daily_student_pipeline to 2026-04-05 02:00:00+00:00, run_after=2026-04-06 02:00:00+00:00
[2026-04-05T04:26:23.320+0000] {processor.py:183} INFO - Processing /opt/airflow/dags/daily_student_pipeline.py took 0.097 seconds
[2026-04-05T04:26:53.662+0000] {processor.py:161} INFO - Started process (PID=3040) to work on /opt/airflow/dags/daily_student_pipeline.py
[2026-04-05T04:26:53.664+0000] {processor.py:830} INFO - Processing file /opt/airflow/dags/daily_student_pipeline.py for tasks to queue
[2026-04-05T04:26:53.665+0000] {logging_mixin.py:188} INFO - [2026-04-05T04:26:53.664+0000] {dagbag.py:538} INFO - Filling up the DagBag from /opt/airflow/dags/daily_student_pipeline.py
[2026-04-05T04:26:53.688+0000] {processor.py:840} INFO - DAG(s) 'daily_student_pipeline' retrieved from /opt/airflow/dags/daily_student_pipeline.py
[2026-04-05T04:26:53.714+0000] {logging_mixin.py:188} INFO - [2026-04-05T04:26:53.714+0000] {dag.py:3036} INFO - Sync 1 DAGs
[2026-04-05T04:26:53.735+0000] {logging_mixin.py:188} INFO - [2026-04-05T04:26:53.735+0000] {dag.py:3823} INFO - Setting next_dagrun for daily_student_pipeline to 2026-04-05 02:00:00+00:00, run_after=2026-04-06 02:00:00+00:00
[2026-04-05T04:26:53.759+0000] {processor.py:183} INFO - Processing /opt/airflow/dags/daily_student_pipeline.py took 0.101 seconds
[2026-04-05T04:27:24.118+0000] {processor.py:161} INFO - Started process (PID=3063) to work on /opt/airflow/dags/daily_student_pipeline.py
[2026-04-05T04:27:24.119+0000] {processor.py:830} INFO - Processing file /opt/airflow/dags/daily_student_pipeline.py for tasks to queue
[2026-04-05T04:27:24.120+0000] {logging_mixin.py:188} INFO - [2026-04-05T04:27:24.119+0000] {dagbag.py:538} INFO - Filling up the DagBag from /opt/airflow/dags/daily_student_pipeline.py
[2026-04-05T04:27:24.140+0000] {processor.py:840} INFO - DAG(s) 'daily_student_pipeline' retrieved from /opt/airflow/dags/daily_student_pipeline.py
[2026-04-05T04:27:24.166+0000] {logging_mixin.py:188} INFO - [2026-04-05T04:27:24.166+0000] {dag.py:3036} INFO - Sync 1 DAGs
[2026-04-05T04:27:24.187+0000] {logging_mixin.py:188} INFO - [2026-04-05T04:27:24.187+0000] {dag.py:3823} INFO - Setting next_dagrun for daily_student_pipeline to 2026-04-05 02:00:00+00:00, run_after=2026-04-06 02:00:00+00:00
[2026-04-05T04:27:24.209+0000] {processor.py:183} INFO - Processing /opt/airflow/dags/daily_student_pipeline.py took 0.094 seconds
[2026-04-05T04:27:54.586+0000] {processor.py:161} INFO - Started process (PID=3086) to work on /opt/airflow/dags/daily_student_pipeline.py
[2026-04-05T04:27:54.587+0000] {processor.py:830} INFO - Processing file /opt/airflow/dags/daily_student_pipeline.py for tasks to queue
[2026-04-05T04:27:54.588+0000] {logging_mixin.py:188} INFO - [2026-04-05T04:27:54.588+0000] {dagbag.py:538} INFO - Filling up the DagBag from /opt/airflow/dags/daily_student_pipeline.py
[2026-04-05T04:27:54.607+0000] {processor.py:840} INFO - DAG(s) 'daily_student_pipeline' retrieved from /opt/airflow/dags/daily_student_pipeline.py
[2026-04-05T04:27:54.639+0000] {logging_mixin.py:188} INFO - [2026-04-05T04:27:54.639+0000] {dag.py:3036} INFO - Sync 1 DAGs
[2026-04-05T04:27:54.671+0000] {logging_mixin.py:188} INFO - [2026-04-05T04:27:54.671+0000] {dag.py:3823} INFO - Setting next_dagrun for daily_student_pipeline to 2026-04-05 02:00:00+00:00, run_after=2026-04-06 02:00:00+00:00
[2026-04-05T04:27:54.702+0000] {processor.py:183} INFO - Processing /opt/airflow/dags/daily_student_pipeline.py took 0.118 seconds
[2026-04-05T04:28:25.022+0000] {processor.py:161} INFO - Started process (PID=3109) to work on /opt/airflow/dags/daily_student_pipeline.py
[2026-04-05T04:28:25.023+0000] {processor.py:830} INFO - Processing file /opt/airflow/dags/daily_student_pipeline.py for tasks to queue
[2026-04-05T04:28:25.024+0000] {logging_mixin.py:188} INFO - [2026-04-05T04:28:25.024+0000] {dagbag.py:538} INFO - Filling up the DagBag from /opt/airflow/dags/daily_student_pipeline.py
[2026-04-05T04:28:25.049+0000] {processor.py:840} INFO - DAG(s) 'daily_student_pipeline' retrieved from /opt/airflow/dags/daily_student_pipeline.py
[2026-04-05T04:28:25.075+0000] {logging_mixin.py:188} INFO - [2026-04-05T04:28:25.075+0000] {dag.py:3036} INFO - Sync 1 DAGs
[2026-04-05T04:28:25.096+0000] {logging_mixin.py:188} INFO - [2026-04-05T04:28:25.095+0000] {dag.py:3823} INFO - Setting next_dagrun for daily_student_pipeline to 2026-04-05 02:00:00+00:00, run_after=2026-04-06 02:00:00+00:00
[2026-04-05T04:28:25.115+0000] {processor.py:183} INFO - Processing /opt/airflow/dags/daily_student_pipeline.py took 0.096 seconds
[2026-04-05T04:28:55.447+0000] {processor.py:161} INFO - Started process (PID=3131) to work on /opt/airflow/dags/daily_student_pipeline.py
[2026-04-05T04:28:55.449+0000] {processor.py:830} INFO - Processing file /opt/airflow/dags/daily_student_pipeline.py for tasks to queue
[2026-04-05T04:28:55.450+0000] {logging_mixin.py:188} INFO - [2026-04-05T04:28:55.450+0000] {dagbag.py:538} INFO - Filling up the DagBag from /opt/airflow/dags/daily_student_pipeline.py
[2026-04-05T04:28:55.474+0000] {processor.py:840} INFO - DAG(s) 'daily_student_pipeline' retrieved from /opt/airflow/dags/daily_student_pipeline.py
[2026-04-05T04:28:55.502+0000] {logging_mixin.py:188} INFO - [2026-04-05T04:28:55.502+0000] {dag.py:3036} INFO - Sync 1 DAGs
[2026-04-05T04:28:55.528+0000] {logging_mixin.py:188} INFO - [2026-04-05T04:28:55.528+0000] {dag.py:3823} INFO - Setting next_dagrun for daily_student_pipeline to 2026-04-05 02:00:00+00:00, run_after=2026-04-06 02:00:00+00:00
[2026-04-05T04:28:55.555+0000] {processor.py:183} INFO - Processing /opt/airflow/dags/daily_student_pipeline.py took 0.111 seconds
[2026-04-05T04:29:25.836+0000] {processor.py:161} INFO - Started process (PID=3154) to work on /opt/airflow/dags/daily_student_pipeline.py
[2026-04-05T04:29:25.837+0000] {processor.py:830} INFO - Processing file /opt/airflow/dags/daily_student_pipeline.py for tasks to queue
[2026-04-05T04:29:25.838+0000] {logging_mixin.py:188} INFO - [2026-04-05T04:29:25.837+0000] {dagbag.py:538} INFO - Filling up the DagBag from /opt/airflow/dags/daily_student_pipeline.py
[2026-04-05T04:29:25.862+0000] {processor.py:840} INFO - DAG(s) 'daily_student_pipeline' retrieved from /opt/airflow/dags/daily_student_pipeline.py
[2026-04-05T04:29:25.891+0000] {logging_mixin.py:188} INFO - [2026-04-05T04:29:25.890+0000] {dag.py:3036} INFO - Sync 1 DAGs
[2026-04-05T04:29:25.915+0000] {logging_mixin.py:188} INFO - [2026-04-05T04:29:25.915+0000] {dag.py:3823} INFO - Setting next_dagrun for daily_student_pipeline to 2026-04-05 02:00:00+00:00, run_after=2026-04-06 02:00:00+00:00
[2026-04-05T04:29:25.939+0000] {processor.py:183} INFO - Processing /opt/airflow/dags/daily_student_pipeline.py took 0.105 seconds
[2026-04-05T04:29:56.255+0000] {processor.py:161} INFO - Started process (PID=3177) to work on /opt/airflow/dags/daily_student_pipeline.py
[2026-04-05T04:29:56.256+0000] {processor.py:830} INFO - Processing file /opt/airflow/dags/daily_student_pipeline.py for tasks to queue
[2026-04-05T04:29:56.257+0000] {logging_mixin.py:188} INFO - [2026-04-05T04:29:56.257+0000] {dagbag.py:538} INFO - Filling up the DagBag from /opt/airflow/dags/daily_student_pipeline.py
[2026-04-05T04:29:56.275+0000] {processor.py:840} INFO - DAG(s) 'daily_student_pipeline' retrieved from /opt/airflow/dags/daily_student_pipeline.py
[2026-04-05T04:29:56.301+0000] {logging_mixin.py:188} INFO - [2026-04-05T04:29:56.301+0000] {dag.py:3036} INFO - Sync 1 DAGs
[2026-04-05T04:29:56.324+0000] {logging_mixin.py:188} INFO - [2026-04-05T04:29:56.324+0000] {dag.py:3823} INFO - Setting next_dagrun for daily_student_pipeline to 2026-04-05 02:00:00+00:00, run_after=2026-04-06 02:00:00+00:00
[2026-04-05T04:29:56.353+0000] {processor.py:183} INFO - Processing /opt/airflow/dags/daily_student_pipeline.py took 0.101 seconds
[2026-04-05T04:30:26.681+0000] {processor.py:161} INFO - Started process (PID=3200) to work on /opt/airflow/dags/daily_student_pipeline.py
[2026-04-05T04:30:26.683+0000] {processor.py:830} INFO - Processing file /opt/airflow/dags/daily_student_pipeline.py for tasks to queue
[2026-04-05T04:30:26.684+0000] {logging_mixin.py:188} INFO - [2026-04-05T04:30:26.684+0000] {dagbag.py:538} INFO - Filling up the DagBag from /opt/airflow/dags/daily_student_pipeline.py
[2026-04-05T04:30:26.713+0000] {processor.py:840} INFO - DAG(s) 'daily_student_pipeline' retrieved from /opt/airflow/dags/daily_student_pipeline.py
[2026-04-05T04:30:26.743+0000] {logging_mixin.py:188} INFO - [2026-04-05T04:30:26.743+0000] {dag.py:3036} INFO - Sync 1 DAGs
[2026-04-05T04:30:26.766+0000] {logging_mixin.py:188} INFO - [2026-04-05T04:30:26.765+0000] {dag.py:3823} INFO - Setting next_dagrun for daily_student_pipeline to 2026-04-05 02:00:00+00:00, run_after=2026-04-06 02:00:00+00:00
[2026-04-05T04:30:26.788+0000] {processor.py:183} INFO - Processing /opt/airflow/dags/daily_student_pipeline.py took 0.111 seconds
[2026-04-05T04:30:57.104+0000] {processor.py:161} INFO - Started process (PID=3223) to work on /opt/airflow/dags/daily_student_pipeline.py
[2026-04-05T04:30:57.105+0000] {processor.py:830} INFO - Processing file /opt/airflow/dags/daily_student_pipeline.py for tasks to queue
[2026-04-05T04:30:57.107+0000] {logging_mixin.py:188} INFO - [2026-04-05T04:30:57.106+0000] {dagbag.py:538} INFO - Filling up the DagBag from /opt/airflow/dags/daily_student_pipeline.py
[2026-04-05T04:30:57.136+0000] {processor.py:840} INFO - DAG(s) 'daily_student_pipeline' retrieved from /opt/airflow/dags/daily_student_pipeline.py
[2026-04-05T04:30:57.169+0000] {logging_mixin.py:188} INFO - [2026-04-05T04:30:57.169+0000] {dag.py:3036} INFO - Sync 1 DAGs
[2026-04-05T04:30:57.193+0000] {logging_mixin.py:188} INFO - [2026-04-05T04:30:57.193+0000] {dag.py:3823} INFO - Setting next_dagrun for daily_student_pipeline to 2026-04-05 02:00:00+00:00, run_after=2026-04-06 02:00:00+00:00
[2026-04-05T04:30:57.218+0000] {processor.py:183} INFO - Processing /opt/airflow/dags/daily_student_pipeline.py took 0.117 seconds
[2026-04-05T04:31:27.532+0000] {processor.py:161} INFO - Started process (PID=3238) to work on /opt/airflow/dags/daily_student_pipeline.py
[2026-04-05T04:31:27.533+0000] {processor.py:830} INFO - Processing file /opt/airflow/dags/daily_student_pipeline.py for tasks to queue
[2026-04-05T04:31:27.533+0000] {logging_mixin.py:188} INFO - [2026-04-05T04:31:27.533+0000] {dagbag.py:538} INFO - Filling up the DagBag from /opt/airflow/dags/daily_student_pipeline.py
[2026-04-05T04:31:27.551+0000] {processor.py:840} INFO - DAG(s) 'daily_student_pipeline' retrieved from /opt/airflow/dags/daily_student_pipeline.py
[2026-04-05T04:31:27.577+0000] {logging_mixin.py:188} INFO - [2026-04-05T04:31:27.576+0000] {dag.py:3036} INFO - Sync 1 DAGs
[2026-04-05T04:31:27.599+0000] {logging_mixin.py:188} INFO - [2026-04-05T04:31:27.599+0000] {dag.py:3823} INFO - Setting next_dagrun for daily_student_pipeline to 2026-04-05 02:00:00+00:00, run_after=2026-04-06 02:00:00+00:00
[2026-04-05T04:31:27.620+0000] {processor.py:183} INFO - Processing /opt/airflow/dags/daily_student_pipeline.py took 0.091 seconds
[2026-04-05T04:31:57.963+0000] {processor.py:161} INFO - Started process (PID=3261) to work on /opt/airflow/dags/daily_student_pipeline.py
[2026-04-05T04:31:57.964+0000] {processor.py:830} INFO - Processing file /opt/airflow/dags/daily_student_pipeline.py for tasks to queue
[2026-04-05T04:31:57.965+0000] {logging_mixin.py:188} INFO - [2026-04-05T04:31:57.965+0000] {dagbag.py:538} INFO - Filling up the DagBag from /opt/airflow/dags/daily_student_pipeline.py
[2026-04-05T04:31:57.986+0000] {processor.py:840} INFO - DAG(s) 'daily_student_pipeline' retrieved from /opt/airflow/dags/daily_student_pipeline.py
[2026-04-05T04:31:58.011+0000] {logging_mixin.py:188} INFO - [2026-04-05T04:31:58.011+0000] {dag.py:3036} INFO - Sync 1 DAGs
[2026-04-05T04:31:58.033+0000] {logging_mixin.py:188} INFO - [2026-04-05T04:31:58.032+0000] {dag.py:3823} INFO - Setting next_dagrun for daily_student_pipeline to 2026-04-05 02:00:00+00:00, run_after=2026-04-06 02:00:00+00:00
[2026-04-05T04:31:58.057+0000] {processor.py:183} INFO - Processing /opt/airflow/dags/daily_student_pipeline.py took 0.096 seconds
[2026-04-05T04:32:28.389+0000] {processor.py:161} INFO - Started process (PID=3284) to work on /opt/airflow/dags/daily_student_pipeline.py
[2026-04-05T04:32:28.390+0000] {processor.py:830} INFO - Processing file /opt/airflow/dags/daily_student_pipeline.py for tasks to queue
[2026-04-05T04:32:28.391+0000] {logging_mixin.py:188} INFO - [2026-04-05T04:32:28.391+0000] {dagbag.py:538} INFO - Filling up the DagBag from /opt/airflow/dags/daily_student_pipeline.py
[2026-04-05T04:32:28.408+0000] {processor.py:840} INFO - DAG(s) 'daily_student_pipeline' retrieved from /opt/airflow/dags/daily_student_pipeline.py
[2026-04-05T04:32:28.434+0000] {logging_mixin.py:188} INFO - [2026-04-05T04:32:28.434+0000] {dag.py:3036} INFO - Sync 1 DAGs
[2026-04-05T04:32:28.457+0000] {logging_mixin.py:188} INFO - [2026-04-05T04:32:28.457+0000] {dag.py:3823} INFO - Setting next_dagrun for daily_student_pipeline to 2026-04-05 02:00:00+00:00, run_after=2026-04-06 02:00:00+00:00
[2026-04-05T04:32:28.486+0000] {processor.py:183} INFO - Processing /opt/airflow/dags/daily_student_pipeline.py took 0.099 seconds
[2026-04-05T04:32:58.800+0000] {processor.py:161} INFO - Started process (PID=3307) to work on /opt/airflow/dags/daily_student_pipeline.py
[2026-04-05T04:32:58.802+0000] {processor.py:830} INFO - Processing file /opt/airflow/dags/daily_student_pipeline.py for tasks to queue
[2026-04-05T04:32:58.802+0000] {logging_mixin.py:188} INFO - [2026-04-05T04:32:58.802+0000] {dagbag.py:538} INFO - Filling up the DagBag from /opt/airflow/dags/daily_student_pipeline.py
[2026-04-05T04:32:58.821+0000] {processor.py:840} INFO - DAG(s) 'daily_student_pipeline' retrieved from /opt/airflow/dags/daily_student_pipeline.py
[2026-04-05T04:32:58.846+0000] {logging_mixin.py:188} INFO - [2026-04-05T04:32:58.846+0000] {dag.py:3036} INFO - Sync 1 DAGs
[2026-04-05T04:32:58.866+0000] {logging_mixin.py:188} INFO - [2026-04-05T04:32:58.866+0000] {dag.py:3823} INFO - Setting next_dagrun for daily_student_pipeline to 2026-04-05 02:00:00+00:00, run_after=2026-04-06 02:00:00+00:00
[2026-04-05T04:32:58.892+0000] {processor.py:183} INFO - Processing /opt/airflow/dags/daily_student_pipeline.py took 0.094 seconds
[2026-04-05T04:33:29.347+0000] {processor.py:161} INFO - Started process (PID=3330) to work on /opt/airflow/dags/daily_student_pipeline.py
[2026-04-05T04:33:29.349+0000] {processor.py:830} INFO - Processing file /opt/airflow/dags/daily_student_pipeline.py for tasks to queue
[2026-04-05T04:33:29.350+0000] {logging_mixin.py:188} INFO - [2026-04-05T04:33:29.349+0000] {dagbag.py:538} INFO - Filling up the DagBag from /opt/airflow/dags/daily_student_pipeline.py
[2026-04-05T04:33:29.375+0000] {processor.py:840} INFO - DAG(s) 'daily_student_pipeline' retrieved from /opt/airflow/dags/daily_student_pipeline.py
[2026-04-05T04:33:29.412+0000] {logging_mixin.py:188} INFO - [2026-04-05T04:33:29.412+0000] {dag.py:3036} INFO - Sync 1 DAGs
[2026-04-05T04:33:29.435+0000] {logging_mixin.py:188} INFO - [2026-04-05T04:33:29.434+0000] {dag.py:3823} INFO - Setting next_dagrun for daily_student_pipeline to 2026-04-05 02:00:00+00:00, run_after=2026-04-06 02:00:00+00:00
[2026-04-05T04:33:29.454+0000] {processor.py:183} INFO - Processing /opt/airflow/dags/daily_student_pipeline.py took 0.109 seconds
[2026-04-05T04:33:59.775+0000] {processor.py:161} INFO - Started process (PID=3353) to work on /opt/airflow/dags/daily_student_pipeline.py
[2026-04-05T04:33:59.776+0000] {processor.py:830} INFO - Processing file /opt/airflow/dags/daily_student_pipeline.py for tasks to queue
[2026-04-05T04:33:59.777+0000] {logging_mixin.py:188} INFO - [2026-04-05T04:33:59.776+0000] {dagbag.py:538} INFO - Filling up the DagBag from /opt/airflow/dags/daily_student_pipeline.py
[2026-04-05T04:33:59.795+0000] {processor.py:840} INFO - DAG(s) 'daily_student_pipeline' retrieved from /opt/airflow/dags/daily_student_pipeline.py
[2026-04-05T04:33:59.821+0000] {logging_mixin.py:188} INFO - [2026-04-05T04:33:59.821+0000] {dag.py:3036} INFO - Sync 1 DAGs
[2026-04-05T04:33:59.842+0000] {logging_mixin.py:188} INFO - [2026-04-05T04:33:59.842+0000] {dag.py:3823} INFO - Setting next_dagrun for daily_student_pipeline to 2026-04-05 02:00:00+00:00, run_after=2026-04-06 02:00:00+00:00
[2026-04-05T04:33:59.869+0000] {processor.py:183} INFO - Processing /opt/airflow/dags/daily_student_pipeline.py took 0.096 seconds
[2026-04-05T04:34:30.183+0000] {processor.py:161} INFO - Started process (PID=3376) to work on /opt/airflow/dags/daily_student_pipeline.py
[2026-04-05T04:34:30.184+0000] {processor.py:830} INFO - Processing file /opt/airflow/dags/daily_student_pipeline.py for tasks to queue
[2026-04-05T04:34:30.185+0000] {logging_mixin.py:188} INFO - [2026-04-05T04:34:30.184+0000] {dagbag.py:538} INFO - Filling up the DagBag from /opt/airflow/dags/daily_student_pipeline.py
[2026-04-05T04:34:30.211+0000] {processor.py:840} INFO - DAG(s) 'daily_student_pipeline' retrieved from /opt/airflow/dags/daily_student_pipeline.py
[2026-04-05T04:34:30.249+0000] {logging_mixin.py:188} INFO - [2026-04-05T04:34:30.249+0000] {dag.py:3036} INFO - Sync 1 DAGs
[2026-04-05T04:34:30.273+0000] {logging_mixin.py:188} INFO - [2026-04-05T04:34:30.273+0000] {dag.py:3823} INFO - Setting next_dagrun for daily_student_pipeline to 2026-04-05 02:00:00+00:00, run_after=2026-04-06 02:00:00+00:00
[2026-04-05T04:34:30.295+0000] {processor.py:183} INFO - Processing /opt/airflow/dags/daily_student_pipeline.py took 0.115 seconds
[2026-04-05T04:35:00.694+0000] {processor.py:161} INFO - Started process (PID=3399) to work on /opt/airflow/dags/daily_student_pipeline.py
[2026-04-05T04:35:00.695+0000] {processor.py:830} INFO - Processing file /opt/airflow/dags/daily_student_pipeline.py for tasks to queue
[2026-04-05T04:35:00.697+0000] {logging_mixin.py:188} INFO - [2026-04-05T04:35:00.696+0000] {dagbag.py:538} INFO - Filling up the DagBag from /opt/airflow/dags/daily_student_pipeline.py
[2026-04-05T04:35:00.731+0000] {processor.py:840} INFO - DAG(s) 'daily_student_pipeline' retrieved from /opt/airflow/dags/daily_student_pipeline.py
[2026-04-05T04:35:00.770+0000] {logging_mixin.py:188} INFO - [2026-04-05T04:35:00.770+0000] {dag.py:3036} INFO - Sync 1 DAGs
[2026-04-05T04:35:00.799+0000] {logging_mixin.py:188} INFO - [2026-04-05T04:35:00.799+0000] {dag.py:3823} INFO - Setting next_dagrun for daily_student_pipeline to 2026-04-05 02:00:00+00:00, run_after=2026-04-06 02:00:00+00:00
[2026-04-05T04:35:00.825+0000] {processor.py:183} INFO - Processing /opt/airflow/dags/daily_student_pipeline.py took 0.134 seconds
[2026-04-05T04:35:30.983+0000] {processor.py:161} INFO - Started process (PID=3422) to work on /opt/airflow/dags/daily_student_pipeline.py
[2026-04-05T04:35:30.986+0000] {processor.py:830} INFO - Processing file /opt/airflow/dags/daily_student_pipeline.py for tasks to queue
[2026-04-05T04:35:30.987+0000] {logging_mixin.py:188} INFO - [2026-04-05T04:35:30.987+0000] {dagbag.py:538} INFO - Filling up the DagBag from /opt/airflow/dags/daily_student_pipeline.py
[2026-04-05T04:35:31.010+0000] {processor.py:840} INFO - DAG(s) 'daily_student_pipeline' retrieved from /opt/airflow/dags/daily_student_pipeline.py
[2026-04-05T04:35:31.039+0000] {logging_mixin.py:188} INFO - [2026-04-05T04:35:31.039+0000] {dag.py:3036} INFO - Sync 1 DAGs
[2026-04-05T04:35:31.060+0000] {logging_mixin.py:188} INFO - [2026-04-05T04:35:31.059+0000] {dag.py:3823} INFO - Setting next_dagrun for daily_student_pipeline to 2026-04-05 02:00:00+00:00, run_after=2026-04-06 02:00:00+00:00
[2026-04-05T04:35:31.086+0000] {processor.py:183} INFO - Processing /opt/airflow/dags/daily_student_pipeline.py took 0.106 seconds
[2026-04-05T04:36:01.469+0000] {processor.py:161} INFO - Started process (PID=3445) to work on /opt/airflow/dags/daily_student_pipeline.py
[2026-04-05T04:36:01.471+0000] {processor.py:830} INFO - Processing file /opt/airflow/dags/daily_student_pipeline.py for tasks to queue
[2026-04-05T04:36:01.472+0000] {logging_mixin.py:188} INFO - [2026-04-05T04:36:01.472+0000] {dagbag.py:538} INFO - Filling up the DagBag from /opt/airflow/dags/daily_student_pipeline.py
[2026-04-05T04:36:01.514+0000] {processor.py:840} INFO - DAG(s) 'daily_student_pipeline' retrieved from /opt/airflow/dags/daily_student_pipeline.py
[2026-04-05T04:36:01.561+0000] {logging_mixin.py:188} INFO - [2026-04-05T04:36:01.561+0000] {dag.py:3036} INFO - Sync 1 DAGs
[2026-04-05T04:36:01.596+0000] {logging_mixin.py:188} INFO - [2026-04-05T04:36:01.596+0000] {dag.py:3823} INFO - Setting next_dagrun for daily_student_pipeline to 2026-04-05 02:00:00+00:00, run_after=2026-04-06 02:00:00+00:00
[2026-04-05T04:36:01.617+0000] {processor.py:183} INFO - Processing /opt/airflow/dags/daily_student_pipeline.py took 0.151 seconds
[2026-04-05T04:36:31.872+0000] {processor.py:161} INFO - Started process (PID=3468) to work on /opt/airflow/dags/daily_student_pipeline.py
[2026-04-05T04:36:31.873+0000] {processor.py:830} INFO - Processing file /opt/airflow/dags/daily_student_pipeline.py for tasks to queue
[2026-04-05T04:36:31.874+0000] {logging_mixin.py:188} INFO - [2026-04-05T04:36:31.874+0000] {dagbag.py:538} INFO - Filling up the DagBag from /opt/airflow/dags/daily_student_pipeline.py
[2026-04-05T04:36:31.894+0000] {processor.py:840} INFO - DAG(s) 'daily_student_pipeline' retrieved from /opt/airflow/dags/daily_student_pipeline.py
[2026-04-05T04:36:31.920+0000] {logging_mixin.py:188} INFO - [2026-04-05T04:36:31.920+0000] {dag.py:3036} INFO - Sync 1 DAGs
[2026-04-05T04:36:31.940+0000] {logging_mixin.py:188} INFO - [2026-04-05T04:36:31.940+0000] {dag.py:3823} INFO - Setting next_dagrun for daily_student_pipeline to 2026-04-05 02:00:00+00:00, run_after=2026-04-06 02:00:00+00:00
[2026-04-05T04:36:31.964+0000] {processor.py:183} INFO - Processing /opt/airflow/dags/daily_student_pipeline.py took 0.095 seconds
[2026-04-05T04:37:02.299+0000] {processor.py:161} INFO - Started process (PID=3491) to work on /opt/airflow/dags/daily_student_pipeline.py
[2026-04-05T04:37:02.300+0000] {processor.py:830} INFO - Processing file /opt/airflow/dags/daily_student_pipeline.py for tasks to queue
[2026-04-05T04:37:02.301+0000] {logging_mixin.py:188} INFO - [2026-04-05T04:37:02.301+0000] {dagbag.py:538} INFO - Filling up the DagBag from /opt/airflow/dags/daily_student_pipeline.py
[2026-04-05T04:37:02.319+0000] {processor.py:840} INFO - DAG(s) 'daily_student_pipeline' retrieved from /opt/airflow/dags/daily_student_pipeline.py
[2026-04-05T04:37:02.342+0000] {logging_mixin.py:188} INFO - [2026-04-05T04:37:02.342+0000] {dag.py:3036} INFO - Sync 1 DAGs
[2026-04-05T04:37:02.362+0000] {logging_mixin.py:188} INFO - [2026-04-05T04:37:02.361+0000] {dag.py:3823} INFO - Setting next_dagrun for daily_student_pipeline to 2026-04-05 02:00:00+00:00, run_after=2026-04-06 02:00:00+00:00
[2026-04-05T04:37:02.388+0000] {processor.py:183} INFO - Processing /opt/airflow/dags/daily_student_pipeline.py took 0.092 seconds
[2026-04-05T04:37:32.756+0000] {processor.py:161} INFO - Started process (PID=3514) to work on /opt/airflow/dags/daily_student_pipeline.py
[2026-04-05T04:37:32.758+0000] {processor.py:830} INFO - Processing file /opt/airflow/dags/daily_student_pipeline.py for tasks to queue
[2026-04-05T04:37:32.758+0000] {logging_mixin.py:188} INFO - [2026-04-05T04:37:32.758+0000] {dagbag.py:538} INFO - Filling up the DagBag from /opt/airflow/dags/daily_student_pipeline.py
[2026-04-05T04:37:32.781+0000] {processor.py:840} INFO - DAG(s) 'daily_student_pipeline' retrieved from /opt/airflow/dags/daily_student_pipeline.py
[2026-04-05T04:37:32.809+0000] {logging_mixin.py:188} INFO - [2026-04-05T04:37:32.809+0000] {dag.py:3036} INFO - Sync 1 DAGs
[2026-04-05T04:37:32.832+0000] {logging_mixin.py:188} INFO - [2026-04-05T04:37:32.832+0000] {dag.py:3823} INFO - Setting next_dagrun for daily_student_pipeline to 2026-04-05 02:00:00+00:00, run_after=2026-04-06 02:00:00+00:00
[2026-04-05T04:37:32.857+0000] {processor.py:183} INFO - Processing /opt/airflow/dags/daily_student_pipeline.py took 0.104 seconds
[2026-04-05T04:38:03.167+0000] {processor.py:161} INFO - Started process (PID=3537) to work on /opt/airflow/dags/daily_student_pipeline.py
[2026-04-05T04:38:03.168+0000] {processor.py:830} INFO - Processing file /opt/airflow/dags/daily_student_pipeline.py for tasks to queue
[2026-04-05T04:38:03.169+0000] {logging_mixin.py:188} INFO - [2026-04-05T04:38:03.168+0000] {dagbag.py:538} INFO - Filling up the DagBag from /opt/airflow/dags/daily_student_pipeline.py
[2026-04-05T04:38:03.188+0000] {processor.py:840} INFO - DAG(s) 'daily_student_pipeline' retrieved from /opt/airflow/dags/daily_student_pipeline.py
[2026-04-05T04:38:03.213+0000] {logging_mixin.py:188} INFO - [2026-04-05T04:38:03.213+0000] {dag.py:3036} INFO - Sync 1 DAGs
[2026-04-05T04:38:03.234+0000] {logging_mixin.py:188} INFO - [2026-04-05T04:38:03.233+0000] {dag.py:3823} INFO - Setting next_dagrun for daily_student_pipeline to 2026-04-05 02:00:00+00:00, run_after=2026-04-06 02:00:00+00:00
[2026-04-05T04:38:03.250+0000] {processor.py:183} INFO - Processing /opt/airflow/dags/daily_student_pipeline.py took 0.086 seconds
[2026-04-05T04:38:33.552+0000] {processor.py:161} INFO - Started process (PID=3560) to work on /opt/airflow/dags/daily_student_pipeline.py
[2026-04-05T04:38:33.553+0000] {processor.py:830} INFO - Processing file /opt/airflow/dags/daily_student_pipeline.py for tasks to queue
[2026-04-05T04:38:33.554+0000] {logging_mixin.py:188} INFO - [2026-04-05T04:38:33.554+0000] {dagbag.py:538} INFO - Filling up the DagBag from /opt/airflow/dags/daily_student_pipeline.py
[2026-04-05T04:38:33.576+0000] {processor.py:840} INFO - DAG(s) 'daily_student_pipeline' retrieved from /opt/airflow/dags/daily_student_pipeline.py
[2026-04-05T04:38:33.604+0000] {logging_mixin.py:188} INFO - [2026-04-05T04:38:33.604+0000] {dag.py:3036} INFO - Sync 1 DAGs
[2026-04-05T04:38:33.629+0000] {logging_mixin.py:188} INFO - [2026-04-05T04:38:33.629+0000] {dag.py:3823} INFO - Setting next_dagrun for daily_student_pipeline to 2026-04-05 02:00:00+00:00, run_after=2026-04-06 02:00:00+00:00
[2026-04-05T04:38:33.654+0000] {processor.py:183} INFO - Processing /opt/airflow/dags/daily_student_pipeline.py took 0.105 seconds
[2026-04-05T04:39:04.013+0000] {processor.py:161} INFO - Started process (PID=3583) to work on /opt/airflow/dags/daily_student_pipeline.py
[2026-04-05T04:39:04.014+0000] {processor.py:830} INFO - Processing file /opt/airflow/dags/daily_student_pipeline.py for tasks to queue
[2026-04-05T04:39:04.015+0000] {logging_mixin.py:188} INFO - [2026-04-05T04:39:04.015+0000] {dagbag.py:538} INFO - Filling up the DagBag from /opt/airflow/dags/daily_student_pipeline.py
[2026-04-05T04:39:04.040+0000] {processor.py:840} INFO - DAG(s) 'daily_student_pipeline' retrieved from /opt/airflow/dags/daily_student_pipeline.py
[2026-04-05T04:39:04.073+0000] {logging_mixin.py:188} INFO - [2026-04-05T04:39:04.072+0000] {dag.py:3036} INFO - Sync 1 DAGs
[2026-04-05T04:39:04.096+0000] {logging_mixin.py:188} INFO - [2026-04-05T04:39:04.096+0000] {dag.py:3823} INFO - Setting next_dagrun for daily_student_pipeline to 2026-04-05 02:00:00+00:00, run_after=2026-04-06 02:00:00+00:00
[2026-04-05T04:39:04.120+0000] {processor.py:183} INFO - Processing /opt/airflow/dags/daily_student_pipeline.py took 0.110 seconds
[2026-04-05T04:39:34.460+0000] {processor.py:161} INFO - Started process (PID=3606) to work on /opt/airflow/dags/daily_student_pipeline.py
[2026-04-05T04:39:34.461+0000] {processor.py:830} INFO - Processing file /opt/airflow/dags/daily_student_pipeline.py for tasks to queue
[2026-04-05T04:39:34.462+0000] {logging_mixin.py:188} INFO - [2026-04-05T04:39:34.462+0000] {dagbag.py:538} INFO - Filling up the DagBag from /opt/airflow/dags/daily_student_pipeline.py
[2026-04-05T04:39:34.482+0000] {processor.py:840} INFO - DAG(s) 'daily_student_pipeline' retrieved from /opt/airflow/dags/daily_student_pipeline.py
[2026-04-05T04:39:34.511+0000] {logging_mixin.py:188} INFO - [2026-04-05T04:39:34.511+0000] {dag.py:3036} INFO - Sync 1 DAGs
[2026-04-05T04:39:34.532+0000] {logging_mixin.py:188} INFO - [2026-04-05T04:39:34.531+0000] {dag.py:3823} INFO - Setting next_dagrun for daily_student_pipeline to 2026-04-05 02:00:00+00:00, run_after=2026-04-06 02:00:00+00:00
[2026-04-05T04:39:34.553+0000] {processor.py:183} INFO - Processing /opt/airflow/dags/daily_student_pipeline.py took 0.096 seconds
[2026-04-05T04:40:04.869+0000] {processor.py:161} INFO - Started process (PID=3629) to work on /opt/airflow/dags/daily_student_pipeline.py
[2026-04-05T04:40:04.870+0000] {processor.py:830} INFO - Processing file /opt/airflow/dags/daily_student_pipeline.py for tasks to queue
[2026-04-05T04:40:04.871+0000] {logging_mixin.py:188} INFO - [2026-04-05T04:40:04.871+0000] {dagbag.py:538} INFO - Filling up the DagBag from /opt/airflow/dags/daily_student_pipeline.py
[2026-04-05T04:40:04.896+0000] {processor.py:840} INFO - DAG(s) 'daily_student_pipeline' retrieved from /opt/airflow/dags/daily_student_pipeline.py
[2026-04-05T04:40:04.925+0000] {logging_mixin.py:188} INFO - [2026-04-05T04:40:04.924+0000] {dag.py:3036} INFO - Sync 1 DAGs
[2026-04-05T04:40:04.949+0000] {logging_mixin.py:188} INFO - [2026-04-05T04:40:04.948+0000] {dag.py:3823} INFO - Setting next_dagrun for daily_student_pipeline to 2026-04-05 02:00:00+00:00, run_after=2026-04-06 02:00:00+00:00
[2026-04-05T04:40:04.973+0000] {processor.py:183} INFO - Processing /opt/airflow/dags/daily_student_pipeline.py took 0.108 seconds
[2026-04-05T04:40:35.274+0000] {processor.py:161} INFO - Started process (PID=3652) to work on /opt/airflow/dags/daily_student_pipeline.py
[2026-04-05T04:40:35.275+0000] {processor.py:830} INFO - Processing file /opt/airflow/dags/daily_student_pipeline.py for tasks to queue
[2026-04-05T04:40:35.276+0000] {logging_mixin.py:188} INFO - [2026-04-05T04:40:35.276+0000] {dagbag.py:538} INFO - Filling up the DagBag from /opt/airflow/dags/daily_student_pipeline.py
[2026-04-05T04:40:35.307+0000] {processor.py:840} INFO - DAG(s) 'daily_student_pipeline' retrieved from /opt/airflow/dags/daily_student_pipeline.py
[2026-04-05T04:40:35.336+0000] {logging_mixin.py:188} INFO - [2026-04-05T04:40:35.336+0000] {dag.py:3036} INFO - Sync 1 DAGs
[2026-04-05T04:40:35.358+0000] {logging_mixin.py:188} INFO - [2026-04-05T04:40:35.358+0000] {dag.py:3823} INFO - Setting next_dagrun for daily_student_pipeline to 2026-04-05 02:00:00+00:00, run_after=2026-04-06 02:00:00+00:00
[2026-04-05T04:40:35.385+0000] {processor.py:183} INFO - Processing /opt/airflow/dags/daily_student_pipeline.py took 0.114 seconds
[2026-04-05T04:41:05.717+0000] {processor.py:161} INFO - Started process (PID=3667) to work on /opt/airflow/dags/daily_student_pipeline.py
[2026-04-05T04:41:05.718+0000] {processor.py:830} INFO - Processing file /opt/airflow/dags/daily_student_pipeline.py for tasks to queue
[2026-04-05T04:41:05.719+0000] {logging_mixin.py:188} INFO - [2026-04-05T04:41:05.718+0000] {dagbag.py:538} INFO - Filling up the DagBag from /opt/airflow/dags/daily_student_pipeline.py
[2026-04-05T04:41:05.738+0000] {processor.py:840} INFO - DAG(s) 'daily_student_pipeline' retrieved from /opt/airflow/dags/daily_student_pipeline.py
[2026-04-05T04:41:05.764+0000] {logging_mixin.py:188} INFO - [2026-04-05T04:41:05.764+0000] {dag.py:3036} INFO - Sync 1 DAGs
[2026-04-05T04:41:05.784+0000] {logging_mixin.py:188} INFO - [2026-04-05T04:41:05.784+0000] {dag.py:3823} INFO - Setting next_dagrun for daily_student_pipeline to 2026-04-05 02:00:00+00:00, run_after=2026-04-06 02:00:00+00:00
[2026-04-05T04:41:05.805+0000] {processor.py:183} INFO - Processing /opt/airflow/dags/daily_student_pipeline.py took 0.092 seconds
[2026-04-05T04:41:36.111+0000] {processor.py:161} INFO - Started process (PID=3689) to work on /opt/airflow/dags/daily_student_pipeline.py
[2026-04-05T04:41:36.112+0000] {processor.py:830} INFO - Processing file /opt/airflow/dags/daily_student_pipeline.py for tasks to queue
[2026-04-05T04:41:36.113+0000] {logging_mixin.py:188} INFO - [2026-04-05T04:41:36.113+0000] {dagbag.py:538} INFO - Filling up the DagBag from /opt/airflow/dags/daily_student_pipeline.py
[2026-04-05T04:41:36.130+0000] {processor.py:840} INFO - DAG(s) 'daily_student_pipeline' retrieved from /opt/airflow/dags/daily_student_pipeline.py
[2026-04-05T04:41:36.153+0000] {logging_mixin.py:188} INFO - [2026-04-05T04:41:36.153+0000] {dag.py:3036} INFO - Sync 1 DAGs
[2026-04-05T04:41:36.176+0000] {logging_mixin.py:188} INFO - [2026-04-05T04:41:36.176+0000] {dag.py:3823} INFO - Setting next_dagrun for daily_student_pipeline to 2026-04-05 02:00:00+00:00, run_after=2026-04-06 02:00:00+00:00
[2026-04-05T04:41:36.203+0000] {processor.py:183} INFO - Processing /opt/airflow/dags/daily_student_pipeline.py took 0.094 seconds
[2026-04-05T04:42:06.597+0000] {processor.py:161} INFO - Started process (PID=3712) to work on /opt/airflow/dags/daily_student_pipeline.py
[2026-04-05T04:42:06.599+0000] {processor.py:830} INFO - Processing file /opt/airflow/dags/daily_student_pipeline.py for tasks to queue
[2026-04-05T04:42:06.600+0000] {logging_mixin.py:188} INFO - [2026-04-05T04:42:06.600+0000] {dagbag.py:538} INFO - Filling up the DagBag from /opt/airflow/dags/daily_student_pipeline.py
[2026-04-05T04:42:06.625+0000] {processor.py:840} INFO - DAG(s) 'daily_student_pipeline' retrieved from /opt/airflow/dags/daily_student_pipeline.py
[2026-04-05T04:42:06.656+0000] {logging_mixin.py:188} INFO - [2026-04-05T04:42:06.656+0000] {dag.py:3036} INFO - Sync 1 DAGs
[2026-04-05T04:42:06.678+0000] {logging_mixin.py:188} INFO - [2026-04-05T04:42:06.677+0000] {dag.py:3823} INFO - Setting next_dagrun for daily_student_pipeline to 2026-04-05 02:00:00+00:00, run_after=2026-04-06 02:00:00+00:00
[2026-04-05T04:42:06.704+0000] {processor.py:183} INFO - Processing /opt/airflow/dags/daily_student_pipeline.py took 0.110 seconds
[2026-04-05T04:42:37.135+0000] {processor.py:161} INFO - Started process (PID=3735) to work on /opt/airflow/dags/daily_student_pipeline.py
[2026-04-05T04:42:37.136+0000] {processor.py:830} INFO - Processing file /opt/airflow/dags/daily_student_pipeline.py for tasks to queue
[2026-04-05T04:42:37.137+0000] {logging_mixin.py:188} INFO - [2026-04-05T04:42:37.136+0000] {dagbag.py:538} INFO - Filling up the DagBag from /opt/airflow/dags/daily_student_pipeline.py
[2026-04-05T04:42:37.158+0000] {processor.py:840} INFO - DAG(s) 'daily_student_pipeline' retrieved from /opt/airflow/dags/daily_student_pipeline.py
[2026-04-05T04:42:37.190+0000] {logging_mixin.py:188} INFO - [2026-04-05T04:42:37.190+0000] {dag.py:3036} INFO - Sync 1 DAGs
[2026-04-05T04:42:37.214+0000] {logging_mixin.py:188} INFO - [2026-04-05T04:42:37.213+0000] {dag.py:3823} INFO - Setting next_dagrun for daily_student_pipeline to 2026-04-05 02:00:00+00:00, run_after=2026-04-06 02:00:00+00:00
[2026-04-05T04:42:37.232+0000] {processor.py:183} INFO - Processing /opt/airflow/dags/daily_student_pipeline.py took 0.101 seconds
[2026-04-05T04:43:07.704+0000] {processor.py:161} INFO - Started process (PID=3758) to work on /opt/airflow/dags/daily_student_pipeline.py
[2026-04-05T04:43:07.706+0000] {processor.py:830} INFO - Processing file /opt/airflow/dags/daily_student_pipeline.py for tasks to queue
[2026-04-05T04:43:07.707+0000] {logging_mixin.py:188} INFO - [2026-04-05T04:43:07.707+0000] {dagbag.py:538} INFO - Filling up the DagBag from /opt/airflow/dags/daily_student_pipeline.py
[2026-04-05T04:43:07.743+0000] {processor.py:840} INFO - DAG(s) 'daily_student_pipeline' retrieved from /opt/airflow/dags/daily_student_pipeline.py
[2026-04-05T04:43:07.807+0000] {logging_mixin.py:188} INFO - [2026-04-05T04:43:07.807+0000] {dag.py:3036} INFO - Sync 1 DAGs
[2026-04-05T04:43:07.861+0000] {logging_mixin.py:188} INFO - [2026-04-05T04:43:07.861+0000] {dag.py:3823} INFO - Setting next_dagrun for daily_student_pipeline to 2026-04-05 02:00:00+00:00, run_after=2026-04-06 02:00:00+00:00
[2026-04-05T04:43:07.890+0000] {processor.py:183} INFO - Processing /opt/airflow/dags/daily_student_pipeline.py took 0.188 seconds
[2026-04-05T04:43:38.222+0000] {processor.py:161} INFO - Started process (PID=3781) to work on /opt/airflow/dags/daily_student_pipeline.py
[2026-04-05T04:43:38.223+0000] {processor.py:830} INFO - Processing file /opt/airflow/dags/daily_student_pipeline.py for tasks to queue
[2026-04-05T04:43:38.225+0000] {logging_mixin.py:188} INFO - [2026-04-05T04:43:38.224+0000] {dagbag.py:538} INFO - Filling up the DagBag from /opt/airflow/dags/daily_student_pipeline.py
[2026-04-05T04:43:38.257+0000] {processor.py:840} INFO - DAG(s) 'daily_student_pipeline' retrieved from /opt/airflow/dags/daily_student_pipeline.py
[2026-04-05T04:43:38.329+0000] {logging_mixin.py:188} INFO - [2026-04-05T04:43:38.329+0000] {dag.py:3036} INFO - Sync 1 DAGs
[2026-04-05T04:43:38.354+0000] {logging_mixin.py:188} INFO - [2026-04-05T04:43:38.354+0000] {dag.py:3823} INFO - Setting next_dagrun for daily_student_pipeline to 2026-04-05 02:00:00+00:00, run_after=2026-04-06 02:00:00+00:00
[2026-04-05T04:43:38.376+0000] {processor.py:183} INFO - Processing /opt/airflow/dags/daily_student_pipeline.py took 0.157 seconds
[2026-04-05T04:44:08.793+0000] {processor.py:161} INFO - Started process (PID=3804) to work on /opt/airflow/dags/daily_student_pipeline.py
[2026-04-05T04:44:08.795+0000] {processor.py:830} INFO - Processing file /opt/airflow/dags/daily_student_pipeline.py for tasks to queue
[2026-04-05T04:44:08.797+0000] {logging_mixin.py:188} INFO - [2026-04-05T04:44:08.796+0000] {dagbag.py:538} INFO - Filling up the DagBag from /opt/airflow/dags/daily_student_pipeline.py
[2026-04-05T04:44:08.827+0000] {processor.py:840} INFO - DAG(s) 'daily_student_pipeline' retrieved from /opt/airflow/dags/daily_student_pipeline.py
[2026-04-05T04:44:08.864+0000] {logging_mixin.py:188} INFO - [2026-04-05T04:44:08.863+0000] {dag.py:3036} INFO - Sync 1 DAGs
[2026-04-05T04:44:08.895+0000] {logging_mixin.py:188} INFO - [2026-04-05T04:44:08.895+0000] {dag.py:3823} INFO - Setting next_dagrun for daily_student_pipeline to 2026-04-05 02:00:00+00:00, run_after=2026-04-06 02:00:00+00:00
[2026-04-05T04:44:08.919+0000] {processor.py:183} INFO - Processing /opt/airflow/dags/daily_student_pipeline.py took 0.128 seconds
[2026-04-05T04:44:39.202+0000] {processor.py:161} INFO - Started process (PID=3827) to work on /opt/airflow/dags/daily_student_pipeline.py
[2026-04-05T04:44:39.203+0000] {processor.py:830} INFO - Processing file /opt/airflow/dags/daily_student_pipeline.py for tasks to queue
[2026-04-05T04:44:39.204+0000] {logging_mixin.py:188} INFO - [2026-04-05T04:44:39.204+0000] {dagbag.py:538} INFO - Filling up the DagBag from /opt/airflow/dags/daily_student_pipeline.py
[2026-04-05T04:44:39.223+0000] {processor.py:840} INFO - DAG(s) 'daily_student_pipeline' retrieved from /opt/airflow/dags/daily_student_pipeline.py
[2026-04-05T04:44:39.249+0000] {logging_mixin.py:188} INFO - [2026-04-05T04:44:39.249+0000] {dag.py:3036} INFO - Sync 1 DAGs
[2026-04-05T04:44:39.271+0000] {logging_mixin.py:188} INFO - [2026-04-05T04:44:39.271+0000] {dag.py:3823} INFO - Setting next_dagrun for daily_student_pipeline to 2026-04-05 02:00:00+00:00, run_after=2026-04-06 02:00:00+00:00
[2026-04-05T04:44:39.297+0000] {processor.py:183} INFO - Processing /opt/airflow/dags/daily_student_pipeline.py took 0.098 seconds
[2026-04-05T04:45:09.559+0000] {processor.py:161} INFO - Started process (PID=3850) to work on /opt/airflow/dags/daily_student_pipeline.py
[2026-04-05T04:45:09.560+0000] {processor.py:830} INFO - Processing file /opt/airflow/dags/daily_student_pipeline.py for tasks to queue
[2026-04-05T04:45:09.561+0000] {logging_mixin.py:188} INFO - [2026-04-05T04:45:09.561+0000] {dagbag.py:538} INFO - Filling up the DagBag from /opt/airflow/dags/daily_student_pipeline.py
[2026-04-05T04:45:09.582+0000] {processor.py:840} INFO - DAG(s) 'daily_student_pipeline' retrieved from /opt/airflow/dags/daily_student_pipeline.py
[2026-04-05T04:45:09.611+0000] {logging_mixin.py:188} INFO - [2026-04-05T04:45:09.611+0000] {dag.py:3036} INFO - Sync 1 DAGs
[2026-04-05T04:45:09.633+0000] {logging_mixin.py:188} INFO - [2026-04-05T04:45:09.633+0000] {dag.py:3823} INFO - Setting next_dagrun for daily_student_pipeline to 2026-04-05 02:00:00+00:00, run_after=2026-04-06 02:00:00+00:00
[2026-04-05T04:45:09.656+0000] {processor.py:183} INFO - Processing /opt/airflow/dags/daily_student_pipeline.py took 0.100 seconds
[2026-04-05T04:45:39.940+0000] {processor.py:161} INFO - Started process (PID=3873) to work on /opt/airflow/dags/daily_student_pipeline.py
[2026-04-05T04:45:39.941+0000] {processor.py:830} INFO - Processing file /opt/airflow/dags/daily_student_pipeline.py for tasks to queue
[2026-04-05T04:45:39.942+0000] {logging_mixin.py:188} INFO - [2026-04-05T04:45:39.942+0000] {dagbag.py:538} INFO - Filling up the DagBag from /opt/airflow/dags/daily_student_pipeline.py
[2026-04-05T04:45:39.964+0000] {processor.py:840} INFO - DAG(s) 'daily_student_pipeline' retrieved from /opt/airflow/dags/daily_student_pipeline.py
[2026-04-05T04:45:40.007+0000] {logging_mixin.py:188} INFO - [2026-04-05T04:45:40.007+0000] {dag.py:3036} INFO - Sync 1 DAGs
[2026-04-05T04:45:40.037+0000] {logging_mixin.py:188} INFO - [2026-04-05T04:45:40.036+0000] {dag.py:3823} INFO - Setting next_dagrun for daily_student_pipeline to 2026-04-05 02:00:00+00:00, run_after=2026-04-06 02:00:00+00:00
[2026-04-05T04:45:40.060+0000] {processor.py:183} INFO - Processing /opt/airflow/dags/daily_student_pipeline.py took 0.122 seconds
[2026-04-05T04:46:10.391+0000] {processor.py:161} INFO - Started process (PID=3896) to work on /opt/airflow/dags/daily_student_pipeline.py
[2026-04-05T04:46:10.393+0000] {processor.py:830} INFO - Processing file /opt/airflow/dags/daily_student_pipeline.py for tasks to queue
[2026-04-05T04:46:10.395+0000] {logging_mixin.py:188} INFO - [2026-04-05T04:46:10.394+0000] {dagbag.py:538} INFO - Filling up the DagBag from /opt/airflow/dags/daily_student_pipeline.py
[2026-04-05T04:46:10.439+0000] {processor.py:840} INFO - DAG(s) 'daily_student_pipeline' retrieved from /opt/airflow/dags/daily_student_pipeline.py
[2026-04-05T04:46:10.495+0000] {logging_mixin.py:188} INFO - [2026-04-05T04:46:10.495+0000] {dag.py:3036} INFO - Sync 1 DAGs
[2026-04-05T04:46:10.526+0000] {logging_mixin.py:188} INFO - [2026-04-05T04:46:10.525+0000] {dag.py:3823} INFO - Setting next_dagrun for daily_student_pipeline to 2026-04-05 02:00:00+00:00, run_after=2026-04-06 02:00:00+00:00
[2026-04-05T04:46:10.547+0000] {processor.py:183} INFO - Processing /opt/airflow/dags/daily_student_pipeline.py took 0.161 seconds
[2026-04-05T04:46:40.980+0000] {processor.py:161} INFO - Started process (PID=4115) to work on /opt/airflow/dags/daily_student_pipeline.py
[2026-04-05T04:46:40.981+0000] {processor.py:830} INFO - Processing file /opt/airflow/dags/daily_student_pipeline.py for tasks to queue
[2026-04-05T04:46:40.983+0000] {logging_mixin.py:188} INFO - [2026-04-05T04:46:40.982+0000] {dagbag.py:538} INFO - Filling up the DagBag from /opt/airflow/dags/daily_student_pipeline.py
[2026-04-05T04:46:41.010+0000] {processor.py:840} INFO - DAG(s) 'daily_student_pipeline' retrieved from /opt/airflow/dags/daily_student_pipeline.py
[2026-04-05T04:46:41.056+0000] {logging_mixin.py:188} INFO - [2026-04-05T04:46:41.056+0000] {dag.py:3036} INFO - Sync 1 DAGs
[2026-04-05T04:46:41.093+0000] {logging_mixin.py:188} INFO - [2026-04-05T04:46:41.093+0000] {dag.py:3823} INFO - Setting next_dagrun for daily_student_pipeline to 2026-04-05 02:00:00+00:00, run_after=2026-04-06 02:00:00+00:00
[2026-04-05T04:46:41.132+0000] {processor.py:183} INFO - Processing /opt/airflow/dags/daily_student_pipeline.py took 0.156 seconds
[2026-04-05T04:47:11.551+0000] {processor.py:161} INFO - Started process (PID=4138) to work on /opt/airflow/dags/daily_student_pipeline.py
[2026-04-05T04:47:11.553+0000] {processor.py:830} INFO - Processing file /opt/airflow/dags/daily_student_pipeline.py for tasks to queue
[2026-04-05T04:47:11.554+0000] {logging_mixin.py:188} INFO - [2026-04-05T04:47:11.553+0000] {dagbag.py:538} INFO - Filling up the DagBag from /opt/airflow/dags/daily_student_pipeline.py
[2026-04-05T04:47:11.582+0000] {processor.py:840} INFO - DAG(s) 'daily_student_pipeline' retrieved from /opt/airflow/dags/daily_student_pipeline.py
[2026-04-05T04:47:11.614+0000] {logging_mixin.py:188} INFO - [2026-04-05T04:47:11.613+0000] {dag.py:3036} INFO - Sync 1 DAGs
[2026-04-05T04:47:11.641+0000] {logging_mixin.py:188} INFO - [2026-04-05T04:47:11.641+0000] {dag.py:3823} INFO - Setting next_dagrun for daily_student_pipeline to 2026-04-05 02:00:00+00:00, run_after=2026-04-06 02:00:00+00:00
[2026-04-05T04:47:11.666+0000] {processor.py:183} INFO - Processing /opt/airflow/dags/daily_student_pipeline.py took 0.118 seconds
[2026-04-05T04:47:41.952+0000] {processor.py:161} INFO - Started process (PID=4162) to work on /opt/airflow/dags/daily_student_pipeline.py
[2026-04-05T04:47:41.953+0000] {processor.py:830} INFO - Processing file /opt/airflow/dags/daily_student_pipeline.py for tasks to queue
[2026-04-05T04:47:41.954+0000] {logging_mixin.py:188} INFO - [2026-04-05T04:47:41.954+0000] {dagbag.py:538} INFO - Filling up the DagBag from /opt/airflow/dags/daily_student_pipeline.py
[2026-04-05T04:47:41.977+0000] {processor.py:840} INFO - DAG(s) 'daily_student_pipeline' retrieved from /opt/airflow/dags/daily_student_pipeline.py
[2026-04-05T04:47:42.002+0000] {logging_mixin.py:188} INFO - [2026-04-05T04:47:42.002+0000] {dag.py:3036} INFO - Sync 1 DAGs
[2026-04-05T04:47:42.028+0000] {logging_mixin.py:188} INFO - [2026-04-05T04:47:42.028+0000] {dag.py:3823} INFO - Setting next_dagrun for daily_student_pipeline to 2026-04-05 02:00:00+00:00, run_after=2026-04-06 02:00:00+00:00
[2026-04-05T04:47:42.051+0000] {processor.py:183} INFO - Processing /opt/airflow/dags/daily_student_pipeline.py took 0.102 seconds
[2026-04-05T04:48:12.372+0000] {processor.py:161} INFO - Started process (PID=4185) to work on /opt/airflow/dags/daily_student_pipeline.py
[2026-04-05T04:48:12.374+0000] {processor.py:830} INFO - Processing file /opt/airflow/dags/daily_student_pipeline.py for tasks to queue
[2026-04-05T04:48:12.375+0000] {logging_mixin.py:188} INFO - [2026-04-05T04:48:12.375+0000] {dagbag.py:538} INFO - Filling up the DagBag from /opt/airflow/dags/daily_student_pipeline.py
[2026-04-05T04:48:12.400+0000] {processor.py:840} INFO - DAG(s) 'daily_student_pipeline' retrieved from /opt/airflow/dags/daily_student_pipeline.py
[2026-04-05T04:48:12.427+0000] {logging_mixin.py:188} INFO - [2026-04-05T04:48:12.427+0000] {dag.py:3036} INFO - Sync 1 DAGs
[2026-04-05T04:48:12.448+0000] {logging_mixin.py:188} INFO - [2026-04-05T04:48:12.448+0000] {dag.py:3823} INFO - Setting next_dagrun for daily_student_pipeline to 2026-04-05 02:00:00+00:00, run_after=2026-04-06 02:00:00+00:00
[2026-04-05T04:48:12.470+0000] {processor.py:183} INFO - Processing /opt/airflow/dags/daily_student_pipeline.py took 0.101 seconds
[2026-04-05T04:48:25.449+0000] {processor.py:161} INFO - Started process (PID=4200) to work on /opt/airflow/dags/daily_student_pipeline.py
[2026-04-05T04:48:25.451+0000] {processor.py:830} INFO - Processing file /opt/airflow/dags/daily_student_pipeline.py for tasks to queue
[2026-04-05T04:48:25.452+0000] {logging_mixin.py:188} INFO - [2026-04-05T04:48:25.452+0000] {dagbag.py:538} INFO - Filling up the DagBag from /opt/airflow/dags/daily_student_pipeline.py
[2026-04-05T04:48:25.478+0000] {processor.py:840} INFO - DAG(s) 'daily_student_pipeline' retrieved from /opt/airflow/dags/daily_student_pipeline.py
[2026-04-05T04:48:25.547+0000] {logging_mixin.py:188} INFO - [2026-04-05T04:48:25.546+0000] {dag.py:1508} INFO - Executing dag callback function: <function task_alert_failure at 0x719f611d4b80>
[2026-04-05T04:48:25.547+0000] {logging_mixin.py:188} INFO - ============================================================
[2026-04-05T04:48:25.548+0000] {logging_mixin.py:188} INFO - PIPELINE FAILED!
[2026-04-05T04:48:25.548+0000] {logging_mixin.py:188} INFO - Task     : alert_success
[2026-04-05T04:48:25.548+0000] {logging_mixin.py:188} INFO - Loi      : None
[2026-04-05T04:48:25.550+0000] {logging_mixin.py:188} INFO - Log URL  : http://localhost:8080/log?execution_date=2026-04-05T04%3A46%3A15.083879%2B00%3A00&task_id=alert_success&dag_id=daily_student_pipeline&map_index=-1
[2026-04-05T04:48:25.550+0000] {logging_mixin.py:188} INFO - ============================================================
[2026-04-05T04:48:25.566+0000] {logging_mixin.py:188} INFO - [2026-04-05T04:48:25.566+0000] {dag.py:3036} INFO - Sync 1 DAGs
[2026-04-05T04:48:25.582+0000] {logging_mixin.py:188} INFO - [2026-04-05T04:48:25.582+0000] {dag.py:3823} INFO - Setting next_dagrun for daily_student_pipeline to 2026-04-05 02:00:00+00:00, run_after=2026-04-06 02:00:00+00:00
[2026-04-05T04:48:25.607+0000] {processor.py:183} INFO - Processing /opt/airflow/dags/daily_student_pipeline.py took 0.161 seconds
[2026-04-05T04:48:55.958+0000] {processor.py:161} INFO - Started process (PID=4223) to work on /opt/airflow/dags/daily_student_pipeline.py
[2026-04-05T04:48:55.960+0000] {processor.py:830} INFO - Processing file /opt/airflow/dags/daily_student_pipeline.py for tasks to queue
[2026-04-05T04:48:55.960+0000] {logging_mixin.py:188} INFO - [2026-04-05T04:48:55.960+0000] {dagbag.py:538} INFO - Filling up the DagBag from /opt/airflow/dags/daily_student_pipeline.py
[2026-04-05T04:48:55.984+0000] {processor.py:840} INFO - DAG(s) 'daily_student_pipeline' retrieved from /opt/airflow/dags/daily_student_pipeline.py
[2026-04-05T04:48:56.027+0000] {logging_mixin.py:188} INFO - [2026-04-05T04:48:56.027+0000] {dag.py:3036} INFO - Sync 1 DAGs
[2026-04-05T04:48:56.049+0000] {logging_mixin.py:188} INFO - [2026-04-05T04:48:56.049+0000] {dag.py:3823} INFO - Setting next_dagrun for daily_student_pipeline to 2026-04-05 02:00:00+00:00, run_after=2026-04-06 02:00:00+00:00
[2026-04-05T04:48:56.074+0000] {processor.py:183} INFO - Processing /opt/airflow/dags/daily_student_pipeline.py took 0.118 seconds
[2026-04-05T04:49:26.427+0000] {processor.py:161} INFO - Started process (PID=4246) to work on /opt/airflow/dags/daily_student_pipeline.py
[2026-04-05T04:49:26.428+0000] {processor.py:830} INFO - Processing file /opt/airflow/dags/daily_student_pipeline.py for tasks to queue
[2026-04-05T04:49:26.429+0000] {logging_mixin.py:188} INFO - [2026-04-05T04:49:26.429+0000] {dagbag.py:538} INFO - Filling up the DagBag from /opt/airflow/dags/daily_student_pipeline.py
[2026-04-05T04:49:26.447+0000] {processor.py:840} INFO - DAG(s) 'daily_student_pipeline' retrieved from /opt/airflow/dags/daily_student_pipeline.py
[2026-04-05T04:49:26.479+0000] {logging_mixin.py:188} INFO - [2026-04-05T04:49:26.479+0000] {dag.py:3036} INFO - Sync 1 DAGs
[2026-04-05T04:49:26.501+0000] {logging_mixin.py:188} INFO - [2026-04-05T04:49:26.501+0000] {dag.py:3823} INFO - Setting next_dagrun for daily_student_pipeline to 2026-04-05 02:00:00+00:00, run_after=2026-04-06 02:00:00+00:00
[2026-04-05T04:49:26.544+0000] {processor.py:183} INFO - Processing /opt/airflow/dags/daily_student_pipeline.py took 0.120 seconds
[2026-04-05T04:49:56.866+0000] {processor.py:161} INFO - Started process (PID=4269) to work on /opt/airflow/dags/daily_student_pipeline.py
[2026-04-05T04:49:56.867+0000] {processor.py:830} INFO - Processing file /opt/airflow/dags/daily_student_pipeline.py for tasks to queue
[2026-04-05T04:49:56.870+0000] {logging_mixin.py:188} INFO - [2026-04-05T04:49:56.870+0000] {dagbag.py:538} INFO - Filling up the DagBag from /opt/airflow/dags/daily_student_pipeline.py
[2026-04-05T04:49:56.904+0000] {processor.py:840} INFO - DAG(s) 'daily_student_pipeline' retrieved from /opt/airflow/dags/daily_student_pipeline.py
[2026-04-05T04:49:56.937+0000] {logging_mixin.py:188} INFO - [2026-04-05T04:49:56.936+0000] {dag.py:3036} INFO - Sync 1 DAGs
[2026-04-05T04:49:56.961+0000] {logging_mixin.py:188} INFO - [2026-04-05T04:49:56.961+0000] {dag.py:3823} INFO - Setting next_dagrun for daily_student_pipeline to 2026-04-05 02:00:00+00:00, run_after=2026-04-06 02:00:00+00:00
[2026-04-05T04:49:56.987+0000] {processor.py:183} INFO - Processing /opt/airflow/dags/daily_student_pipeline.py took 0.124 seconds
[2026-04-05T04:50:27.255+0000] {processor.py:161} INFO - Started process (PID=4292) to work on /opt/airflow/dags/daily_student_pipeline.py
[2026-04-05T04:50:27.257+0000] {processor.py:830} INFO - Processing file /opt/airflow/dags/daily_student_pipeline.py for tasks to queue
[2026-04-05T04:50:27.258+0000] {logging_mixin.py:188} INFO - [2026-04-05T04:50:27.258+0000] {dagbag.py:538} INFO - Filling up the DagBag from /opt/airflow/dags/daily_student_pipeline.py
[2026-04-05T04:50:27.282+0000] {processor.py:840} INFO - DAG(s) 'daily_student_pipeline' retrieved from /opt/airflow/dags/daily_student_pipeline.py
[2026-04-05T04:50:27.318+0000] {logging_mixin.py:188} INFO - [2026-04-05T04:50:27.318+0000] {dag.py:3036} INFO - Sync 1 DAGs
[2026-04-05T04:50:27.345+0000] {logging_mixin.py:188} INFO - [2026-04-05T04:50:27.345+0000] {dag.py:3823} INFO - Setting next_dagrun for daily_student_pipeline to 2026-04-05 02:00:00+00:00, run_after=2026-04-06 02:00:00+00:00
[2026-04-05T04:50:27.370+0000] {processor.py:183} INFO - Processing /opt/airflow/dags/daily_student_pipeline.py took 0.117 seconds
[2026-04-05T04:50:57.667+0000] {processor.py:161} INFO - Started process (PID=4315) to work on /opt/airflow/dags/daily_student_pipeline.py
[2026-04-05T04:50:57.668+0000] {processor.py:830} INFO - Processing file /opt/airflow/dags/daily_student_pipeline.py for tasks to queue
[2026-04-05T04:50:57.669+0000] {logging_mixin.py:188} INFO - [2026-04-05T04:50:57.669+0000] {dagbag.py:538} INFO - Filling up the DagBag from /opt/airflow/dags/daily_student_pipeline.py
[2026-04-05T04:50:57.686+0000] {processor.py:840} INFO - DAG(s) 'daily_student_pipeline' retrieved from /opt/airflow/dags/daily_student_pipeline.py
[2026-04-05T04:50:57.713+0000] {logging_mixin.py:188} INFO - [2026-04-05T04:50:57.713+0000] {dag.py:3036} INFO - Sync 1 DAGs
[2026-04-05T04:50:57.734+0000] {logging_mixin.py:188} INFO - [2026-04-05T04:50:57.734+0000] {dag.py:3823} INFO - Setting next_dagrun for daily_student_pipeline to 2026-04-05 02:00:00+00:00, run_after=2026-04-06 02:00:00+00:00
[2026-04-05T04:50:57.756+0000] {processor.py:183} INFO - Processing /opt/airflow/dags/daily_student_pipeline.py took 0.091 seconds
[2026-04-05T04:51:28.101+0000] {processor.py:161} INFO - Started process (PID=4338) to work on /opt/airflow/dags/daily_student_pipeline.py
[2026-04-05T04:51:28.102+0000] {processor.py:830} INFO - Processing file /opt/airflow/dags/daily_student_pipeline.py for tasks to queue
[2026-04-05T04:51:28.102+0000] {logging_mixin.py:188} INFO - [2026-04-05T04:51:28.102+0000] {dagbag.py:538} INFO - Filling up the DagBag from /opt/airflow/dags/daily_student_pipeline.py
[2026-04-05T04:51:28.122+0000] {processor.py:840} INFO - DAG(s) 'daily_student_pipeline' retrieved from /opt/airflow/dags/daily_student_pipeline.py
[2026-04-05T04:51:28.149+0000] {logging_mixin.py:188} INFO - [2026-04-05T04:51:28.149+0000] {dag.py:3036} INFO - Sync 1 DAGs
[2026-04-05T04:51:28.172+0000] {logging_mixin.py:188} INFO - [2026-04-05T04:51:28.172+0000] {dag.py:3823} INFO - Setting next_dagrun for daily_student_pipeline to 2026-04-05 02:00:00+00:00, run_after=2026-04-06 02:00:00+00:00
[2026-04-05T04:51:28.196+0000] {processor.py:183} INFO - Processing /opt/airflow/dags/daily_student_pipeline.py took 0.098 seconds
[2026-04-05T04:51:58.526+0000] {processor.py:161} INFO - Started process (PID=4361) to work on /opt/airflow/dags/daily_student_pipeline.py
[2026-04-05T04:51:58.527+0000] {processor.py:830} INFO - Processing file /opt/airflow/dags/daily_student_pipeline.py for tasks to queue
[2026-04-05T04:51:58.528+0000] {logging_mixin.py:188} INFO - [2026-04-05T04:51:58.528+0000] {dagbag.py:538} INFO - Filling up the DagBag from /opt/airflow/dags/daily_student_pipeline.py
[2026-04-05T04:51:58.549+0000] {processor.py:840} INFO - DAG(s) 'daily_student_pipeline' retrieved from /opt/airflow/dags/daily_student_pipeline.py
[2026-04-05T04:51:58.579+0000] {logging_mixin.py:188} INFO - [2026-04-05T04:51:58.578+0000] {dag.py:3036} INFO - Sync 1 DAGs
[2026-04-05T04:51:58.608+0000] {logging_mixin.py:188} INFO - [2026-04-05T04:51:58.608+0000] {dag.py:3823} INFO - Setting next_dagrun for daily_student_pipeline to 2026-04-05 02:00:00+00:00, run_after=2026-04-06 02:00:00+00:00
[2026-04-05T04:51:58.631+0000] {processor.py:183} INFO - Processing /opt/airflow/dags/daily_student_pipeline.py took 0.108 seconds
[2026-04-05T04:52:28.946+0000] {processor.py:161} INFO - Started process (PID=4384) to work on /opt/airflow/dags/daily_student_pipeline.py
[2026-04-05T04:52:28.947+0000] {processor.py:830} INFO - Processing file /opt/airflow/dags/daily_student_pipeline.py for tasks to queue
[2026-04-05T04:52:28.948+0000] {logging_mixin.py:188} INFO - [2026-04-05T04:52:28.948+0000] {dagbag.py:538} INFO - Filling up the DagBag from /opt/airflow/dags/daily_student_pipeline.py
[2026-04-05T04:52:28.965+0000] {processor.py:840} INFO - DAG(s) 'daily_student_pipeline' retrieved from /opt/airflow/dags/daily_student_pipeline.py
[2026-04-05T04:52:28.990+0000] {logging_mixin.py:188} INFO - [2026-04-05T04:52:28.990+0000] {dag.py:3036} INFO - Sync 1 DAGs
[2026-04-05T04:52:29.011+0000] {logging_mixin.py:188} INFO - [2026-04-05T04:52:29.011+0000] {dag.py:3823} INFO - Setting next_dagrun for daily_student_pipeline to 2026-04-05 02:00:00+00:00, run_after=2026-04-06 02:00:00+00:00
[2026-04-05T04:52:29.036+0000] {processor.py:183} INFO - Processing /opt/airflow/dags/daily_student_pipeline.py took 0.091 seconds
[2026-04-05T04:52:59.335+0000] {processor.py:161} INFO - Started process (PID=4407) to work on /opt/airflow/dags/daily_student_pipeline.py
[2026-04-05T04:52:59.336+0000] {processor.py:830} INFO - Processing file /opt/airflow/dags/daily_student_pipeline.py for tasks to queue
[2026-04-05T04:52:59.337+0000] {logging_mixin.py:188} INFO - [2026-04-05T04:52:59.337+0000] {dagbag.py:538} INFO - Filling up the DagBag from /opt/airflow/dags/daily_student_pipeline.py
[2026-04-05T04:52:59.358+0000] {processor.py:840} INFO - DAG(s) 'daily_student_pipeline' retrieved from /opt/airflow/dags/daily_student_pipeline.py
[2026-04-05T04:52:59.386+0000] {logging_mixin.py:188} INFO - [2026-04-05T04:52:59.386+0000] {dag.py:3036} INFO - Sync 1 DAGs
[2026-04-05T04:52:59.410+0000] {logging_mixin.py:188} INFO - [2026-04-05T04:52:59.409+0000] {dag.py:3823} INFO - Setting next_dagrun for daily_student_pipeline to 2026-04-05 02:00:00+00:00, run_after=2026-04-06 02:00:00+00:00
[2026-04-05T04:52:59.434+0000] {processor.py:183} INFO - Processing /opt/airflow/dags/daily_student_pipeline.py took 0.101 seconds
[2026-04-05T04:53:29.798+0000] {processor.py:161} INFO - Started process (PID=4422) to work on /opt/airflow/dags/daily_student_pipeline.py
[2026-04-05T04:53:29.799+0000] {processor.py:830} INFO - Processing file /opt/airflow/dags/daily_student_pipeline.py for tasks to queue
[2026-04-05T04:53:29.800+0000] {logging_mixin.py:188} INFO - [2026-04-05T04:53:29.800+0000] {dagbag.py:538} INFO - Filling up the DagBag from /opt/airflow/dags/daily_student_pipeline.py
[2026-04-05T04:53:29.819+0000] {processor.py:840} INFO - DAG(s) 'daily_student_pipeline' retrieved from /opt/airflow/dags/daily_student_pipeline.py
[2026-04-05T04:53:29.850+0000] {logging_mixin.py:188} INFO - [2026-04-05T04:53:29.850+0000] {dag.py:3036} INFO - Sync 1 DAGs
[2026-04-05T04:53:29.875+0000] {logging_mixin.py:188} INFO - [2026-04-05T04:53:29.875+0000] {dag.py:3823} INFO - Setting next_dagrun for daily_student_pipeline to 2026-04-05 02:00:00+00:00, run_after=2026-04-06 02:00:00+00:00
[2026-04-05T04:53:29.896+0000] {processor.py:183} INFO - Processing /opt/airflow/dags/daily_student_pipeline.py took 0.101 seconds
[2026-04-05T04:54:00.282+0000] {processor.py:161} INFO - Started process (PID=4445) to work on /opt/airflow/dags/daily_student_pipeline.py
[2026-04-05T04:54:00.284+0000] {processor.py:830} INFO - Processing file /opt/airflow/dags/daily_student_pipeline.py for tasks to queue
[2026-04-05T04:54:00.285+0000] {logging_mixin.py:188} INFO - [2026-04-05T04:54:00.284+0000] {dagbag.py:538} INFO - Filling up the DagBag from /opt/airflow/dags/daily_student_pipeline.py
[2026-04-05T04:54:00.311+0000] {processor.py:840} INFO - DAG(s) 'daily_student_pipeline' retrieved from /opt/airflow/dags/daily_student_pipeline.py
[2026-04-05T04:54:00.347+0000] {logging_mixin.py:188} INFO - [2026-04-05T04:54:00.347+0000] {dag.py:3036} INFO - Sync 1 DAGs
[2026-04-05T04:54:00.372+0000] {logging_mixin.py:188} INFO - [2026-04-05T04:54:00.371+0000] {dag.py:3823} INFO - Setting next_dagrun for daily_student_pipeline to 2026-04-05 02:00:00+00:00, run_after=2026-04-06 02:00:00+00:00
[2026-04-05T04:54:00.391+0000] {processor.py:183} INFO - Processing /opt/airflow/dags/daily_student_pipeline.py took 0.112 seconds
[2026-04-05T04:54:30.719+0000] {processor.py:161} INFO - Started process (PID=4468) to work on /opt/airflow/dags/daily_student_pipeline.py
[2026-04-05T04:54:30.720+0000] {processor.py:830} INFO - Processing file /opt/airflow/dags/daily_student_pipeline.py for tasks to queue
[2026-04-05T04:54:30.721+0000] {logging_mixin.py:188} INFO - [2026-04-05T04:54:30.721+0000] {dagbag.py:538} INFO - Filling up the DagBag from /opt/airflow/dags/daily_student_pipeline.py
[2026-04-05T04:54:30.741+0000] {processor.py:840} INFO - DAG(s) 'daily_student_pipeline' retrieved from /opt/airflow/dags/daily_student_pipeline.py
[2026-04-05T04:54:30.772+0000] {logging_mixin.py:188} INFO - [2026-04-05T04:54:30.772+0000] {dag.py:3036} INFO - Sync 1 DAGs
[2026-04-05T04:54:30.794+0000] {logging_mixin.py:188} INFO - [2026-04-05T04:54:30.794+0000] {dag.py:3823} INFO - Setting next_dagrun for daily_student_pipeline to 2026-04-05 02:00:00+00:00, run_after=2026-04-06 02:00:00+00:00
[2026-04-05T04:54:30.816+0000] {processor.py:183} INFO - Processing /opt/airflow/dags/daily_student_pipeline.py took 0.099 seconds
[2026-04-05T04:55:01.147+0000] {processor.py:161} INFO - Started process (PID=4491) to work on /opt/airflow/dags/daily_student_pipeline.py
[2026-04-05T04:55:01.148+0000] {processor.py:830} INFO - Processing file /opt/airflow/dags/daily_student_pipeline.py for tasks to queue
[2026-04-05T04:55:01.149+0000] {logging_mixin.py:188} INFO - [2026-04-05T04:55:01.149+0000] {dagbag.py:538} INFO - Filling up the DagBag from /opt/airflow/dags/daily_student_pipeline.py
[2026-04-05T04:55:01.176+0000] {processor.py:840} INFO - DAG(s) 'daily_student_pipeline' retrieved from /opt/airflow/dags/daily_student_pipeline.py
[2026-04-05T04:55:01.212+0000] {logging_mixin.py:188} INFO - [2026-04-05T04:55:01.212+0000] {dag.py:3036} INFO - Sync 1 DAGs
[2026-04-05T04:55:01.238+0000] {logging_mixin.py:188} INFO - [2026-04-05T04:55:01.238+0000] {dag.py:3823} INFO - Setting next_dagrun for daily_student_pipeline to 2026-04-05 02:00:00+00:00, run_after=2026-04-06 02:00:00+00:00
[2026-04-05T04:55:01.267+0000] {processor.py:183} INFO - Processing /opt/airflow/dags/daily_student_pipeline.py took 0.123 seconds
[2026-04-05T04:55:31.544+0000] {processor.py:161} INFO - Started process (PID=4514) to work on /opt/airflow/dags/daily_student_pipeline.py
[2026-04-05T04:55:31.545+0000] {processor.py:830} INFO - Processing file /opt/airflow/dags/daily_student_pipeline.py for tasks to queue
[2026-04-05T04:55:31.546+0000] {logging_mixin.py:188} INFO - [2026-04-05T04:55:31.546+0000] {dagbag.py:538} INFO - Filling up the DagBag from /opt/airflow/dags/daily_student_pipeline.py
[2026-04-05T04:55:31.568+0000] {processor.py:840} INFO - DAG(s) 'daily_student_pipeline' retrieved from /opt/airflow/dags/daily_student_pipeline.py
[2026-04-05T04:55:31.598+0000] {logging_mixin.py:188} INFO - [2026-04-05T04:55:31.598+0000] {dag.py:3036} INFO - Sync 1 DAGs
[2026-04-05T04:55:31.623+0000] {logging_mixin.py:188} INFO - [2026-04-05T04:55:31.623+0000] {dag.py:3823} INFO - Setting next_dagrun for daily_student_pipeline to 2026-04-05 02:00:00+00:00, run_after=2026-04-06 02:00:00+00:00
[2026-04-05T04:55:31.644+0000] {processor.py:183} INFO - Processing /opt/airflow/dags/daily_student_pipeline.py took 0.102 seconds
[2026-04-05T04:56:01.894+0000] {processor.py:161} INFO - Started process (PID=4538) to work on /opt/airflow/dags/daily_student_pipeline.py
[2026-04-05T04:56:01.895+0000] {processor.py:830} INFO - Processing file /opt/airflow/dags/daily_student_pipeline.py for tasks to queue
[2026-04-05T04:56:01.896+0000] {logging_mixin.py:188} INFO - [2026-04-05T04:56:01.896+0000] {dagbag.py:538} INFO - Filling up the DagBag from /opt/airflow/dags/daily_student_pipeline.py
[2026-04-05T04:56:01.917+0000] {processor.py:840} INFO - DAG(s) 'daily_student_pipeline' retrieved from /opt/airflow/dags/daily_student_pipeline.py
[2026-04-05T04:56:01.950+0000] {logging_mixin.py:188} INFO - [2026-04-05T04:56:01.950+0000] {dag.py:3036} INFO - Sync 1 DAGs
[2026-04-05T04:56:01.980+0000] {logging_mixin.py:188} INFO - [2026-04-05T04:56:01.979+0000] {dag.py:3823} INFO - Setting next_dagrun for daily_student_pipeline to 2026-04-05 02:00:00+00:00, run_after=2026-04-06 02:00:00+00:00
[2026-04-05T04:56:02.005+0000] {processor.py:183} INFO - Processing /opt/airflow/dags/daily_student_pipeline.py took 0.114 seconds
[2026-04-05T04:56:32.285+0000] {processor.py:161} INFO - Started process (PID=4561) to work on /opt/airflow/dags/daily_student_pipeline.py
[2026-04-05T04:56:32.287+0000] {processor.py:830} INFO - Processing file /opt/airflow/dags/daily_student_pipeline.py for tasks to queue
[2026-04-05T04:56:32.288+0000] {logging_mixin.py:188} INFO - [2026-04-05T04:56:32.287+0000] {dagbag.py:538} INFO - Filling up the DagBag from /opt/airflow/dags/daily_student_pipeline.py
[2026-04-05T04:56:32.315+0000] {processor.py:840} INFO - DAG(s) 'daily_student_pipeline' retrieved from /opt/airflow/dags/daily_student_pipeline.py
[2026-04-05T04:56:32.354+0000] {logging_mixin.py:188} INFO - [2026-04-05T04:56:32.353+0000] {dag.py:3036} INFO - Sync 1 DAGs
[2026-04-05T04:56:32.379+0000] {logging_mixin.py:188} INFO - [2026-04-05T04:56:32.379+0000] {dag.py:3823} INFO - Setting next_dagrun for daily_student_pipeline to 2026-04-05 02:00:00+00:00, run_after=2026-04-06 02:00:00+00:00
[2026-04-05T04:56:32.402+0000] {processor.py:183} INFO - Processing /opt/airflow/dags/daily_student_pipeline.py took 0.120 seconds
[2026-04-05T04:57:02.763+0000] {processor.py:161} INFO - Started process (PID=4584) to work on /opt/airflow/dags/daily_student_pipeline.py
[2026-04-05T04:57:02.765+0000] {processor.py:830} INFO - Processing file /opt/airflow/dags/daily_student_pipeline.py for tasks to queue
[2026-04-05T04:57:02.766+0000] {logging_mixin.py:188} INFO - [2026-04-05T04:57:02.765+0000] {dagbag.py:538} INFO - Filling up the DagBag from /opt/airflow/dags/daily_student_pipeline.py
[2026-04-05T04:57:02.788+0000] {processor.py:840} INFO - DAG(s) 'daily_student_pipeline' retrieved from /opt/airflow/dags/daily_student_pipeline.py
[2026-04-05T04:57:02.819+0000] {logging_mixin.py:188} INFO - [2026-04-05T04:57:02.818+0000] {dag.py:3036} INFO - Sync 1 DAGs
[2026-04-05T04:57:02.844+0000] {logging_mixin.py:188} INFO - [2026-04-05T04:57:02.844+0000] {dag.py:3823} INFO - Setting next_dagrun for daily_student_pipeline to 2026-04-05 02:00:00+00:00, run_after=2026-04-06 02:00:00+00:00
[2026-04-05T04:57:02.868+0000] {processor.py:183} INFO - Processing /opt/airflow/dags/daily_student_pipeline.py took 0.107 seconds
[2026-04-05T04:57:33.240+0000] {processor.py:161} INFO - Started process (PID=4607) to work on /opt/airflow/dags/daily_student_pipeline.py
[2026-04-05T04:57:33.241+0000] {processor.py:830} INFO - Processing file /opt/airflow/dags/daily_student_pipeline.py for tasks to queue
[2026-04-05T04:57:33.242+0000] {logging_mixin.py:188} INFO - [2026-04-05T04:57:33.242+0000] {dagbag.py:538} INFO - Filling up the DagBag from /opt/airflow/dags/daily_student_pipeline.py
[2026-04-05T04:57:33.266+0000] {processor.py:840} INFO - DAG(s) 'daily_student_pipeline' retrieved from /opt/airflow/dags/daily_student_pipeline.py
[2026-04-05T04:57:33.295+0000] {logging_mixin.py:188} INFO - [2026-04-05T04:57:33.295+0000] {dag.py:3036} INFO - Sync 1 DAGs
[2026-04-05T04:57:33.318+0000] {logging_mixin.py:188} INFO - [2026-04-05T04:57:33.318+0000] {dag.py:3823} INFO - Setting next_dagrun for daily_student_pipeline to 2026-04-05 02:00:00+00:00, run_after=2026-04-06 02:00:00+00:00
[2026-04-05T04:57:33.339+0000] {processor.py:183} INFO - Processing /opt/airflow/dags/daily_student_pipeline.py took 0.102 seconds
[2026-04-05T04:58:03.650+0000] {processor.py:161} INFO - Started process (PID=4630) to work on /opt/airflow/dags/daily_student_pipeline.py
[2026-04-05T04:58:03.651+0000] {processor.py:830} INFO - Processing file /opt/airflow/dags/daily_student_pipeline.py for tasks to queue
[2026-04-05T04:58:03.652+0000] {logging_mixin.py:188} INFO - [2026-04-05T04:58:03.651+0000] {dagbag.py:538} INFO - Filling up the DagBag from /opt/airflow/dags/daily_student_pipeline.py
[2026-04-05T04:58:03.672+0000] {processor.py:840} INFO - DAG(s) 'daily_student_pipeline' retrieved from /opt/airflow/dags/daily_student_pipeline.py
[2026-04-05T04:58:03.698+0000] {logging_mixin.py:188} INFO - [2026-04-05T04:58:03.698+0000] {dag.py:3036} INFO - Sync 1 DAGs
[2026-04-05T04:58:03.721+0000] {logging_mixin.py:188} INFO - [2026-04-05T04:58:03.721+0000] {dag.py:3823} INFO - Setting next_dagrun for daily_student_pipeline to 2026-04-05 02:00:00+00:00, run_after=2026-04-06 02:00:00+00:00
[2026-04-05T04:58:03.744+0000] {processor.py:183} INFO - Processing /opt/airflow/dags/daily_student_pipeline.py took 0.097 seconds
[2026-04-05T04:58:34.053+0000] {processor.py:161} INFO - Started process (PID=4653) to work on /opt/airflow/dags/daily_student_pipeline.py
[2026-04-05T04:58:34.054+0000] {processor.py:830} INFO - Processing file /opt/airflow/dags/daily_student_pipeline.py for tasks to queue
[2026-04-05T04:58:34.055+0000] {logging_mixin.py:188} INFO - [2026-04-05T04:58:34.055+0000] {dagbag.py:538} INFO - Filling up the DagBag from /opt/airflow/dags/daily_student_pipeline.py
[2026-04-05T04:58:34.073+0000] {processor.py:840} INFO - DAG(s) 'daily_student_pipeline' retrieved from /opt/airflow/dags/daily_student_pipeline.py
[2026-04-05T04:58:34.101+0000] {logging_mixin.py:188} INFO - [2026-04-05T04:58:34.101+0000] {dag.py:3036} INFO - Sync 1 DAGs
[2026-04-05T04:58:34.123+0000] {logging_mixin.py:188} INFO - [2026-04-05T04:58:34.122+0000] {dag.py:3823} INFO - Setting next_dagrun for daily_student_pipeline to 2026-04-05 02:00:00+00:00, run_after=2026-04-06 02:00:00+00:00
[2026-04-05T04:58:34.145+0000] {processor.py:183} INFO - Processing /opt/airflow/dags/daily_student_pipeline.py took 0.095 seconds
[2026-04-05T04:59:04.546+0000] {processor.py:161} INFO - Started process (PID=4676) to work on /opt/airflow/dags/daily_student_pipeline.py
[2026-04-05T04:59:04.547+0000] {processor.py:830} INFO - Processing file /opt/airflow/dags/daily_student_pipeline.py for tasks to queue
[2026-04-05T04:59:04.548+0000] {logging_mixin.py:188} INFO - [2026-04-05T04:59:04.548+0000] {dagbag.py:538} INFO - Filling up the DagBag from /opt/airflow/dags/daily_student_pipeline.py
[2026-04-05T04:59:04.572+0000] {processor.py:840} INFO - DAG(s) 'daily_student_pipeline' retrieved from /opt/airflow/dags/daily_student_pipeline.py
[2026-04-05T04:59:04.604+0000] {logging_mixin.py:188} INFO - [2026-04-05T04:59:04.604+0000] {dag.py:3036} INFO - Sync 1 DAGs
[2026-04-05T04:59:04.631+0000] {logging_mixin.py:188} INFO - [2026-04-05T04:59:04.631+0000] {dag.py:3823} INFO - Setting next_dagrun for daily_student_pipeline to 2026-04-05 02:00:00+00:00, run_after=2026-04-06 02:00:00+00:00
[2026-04-05T04:59:04.655+0000] {processor.py:183} INFO - Processing /opt/airflow/dags/daily_student_pipeline.py took 0.111 seconds
[2026-04-05T04:59:34.945+0000] {processor.py:161} INFO - Started process (PID=4698) to work on /opt/airflow/dags/daily_student_pipeline.py
[2026-04-05T04:59:34.946+0000] {processor.py:830} INFO - Processing file /opt/airflow/dags/daily_student_pipeline.py for tasks to queue
[2026-04-05T04:59:34.947+0000] {logging_mixin.py:188} INFO - [2026-04-05T04:59:34.947+0000] {dagbag.py:538} INFO - Filling up the DagBag from /opt/airflow/dags/daily_student_pipeline.py
[2026-04-05T04:59:34.973+0000] {processor.py:840} INFO - DAG(s) 'daily_student_pipeline' retrieved from /opt/airflow/dags/daily_student_pipeline.py
[2026-04-05T04:59:35.002+0000] {logging_mixin.py:188} INFO - [2026-04-05T04:59:35.002+0000] {dag.py:3036} INFO - Sync 1 DAGs
[2026-04-05T04:59:35.027+0000] {logging_mixin.py:188} INFO - [2026-04-05T04:59:35.026+0000] {dag.py:3823} INFO - Setting next_dagrun for daily_student_pipeline to 2026-04-05 02:00:00+00:00, run_after=2026-04-06 02:00:00+00:00
[2026-04-05T04:59:35.051+0000] {processor.py:183} INFO - Processing /opt/airflow/dags/daily_student_pipeline.py took 0.108 seconds
[2026-04-05T05:00:05.375+0000] {processor.py:161} INFO - Started process (PID=4721) to work on /opt/airflow/dags/daily_student_pipeline.py
[2026-04-05T05:00:05.376+0000] {processor.py:830} INFO - Processing file /opt/airflow/dags/daily_student_pipeline.py for tasks to queue
[2026-04-05T05:00:05.377+0000] {logging_mixin.py:188} INFO - [2026-04-05T05:00:05.377+0000] {dagbag.py:538} INFO - Filling up the DagBag from /opt/airflow/dags/daily_student_pipeline.py
[2026-04-05T05:00:05.405+0000] {processor.py:840} INFO - DAG(s) 'daily_student_pipeline' retrieved from /opt/airflow/dags/daily_student_pipeline.py
[2026-04-05T05:00:05.437+0000] {logging_mixin.py:188} INFO - [2026-04-05T05:00:05.437+0000] {dag.py:3036} INFO - Sync 1 DAGs
[2026-04-05T05:00:05.461+0000] {logging_mixin.py:188} INFO - [2026-04-05T05:00:05.461+0000] {dag.py:3823} INFO - Setting next_dagrun for daily_student_pipeline to 2026-04-05 02:00:00+00:00, run_after=2026-04-06 02:00:00+00:00
[2026-04-05T05:00:05.484+0000] {processor.py:183} INFO - Processing /opt/airflow/dags/daily_student_pipeline.py took 0.112 seconds
[2026-04-05T05:00:35.848+0000] {processor.py:161} INFO - Started process (PID=4744) to work on /opt/airflow/dags/daily_student_pipeline.py
[2026-04-05T05:00:35.849+0000] {processor.py:830} INFO - Processing file /opt/airflow/dags/daily_student_pipeline.py for tasks to queue
[2026-04-05T05:00:35.850+0000] {logging_mixin.py:188} INFO - [2026-04-05T05:00:35.850+0000] {dagbag.py:538} INFO - Filling up the DagBag from /opt/airflow/dags/daily_student_pipeline.py
[2026-04-05T05:00:35.875+0000] {processor.py:840} INFO - DAG(s) 'daily_student_pipeline' retrieved from /opt/airflow/dags/daily_student_pipeline.py
[2026-04-05T05:00:35.903+0000] {logging_mixin.py:188} INFO - [2026-04-05T05:00:35.903+0000] {dag.py:3036} INFO - Sync 1 DAGs
[2026-04-05T05:00:35.931+0000] {logging_mixin.py:188} INFO - [2026-04-05T05:00:35.931+0000] {dag.py:3823} INFO - Setting next_dagrun for daily_student_pipeline to 2026-04-05 02:00:00+00:00, run_after=2026-04-06 02:00:00+00:00
[2026-04-05T05:00:35.953+0000] {processor.py:183} INFO - Processing /opt/airflow/dags/daily_student_pipeline.py took 0.108 seconds
[2026-04-05T05:01:06.271+0000] {processor.py:161} INFO - Started process (PID=4767) to work on /opt/airflow/dags/daily_student_pipeline.py
[2026-04-05T05:01:06.272+0000] {processor.py:830} INFO - Processing file /opt/airflow/dags/daily_student_pipeline.py for tasks to queue
[2026-04-05T05:01:06.273+0000] {logging_mixin.py:188} INFO - [2026-04-05T05:01:06.273+0000] {dagbag.py:538} INFO - Filling up the DagBag from /opt/airflow/dags/daily_student_pipeline.py
[2026-04-05T05:01:06.293+0000] {processor.py:840} INFO - DAG(s) 'daily_student_pipeline' retrieved from /opt/airflow/dags/daily_student_pipeline.py
[2026-04-05T05:01:06.320+0000] {logging_mixin.py:188} INFO - [2026-04-05T05:01:06.320+0000] {dag.py:3036} INFO - Sync 1 DAGs
[2026-04-05T05:01:06.342+0000] {logging_mixin.py:188} INFO - [2026-04-05T05:01:06.342+0000] {dag.py:3823} INFO - Setting next_dagrun for daily_student_pipeline to 2026-04-05 02:00:00+00:00, run_after=2026-04-06 02:00:00+00:00
[2026-04-05T05:01:06.373+0000] {processor.py:183} INFO - Processing /opt/airflow/dags/daily_student_pipeline.py took 0.104 seconds
[2026-04-05T05:01:36.726+0000] {processor.py:161} INFO - Started process (PID=4790) to work on /opt/airflow/dags/daily_student_pipeline.py
[2026-04-05T05:01:36.727+0000] {processor.py:830} INFO - Processing file /opt/airflow/dags/daily_student_pipeline.py for tasks to queue
[2026-04-05T05:01:36.728+0000] {logging_mixin.py:188} INFO - [2026-04-05T05:01:36.728+0000] {dagbag.py:538} INFO - Filling up the DagBag from /opt/airflow/dags/daily_student_pipeline.py
[2026-04-05T05:01:36.748+0000] {processor.py:840} INFO - DAG(s) 'daily_student_pipeline' retrieved from /opt/airflow/dags/daily_student_pipeline.py
[2026-04-05T05:01:36.776+0000] {logging_mixin.py:188} INFO - [2026-04-05T05:01:36.776+0000] {dag.py:3036} INFO - Sync 1 DAGs
[2026-04-05T05:01:36.802+0000] {logging_mixin.py:188} INFO - [2026-04-05T05:01:36.802+0000] {dag.py:3823} INFO - Setting next_dagrun for daily_student_pipeline to 2026-04-05 02:00:00+00:00, run_after=2026-04-06 02:00:00+00:00
[2026-04-05T05:01:36.821+0000] {processor.py:183} INFO - Processing /opt/airflow/dags/daily_student_pipeline.py took 0.098 seconds
[2026-04-05T05:02:07.156+0000] {processor.py:161} INFO - Started process (PID=4813) to work on /opt/airflow/dags/daily_student_pipeline.py
[2026-04-05T05:02:07.157+0000] {processor.py:830} INFO - Processing file /opt/airflow/dags/daily_student_pipeline.py for tasks to queue
[2026-04-05T05:02:07.158+0000] {logging_mixin.py:188} INFO - [2026-04-05T05:02:07.158+0000] {dagbag.py:538} INFO - Filling up the DagBag from /opt/airflow/dags/daily_student_pipeline.py
[2026-04-05T05:02:07.174+0000] {processor.py:840} INFO - DAG(s) 'daily_student_pipeline' retrieved from /opt/airflow/dags/daily_student_pipeline.py
[2026-04-05T05:02:07.200+0000] {logging_mixin.py:188} INFO - [2026-04-05T05:02:07.200+0000] {dag.py:3036} INFO - Sync 1 DAGs
[2026-04-05T05:02:07.220+0000] {logging_mixin.py:188} INFO - [2026-04-05T05:02:07.219+0000] {dag.py:3823} INFO - Setting next_dagrun for daily_student_pipeline to 2026-04-05 02:00:00+00:00, run_after=2026-04-06 02:00:00+00:00
[2026-04-05T05:02:07.247+0000] {processor.py:183} INFO - Processing /opt/airflow/dags/daily_student_pipeline.py took 0.094 seconds
[2026-04-05T05:02:37.730+0000] {processor.py:161} INFO - Started process (PID=4836) to work on /opt/airflow/dags/daily_student_pipeline.py
[2026-04-05T05:02:37.731+0000] {processor.py:830} INFO - Processing file /opt/airflow/dags/daily_student_pipeline.py for tasks to queue
[2026-04-05T05:02:37.732+0000] {logging_mixin.py:188} INFO - [2026-04-05T05:02:37.732+0000] {dagbag.py:538} INFO - Filling up the DagBag from /opt/airflow/dags/daily_student_pipeline.py
[2026-04-05T05:02:37.760+0000] {processor.py:840} INFO - DAG(s) 'daily_student_pipeline' retrieved from /opt/airflow/dags/daily_student_pipeline.py
[2026-04-05T05:02:37.787+0000] {logging_mixin.py:188} INFO - [2026-04-05T05:02:37.787+0000] {dag.py:3036} INFO - Sync 1 DAGs
[2026-04-05T05:02:37.812+0000] {logging_mixin.py:188} INFO - [2026-04-05T05:02:37.812+0000] {dag.py:3823} INFO - Setting next_dagrun for daily_student_pipeline to 2026-04-05 02:00:00+00:00, run_after=2026-04-06 02:00:00+00:00
[2026-04-05T05:02:37.833+0000] {processor.py:183} INFO - Processing /opt/airflow/dags/daily_student_pipeline.py took 0.106 seconds
[2026-04-05T05:03:08.142+0000] {processor.py:161} INFO - Started process (PID=4851) to work on /opt/airflow/dags/daily_student_pipeline.py
[2026-04-05T05:03:08.144+0000] {processor.py:830} INFO - Processing file /opt/airflow/dags/daily_student_pipeline.py for tasks to queue
[2026-04-05T05:03:08.145+0000] {logging_mixin.py:188} INFO - [2026-04-05T05:03:08.145+0000] {dagbag.py:538} INFO - Filling up the DagBag from /opt/airflow/dags/daily_student_pipeline.py
[2026-04-05T05:03:08.176+0000] {processor.py:840} INFO - DAG(s) 'daily_student_pipeline' retrieved from /opt/airflow/dags/daily_student_pipeline.py
[2026-04-05T05:03:08.212+0000] {logging_mixin.py:188} INFO - [2026-04-05T05:03:08.212+0000] {dag.py:3036} INFO - Sync 1 DAGs
[2026-04-05T05:03:08.240+0000] {logging_mixin.py:188} INFO - [2026-04-05T05:03:08.239+0000] {dag.py:3823} INFO - Setting next_dagrun for daily_student_pipeline to 2026-04-05 02:00:00+00:00, run_after=2026-04-06 02:00:00+00:00
[2026-04-05T05:03:08.262+0000] {processor.py:183} INFO - Processing /opt/airflow/dags/daily_student_pipeline.py took 0.122 seconds
[2026-04-05T05:03:38.496+0000] {processor.py:161} INFO - Started process (PID=4874) to work on /opt/airflow/dags/daily_student_pipeline.py
[2026-04-05T05:03:38.497+0000] {processor.py:830} INFO - Processing file /opt/airflow/dags/daily_student_pipeline.py for tasks to queue
[2026-04-05T05:03:38.498+0000] {logging_mixin.py:188} INFO - [2026-04-05T05:03:38.498+0000] {dagbag.py:538} INFO - Filling up the DagBag from /opt/airflow/dags/daily_student_pipeline.py
[2026-04-05T05:03:38.518+0000] {processor.py:840} INFO - DAG(s) 'daily_student_pipeline' retrieved from /opt/airflow/dags/daily_student_pipeline.py
[2026-04-05T05:03:38.548+0000] {logging_mixin.py:188} INFO - [2026-04-05T05:03:38.548+0000] {dag.py:3036} INFO - Sync 1 DAGs
[2026-04-05T05:03:38.570+0000] {logging_mixin.py:188} INFO - [2026-04-05T05:03:38.570+0000] {dag.py:3823} INFO - Setting next_dagrun for daily_student_pipeline to 2026-04-05 02:00:00+00:00, run_after=2026-04-06 02:00:00+00:00
[2026-04-05T05:03:38.597+0000] {processor.py:183} INFO - Processing /opt/airflow/dags/daily_student_pipeline.py took 0.103 seconds
[2026-04-05T05:04:08.893+0000] {processor.py:161} INFO - Started process (PID=4897) to work on /opt/airflow/dags/daily_student_pipeline.py
[2026-04-05T05:04:08.895+0000] {processor.py:830} INFO - Processing file /opt/airflow/dags/daily_student_pipeline.py for tasks to queue
[2026-04-05T05:04:08.896+0000] {logging_mixin.py:188} INFO - [2026-04-05T05:04:08.895+0000] {dagbag.py:538} INFO - Filling up the DagBag from /opt/airflow/dags/daily_student_pipeline.py
[2026-04-05T05:04:08.922+0000] {processor.py:840} INFO - DAG(s) 'daily_student_pipeline' retrieved from /opt/airflow/dags/daily_student_pipeline.py
[2026-04-05T05:04:08.952+0000] {logging_mixin.py:188} INFO - [2026-04-05T05:04:08.952+0000] {dag.py:3036} INFO - Sync 1 DAGs
[2026-04-05T05:04:08.976+0000] {logging_mixin.py:188} INFO - [2026-04-05T05:04:08.976+0000] {dag.py:3823} INFO - Setting next_dagrun for daily_student_pipeline to 2026-04-05 02:00:00+00:00, run_after=2026-04-06 02:00:00+00:00
[2026-04-05T05:04:09.003+0000] {processor.py:183} INFO - Processing /opt/airflow/dags/daily_student_pipeline.py took 0.112 seconds
[2026-04-05T05:04:39.296+0000] {processor.py:161} INFO - Started process (PID=4920) to work on /opt/airflow/dags/daily_student_pipeline.py
[2026-04-05T05:04:39.297+0000] {processor.py:830} INFO - Processing file /opt/airflow/dags/daily_student_pipeline.py for tasks to queue
[2026-04-05T05:04:39.298+0000] {logging_mixin.py:188} INFO - [2026-04-05T05:04:39.298+0000] {dagbag.py:538} INFO - Filling up the DagBag from /opt/airflow/dags/daily_student_pipeline.py
[2026-04-05T05:04:39.321+0000] {processor.py:840} INFO - DAG(s) 'daily_student_pipeline' retrieved from /opt/airflow/dags/daily_student_pipeline.py
[2026-04-05T05:04:39.351+0000] {logging_mixin.py:188} INFO - [2026-04-05T05:04:39.350+0000] {dag.py:3036} INFO - Sync 1 DAGs
[2026-04-05T05:04:39.374+0000] {logging_mixin.py:188} INFO - [2026-04-05T05:04:39.374+0000] {dag.py:3823} INFO - Setting next_dagrun for daily_student_pipeline to 2026-04-05 02:00:00+00:00, run_after=2026-04-06 02:00:00+00:00
[2026-04-05T05:04:39.398+0000] {processor.py:183} INFO - Processing /opt/airflow/dags/daily_student_pipeline.py took 0.105 seconds
[2026-04-05T05:05:09.672+0000] {processor.py:161} INFO - Started process (PID=4943) to work on /opt/airflow/dags/daily_student_pipeline.py
[2026-04-05T05:05:09.673+0000] {processor.py:830} INFO - Processing file /opt/airflow/dags/daily_student_pipeline.py for tasks to queue
[2026-04-05T05:05:09.674+0000] {logging_mixin.py:188} INFO - [2026-04-05T05:05:09.674+0000] {dagbag.py:538} INFO - Filling up the DagBag from /opt/airflow/dags/daily_student_pipeline.py
[2026-04-05T05:05:09.693+0000] {processor.py:840} INFO - DAG(s) 'daily_student_pipeline' retrieved from /opt/airflow/dags/daily_student_pipeline.py
[2026-04-05T05:05:09.718+0000] {logging_mixin.py:188} INFO - [2026-04-05T05:05:09.718+0000] {dag.py:3036} INFO - Sync 1 DAGs
[2026-04-05T05:05:09.740+0000] {logging_mixin.py:188} INFO - [2026-04-05T05:05:09.739+0000] {dag.py:3823} INFO - Setting next_dagrun for daily_student_pipeline to 2026-04-05 02:00:00+00:00, run_after=2026-04-06 02:00:00+00:00
[2026-04-05T05:05:09.759+0000] {processor.py:183} INFO - Processing /opt/airflow/dags/daily_student_pipeline.py took 0.090 seconds
[2026-04-05T05:05:40.045+0000] {processor.py:161} INFO - Started process (PID=4966) to work on /opt/airflow/dags/daily_student_pipeline.py
[2026-04-05T05:05:40.046+0000] {processor.py:830} INFO - Processing file /opt/airflow/dags/daily_student_pipeline.py for tasks to queue
[2026-04-05T05:05:40.047+0000] {logging_mixin.py:188} INFO - [2026-04-05T05:05:40.046+0000] {dagbag.py:538} INFO - Filling up the DagBag from /opt/airflow/dags/daily_student_pipeline.py
[2026-04-05T05:05:40.066+0000] {processor.py:840} INFO - DAG(s) 'daily_student_pipeline' retrieved from /opt/airflow/dags/daily_student_pipeline.py
[2026-04-05T05:05:40.099+0000] {logging_mixin.py:188} INFO - [2026-04-05T05:05:40.099+0000] {dag.py:3036} INFO - Sync 1 DAGs
[2026-04-05T05:05:40.125+0000] {logging_mixin.py:188} INFO - [2026-04-05T05:05:40.125+0000] {dag.py:3823} INFO - Setting next_dagrun for daily_student_pipeline to 2026-04-05 02:00:00+00:00, run_after=2026-04-06 02:00:00+00:00
[2026-04-05T05:05:40.152+0000] {processor.py:183} INFO - Processing /opt/airflow/dags/daily_student_pipeline.py took 0.110 seconds
[2026-04-05T05:06:10.497+0000] {processor.py:161} INFO - Started process (PID=4989) to work on /opt/airflow/dags/daily_student_pipeline.py
[2026-04-05T05:06:10.498+0000] {processor.py:830} INFO - Processing file /opt/airflow/dags/daily_student_pipeline.py for tasks to queue
[2026-04-05T05:06:10.500+0000] {logging_mixin.py:188} INFO - [2026-04-05T05:06:10.499+0000] {dagbag.py:538} INFO - Filling up the DagBag from /opt/airflow/dags/daily_student_pipeline.py
[2026-04-05T05:06:10.520+0000] {processor.py:840} INFO - DAG(s) 'daily_student_pipeline' retrieved from /opt/airflow/dags/daily_student_pipeline.py
[2026-04-05T05:06:10.545+0000] {logging_mixin.py:188} INFO - [2026-04-05T05:06:10.545+0000] {dag.py:3036} INFO - Sync 1 DAGs
[2026-04-05T05:06:10.564+0000] {logging_mixin.py:188} INFO - [2026-04-05T05:06:10.564+0000] {dag.py:3823} INFO - Setting next_dagrun for daily_student_pipeline to 2026-04-05 02:00:00+00:00, run_after=2026-04-06 02:00:00+00:00
[2026-04-05T05:06:10.588+0000] {processor.py:183} INFO - Processing /opt/airflow/dags/daily_student_pipeline.py took 0.094 seconds
