[2026-03-31T13:51:48.056+0000] {processor.py:161} INFO - Started process (PID=187) to work on /opt/airflow/dags/daily_student_pipeline.py
[2026-03-31T13:51:48.062+0000] {processor.py:830} INFO - Processing file /opt/airflow/dags/daily_student_pipeline.py for tasks to queue
[2026-03-31T13:51:48.064+0000] {logging_mixin.py:188} INFO - [2026-03-31T13:51:48.063+0000] {dagbag.py:538} INFO - Filling up the DagBag from /opt/airflow/dags/daily_student_pipeline.py
[2026-03-31T13:51:48.295+0000] {processor.py:840} INFO - DAG(s) 'daily_student_pipeline' retrieved from /opt/airflow/dags/daily_student_pipeline.py
[2026-03-31T13:51:48.605+0000] {logging_mixin.py:188} INFO - [2026-03-31T13:51:48.604+0000] {dag.py:3036} INFO - Sync 1 DAGs
[2026-03-31T13:51:48.806+0000] {logging_mixin.py:188} INFO - [2026-03-31T13:51:48.805+0000] {dag.py:3823} INFO - Setting next_dagrun for daily_student_pipeline to 2026-03-30 02:00:00+00:00, run_after=2026-03-31 02:00:00+00:00
[2026-03-31T13:51:48.936+0000] {processor.py:183} INFO - Processing /opt/airflow/dags/daily_student_pipeline.py took 0.897 seconds
[2026-03-31T13:52:19.224+0000] {processor.py:161} INFO - Started process (PID=563) to work on /opt/airflow/dags/daily_student_pipeline.py
[2026-03-31T13:52:19.226+0000] {processor.py:830} INFO - Processing file /opt/airflow/dags/daily_student_pipeline.py for tasks to queue
[2026-03-31T13:52:19.227+0000] {logging_mixin.py:188} INFO - [2026-03-31T13:52:19.226+0000] {dagbag.py:538} INFO - Filling up the DagBag from /opt/airflow/dags/daily_student_pipeline.py
[2026-03-31T13:52:19.283+0000] {processor.py:840} INFO - DAG(s) 'daily_student_pipeline' retrieved from /opt/airflow/dags/daily_student_pipeline.py
[2026-03-31T13:52:19.312+0000] {logging_mixin.py:188} INFO - [2026-03-31T13:52:19.311+0000] {dag.py:3036} INFO - Sync 1 DAGs
[2026-03-31T13:52:19.407+0000] {logging_mixin.py:188} INFO - [2026-03-31T13:52:19.407+0000] {dag.py:3823} INFO - Setting next_dagrun for daily_student_pipeline to 2026-03-31 02:00:00+00:00, run_after=2026-04-01 02:00:00+00:00
[2026-03-31T13:52:19.444+0000] {processor.py:183} INFO - Processing /opt/airflow/dags/daily_student_pipeline.py took 0.226 seconds
[2026-03-31T13:52:49.677+0000] {processor.py:161} INFO - Started process (PID=586) to work on /opt/airflow/dags/daily_student_pipeline.py
[2026-03-31T13:52:49.678+0000] {processor.py:830} INFO - Processing file /opt/airflow/dags/daily_student_pipeline.py for tasks to queue
[2026-03-31T13:52:49.679+0000] {logging_mixin.py:188} INFO - [2026-03-31T13:52:49.678+0000] {dagbag.py:538} INFO - Filling up the DagBag from /opt/airflow/dags/daily_student_pipeline.py
[2026-03-31T13:52:49.710+0000] {processor.py:840} INFO - DAG(s) 'daily_student_pipeline' retrieved from /opt/airflow/dags/daily_student_pipeline.py
[2026-03-31T13:52:49.891+0000] {logging_mixin.py:188} INFO - [2026-03-31T13:52:49.891+0000] {dag.py:3036} INFO - Sync 1 DAGs
[2026-03-31T13:52:49.920+0000] {logging_mixin.py:188} INFO - [2026-03-31T13:52:49.920+0000] {dag.py:3823} INFO - Setting next_dagrun for daily_student_pipeline to 2026-03-31 02:00:00+00:00, run_after=2026-04-01 02:00:00+00:00
[2026-03-31T13:52:49.950+0000] {processor.py:183} INFO - Processing /opt/airflow/dags/daily_student_pipeline.py took 0.276 seconds
[2026-03-31T13:53:20.252+0000] {processor.py:161} INFO - Started process (PID=609) to work on /opt/airflow/dags/daily_student_pipeline.py
[2026-03-31T13:53:20.253+0000] {processor.py:830} INFO - Processing file /opt/airflow/dags/daily_student_pipeline.py for tasks to queue
[2026-03-31T13:53:20.254+0000] {logging_mixin.py:188} INFO - [2026-03-31T13:53:20.253+0000] {dagbag.py:538} INFO - Filling up the DagBag from /opt/airflow/dags/daily_student_pipeline.py
[2026-03-31T13:53:20.278+0000] {processor.py:840} INFO - DAG(s) 'daily_student_pipeline' retrieved from /opt/airflow/dags/daily_student_pipeline.py
[2026-03-31T13:53:20.314+0000] {logging_mixin.py:188} INFO - [2026-03-31T13:53:20.313+0000] {dag.py:3036} INFO - Sync 1 DAGs
[2026-03-31T13:53:20.343+0000] {logging_mixin.py:188} INFO - [2026-03-31T13:53:20.343+0000] {dag.py:3823} INFO - Setting next_dagrun for daily_student_pipeline to 2026-03-31 02:00:00+00:00, run_after=2026-04-01 02:00:00+00:00
[2026-03-31T13:53:20.369+0000] {processor.py:183} INFO - Processing /opt/airflow/dags/daily_student_pipeline.py took 0.123 seconds
[2026-03-31T13:53:50.527+0000] {processor.py:161} INFO - Started process (PID=632) to work on /opt/airflow/dags/daily_student_pipeline.py
[2026-03-31T13:53:50.531+0000] {processor.py:830} INFO - Processing file /opt/airflow/dags/daily_student_pipeline.py for tasks to queue
[2026-03-31T13:53:50.535+0000] {logging_mixin.py:188} INFO - [2026-03-31T13:53:50.534+0000] {dagbag.py:538} INFO - Filling up the DagBag from /opt/airflow/dags/daily_student_pipeline.py
[2026-03-31T13:53:50.568+0000] {processor.py:840} INFO - DAG(s) 'daily_student_pipeline' retrieved from /opt/airflow/dags/daily_student_pipeline.py
[2026-03-31T13:53:50.615+0000] {logging_mixin.py:188} INFO - [2026-03-31T13:53:50.615+0000] {dag.py:3036} INFO - Sync 1 DAGs
[2026-03-31T13:53:50.639+0000] {logging_mixin.py:188} INFO - [2026-03-31T13:53:50.639+0000] {dag.py:3823} INFO - Setting next_dagrun for daily_student_pipeline to 2026-03-31 02:00:00+00:00, run_after=2026-04-01 02:00:00+00:00
[2026-03-31T13:53:50.661+0000] {processor.py:183} INFO - Processing /opt/airflow/dags/daily_student_pipeline.py took 0.147 seconds
[2026-03-31T13:54:21.567+0000] {processor.py:161} INFO - Started process (PID=657) to work on /opt/airflow/dags/daily_student_pipeline.py
[2026-03-31T13:54:21.568+0000] {processor.py:830} INFO - Processing file /opt/airflow/dags/daily_student_pipeline.py for tasks to queue
[2026-03-31T13:54:21.569+0000] {logging_mixin.py:188} INFO - [2026-03-31T13:54:21.569+0000] {dagbag.py:538} INFO - Filling up the DagBag from /opt/airflow/dags/daily_student_pipeline.py
[2026-03-31T13:54:21.611+0000] {processor.py:840} INFO - DAG(s) 'daily_student_pipeline' retrieved from /opt/airflow/dags/daily_student_pipeline.py
[2026-03-31T13:54:21.657+0000] {logging_mixin.py:188} INFO - [2026-03-31T13:54:21.657+0000] {dag.py:3036} INFO - Sync 1 DAGs
[2026-03-31T13:54:21.683+0000] {logging_mixin.py:188} INFO - [2026-03-31T13:54:21.683+0000] {dag.py:3823} INFO - Setting next_dagrun for daily_student_pipeline to 2026-03-31 02:00:00+00:00, run_after=2026-04-01 02:00:00+00:00
[2026-03-31T13:54:21.710+0000] {processor.py:183} INFO - Processing /opt/airflow/dags/daily_student_pipeline.py took 0.147 seconds
[2026-03-31T13:54:51.938+0000] {processor.py:161} INFO - Started process (PID=680) to work on /opt/airflow/dags/daily_student_pipeline.py
[2026-03-31T13:54:51.939+0000] {processor.py:830} INFO - Processing file /opt/airflow/dags/daily_student_pipeline.py for tasks to queue
[2026-03-31T13:54:51.940+0000] {logging_mixin.py:188} INFO - [2026-03-31T13:54:51.940+0000] {dagbag.py:538} INFO - Filling up the DagBag from /opt/airflow/dags/daily_student_pipeline.py
[2026-03-31T13:54:51.969+0000] {processor.py:840} INFO - DAG(s) 'daily_student_pipeline' retrieved from /opt/airflow/dags/daily_student_pipeline.py
[2026-03-31T13:54:52.010+0000] {logging_mixin.py:188} INFO - [2026-03-31T13:54:52.010+0000] {dag.py:3036} INFO - Sync 1 DAGs
[2026-03-31T13:54:52.033+0000] {logging_mixin.py:188} INFO - [2026-03-31T13:54:52.032+0000] {dag.py:3823} INFO - Setting next_dagrun for daily_student_pipeline to 2026-03-31 02:00:00+00:00, run_after=2026-04-01 02:00:00+00:00
[2026-03-31T13:54:52.057+0000] {processor.py:183} INFO - Processing /opt/airflow/dags/daily_student_pipeline.py took 0.122 seconds
[2026-03-31T13:55:23.030+0000] {processor.py:161} INFO - Started process (PID=705) to work on /opt/airflow/dags/daily_student_pipeline.py
[2026-03-31T13:55:23.031+0000] {processor.py:830} INFO - Processing file /opt/airflow/dags/daily_student_pipeline.py for tasks to queue
[2026-03-31T13:55:23.033+0000] {logging_mixin.py:188} INFO - [2026-03-31T13:55:23.032+0000] {dagbag.py:538} INFO - Filling up the DagBag from /opt/airflow/dags/daily_student_pipeline.py
[2026-03-31T13:55:23.065+0000] {processor.py:840} INFO - DAG(s) 'daily_student_pipeline' retrieved from /opt/airflow/dags/daily_student_pipeline.py
[2026-03-31T13:55:23.093+0000] {logging_mixin.py:188} INFO - [2026-03-31T13:55:23.093+0000] {dag.py:3036} INFO - Sync 1 DAGs
[2026-03-31T13:55:23.116+0000] {logging_mixin.py:188} INFO - [2026-03-31T13:55:23.116+0000] {dag.py:3823} INFO - Setting next_dagrun for daily_student_pipeline to 2026-03-31 02:00:00+00:00, run_after=2026-04-01 02:00:00+00:00
[2026-03-31T13:55:23.144+0000] {processor.py:183} INFO - Processing /opt/airflow/dags/daily_student_pipeline.py took 0.119 seconds
[2026-03-31T13:55:53.503+0000] {processor.py:161} INFO - Started process (PID=728) to work on /opt/airflow/dags/daily_student_pipeline.py
[2026-03-31T13:55:53.504+0000] {processor.py:830} INFO - Processing file /opt/airflow/dags/daily_student_pipeline.py for tasks to queue
[2026-03-31T13:55:53.505+0000] {logging_mixin.py:188} INFO - [2026-03-31T13:55:53.505+0000] {dagbag.py:538} INFO - Filling up the DagBag from /opt/airflow/dags/daily_student_pipeline.py
[2026-03-31T13:55:53.546+0000] {processor.py:840} INFO - DAG(s) 'daily_student_pipeline' retrieved from /opt/airflow/dags/daily_student_pipeline.py
[2026-03-31T13:55:53.574+0000] {logging_mixin.py:188} INFO - [2026-03-31T13:55:53.574+0000] {dag.py:3036} INFO - Sync 1 DAGs
[2026-03-31T13:55:53.606+0000] {logging_mixin.py:188} INFO - [2026-03-31T13:55:53.606+0000] {dag.py:3823} INFO - Setting next_dagrun for daily_student_pipeline to 2026-03-31 02:00:00+00:00, run_after=2026-04-01 02:00:00+00:00
[2026-03-31T13:55:53.643+0000] {processor.py:183} INFO - Processing /opt/airflow/dags/daily_student_pipeline.py took 0.143 seconds
[2026-03-31T13:56:24.449+0000] {processor.py:161} INFO - Started process (PID=751) to work on /opt/airflow/dags/daily_student_pipeline.py
[2026-03-31T13:56:24.450+0000] {processor.py:830} INFO - Processing file /opt/airflow/dags/daily_student_pipeline.py for tasks to queue
[2026-03-31T13:56:24.451+0000] {logging_mixin.py:188} INFO - [2026-03-31T13:56:24.451+0000] {dagbag.py:538} INFO - Filling up the DagBag from /opt/airflow/dags/daily_student_pipeline.py
[2026-03-31T13:56:24.487+0000] {processor.py:840} INFO - DAG(s) 'daily_student_pipeline' retrieved from /opt/airflow/dags/daily_student_pipeline.py
[2026-03-31T13:56:24.520+0000] {logging_mixin.py:188} INFO - [2026-03-31T13:56:24.520+0000] {dag.py:3036} INFO - Sync 1 DAGs
[2026-03-31T13:56:24.546+0000] {logging_mixin.py:188} INFO - [2026-03-31T13:56:24.546+0000] {dag.py:3823} INFO - Setting next_dagrun for daily_student_pipeline to 2026-03-31 02:00:00+00:00, run_after=2026-04-01 02:00:00+00:00
[2026-03-31T13:56:24.574+0000] {processor.py:183} INFO - Processing /opt/airflow/dags/daily_student_pipeline.py took 0.128 seconds
[2026-03-31T13:56:55.006+0000] {processor.py:161} INFO - Started process (PID=774) to work on /opt/airflow/dags/daily_student_pipeline.py
[2026-03-31T13:56:55.007+0000] {processor.py:830} INFO - Processing file /opt/airflow/dags/daily_student_pipeline.py for tasks to queue
[2026-03-31T13:56:55.008+0000] {logging_mixin.py:188} INFO - [2026-03-31T13:56:55.007+0000] {dagbag.py:538} INFO - Filling up the DagBag from /opt/airflow/dags/daily_student_pipeline.py
[2026-03-31T13:56:55.034+0000] {processor.py:840} INFO - DAG(s) 'daily_student_pipeline' retrieved from /opt/airflow/dags/daily_student_pipeline.py
[2026-03-31T13:56:55.067+0000] {logging_mixin.py:188} INFO - [2026-03-31T13:56:55.067+0000] {dag.py:3036} INFO - Sync 1 DAGs
[2026-03-31T13:56:55.100+0000] {logging_mixin.py:188} INFO - [2026-03-31T13:56:55.100+0000] {dag.py:3823} INFO - Setting next_dagrun for daily_student_pipeline to 2026-03-31 02:00:00+00:00, run_after=2026-04-01 02:00:00+00:00
[2026-03-31T13:56:55.129+0000] {processor.py:183} INFO - Processing /opt/airflow/dags/daily_student_pipeline.py took 0.126 seconds
[2026-03-31T13:57:25.294+0000] {processor.py:161} INFO - Started process (PID=797) to work on /opt/airflow/dags/daily_student_pipeline.py
[2026-03-31T13:57:25.296+0000] {processor.py:830} INFO - Processing file /opt/airflow/dags/daily_student_pipeline.py for tasks to queue
[2026-03-31T13:57:25.297+0000] {logging_mixin.py:188} INFO - [2026-03-31T13:57:25.296+0000] {dagbag.py:538} INFO - Filling up the DagBag from /opt/airflow/dags/daily_student_pipeline.py
[2026-03-31T13:57:25.323+0000] {processor.py:840} INFO - DAG(s) 'daily_student_pipeline' retrieved from /opt/airflow/dags/daily_student_pipeline.py
[2026-03-31T13:57:25.362+0000] {logging_mixin.py:188} INFO - [2026-03-31T13:57:25.361+0000] {dag.py:3036} INFO - Sync 1 DAGs
[2026-03-31T13:57:25.387+0000] {logging_mixin.py:188} INFO - [2026-03-31T13:57:25.387+0000] {dag.py:3823} INFO - Setting next_dagrun for daily_student_pipeline to 2026-03-31 02:00:00+00:00, run_after=2026-04-01 02:00:00+00:00
[2026-03-31T13:57:25.410+0000] {processor.py:183} INFO - Processing /opt/airflow/dags/daily_student_pipeline.py took 0.119 seconds
[2026-03-31T13:57:55.657+0000] {processor.py:161} INFO - Started process (PID=812) to work on /opt/airflow/dags/daily_student_pipeline.py
[2026-03-31T13:57:55.658+0000] {processor.py:830} INFO - Processing file /opt/airflow/dags/daily_student_pipeline.py for tasks to queue
[2026-03-31T13:57:55.659+0000] {logging_mixin.py:188} INFO - [2026-03-31T13:57:55.659+0000] {dagbag.py:538} INFO - Filling up the DagBag from /opt/airflow/dags/daily_student_pipeline.py
[2026-03-31T13:57:55.679+0000] {processor.py:840} INFO - DAG(s) 'daily_student_pipeline' retrieved from /opt/airflow/dags/daily_student_pipeline.py
[2026-03-31T13:57:55.709+0000] {logging_mixin.py:188} INFO - [2026-03-31T13:57:55.709+0000] {dag.py:3036} INFO - Sync 1 DAGs
[2026-03-31T13:57:55.732+0000] {logging_mixin.py:188} INFO - [2026-03-31T13:57:55.731+0000] {dag.py:3823} INFO - Setting next_dagrun for daily_student_pipeline to 2026-03-31 02:00:00+00:00, run_after=2026-04-01 02:00:00+00:00
[2026-03-31T13:57:55.751+0000] {processor.py:183} INFO - Processing /opt/airflow/dags/daily_student_pipeline.py took 0.096 seconds
[2026-03-31T13:58:26.407+0000] {processor.py:161} INFO - Started process (PID=835) to work on /opt/airflow/dags/daily_student_pipeline.py
[2026-03-31T13:58:26.407+0000] {processor.py:830} INFO - Processing file /opt/airflow/dags/daily_student_pipeline.py for tasks to queue
[2026-03-31T13:58:26.408+0000] {logging_mixin.py:188} INFO - [2026-03-31T13:58:26.408+0000] {dagbag.py:538} INFO - Filling up the DagBag from /opt/airflow/dags/daily_student_pipeline.py
[2026-03-31T13:58:26.429+0000] {processor.py:840} INFO - DAG(s) 'daily_student_pipeline' retrieved from /opt/airflow/dags/daily_student_pipeline.py
[2026-03-31T13:58:26.457+0000] {logging_mixin.py:188} INFO - [2026-03-31T13:58:26.457+0000] {dag.py:3036} INFO - Sync 1 DAGs
[2026-03-31T13:58:26.480+0000] {logging_mixin.py:188} INFO - [2026-03-31T13:58:26.480+0000] {dag.py:3823} INFO - Setting next_dagrun for daily_student_pipeline to 2026-03-31 02:00:00+00:00, run_after=2026-04-01 02:00:00+00:00
[2026-03-31T13:58:26.501+0000] {processor.py:183} INFO - Processing /opt/airflow/dags/daily_student_pipeline.py took 0.098 seconds
[2026-03-31T13:58:57.403+0000] {processor.py:161} INFO - Started process (PID=858) to work on /opt/airflow/dags/daily_student_pipeline.py
[2026-03-31T13:58:57.404+0000] {processor.py:830} INFO - Processing file /opt/airflow/dags/daily_student_pipeline.py for tasks to queue
[2026-03-31T13:58:57.406+0000] {logging_mixin.py:188} INFO - [2026-03-31T13:58:57.406+0000] {dagbag.py:538} INFO - Filling up the DagBag from /opt/airflow/dags/daily_student_pipeline.py
[2026-03-31T13:58:57.434+0000] {processor.py:840} INFO - DAG(s) 'daily_student_pipeline' retrieved from /opt/airflow/dags/daily_student_pipeline.py
[2026-03-31T13:58:57.471+0000] {logging_mixin.py:188} INFO - [2026-03-31T13:58:57.471+0000] {dag.py:3036} INFO - Sync 1 DAGs
[2026-03-31T13:58:57.499+0000] {logging_mixin.py:188} INFO - [2026-03-31T13:58:57.499+0000] {dag.py:3823} INFO - Setting next_dagrun for daily_student_pipeline to 2026-03-31 02:00:00+00:00, run_after=2026-04-01 02:00:00+00:00
[2026-03-31T13:58:57.524+0000] {processor.py:183} INFO - Processing /opt/airflow/dags/daily_student_pipeline.py took 0.126 seconds
[2026-03-31T13:59:27.786+0000] {processor.py:161} INFO - Started process (PID=881) to work on /opt/airflow/dags/daily_student_pipeline.py
[2026-03-31T13:59:27.787+0000] {processor.py:830} INFO - Processing file /opt/airflow/dags/daily_student_pipeline.py for tasks to queue
[2026-03-31T13:59:27.788+0000] {logging_mixin.py:188} INFO - [2026-03-31T13:59:27.788+0000] {dagbag.py:538} INFO - Filling up the DagBag from /opt/airflow/dags/daily_student_pipeline.py
[2026-03-31T13:59:27.812+0000] {processor.py:840} INFO - DAG(s) 'daily_student_pipeline' retrieved from /opt/airflow/dags/daily_student_pipeline.py
[2026-03-31T13:59:27.847+0000] {logging_mixin.py:188} INFO - [2026-03-31T13:59:27.847+0000] {dag.py:3036} INFO - Sync 1 DAGs
[2026-03-31T13:59:27.871+0000] {logging_mixin.py:188} INFO - [2026-03-31T13:59:27.871+0000] {dag.py:3823} INFO - Setting next_dagrun for daily_student_pipeline to 2026-03-31 02:00:00+00:00, run_after=2026-04-01 02:00:00+00:00
[2026-03-31T13:59:27.891+0000] {processor.py:183} INFO - Processing /opt/airflow/dags/daily_student_pipeline.py took 0.109 seconds
[2026-03-31T13:59:58.435+0000] {processor.py:161} INFO - Started process (PID=904) to work on /opt/airflow/dags/daily_student_pipeline.py
[2026-03-31T13:59:58.436+0000] {processor.py:830} INFO - Processing file /opt/airflow/dags/daily_student_pipeline.py for tasks to queue
[2026-03-31T13:59:58.437+0000] {logging_mixin.py:188} INFO - [2026-03-31T13:59:58.437+0000] {dagbag.py:538} INFO - Filling up the DagBag from /opt/airflow/dags/daily_student_pipeline.py
[2026-03-31T13:59:58.457+0000] {processor.py:840} INFO - DAG(s) 'daily_student_pipeline' retrieved from /opt/airflow/dags/daily_student_pipeline.py
[2026-03-31T13:59:58.488+0000] {logging_mixin.py:188} INFO - [2026-03-31T13:59:58.488+0000] {dag.py:3036} INFO - Sync 1 DAGs
[2026-03-31T13:59:58.510+0000] {logging_mixin.py:188} INFO - [2026-03-31T13:59:58.509+0000] {dag.py:3823} INFO - Setting next_dagrun for daily_student_pipeline to 2026-03-31 02:00:00+00:00, run_after=2026-04-01 02:00:00+00:00
[2026-03-31T13:59:58.531+0000] {processor.py:183} INFO - Processing /opt/airflow/dags/daily_student_pipeline.py took 0.099 seconds
[2026-03-31T14:00:29.222+0000] {processor.py:161} INFO - Started process (PID=927) to work on /opt/airflow/dags/daily_student_pipeline.py
[2026-03-31T14:00:29.223+0000] {processor.py:830} INFO - Processing file /opt/airflow/dags/daily_student_pipeline.py for tasks to queue
[2026-03-31T14:00:29.224+0000] {logging_mixin.py:188} INFO - [2026-03-31T14:00:29.224+0000] {dagbag.py:538} INFO - Filling up the DagBag from /opt/airflow/dags/daily_student_pipeline.py
[2026-03-31T14:00:29.245+0000] {processor.py:840} INFO - DAG(s) 'daily_student_pipeline' retrieved from /opt/airflow/dags/daily_student_pipeline.py
[2026-03-31T14:00:29.274+0000] {logging_mixin.py:188} INFO - [2026-03-31T14:00:29.274+0000] {dag.py:3036} INFO - Sync 1 DAGs
[2026-03-31T14:00:29.296+0000] {logging_mixin.py:188} INFO - [2026-03-31T14:00:29.296+0000] {dag.py:3823} INFO - Setting next_dagrun for daily_student_pipeline to 2026-03-31 02:00:00+00:00, run_after=2026-04-01 02:00:00+00:00
[2026-03-31T14:00:29.317+0000] {processor.py:183} INFO - Processing /opt/airflow/dags/daily_student_pipeline.py took 0.099 seconds
[2026-03-31T14:01:00.092+0000] {processor.py:161} INFO - Started process (PID=950) to work on /opt/airflow/dags/daily_student_pipeline.py
[2026-03-31T14:01:00.094+0000] {processor.py:830} INFO - Processing file /opt/airflow/dags/daily_student_pipeline.py for tasks to queue
[2026-03-31T14:01:00.095+0000] {logging_mixin.py:188} INFO - [2026-03-31T14:01:00.095+0000] {dagbag.py:538} INFO - Filling up the DagBag from /opt/airflow/dags/daily_student_pipeline.py
[2026-03-31T14:01:00.120+0000] {processor.py:840} INFO - DAG(s) 'daily_student_pipeline' retrieved from /opt/airflow/dags/daily_student_pipeline.py
[2026-03-31T14:01:00.154+0000] {logging_mixin.py:188} INFO - [2026-03-31T14:01:00.154+0000] {dag.py:3036} INFO - Sync 1 DAGs
[2026-03-31T14:01:00.181+0000] {logging_mixin.py:188} INFO - [2026-03-31T14:01:00.181+0000] {dag.py:3823} INFO - Setting next_dagrun for daily_student_pipeline to 2026-03-31 02:00:00+00:00, run_after=2026-04-01 02:00:00+00:00
[2026-03-31T14:01:00.201+0000] {processor.py:183} INFO - Processing /opt/airflow/dags/daily_student_pipeline.py took 0.112 seconds
[2026-03-31T14:01:30.670+0000] {processor.py:161} INFO - Started process (PID=973) to work on /opt/airflow/dags/daily_student_pipeline.py
[2026-03-31T14:01:30.671+0000] {processor.py:830} INFO - Processing file /opt/airflow/dags/daily_student_pipeline.py for tasks to queue
[2026-03-31T14:01:30.672+0000] {logging_mixin.py:188} INFO - [2026-03-31T14:01:30.671+0000] {dagbag.py:538} INFO - Filling up the DagBag from /opt/airflow/dags/daily_student_pipeline.py
[2026-03-31T14:01:30.690+0000] {processor.py:840} INFO - DAG(s) 'daily_student_pipeline' retrieved from /opt/airflow/dags/daily_student_pipeline.py
[2026-03-31T14:01:30.716+0000] {logging_mixin.py:188} INFO - [2026-03-31T14:01:30.716+0000] {dag.py:3036} INFO - Sync 1 DAGs
[2026-03-31T14:01:30.738+0000] {logging_mixin.py:188} INFO - [2026-03-31T14:01:30.738+0000] {dag.py:3823} INFO - Setting next_dagrun for daily_student_pipeline to 2026-03-31 02:00:00+00:00, run_after=2026-04-01 02:00:00+00:00
[2026-03-31T14:01:30.758+0000] {processor.py:183} INFO - Processing /opt/airflow/dags/daily_student_pipeline.py took 0.090 seconds
[2026-03-31T14:02:01.440+0000] {processor.py:161} INFO - Started process (PID=998) to work on /opt/airflow/dags/daily_student_pipeline.py
[2026-03-31T14:02:01.441+0000] {processor.py:830} INFO - Processing file /opt/airflow/dags/daily_student_pipeline.py for tasks to queue
[2026-03-31T14:02:01.442+0000] {logging_mixin.py:188} INFO - [2026-03-31T14:02:01.442+0000] {dagbag.py:538} INFO - Filling up the DagBag from /opt/airflow/dags/daily_student_pipeline.py
[2026-03-31T14:02:01.462+0000] {processor.py:840} INFO - DAG(s) 'daily_student_pipeline' retrieved from /opt/airflow/dags/daily_student_pipeline.py
[2026-03-31T14:02:01.486+0000] {logging_mixin.py:188} INFO - [2026-03-31T14:02:01.486+0000] {dag.py:3036} INFO - Sync 1 DAGs
[2026-03-31T14:02:01.509+0000] {logging_mixin.py:188} INFO - [2026-03-31T14:02:01.509+0000] {dag.py:3823} INFO - Setting next_dagrun for daily_student_pipeline to 2026-03-31 02:00:00+00:00, run_after=2026-04-01 02:00:00+00:00
[2026-03-31T14:02:01.529+0000] {processor.py:183} INFO - Processing /opt/airflow/dags/daily_student_pipeline.py took 0.091 seconds
[2026-03-31T14:02:32.207+0000] {processor.py:161} INFO - Started process (PID=1021) to work on /opt/airflow/dags/daily_student_pipeline.py
[2026-03-31T14:02:32.209+0000] {processor.py:830} INFO - Processing file /opt/airflow/dags/daily_student_pipeline.py for tasks to queue
[2026-03-31T14:02:32.210+0000] {logging_mixin.py:188} INFO - [2026-03-31T14:02:32.210+0000] {dagbag.py:538} INFO - Filling up the DagBag from /opt/airflow/dags/daily_student_pipeline.py
[2026-03-31T14:02:32.234+0000] {processor.py:840} INFO - DAG(s) 'daily_student_pipeline' retrieved from /opt/airflow/dags/daily_student_pipeline.py
[2026-03-31T14:02:32.267+0000] {logging_mixin.py:188} INFO - [2026-03-31T14:02:32.266+0000] {dag.py:3036} INFO - Sync 1 DAGs
[2026-03-31T14:02:32.297+0000] {logging_mixin.py:188} INFO - [2026-03-31T14:02:32.297+0000] {dag.py:3823} INFO - Setting next_dagrun for daily_student_pipeline to 2026-03-31 02:00:00+00:00, run_after=2026-04-01 02:00:00+00:00
[2026-03-31T14:02:32.327+0000] {processor.py:183} INFO - Processing /opt/airflow/dags/daily_student_pipeline.py took 0.123 seconds
[2026-03-31T14:03:03.053+0000] {processor.py:161} INFO - Started process (PID=1044) to work on /opt/airflow/dags/daily_student_pipeline.py
[2026-03-31T14:03:03.055+0000] {processor.py:830} INFO - Processing file /opt/airflow/dags/daily_student_pipeline.py for tasks to queue
[2026-03-31T14:03:03.056+0000] {logging_mixin.py:188} INFO - [2026-03-31T14:03:03.056+0000] {dagbag.py:538} INFO - Filling up the DagBag from /opt/airflow/dags/daily_student_pipeline.py
[2026-03-31T14:03:03.086+0000] {processor.py:840} INFO - DAG(s) 'daily_student_pipeline' retrieved from /opt/airflow/dags/daily_student_pipeline.py
[2026-03-31T14:03:03.121+0000] {logging_mixin.py:188} INFO - [2026-03-31T14:03:03.121+0000] {dag.py:3036} INFO - Sync 1 DAGs
[2026-03-31T14:03:03.145+0000] {logging_mixin.py:188} INFO - [2026-03-31T14:03:03.145+0000] {dag.py:3823} INFO - Setting next_dagrun for daily_student_pipeline to 2026-03-31 02:00:00+00:00, run_after=2026-04-01 02:00:00+00:00
[2026-03-31T14:03:03.165+0000] {processor.py:183} INFO - Processing /opt/airflow/dags/daily_student_pipeline.py took 0.115 seconds
[2026-03-31T14:03:33.746+0000] {processor.py:161} INFO - Started process (PID=1067) to work on /opt/airflow/dags/daily_student_pipeline.py
[2026-03-31T14:03:33.748+0000] {processor.py:830} INFO - Processing file /opt/airflow/dags/daily_student_pipeline.py for tasks to queue
[2026-03-31T14:03:33.749+0000] {logging_mixin.py:188} INFO - [2026-03-31T14:03:33.749+0000] {dagbag.py:538} INFO - Filling up the DagBag from /opt/airflow/dags/daily_student_pipeline.py
[2026-03-31T14:03:33.784+0000] {processor.py:840} INFO - DAG(s) 'daily_student_pipeline' retrieved from /opt/airflow/dags/daily_student_pipeline.py
[2026-03-31T14:03:33.821+0000] {logging_mixin.py:188} INFO - [2026-03-31T14:03:33.821+0000] {dag.py:3036} INFO - Sync 1 DAGs
[2026-03-31T14:03:33.845+0000] {logging_mixin.py:188} INFO - [2026-03-31T14:03:33.845+0000] {dag.py:3823} INFO - Setting next_dagrun for daily_student_pipeline to 2026-03-31 02:00:00+00:00, run_after=2026-04-01 02:00:00+00:00
[2026-03-31T14:03:33.869+0000] {processor.py:183} INFO - Processing /opt/airflow/dags/daily_student_pipeline.py took 0.128 seconds
[2026-03-31T14:04:04.114+0000] {processor.py:161} INFO - Started process (PID=1082) to work on /opt/airflow/dags/daily_student_pipeline.py
[2026-03-31T14:04:04.115+0000] {processor.py:830} INFO - Processing file /opt/airflow/dags/daily_student_pipeline.py for tasks to queue
[2026-03-31T14:04:04.117+0000] {logging_mixin.py:188} INFO - [2026-03-31T14:04:04.116+0000] {dagbag.py:538} INFO - Filling up the DagBag from /opt/airflow/dags/daily_student_pipeline.py
[2026-03-31T14:04:04.142+0000] {processor.py:840} INFO - DAG(s) 'daily_student_pipeline' retrieved from /opt/airflow/dags/daily_student_pipeline.py
[2026-03-31T14:04:04.181+0000] {logging_mixin.py:188} INFO - [2026-03-31T14:04:04.181+0000] {dag.py:3036} INFO - Sync 1 DAGs
[2026-03-31T14:04:04.209+0000] {logging_mixin.py:188} INFO - [2026-03-31T14:04:04.209+0000] {dag.py:3823} INFO - Setting next_dagrun for daily_student_pipeline to 2026-03-31 02:00:00+00:00, run_after=2026-04-01 02:00:00+00:00
[2026-03-31T14:04:04.233+0000] {processor.py:183} INFO - Processing /opt/airflow/dags/daily_student_pipeline.py took 0.122 seconds
[2026-03-31T14:04:34.377+0000] {processor.py:161} INFO - Started process (PID=1105) to work on /opt/airflow/dags/daily_student_pipeline.py
[2026-03-31T14:04:34.378+0000] {processor.py:830} INFO - Processing file /opt/airflow/dags/daily_student_pipeline.py for tasks to queue
[2026-03-31T14:04:34.379+0000] {logging_mixin.py:188} INFO - [2026-03-31T14:04:34.379+0000] {dagbag.py:538} INFO - Filling up the DagBag from /opt/airflow/dags/daily_student_pipeline.py
[2026-03-31T14:04:34.403+0000] {processor.py:840} INFO - DAG(s) 'daily_student_pipeline' retrieved from /opt/airflow/dags/daily_student_pipeline.py
[2026-03-31T14:04:34.431+0000] {logging_mixin.py:188} INFO - [2026-03-31T14:04:34.431+0000] {dag.py:3036} INFO - Sync 1 DAGs
[2026-03-31T14:04:34.453+0000] {logging_mixin.py:188} INFO - [2026-03-31T14:04:34.452+0000] {dag.py:3823} INFO - Setting next_dagrun for daily_student_pipeline to 2026-03-31 02:00:00+00:00, run_after=2026-04-01 02:00:00+00:00
[2026-03-31T14:04:34.475+0000] {processor.py:183} INFO - Processing /opt/airflow/dags/daily_student_pipeline.py took 0.101 seconds
[2026-03-31T14:05:05.118+0000] {processor.py:161} INFO - Started process (PID=1128) to work on /opt/airflow/dags/daily_student_pipeline.py
[2026-03-31T14:05:05.119+0000] {processor.py:830} INFO - Processing file /opt/airflow/dags/daily_student_pipeline.py for tasks to queue
[2026-03-31T14:05:05.120+0000] {logging_mixin.py:188} INFO - [2026-03-31T14:05:05.120+0000] {dagbag.py:538} INFO - Filling up the DagBag from /opt/airflow/dags/daily_student_pipeline.py
[2026-03-31T14:05:05.139+0000] {processor.py:840} INFO - DAG(s) 'daily_student_pipeline' retrieved from /opt/airflow/dags/daily_student_pipeline.py
[2026-03-31T14:05:05.165+0000] {logging_mixin.py:188} INFO - [2026-03-31T14:05:05.165+0000] {dag.py:3036} INFO - Sync 1 DAGs
[2026-03-31T14:05:05.186+0000] {logging_mixin.py:188} INFO - [2026-03-31T14:05:05.186+0000] {dag.py:3823} INFO - Setting next_dagrun for daily_student_pipeline to 2026-03-31 02:00:00+00:00, run_after=2026-04-01 02:00:00+00:00
[2026-03-31T14:05:05.205+0000] {processor.py:183} INFO - Processing /opt/airflow/dags/daily_student_pipeline.py took 0.091 seconds
[2026-03-31T14:05:35.809+0000] {processor.py:161} INFO - Started process (PID=1151) to work on /opt/airflow/dags/daily_student_pipeline.py
[2026-03-31T14:05:35.811+0000] {processor.py:830} INFO - Processing file /opt/airflow/dags/daily_student_pipeline.py for tasks to queue
[2026-03-31T14:05:35.812+0000] {logging_mixin.py:188} INFO - [2026-03-31T14:05:35.811+0000] {dagbag.py:538} INFO - Filling up the DagBag from /opt/airflow/dags/daily_student_pipeline.py
[2026-03-31T14:05:35.830+0000] {processor.py:840} INFO - DAG(s) 'daily_student_pipeline' retrieved from /opt/airflow/dags/daily_student_pipeline.py
[2026-03-31T14:05:35.857+0000] {logging_mixin.py:188} INFO - [2026-03-31T14:05:35.857+0000] {dag.py:3036} INFO - Sync 1 DAGs
[2026-03-31T14:05:35.878+0000] {logging_mixin.py:188} INFO - [2026-03-31T14:05:35.878+0000] {dag.py:3823} INFO - Setting next_dagrun for daily_student_pipeline to 2026-03-31 02:00:00+00:00, run_after=2026-04-01 02:00:00+00:00
[2026-03-31T14:05:35.896+0000] {processor.py:183} INFO - Processing /opt/airflow/dags/daily_student_pipeline.py took 0.089 seconds
[2026-03-31T14:06:06.582+0000] {processor.py:161} INFO - Started process (PID=1174) to work on /opt/airflow/dags/daily_student_pipeline.py
[2026-03-31T14:06:06.583+0000] {processor.py:830} INFO - Processing file /opt/airflow/dags/daily_student_pipeline.py for tasks to queue
[2026-03-31T14:06:06.584+0000] {logging_mixin.py:188} INFO - [2026-03-31T14:06:06.584+0000] {dagbag.py:538} INFO - Filling up the DagBag from /opt/airflow/dags/daily_student_pipeline.py
[2026-03-31T14:06:06.604+0000] {processor.py:840} INFO - DAG(s) 'daily_student_pipeline' retrieved from /opt/airflow/dags/daily_student_pipeline.py
[2026-03-31T14:06:06.632+0000] {logging_mixin.py:188} INFO - [2026-03-31T14:06:06.632+0000] {dag.py:3036} INFO - Sync 1 DAGs
[2026-03-31T14:06:06.654+0000] {logging_mixin.py:188} INFO - [2026-03-31T14:06:06.654+0000] {dag.py:3823} INFO - Setting next_dagrun for daily_student_pipeline to 2026-03-31 02:00:00+00:00, run_after=2026-04-01 02:00:00+00:00
[2026-03-31T14:06:06.674+0000] {processor.py:183} INFO - Processing /opt/airflow/dags/daily_student_pipeline.py took 0.095 seconds
[2026-03-31T14:06:37.350+0000] {processor.py:161} INFO - Started process (PID=1197) to work on /opt/airflow/dags/daily_student_pipeline.py
[2026-03-31T14:06:37.351+0000] {processor.py:830} INFO - Processing file /opt/airflow/dags/daily_student_pipeline.py for tasks to queue
[2026-03-31T14:06:37.353+0000] {logging_mixin.py:188} INFO - [2026-03-31T14:06:37.353+0000] {dagbag.py:538} INFO - Filling up the DagBag from /opt/airflow/dags/daily_student_pipeline.py
[2026-03-31T14:06:37.375+0000] {processor.py:840} INFO - DAG(s) 'daily_student_pipeline' retrieved from /opt/airflow/dags/daily_student_pipeline.py
[2026-03-31T14:06:37.407+0000] {logging_mixin.py:188} INFO - [2026-03-31T14:06:37.407+0000] {dag.py:3036} INFO - Sync 1 DAGs
[2026-03-31T14:06:37.430+0000] {logging_mixin.py:188} INFO - [2026-03-31T14:06:37.430+0000] {dag.py:3823} INFO - Setting next_dagrun for daily_student_pipeline to 2026-03-31 02:00:00+00:00, run_after=2026-04-01 02:00:00+00:00
[2026-03-31T14:06:37.453+0000] {processor.py:183} INFO - Processing /opt/airflow/dags/daily_student_pipeline.py took 0.106 seconds
[2026-03-31T14:07:08.165+0000] {processor.py:161} INFO - Started process (PID=1220) to work on /opt/airflow/dags/daily_student_pipeline.py
[2026-03-31T14:07:08.166+0000] {processor.py:830} INFO - Processing file /opt/airflow/dags/daily_student_pipeline.py for tasks to queue
[2026-03-31T14:07:08.167+0000] {logging_mixin.py:188} INFO - [2026-03-31T14:07:08.167+0000] {dagbag.py:538} INFO - Filling up the DagBag from /opt/airflow/dags/daily_student_pipeline.py
[2026-03-31T14:07:08.191+0000] {processor.py:840} INFO - DAG(s) 'daily_student_pipeline' retrieved from /opt/airflow/dags/daily_student_pipeline.py
[2026-03-31T14:07:08.221+0000] {logging_mixin.py:188} INFO - [2026-03-31T14:07:08.221+0000] {dag.py:3036} INFO - Sync 1 DAGs
[2026-03-31T14:07:08.244+0000] {logging_mixin.py:188} INFO - [2026-03-31T14:07:08.244+0000] {dag.py:3823} INFO - Setting next_dagrun for daily_student_pipeline to 2026-03-31 02:00:00+00:00, run_after=2026-04-01 02:00:00+00:00
[2026-03-31T14:07:08.263+0000] {processor.py:183} INFO - Processing /opt/airflow/dags/daily_student_pipeline.py took 0.101 seconds
[2026-03-31T14:07:38.832+0000] {processor.py:161} INFO - Started process (PID=1242) to work on /opt/airflow/dags/daily_student_pipeline.py
[2026-03-31T14:07:38.833+0000] {processor.py:830} INFO - Processing file /opt/airflow/dags/daily_student_pipeline.py for tasks to queue
[2026-03-31T14:07:38.834+0000] {logging_mixin.py:188} INFO - [2026-03-31T14:07:38.833+0000] {dagbag.py:538} INFO - Filling up the DagBag from /opt/airflow/dags/daily_student_pipeline.py
[2026-03-31T14:07:38.851+0000] {processor.py:840} INFO - DAG(s) 'daily_student_pipeline' retrieved from /opt/airflow/dags/daily_student_pipeline.py
[2026-03-31T14:07:38.881+0000] {logging_mixin.py:188} INFO - [2026-03-31T14:07:38.880+0000] {dag.py:3036} INFO - Sync 1 DAGs
[2026-03-31T14:07:38.904+0000] {logging_mixin.py:188} INFO - [2026-03-31T14:07:38.904+0000] {dag.py:3823} INFO - Setting next_dagrun for daily_student_pipeline to 2026-03-31 02:00:00+00:00, run_after=2026-04-01 02:00:00+00:00
[2026-03-31T14:07:38.924+0000] {processor.py:183} INFO - Processing /opt/airflow/dags/daily_student_pipeline.py took 0.095 seconds
[2026-03-31T14:08:09.526+0000] {processor.py:161} INFO - Started process (PID=1265) to work on /opt/airflow/dags/daily_student_pipeline.py
[2026-03-31T14:08:09.528+0000] {processor.py:830} INFO - Processing file /opt/airflow/dags/daily_student_pipeline.py for tasks to queue
[2026-03-31T14:08:09.528+0000] {logging_mixin.py:188} INFO - [2026-03-31T14:08:09.528+0000] {dagbag.py:538} INFO - Filling up the DagBag from /opt/airflow/dags/daily_student_pipeline.py
[2026-03-31T14:08:09.549+0000] {processor.py:840} INFO - DAG(s) 'daily_student_pipeline' retrieved from /opt/airflow/dags/daily_student_pipeline.py
[2026-03-31T14:08:09.577+0000] {logging_mixin.py:188} INFO - [2026-03-31T14:08:09.577+0000] {dag.py:3036} INFO - Sync 1 DAGs
[2026-03-31T14:08:09.604+0000] {logging_mixin.py:188} INFO - [2026-03-31T14:08:09.603+0000] {dag.py:3823} INFO - Setting next_dagrun for daily_student_pipeline to 2026-03-31 02:00:00+00:00, run_after=2026-04-01 02:00:00+00:00
[2026-03-31T14:08:09.627+0000] {processor.py:183} INFO - Processing /opt/airflow/dags/daily_student_pipeline.py took 0.103 seconds
[2026-03-31T14:08:40.412+0000] {processor.py:161} INFO - Started process (PID=1288) to work on /opt/airflow/dags/daily_student_pipeline.py
[2026-03-31T14:08:40.413+0000] {processor.py:830} INFO - Processing file /opt/airflow/dags/daily_student_pipeline.py for tasks to queue
[2026-03-31T14:08:40.414+0000] {logging_mixin.py:188} INFO - [2026-03-31T14:08:40.414+0000] {dagbag.py:538} INFO - Filling up the DagBag from /opt/airflow/dags/daily_student_pipeline.py
[2026-03-31T14:08:40.438+0000] {processor.py:840} INFO - DAG(s) 'daily_student_pipeline' retrieved from /opt/airflow/dags/daily_student_pipeline.py
[2026-03-31T14:08:40.470+0000] {logging_mixin.py:188} INFO - [2026-03-31T14:08:40.470+0000] {dag.py:3036} INFO - Sync 1 DAGs
[2026-03-31T14:08:40.495+0000] {logging_mixin.py:188} INFO - [2026-03-31T14:08:40.495+0000] {dag.py:3823} INFO - Setting next_dagrun for daily_student_pipeline to 2026-03-31 02:00:00+00:00, run_after=2026-04-01 02:00:00+00:00
[2026-03-31T14:08:40.525+0000] {processor.py:183} INFO - Processing /opt/airflow/dags/daily_student_pipeline.py took 0.115 seconds
[2026-03-31T14:09:11.196+0000] {processor.py:161} INFO - Started process (PID=1311) to work on /opt/airflow/dags/daily_student_pipeline.py
[2026-03-31T14:09:11.197+0000] {processor.py:830} INFO - Processing file /opt/airflow/dags/daily_student_pipeline.py for tasks to queue
[2026-03-31T14:09:11.198+0000] {logging_mixin.py:188} INFO - [2026-03-31T14:09:11.198+0000] {dagbag.py:538} INFO - Filling up the DagBag from /opt/airflow/dags/daily_student_pipeline.py
[2026-03-31T14:09:11.225+0000] {processor.py:840} INFO - DAG(s) 'daily_student_pipeline' retrieved from /opt/airflow/dags/daily_student_pipeline.py
[2026-03-31T14:09:11.255+0000] {logging_mixin.py:188} INFO - [2026-03-31T14:09:11.254+0000] {dag.py:3036} INFO - Sync 1 DAGs
[2026-03-31T14:09:11.277+0000] {logging_mixin.py:188} INFO - [2026-03-31T14:09:11.277+0000] {dag.py:3823} INFO - Setting next_dagrun for daily_student_pipeline to 2026-03-31 02:00:00+00:00, run_after=2026-04-01 02:00:00+00:00
[2026-03-31T14:09:11.299+0000] {processor.py:183} INFO - Processing /opt/airflow/dags/daily_student_pipeline.py took 0.107 seconds
[2026-03-31T14:09:41.870+0000] {processor.py:161} INFO - Started process (PID=1326) to work on /opt/airflow/dags/daily_student_pipeline.py
[2026-03-31T14:09:41.870+0000] {processor.py:830} INFO - Processing file /opt/airflow/dags/daily_student_pipeline.py for tasks to queue
[2026-03-31T14:09:41.871+0000] {logging_mixin.py:188} INFO - [2026-03-31T14:09:41.871+0000] {dagbag.py:538} INFO - Filling up the DagBag from /opt/airflow/dags/daily_student_pipeline.py
[2026-03-31T14:09:41.891+0000] {processor.py:840} INFO - DAG(s) 'daily_student_pipeline' retrieved from /opt/airflow/dags/daily_student_pipeline.py
[2026-03-31T14:09:41.922+0000] {logging_mixin.py:188} INFO - [2026-03-31T14:09:41.922+0000] {dag.py:3036} INFO - Sync 1 DAGs
[2026-03-31T14:09:41.943+0000] {logging_mixin.py:188} INFO - [2026-03-31T14:09:41.943+0000] {dag.py:3823} INFO - Setting next_dagrun for daily_student_pipeline to 2026-03-31 02:00:00+00:00, run_after=2026-04-01 02:00:00+00:00
[2026-03-31T14:09:41.962+0000] {processor.py:183} INFO - Processing /opt/airflow/dags/daily_student_pipeline.py took 0.095 seconds
[2026-03-31T14:10:12.781+0000] {processor.py:161} INFO - Started process (PID=1349) to work on /opt/airflow/dags/daily_student_pipeline.py
[2026-03-31T14:10:12.781+0000] {processor.py:830} INFO - Processing file /opt/airflow/dags/daily_student_pipeline.py for tasks to queue
[2026-03-31T14:10:12.782+0000] {logging_mixin.py:188} INFO - [2026-03-31T14:10:12.782+0000] {dagbag.py:538} INFO - Filling up the DagBag from /opt/airflow/dags/daily_student_pipeline.py
[2026-03-31T14:10:12.801+0000] {processor.py:840} INFO - DAG(s) 'daily_student_pipeline' retrieved from /opt/airflow/dags/daily_student_pipeline.py
[2026-03-31T14:10:12.830+0000] {logging_mixin.py:188} INFO - [2026-03-31T14:10:12.830+0000] {dag.py:3036} INFO - Sync 1 DAGs
[2026-03-31T14:10:12.850+0000] {logging_mixin.py:188} INFO - [2026-03-31T14:10:12.850+0000] {dag.py:3823} INFO - Setting next_dagrun for daily_student_pipeline to 2026-03-31 02:00:00+00:00, run_after=2026-04-01 02:00:00+00:00
[2026-03-31T14:10:12.870+0000] {processor.py:183} INFO - Processing /opt/airflow/dags/daily_student_pipeline.py took 0.092 seconds
[2026-03-31T14:10:43.619+0000] {processor.py:161} INFO - Started process (PID=1372) to work on /opt/airflow/dags/daily_student_pipeline.py
[2026-03-31T14:10:43.620+0000] {processor.py:830} INFO - Processing file /opt/airflow/dags/daily_student_pipeline.py for tasks to queue
[2026-03-31T14:10:43.621+0000] {logging_mixin.py:188} INFO - [2026-03-31T14:10:43.621+0000] {dagbag.py:538} INFO - Filling up the DagBag from /opt/airflow/dags/daily_student_pipeline.py
[2026-03-31T14:10:43.644+0000] {processor.py:840} INFO - DAG(s) 'daily_student_pipeline' retrieved from /opt/airflow/dags/daily_student_pipeline.py
[2026-03-31T14:10:43.672+0000] {logging_mixin.py:188} INFO - [2026-03-31T14:10:43.672+0000] {dag.py:3036} INFO - Sync 1 DAGs
[2026-03-31T14:10:43.696+0000] {logging_mixin.py:188} INFO - [2026-03-31T14:10:43.696+0000] {dag.py:3823} INFO - Setting next_dagrun for daily_student_pipeline to 2026-03-31 02:00:00+00:00, run_after=2026-04-01 02:00:00+00:00
[2026-03-31T14:10:43.718+0000] {processor.py:183} INFO - Processing /opt/airflow/dags/daily_student_pipeline.py took 0.103 seconds
[2026-03-31T14:11:14.397+0000] {processor.py:161} INFO - Started process (PID=1395) to work on /opt/airflow/dags/daily_student_pipeline.py
[2026-03-31T14:11:14.398+0000] {processor.py:830} INFO - Processing file /opt/airflow/dags/daily_student_pipeline.py for tasks to queue
[2026-03-31T14:11:14.399+0000] {logging_mixin.py:188} INFO - [2026-03-31T14:11:14.399+0000] {dagbag.py:538} INFO - Filling up the DagBag from /opt/airflow/dags/daily_student_pipeline.py
[2026-03-31T14:11:14.421+0000] {processor.py:840} INFO - DAG(s) 'daily_student_pipeline' retrieved from /opt/airflow/dags/daily_student_pipeline.py
[2026-03-31T14:11:14.455+0000] {logging_mixin.py:188} INFO - [2026-03-31T14:11:14.455+0000] {dag.py:3036} INFO - Sync 1 DAGs
[2026-03-31T14:11:14.482+0000] {logging_mixin.py:188} INFO - [2026-03-31T14:11:14.482+0000] {dag.py:3823} INFO - Setting next_dagrun for daily_student_pipeline to 2026-03-31 02:00:00+00:00, run_after=2026-04-01 02:00:00+00:00
[2026-03-31T14:11:14.504+0000] {processor.py:183} INFO - Processing /opt/airflow/dags/daily_student_pipeline.py took 0.110 seconds
[2026-03-31T14:11:45.180+0000] {processor.py:161} INFO - Started process (PID=1418) to work on /opt/airflow/dags/daily_student_pipeline.py
[2026-03-31T14:11:45.182+0000] {processor.py:830} INFO - Processing file /opt/airflow/dags/daily_student_pipeline.py for tasks to queue
[2026-03-31T14:11:45.183+0000] {logging_mixin.py:188} INFO - [2026-03-31T14:11:45.183+0000] {dagbag.py:538} INFO - Filling up the DagBag from /opt/airflow/dags/daily_student_pipeline.py
[2026-03-31T14:11:45.213+0000] {processor.py:840} INFO - DAG(s) 'daily_student_pipeline' retrieved from /opt/airflow/dags/daily_student_pipeline.py
[2026-03-31T14:11:45.241+0000] {logging_mixin.py:188} INFO - [2026-03-31T14:11:45.241+0000] {dag.py:3036} INFO - Sync 1 DAGs
[2026-03-31T14:11:45.273+0000] {logging_mixin.py:188} INFO - [2026-03-31T14:11:45.273+0000] {dag.py:3823} INFO - Setting next_dagrun for daily_student_pipeline to 2026-03-31 02:00:00+00:00, run_after=2026-04-01 02:00:00+00:00
[2026-03-31T14:11:45.293+0000] {processor.py:183} INFO - Processing /opt/airflow/dags/daily_student_pipeline.py took 0.116 seconds
[2026-03-31T14:12:16.072+0000] {processor.py:161} INFO - Started process (PID=1441) to work on /opt/airflow/dags/daily_student_pipeline.py
[2026-03-31T14:12:16.073+0000] {processor.py:830} INFO - Processing file /opt/airflow/dags/daily_student_pipeline.py for tasks to queue
[2026-03-31T14:12:16.074+0000] {logging_mixin.py:188} INFO - [2026-03-31T14:12:16.074+0000] {dagbag.py:538} INFO - Filling up the DagBag from /opt/airflow/dags/daily_student_pipeline.py
[2026-03-31T14:12:16.095+0000] {processor.py:840} INFO - DAG(s) 'daily_student_pipeline' retrieved from /opt/airflow/dags/daily_student_pipeline.py
[2026-03-31T14:12:16.134+0000] {logging_mixin.py:188} INFO - [2026-03-31T14:12:16.133+0000] {dag.py:3036} INFO - Sync 1 DAGs
[2026-03-31T14:12:16.160+0000] {logging_mixin.py:188} INFO - [2026-03-31T14:12:16.159+0000] {dag.py:3823} INFO - Setting next_dagrun for daily_student_pipeline to 2026-03-31 02:00:00+00:00, run_after=2026-04-01 02:00:00+00:00
[2026-03-31T14:12:16.182+0000] {processor.py:183} INFO - Processing /opt/airflow/dags/daily_student_pipeline.py took 0.113 seconds
[2026-03-31T14:12:46.948+0000] {processor.py:161} INFO - Started process (PID=1464) to work on /opt/airflow/dags/daily_student_pipeline.py
[2026-03-31T14:12:46.949+0000] {processor.py:830} INFO - Processing file /opt/airflow/dags/daily_student_pipeline.py for tasks to queue
[2026-03-31T14:12:46.950+0000] {logging_mixin.py:188} INFO - [2026-03-31T14:12:46.950+0000] {dagbag.py:538} INFO - Filling up the DagBag from /opt/airflow/dags/daily_student_pipeline.py
[2026-03-31T14:12:46.974+0000] {processor.py:840} INFO - DAG(s) 'daily_student_pipeline' retrieved from /opt/airflow/dags/daily_student_pipeline.py
[2026-03-31T14:12:47.005+0000] {logging_mixin.py:188} INFO - [2026-03-31T14:12:47.005+0000] {dag.py:3036} INFO - Sync 1 DAGs
[2026-03-31T14:12:47.028+0000] {logging_mixin.py:188} INFO - [2026-03-31T14:12:47.028+0000] {dag.py:3823} INFO - Setting next_dagrun for daily_student_pipeline to 2026-03-31 02:00:00+00:00, run_after=2026-04-01 02:00:00+00:00
[2026-03-31T14:12:47.047+0000] {processor.py:183} INFO - Processing /opt/airflow/dags/daily_student_pipeline.py took 0.102 seconds
[2026-03-31T14:13:17.722+0000] {processor.py:161} INFO - Started process (PID=1487) to work on /opt/airflow/dags/daily_student_pipeline.py
[2026-03-31T14:13:17.723+0000] {processor.py:830} INFO - Processing file /opt/airflow/dags/daily_student_pipeline.py for tasks to queue
[2026-03-31T14:13:17.724+0000] {logging_mixin.py:188} INFO - [2026-03-31T14:13:17.724+0000] {dagbag.py:538} INFO - Filling up the DagBag from /opt/airflow/dags/daily_student_pipeline.py
[2026-03-31T14:13:17.754+0000] {processor.py:840} INFO - DAG(s) 'daily_student_pipeline' retrieved from /opt/airflow/dags/daily_student_pipeline.py
[2026-03-31T14:13:17.798+0000] {logging_mixin.py:188} INFO - [2026-03-31T14:13:17.798+0000] {dag.py:3036} INFO - Sync 1 DAGs
[2026-03-31T14:13:17.826+0000] {logging_mixin.py:188} INFO - [2026-03-31T14:13:17.825+0000] {dag.py:3823} INFO - Setting next_dagrun for daily_student_pipeline to 2026-03-31 02:00:00+00:00, run_after=2026-04-01 02:00:00+00:00
[2026-03-31T14:13:17.846+0000] {processor.py:183} INFO - Processing /opt/airflow/dags/daily_student_pipeline.py took 0.128 seconds
[2026-03-31T14:13:48.691+0000] {processor.py:161} INFO - Started process (PID=1510) to work on /opt/airflow/dags/daily_student_pipeline.py
[2026-03-31T14:13:48.692+0000] {processor.py:830} INFO - Processing file /opt/airflow/dags/daily_student_pipeline.py for tasks to queue
[2026-03-31T14:13:48.693+0000] {logging_mixin.py:188} INFO - [2026-03-31T14:13:48.693+0000] {dagbag.py:538} INFO - Filling up the DagBag from /opt/airflow/dags/daily_student_pipeline.py
[2026-03-31T14:13:48.715+0000] {processor.py:840} INFO - DAG(s) 'daily_student_pipeline' retrieved from /opt/airflow/dags/daily_student_pipeline.py
[2026-03-31T14:13:48.750+0000] {logging_mixin.py:188} INFO - [2026-03-31T14:13:48.750+0000] {dag.py:3036} INFO - Sync 1 DAGs
[2026-03-31T14:13:48.775+0000] {logging_mixin.py:188} INFO - [2026-03-31T14:13:48.775+0000] {dag.py:3823} INFO - Setting next_dagrun for daily_student_pipeline to 2026-03-31 02:00:00+00:00, run_after=2026-04-01 02:00:00+00:00
[2026-03-31T14:13:48.797+0000] {processor.py:183} INFO - Processing /opt/airflow/dags/daily_student_pipeline.py took 0.109 seconds
[2026-03-31T14:14:19.529+0000] {processor.py:161} INFO - Started process (PID=1533) to work on /opt/airflow/dags/daily_student_pipeline.py
[2026-03-31T14:14:19.530+0000] {processor.py:830} INFO - Processing file /opt/airflow/dags/daily_student_pipeline.py for tasks to queue
[2026-03-31T14:14:19.531+0000] {logging_mixin.py:188} INFO - [2026-03-31T14:14:19.530+0000] {dagbag.py:538} INFO - Filling up the DagBag from /opt/airflow/dags/daily_student_pipeline.py
[2026-03-31T14:14:19.558+0000] {processor.py:840} INFO - DAG(s) 'daily_student_pipeline' retrieved from /opt/airflow/dags/daily_student_pipeline.py
[2026-03-31T14:14:19.592+0000] {logging_mixin.py:188} INFO - [2026-03-31T14:14:19.591+0000] {dag.py:3036} INFO - Sync 1 DAGs
[2026-03-31T14:14:19.614+0000] {logging_mixin.py:188} INFO - [2026-03-31T14:14:19.614+0000] {dag.py:3823} INFO - Setting next_dagrun for daily_student_pipeline to 2026-03-31 02:00:00+00:00, run_after=2026-04-01 02:00:00+00:00
[2026-03-31T14:14:19.635+0000] {processor.py:183} INFO - Processing /opt/airflow/dags/daily_student_pipeline.py took 0.109 seconds
[2026-03-31T14:14:50.477+0000] {processor.py:161} INFO - Started process (PID=1556) to work on /opt/airflow/dags/daily_student_pipeline.py
[2026-03-31T14:14:50.477+0000] {processor.py:830} INFO - Processing file /opt/airflow/dags/daily_student_pipeline.py for tasks to queue
[2026-03-31T14:14:50.478+0000] {logging_mixin.py:188} INFO - [2026-03-31T14:14:50.478+0000] {dagbag.py:538} INFO - Filling up the DagBag from /opt/airflow/dags/daily_student_pipeline.py
[2026-03-31T14:14:50.494+0000] {processor.py:840} INFO - DAG(s) 'daily_student_pipeline' retrieved from /opt/airflow/dags/daily_student_pipeline.py
[2026-03-31T14:14:50.528+0000] {logging_mixin.py:188} INFO - [2026-03-31T14:14:50.528+0000] {dag.py:3036} INFO - Sync 1 DAGs
[2026-03-31T14:14:50.552+0000] {logging_mixin.py:188} INFO - [2026-03-31T14:14:50.552+0000] {dag.py:3823} INFO - Setting next_dagrun for daily_student_pipeline to 2026-03-31 02:00:00+00:00, run_after=2026-04-01 02:00:00+00:00
[2026-03-31T14:14:50.572+0000] {processor.py:183} INFO - Processing /opt/airflow/dags/daily_student_pipeline.py took 0.098 seconds
[2026-03-31T14:15:21.303+0000] {processor.py:161} INFO - Started process (PID=1579) to work on /opt/airflow/dags/daily_student_pipeline.py
[2026-03-31T14:15:21.304+0000] {processor.py:830} INFO - Processing file /opt/airflow/dags/daily_student_pipeline.py for tasks to queue
[2026-03-31T14:15:21.305+0000] {logging_mixin.py:188} INFO - [2026-03-31T14:15:21.305+0000] {dagbag.py:538} INFO - Filling up the DagBag from /opt/airflow/dags/daily_student_pipeline.py
[2026-03-31T14:15:21.331+0000] {processor.py:840} INFO - DAG(s) 'daily_student_pipeline' retrieved from /opt/airflow/dags/daily_student_pipeline.py
[2026-03-31T14:15:21.362+0000] {logging_mixin.py:188} INFO - [2026-03-31T14:15:21.362+0000] {dag.py:3036} INFO - Sync 1 DAGs
[2026-03-31T14:15:21.393+0000] {logging_mixin.py:188} INFO - [2026-03-31T14:15:21.393+0000] {dag.py:3823} INFO - Setting next_dagrun for daily_student_pipeline to 2026-03-31 02:00:00+00:00, run_after=2026-04-01 02:00:00+00:00
[2026-03-31T14:15:21.421+0000] {processor.py:183} INFO - Processing /opt/airflow/dags/daily_student_pipeline.py took 0.121 seconds
[2026-03-31T14:15:52.190+0000] {processor.py:161} INFO - Started process (PID=1594) to work on /opt/airflow/dags/daily_student_pipeline.py
[2026-03-31T14:15:52.191+0000] {processor.py:830} INFO - Processing file /opt/airflow/dags/daily_student_pipeline.py for tasks to queue
[2026-03-31T14:15:52.192+0000] {logging_mixin.py:188} INFO - [2026-03-31T14:15:52.192+0000] {dagbag.py:538} INFO - Filling up the DagBag from /opt/airflow/dags/daily_student_pipeline.py
[2026-03-31T14:15:52.214+0000] {processor.py:840} INFO - DAG(s) 'daily_student_pipeline' retrieved from /opt/airflow/dags/daily_student_pipeline.py
[2026-03-31T14:15:52.243+0000] {logging_mixin.py:188} INFO - [2026-03-31T14:15:52.242+0000] {dag.py:3036} INFO - Sync 1 DAGs
[2026-03-31T14:15:52.263+0000] {logging_mixin.py:188} INFO - [2026-03-31T14:15:52.263+0000] {dag.py:3823} INFO - Setting next_dagrun for daily_student_pipeline to 2026-03-31 02:00:00+00:00, run_after=2026-04-01 02:00:00+00:00
[2026-03-31T14:15:52.285+0000] {processor.py:183} INFO - Processing /opt/airflow/dags/daily_student_pipeline.py took 0.098 seconds
[2026-03-31T14:16:23.158+0000] {processor.py:161} INFO - Started process (PID=1617) to work on /opt/airflow/dags/daily_student_pipeline.py
[2026-03-31T14:16:23.161+0000] {processor.py:830} INFO - Processing file /opt/airflow/dags/daily_student_pipeline.py for tasks to queue
[2026-03-31T14:16:23.162+0000] {logging_mixin.py:188} INFO - [2026-03-31T14:16:23.161+0000] {dagbag.py:538} INFO - Filling up the DagBag from /opt/airflow/dags/daily_student_pipeline.py
[2026-03-31T14:16:23.183+0000] {processor.py:840} INFO - DAG(s) 'daily_student_pipeline' retrieved from /opt/airflow/dags/daily_student_pipeline.py
[2026-03-31T14:16:23.212+0000] {logging_mixin.py:188} INFO - [2026-03-31T14:16:23.211+0000] {dag.py:3036} INFO - Sync 1 DAGs
[2026-03-31T14:16:23.234+0000] {logging_mixin.py:188} INFO - [2026-03-31T14:16:23.233+0000] {dag.py:3823} INFO - Setting next_dagrun for daily_student_pipeline to 2026-03-31 02:00:00+00:00, run_after=2026-04-01 02:00:00+00:00
[2026-03-31T14:16:23.253+0000] {processor.py:183} INFO - Processing /opt/airflow/dags/daily_student_pipeline.py took 0.097 seconds
[2026-03-31T14:16:54.213+0000] {processor.py:161} INFO - Started process (PID=1640) to work on /opt/airflow/dags/daily_student_pipeline.py
[2026-03-31T14:16:54.214+0000] {processor.py:830} INFO - Processing file /opt/airflow/dags/daily_student_pipeline.py for tasks to queue
[2026-03-31T14:16:54.215+0000] {logging_mixin.py:188} INFO - [2026-03-31T14:16:54.215+0000] {dagbag.py:538} INFO - Filling up the DagBag from /opt/airflow/dags/daily_student_pipeline.py
[2026-03-31T14:16:54.238+0000] {processor.py:840} INFO - DAG(s) 'daily_student_pipeline' retrieved from /opt/airflow/dags/daily_student_pipeline.py
[2026-03-31T14:16:54.274+0000] {logging_mixin.py:188} INFO - [2026-03-31T14:16:54.273+0000] {dag.py:3036} INFO - Sync 1 DAGs
[2026-03-31T14:16:54.305+0000] {logging_mixin.py:188} INFO - [2026-03-31T14:16:54.304+0000] {dag.py:3823} INFO - Setting next_dagrun for daily_student_pipeline to 2026-03-31 02:00:00+00:00, run_after=2026-04-01 02:00:00+00:00
[2026-03-31T14:16:54.331+0000] {processor.py:183} INFO - Processing /opt/airflow/dags/daily_student_pipeline.py took 0.121 seconds
[2026-03-31T14:17:25.046+0000] {processor.py:161} INFO - Started process (PID=1663) to work on /opt/airflow/dags/daily_student_pipeline.py
[2026-03-31T14:17:25.047+0000] {processor.py:830} INFO - Processing file /opt/airflow/dags/daily_student_pipeline.py for tasks to queue
[2026-03-31T14:17:25.048+0000] {logging_mixin.py:188} INFO - [2026-03-31T14:17:25.048+0000] {dagbag.py:538} INFO - Filling up the DagBag from /opt/airflow/dags/daily_student_pipeline.py
[2026-03-31T14:17:25.076+0000] {processor.py:840} INFO - DAG(s) 'daily_student_pipeline' retrieved from /opt/airflow/dags/daily_student_pipeline.py
[2026-03-31T14:17:25.117+0000] {logging_mixin.py:188} INFO - [2026-03-31T14:17:25.117+0000] {dag.py:3036} INFO - Sync 1 DAGs
[2026-03-31T14:17:25.144+0000] {logging_mixin.py:188} INFO - [2026-03-31T14:17:25.144+0000] {dag.py:3823} INFO - Setting next_dagrun for daily_student_pipeline to 2026-03-31 02:00:00+00:00, run_after=2026-04-01 02:00:00+00:00
[2026-03-31T14:17:25.169+0000] {processor.py:183} INFO - Processing /opt/airflow/dags/daily_student_pipeline.py took 0.126 seconds
[2026-03-31T14:17:55.956+0000] {processor.py:161} INFO - Started process (PID=1686) to work on /opt/airflow/dags/daily_student_pipeline.py
[2026-03-31T14:17:55.957+0000] {processor.py:830} INFO - Processing file /opt/airflow/dags/daily_student_pipeline.py for tasks to queue
[2026-03-31T14:17:55.958+0000] {logging_mixin.py:188} INFO - [2026-03-31T14:17:55.958+0000] {dagbag.py:538} INFO - Filling up the DagBag from /opt/airflow/dags/daily_student_pipeline.py
[2026-03-31T14:17:55.986+0000] {processor.py:840} INFO - DAG(s) 'daily_student_pipeline' retrieved from /opt/airflow/dags/daily_student_pipeline.py
[2026-03-31T14:17:56.026+0000] {logging_mixin.py:188} INFO - [2026-03-31T14:17:56.026+0000] {dag.py:3036} INFO - Sync 1 DAGs
[2026-03-31T14:17:56.060+0000] {logging_mixin.py:188} INFO - [2026-03-31T14:17:56.060+0000] {dag.py:3823} INFO - Setting next_dagrun for daily_student_pipeline to 2026-03-31 02:00:00+00:00, run_after=2026-04-01 02:00:00+00:00
[2026-03-31T14:17:56.092+0000] {processor.py:183} INFO - Processing /opt/airflow/dags/daily_student_pipeline.py took 0.138 seconds
[2026-03-31T14:18:28.031+0000] {processor.py:161} INFO - Started process (PID=1709) to work on /opt/airflow/dags/daily_student_pipeline.py
[2026-03-31T14:18:28.032+0000] {processor.py:830} INFO - Processing file /opt/airflow/dags/daily_student_pipeline.py for tasks to queue
[2026-03-31T14:18:28.033+0000] {logging_mixin.py:188} INFO - [2026-03-31T14:18:28.032+0000] {dagbag.py:538} INFO - Filling up the DagBag from /opt/airflow/dags/daily_student_pipeline.py
[2026-03-31T14:18:28.053+0000] {processor.py:840} INFO - DAG(s) 'daily_student_pipeline' retrieved from /opt/airflow/dags/daily_student_pipeline.py
[2026-03-31T14:18:28.091+0000] {logging_mixin.py:188} INFO - [2026-03-31T14:18:28.091+0000] {dag.py:3036} INFO - Sync 1 DAGs
[2026-03-31T14:18:28.118+0000] {logging_mixin.py:188} INFO - [2026-03-31T14:18:28.118+0000] {dag.py:3823} INFO - Setting next_dagrun for daily_student_pipeline to 2026-03-31 02:00:00+00:00, run_after=2026-04-01 02:00:00+00:00
[2026-03-31T14:18:28.147+0000] {processor.py:183} INFO - Processing /opt/airflow/dags/daily_student_pipeline.py took 0.119 seconds
[2026-03-31T14:18:59.113+0000] {processor.py:161} INFO - Started process (PID=1732) to work on /opt/airflow/dags/daily_student_pipeline.py
[2026-03-31T14:18:59.114+0000] {processor.py:830} INFO - Processing file /opt/airflow/dags/daily_student_pipeline.py for tasks to queue
[2026-03-31T14:18:59.115+0000] {logging_mixin.py:188} INFO - [2026-03-31T14:18:59.115+0000] {dagbag.py:538} INFO - Filling up the DagBag from /opt/airflow/dags/daily_student_pipeline.py
[2026-03-31T14:18:59.152+0000] {processor.py:840} INFO - DAG(s) 'daily_student_pipeline' retrieved from /opt/airflow/dags/daily_student_pipeline.py
[2026-03-31T14:18:59.192+0000] {logging_mixin.py:188} INFO - [2026-03-31T14:18:59.191+0000] {dag.py:3036} INFO - Sync 1 DAGs
[2026-03-31T14:18:59.218+0000] {logging_mixin.py:188} INFO - [2026-03-31T14:18:59.218+0000] {dag.py:3823} INFO - Setting next_dagrun for daily_student_pipeline to 2026-03-31 02:00:00+00:00, run_after=2026-04-01 02:00:00+00:00
[2026-03-31T14:18:59.238+0000] {processor.py:183} INFO - Processing /opt/airflow/dags/daily_student_pipeline.py took 0.128 seconds
[2026-03-31T14:19:29.329+0000] {processor.py:161} INFO - Started process (PID=1755) to work on /opt/airflow/dags/daily_student_pipeline.py
[2026-03-31T14:19:29.330+0000] {processor.py:830} INFO - Processing file /opt/airflow/dags/daily_student_pipeline.py for tasks to queue
[2026-03-31T14:19:29.331+0000] {logging_mixin.py:188} INFO - [2026-03-31T14:19:29.331+0000] {dagbag.py:538} INFO - Filling up the DagBag from /opt/airflow/dags/daily_student_pipeline.py
[2026-03-31T14:19:29.361+0000] {processor.py:840} INFO - DAG(s) 'daily_student_pipeline' retrieved from /opt/airflow/dags/daily_student_pipeline.py
[2026-03-31T14:19:29.398+0000] {logging_mixin.py:188} INFO - [2026-03-31T14:19:29.398+0000] {dag.py:3036} INFO - Sync 1 DAGs
[2026-03-31T14:19:29.423+0000] {logging_mixin.py:188} INFO - [2026-03-31T14:19:29.423+0000] {dag.py:3823} INFO - Setting next_dagrun for daily_student_pipeline to 2026-03-31 02:00:00+00:00, run_after=2026-04-01 02:00:00+00:00
[2026-03-31T14:19:29.444+0000] {processor.py:183} INFO - Processing /opt/airflow/dags/daily_student_pipeline.py took 0.118 seconds
[2026-03-31T14:19:59.681+0000] {processor.py:161} INFO - Started process (PID=1785) to work on /opt/airflow/dags/daily_student_pipeline.py
[2026-03-31T14:19:59.682+0000] {processor.py:830} INFO - Processing file /opt/airflow/dags/daily_student_pipeline.py for tasks to queue
[2026-03-31T14:19:59.683+0000] {logging_mixin.py:188} INFO - [2026-03-31T14:19:59.683+0000] {dagbag.py:538} INFO - Filling up the DagBag from /opt/airflow/dags/daily_student_pipeline.py
[2026-03-31T14:19:59.705+0000] {processor.py:840} INFO - DAG(s) 'daily_student_pipeline' retrieved from /opt/airflow/dags/daily_student_pipeline.py
[2026-03-31T14:19:59.732+0000] {logging_mixin.py:188} INFO - [2026-03-31T14:19:59.732+0000] {dag.py:3036} INFO - Sync 1 DAGs
[2026-03-31T14:19:59.753+0000] {logging_mixin.py:188} INFO - [2026-03-31T14:19:59.752+0000] {dag.py:3823} INFO - Setting next_dagrun for daily_student_pipeline to 2026-03-31 02:00:00+00:00, run_after=2026-04-01 02:00:00+00:00
[2026-03-31T14:19:59.771+0000] {processor.py:183} INFO - Processing /opt/airflow/dags/daily_student_pipeline.py took 0.093 seconds
[2026-03-31T14:20:30.646+0000] {processor.py:161} INFO - Started process (PID=1807) to work on /opt/airflow/dags/daily_student_pipeline.py
[2026-03-31T14:20:30.647+0000] {processor.py:830} INFO - Processing file /opt/airflow/dags/daily_student_pipeline.py for tasks to queue
[2026-03-31T14:20:30.648+0000] {logging_mixin.py:188} INFO - [2026-03-31T14:20:30.647+0000] {dagbag.py:538} INFO - Filling up the DagBag from /opt/airflow/dags/daily_student_pipeline.py
[2026-03-31T14:20:30.686+0000] {processor.py:840} INFO - DAG(s) 'daily_student_pipeline' retrieved from /opt/airflow/dags/daily_student_pipeline.py
[2026-03-31T14:20:30.714+0000] {logging_mixin.py:188} INFO - [2026-03-31T14:20:30.713+0000] {dag.py:3036} INFO - Sync 1 DAGs
[2026-03-31T14:20:30.734+0000] {logging_mixin.py:188} INFO - [2026-03-31T14:20:30.734+0000] {dag.py:3823} INFO - Setting next_dagrun for daily_student_pipeline to 2026-03-31 02:00:00+00:00, run_after=2026-04-01 02:00:00+00:00
[2026-03-31T14:20:30.759+0000] {processor.py:183} INFO - Processing /opt/airflow/dags/daily_student_pipeline.py took 0.115 seconds
[2026-03-31T14:21:01.705+0000] {processor.py:161} INFO - Started process (PID=1830) to work on /opt/airflow/dags/daily_student_pipeline.py
[2026-03-31T14:21:01.707+0000] {processor.py:830} INFO - Processing file /opt/airflow/dags/daily_student_pipeline.py for tasks to queue
[2026-03-31T14:21:01.708+0000] {logging_mixin.py:188} INFO - [2026-03-31T14:21:01.707+0000] {dagbag.py:538} INFO - Filling up the DagBag from /opt/airflow/dags/daily_student_pipeline.py
[2026-03-31T14:21:01.727+0000] {processor.py:840} INFO - DAG(s) 'daily_student_pipeline' retrieved from /opt/airflow/dags/daily_student_pipeline.py
[2026-03-31T14:21:01.757+0000] {logging_mixin.py:188} INFO - [2026-03-31T14:21:01.757+0000] {dag.py:3036} INFO - Sync 1 DAGs
[2026-03-31T14:21:01.778+0000] {logging_mixin.py:188} INFO - [2026-03-31T14:21:01.778+0000] {dag.py:3823} INFO - Setting next_dagrun for daily_student_pipeline to 2026-03-31 02:00:00+00:00, run_after=2026-04-01 02:00:00+00:00
[2026-03-31T14:21:01.800+0000] {processor.py:183} INFO - Processing /opt/airflow/dags/daily_student_pipeline.py took 0.098 seconds
[2026-03-31T14:21:32.631+0000] {processor.py:161} INFO - Started process (PID=1853) to work on /opt/airflow/dags/daily_student_pipeline.py
[2026-03-31T14:21:32.632+0000] {processor.py:830} INFO - Processing file /opt/airflow/dags/daily_student_pipeline.py for tasks to queue
[2026-03-31T14:21:32.633+0000] {logging_mixin.py:188} INFO - [2026-03-31T14:21:32.632+0000] {dagbag.py:538} INFO - Filling up the DagBag from /opt/airflow/dags/daily_student_pipeline.py
[2026-03-31T14:21:32.658+0000] {processor.py:840} INFO - DAG(s) 'daily_student_pipeline' retrieved from /opt/airflow/dags/daily_student_pipeline.py
[2026-03-31T14:21:32.755+0000] {logging_mixin.py:188} INFO - [2026-03-31T14:21:32.755+0000] {dag.py:3036} INFO - Sync 1 DAGs
[2026-03-31T14:21:32.936+0000] {logging_mixin.py:188} INFO - [2026-03-31T14:21:32.935+0000] {dag.py:3823} INFO - Setting next_dagrun for daily_student_pipeline to 2026-03-31 02:00:00+00:00, run_after=2026-04-01 02:00:00+00:00
[2026-03-31T14:21:32.991+0000] {processor.py:183} INFO - Processing /opt/airflow/dags/daily_student_pipeline.py took 0.364 seconds
[2026-03-31T14:22:03.899+0000] {processor.py:161} INFO - Started process (PID=1868) to work on /opt/airflow/dags/daily_student_pipeline.py
[2026-03-31T14:22:03.901+0000] {processor.py:830} INFO - Processing file /opt/airflow/dags/daily_student_pipeline.py for tasks to queue
[2026-03-31T14:22:03.901+0000] {logging_mixin.py:188} INFO - [2026-03-31T14:22:03.901+0000] {dagbag.py:538} INFO - Filling up the DagBag from /opt/airflow/dags/daily_student_pipeline.py
[2026-03-31T14:22:03.927+0000] {processor.py:840} INFO - DAG(s) 'daily_student_pipeline' retrieved from /opt/airflow/dags/daily_student_pipeline.py
[2026-03-31T14:22:03.955+0000] {logging_mixin.py:188} INFO - [2026-03-31T14:22:03.955+0000] {dag.py:3036} INFO - Sync 1 DAGs
[2026-03-31T14:22:03.980+0000] {logging_mixin.py:188} INFO - [2026-03-31T14:22:03.980+0000] {dag.py:3823} INFO - Setting next_dagrun for daily_student_pipeline to 2026-03-31 02:00:00+00:00, run_after=2026-04-01 02:00:00+00:00
[2026-03-31T14:22:04.002+0000] {processor.py:183} INFO - Processing /opt/airflow/dags/daily_student_pipeline.py took 0.106 seconds
[2026-03-31T14:22:34.877+0000] {processor.py:161} INFO - Started process (PID=1891) to work on /opt/airflow/dags/daily_student_pipeline.py
[2026-03-31T14:22:34.879+0000] {processor.py:830} INFO - Processing file /opt/airflow/dags/daily_student_pipeline.py for tasks to queue
[2026-03-31T14:22:34.880+0000] {logging_mixin.py:188} INFO - [2026-03-31T14:22:34.879+0000] {dagbag.py:538} INFO - Filling up the DagBag from /opt/airflow/dags/daily_student_pipeline.py
[2026-03-31T14:22:34.900+0000] {processor.py:840} INFO - DAG(s) 'daily_student_pipeline' retrieved from /opt/airflow/dags/daily_student_pipeline.py
[2026-03-31T14:22:34.930+0000] {logging_mixin.py:188} INFO - [2026-03-31T14:22:34.930+0000] {dag.py:3036} INFO - Sync 1 DAGs
[2026-03-31T14:22:34.954+0000] {logging_mixin.py:188} INFO - [2026-03-31T14:22:34.954+0000] {dag.py:3823} INFO - Setting next_dagrun for daily_student_pipeline to 2026-03-31 02:00:00+00:00, run_after=2026-04-01 02:00:00+00:00
[2026-03-31T14:22:34.974+0000] {processor.py:183} INFO - Processing /opt/airflow/dags/daily_student_pipeline.py took 0.100 seconds
[2026-03-31T14:23:05.854+0000] {processor.py:161} INFO - Started process (PID=1914) to work on /opt/airflow/dags/daily_student_pipeline.py
[2026-03-31T14:23:05.855+0000] {processor.py:830} INFO - Processing file /opt/airflow/dags/daily_student_pipeline.py for tasks to queue
[2026-03-31T14:23:05.856+0000] {logging_mixin.py:188} INFO - [2026-03-31T14:23:05.855+0000] {dagbag.py:538} INFO - Filling up the DagBag from /opt/airflow/dags/daily_student_pipeline.py
[2026-03-31T14:23:05.878+0000] {processor.py:840} INFO - DAG(s) 'daily_student_pipeline' retrieved from /opt/airflow/dags/daily_student_pipeline.py
[2026-03-31T14:23:05.910+0000] {logging_mixin.py:188} INFO - [2026-03-31T14:23:05.910+0000] {dag.py:3036} INFO - Sync 1 DAGs
[2026-03-31T14:23:05.934+0000] {logging_mixin.py:188} INFO - [2026-03-31T14:23:05.934+0000] {dag.py:3823} INFO - Setting next_dagrun for daily_student_pipeline to 2026-03-31 02:00:00+00:00, run_after=2026-04-01 02:00:00+00:00
[2026-03-31T14:23:05.963+0000] {processor.py:183} INFO - Processing /opt/airflow/dags/daily_student_pipeline.py took 0.112 seconds
[2026-03-31T14:23:36.765+0000] {processor.py:161} INFO - Started process (PID=1937) to work on /opt/airflow/dags/daily_student_pipeline.py
[2026-03-31T14:23:36.766+0000] {processor.py:830} INFO - Processing file /opt/airflow/dags/daily_student_pipeline.py for tasks to queue
[2026-03-31T14:23:36.767+0000] {logging_mixin.py:188} INFO - [2026-03-31T14:23:36.767+0000] {dagbag.py:538} INFO - Filling up the DagBag from /opt/airflow/dags/daily_student_pipeline.py
[2026-03-31T14:23:36.791+0000] {processor.py:840} INFO - DAG(s) 'daily_student_pipeline' retrieved from /opt/airflow/dags/daily_student_pipeline.py
[2026-03-31T14:23:36.822+0000] {logging_mixin.py:188} INFO - [2026-03-31T14:23:36.822+0000] {dag.py:3036} INFO - Sync 1 DAGs
[2026-03-31T14:23:36.847+0000] {logging_mixin.py:188} INFO - [2026-03-31T14:23:36.846+0000] {dag.py:3823} INFO - Setting next_dagrun for daily_student_pipeline to 2026-03-31 02:00:00+00:00, run_after=2026-04-01 02:00:00+00:00
[2026-03-31T14:23:36.874+0000] {processor.py:183} INFO - Processing /opt/airflow/dags/daily_student_pipeline.py took 0.112 seconds
[2026-03-31T14:24:07.746+0000] {processor.py:161} INFO - Started process (PID=1960) to work on /opt/airflow/dags/daily_student_pipeline.py
[2026-03-31T14:24:07.747+0000] {processor.py:830} INFO - Processing file /opt/airflow/dags/daily_student_pipeline.py for tasks to queue
[2026-03-31T14:24:07.749+0000] {logging_mixin.py:188} INFO - [2026-03-31T14:24:07.748+0000] {dagbag.py:538} INFO - Filling up the DagBag from /opt/airflow/dags/daily_student_pipeline.py
[2026-03-31T14:24:07.783+0000] {processor.py:840} INFO - DAG(s) 'daily_student_pipeline' retrieved from /opt/airflow/dags/daily_student_pipeline.py
[2026-03-31T14:24:07.823+0000] {logging_mixin.py:188} INFO - [2026-03-31T14:24:07.823+0000] {dag.py:3036} INFO - Sync 1 DAGs
[2026-03-31T14:24:07.848+0000] {logging_mixin.py:188} INFO - [2026-03-31T14:24:07.848+0000] {dag.py:3823} INFO - Setting next_dagrun for daily_student_pipeline to 2026-03-31 02:00:00+00:00, run_after=2026-04-01 02:00:00+00:00
[2026-03-31T14:24:07.866+0000] {processor.py:183} INFO - Processing /opt/airflow/dags/daily_student_pipeline.py took 0.126 seconds
[2026-03-31T14:24:38.696+0000] {processor.py:161} INFO - Started process (PID=1984) to work on /opt/airflow/dags/daily_student_pipeline.py
[2026-03-31T14:24:38.697+0000] {processor.py:830} INFO - Processing file /opt/airflow/dags/daily_student_pipeline.py for tasks to queue
[2026-03-31T14:24:38.698+0000] {logging_mixin.py:188} INFO - [2026-03-31T14:24:38.698+0000] {dagbag.py:538} INFO - Filling up the DagBag from /opt/airflow/dags/daily_student_pipeline.py
[2026-03-31T14:24:38.721+0000] {processor.py:840} INFO - DAG(s) 'daily_student_pipeline' retrieved from /opt/airflow/dags/daily_student_pipeline.py
[2026-03-31T14:24:38.751+0000] {logging_mixin.py:188} INFO - [2026-03-31T14:24:38.751+0000] {dag.py:3036} INFO - Sync 1 DAGs
[2026-03-31T14:24:38.773+0000] {logging_mixin.py:188} INFO - [2026-03-31T14:24:38.773+0000] {dag.py:3823} INFO - Setting next_dagrun for daily_student_pipeline to 2026-03-31 02:00:00+00:00, run_after=2026-04-01 02:00:00+00:00
[2026-03-31T14:24:38.792+0000] {processor.py:183} INFO - Processing /opt/airflow/dags/daily_student_pipeline.py took 0.099 seconds
[2026-03-31T14:25:09.581+0000] {processor.py:161} INFO - Started process (PID=2007) to work on /opt/airflow/dags/daily_student_pipeline.py
[2026-03-31T14:25:09.582+0000] {processor.py:830} INFO - Processing file /opt/airflow/dags/daily_student_pipeline.py for tasks to queue
[2026-03-31T14:25:09.583+0000] {logging_mixin.py:188} INFO - [2026-03-31T14:25:09.582+0000] {dagbag.py:538} INFO - Filling up the DagBag from /opt/airflow/dags/daily_student_pipeline.py
[2026-03-31T14:25:09.609+0000] {processor.py:840} INFO - DAG(s) 'daily_student_pipeline' retrieved from /opt/airflow/dags/daily_student_pipeline.py
[2026-03-31T14:25:09.642+0000] {logging_mixin.py:188} INFO - [2026-03-31T14:25:09.641+0000] {dag.py:3036} INFO - Sync 1 DAGs
[2026-03-31T14:25:09.665+0000] {logging_mixin.py:188} INFO - [2026-03-31T14:25:09.665+0000] {dag.py:3823} INFO - Setting next_dagrun for daily_student_pipeline to 2026-03-31 02:00:00+00:00, run_after=2026-04-01 02:00:00+00:00
[2026-03-31T14:25:09.687+0000] {processor.py:183} INFO - Processing /opt/airflow/dags/daily_student_pipeline.py took 0.109 seconds
[2026-03-31T14:25:39.776+0000] {processor.py:161} INFO - Started process (PID=2030) to work on /opt/airflow/dags/daily_student_pipeline.py
[2026-03-31T14:25:39.777+0000] {processor.py:830} INFO - Processing file /opt/airflow/dags/daily_student_pipeline.py for tasks to queue
[2026-03-31T14:25:39.778+0000] {logging_mixin.py:188} INFO - [2026-03-31T14:25:39.778+0000] {dagbag.py:538} INFO - Filling up the DagBag from /opt/airflow/dags/daily_student_pipeline.py
[2026-03-31T14:25:39.801+0000] {processor.py:840} INFO - DAG(s) 'daily_student_pipeline' retrieved from /opt/airflow/dags/daily_student_pipeline.py
[2026-03-31T14:25:39.837+0000] {logging_mixin.py:188} INFO - [2026-03-31T14:25:39.837+0000] {dag.py:3036} INFO - Sync 1 DAGs
[2026-03-31T14:25:39.864+0000] {logging_mixin.py:188} INFO - [2026-03-31T14:25:39.864+0000] {dag.py:3823} INFO - Setting next_dagrun for daily_student_pipeline to 2026-03-31 02:00:00+00:00, run_after=2026-04-01 02:00:00+00:00
[2026-03-31T14:25:39.885+0000] {processor.py:183} INFO - Processing /opt/airflow/dags/daily_student_pipeline.py took 0.113 seconds
[2026-03-31T14:26:10.747+0000] {processor.py:161} INFO - Started process (PID=2053) to work on /opt/airflow/dags/daily_student_pipeline.py
[2026-03-31T14:26:10.748+0000] {processor.py:830} INFO - Processing file /opt/airflow/dags/daily_student_pipeline.py for tasks to queue
[2026-03-31T14:26:10.749+0000] {logging_mixin.py:188} INFO - [2026-03-31T14:26:10.749+0000] {dagbag.py:538} INFO - Filling up the DagBag from /opt/airflow/dags/daily_student_pipeline.py
[2026-03-31T14:26:10.773+0000] {processor.py:840} INFO - DAG(s) 'daily_student_pipeline' retrieved from /opt/airflow/dags/daily_student_pipeline.py
[2026-03-31T14:26:10.804+0000] {logging_mixin.py:188} INFO - [2026-03-31T14:26:10.804+0000] {dag.py:3036} INFO - Sync 1 DAGs
[2026-03-31T14:26:10.827+0000] {logging_mixin.py:188} INFO - [2026-03-31T14:26:10.827+0000] {dag.py:3823} INFO - Setting next_dagrun for daily_student_pipeline to 2026-03-31 02:00:00+00:00, run_after=2026-04-01 02:00:00+00:00
[2026-03-31T14:26:10.846+0000] {processor.py:183} INFO - Processing /opt/airflow/dags/daily_student_pipeline.py took 0.102 seconds
[2026-03-31T14:26:41.781+0000] {processor.py:161} INFO - Started process (PID=2076) to work on /opt/airflow/dags/daily_student_pipeline.py
[2026-03-31T14:26:41.783+0000] {processor.py:830} INFO - Processing file /opt/airflow/dags/daily_student_pipeline.py for tasks to queue
[2026-03-31T14:26:41.785+0000] {logging_mixin.py:188} INFO - [2026-03-31T14:26:41.785+0000] {dagbag.py:538} INFO - Filling up the DagBag from /opt/airflow/dags/daily_student_pipeline.py
[2026-03-31T14:26:41.852+0000] {processor.py:840} INFO - DAG(s) 'daily_student_pipeline' retrieved from /opt/airflow/dags/daily_student_pipeline.py
[2026-03-31T14:26:41.893+0000] {logging_mixin.py:188} INFO - [2026-03-31T14:26:41.893+0000] {dag.py:3036} INFO - Sync 1 DAGs
[2026-03-31T14:26:41.921+0000] {logging_mixin.py:188} INFO - [2026-03-31T14:26:41.921+0000] {dag.py:3823} INFO - Setting next_dagrun for daily_student_pipeline to 2026-03-31 02:00:00+00:00, run_after=2026-04-01 02:00:00+00:00
[2026-03-31T14:26:41.955+0000] {processor.py:183} INFO - Processing /opt/airflow/dags/daily_student_pipeline.py took 0.181 seconds
[2026-03-31T14:27:12.168+0000] {processor.py:161} INFO - Started process (PID=2101) to work on /opt/airflow/dags/daily_student_pipeline.py
[2026-03-31T14:27:12.169+0000] {processor.py:830} INFO - Processing file /opt/airflow/dags/daily_student_pipeline.py for tasks to queue
[2026-03-31T14:27:12.170+0000] {logging_mixin.py:188} INFO - [2026-03-31T14:27:12.170+0000] {dagbag.py:538} INFO - Filling up the DagBag from /opt/airflow/dags/daily_student_pipeline.py
[2026-03-31T14:27:12.192+0000] {processor.py:840} INFO - DAG(s) 'daily_student_pipeline' retrieved from /opt/airflow/dags/daily_student_pipeline.py
[2026-03-31T14:27:12.221+0000] {logging_mixin.py:188} INFO - [2026-03-31T14:27:12.221+0000] {dag.py:3036} INFO - Sync 1 DAGs
[2026-03-31T14:27:12.244+0000] {logging_mixin.py:188} INFO - [2026-03-31T14:27:12.244+0000] {dag.py:3823} INFO - Setting next_dagrun for daily_student_pipeline to 2026-03-31 02:00:00+00:00, run_after=2026-04-01 02:00:00+00:00
[2026-03-31T14:27:12.270+0000] {processor.py:183} INFO - Processing /opt/airflow/dags/daily_student_pipeline.py took 0.104 seconds
[2026-03-31T14:27:42.330+0000] {processor.py:161} INFO - Started process (PID=2116) to work on /opt/airflow/dags/daily_student_pipeline.py
[2026-03-31T14:27:42.332+0000] {processor.py:830} INFO - Processing file /opt/airflow/dags/daily_student_pipeline.py for tasks to queue
[2026-03-31T14:27:42.333+0000] {logging_mixin.py:188} INFO - [2026-03-31T14:27:42.332+0000] {dagbag.py:538} INFO - Filling up the DagBag from /opt/airflow/dags/daily_student_pipeline.py
[2026-03-31T14:27:42.357+0000] {processor.py:840} INFO - DAG(s) 'daily_student_pipeline' retrieved from /opt/airflow/dags/daily_student_pipeline.py
[2026-03-31T14:27:42.381+0000] {logging_mixin.py:188} INFO - [2026-03-31T14:27:42.381+0000] {dag.py:3036} INFO - Sync 1 DAGs
[2026-03-31T14:27:42.400+0000] {logging_mixin.py:188} INFO - [2026-03-31T14:27:42.400+0000] {dag.py:3823} INFO - Setting next_dagrun for daily_student_pipeline to 2026-03-31 02:00:00+00:00, run_after=2026-04-01 02:00:00+00:00
[2026-03-31T14:27:42.421+0000] {processor.py:183} INFO - Processing /opt/airflow/dags/daily_student_pipeline.py took 0.093 seconds
[2026-03-31T14:28:13.238+0000] {processor.py:161} INFO - Started process (PID=2137) to work on /opt/airflow/dags/daily_student_pipeline.py
[2026-03-31T14:28:13.239+0000] {processor.py:830} INFO - Processing file /opt/airflow/dags/daily_student_pipeline.py for tasks to queue
[2026-03-31T14:28:13.240+0000] {logging_mixin.py:188} INFO - [2026-03-31T14:28:13.239+0000] {dagbag.py:538} INFO - Filling up the DagBag from /opt/airflow/dags/daily_student_pipeline.py
[2026-03-31T14:28:13.264+0000] {processor.py:840} INFO - DAG(s) 'daily_student_pipeline' retrieved from /opt/airflow/dags/daily_student_pipeline.py
[2026-03-31T14:28:13.294+0000] {logging_mixin.py:188} INFO - [2026-03-31T14:28:13.293+0000] {dag.py:3036} INFO - Sync 1 DAGs
[2026-03-31T14:28:13.316+0000] {logging_mixin.py:188} INFO - [2026-03-31T14:28:13.316+0000] {dag.py:3823} INFO - Setting next_dagrun for daily_student_pipeline to 2026-03-31 02:00:00+00:00, run_after=2026-04-01 02:00:00+00:00
[2026-03-31T14:28:13.333+0000] {processor.py:183} INFO - Processing /opt/airflow/dags/daily_student_pipeline.py took 0.098 seconds
[2026-03-31T14:28:44.142+0000] {processor.py:161} INFO - Started process (PID=2160) to work on /opt/airflow/dags/daily_student_pipeline.py
[2026-03-31T14:28:44.143+0000] {processor.py:830} INFO - Processing file /opt/airflow/dags/daily_student_pipeline.py for tasks to queue
[2026-03-31T14:28:44.144+0000] {logging_mixin.py:188} INFO - [2026-03-31T14:28:44.143+0000] {dagbag.py:538} INFO - Filling up the DagBag from /opt/airflow/dags/daily_student_pipeline.py
[2026-03-31T14:28:44.168+0000] {processor.py:840} INFO - DAG(s) 'daily_student_pipeline' retrieved from /opt/airflow/dags/daily_student_pipeline.py
[2026-03-31T14:28:44.199+0000] {logging_mixin.py:188} INFO - [2026-03-31T14:28:44.198+0000] {dag.py:3036} INFO - Sync 1 DAGs
[2026-03-31T14:28:44.222+0000] {logging_mixin.py:188} INFO - [2026-03-31T14:28:44.222+0000] {dag.py:3823} INFO - Setting next_dagrun for daily_student_pipeline to 2026-03-31 02:00:00+00:00, run_after=2026-04-01 02:00:00+00:00
[2026-03-31T14:28:44.245+0000] {processor.py:183} INFO - Processing /opt/airflow/dags/daily_student_pipeline.py took 0.106 seconds
[2026-03-31T14:29:15.134+0000] {processor.py:161} INFO - Started process (PID=2183) to work on /opt/airflow/dags/daily_student_pipeline.py
[2026-03-31T14:29:15.135+0000] {processor.py:830} INFO - Processing file /opt/airflow/dags/daily_student_pipeline.py for tasks to queue
[2026-03-31T14:29:15.136+0000] {logging_mixin.py:188} INFO - [2026-03-31T14:29:15.136+0000] {dagbag.py:538} INFO - Filling up the DagBag from /opt/airflow/dags/daily_student_pipeline.py
[2026-03-31T14:29:15.155+0000] {processor.py:840} INFO - DAG(s) 'daily_student_pipeline' retrieved from /opt/airflow/dags/daily_student_pipeline.py
[2026-03-31T14:29:15.181+0000] {logging_mixin.py:188} INFO - [2026-03-31T14:29:15.181+0000] {dag.py:3036} INFO - Sync 1 DAGs
[2026-03-31T14:29:15.204+0000] {logging_mixin.py:188} INFO - [2026-03-31T14:29:15.204+0000] {dag.py:3823} INFO - Setting next_dagrun for daily_student_pipeline to 2026-03-31 02:00:00+00:00, run_after=2026-04-01 02:00:00+00:00
[2026-03-31T14:29:15.223+0000] {processor.py:183} INFO - Processing /opt/airflow/dags/daily_student_pipeline.py took 0.091 seconds
[2026-03-31T14:29:46.043+0000] {processor.py:161} INFO - Started process (PID=2206) to work on /opt/airflow/dags/daily_student_pipeline.py
[2026-03-31T14:29:46.045+0000] {processor.py:830} INFO - Processing file /opt/airflow/dags/daily_student_pipeline.py for tasks to queue
[2026-03-31T14:29:46.046+0000] {logging_mixin.py:188} INFO - [2026-03-31T14:29:46.045+0000] {dagbag.py:538} INFO - Filling up the DagBag from /opt/airflow/dags/daily_student_pipeline.py
[2026-03-31T14:29:46.065+0000] {processor.py:840} INFO - DAG(s) 'daily_student_pipeline' retrieved from /opt/airflow/dags/daily_student_pipeline.py
[2026-03-31T14:29:46.093+0000] {logging_mixin.py:188} INFO - [2026-03-31T14:29:46.093+0000] {dag.py:3036} INFO - Sync 1 DAGs
[2026-03-31T14:29:46.117+0000] {logging_mixin.py:188} INFO - [2026-03-31T14:29:46.117+0000] {dag.py:3823} INFO - Setting next_dagrun for daily_student_pipeline to 2026-03-31 02:00:00+00:00, run_after=2026-04-01 02:00:00+00:00
[2026-03-31T14:29:46.138+0000] {processor.py:183} INFO - Processing /opt/airflow/dags/daily_student_pipeline.py took 0.097 seconds
[2026-03-31T14:30:17.053+0000] {processor.py:161} INFO - Started process (PID=2229) to work on /opt/airflow/dags/daily_student_pipeline.py
[2026-03-31T14:30:17.054+0000] {processor.py:830} INFO - Processing file /opt/airflow/dags/daily_student_pipeline.py for tasks to queue
[2026-03-31T14:30:17.055+0000] {logging_mixin.py:188} INFO - [2026-03-31T14:30:17.055+0000] {dagbag.py:538} INFO - Filling up the DagBag from /opt/airflow/dags/daily_student_pipeline.py
[2026-03-31T14:30:17.077+0000] {processor.py:840} INFO - DAG(s) 'daily_student_pipeline' retrieved from /opt/airflow/dags/daily_student_pipeline.py
[2026-03-31T14:30:17.106+0000] {logging_mixin.py:188} INFO - [2026-03-31T14:30:17.106+0000] {dag.py:3036} INFO - Sync 1 DAGs
[2026-03-31T14:30:17.130+0000] {logging_mixin.py:188} INFO - [2026-03-31T14:30:17.130+0000] {dag.py:3823} INFO - Setting next_dagrun for daily_student_pipeline to 2026-03-31 02:00:00+00:00, run_after=2026-04-01 02:00:00+00:00
[2026-03-31T14:30:17.364+0000] {processor.py:183} INFO - Processing /opt/airflow/dags/daily_student_pipeline.py took 0.313 seconds
[2026-03-31T14:30:48.185+0000] {processor.py:161} INFO - Started process (PID=2252) to work on /opt/airflow/dags/daily_student_pipeline.py
[2026-03-31T14:30:48.186+0000] {processor.py:830} INFO - Processing file /opt/airflow/dags/daily_student_pipeline.py for tasks to queue
[2026-03-31T14:30:48.187+0000] {logging_mixin.py:188} INFO - [2026-03-31T14:30:48.186+0000] {dagbag.py:538} INFO - Filling up the DagBag from /opt/airflow/dags/daily_student_pipeline.py
[2026-03-31T14:30:48.207+0000] {processor.py:840} INFO - DAG(s) 'daily_student_pipeline' retrieved from /opt/airflow/dags/daily_student_pipeline.py
[2026-03-31T14:30:48.236+0000] {logging_mixin.py:188} INFO - [2026-03-31T14:30:48.236+0000] {dag.py:3036} INFO - Sync 1 DAGs
[2026-03-31T14:30:48.258+0000] {logging_mixin.py:188} INFO - [2026-03-31T14:30:48.258+0000] {dag.py:3823} INFO - Setting next_dagrun for daily_student_pipeline to 2026-03-31 02:00:00+00:00, run_after=2026-04-01 02:00:00+00:00
[2026-03-31T14:30:48.278+0000] {processor.py:183} INFO - Processing /opt/airflow/dags/daily_student_pipeline.py took 0.096 seconds
[2026-03-31T14:31:19.144+0000] {processor.py:161} INFO - Started process (PID=2275) to work on /opt/airflow/dags/daily_student_pipeline.py
[2026-03-31T14:31:19.145+0000] {processor.py:830} INFO - Processing file /opt/airflow/dags/daily_student_pipeline.py for tasks to queue
[2026-03-31T14:31:19.146+0000] {logging_mixin.py:188} INFO - [2026-03-31T14:31:19.145+0000] {dagbag.py:538} INFO - Filling up the DagBag from /opt/airflow/dags/daily_student_pipeline.py
[2026-03-31T14:31:19.165+0000] {processor.py:840} INFO - DAG(s) 'daily_student_pipeline' retrieved from /opt/airflow/dags/daily_student_pipeline.py
[2026-03-31T14:31:19.193+0000] {logging_mixin.py:188} INFO - [2026-03-31T14:31:19.193+0000] {dag.py:3036} INFO - Sync 1 DAGs
[2026-03-31T14:31:19.216+0000] {logging_mixin.py:188} INFO - [2026-03-31T14:31:19.215+0000] {dag.py:3823} INFO - Setting next_dagrun for daily_student_pipeline to 2026-03-31 02:00:00+00:00, run_after=2026-04-01 02:00:00+00:00
[2026-03-31T14:31:19.236+0000] {processor.py:183} INFO - Processing /opt/airflow/dags/daily_student_pipeline.py took 0.095 seconds
[2026-03-31T14:31:50.225+0000] {processor.py:161} INFO - Started process (PID=2298) to work on /opt/airflow/dags/daily_student_pipeline.py
[2026-03-31T14:31:50.226+0000] {processor.py:830} INFO - Processing file /opt/airflow/dags/daily_student_pipeline.py for tasks to queue
[2026-03-31T14:31:50.227+0000] {logging_mixin.py:188} INFO - [2026-03-31T14:31:50.227+0000] {dagbag.py:538} INFO - Filling up the DagBag from /opt/airflow/dags/daily_student_pipeline.py
[2026-03-31T14:31:50.249+0000] {processor.py:840} INFO - DAG(s) 'daily_student_pipeline' retrieved from /opt/airflow/dags/daily_student_pipeline.py
[2026-03-31T14:31:50.277+0000] {logging_mixin.py:188} INFO - [2026-03-31T14:31:50.276+0000] {dag.py:3036} INFO - Sync 1 DAGs
[2026-03-31T14:31:50.298+0000] {logging_mixin.py:188} INFO - [2026-03-31T14:31:50.298+0000] {dag.py:3823} INFO - Setting next_dagrun for daily_student_pipeline to 2026-03-31 02:00:00+00:00, run_after=2026-04-01 02:00:00+00:00
[2026-03-31T14:31:50.319+0000] {processor.py:183} INFO - Processing /opt/airflow/dags/daily_student_pipeline.py took 0.097 seconds
[2026-03-31T14:32:21.249+0000] {processor.py:161} INFO - Started process (PID=2321) to work on /opt/airflow/dags/daily_student_pipeline.py
[2026-03-31T14:32:21.250+0000] {processor.py:830} INFO - Processing file /opt/airflow/dags/daily_student_pipeline.py for tasks to queue
[2026-03-31T14:32:21.250+0000] {logging_mixin.py:188} INFO - [2026-03-31T14:32:21.250+0000] {dagbag.py:538} INFO - Filling up the DagBag from /opt/airflow/dags/daily_student_pipeline.py
[2026-03-31T14:32:21.271+0000] {processor.py:840} INFO - DAG(s) 'daily_student_pipeline' retrieved from /opt/airflow/dags/daily_student_pipeline.py
[2026-03-31T14:32:21.301+0000] {logging_mixin.py:188} INFO - [2026-03-31T14:32:21.301+0000] {dag.py:3036} INFO - Sync 1 DAGs
[2026-03-31T14:32:21.328+0000] {logging_mixin.py:188} INFO - [2026-03-31T14:32:21.328+0000] {dag.py:3823} INFO - Setting next_dagrun for daily_student_pipeline to 2026-03-31 02:00:00+00:00, run_after=2026-04-01 02:00:00+00:00
[2026-03-31T14:32:21.351+0000] {processor.py:183} INFO - Processing /opt/airflow/dags/daily_student_pipeline.py took 0.105 seconds
[2026-03-31T14:32:52.184+0000] {processor.py:161} INFO - Started process (PID=2344) to work on /opt/airflow/dags/daily_student_pipeline.py
[2026-03-31T14:32:52.185+0000] {processor.py:830} INFO - Processing file /opt/airflow/dags/daily_student_pipeline.py for tasks to queue
[2026-03-31T14:32:52.186+0000] {logging_mixin.py:188} INFO - [2026-03-31T14:32:52.186+0000] {dagbag.py:538} INFO - Filling up the DagBag from /opt/airflow/dags/daily_student_pipeline.py
[2026-03-31T14:32:52.205+0000] {processor.py:840} INFO - DAG(s) 'daily_student_pipeline' retrieved from /opt/airflow/dags/daily_student_pipeline.py
[2026-03-31T14:32:52.230+0000] {logging_mixin.py:188} INFO - [2026-03-31T14:32:52.229+0000] {dag.py:3036} INFO - Sync 1 DAGs
[2026-03-31T14:32:52.250+0000] {logging_mixin.py:188} INFO - [2026-03-31T14:32:52.249+0000] {dag.py:3823} INFO - Setting next_dagrun for daily_student_pipeline to 2026-03-31 02:00:00+00:00, run_after=2026-04-01 02:00:00+00:00
[2026-03-31T14:32:52.267+0000] {processor.py:183} INFO - Processing /opt/airflow/dags/daily_student_pipeline.py took 0.085 seconds
[2026-03-31T14:33:23.175+0000] {processor.py:161} INFO - Started process (PID=2367) to work on /opt/airflow/dags/daily_student_pipeline.py
[2026-03-31T14:33:23.176+0000] {processor.py:830} INFO - Processing file /opt/airflow/dags/daily_student_pipeline.py for tasks to queue
[2026-03-31T14:33:23.177+0000] {logging_mixin.py:188} INFO - [2026-03-31T14:33:23.177+0000] {dagbag.py:538} INFO - Filling up the DagBag from /opt/airflow/dags/daily_student_pipeline.py
[2026-03-31T14:33:23.200+0000] {processor.py:840} INFO - DAG(s) 'daily_student_pipeline' retrieved from /opt/airflow/dags/daily_student_pipeline.py
[2026-03-31T14:33:23.229+0000] {logging_mixin.py:188} INFO - [2026-03-31T14:33:23.229+0000] {dag.py:3036} INFO - Sync 1 DAGs
[2026-03-31T14:33:23.252+0000] {logging_mixin.py:188} INFO - [2026-03-31T14:33:23.252+0000] {dag.py:3823} INFO - Setting next_dagrun for daily_student_pipeline to 2026-03-31 02:00:00+00:00, run_after=2026-04-01 02:00:00+00:00
[2026-03-31T14:33:23.273+0000] {processor.py:183} INFO - Processing /opt/airflow/dags/daily_student_pipeline.py took 0.101 seconds
[2026-03-31T14:33:54.147+0000] {processor.py:161} INFO - Started process (PID=2382) to work on /opt/airflow/dags/daily_student_pipeline.py
[2026-03-31T14:33:54.149+0000] {processor.py:830} INFO - Processing file /opt/airflow/dags/daily_student_pipeline.py for tasks to queue
[2026-03-31T14:33:54.150+0000] {logging_mixin.py:188} INFO - [2026-03-31T14:33:54.150+0000] {dagbag.py:538} INFO - Filling up the DagBag from /opt/airflow/dags/daily_student_pipeline.py
[2026-03-31T14:33:54.179+0000] {processor.py:840} INFO - DAG(s) 'daily_student_pipeline' retrieved from /opt/airflow/dags/daily_student_pipeline.py
[2026-03-31T14:33:54.207+0000] {logging_mixin.py:188} INFO - [2026-03-31T14:33:54.207+0000] {dag.py:3036} INFO - Sync 1 DAGs
[2026-03-31T14:33:54.228+0000] {logging_mixin.py:188} INFO - [2026-03-31T14:33:54.228+0000] {dag.py:3823} INFO - Setting next_dagrun for daily_student_pipeline to 2026-03-31 02:00:00+00:00, run_after=2026-04-01 02:00:00+00:00
[2026-03-31T14:33:54.249+0000] {processor.py:183} INFO - Processing /opt/airflow/dags/daily_student_pipeline.py took 0.108 seconds
[2026-03-31T14:34:25.195+0000] {processor.py:161} INFO - Started process (PID=2405) to work on /opt/airflow/dags/daily_student_pipeline.py
[2026-03-31T14:34:25.196+0000] {processor.py:830} INFO - Processing file /opt/airflow/dags/daily_student_pipeline.py for tasks to queue
[2026-03-31T14:34:25.197+0000] {logging_mixin.py:188} INFO - [2026-03-31T14:34:25.197+0000] {dagbag.py:538} INFO - Filling up the DagBag from /opt/airflow/dags/daily_student_pipeline.py
[2026-03-31T14:34:25.221+0000] {processor.py:840} INFO - DAG(s) 'daily_student_pipeline' retrieved from /opt/airflow/dags/daily_student_pipeline.py
[2026-03-31T14:34:25.248+0000] {logging_mixin.py:188} INFO - [2026-03-31T14:34:25.248+0000] {dag.py:3036} INFO - Sync 1 DAGs
[2026-03-31T14:34:25.269+0000] {logging_mixin.py:188} INFO - [2026-03-31T14:34:25.268+0000] {dag.py:3823} INFO - Setting next_dagrun for daily_student_pipeline to 2026-03-31 02:00:00+00:00, run_after=2026-04-01 02:00:00+00:00
[2026-03-31T14:34:25.287+0000] {processor.py:183} INFO - Processing /opt/airflow/dags/daily_student_pipeline.py took 0.095 seconds
[2026-03-31T14:34:56.147+0000] {processor.py:161} INFO - Started process (PID=2428) to work on /opt/airflow/dags/daily_student_pipeline.py
[2026-03-31T14:34:56.148+0000] {processor.py:830} INFO - Processing file /opt/airflow/dags/daily_student_pipeline.py for tasks to queue
[2026-03-31T14:34:56.149+0000] {logging_mixin.py:188} INFO - [2026-03-31T14:34:56.149+0000] {dagbag.py:538} INFO - Filling up the DagBag from /opt/airflow/dags/daily_student_pipeline.py
[2026-03-31T14:34:56.186+0000] {processor.py:840} INFO - DAG(s) 'daily_student_pipeline' retrieved from /opt/airflow/dags/daily_student_pipeline.py
[2026-03-31T14:34:56.221+0000] {logging_mixin.py:188} INFO - [2026-03-31T14:34:56.221+0000] {dag.py:3036} INFO - Sync 1 DAGs
[2026-03-31T14:34:56.243+0000] {logging_mixin.py:188} INFO - [2026-03-31T14:34:56.243+0000] {dag.py:3823} INFO - Setting next_dagrun for daily_student_pipeline to 2026-03-31 02:00:00+00:00, run_after=2026-04-01 02:00:00+00:00
[2026-03-31T14:34:56.262+0000] {processor.py:183} INFO - Processing /opt/airflow/dags/daily_student_pipeline.py took 0.118 seconds
[2026-03-31T14:35:27.175+0000] {processor.py:161} INFO - Started process (PID=2451) to work on /opt/airflow/dags/daily_student_pipeline.py
[2026-03-31T14:35:27.176+0000] {processor.py:830} INFO - Processing file /opt/airflow/dags/daily_student_pipeline.py for tasks to queue
[2026-03-31T14:35:27.177+0000] {logging_mixin.py:188} INFO - [2026-03-31T14:35:27.177+0000] {dagbag.py:538} INFO - Filling up the DagBag from /opt/airflow/dags/daily_student_pipeline.py
[2026-03-31T14:35:27.199+0000] {processor.py:840} INFO - DAG(s) 'daily_student_pipeline' retrieved from /opt/airflow/dags/daily_student_pipeline.py
[2026-03-31T14:35:27.227+0000] {logging_mixin.py:188} INFO - [2026-03-31T14:35:27.227+0000] {dag.py:3036} INFO - Sync 1 DAGs
[2026-03-31T14:35:27.249+0000] {logging_mixin.py:188} INFO - [2026-03-31T14:35:27.249+0000] {dag.py:3823} INFO - Setting next_dagrun for daily_student_pipeline to 2026-03-31 02:00:00+00:00, run_after=2026-04-01 02:00:00+00:00
[2026-03-31T14:35:27.268+0000] {processor.py:183} INFO - Processing /opt/airflow/dags/daily_student_pipeline.py took 0.095 seconds
[2026-03-31T14:35:58.157+0000] {processor.py:161} INFO - Started process (PID=2474) to work on /opt/airflow/dags/daily_student_pipeline.py
[2026-03-31T14:35:58.158+0000] {processor.py:830} INFO - Processing file /opt/airflow/dags/daily_student_pipeline.py for tasks to queue
[2026-03-31T14:35:58.159+0000] {logging_mixin.py:188} INFO - [2026-03-31T14:35:58.159+0000] {dagbag.py:538} INFO - Filling up the DagBag from /opt/airflow/dags/daily_student_pipeline.py
[2026-03-31T14:35:58.185+0000] {processor.py:840} INFO - DAG(s) 'daily_student_pipeline' retrieved from /opt/airflow/dags/daily_student_pipeline.py
[2026-03-31T14:35:58.223+0000] {logging_mixin.py:188} INFO - [2026-03-31T14:35:58.223+0000] {dag.py:3036} INFO - Sync 1 DAGs
[2026-03-31T14:35:58.246+0000] {logging_mixin.py:188} INFO - [2026-03-31T14:35:58.245+0000] {dag.py:3823} INFO - Setting next_dagrun for daily_student_pipeline to 2026-03-31 02:00:00+00:00, run_after=2026-04-01 02:00:00+00:00
[2026-03-31T14:35:58.266+0000] {processor.py:183} INFO - Processing /opt/airflow/dags/daily_student_pipeline.py took 0.112 seconds
[2026-03-31T14:36:29.147+0000] {processor.py:161} INFO - Started process (PID=2497) to work on /opt/airflow/dags/daily_student_pipeline.py
[2026-03-31T14:36:29.148+0000] {processor.py:830} INFO - Processing file /opt/airflow/dags/daily_student_pipeline.py for tasks to queue
[2026-03-31T14:36:29.150+0000] {logging_mixin.py:188} INFO - [2026-03-31T14:36:29.149+0000] {dagbag.py:538} INFO - Filling up the DagBag from /opt/airflow/dags/daily_student_pipeline.py
[2026-03-31T14:36:29.185+0000] {processor.py:840} INFO - DAG(s) 'daily_student_pipeline' retrieved from /opt/airflow/dags/daily_student_pipeline.py
[2026-03-31T14:36:29.229+0000] {logging_mixin.py:188} INFO - [2026-03-31T14:36:29.228+0000] {dag.py:3036} INFO - Sync 1 DAGs
[2026-03-31T14:36:29.274+0000] {logging_mixin.py:188} INFO - [2026-03-31T14:36:29.273+0000] {dag.py:3823} INFO - Setting next_dagrun for daily_student_pipeline to 2026-03-31 02:00:00+00:00, run_after=2026-04-01 02:00:00+00:00
[2026-03-31T14:36:29.321+0000] {processor.py:183} INFO - Processing /opt/airflow/dags/daily_student_pipeline.py took 0.177 seconds
[2026-03-31T14:36:59.450+0000] {processor.py:161} INFO - Started process (PID=2520) to work on /opt/airflow/dags/daily_student_pipeline.py
[2026-03-31T14:36:59.451+0000] {processor.py:830} INFO - Processing file /opt/airflow/dags/daily_student_pipeline.py for tasks to queue
[2026-03-31T14:36:59.452+0000] {logging_mixin.py:188} INFO - [2026-03-31T14:36:59.452+0000] {dagbag.py:538} INFO - Filling up the DagBag from /opt/airflow/dags/daily_student_pipeline.py
[2026-03-31T14:36:59.475+0000] {processor.py:840} INFO - DAG(s) 'daily_student_pipeline' retrieved from /opt/airflow/dags/daily_student_pipeline.py
[2026-03-31T14:36:59.509+0000] {logging_mixin.py:188} INFO - [2026-03-31T14:36:59.509+0000] {dag.py:3036} INFO - Sync 1 DAGs
[2026-03-31T14:36:59.533+0000] {logging_mixin.py:188} INFO - [2026-03-31T14:36:59.533+0000] {dag.py:3823} INFO - Setting next_dagrun for daily_student_pipeline to 2026-03-31 02:00:00+00:00, run_after=2026-04-01 02:00:00+00:00
[2026-03-31T14:36:59.556+0000] {processor.py:183} INFO - Processing /opt/airflow/dags/daily_student_pipeline.py took 0.109 seconds
[2026-03-31T14:37:29.719+0000] {processor.py:161} INFO - Started process (PID=2545) to work on /opt/airflow/dags/daily_student_pipeline.py
[2026-03-31T14:37:29.721+0000] {processor.py:830} INFO - Processing file /opt/airflow/dags/daily_student_pipeline.py for tasks to queue
[2026-03-31T14:37:29.722+0000] {logging_mixin.py:188} INFO - [2026-03-31T14:37:29.721+0000] {dagbag.py:538} INFO - Filling up the DagBag from /opt/airflow/dags/daily_student_pipeline.py
[2026-03-31T14:37:29.747+0000] {processor.py:840} INFO - DAG(s) 'daily_student_pipeline' retrieved from /opt/airflow/dags/daily_student_pipeline.py
[2026-03-31T14:37:29.784+0000] {logging_mixin.py:188} INFO - [2026-03-31T14:37:29.784+0000] {dag.py:3036} INFO - Sync 1 DAGs
[2026-03-31T14:37:29.816+0000] {logging_mixin.py:188} INFO - [2026-03-31T14:37:29.815+0000] {dag.py:3823} INFO - Setting next_dagrun for daily_student_pipeline to 2026-03-31 02:00:00+00:00, run_after=2026-04-01 02:00:00+00:00
[2026-03-31T14:37:29.845+0000] {processor.py:183} INFO - Processing /opt/airflow/dags/daily_student_pipeline.py took 0.129 seconds
[2026-03-31T14:37:59.950+0000] {processor.py:161} INFO - Started process (PID=2568) to work on /opt/airflow/dags/daily_student_pipeline.py
[2026-03-31T14:37:59.952+0000] {processor.py:830} INFO - Processing file /opt/airflow/dags/daily_student_pipeline.py for tasks to queue
[2026-03-31T14:37:59.953+0000] {logging_mixin.py:188} INFO - [2026-03-31T14:37:59.952+0000] {dagbag.py:538} INFO - Filling up the DagBag from /opt/airflow/dags/daily_student_pipeline.py
[2026-03-31T14:37:59.975+0000] {processor.py:840} INFO - DAG(s) 'daily_student_pipeline' retrieved from /opt/airflow/dags/daily_student_pipeline.py
[2026-03-31T14:38:00.003+0000] {logging_mixin.py:188} INFO - [2026-03-31T14:38:00.002+0000] {dag.py:3036} INFO - Sync 1 DAGs
[2026-03-31T14:38:00.022+0000] {logging_mixin.py:188} INFO - [2026-03-31T14:38:00.022+0000] {dag.py:3823} INFO - Setting next_dagrun for daily_student_pipeline to 2026-03-31 02:00:00+00:00, run_after=2026-04-01 02:00:00+00:00
[2026-03-31T14:38:00.043+0000] {processor.py:183} INFO - Processing /opt/airflow/dags/daily_student_pipeline.py took 0.096 seconds
[2026-03-31T14:38:30.887+0000] {processor.py:161} INFO - Started process (PID=2589) to work on /opt/airflow/dags/daily_student_pipeline.py
[2026-03-31T14:38:30.888+0000] {processor.py:830} INFO - Processing file /opt/airflow/dags/daily_student_pipeline.py for tasks to queue
[2026-03-31T14:38:30.889+0000] {logging_mixin.py:188} INFO - [2026-03-31T14:38:30.888+0000] {dagbag.py:538} INFO - Filling up the DagBag from /opt/airflow/dags/daily_student_pipeline.py
[2026-03-31T14:38:30.910+0000] {processor.py:840} INFO - DAG(s) 'daily_student_pipeline' retrieved from /opt/airflow/dags/daily_student_pipeline.py
[2026-03-31T14:38:30.935+0000] {logging_mixin.py:188} INFO - [2026-03-31T14:38:30.935+0000] {dag.py:3036} INFO - Sync 1 DAGs
[2026-03-31T14:38:30.955+0000] {logging_mixin.py:188} INFO - [2026-03-31T14:38:30.955+0000] {dag.py:3823} INFO - Setting next_dagrun for daily_student_pipeline to 2026-03-31 02:00:00+00:00, run_after=2026-04-01 02:00:00+00:00
[2026-03-31T14:38:30.977+0000] {processor.py:183} INFO - Processing /opt/airflow/dags/daily_student_pipeline.py took 0.093 seconds
[2026-03-31T14:39:01.168+0000] {processor.py:161} INFO - Started process (PID=2606) to work on /opt/airflow/dags/daily_student_pipeline.py
[2026-03-31T14:39:01.169+0000] {processor.py:830} INFO - Processing file /opt/airflow/dags/daily_student_pipeline.py for tasks to queue
[2026-03-31T14:39:01.170+0000] {logging_mixin.py:188} INFO - [2026-03-31T14:39:01.170+0000] {dagbag.py:538} INFO - Filling up the DagBag from /opt/airflow/dags/daily_student_pipeline.py
[2026-03-31T14:39:01.188+0000] {processor.py:840} INFO - DAG(s) 'daily_student_pipeline' retrieved from /opt/airflow/dags/daily_student_pipeline.py
[2026-03-31T14:39:01.214+0000] {logging_mixin.py:188} INFO - [2026-03-31T14:39:01.214+0000] {dag.py:3036} INFO - Sync 1 DAGs
[2026-03-31T14:39:01.233+0000] {logging_mixin.py:188} INFO - [2026-03-31T14:39:01.233+0000] {dag.py:3823} INFO - Setting next_dagrun for daily_student_pipeline to 2026-03-31 02:00:00+00:00, run_after=2026-04-01 02:00:00+00:00
[2026-03-31T14:39:01.252+0000] {processor.py:183} INFO - Processing /opt/airflow/dags/daily_student_pipeline.py took 0.086 seconds
[2026-03-31T14:39:32.257+0000] {processor.py:161} INFO - Started process (PID=2627) to work on /opt/airflow/dags/daily_student_pipeline.py
[2026-03-31T14:39:32.262+0000] {processor.py:830} INFO - Processing file /opt/airflow/dags/daily_student_pipeline.py for tasks to queue
[2026-03-31T14:39:32.264+0000] {logging_mixin.py:188} INFO - [2026-03-31T14:39:32.263+0000] {dagbag.py:538} INFO - Filling up the DagBag from /opt/airflow/dags/daily_student_pipeline.py
[2026-03-31T14:39:32.321+0000] {processor.py:840} INFO - DAG(s) 'daily_student_pipeline' retrieved from /opt/airflow/dags/daily_student_pipeline.py
[2026-03-31T14:39:32.381+0000] {logging_mixin.py:188} INFO - [2026-03-31T14:39:32.381+0000] {dag.py:3036} INFO - Sync 1 DAGs
[2026-03-31T14:39:32.412+0000] {logging_mixin.py:188} INFO - [2026-03-31T14:39:32.412+0000] {dag.py:3823} INFO - Setting next_dagrun for daily_student_pipeline to 2026-03-31 02:00:00+00:00, run_after=2026-04-01 02:00:00+00:00
[2026-03-31T14:39:32.437+0000] {processor.py:183} INFO - Processing /opt/airflow/dags/daily_student_pipeline.py took 0.184 seconds
[2026-03-31T14:40:03.317+0000] {processor.py:161} INFO - Started process (PID=2650) to work on /opt/airflow/dags/daily_student_pipeline.py
[2026-03-31T14:40:03.318+0000] {processor.py:830} INFO - Processing file /opt/airflow/dags/daily_student_pipeline.py for tasks to queue
[2026-03-31T14:40:03.319+0000] {logging_mixin.py:188} INFO - [2026-03-31T14:40:03.319+0000] {dagbag.py:538} INFO - Filling up the DagBag from /opt/airflow/dags/daily_student_pipeline.py
[2026-03-31T14:40:03.345+0000] {processor.py:840} INFO - DAG(s) 'daily_student_pipeline' retrieved from /opt/airflow/dags/daily_student_pipeline.py
[2026-03-31T14:40:03.377+0000] {logging_mixin.py:188} INFO - [2026-03-31T14:40:03.377+0000] {dag.py:3036} INFO - Sync 1 DAGs
[2026-03-31T14:40:03.407+0000] {logging_mixin.py:188} INFO - [2026-03-31T14:40:03.407+0000] {dag.py:3823} INFO - Setting next_dagrun for daily_student_pipeline to 2026-03-31 02:00:00+00:00, run_after=2026-04-01 02:00:00+00:00
[2026-03-31T14:40:03.428+0000] {processor.py:183} INFO - Processing /opt/airflow/dags/daily_student_pipeline.py took 0.113 seconds
[2026-03-31T14:40:35.397+0000] {processor.py:161} INFO - Started process (PID=2673) to work on /opt/airflow/dags/daily_student_pipeline.py
[2026-03-31T14:40:35.398+0000] {processor.py:830} INFO - Processing file /opt/airflow/dags/daily_student_pipeline.py for tasks to queue
[2026-03-31T14:40:35.399+0000] {logging_mixin.py:188} INFO - [2026-03-31T14:40:35.398+0000] {dagbag.py:538} INFO - Filling up the DagBag from /opt/airflow/dags/daily_student_pipeline.py
[2026-03-31T14:40:35.424+0000] {processor.py:840} INFO - DAG(s) 'daily_student_pipeline' retrieved from /opt/airflow/dags/daily_student_pipeline.py
[2026-03-31T14:40:35.455+0000] {logging_mixin.py:188} INFO - [2026-03-31T14:40:35.454+0000] {dag.py:3036} INFO - Sync 1 DAGs
[2026-03-31T14:40:35.478+0000] {logging_mixin.py:188} INFO - [2026-03-31T14:40:35.478+0000] {dag.py:3823} INFO - Setting next_dagrun for daily_student_pipeline to 2026-03-31 02:00:00+00:00, run_after=2026-04-01 02:00:00+00:00
[2026-03-31T14:40:35.504+0000] {processor.py:183} INFO - Processing /opt/airflow/dags/daily_student_pipeline.py took 0.111 seconds
[2026-03-31T14:41:06.560+0000] {processor.py:161} INFO - Started process (PID=2696) to work on /opt/airflow/dags/daily_student_pipeline.py
[2026-03-31T14:41:06.561+0000] {processor.py:830} INFO - Processing file /opt/airflow/dags/daily_student_pipeline.py for tasks to queue
[2026-03-31T14:41:06.562+0000] {logging_mixin.py:188} INFO - [2026-03-31T14:41:06.562+0000] {dagbag.py:538} INFO - Filling up the DagBag from /opt/airflow/dags/daily_student_pipeline.py
[2026-03-31T14:41:06.593+0000] {processor.py:840} INFO - DAG(s) 'daily_student_pipeline' retrieved from /opt/airflow/dags/daily_student_pipeline.py
[2026-03-31T14:41:06.620+0000] {logging_mixin.py:188} INFO - [2026-03-31T14:41:06.619+0000] {dag.py:3036} INFO - Sync 1 DAGs
[2026-03-31T14:41:06.643+0000] {logging_mixin.py:188} INFO - [2026-03-31T14:41:06.642+0000] {dag.py:3823} INFO - Setting next_dagrun for daily_student_pipeline to 2026-03-31 02:00:00+00:00, run_after=2026-04-01 02:00:00+00:00
[2026-03-31T14:41:06.665+0000] {processor.py:183} INFO - Processing /opt/airflow/dags/daily_student_pipeline.py took 0.108 seconds
[2026-03-31T14:41:38.688+0000] {processor.py:161} INFO - Started process (PID=2719) to work on /opt/airflow/dags/daily_student_pipeline.py
[2026-03-31T14:41:38.689+0000] {processor.py:830} INFO - Processing file /opt/airflow/dags/daily_student_pipeline.py for tasks to queue
[2026-03-31T14:41:38.690+0000] {logging_mixin.py:188} INFO - [2026-03-31T14:41:38.689+0000] {dagbag.py:538} INFO - Filling up the DagBag from /opt/airflow/dags/daily_student_pipeline.py
[2026-03-31T14:41:38.711+0000] {processor.py:840} INFO - DAG(s) 'daily_student_pipeline' retrieved from /opt/airflow/dags/daily_student_pipeline.py
[2026-03-31T14:41:38.740+0000] {logging_mixin.py:188} INFO - [2026-03-31T14:41:38.740+0000] {dag.py:3036} INFO - Sync 1 DAGs
[2026-03-31T14:41:38.765+0000] {logging_mixin.py:188} INFO - [2026-03-31T14:41:38.764+0000] {dag.py:3823} INFO - Setting next_dagrun for daily_student_pipeline to 2026-03-31 02:00:00+00:00, run_after=2026-04-01 02:00:00+00:00
[2026-03-31T14:41:38.789+0000] {processor.py:183} INFO - Processing /opt/airflow/dags/daily_student_pipeline.py took 0.104 seconds
[2026-03-31T14:42:09.848+0000] {processor.py:161} INFO - Started process (PID=2742) to work on /opt/airflow/dags/daily_student_pipeline.py
[2026-03-31T14:42:09.849+0000] {processor.py:830} INFO - Processing file /opt/airflow/dags/daily_student_pipeline.py for tasks to queue
[2026-03-31T14:42:09.850+0000] {logging_mixin.py:188} INFO - [2026-03-31T14:42:09.850+0000] {dagbag.py:538} INFO - Filling up the DagBag from /opt/airflow/dags/daily_student_pipeline.py
[2026-03-31T14:42:09.871+0000] {processor.py:840} INFO - DAG(s) 'daily_student_pipeline' retrieved from /opt/airflow/dags/daily_student_pipeline.py
[2026-03-31T14:42:09.905+0000] {logging_mixin.py:188} INFO - [2026-03-31T14:42:09.905+0000] {dag.py:3036} INFO - Sync 1 DAGs
[2026-03-31T14:42:09.928+0000] {logging_mixin.py:188} INFO - [2026-03-31T14:42:09.928+0000] {dag.py:3823} INFO - Setting next_dagrun for daily_student_pipeline to 2026-03-31 02:00:00+00:00, run_after=2026-04-01 02:00:00+00:00
[2026-03-31T14:42:09.948+0000] {processor.py:183} INFO - Processing /opt/airflow/dags/daily_student_pipeline.py took 0.103 seconds
[2026-03-31T14:42:41.867+0000] {processor.py:161} INFO - Started process (PID=2765) to work on /opt/airflow/dags/daily_student_pipeline.py
[2026-03-31T14:42:41.868+0000] {processor.py:830} INFO - Processing file /opt/airflow/dags/daily_student_pipeline.py for tasks to queue
[2026-03-31T14:42:41.869+0000] {logging_mixin.py:188} INFO - [2026-03-31T14:42:41.869+0000] {dagbag.py:538} INFO - Filling up the DagBag from /opt/airflow/dags/daily_student_pipeline.py
[2026-03-31T14:42:41.893+0000] {processor.py:840} INFO - DAG(s) 'daily_student_pipeline' retrieved from /opt/airflow/dags/daily_student_pipeline.py
[2026-03-31T14:42:41.921+0000] {logging_mixin.py:188} INFO - [2026-03-31T14:42:41.921+0000] {dag.py:3036} INFO - Sync 1 DAGs
[2026-03-31T14:42:41.943+0000] {logging_mixin.py:188} INFO - [2026-03-31T14:42:41.943+0000] {dag.py:3823} INFO - Setting next_dagrun for daily_student_pipeline to 2026-03-31 02:00:00+00:00, run_after=2026-04-01 02:00:00+00:00
[2026-03-31T14:42:41.965+0000] {processor.py:183} INFO - Processing /opt/airflow/dags/daily_student_pipeline.py took 0.101 seconds
[2026-03-31T14:43:12.087+0000] {processor.py:161} INFO - Started process (PID=2788) to work on /opt/airflow/dags/daily_student_pipeline.py
[2026-03-31T14:43:12.088+0000] {processor.py:830} INFO - Processing file /opt/airflow/dags/daily_student_pipeline.py for tasks to queue
[2026-03-31T14:43:12.089+0000] {logging_mixin.py:188} INFO - [2026-03-31T14:43:12.089+0000] {dagbag.py:538} INFO - Filling up the DagBag from /opt/airflow/dags/daily_student_pipeline.py
[2026-03-31T14:43:12.125+0000] {processor.py:840} INFO - DAG(s) 'daily_student_pipeline' retrieved from /opt/airflow/dags/daily_student_pipeline.py
[2026-03-31T14:43:12.161+0000] {logging_mixin.py:188} INFO - [2026-03-31T14:43:12.161+0000] {dag.py:3036} INFO - Sync 1 DAGs
[2026-03-31T14:43:12.186+0000] {logging_mixin.py:188} INFO - [2026-03-31T14:43:12.185+0000] {dag.py:3823} INFO - Setting next_dagrun for daily_student_pipeline to 2026-03-31 02:00:00+00:00, run_after=2026-04-01 02:00:00+00:00
[2026-03-31T14:43:13.208+0000] {processor.py:183} INFO - Processing /opt/airflow/dags/daily_student_pipeline.py took 0.123 seconds
[2026-03-31T14:43:45.283+0000] {processor.py:161} INFO - Started process (PID=2811) to work on /opt/airflow/dags/daily_student_pipeline.py
[2026-03-31T14:43:45.284+0000] {processor.py:830} INFO - Processing file /opt/airflow/dags/daily_student_pipeline.py for tasks to queue
[2026-03-31T14:43:45.285+0000] {logging_mixin.py:188} INFO - [2026-03-31T14:43:45.285+0000] {dagbag.py:538} INFO - Filling up the DagBag from /opt/airflow/dags/daily_student_pipeline.py
[2026-03-31T14:43:45.308+0000] {processor.py:840} INFO - DAG(s) 'daily_student_pipeline' retrieved from /opt/airflow/dags/daily_student_pipeline.py
[2026-03-31T14:43:45.340+0000] {logging_mixin.py:188} INFO - [2026-03-31T14:43:45.340+0000] {dag.py:3036} INFO - Sync 1 DAGs
[2026-03-31T14:43:45.370+0000] {logging_mixin.py:188} INFO - [2026-03-31T14:43:45.370+0000] {dag.py:3823} INFO - Setting next_dagrun for daily_student_pipeline to 2026-03-31 02:00:00+00:00, run_after=2026-04-01 02:00:00+00:00
[2026-03-31T14:43:45.394+0000] {processor.py:183} INFO - Processing /opt/airflow/dags/daily_student_pipeline.py took 0.114 seconds
[2026-03-31T14:44:17.230+0000] {processor.py:161} INFO - Started process (PID=2834) to work on /opt/airflow/dags/daily_student_pipeline.py
[2026-03-31T14:44:17.231+0000] {processor.py:830} INFO - Processing file /opt/airflow/dags/daily_student_pipeline.py for tasks to queue
[2026-03-31T14:44:17.233+0000] {logging_mixin.py:188} INFO - [2026-03-31T14:44:17.232+0000] {dagbag.py:538} INFO - Filling up the DagBag from /opt/airflow/dags/daily_student_pipeline.py
[2026-03-31T14:44:17.259+0000] {processor.py:840} INFO - DAG(s) 'daily_student_pipeline' retrieved from /opt/airflow/dags/daily_student_pipeline.py
[2026-03-31T14:44:17.290+0000] {logging_mixin.py:188} INFO - [2026-03-31T14:44:17.290+0000] {dag.py:3036} INFO - Sync 1 DAGs
[2026-03-31T14:44:17.317+0000] {logging_mixin.py:188} INFO - [2026-03-31T14:44:17.317+0000] {dag.py:3823} INFO - Setting next_dagrun for daily_student_pipeline to 2026-03-31 02:00:00+00:00, run_after=2026-04-01 02:00:00+00:00
[2026-03-31T14:44:17.342+0000] {processor.py:183} INFO - Processing /opt/airflow/dags/daily_student_pipeline.py took 0.115 seconds
[2026-03-31T14:44:48.369+0000] {processor.py:161} INFO - Started process (PID=2857) to work on /opt/airflow/dags/daily_student_pipeline.py
[2026-03-31T14:44:48.370+0000] {processor.py:830} INFO - Processing file /opt/airflow/dags/daily_student_pipeline.py for tasks to queue
[2026-03-31T14:44:48.371+0000] {logging_mixin.py:188} INFO - [2026-03-31T14:44:48.370+0000] {dagbag.py:538} INFO - Filling up the DagBag from /opt/airflow/dags/daily_student_pipeline.py
[2026-03-31T14:44:48.396+0000] {processor.py:840} INFO - DAG(s) 'daily_student_pipeline' retrieved from /opt/airflow/dags/daily_student_pipeline.py
[2026-03-31T14:44:48.425+0000] {logging_mixin.py:188} INFO - [2026-03-31T14:44:48.425+0000] {dag.py:3036} INFO - Sync 1 DAGs
[2026-03-31T14:44:48.448+0000] {logging_mixin.py:188} INFO - [2026-03-31T14:44:48.448+0000] {dag.py:3823} INFO - Setting next_dagrun for daily_student_pipeline to 2026-03-31 02:00:00+00:00, run_after=2026-04-01 02:00:00+00:00
[2026-03-31T14:44:48.471+0000] {processor.py:183} INFO - Processing /opt/airflow/dags/daily_student_pipeline.py took 0.105 seconds
[2026-03-31T14:45:20.499+0000] {processor.py:161} INFO - Started process (PID=2880) to work on /opt/airflow/dags/daily_student_pipeline.py
[2026-03-31T14:45:20.500+0000] {processor.py:830} INFO - Processing file /opt/airflow/dags/daily_student_pipeline.py for tasks to queue
[2026-03-31T14:45:20.501+0000] {logging_mixin.py:188} INFO - [2026-03-31T14:45:20.501+0000] {dagbag.py:538} INFO - Filling up the DagBag from /opt/airflow/dags/daily_student_pipeline.py
[2026-03-31T14:45:20.534+0000] {processor.py:840} INFO - DAG(s) 'daily_student_pipeline' retrieved from /opt/airflow/dags/daily_student_pipeline.py
[2026-03-31T14:45:20.567+0000] {logging_mixin.py:188} INFO - [2026-03-31T14:45:20.566+0000] {dag.py:3036} INFO - Sync 1 DAGs
[2026-03-31T14:45:20.592+0000] {logging_mixin.py:188} INFO - [2026-03-31T14:45:20.592+0000] {dag.py:3823} INFO - Setting next_dagrun for daily_student_pipeline to 2026-03-31 02:00:00+00:00, run_after=2026-04-01 02:00:00+00:00
[2026-03-31T14:45:20.615+0000] {processor.py:183} INFO - Processing /opt/airflow/dags/daily_student_pipeline.py took 0.118 seconds
[2026-03-31T14:45:50.750+0000] {processor.py:161} INFO - Started process (PID=2903) to work on /opt/airflow/dags/daily_student_pipeline.py
[2026-03-31T14:45:50.751+0000] {processor.py:830} INFO - Processing file /opt/airflow/dags/daily_student_pipeline.py for tasks to queue
[2026-03-31T14:45:50.752+0000] {logging_mixin.py:188} INFO - [2026-03-31T14:45:50.752+0000] {dagbag.py:538} INFO - Filling up the DagBag from /opt/airflow/dags/daily_student_pipeline.py
[2026-03-31T14:45:51.747+0000] {processor.py:840} INFO - DAG(s) 'daily_student_pipeline' retrieved from /opt/airflow/dags/daily_student_pipeline.py
[2026-03-31T14:45:51.776+0000] {logging_mixin.py:188} INFO - [2026-03-31T14:45:51.776+0000] {dag.py:3036} INFO - Sync 1 DAGs
[2026-03-31T14:45:51.797+0000] {logging_mixin.py:188} INFO - [2026-03-31T14:45:51.797+0000] {dag.py:3823} INFO - Setting next_dagrun for daily_student_pipeline to 2026-03-31 02:00:00+00:00, run_after=2026-04-01 02:00:00+00:00
[2026-03-31T14:45:51.818+0000] {processor.py:183} INFO - Processing /opt/airflow/dags/daily_student_pipeline.py took 0.105 seconds
[2026-03-31T14:46:23.785+0000] {processor.py:161} INFO - Started process (PID=2926) to work on /opt/airflow/dags/daily_student_pipeline.py
[2026-03-31T14:46:23.786+0000] {processor.py:830} INFO - Processing file /opt/airflow/dags/daily_student_pipeline.py for tasks to queue
[2026-03-31T14:46:23.787+0000] {logging_mixin.py:188} INFO - [2026-03-31T14:46:23.787+0000] {dagbag.py:538} INFO - Filling up the DagBag from /opt/airflow/dags/daily_student_pipeline.py
[2026-03-31T14:46:23.816+0000] {processor.py:840} INFO - DAG(s) 'daily_student_pipeline' retrieved from /opt/airflow/dags/daily_student_pipeline.py
[2026-03-31T14:46:23.844+0000] {logging_mixin.py:188} INFO - [2026-03-31T14:46:23.844+0000] {dag.py:3036} INFO - Sync 1 DAGs
[2026-03-31T14:46:23.871+0000] {logging_mixin.py:188} INFO - [2026-03-31T14:46:23.871+0000] {dag.py:3823} INFO - Setting next_dagrun for daily_student_pipeline to 2026-03-31 02:00:00+00:00, run_after=2026-04-01 02:00:00+00:00
[2026-03-31T14:46:23.899+0000] {processor.py:183} INFO - Processing /opt/airflow/dags/daily_student_pipeline.py took 0.116 seconds
[2026-03-31T14:46:53.953+0000] {processor.py:161} INFO - Started process (PID=2941) to work on /opt/airflow/dags/daily_student_pipeline.py
[2026-03-31T14:46:53.954+0000] {processor.py:830} INFO - Processing file /opt/airflow/dags/daily_student_pipeline.py for tasks to queue
[2026-03-31T14:46:53.955+0000] {logging_mixin.py:188} INFO - [2026-03-31T14:46:53.955+0000] {dagbag.py:538} INFO - Filling up the DagBag from /opt/airflow/dags/daily_student_pipeline.py
[2026-03-31T14:46:53.978+0000] {processor.py:840} INFO - DAG(s) 'daily_student_pipeline' retrieved from /opt/airflow/dags/daily_student_pipeline.py
[2026-03-31T14:46:55.008+0000] {logging_mixin.py:188} INFO - [2026-03-31T14:46:55.008+0000] {dag.py:3036} INFO - Sync 1 DAGs
[2026-03-31T14:46:55.032+0000] {logging_mixin.py:188} INFO - [2026-03-31T14:46:55.031+0000] {dag.py:3823} INFO - Setting next_dagrun for daily_student_pipeline to 2026-03-31 02:00:00+00:00, run_after=2026-04-01 02:00:00+00:00
[2026-03-31T14:46:55.054+0000] {processor.py:183} INFO - Processing /opt/airflow/dags/daily_student_pipeline.py took 0.104 seconds
[2026-03-31T14:47:27.070+0000] {processor.py:161} INFO - Started process (PID=2964) to work on /opt/airflow/dags/daily_student_pipeline.py
[2026-03-31T14:47:27.071+0000] {processor.py:830} INFO - Processing file /opt/airflow/dags/daily_student_pipeline.py for tasks to queue
[2026-03-31T14:47:27.072+0000] {logging_mixin.py:188} INFO - [2026-03-31T14:47:27.071+0000] {dagbag.py:538} INFO - Filling up the DagBag from /opt/airflow/dags/daily_student_pipeline.py
[2026-03-31T14:47:27.095+0000] {processor.py:840} INFO - DAG(s) 'daily_student_pipeline' retrieved from /opt/airflow/dags/daily_student_pipeline.py
[2026-03-31T14:47:27.123+0000] {logging_mixin.py:188} INFO - [2026-03-31T14:47:27.123+0000] {dag.py:3036} INFO - Sync 1 DAGs
[2026-03-31T14:47:27.146+0000] {logging_mixin.py:188} INFO - [2026-03-31T14:47:27.146+0000] {dag.py:3823} INFO - Setting next_dagrun for daily_student_pipeline to 2026-03-31 02:00:00+00:00, run_after=2026-04-01 02:00:00+00:00
[2026-03-31T14:47:27.170+0000] {processor.py:183} INFO - Processing /opt/airflow/dags/daily_student_pipeline.py took 0.103 seconds
[2026-03-31T14:47:57.223+0000] {processor.py:161} INFO - Started process (PID=2987) to work on /opt/airflow/dags/daily_student_pipeline.py
[2026-03-31T14:47:57.225+0000] {processor.py:830} INFO - Processing file /opt/airflow/dags/daily_student_pipeline.py for tasks to queue
[2026-03-31T14:47:57.226+0000] {logging_mixin.py:188} INFO - [2026-03-31T14:47:57.225+0000] {dagbag.py:538} INFO - Filling up the DagBag from /opt/airflow/dags/daily_student_pipeline.py
[2026-03-31T14:47:57.252+0000] {processor.py:840} INFO - DAG(s) 'daily_student_pipeline' retrieved from /opt/airflow/dags/daily_student_pipeline.py
[2026-03-31T14:47:57.282+0000] {logging_mixin.py:188} INFO - [2026-03-31T14:47:57.282+0000] {dag.py:3036} INFO - Sync 1 DAGs
[2026-03-31T14:47:57.305+0000] {logging_mixin.py:188} INFO - [2026-03-31T14:47:57.305+0000] {dag.py:3823} INFO - Setting next_dagrun for daily_student_pipeline to 2026-03-31 02:00:00+00:00, run_after=2026-04-01 02:00:00+00:00
[2026-03-31T14:47:57.328+0000] {processor.py:183} INFO - Processing /opt/airflow/dags/daily_student_pipeline.py took 0.108 seconds
[2026-03-31T14:48:27.650+0000] {processor.py:161} INFO - Started process (PID=3010) to work on /opt/airflow/dags/daily_student_pipeline.py
[2026-03-31T14:48:27.651+0000] {processor.py:830} INFO - Processing file /opt/airflow/dags/daily_student_pipeline.py for tasks to queue
[2026-03-31T14:48:27.652+0000] {logging_mixin.py:188} INFO - [2026-03-31T14:48:27.652+0000] {dagbag.py:538} INFO - Filling up the DagBag from /opt/airflow/dags/daily_student_pipeline.py
[2026-03-31T14:48:27.677+0000] {processor.py:840} INFO - DAG(s) 'daily_student_pipeline' retrieved from /opt/airflow/dags/daily_student_pipeline.py
[2026-03-31T14:48:27.708+0000] {logging_mixin.py:188} INFO - [2026-03-31T14:48:27.708+0000] {dag.py:3036} INFO - Sync 1 DAGs
[2026-03-31T14:48:27.732+0000] {logging_mixin.py:188} INFO - [2026-03-31T14:48:27.732+0000] {dag.py:3823} INFO - Setting next_dagrun for daily_student_pipeline to 2026-03-31 02:00:00+00:00, run_after=2026-04-01 02:00:00+00:00
[2026-03-31T14:48:27.786+0000] {processor.py:183} INFO - Processing /opt/airflow/dags/daily_student_pipeline.py took 0.138 seconds
[2026-03-31T14:48:58.717+0000] {processor.py:161} INFO - Started process (PID=3033) to work on /opt/airflow/dags/daily_student_pipeline.py
[2026-03-31T14:48:58.718+0000] {processor.py:830} INFO - Processing file /opt/airflow/dags/daily_student_pipeline.py for tasks to queue
[2026-03-31T14:48:58.719+0000] {logging_mixin.py:188} INFO - [2026-03-31T14:48:58.719+0000] {dagbag.py:538} INFO - Filling up the DagBag from /opt/airflow/dags/daily_student_pipeline.py
[2026-03-31T14:48:58.745+0000] {processor.py:840} INFO - DAG(s) 'daily_student_pipeline' retrieved from /opt/airflow/dags/daily_student_pipeline.py
[2026-03-31T14:48:58.777+0000] {logging_mixin.py:188} INFO - [2026-03-31T14:48:58.777+0000] {dag.py:3036} INFO - Sync 1 DAGs
[2026-03-31T14:48:58.799+0000] {logging_mixin.py:188} INFO - [2026-03-31T14:48:58.799+0000] {dag.py:3823} INFO - Setting next_dagrun for daily_student_pipeline to 2026-03-31 02:00:00+00:00, run_after=2026-04-01 02:00:00+00:00
[2026-03-31T14:48:58.819+0000] {processor.py:183} INFO - Processing /opt/airflow/dags/daily_student_pipeline.py took 0.104 seconds
[2026-03-31T14:49:29.761+0000] {processor.py:161} INFO - Started process (PID=3056) to work on /opt/airflow/dags/daily_student_pipeline.py
[2026-03-31T14:49:29.762+0000] {processor.py:830} INFO - Processing file /opt/airflow/dags/daily_student_pipeline.py for tasks to queue
[2026-03-31T14:49:29.763+0000] {logging_mixin.py:188} INFO - [2026-03-31T14:49:29.763+0000] {dagbag.py:538} INFO - Filling up the DagBag from /opt/airflow/dags/daily_student_pipeline.py
[2026-03-31T14:49:29.790+0000] {processor.py:840} INFO - DAG(s) 'daily_student_pipeline' retrieved from /opt/airflow/dags/daily_student_pipeline.py
[2026-03-31T14:49:29.823+0000] {logging_mixin.py:188} INFO - [2026-03-31T14:49:29.823+0000] {dag.py:3036} INFO - Sync 1 DAGs
[2026-03-31T14:49:29.848+0000] {logging_mixin.py:188} INFO - [2026-03-31T14:49:29.847+0000] {dag.py:3823} INFO - Setting next_dagrun for daily_student_pipeline to 2026-03-31 02:00:00+00:00, run_after=2026-04-01 02:00:00+00:00
[2026-03-31T14:49:29.871+0000] {processor.py:183} INFO - Processing /opt/airflow/dags/daily_student_pipeline.py took 0.114 seconds
[2026-03-31T14:49:59.954+0000] {processor.py:161} INFO - Started process (PID=3079) to work on /opt/airflow/dags/daily_student_pipeline.py
[2026-03-31T14:49:59.955+0000] {processor.py:830} INFO - Processing file /opt/airflow/dags/daily_student_pipeline.py for tasks to queue
[2026-03-31T14:49:59.956+0000] {logging_mixin.py:188} INFO - [2026-03-31T14:49:59.956+0000] {dagbag.py:538} INFO - Filling up the DagBag from /opt/airflow/dags/daily_student_pipeline.py
[2026-03-31T14:49:59.984+0000] {processor.py:840} INFO - DAG(s) 'daily_student_pipeline' retrieved from /opt/airflow/dags/daily_student_pipeline.py
[2026-03-31T14:50:00.022+0000] {logging_mixin.py:188} INFO - [2026-03-31T14:50:00.022+0000] {dag.py:3036} INFO - Sync 1 DAGs
[2026-03-31T14:50:00.057+0000] {logging_mixin.py:188} INFO - [2026-03-31T14:50:00.056+0000] {dag.py:3823} INFO - Setting next_dagrun for daily_student_pipeline to 2026-03-31 02:00:00+00:00, run_after=2026-04-01 02:00:00+00:00
[2026-03-31T14:50:00.081+0000] {processor.py:183} INFO - Processing /opt/airflow/dags/daily_student_pipeline.py took 0.130 seconds
[2026-03-31T14:50:30.168+0000] {processor.py:161} INFO - Started process (PID=3102) to work on /opt/airflow/dags/daily_student_pipeline.py
[2026-03-31T14:50:30.169+0000] {processor.py:830} INFO - Processing file /opt/airflow/dags/daily_student_pipeline.py for tasks to queue
[2026-03-31T14:50:30.170+0000] {logging_mixin.py:188} INFO - [2026-03-31T14:50:30.170+0000] {dagbag.py:538} INFO - Filling up the DagBag from /opt/airflow/dags/daily_student_pipeline.py
[2026-03-31T14:50:30.199+0000] {processor.py:840} INFO - DAG(s) 'daily_student_pipeline' retrieved from /opt/airflow/dags/daily_student_pipeline.py
[2026-03-31T14:50:30.237+0000] {logging_mixin.py:188} INFO - [2026-03-31T14:50:30.237+0000] {dag.py:3036} INFO - Sync 1 DAGs
[2026-03-31T14:50:30.264+0000] {logging_mixin.py:188} INFO - [2026-03-31T14:50:30.264+0000] {dag.py:3823} INFO - Setting next_dagrun for daily_student_pipeline to 2026-03-31 02:00:00+00:00, run_after=2026-04-01 02:00:00+00:00
[2026-03-31T14:50:30.287+0000] {processor.py:183} INFO - Processing /opt/airflow/dags/daily_student_pipeline.py took 0.121 seconds
[2026-03-31T14:51:00.461+0000] {processor.py:161} INFO - Started process (PID=3127) to work on /opt/airflow/dags/daily_student_pipeline.py
[2026-03-31T14:51:00.462+0000] {processor.py:830} INFO - Processing file /opt/airflow/dags/daily_student_pipeline.py for tasks to queue
[2026-03-31T14:51:00.463+0000] {logging_mixin.py:188} INFO - [2026-03-31T14:51:00.463+0000] {dagbag.py:538} INFO - Filling up the DagBag from /opt/airflow/dags/daily_student_pipeline.py
[2026-03-31T14:51:00.484+0000] {processor.py:840} INFO - DAG(s) 'daily_student_pipeline' retrieved from /opt/airflow/dags/daily_student_pipeline.py
[2026-03-31T14:51:00.509+0000] {logging_mixin.py:188} INFO - [2026-03-31T14:51:00.508+0000] {dag.py:3036} INFO - Sync 1 DAGs
[2026-03-31T14:51:00.528+0000] {logging_mixin.py:188} INFO - [2026-03-31T14:51:00.528+0000] {dag.py:3823} INFO - Setting next_dagrun for daily_student_pipeline to 2026-03-31 02:00:00+00:00, run_after=2026-04-01 02:00:00+00:00
[2026-03-31T14:51:00.548+0000] {processor.py:183} INFO - Processing /opt/airflow/dags/daily_student_pipeline.py took 0.090 seconds
[2026-03-31T14:51:30.600+0000] {processor.py:161} INFO - Started process (PID=3150) to work on /opt/airflow/dags/daily_student_pipeline.py
[2026-03-31T14:51:30.601+0000] {processor.py:830} INFO - Processing file /opt/airflow/dags/daily_student_pipeline.py for tasks to queue
[2026-03-31T14:51:30.602+0000] {logging_mixin.py:188} INFO - [2026-03-31T14:51:30.602+0000] {dagbag.py:538} INFO - Filling up the DagBag from /opt/airflow/dags/daily_student_pipeline.py
[2026-03-31T14:51:30.624+0000] {processor.py:840} INFO - DAG(s) 'daily_student_pipeline' retrieved from /opt/airflow/dags/daily_student_pipeline.py
[2026-03-31T14:51:30.649+0000] {logging_mixin.py:188} INFO - [2026-03-31T14:51:30.649+0000] {dag.py:3036} INFO - Sync 1 DAGs
[2026-03-31T14:51:30.668+0000] {logging_mixin.py:188} INFO - [2026-03-31T14:51:30.668+0000] {dag.py:3823} INFO - Setting next_dagrun for daily_student_pipeline to 2026-03-31 02:00:00+00:00, run_after=2026-04-01 02:00:00+00:00
[2026-03-31T14:51:30.686+0000] {processor.py:183} INFO - Processing /opt/airflow/dags/daily_student_pipeline.py took 0.089 seconds
[2026-03-31T14:52:00.791+0000] {processor.py:161} INFO - Started process (PID=3163) to work on /opt/airflow/dags/daily_student_pipeline.py
[2026-03-31T14:52:00.792+0000] {processor.py:830} INFO - Processing file /opt/airflow/dags/daily_student_pipeline.py for tasks to queue
[2026-03-31T14:52:00.793+0000] {logging_mixin.py:188} INFO - [2026-03-31T14:52:00.793+0000] {dagbag.py:538} INFO - Filling up the DagBag from /opt/airflow/dags/daily_student_pipeline.py
[2026-03-31T14:52:00.825+0000] {processor.py:840} INFO - DAG(s) 'daily_student_pipeline' retrieved from /opt/airflow/dags/daily_student_pipeline.py
[2026-03-31T14:52:00.863+0000] {logging_mixin.py:188} INFO - [2026-03-31T14:52:00.863+0000] {dag.py:3036} INFO - Sync 1 DAGs
[2026-03-31T14:52:00.894+0000] {logging_mixin.py:188} INFO - [2026-03-31T14:52:00.893+0000] {dag.py:3823} INFO - Setting next_dagrun for daily_student_pipeline to 2026-03-31 02:00:00+00:00, run_after=2026-04-01 02:00:00+00:00
[2026-03-31T14:52:00.931+0000] {processor.py:183} INFO - Processing /opt/airflow/dags/daily_student_pipeline.py took 0.143 seconds
[2026-03-31T14:52:31.031+0000] {processor.py:161} INFO - Started process (PID=3186) to work on /opt/airflow/dags/daily_student_pipeline.py
[2026-03-31T14:52:31.032+0000] {processor.py:830} INFO - Processing file /opt/airflow/dags/daily_student_pipeline.py for tasks to queue
[2026-03-31T14:52:31.033+0000] {logging_mixin.py:188} INFO - [2026-03-31T14:52:31.033+0000] {dagbag.py:538} INFO - Filling up the DagBag from /opt/airflow/dags/daily_student_pipeline.py
[2026-03-31T14:52:31.054+0000] {processor.py:840} INFO - DAG(s) 'daily_student_pipeline' retrieved from /opt/airflow/dags/daily_student_pipeline.py
[2026-03-31T14:52:31.095+0000] {logging_mixin.py:188} INFO - [2026-03-31T14:52:31.094+0000] {dag.py:3036} INFO - Sync 1 DAGs
[2026-03-31T14:52:31.118+0000] {logging_mixin.py:188} INFO - [2026-03-31T14:52:31.118+0000] {dag.py:3823} INFO - Setting next_dagrun for daily_student_pipeline to 2026-03-31 02:00:00+00:00, run_after=2026-04-01 02:00:00+00:00
[2026-03-31T14:52:31.139+0000] {processor.py:183} INFO - Processing /opt/airflow/dags/daily_student_pipeline.py took 0.110 seconds
[2026-03-31T14:53:01.265+0000] {processor.py:161} INFO - Started process (PID=3209) to work on /opt/airflow/dags/daily_student_pipeline.py
[2026-03-31T14:53:01.266+0000] {processor.py:830} INFO - Processing file /opt/airflow/dags/daily_student_pipeline.py for tasks to queue
[2026-03-31T14:53:01.267+0000] {logging_mixin.py:188} INFO - [2026-03-31T14:53:01.266+0000] {dagbag.py:538} INFO - Filling up the DagBag from /opt/airflow/dags/daily_student_pipeline.py
[2026-03-31T14:53:01.294+0000] {processor.py:840} INFO - DAG(s) 'daily_student_pipeline' retrieved from /opt/airflow/dags/daily_student_pipeline.py
[2026-03-31T14:53:01.330+0000] {logging_mixin.py:188} INFO - [2026-03-31T14:53:01.330+0000] {dag.py:3036} INFO - Sync 1 DAGs
[2026-03-31T14:53:01.358+0000] {logging_mixin.py:188} INFO - [2026-03-31T14:53:01.358+0000] {dag.py:3823} INFO - Setting next_dagrun for daily_student_pipeline to 2026-03-31 02:00:00+00:00, run_after=2026-04-01 02:00:00+00:00
[2026-03-31T14:53:01.378+0000] {processor.py:183} INFO - Processing /opt/airflow/dags/daily_student_pipeline.py took 0.117 seconds
[2026-03-31T14:53:31.644+0000] {processor.py:161} INFO - Started process (PID=3232) to work on /opt/airflow/dags/daily_student_pipeline.py
[2026-03-31T14:53:31.646+0000] {processor.py:830} INFO - Processing file /opt/airflow/dags/daily_student_pipeline.py for tasks to queue
[2026-03-31T14:53:31.647+0000] {logging_mixin.py:188} INFO - [2026-03-31T14:53:31.647+0000] {dagbag.py:538} INFO - Filling up the DagBag from /opt/airflow/dags/daily_student_pipeline.py
[2026-03-31T14:53:31.684+0000] {processor.py:840} INFO - DAG(s) 'daily_student_pipeline' retrieved from /opt/airflow/dags/daily_student_pipeline.py
[2026-03-31T14:53:31.722+0000] {logging_mixin.py:188} INFO - [2026-03-31T14:53:31.722+0000] {dag.py:3036} INFO - Sync 1 DAGs
[2026-03-31T14:53:31.752+0000] {logging_mixin.py:188} INFO - [2026-03-31T14:53:31.751+0000] {dag.py:3823} INFO - Setting next_dagrun for daily_student_pipeline to 2026-03-31 02:00:00+00:00, run_after=2026-04-01 02:00:00+00:00
[2026-03-31T14:53:31.773+0000] {processor.py:183} INFO - Processing /opt/airflow/dags/daily_student_pipeline.py took 0.135 seconds
[2026-03-31T14:54:01.884+0000] {processor.py:161} INFO - Started process (PID=3255) to work on /opt/airflow/dags/daily_student_pipeline.py
[2026-03-31T14:54:01.888+0000] {processor.py:830} INFO - Processing file /opt/airflow/dags/daily_student_pipeline.py for tasks to queue
[2026-03-31T14:54:01.890+0000] {logging_mixin.py:188} INFO - [2026-03-31T14:54:01.890+0000] {dagbag.py:538} INFO - Filling up the DagBag from /opt/airflow/dags/daily_student_pipeline.py
[2026-03-31T14:54:01.930+0000] {processor.py:840} INFO - DAG(s) 'daily_student_pipeline' retrieved from /opt/airflow/dags/daily_student_pipeline.py
[2026-03-31T14:54:01.988+0000] {logging_mixin.py:188} INFO - [2026-03-31T14:54:01.988+0000] {dag.py:3036} INFO - Sync 1 DAGs
[2026-03-31T14:54:02.023+0000] {logging_mixin.py:188} INFO - [2026-03-31T14:54:02.023+0000] {dag.py:3823} INFO - Setting next_dagrun for daily_student_pipeline to 2026-03-31 02:00:00+00:00, run_after=2026-04-01 02:00:00+00:00
[2026-03-31T14:54:02.066+0000] {processor.py:183} INFO - Processing /opt/airflow/dags/daily_student_pipeline.py took 0.185 seconds
[2026-03-31T14:54:32.154+0000] {processor.py:161} INFO - Started process (PID=3279) to work on /opt/airflow/dags/daily_student_pipeline.py
[2026-03-31T14:54:32.156+0000] {processor.py:830} INFO - Processing file /opt/airflow/dags/daily_student_pipeline.py for tasks to queue
[2026-03-31T14:54:32.157+0000] {logging_mixin.py:188} INFO - [2026-03-31T14:54:32.157+0000] {dagbag.py:538} INFO - Filling up the DagBag from /opt/airflow/dags/daily_student_pipeline.py
[2026-03-31T14:54:32.191+0000] {processor.py:840} INFO - DAG(s) 'daily_student_pipeline' retrieved from /opt/airflow/dags/daily_student_pipeline.py
[2026-03-31T14:54:32.235+0000] {logging_mixin.py:188} INFO - [2026-03-31T14:54:32.235+0000] {dag.py:3036} INFO - Sync 1 DAGs
[2026-03-31T14:54:32.268+0000] {logging_mixin.py:188} INFO - [2026-03-31T14:54:32.268+0000] {dag.py:3823} INFO - Setting next_dagrun for daily_student_pipeline to 2026-03-31 02:00:00+00:00, run_after=2026-04-01 02:00:00+00:00
[2026-03-31T14:54:32.289+0000] {processor.py:183} INFO - Processing /opt/airflow/dags/daily_student_pipeline.py took 0.139 seconds
[2026-03-31T14:55:02.440+0000] {processor.py:161} INFO - Started process (PID=3302) to work on /opt/airflow/dags/daily_student_pipeline.py
[2026-03-31T14:55:02.442+0000] {processor.py:830} INFO - Processing file /opt/airflow/dags/daily_student_pipeline.py for tasks to queue
[2026-03-31T14:55:02.443+0000] {logging_mixin.py:188} INFO - [2026-03-31T14:55:02.443+0000] {dagbag.py:538} INFO - Filling up the DagBag from /opt/airflow/dags/daily_student_pipeline.py
[2026-03-31T14:55:02.475+0000] {processor.py:840} INFO - DAG(s) 'daily_student_pipeline' retrieved from /opt/airflow/dags/daily_student_pipeline.py
[2026-03-31T14:55:02.506+0000] {logging_mixin.py:188} INFO - [2026-03-31T14:55:02.506+0000] {dag.py:3036} INFO - Sync 1 DAGs
[2026-03-31T14:55:02.529+0000] {logging_mixin.py:188} INFO - [2026-03-31T14:55:02.529+0000] {dag.py:3823} INFO - Setting next_dagrun for daily_student_pipeline to 2026-03-31 02:00:00+00:00, run_after=2026-04-01 02:00:00+00:00
[2026-03-31T14:55:02.551+0000] {processor.py:183} INFO - Processing /opt/airflow/dags/daily_student_pipeline.py took 0.115 seconds
[2026-03-31T14:55:32.612+0000] {processor.py:161} INFO - Started process (PID=3325) to work on /opt/airflow/dags/daily_student_pipeline.py
[2026-03-31T14:55:32.614+0000] {processor.py:830} INFO - Processing file /opt/airflow/dags/daily_student_pipeline.py for tasks to queue
[2026-03-31T14:55:32.615+0000] {logging_mixin.py:188} INFO - [2026-03-31T14:55:32.615+0000] {dagbag.py:538} INFO - Filling up the DagBag from /opt/airflow/dags/daily_student_pipeline.py
[2026-03-31T14:55:32.644+0000] {processor.py:840} INFO - DAG(s) 'daily_student_pipeline' retrieved from /opt/airflow/dags/daily_student_pipeline.py
[2026-03-31T14:55:32.678+0000] {logging_mixin.py:188} INFO - [2026-03-31T14:55:32.677+0000] {dag.py:3036} INFO - Sync 1 DAGs
[2026-03-31T14:55:32.703+0000] {logging_mixin.py:188} INFO - [2026-03-31T14:55:32.702+0000] {dag.py:3823} INFO - Setting next_dagrun for daily_student_pipeline to 2026-03-31 02:00:00+00:00, run_after=2026-04-01 02:00:00+00:00
[2026-03-31T14:55:32.724+0000] {processor.py:183} INFO - Processing /opt/airflow/dags/daily_student_pipeline.py took 0.117 seconds
[2026-03-31T14:56:02.925+0000] {processor.py:161} INFO - Started process (PID=3348) to work on /opt/airflow/dags/daily_student_pipeline.py
[2026-03-31T14:56:02.926+0000] {processor.py:830} INFO - Processing file /opt/airflow/dags/daily_student_pipeline.py for tasks to queue
[2026-03-31T14:56:02.928+0000] {logging_mixin.py:188} INFO - [2026-03-31T14:56:02.927+0000] {dagbag.py:538} INFO - Filling up the DagBag from /opt/airflow/dags/daily_student_pipeline.py
[2026-03-31T14:56:02.983+0000] {processor.py:840} INFO - DAG(s) 'daily_student_pipeline' retrieved from /opt/airflow/dags/daily_student_pipeline.py
[2026-03-31T14:56:03.126+0000] {logging_mixin.py:188} INFO - [2026-03-31T14:56:03.126+0000] {dag.py:3036} INFO - Sync 1 DAGs
[2026-03-31T14:56:03.163+0000] {logging_mixin.py:188} INFO - [2026-03-31T14:56:03.163+0000] {dag.py:3823} INFO - Setting next_dagrun for daily_student_pipeline to 2026-03-31 02:00:00+00:00, run_after=2026-04-01 02:00:00+00:00
[2026-03-31T14:56:03.186+0000] {processor.py:183} INFO - Processing /opt/airflow/dags/daily_student_pipeline.py took 0.265 seconds
[2026-03-31T14:56:33.324+0000] {processor.py:161} INFO - Started process (PID=3363) to work on /opt/airflow/dags/daily_student_pipeline.py
[2026-03-31T14:56:33.325+0000] {processor.py:830} INFO - Processing file /opt/airflow/dags/daily_student_pipeline.py for tasks to queue
[2026-03-31T14:56:33.326+0000] {logging_mixin.py:188} INFO - [2026-03-31T14:56:33.326+0000] {dagbag.py:538} INFO - Filling up the DagBag from /opt/airflow/dags/daily_student_pipeline.py
[2026-03-31T14:56:33.354+0000] {processor.py:840} INFO - DAG(s) 'daily_student_pipeline' retrieved from /opt/airflow/dags/daily_student_pipeline.py
[2026-03-31T14:56:33.385+0000] {logging_mixin.py:188} INFO - [2026-03-31T14:56:33.385+0000] {dag.py:3036} INFO - Sync 1 DAGs
[2026-03-31T14:56:33.410+0000] {logging_mixin.py:188} INFO - [2026-03-31T14:56:33.410+0000] {dag.py:3823} INFO - Setting next_dagrun for daily_student_pipeline to 2026-03-31 02:00:00+00:00, run_after=2026-04-01 02:00:00+00:00
[2026-03-31T14:56:33.435+0000] {processor.py:183} INFO - Processing /opt/airflow/dags/daily_student_pipeline.py took 0.116 seconds
[2026-03-31T14:57:03.573+0000] {processor.py:161} INFO - Started process (PID=3386) to work on /opt/airflow/dags/daily_student_pipeline.py
[2026-03-31T14:57:03.574+0000] {processor.py:830} INFO - Processing file /opt/airflow/dags/daily_student_pipeline.py for tasks to queue
[2026-03-31T14:57:03.575+0000] {logging_mixin.py:188} INFO - [2026-03-31T14:57:03.575+0000] {dagbag.py:538} INFO - Filling up the DagBag from /opt/airflow/dags/daily_student_pipeline.py
[2026-03-31T14:57:03.601+0000] {processor.py:840} INFO - DAG(s) 'daily_student_pipeline' retrieved from /opt/airflow/dags/daily_student_pipeline.py
[2026-03-31T14:57:03.633+0000] {logging_mixin.py:188} INFO - [2026-03-31T14:57:03.633+0000] {dag.py:3036} INFO - Sync 1 DAGs
[2026-03-31T14:57:03.661+0000] {logging_mixin.py:188} INFO - [2026-03-31T14:57:03.659+0000] {dag.py:3823} INFO - Setting next_dagrun for daily_student_pipeline to 2026-03-31 02:00:00+00:00, run_after=2026-04-01 02:00:00+00:00
[2026-03-31T14:57:03.683+0000] {processor.py:183} INFO - Processing /opt/airflow/dags/daily_student_pipeline.py took 0.114 seconds
[2026-03-31T14:57:33.749+0000] {processor.py:161} INFO - Started process (PID=3409) to work on /opt/airflow/dags/daily_student_pipeline.py
[2026-03-31T14:57:33.750+0000] {processor.py:830} INFO - Processing file /opt/airflow/dags/daily_student_pipeline.py for tasks to queue
[2026-03-31T14:57:33.751+0000] {logging_mixin.py:188} INFO - [2026-03-31T14:57:33.750+0000] {dagbag.py:538} INFO - Filling up the DagBag from /opt/airflow/dags/daily_student_pipeline.py
[2026-03-31T14:57:33.775+0000] {processor.py:840} INFO - DAG(s) 'daily_student_pipeline' retrieved from /opt/airflow/dags/daily_student_pipeline.py
[2026-03-31T14:57:33.805+0000] {logging_mixin.py:188} INFO - [2026-03-31T14:57:33.805+0000] {dag.py:3036} INFO - Sync 1 DAGs
[2026-03-31T14:57:33.828+0000] {logging_mixin.py:188} INFO - [2026-03-31T14:57:33.828+0000] {dag.py:3823} INFO - Setting next_dagrun for daily_student_pipeline to 2026-03-31 02:00:00+00:00, run_after=2026-04-01 02:00:00+00:00
[2026-03-31T14:57:33.848+0000] {processor.py:183} INFO - Processing /opt/airflow/dags/daily_student_pipeline.py took 0.102 seconds
[2026-03-31T14:58:03.983+0000] {processor.py:161} INFO - Started process (PID=3432) to work on /opt/airflow/dags/daily_student_pipeline.py
[2026-03-31T14:58:03.985+0000] {processor.py:830} INFO - Processing file /opt/airflow/dags/daily_student_pipeline.py for tasks to queue
[2026-03-31T14:58:03.986+0000] {logging_mixin.py:188} INFO - [2026-03-31T14:58:03.985+0000] {dagbag.py:538} INFO - Filling up the DagBag from /opt/airflow/dags/daily_student_pipeline.py
[2026-03-31T14:58:04.013+0000] {processor.py:840} INFO - DAG(s) 'daily_student_pipeline' retrieved from /opt/airflow/dags/daily_student_pipeline.py
[2026-03-31T14:58:04.043+0000] {logging_mixin.py:188} INFO - [2026-03-31T14:58:04.042+0000] {dag.py:3036} INFO - Sync 1 DAGs
[2026-03-31T14:58:04.066+0000] {logging_mixin.py:188} INFO - [2026-03-31T14:58:04.065+0000] {dag.py:3823} INFO - Setting next_dagrun for daily_student_pipeline to 2026-03-31 02:00:00+00:00, run_after=2026-04-01 02:00:00+00:00
[2026-03-31T14:58:04.085+0000] {processor.py:183} INFO - Processing /opt/airflow/dags/daily_student_pipeline.py took 0.106 seconds
[2026-03-31T14:58:34.147+0000] {processor.py:161} INFO - Started process (PID=3455) to work on /opt/airflow/dags/daily_student_pipeline.py
[2026-03-31T14:58:34.149+0000] {processor.py:830} INFO - Processing file /opt/airflow/dags/daily_student_pipeline.py for tasks to queue
[2026-03-31T14:58:34.150+0000] {logging_mixin.py:188} INFO - [2026-03-31T14:58:34.150+0000] {dagbag.py:538} INFO - Filling up the DagBag from /opt/airflow/dags/daily_student_pipeline.py
[2026-03-31T14:58:34.180+0000] {processor.py:840} INFO - DAG(s) 'daily_student_pipeline' retrieved from /opt/airflow/dags/daily_student_pipeline.py
[2026-03-31T14:58:34.213+0000] {logging_mixin.py:188} INFO - [2026-03-31T14:58:34.213+0000] {dag.py:3036} INFO - Sync 1 DAGs
[2026-03-31T14:58:34.240+0000] {logging_mixin.py:188} INFO - [2026-03-31T14:58:34.240+0000] {dag.py:3823} INFO - Setting next_dagrun for daily_student_pipeline to 2026-03-31 02:00:00+00:00, run_after=2026-04-01 02:00:00+00:00
[2026-03-31T14:58:34.260+0000] {processor.py:183} INFO - Processing /opt/airflow/dags/daily_student_pipeline.py took 0.116 seconds
[2026-03-31T14:59:04.361+0000] {processor.py:161} INFO - Started process (PID=3478) to work on /opt/airflow/dags/daily_student_pipeline.py
[2026-03-31T14:59:04.362+0000] {processor.py:830} INFO - Processing file /opt/airflow/dags/daily_student_pipeline.py for tasks to queue
[2026-03-31T14:59:04.363+0000] {logging_mixin.py:188} INFO - [2026-03-31T14:59:04.363+0000] {dagbag.py:538} INFO - Filling up the DagBag from /opt/airflow/dags/daily_student_pipeline.py
[2026-03-31T14:59:04.386+0000] {processor.py:840} INFO - DAG(s) 'daily_student_pipeline' retrieved from /opt/airflow/dags/daily_student_pipeline.py
[2026-03-31T14:59:04.418+0000] {logging_mixin.py:188} INFO - [2026-03-31T14:59:04.417+0000] {dag.py:3036} INFO - Sync 1 DAGs
[2026-03-31T14:59:04.441+0000] {logging_mixin.py:188} INFO - [2026-03-31T14:59:04.441+0000] {dag.py:3823} INFO - Setting next_dagrun for daily_student_pipeline to 2026-03-31 02:00:00+00:00, run_after=2026-04-01 02:00:00+00:00
[2026-03-31T14:59:04.462+0000] {processor.py:183} INFO - Processing /opt/airflow/dags/daily_student_pipeline.py took 0.104 seconds
[2026-03-31T14:59:36.415+0000] {processor.py:161} INFO - Started process (PID=3501) to work on /opt/airflow/dags/daily_student_pipeline.py
[2026-03-31T14:59:36.416+0000] {processor.py:830} INFO - Processing file /opt/airflow/dags/daily_student_pipeline.py for tasks to queue
[2026-03-31T14:59:36.417+0000] {logging_mixin.py:188} INFO - [2026-03-31T14:59:36.417+0000] {dagbag.py:538} INFO - Filling up the DagBag from /opt/airflow/dags/daily_student_pipeline.py
[2026-03-31T14:59:36.444+0000] {processor.py:840} INFO - DAG(s) 'daily_student_pipeline' retrieved from /opt/airflow/dags/daily_student_pipeline.py
[2026-03-31T14:59:36.476+0000] {logging_mixin.py:188} INFO - [2026-03-31T14:59:36.475+0000] {dag.py:3036} INFO - Sync 1 DAGs
[2026-03-31T14:59:36.497+0000] {logging_mixin.py:188} INFO - [2026-03-31T14:59:36.497+0000] {dag.py:3823} INFO - Setting next_dagrun for daily_student_pipeline to 2026-03-31 02:00:00+00:00, run_after=2026-04-01 02:00:00+00:00
[2026-03-31T14:59:36.518+0000] {processor.py:183} INFO - Processing /opt/airflow/dags/daily_student_pipeline.py took 0.107 seconds
[2026-03-31T15:00:06.574+0000] {processor.py:161} INFO - Started process (PID=3524) to work on /opt/airflow/dags/daily_student_pipeline.py
[2026-03-31T15:00:06.575+0000] {processor.py:830} INFO - Processing file /opt/airflow/dags/daily_student_pipeline.py for tasks to queue
[2026-03-31T15:00:06.576+0000] {logging_mixin.py:188} INFO - [2026-03-31T15:00:06.575+0000] {dagbag.py:538} INFO - Filling up the DagBag from /opt/airflow/dags/daily_student_pipeline.py
[2026-03-31T15:00:06.606+0000] {processor.py:840} INFO - DAG(s) 'daily_student_pipeline' retrieved from /opt/airflow/dags/daily_student_pipeline.py
[2026-03-31T15:00:07.628+0000] {logging_mixin.py:188} INFO - [2026-03-31T15:00:07.628+0000] {dag.py:3036} INFO - Sync 1 DAGs
[2026-03-31T15:00:07.653+0000] {logging_mixin.py:188} INFO - [2026-03-31T15:00:07.653+0000] {dag.py:3823} INFO - Setting next_dagrun for daily_student_pipeline to 2026-03-31 02:00:00+00:00, run_after=2026-04-01 02:00:00+00:00
[2026-03-31T15:00:07.674+0000] {processor.py:183} INFO - Processing /opt/airflow/dags/daily_student_pipeline.py took 0.115 seconds
[2026-03-31T15:00:39.630+0000] {processor.py:161} INFO - Started process (PID=3547) to work on /opt/airflow/dags/daily_student_pipeline.py
[2026-03-31T15:00:39.632+0000] {processor.py:830} INFO - Processing file /opt/airflow/dags/daily_student_pipeline.py for tasks to queue
[2026-03-31T15:00:39.634+0000] {logging_mixin.py:188} INFO - [2026-03-31T15:00:39.633+0000] {dagbag.py:538} INFO - Filling up the DagBag from /opt/airflow/dags/daily_student_pipeline.py
[2026-03-31T15:00:39.669+0000] {processor.py:840} INFO - DAG(s) 'daily_student_pipeline' retrieved from /opt/airflow/dags/daily_student_pipeline.py
[2026-03-31T15:00:39.707+0000] {logging_mixin.py:188} INFO - [2026-03-31T15:00:39.707+0000] {dag.py:3036} INFO - Sync 1 DAGs
[2026-03-31T15:00:39.730+0000] {logging_mixin.py:188} INFO - [2026-03-31T15:00:39.730+0000] {dag.py:3823} INFO - Setting next_dagrun for daily_student_pipeline to 2026-03-31 02:00:00+00:00, run_after=2026-04-01 02:00:00+00:00
[2026-03-31T15:00:39.760+0000] {processor.py:183} INFO - Processing /opt/airflow/dags/daily_student_pipeline.py took 0.134 seconds
[2026-03-31T15:01:09.862+0000] {processor.py:161} INFO - Started process (PID=3570) to work on /opt/airflow/dags/daily_student_pipeline.py
[2026-03-31T15:01:09.863+0000] {processor.py:830} INFO - Processing file /opt/airflow/dags/daily_student_pipeline.py for tasks to queue
[2026-03-31T15:01:09.864+0000] {logging_mixin.py:188} INFO - [2026-03-31T15:01:09.863+0000] {dagbag.py:538} INFO - Filling up the DagBag from /opt/airflow/dags/daily_student_pipeline.py
[2026-03-31T15:01:09.886+0000] {processor.py:840} INFO - DAG(s) 'daily_student_pipeline' retrieved from /opt/airflow/dags/daily_student_pipeline.py
[2026-03-31T15:01:09.916+0000] {logging_mixin.py:188} INFO - [2026-03-31T15:01:09.916+0000] {dag.py:3036} INFO - Sync 1 DAGs
[2026-03-31T15:01:09.941+0000] {logging_mixin.py:188} INFO - [2026-03-31T15:01:09.941+0000] {dag.py:3823} INFO - Setting next_dagrun for daily_student_pipeline to 2026-03-31 02:00:00+00:00, run_after=2026-04-01 02:00:00+00:00
[2026-03-31T15:01:09.962+0000] {processor.py:183} INFO - Processing /opt/airflow/dags/daily_student_pipeline.py took 0.103 seconds
[2026-03-31T15:01:40.281+0000] {processor.py:161} INFO - Started process (PID=3593) to work on /opt/airflow/dags/daily_student_pipeline.py
[2026-03-31T15:01:40.282+0000] {processor.py:830} INFO - Processing file /opt/airflow/dags/daily_student_pipeline.py for tasks to queue
[2026-03-31T15:01:40.283+0000] {logging_mixin.py:188} INFO - [2026-03-31T15:01:40.283+0000] {dagbag.py:538} INFO - Filling up the DagBag from /opt/airflow/dags/daily_student_pipeline.py
[2026-03-31T15:01:40.316+0000] {processor.py:840} INFO - DAG(s) 'daily_student_pipeline' retrieved from /opt/airflow/dags/daily_student_pipeline.py
[2026-03-31T15:01:40.351+0000] {logging_mixin.py:188} INFO - [2026-03-31T15:01:40.351+0000] {dag.py:3036} INFO - Sync 1 DAGs
[2026-03-31T15:01:40.376+0000] {logging_mixin.py:188} INFO - [2026-03-31T15:01:40.376+0000] {dag.py:3823} INFO - Setting next_dagrun for daily_student_pipeline to 2026-03-31 02:00:00+00:00, run_after=2026-04-01 02:00:00+00:00
[2026-03-31T15:01:40.401+0000] {processor.py:183} INFO - Processing /opt/airflow/dags/daily_student_pipeline.py took 0.125 seconds
[2026-03-31T15:02:11.422+0000] {processor.py:161} INFO - Started process (PID=3608) to work on /opt/airflow/dags/daily_student_pipeline.py
[2026-03-31T15:02:11.422+0000] {processor.py:830} INFO - Processing file /opt/airflow/dags/daily_student_pipeline.py for tasks to queue
[2026-03-31T15:02:11.423+0000] {logging_mixin.py:188} INFO - [2026-03-31T15:02:11.423+0000] {dagbag.py:538} INFO - Filling up the DagBag from /opt/airflow/dags/daily_student_pipeline.py
[2026-03-31T15:02:11.447+0000] {processor.py:840} INFO - DAG(s) 'daily_student_pipeline' retrieved from /opt/airflow/dags/daily_student_pipeline.py
[2026-03-31T15:02:11.494+0000] {logging_mixin.py:188} INFO - [2026-03-31T15:02:11.494+0000] {dag.py:3036} INFO - Sync 1 DAGs
[2026-03-31T15:02:11.540+0000] {logging_mixin.py:188} INFO - [2026-03-31T15:02:11.540+0000] {dag.py:3823} INFO - Setting next_dagrun for daily_student_pipeline to 2026-03-31 02:00:00+00:00, run_after=2026-04-01 02:00:00+00:00
[2026-03-31T15:02:11.581+0000] {processor.py:183} INFO - Processing /opt/airflow/dags/daily_student_pipeline.py took 0.161 seconds
[2026-03-31T15:02:41.654+0000] {processor.py:161} INFO - Started process (PID=3631) to work on /opt/airflow/dags/daily_student_pipeline.py
[2026-03-31T15:02:41.655+0000] {processor.py:830} INFO - Processing file /opt/airflow/dags/daily_student_pipeline.py for tasks to queue
[2026-03-31T15:02:41.656+0000] {logging_mixin.py:188} INFO - [2026-03-31T15:02:41.656+0000] {dagbag.py:538} INFO - Filling up the DagBag from /opt/airflow/dags/daily_student_pipeline.py
[2026-03-31T15:02:41.679+0000] {processor.py:840} INFO - DAG(s) 'daily_student_pipeline' retrieved from /opt/airflow/dags/daily_student_pipeline.py
[2026-03-31T15:02:41.708+0000] {logging_mixin.py:188} INFO - [2026-03-31T15:02:41.708+0000] {dag.py:3036} INFO - Sync 1 DAGs
[2026-03-31T15:02:41.733+0000] {logging_mixin.py:188} INFO - [2026-03-31T15:02:41.732+0000] {dag.py:3823} INFO - Setting next_dagrun for daily_student_pipeline to 2026-03-31 02:00:00+00:00, run_after=2026-04-01 02:00:00+00:00
[2026-03-31T15:02:41.755+0000] {processor.py:183} INFO - Processing /opt/airflow/dags/daily_student_pipeline.py took 0.104 seconds
[2026-03-31T15:03:11.817+0000] {processor.py:161} INFO - Started process (PID=3654) to work on /opt/airflow/dags/daily_student_pipeline.py
[2026-03-31T15:03:11.818+0000] {processor.py:830} INFO - Processing file /opt/airflow/dags/daily_student_pipeline.py for tasks to queue
[2026-03-31T15:03:11.819+0000] {logging_mixin.py:188} INFO - [2026-03-31T15:03:11.819+0000] {dagbag.py:538} INFO - Filling up the DagBag from /opt/airflow/dags/daily_student_pipeline.py
[2026-03-31T15:03:11.846+0000] {processor.py:840} INFO - DAG(s) 'daily_student_pipeline' retrieved from /opt/airflow/dags/daily_student_pipeline.py
[2026-03-31T15:03:11.884+0000] {logging_mixin.py:188} INFO - [2026-03-31T15:03:11.884+0000] {dag.py:3036} INFO - Sync 1 DAGs
[2026-03-31T15:03:11.910+0000] {logging_mixin.py:188} INFO - [2026-03-31T15:03:11.910+0000] {dag.py:3823} INFO - Setting next_dagrun for daily_student_pipeline to 2026-03-31 02:00:00+00:00, run_after=2026-04-01 02:00:00+00:00
[2026-03-31T15:03:11.931+0000] {processor.py:183} INFO - Processing /opt/airflow/dags/daily_student_pipeline.py took 0.117 seconds
[2026-03-31T15:03:42.060+0000] {processor.py:161} INFO - Started process (PID=3677) to work on /opt/airflow/dags/daily_student_pipeline.py
[2026-03-31T15:03:42.061+0000] {processor.py:830} INFO - Processing file /opt/airflow/dags/daily_student_pipeline.py for tasks to queue
[2026-03-31T15:03:42.061+0000] {logging_mixin.py:188} INFO - [2026-03-31T15:03:42.061+0000] {dagbag.py:538} INFO - Filling up the DagBag from /opt/airflow/dags/daily_student_pipeline.py
[2026-03-31T15:03:42.084+0000] {processor.py:840} INFO - DAG(s) 'daily_student_pipeline' retrieved from /opt/airflow/dags/daily_student_pipeline.py
[2026-03-31T15:03:42.117+0000] {logging_mixin.py:188} INFO - [2026-03-31T15:03:42.116+0000] {dag.py:3036} INFO - Sync 1 DAGs
[2026-03-31T15:03:42.139+0000] {logging_mixin.py:188} INFO - [2026-03-31T15:03:42.139+0000] {dag.py:3823} INFO - Setting next_dagrun for daily_student_pipeline to 2026-03-31 02:00:00+00:00, run_after=2026-04-01 02:00:00+00:00
[2026-03-31T15:03:42.161+0000] {processor.py:183} INFO - Processing /opt/airflow/dags/daily_student_pipeline.py took 0.104 seconds
[2026-03-31T15:04:13.104+0000] {processor.py:161} INFO - Started process (PID=3700) to work on /opt/airflow/dags/daily_student_pipeline.py
[2026-03-31T15:04:13.105+0000] {processor.py:830} INFO - Processing file /opt/airflow/dags/daily_student_pipeline.py for tasks to queue
[2026-03-31T15:04:13.106+0000] {logging_mixin.py:188} INFO - [2026-03-31T15:04:13.106+0000] {dagbag.py:538} INFO - Filling up the DagBag from /opt/airflow/dags/daily_student_pipeline.py
[2026-03-31T15:04:13.130+0000] {processor.py:840} INFO - DAG(s) 'daily_student_pipeline' retrieved from /opt/airflow/dags/daily_student_pipeline.py
[2026-03-31T15:04:13.163+0000] {logging_mixin.py:188} INFO - [2026-03-31T15:04:13.162+0000] {dag.py:3036} INFO - Sync 1 DAGs
[2026-03-31T15:04:13.192+0000] {logging_mixin.py:188} INFO - [2026-03-31T15:04:13.192+0000] {dag.py:3823} INFO - Setting next_dagrun for daily_student_pipeline to 2026-03-31 02:00:00+00:00, run_after=2026-04-01 02:00:00+00:00
[2026-03-31T15:04:13.216+0000] {processor.py:183} INFO - Processing /opt/airflow/dags/daily_student_pipeline.py took 0.115 seconds
[2026-03-31T15:04:43.293+0000] {processor.py:161} INFO - Started process (PID=3723) to work on /opt/airflow/dags/daily_student_pipeline.py
[2026-03-31T15:04:43.294+0000] {processor.py:830} INFO - Processing file /opt/airflow/dags/daily_student_pipeline.py for tasks to queue
[2026-03-31T15:04:43.295+0000] {logging_mixin.py:188} INFO - [2026-03-31T15:04:43.294+0000] {dagbag.py:538} INFO - Filling up the DagBag from /opt/airflow/dags/daily_student_pipeline.py
[2026-03-31T15:04:43.316+0000] {processor.py:840} INFO - DAG(s) 'daily_student_pipeline' retrieved from /opt/airflow/dags/daily_student_pipeline.py
[2026-03-31T15:04:43.346+0000] {logging_mixin.py:188} INFO - [2026-03-31T15:04:43.346+0000] {dag.py:3036} INFO - Sync 1 DAGs
[2026-03-31T15:04:43.369+0000] {logging_mixin.py:188} INFO - [2026-03-31T15:04:43.369+0000] {dag.py:3823} INFO - Setting next_dagrun for daily_student_pipeline to 2026-03-31 02:00:00+00:00, run_after=2026-04-01 02:00:00+00:00
[2026-03-31T15:04:43.389+0000] {processor.py:183} INFO - Processing /opt/airflow/dags/daily_student_pipeline.py took 0.099 seconds
[2026-03-31T15:05:14.285+0000] {processor.py:161} INFO - Started process (PID=3746) to work on /opt/airflow/dags/daily_student_pipeline.py
[2026-03-31T15:05:14.286+0000] {processor.py:830} INFO - Processing file /opt/airflow/dags/daily_student_pipeline.py for tasks to queue
[2026-03-31T15:05:14.287+0000] {logging_mixin.py:188} INFO - [2026-03-31T15:05:14.287+0000] {dagbag.py:538} INFO - Filling up the DagBag from /opt/airflow/dags/daily_student_pipeline.py
[2026-03-31T15:05:14.319+0000] {processor.py:840} INFO - DAG(s) 'daily_student_pipeline' retrieved from /opt/airflow/dags/daily_student_pipeline.py
[2026-03-31T15:05:14.362+0000] {logging_mixin.py:188} INFO - [2026-03-31T15:05:14.362+0000] {dag.py:3036} INFO - Sync 1 DAGs
[2026-03-31T15:05:14.393+0000] {logging_mixin.py:188} INFO - [2026-03-31T15:05:14.393+0000] {dag.py:3823} INFO - Setting next_dagrun for daily_student_pipeline to 2026-03-31 02:00:00+00:00, run_after=2026-04-01 02:00:00+00:00
[2026-03-31T15:05:14.415+0000] {processor.py:183} INFO - Processing /opt/airflow/dags/daily_student_pipeline.py took 0.132 seconds
[2026-03-31T15:05:44.535+0000] {processor.py:161} INFO - Started process (PID=3769) to work on /opt/airflow/dags/daily_student_pipeline.py
[2026-03-31T15:05:44.536+0000] {processor.py:830} INFO - Processing file /opt/airflow/dags/daily_student_pipeline.py for tasks to queue
[2026-03-31T15:05:44.538+0000] {logging_mixin.py:188} INFO - [2026-03-31T15:05:44.537+0000] {dagbag.py:538} INFO - Filling up the DagBag from /opt/airflow/dags/daily_student_pipeline.py
[2026-03-31T15:05:44.570+0000] {processor.py:840} INFO - DAG(s) 'daily_student_pipeline' retrieved from /opt/airflow/dags/daily_student_pipeline.py
[2026-03-31T15:05:44.601+0000] {logging_mixin.py:188} INFO - [2026-03-31T15:05:44.601+0000] {dag.py:3036} INFO - Sync 1 DAGs
[2026-03-31T15:05:44.625+0000] {logging_mixin.py:188} INFO - [2026-03-31T15:05:44.625+0000] {dag.py:3823} INFO - Setting next_dagrun for daily_student_pipeline to 2026-03-31 02:00:00+00:00, run_after=2026-04-01 02:00:00+00:00
[2026-03-31T15:05:44.648+0000] {processor.py:183} INFO - Processing /opt/airflow/dags/daily_student_pipeline.py took 0.116 seconds
[2026-03-31T15:06:14.773+0000] {processor.py:161} INFO - Started process (PID=3792) to work on /opt/airflow/dags/daily_student_pipeline.py
[2026-03-31T15:06:14.775+0000] {processor.py:830} INFO - Processing file /opt/airflow/dags/daily_student_pipeline.py for tasks to queue
[2026-03-31T15:06:14.776+0000] {logging_mixin.py:188} INFO - [2026-03-31T15:06:14.776+0000] {dagbag.py:538} INFO - Filling up the DagBag from /opt/airflow/dags/daily_student_pipeline.py
[2026-03-31T15:06:14.800+0000] {processor.py:840} INFO - DAG(s) 'daily_student_pipeline' retrieved from /opt/airflow/dags/daily_student_pipeline.py
[2026-03-31T15:06:14.826+0000] {logging_mixin.py:188} INFO - [2026-03-31T15:06:14.826+0000] {dag.py:3036} INFO - Sync 1 DAGs
[2026-03-31T15:06:14.847+0000] {logging_mixin.py:188} INFO - [2026-03-31T15:06:14.846+0000] {dag.py:3823} INFO - Setting next_dagrun for daily_student_pipeline to 2026-03-31 02:00:00+00:00, run_after=2026-04-01 02:00:00+00:00
[2026-03-31T15:06:14.872+0000] {processor.py:183} INFO - Processing /opt/airflow/dags/daily_student_pipeline.py took 0.102 seconds
[2026-03-31T15:06:44.924+0000] {processor.py:161} INFO - Started process (PID=3807) to work on /opt/airflow/dags/daily_student_pipeline.py
[2026-03-31T15:06:44.925+0000] {processor.py:830} INFO - Processing file /opt/airflow/dags/daily_student_pipeline.py for tasks to queue
[2026-03-31T15:06:44.927+0000] {logging_mixin.py:188} INFO - [2026-03-31T15:06:44.926+0000] {dagbag.py:538} INFO - Filling up the DagBag from /opt/airflow/dags/daily_student_pipeline.py
[2026-03-31T15:06:44.956+0000] {processor.py:840} INFO - DAG(s) 'daily_student_pipeline' retrieved from /opt/airflow/dags/daily_student_pipeline.py
[2026-03-31T15:06:44.984+0000] {logging_mixin.py:188} INFO - [2026-03-31T15:06:44.984+0000] {dag.py:3036} INFO - Sync 1 DAGs
[2026-03-31T15:06:45.007+0000] {logging_mixin.py:188} INFO - [2026-03-31T15:06:45.007+0000] {dag.py:3823} INFO - Setting next_dagrun for daily_student_pipeline to 2026-03-31 02:00:00+00:00, run_after=2026-04-01 02:00:00+00:00
[2026-03-31T15:06:45.029+0000] {processor.py:183} INFO - Processing /opt/airflow/dags/daily_student_pipeline.py took 0.108 seconds
[2026-03-31T15:07:15.081+0000] {processor.py:161} INFO - Started process (PID=3830) to work on /opt/airflow/dags/daily_student_pipeline.py
[2026-03-31T15:07:15.082+0000] {processor.py:830} INFO - Processing file /opt/airflow/dags/daily_student_pipeline.py for tasks to queue
[2026-03-31T15:07:15.084+0000] {logging_mixin.py:188} INFO - [2026-03-31T15:07:15.083+0000] {dagbag.py:538} INFO - Filling up the DagBag from /opt/airflow/dags/daily_student_pipeline.py
[2026-03-31T15:07:15.107+0000] {processor.py:840} INFO - DAG(s) 'daily_student_pipeline' retrieved from /opt/airflow/dags/daily_student_pipeline.py
[2026-03-31T15:07:15.142+0000] {logging_mixin.py:188} INFO - [2026-03-31T15:07:15.141+0000] {dag.py:3036} INFO - Sync 1 DAGs
[2026-03-31T15:07:15.170+0000] {logging_mixin.py:188} INFO - [2026-03-31T15:07:15.170+0000] {dag.py:3823} INFO - Setting next_dagrun for daily_student_pipeline to 2026-03-31 02:00:00+00:00, run_after=2026-04-01 02:00:00+00:00
[2026-03-31T15:07:15.195+0000] {processor.py:183} INFO - Processing /opt/airflow/dags/daily_student_pipeline.py took 0.116 seconds
[2026-03-31T15:07:45.333+0000] {processor.py:161} INFO - Started process (PID=3853) to work on /opt/airflow/dags/daily_student_pipeline.py
[2026-03-31T15:07:45.335+0000] {processor.py:830} INFO - Processing file /opt/airflow/dags/daily_student_pipeline.py for tasks to queue
[2026-03-31T15:07:45.336+0000] {logging_mixin.py:188} INFO - [2026-03-31T15:07:45.335+0000] {dagbag.py:538} INFO - Filling up the DagBag from /opt/airflow/dags/daily_student_pipeline.py
[2026-03-31T15:07:45.359+0000] {processor.py:840} INFO - DAG(s) 'daily_student_pipeline' retrieved from /opt/airflow/dags/daily_student_pipeline.py
[2026-03-31T15:07:45.391+0000] {logging_mixin.py:188} INFO - [2026-03-31T15:07:45.391+0000] {dag.py:3036} INFO - Sync 1 DAGs
[2026-03-31T15:07:45.413+0000] {logging_mixin.py:188} INFO - [2026-03-31T15:07:45.412+0000] {dag.py:3823} INFO - Setting next_dagrun for daily_student_pipeline to 2026-03-31 02:00:00+00:00, run_after=2026-04-01 02:00:00+00:00
[2026-03-31T15:07:45.436+0000] {processor.py:183} INFO - Processing /opt/airflow/dags/daily_student_pipeline.py took 0.106 seconds
[2026-03-31T15:08:15.545+0000] {processor.py:161} INFO - Started process (PID=3876) to work on /opt/airflow/dags/daily_student_pipeline.py
[2026-03-31T15:08:15.546+0000] {processor.py:830} INFO - Processing file /opt/airflow/dags/daily_student_pipeline.py for tasks to queue
[2026-03-31T15:08:15.548+0000] {logging_mixin.py:188} INFO - [2026-03-31T15:08:15.547+0000] {dagbag.py:538} INFO - Filling up the DagBag from /opt/airflow/dags/daily_student_pipeline.py
[2026-03-31T15:08:15.575+0000] {processor.py:840} INFO - DAG(s) 'daily_student_pipeline' retrieved from /opt/airflow/dags/daily_student_pipeline.py
[2026-03-31T15:08:15.607+0000] {logging_mixin.py:188} INFO - [2026-03-31T15:08:15.607+0000] {dag.py:3036} INFO - Sync 1 DAGs
[2026-03-31T15:08:15.642+0000] {logging_mixin.py:188} INFO - [2026-03-31T15:08:15.642+0000] {dag.py:3823} INFO - Setting next_dagrun for daily_student_pipeline to 2026-03-31 02:00:00+00:00, run_after=2026-04-01 02:00:00+00:00
[2026-03-31T15:08:15.677+0000] {processor.py:183} INFO - Processing /opt/airflow/dags/daily_student_pipeline.py took 0.136 seconds
[2026-03-31T15:08:45.727+0000] {processor.py:161} INFO - Started process (PID=3898) to work on /opt/airflow/dags/daily_student_pipeline.py
[2026-03-31T15:08:45.728+0000] {processor.py:830} INFO - Processing file /opt/airflow/dags/daily_student_pipeline.py for tasks to queue
[2026-03-31T15:08:45.729+0000] {logging_mixin.py:188} INFO - [2026-03-31T15:08:45.729+0000] {dagbag.py:538} INFO - Filling up the DagBag from /opt/airflow/dags/daily_student_pipeline.py
[2026-03-31T15:08:45.751+0000] {processor.py:840} INFO - DAG(s) 'daily_student_pipeline' retrieved from /opt/airflow/dags/daily_student_pipeline.py
[2026-03-31T15:08:45.779+0000] {logging_mixin.py:188} INFO - [2026-03-31T15:08:45.779+0000] {dag.py:3036} INFO - Sync 1 DAGs
[2026-03-31T15:08:45.804+0000] {logging_mixin.py:188} INFO - [2026-03-31T15:08:45.804+0000] {dag.py:3823} INFO - Setting next_dagrun for daily_student_pipeline to 2026-03-31 02:00:00+00:00, run_after=2026-04-01 02:00:00+00:00
[2026-03-31T15:08:45.823+0000] {processor.py:183} INFO - Processing /opt/airflow/dags/daily_student_pipeline.py took 0.099 seconds
[2026-03-31T15:09:16.749+0000] {processor.py:161} INFO - Started process (PID=3921) to work on /opt/airflow/dags/daily_student_pipeline.py
[2026-03-31T15:09:16.750+0000] {processor.py:830} INFO - Processing file /opt/airflow/dags/daily_student_pipeline.py for tasks to queue
[2026-03-31T15:09:16.751+0000] {logging_mixin.py:188} INFO - [2026-03-31T15:09:16.751+0000] {dagbag.py:538} INFO - Filling up the DagBag from /opt/airflow/dags/daily_student_pipeline.py
[2026-03-31T15:09:16.774+0000] {processor.py:840} INFO - DAG(s) 'daily_student_pipeline' retrieved from /opt/airflow/dags/daily_student_pipeline.py
[2026-03-31T15:09:16.803+0000] {logging_mixin.py:188} INFO - [2026-03-31T15:09:16.803+0000] {dag.py:3036} INFO - Sync 1 DAGs
[2026-03-31T15:09:16.825+0000] {logging_mixin.py:188} INFO - [2026-03-31T15:09:16.825+0000] {dag.py:3823} INFO - Setting next_dagrun for daily_student_pipeline to 2026-03-31 02:00:00+00:00, run_after=2026-04-01 02:00:00+00:00
[2026-03-31T15:09:16.845+0000] {processor.py:183} INFO - Processing /opt/airflow/dags/daily_student_pipeline.py took 0.098 seconds
[2026-03-31T15:09:46.891+0000] {processor.py:161} INFO - Started process (PID=3944) to work on /opt/airflow/dags/daily_student_pipeline.py
[2026-03-31T15:09:46.892+0000] {processor.py:830} INFO - Processing file /opt/airflow/dags/daily_student_pipeline.py for tasks to queue
[2026-03-31T15:09:46.893+0000] {logging_mixin.py:188} INFO - [2026-03-31T15:09:46.893+0000] {dagbag.py:538} INFO - Filling up the DagBag from /opt/airflow/dags/daily_student_pipeline.py
[2026-03-31T15:09:46.916+0000] {processor.py:840} INFO - DAG(s) 'daily_student_pipeline' retrieved from /opt/airflow/dags/daily_student_pipeline.py
[2026-03-31T15:09:46.949+0000] {logging_mixin.py:188} INFO - [2026-03-31T15:09:46.949+0000] {dag.py:3036} INFO - Sync 1 DAGs
[2026-03-31T15:09:46.972+0000] {logging_mixin.py:188} INFO - [2026-03-31T15:09:46.972+0000] {dag.py:3823} INFO - Setting next_dagrun for daily_student_pipeline to 2026-03-31 02:00:00+00:00, run_after=2026-04-01 02:00:00+00:00
[2026-03-31T15:09:46.992+0000] {processor.py:183} INFO - Processing /opt/airflow/dags/daily_student_pipeline.py took 0.103 seconds
[2026-03-31T15:10:17.040+0000] {processor.py:161} INFO - Started process (PID=3967) to work on /opt/airflow/dags/daily_student_pipeline.py
[2026-03-31T15:10:17.042+0000] {processor.py:830} INFO - Processing file /opt/airflow/dags/daily_student_pipeline.py for tasks to queue
[2026-03-31T15:10:17.043+0000] {logging_mixin.py:188} INFO - [2026-03-31T15:10:17.043+0000] {dagbag.py:538} INFO - Filling up the DagBag from /opt/airflow/dags/daily_student_pipeline.py
[2026-03-31T15:10:17.068+0000] {processor.py:840} INFO - DAG(s) 'daily_student_pipeline' retrieved from /opt/airflow/dags/daily_student_pipeline.py
[2026-03-31T15:10:17.105+0000] {logging_mixin.py:188} INFO - [2026-03-31T15:10:17.105+0000] {dag.py:3036} INFO - Sync 1 DAGs
[2026-03-31T15:10:17.137+0000] {logging_mixin.py:188} INFO - [2026-03-31T15:10:17.136+0000] {dag.py:3823} INFO - Setting next_dagrun for daily_student_pipeline to 2026-03-31 02:00:00+00:00, run_after=2026-04-01 02:00:00+00:00
[2026-03-31T15:10:17.160+0000] {processor.py:183} INFO - Processing /opt/airflow/dags/daily_student_pipeline.py took 0.123 seconds
[2026-03-31T15:10:47.244+0000] {processor.py:161} INFO - Started process (PID=3990) to work on /opt/airflow/dags/daily_student_pipeline.py
[2026-03-31T15:10:47.246+0000] {processor.py:830} INFO - Processing file /opt/airflow/dags/daily_student_pipeline.py for tasks to queue
[2026-03-31T15:10:47.247+0000] {logging_mixin.py:188} INFO - [2026-03-31T15:10:47.247+0000] {dagbag.py:538} INFO - Filling up the DagBag from /opt/airflow/dags/daily_student_pipeline.py
[2026-03-31T15:10:47.275+0000] {processor.py:840} INFO - DAG(s) 'daily_student_pipeline' retrieved from /opt/airflow/dags/daily_student_pipeline.py
[2026-03-31T15:10:47.472+0000] {logging_mixin.py:188} INFO - [2026-03-31T15:10:47.471+0000] {dag.py:3036} INFO - Sync 1 DAGs
[2026-03-31T15:10:47.608+0000] {logging_mixin.py:188} INFO - [2026-03-31T15:10:47.608+0000] {dag.py:3823} INFO - Setting next_dagrun for daily_student_pipeline to 2026-03-31 02:00:00+00:00, run_after=2026-04-01 02:00:00+00:00
[2026-03-31T15:10:47.640+0000] {processor.py:183} INFO - Processing /opt/airflow/dags/daily_student_pipeline.py took 0.400 seconds
[2026-03-31T15:11:17.750+0000] {processor.py:161} INFO - Started process (PID=4005) to work on /opt/airflow/dags/daily_student_pipeline.py
[2026-03-31T15:11:17.751+0000] {processor.py:830} INFO - Processing file /opt/airflow/dags/daily_student_pipeline.py for tasks to queue
[2026-03-31T15:11:17.752+0000] {logging_mixin.py:188} INFO - [2026-03-31T15:11:17.752+0000] {dagbag.py:538} INFO - Filling up the DagBag from /opt/airflow/dags/daily_student_pipeline.py
[2026-03-31T15:11:17.777+0000] {processor.py:840} INFO - DAG(s) 'daily_student_pipeline' retrieved from /opt/airflow/dags/daily_student_pipeline.py
[2026-03-31T15:11:17.807+0000] {logging_mixin.py:188} INFO - [2026-03-31T15:11:17.807+0000] {dag.py:3036} INFO - Sync 1 DAGs
[2026-03-31T15:11:17.831+0000] {logging_mixin.py:188} INFO - [2026-03-31T15:11:17.831+0000] {dag.py:3823} INFO - Setting next_dagrun for daily_student_pipeline to 2026-03-31 02:00:00+00:00, run_after=2026-04-01 02:00:00+00:00
[2026-03-31T15:11:17.852+0000] {processor.py:183} INFO - Processing /opt/airflow/dags/daily_student_pipeline.py took 0.105 seconds
[2026-03-31T15:11:47.968+0000] {processor.py:161} INFO - Started process (PID=4028) to work on /opt/airflow/dags/daily_student_pipeline.py
[2026-03-31T15:11:47.969+0000] {processor.py:830} INFO - Processing file /opt/airflow/dags/daily_student_pipeline.py for tasks to queue
[2026-03-31T15:11:47.970+0000] {logging_mixin.py:188} INFO - [2026-03-31T15:11:47.970+0000] {dagbag.py:538} INFO - Filling up the DagBag from /opt/airflow/dags/daily_student_pipeline.py
[2026-03-31T15:11:47.996+0000] {processor.py:840} INFO - DAG(s) 'daily_student_pipeline' retrieved from /opt/airflow/dags/daily_student_pipeline.py
[2026-03-31T15:11:48.027+0000] {logging_mixin.py:188} INFO - [2026-03-31T15:11:48.027+0000] {dag.py:3036} INFO - Sync 1 DAGs
[2026-03-31T15:11:48.048+0000] {logging_mixin.py:188} INFO - [2026-03-31T15:11:48.048+0000] {dag.py:3823} INFO - Setting next_dagrun for daily_student_pipeline to 2026-03-31 02:00:00+00:00, run_after=2026-04-01 02:00:00+00:00
[2026-03-31T15:11:48.067+0000] {processor.py:183} INFO - Processing /opt/airflow/dags/daily_student_pipeline.py took 0.103 seconds
[2026-03-31T15:12:18.222+0000] {processor.py:161} INFO - Started process (PID=4051) to work on /opt/airflow/dags/daily_student_pipeline.py
[2026-03-31T15:12:18.223+0000] {processor.py:830} INFO - Processing file /opt/airflow/dags/daily_student_pipeline.py for tasks to queue
[2026-03-31T15:12:18.223+0000] {logging_mixin.py:188} INFO - [2026-03-31T15:12:18.223+0000] {dagbag.py:538} INFO - Filling up the DagBag from /opt/airflow/dags/daily_student_pipeline.py
[2026-03-31T15:12:18.250+0000] {processor.py:840} INFO - DAG(s) 'daily_student_pipeline' retrieved from /opt/airflow/dags/daily_student_pipeline.py
[2026-03-31T15:12:18.283+0000] {logging_mixin.py:188} INFO - [2026-03-31T15:12:18.283+0000] {dag.py:3036} INFO - Sync 1 DAGs
[2026-03-31T15:12:18.305+0000] {logging_mixin.py:188} INFO - [2026-03-31T15:12:18.304+0000] {dag.py:3823} INFO - Setting next_dagrun for daily_student_pipeline to 2026-03-31 02:00:00+00:00, run_after=2026-04-01 02:00:00+00:00
[2026-03-31T15:12:18.326+0000] {processor.py:183} INFO - Processing /opt/airflow/dags/daily_student_pipeline.py took 0.107 seconds
[2026-03-31T15:12:48.427+0000] {processor.py:161} INFO - Started process (PID=4074) to work on /opt/airflow/dags/daily_student_pipeline.py
[2026-03-31T15:12:48.428+0000] {processor.py:830} INFO - Processing file /opt/airflow/dags/daily_student_pipeline.py for tasks to queue
[2026-03-31T15:12:48.429+0000] {logging_mixin.py:188} INFO - [2026-03-31T15:12:48.429+0000] {dagbag.py:538} INFO - Filling up the DagBag from /opt/airflow/dags/daily_student_pipeline.py
[2026-03-31T15:12:48.451+0000] {processor.py:840} INFO - DAG(s) 'daily_student_pipeline' retrieved from /opt/airflow/dags/daily_student_pipeline.py
[2026-03-31T15:12:48.478+0000] {logging_mixin.py:188} INFO - [2026-03-31T15:12:48.478+0000] {dag.py:3036} INFO - Sync 1 DAGs
[2026-03-31T15:12:48.500+0000] {logging_mixin.py:188} INFO - [2026-03-31T15:12:48.499+0000] {dag.py:3823} INFO - Setting next_dagrun for daily_student_pipeline to 2026-03-31 02:00:00+00:00, run_after=2026-04-01 02:00:00+00:00
[2026-03-31T15:12:48.520+0000] {processor.py:183} INFO - Processing /opt/airflow/dags/daily_student_pipeline.py took 0.096 seconds
[2026-03-31T15:13:18.725+0000] {processor.py:161} INFO - Started process (PID=4096) to work on /opt/airflow/dags/daily_student_pipeline.py
[2026-03-31T15:13:18.726+0000] {processor.py:830} INFO - Processing file /opt/airflow/dags/daily_student_pipeline.py for tasks to queue
[2026-03-31T15:13:18.726+0000] {logging_mixin.py:188} INFO - [2026-03-31T15:13:18.726+0000] {dagbag.py:538} INFO - Filling up the DagBag from /opt/airflow/dags/daily_student_pipeline.py
[2026-03-31T15:13:18.752+0000] {processor.py:840} INFO - DAG(s) 'daily_student_pipeline' retrieved from /opt/airflow/dags/daily_student_pipeline.py
[2026-03-31T15:13:18.778+0000] {logging_mixin.py:188} INFO - [2026-03-31T15:13:18.778+0000] {dag.py:3036} INFO - Sync 1 DAGs
[2026-03-31T15:13:18.800+0000] {logging_mixin.py:188} INFO - [2026-03-31T15:13:18.800+0000] {dag.py:3823} INFO - Setting next_dagrun for daily_student_pipeline to 2026-03-31 02:00:00+00:00, run_after=2026-04-01 02:00:00+00:00
[2026-03-31T15:13:18.821+0000] {processor.py:183} INFO - Processing /opt/airflow/dags/daily_student_pipeline.py took 0.099 seconds
[2026-03-31T15:13:48.911+0000] {processor.py:161} INFO - Started process (PID=4119) to work on /opt/airflow/dags/daily_student_pipeline.py
[2026-03-31T15:13:48.913+0000] {processor.py:830} INFO - Processing file /opt/airflow/dags/daily_student_pipeline.py for tasks to queue
[2026-03-31T15:13:48.914+0000] {logging_mixin.py:188} INFO - [2026-03-31T15:13:48.914+0000] {dagbag.py:538} INFO - Filling up the DagBag from /opt/airflow/dags/daily_student_pipeline.py
[2026-03-31T15:13:48.941+0000] {processor.py:840} INFO - DAG(s) 'daily_student_pipeline' retrieved from /opt/airflow/dags/daily_student_pipeline.py
[2026-03-31T15:13:48.971+0000] {logging_mixin.py:188} INFO - [2026-03-31T15:13:48.971+0000] {dag.py:3036} INFO - Sync 1 DAGs
[2026-03-31T15:13:48.996+0000] {logging_mixin.py:188} INFO - [2026-03-31T15:13:48.996+0000] {dag.py:3823} INFO - Setting next_dagrun for daily_student_pipeline to 2026-03-31 02:00:00+00:00, run_after=2026-04-01 02:00:00+00:00
[2026-03-31T15:13:49.018+0000] {processor.py:183} INFO - Processing /opt/airflow/dags/daily_student_pipeline.py took 0.111 seconds
[2026-03-31T15:14:19.075+0000] {processor.py:161} INFO - Started process (PID=4142) to work on /opt/airflow/dags/daily_student_pipeline.py
[2026-03-31T15:14:19.076+0000] {processor.py:830} INFO - Processing file /opt/airflow/dags/daily_student_pipeline.py for tasks to queue
[2026-03-31T15:14:19.077+0000] {logging_mixin.py:188} INFO - [2026-03-31T15:14:19.077+0000] {dagbag.py:538} INFO - Filling up the DagBag from /opt/airflow/dags/daily_student_pipeline.py
[2026-03-31T15:14:19.114+0000] {processor.py:840} INFO - DAG(s) 'daily_student_pipeline' retrieved from /opt/airflow/dags/daily_student_pipeline.py
[2026-03-31T15:14:19.153+0000] {logging_mixin.py:188} INFO - [2026-03-31T15:14:19.153+0000] {dag.py:3036} INFO - Sync 1 DAGs
[2026-03-31T15:14:19.180+0000] {logging_mixin.py:188} INFO - [2026-03-31T15:14:19.180+0000] {dag.py:3823} INFO - Setting next_dagrun for daily_student_pipeline to 2026-03-31 02:00:00+00:00, run_after=2026-04-01 02:00:00+00:00
[2026-03-31T15:14:19.202+0000] {processor.py:183} INFO - Processing /opt/airflow/dags/daily_student_pipeline.py took 0.129 seconds
[2026-03-31T15:14:49.296+0000] {processor.py:161} INFO - Started process (PID=4165) to work on /opt/airflow/dags/daily_student_pipeline.py
[2026-03-31T15:14:49.297+0000] {processor.py:830} INFO - Processing file /opt/airflow/dags/daily_student_pipeline.py for tasks to queue
[2026-03-31T15:14:49.298+0000] {logging_mixin.py:188} INFO - [2026-03-31T15:14:49.298+0000] {dagbag.py:538} INFO - Filling up the DagBag from /opt/airflow/dags/daily_student_pipeline.py
[2026-03-31T15:14:49.324+0000] {processor.py:840} INFO - DAG(s) 'daily_student_pipeline' retrieved from /opt/airflow/dags/daily_student_pipeline.py
[2026-03-31T15:14:49.351+0000] {logging_mixin.py:188} INFO - [2026-03-31T15:14:49.351+0000] {dag.py:3036} INFO - Sync 1 DAGs
[2026-03-31T15:14:49.371+0000] {logging_mixin.py:188} INFO - [2026-03-31T15:14:49.371+0000] {dag.py:3823} INFO - Setting next_dagrun for daily_student_pipeline to 2026-03-31 02:00:00+00:00, run_after=2026-04-01 02:00:00+00:00
[2026-03-31T15:14:49.390+0000] {processor.py:183} INFO - Processing /opt/airflow/dags/daily_student_pipeline.py took 0.097 seconds
[2026-03-31T15:15:19.460+0000] {processor.py:161} INFO - Started process (PID=4188) to work on /opt/airflow/dags/daily_student_pipeline.py
[2026-03-31T15:15:19.462+0000] {processor.py:830} INFO - Processing file /opt/airflow/dags/daily_student_pipeline.py for tasks to queue
[2026-03-31T15:15:19.464+0000] {logging_mixin.py:188} INFO - [2026-03-31T15:15:19.463+0000] {dagbag.py:538} INFO - Filling up the DagBag from /opt/airflow/dags/daily_student_pipeline.py
[2026-03-31T15:15:19.574+0000] {processor.py:840} INFO - DAG(s) 'daily_student_pipeline' retrieved from /opt/airflow/dags/daily_student_pipeline.py
[2026-03-31T15:15:19.753+0000] {logging_mixin.py:188} INFO - [2026-03-31T15:15:19.752+0000] {dag.py:3036} INFO - Sync 1 DAGs
[2026-03-31T15:15:19.785+0000] {logging_mixin.py:188} INFO - [2026-03-31T15:15:19.785+0000] {dag.py:3823} INFO - Setting next_dagrun for daily_student_pipeline to 2026-03-31 02:00:00+00:00, run_after=2026-04-01 02:00:00+00:00
[2026-03-31T15:15:19.807+0000] {processor.py:183} INFO - Processing /opt/airflow/dags/daily_student_pipeline.py took 0.351 seconds
[2026-03-31T15:15:49.890+0000] {processor.py:161} INFO - Started process (PID=4203) to work on /opt/airflow/dags/daily_student_pipeline.py
[2026-03-31T15:15:49.891+0000] {processor.py:830} INFO - Processing file /opt/airflow/dags/daily_student_pipeline.py for tasks to queue
[2026-03-31T15:15:49.892+0000] {logging_mixin.py:188} INFO - [2026-03-31T15:15:49.892+0000] {dagbag.py:538} INFO - Filling up the DagBag from /opt/airflow/dags/daily_student_pipeline.py
[2026-03-31T15:15:49.915+0000] {processor.py:840} INFO - DAG(s) 'daily_student_pipeline' retrieved from /opt/airflow/dags/daily_student_pipeline.py
[2026-03-31T15:15:49.948+0000] {logging_mixin.py:188} INFO - [2026-03-31T15:15:49.947+0000] {dag.py:3036} INFO - Sync 1 DAGs
[2026-03-31T15:15:49.970+0000] {logging_mixin.py:188} INFO - [2026-03-31T15:15:49.970+0000] {dag.py:3823} INFO - Setting next_dagrun for daily_student_pipeline to 2026-03-31 02:00:00+00:00, run_after=2026-04-01 02:00:00+00:00
[2026-03-31T15:15:49.987+0000] {processor.py:183} INFO - Processing /opt/airflow/dags/daily_student_pipeline.py took 0.101 seconds
[2026-03-31T15:16:20.065+0000] {processor.py:161} INFO - Started process (PID=4226) to work on /opt/airflow/dags/daily_student_pipeline.py
[2026-03-31T15:16:20.066+0000] {processor.py:830} INFO - Processing file /opt/airflow/dags/daily_student_pipeline.py for tasks to queue
[2026-03-31T15:16:20.069+0000] {logging_mixin.py:188} INFO - [2026-03-31T15:16:20.067+0000] {dagbag.py:538} INFO - Filling up the DagBag from /opt/airflow/dags/daily_student_pipeline.py
[2026-03-31T15:16:20.091+0000] {processor.py:840} INFO - DAG(s) 'daily_student_pipeline' retrieved from /opt/airflow/dags/daily_student_pipeline.py
[2026-03-31T15:16:20.124+0000] {logging_mixin.py:188} INFO - [2026-03-31T15:16:20.123+0000] {dag.py:3036} INFO - Sync 1 DAGs
[2026-03-31T15:16:20.152+0000] {logging_mixin.py:188} INFO - [2026-03-31T15:16:20.152+0000] {dag.py:3823} INFO - Setting next_dagrun for daily_student_pipeline to 2026-03-31 02:00:00+00:00, run_after=2026-04-01 02:00:00+00:00
[2026-03-31T15:16:20.172+0000] {processor.py:183} INFO - Processing /opt/airflow/dags/daily_student_pipeline.py took 0.110 seconds
[2026-03-31T15:16:50.240+0000] {processor.py:161} INFO - Started process (PID=4249) to work on /opt/airflow/dags/daily_student_pipeline.py
[2026-03-31T15:16:50.241+0000] {processor.py:830} INFO - Processing file /opt/airflow/dags/daily_student_pipeline.py for tasks to queue
[2026-03-31T15:16:50.242+0000] {logging_mixin.py:188} INFO - [2026-03-31T15:16:50.242+0000] {dagbag.py:538} INFO - Filling up the DagBag from /opt/airflow/dags/daily_student_pipeline.py
[2026-03-31T15:16:50.264+0000] {processor.py:840} INFO - DAG(s) 'daily_student_pipeline' retrieved from /opt/airflow/dags/daily_student_pipeline.py
[2026-03-31T15:16:50.292+0000] {logging_mixin.py:188} INFO - [2026-03-31T15:16:50.292+0000] {dag.py:3036} INFO - Sync 1 DAGs
[2026-03-31T15:16:50.315+0000] {logging_mixin.py:188} INFO - [2026-03-31T15:16:50.315+0000] {dag.py:3823} INFO - Setting next_dagrun for daily_student_pipeline to 2026-03-31 02:00:00+00:00, run_after=2026-04-01 02:00:00+00:00
[2026-03-31T15:16:50.336+0000] {processor.py:183} INFO - Processing /opt/airflow/dags/daily_student_pipeline.py took 0.099 seconds
[2026-03-31T15:17:20.488+0000] {processor.py:161} INFO - Started process (PID=4272) to work on /opt/airflow/dags/daily_student_pipeline.py
[2026-03-31T15:17:20.489+0000] {processor.py:830} INFO - Processing file /opt/airflow/dags/daily_student_pipeline.py for tasks to queue
[2026-03-31T15:17:20.490+0000] {logging_mixin.py:188} INFO - [2026-03-31T15:17:20.490+0000] {dagbag.py:538} INFO - Filling up the DagBag from /opt/airflow/dags/daily_student_pipeline.py
[2026-03-31T15:17:20.515+0000] {processor.py:840} INFO - DAG(s) 'daily_student_pipeline' retrieved from /opt/airflow/dags/daily_student_pipeline.py
[2026-03-31T15:17:20.544+0000] {logging_mixin.py:188} INFO - [2026-03-31T15:17:20.544+0000] {dag.py:3036} INFO - Sync 1 DAGs
[2026-03-31T15:17:20.565+0000] {logging_mixin.py:188} INFO - [2026-03-31T15:17:20.565+0000] {dag.py:3823} INFO - Setting next_dagrun for daily_student_pipeline to 2026-03-31 02:00:00+00:00, run_after=2026-04-01 02:00:00+00:00
[2026-03-31T15:17:20.602+0000] {processor.py:183} INFO - Processing /opt/airflow/dags/daily_student_pipeline.py took 0.117 seconds
[2026-03-31T15:17:50.690+0000] {processor.py:161} INFO - Started process (PID=4295) to work on /opt/airflow/dags/daily_student_pipeline.py
[2026-03-31T15:17:50.691+0000] {processor.py:830} INFO - Processing file /opt/airflow/dags/daily_student_pipeline.py for tasks to queue
[2026-03-31T15:17:50.692+0000] {logging_mixin.py:188} INFO - [2026-03-31T15:17:50.691+0000] {dagbag.py:538} INFO - Filling up the DagBag from /opt/airflow/dags/daily_student_pipeline.py
[2026-03-31T15:17:50.709+0000] {processor.py:840} INFO - DAG(s) 'daily_student_pipeline' retrieved from /opt/airflow/dags/daily_student_pipeline.py
[2026-03-31T15:17:50.737+0000] {logging_mixin.py:188} INFO - [2026-03-31T15:17:50.737+0000] {dag.py:3036} INFO - Sync 1 DAGs
[2026-03-31T15:17:50.759+0000] {logging_mixin.py:188} INFO - [2026-03-31T15:17:50.759+0000] {dag.py:3823} INFO - Setting next_dagrun for daily_student_pipeline to 2026-03-31 02:00:00+00:00, run_after=2026-04-01 02:00:00+00:00
[2026-03-31T15:17:50.778+0000] {processor.py:183} INFO - Processing /opt/airflow/dags/daily_student_pipeline.py took 0.091 seconds
[2026-03-31T15:18:20.897+0000] {processor.py:161} INFO - Started process (PID=4318) to work on /opt/airflow/dags/daily_student_pipeline.py
[2026-03-31T15:18:20.899+0000] {processor.py:830} INFO - Processing file /opt/airflow/dags/daily_student_pipeline.py for tasks to queue
[2026-03-31T15:18:20.901+0000] {logging_mixin.py:188} INFO - [2026-03-31T15:18:20.900+0000] {dagbag.py:538} INFO - Filling up the DagBag from /opt/airflow/dags/daily_student_pipeline.py
[2026-03-31T15:18:20.934+0000] {processor.py:840} INFO - DAG(s) 'daily_student_pipeline' retrieved from /opt/airflow/dags/daily_student_pipeline.py
[2026-03-31T15:18:20.982+0000] {logging_mixin.py:188} INFO - [2026-03-31T15:18:20.982+0000] {dag.py:3036} INFO - Sync 1 DAGs
[2026-03-31T15:18:21.025+0000] {logging_mixin.py:188} INFO - [2026-03-31T15:18:21.025+0000] {dag.py:3823} INFO - Setting next_dagrun for daily_student_pipeline to 2026-03-31 02:00:00+00:00, run_after=2026-04-01 02:00:00+00:00
[2026-03-31T15:18:21.065+0000] {processor.py:183} INFO - Processing /opt/airflow/dags/daily_student_pipeline.py took 0.173 seconds
[2026-03-31T15:18:51.141+0000] {processor.py:161} INFO - Started process (PID=4341) to work on /opt/airflow/dags/daily_student_pipeline.py
[2026-03-31T15:18:51.142+0000] {processor.py:830} INFO - Processing file /opt/airflow/dags/daily_student_pipeline.py for tasks to queue
[2026-03-31T15:18:51.143+0000] {logging_mixin.py:188} INFO - [2026-03-31T15:18:51.143+0000] {dagbag.py:538} INFO - Filling up the DagBag from /opt/airflow/dags/daily_student_pipeline.py
[2026-03-31T15:18:51.167+0000] {processor.py:840} INFO - DAG(s) 'daily_student_pipeline' retrieved from /opt/airflow/dags/daily_student_pipeline.py
[2026-03-31T15:18:51.199+0000] {logging_mixin.py:188} INFO - [2026-03-31T15:18:51.199+0000] {dag.py:3036} INFO - Sync 1 DAGs
[2026-03-31T15:18:51.222+0000] {logging_mixin.py:188} INFO - [2026-03-31T15:18:51.222+0000] {dag.py:3823} INFO - Setting next_dagrun for daily_student_pipeline to 2026-03-31 02:00:00+00:00, run_after=2026-04-01 02:00:00+00:00
[2026-03-31T15:18:51.242+0000] {processor.py:183} INFO - Processing /opt/airflow/dags/daily_student_pipeline.py took 0.104 seconds
[2026-03-31T15:19:21.306+0000] {processor.py:161} INFO - Started process (PID=4364) to work on /opt/airflow/dags/daily_student_pipeline.py
[2026-03-31T15:19:21.306+0000] {processor.py:830} INFO - Processing file /opt/airflow/dags/daily_student_pipeline.py for tasks to queue
[2026-03-31T15:19:21.307+0000] {logging_mixin.py:188} INFO - [2026-03-31T15:19:21.307+0000] {dagbag.py:538} INFO - Filling up the DagBag from /opt/airflow/dags/daily_student_pipeline.py
[2026-03-31T15:19:21.335+0000] {processor.py:840} INFO - DAG(s) 'daily_student_pipeline' retrieved from /opt/airflow/dags/daily_student_pipeline.py
[2026-03-31T15:19:21.374+0000] {logging_mixin.py:188} INFO - [2026-03-31T15:19:21.374+0000] {dag.py:3036} INFO - Sync 1 DAGs
[2026-03-31T15:19:21.399+0000] {logging_mixin.py:188} INFO - [2026-03-31T15:19:21.399+0000] {dag.py:3823} INFO - Setting next_dagrun for daily_student_pipeline to 2026-03-31 02:00:00+00:00, run_after=2026-04-01 02:00:00+00:00
[2026-03-31T15:19:21.420+0000] {processor.py:183} INFO - Processing /opt/airflow/dags/daily_student_pipeline.py took 0.117 seconds
[2026-03-31T15:19:51.567+0000] {processor.py:161} INFO - Started process (PID=4387) to work on /opt/airflow/dags/daily_student_pipeline.py
[2026-03-31T15:19:51.569+0000] {processor.py:830} INFO - Processing file /opt/airflow/dags/daily_student_pipeline.py for tasks to queue
[2026-03-31T15:19:51.570+0000] {logging_mixin.py:188} INFO - [2026-03-31T15:19:51.569+0000] {dagbag.py:538} INFO - Filling up the DagBag from /opt/airflow/dags/daily_student_pipeline.py
[2026-03-31T15:19:51.595+0000] {processor.py:840} INFO - DAG(s) 'daily_student_pipeline' retrieved from /opt/airflow/dags/daily_student_pipeline.py
[2026-03-31T15:19:51.626+0000] {logging_mixin.py:188} INFO - [2026-03-31T15:19:51.626+0000] {dag.py:3036} INFO - Sync 1 DAGs
[2026-03-31T15:19:51.653+0000] {logging_mixin.py:188} INFO - [2026-03-31T15:19:51.652+0000] {dag.py:3823} INFO - Setting next_dagrun for daily_student_pipeline to 2026-03-31 02:00:00+00:00, run_after=2026-04-01 02:00:00+00:00
[2026-03-31T15:19:51.677+0000] {processor.py:183} INFO - Processing /opt/airflow/dags/daily_student_pipeline.py took 0.114 seconds
[2026-03-31T15:20:21.802+0000] {processor.py:161} INFO - Started process (PID=4402) to work on /opt/airflow/dags/daily_student_pipeline.py
[2026-03-31T15:20:21.803+0000] {processor.py:830} INFO - Processing file /opt/airflow/dags/daily_student_pipeline.py for tasks to queue
[2026-03-31T15:20:21.804+0000] {logging_mixin.py:188} INFO - [2026-03-31T15:20:21.804+0000] {dagbag.py:538} INFO - Filling up the DagBag from /opt/airflow/dags/daily_student_pipeline.py
[2026-03-31T15:20:21.827+0000] {processor.py:840} INFO - DAG(s) 'daily_student_pipeline' retrieved from /opt/airflow/dags/daily_student_pipeline.py
[2026-03-31T15:20:21.857+0000] {logging_mixin.py:188} INFO - [2026-03-31T15:20:21.857+0000] {dag.py:3036} INFO - Sync 1 DAGs
[2026-03-31T15:20:21.882+0000] {logging_mixin.py:188} INFO - [2026-03-31T15:20:21.882+0000] {dag.py:3823} INFO - Setting next_dagrun for daily_student_pipeline to 2026-03-31 02:00:00+00:00, run_after=2026-04-01 02:00:00+00:00
[2026-03-31T15:20:21.907+0000] {processor.py:183} INFO - Processing /opt/airflow/dags/daily_student_pipeline.py took 0.108 seconds
[2026-03-31T15:20:52.054+0000] {processor.py:161} INFO - Started process (PID=4425) to work on /opt/airflow/dags/daily_student_pipeline.py
[2026-03-31T15:20:52.055+0000] {processor.py:830} INFO - Processing file /opt/airflow/dags/daily_student_pipeline.py for tasks to queue
[2026-03-31T15:20:52.056+0000] {logging_mixin.py:188} INFO - [2026-03-31T15:20:52.055+0000] {dagbag.py:538} INFO - Filling up the DagBag from /opt/airflow/dags/daily_student_pipeline.py
[2026-03-31T15:20:52.079+0000] {processor.py:840} INFO - DAG(s) 'daily_student_pipeline' retrieved from /opt/airflow/dags/daily_student_pipeline.py
[2026-03-31T15:20:52.107+0000] {logging_mixin.py:188} INFO - [2026-03-31T15:20:52.106+0000] {dag.py:3036} INFO - Sync 1 DAGs
[2026-03-31T15:20:52.137+0000] {logging_mixin.py:188} INFO - [2026-03-31T15:20:52.137+0000] {dag.py:3823} INFO - Setting next_dagrun for daily_student_pipeline to 2026-03-31 02:00:00+00:00, run_after=2026-04-01 02:00:00+00:00
[2026-03-31T15:20:52.162+0000] {processor.py:183} INFO - Processing /opt/airflow/dags/daily_student_pipeline.py took 0.111 seconds
[2026-03-31T15:21:22.262+0000] {processor.py:161} INFO - Started process (PID=4448) to work on /opt/airflow/dags/daily_student_pipeline.py
[2026-03-31T15:21:22.263+0000] {processor.py:830} INFO - Processing file /opt/airflow/dags/daily_student_pipeline.py for tasks to queue
[2026-03-31T15:21:22.264+0000] {logging_mixin.py:188} INFO - [2026-03-31T15:21:22.264+0000] {dagbag.py:538} INFO - Filling up the DagBag from /opt/airflow/dags/daily_student_pipeline.py
[2026-03-31T15:21:22.292+0000] {processor.py:840} INFO - DAG(s) 'daily_student_pipeline' retrieved from /opt/airflow/dags/daily_student_pipeline.py
[2026-03-31T15:21:22.328+0000] {logging_mixin.py:188} INFO - [2026-03-31T15:21:22.328+0000] {dag.py:3036} INFO - Sync 1 DAGs
[2026-03-31T15:21:22.351+0000] {logging_mixin.py:188} INFO - [2026-03-31T15:21:22.351+0000] {dag.py:3823} INFO - Setting next_dagrun for daily_student_pipeline to 2026-03-31 02:00:00+00:00, run_after=2026-04-01 02:00:00+00:00
[2026-03-31T15:21:22.370+0000] {processor.py:183} INFO - Processing /opt/airflow/dags/daily_student_pipeline.py took 0.111 seconds
[2026-03-31T15:21:52.500+0000] {processor.py:161} INFO - Started process (PID=4471) to work on /opt/airflow/dags/daily_student_pipeline.py
[2026-03-31T15:21:52.502+0000] {processor.py:830} INFO - Processing file /opt/airflow/dags/daily_student_pipeline.py for tasks to queue
[2026-03-31T15:21:52.503+0000] {logging_mixin.py:188} INFO - [2026-03-31T15:21:52.503+0000] {dagbag.py:538} INFO - Filling up the DagBag from /opt/airflow/dags/daily_student_pipeline.py
[2026-03-31T15:21:52.542+0000] {processor.py:840} INFO - DAG(s) 'daily_student_pipeline' retrieved from /opt/airflow/dags/daily_student_pipeline.py
[2026-03-31T15:21:52.592+0000] {logging_mixin.py:188} INFO - [2026-03-31T15:21:52.592+0000] {dag.py:3036} INFO - Sync 1 DAGs
[2026-03-31T15:21:52.624+0000] {logging_mixin.py:188} INFO - [2026-03-31T15:21:52.623+0000] {dag.py:3823} INFO - Setting next_dagrun for daily_student_pipeline to 2026-03-31 02:00:00+00:00, run_after=2026-04-01 02:00:00+00:00
[2026-03-31T15:21:52.647+0000] {processor.py:183} INFO - Processing /opt/airflow/dags/daily_student_pipeline.py took 0.154 seconds
[2026-03-31T15:22:22.770+0000] {processor.py:161} INFO - Started process (PID=4494) to work on /opt/airflow/dags/daily_student_pipeline.py
[2026-03-31T15:22:22.771+0000] {processor.py:830} INFO - Processing file /opt/airflow/dags/daily_student_pipeline.py for tasks to queue
[2026-03-31T15:22:22.772+0000] {logging_mixin.py:188} INFO - [2026-03-31T15:22:22.772+0000] {dagbag.py:538} INFO - Filling up the DagBag from /opt/airflow/dags/daily_student_pipeline.py
[2026-03-31T15:22:22.804+0000] {processor.py:840} INFO - DAG(s) 'daily_student_pipeline' retrieved from /opt/airflow/dags/daily_student_pipeline.py
[2026-03-31T15:22:22.840+0000] {logging_mixin.py:188} INFO - [2026-03-31T15:22:22.840+0000] {dag.py:3036} INFO - Sync 1 DAGs
[2026-03-31T15:22:22.865+0000] {logging_mixin.py:188} INFO - [2026-03-31T15:22:22.865+0000] {dag.py:3823} INFO - Setting next_dagrun for daily_student_pipeline to 2026-03-31 02:00:00+00:00, run_after=2026-04-01 02:00:00+00:00
[2026-03-31T15:22:22.897+0000] {processor.py:183} INFO - Processing /opt/airflow/dags/daily_student_pipeline.py took 0.130 seconds
[2026-03-31T15:22:53.049+0000] {processor.py:161} INFO - Started process (PID=4517) to work on /opt/airflow/dags/daily_student_pipeline.py
[2026-03-31T15:22:53.051+0000] {processor.py:830} INFO - Processing file /opt/airflow/dags/daily_student_pipeline.py for tasks to queue
[2026-03-31T15:22:53.051+0000] {logging_mixin.py:188} INFO - [2026-03-31T15:22:53.051+0000] {dagbag.py:538} INFO - Filling up the DagBag from /opt/airflow/dags/daily_student_pipeline.py
[2026-03-31T15:22:53.082+0000] {processor.py:840} INFO - DAG(s) 'daily_student_pipeline' retrieved from /opt/airflow/dags/daily_student_pipeline.py
[2026-03-31T15:22:53.120+0000] {logging_mixin.py:188} INFO - [2026-03-31T15:22:53.120+0000] {dag.py:3036} INFO - Sync 1 DAGs
[2026-03-31T15:22:53.147+0000] {logging_mixin.py:188} INFO - [2026-03-31T15:22:53.147+0000] {dag.py:3823} INFO - Setting next_dagrun for daily_student_pipeline to 2026-03-31 02:00:00+00:00, run_after=2026-04-01 02:00:00+00:00
[2026-03-31T15:22:53.172+0000] {processor.py:183} INFO - Processing /opt/airflow/dags/daily_student_pipeline.py took 0.125 seconds
[2026-03-31T15:23:25.227+0000] {processor.py:161} INFO - Started process (PID=4540) to work on /opt/airflow/dags/daily_student_pipeline.py
[2026-03-31T15:23:25.228+0000] {processor.py:830} INFO - Processing file /opt/airflow/dags/daily_student_pipeline.py for tasks to queue
[2026-03-31T15:23:25.229+0000] {logging_mixin.py:188} INFO - [2026-03-31T15:23:25.229+0000] {dagbag.py:538} INFO - Filling up the DagBag from /opt/airflow/dags/daily_student_pipeline.py
[2026-03-31T15:23:25.250+0000] {processor.py:840} INFO - DAG(s) 'daily_student_pipeline' retrieved from /opt/airflow/dags/daily_student_pipeline.py
[2026-03-31T15:23:25.289+0000] {logging_mixin.py:188} INFO - [2026-03-31T15:23:25.288+0000] {dag.py:3036} INFO - Sync 1 DAGs
[2026-03-31T15:23:25.315+0000] {logging_mixin.py:188} INFO - [2026-03-31T15:23:25.315+0000] {dag.py:3823} INFO - Setting next_dagrun for daily_student_pipeline to 2026-03-31 02:00:00+00:00, run_after=2026-04-01 02:00:00+00:00
[2026-03-31T15:23:25.335+0000] {processor.py:183} INFO - Processing /opt/airflow/dags/daily_student_pipeline.py took 0.110 seconds
[2026-03-31T15:23:56.472+0000] {processor.py:161} INFO - Started process (PID=4563) to work on /opt/airflow/dags/daily_student_pipeline.py
[2026-03-31T15:23:56.473+0000] {processor.py:830} INFO - Processing file /opt/airflow/dags/daily_student_pipeline.py for tasks to queue
[2026-03-31T15:23:56.474+0000] {logging_mixin.py:188} INFO - [2026-03-31T15:23:56.474+0000] {dagbag.py:538} INFO - Filling up the DagBag from /opt/airflow/dags/daily_student_pipeline.py
[2026-03-31T15:23:56.498+0000] {processor.py:840} INFO - DAG(s) 'daily_student_pipeline' retrieved from /opt/airflow/dags/daily_student_pipeline.py
[2026-03-31T15:23:56.529+0000] {logging_mixin.py:188} INFO - [2026-03-31T15:23:56.529+0000] {dag.py:3036} INFO - Sync 1 DAGs
[2026-03-31T15:23:56.552+0000] {logging_mixin.py:188} INFO - [2026-03-31T15:23:56.552+0000] {dag.py:3823} INFO - Setting next_dagrun for daily_student_pipeline to 2026-03-31 02:00:00+00:00, run_after=2026-04-01 02:00:00+00:00
[2026-03-31T15:23:56.574+0000] {processor.py:183} INFO - Processing /opt/airflow/dags/daily_student_pipeline.py took 0.105 seconds
[2026-03-31T15:24:28.570+0000] {processor.py:161} INFO - Started process (PID=4586) to work on /opt/airflow/dags/daily_student_pipeline.py
[2026-03-31T15:24:28.571+0000] {processor.py:830} INFO - Processing file /opt/airflow/dags/daily_student_pipeline.py for tasks to queue
[2026-03-31T15:24:28.572+0000] {logging_mixin.py:188} INFO - [2026-03-31T15:24:28.571+0000] {dagbag.py:538} INFO - Filling up the DagBag from /opt/airflow/dags/daily_student_pipeline.py
[2026-03-31T15:24:28.596+0000] {processor.py:840} INFO - DAG(s) 'daily_student_pipeline' retrieved from /opt/airflow/dags/daily_student_pipeline.py
[2026-03-31T15:24:28.628+0000] {logging_mixin.py:188} INFO - [2026-03-31T15:24:28.628+0000] {dag.py:3036} INFO - Sync 1 DAGs
[2026-03-31T15:24:28.652+0000] {logging_mixin.py:188} INFO - [2026-03-31T15:24:28.652+0000] {dag.py:3823} INFO - Setting next_dagrun for daily_student_pipeline to 2026-03-31 02:00:00+00:00, run_after=2026-04-01 02:00:00+00:00
[2026-03-31T15:24:28.673+0000] {processor.py:183} INFO - Processing /opt/airflow/dags/daily_student_pipeline.py took 0.106 seconds
[2026-03-31T15:24:58.787+0000] {processor.py:161} INFO - Started process (PID=4609) to work on /opt/airflow/dags/daily_student_pipeline.py
[2026-03-31T15:24:58.789+0000] {processor.py:830} INFO - Processing file /opt/airflow/dags/daily_student_pipeline.py for tasks to queue
[2026-03-31T15:24:58.790+0000] {logging_mixin.py:188} INFO - [2026-03-31T15:24:58.790+0000] {dagbag.py:538} INFO - Filling up the DagBag from /opt/airflow/dags/daily_student_pipeline.py
[2026-03-31T15:24:58.817+0000] {processor.py:840} INFO - DAG(s) 'daily_student_pipeline' retrieved from /opt/airflow/dags/daily_student_pipeline.py
[2026-03-31T15:24:58.844+0000] {logging_mixin.py:188} INFO - [2026-03-31T15:24:58.844+0000] {dag.py:3036} INFO - Sync 1 DAGs
[2026-03-31T15:24:58.865+0000] {logging_mixin.py:188} INFO - [2026-03-31T15:24:58.865+0000] {dag.py:3823} INFO - Setting next_dagrun for daily_student_pipeline to 2026-03-31 02:00:00+00:00, run_after=2026-04-01 02:00:00+00:00
[2026-03-31T15:24:58.885+0000] {processor.py:183} INFO - Processing /opt/airflow/dags/daily_student_pipeline.py took 0.101 seconds
[2026-03-31T15:25:29.052+0000] {processor.py:161} INFO - Started process (PID=4624) to work on /opt/airflow/dags/daily_student_pipeline.py
[2026-03-31T15:25:29.053+0000] {processor.py:830} INFO - Processing file /opt/airflow/dags/daily_student_pipeline.py for tasks to queue
[2026-03-31T15:25:29.054+0000] {logging_mixin.py:188} INFO - [2026-03-31T15:25:29.053+0000] {dagbag.py:538} INFO - Filling up the DagBag from /opt/airflow/dags/daily_student_pipeline.py
[2026-03-31T15:25:29.083+0000] {processor.py:840} INFO - DAG(s) 'daily_student_pipeline' retrieved from /opt/airflow/dags/daily_student_pipeline.py
[2026-03-31T15:25:29.120+0000] {logging_mixin.py:188} INFO - [2026-03-31T15:25:29.120+0000] {dag.py:3036} INFO - Sync 1 DAGs
[2026-03-31T15:25:29.148+0000] {logging_mixin.py:188} INFO - [2026-03-31T15:25:29.148+0000] {dag.py:3823} INFO - Setting next_dagrun for daily_student_pipeline to 2026-03-31 02:00:00+00:00, run_after=2026-04-01 02:00:00+00:00
[2026-03-31T15:25:29.173+0000] {processor.py:183} INFO - Processing /opt/airflow/dags/daily_student_pipeline.py took 0.123 seconds
[2026-03-31T15:25:59.380+0000] {processor.py:161} INFO - Started process (PID=4647) to work on /opt/airflow/dags/daily_student_pipeline.py
[2026-03-31T15:25:59.381+0000] {processor.py:830} INFO - Processing file /opt/airflow/dags/daily_student_pipeline.py for tasks to queue
[2026-03-31T15:25:59.382+0000] {logging_mixin.py:188} INFO - [2026-03-31T15:25:59.382+0000] {dagbag.py:538} INFO - Filling up the DagBag from /opt/airflow/dags/daily_student_pipeline.py
[2026-03-31T15:25:59.410+0000] {processor.py:840} INFO - DAG(s) 'daily_student_pipeline' retrieved from /opt/airflow/dags/daily_student_pipeline.py
[2026-03-31T15:25:59.446+0000] {logging_mixin.py:188} INFO - [2026-03-31T15:25:59.446+0000] {dag.py:3036} INFO - Sync 1 DAGs
[2026-03-31T15:25:59.473+0000] {logging_mixin.py:188} INFO - [2026-03-31T15:25:59.472+0000] {dag.py:3823} INFO - Setting next_dagrun for daily_student_pipeline to 2026-03-31 02:00:00+00:00, run_after=2026-04-01 02:00:00+00:00
[2026-03-31T15:25:59.495+0000] {processor.py:183} INFO - Processing /opt/airflow/dags/daily_student_pipeline.py took 0.117 seconds
[2026-03-31T15:26:29.991+0000] {processor.py:161} INFO - Started process (PID=4670) to work on /opt/airflow/dags/daily_student_pipeline.py
[2026-03-31T15:26:29.993+0000] {processor.py:830} INFO - Processing file /opt/airflow/dags/daily_student_pipeline.py for tasks to queue
[2026-03-31T15:26:29.995+0000] {logging_mixin.py:188} INFO - [2026-03-31T15:26:29.994+0000] {dagbag.py:538} INFO - Filling up the DagBag from /opt/airflow/dags/daily_student_pipeline.py
[2026-03-31T15:26:30.035+0000] {processor.py:840} INFO - DAG(s) 'daily_student_pipeline' retrieved from /opt/airflow/dags/daily_student_pipeline.py
[2026-03-31T15:26:30.073+0000] {logging_mixin.py:188} INFO - [2026-03-31T15:26:30.072+0000] {dag.py:3036} INFO - Sync 1 DAGs
[2026-03-31T15:26:30.100+0000] {logging_mixin.py:188} INFO - [2026-03-31T15:26:30.100+0000] {dag.py:3823} INFO - Setting next_dagrun for daily_student_pipeline to 2026-03-31 02:00:00+00:00, run_after=2026-04-01 02:00:00+00:00
[2026-03-31T15:26:30.127+0000] {processor.py:183} INFO - Processing /opt/airflow/dags/daily_student_pipeline.py took 0.139 seconds
[2026-03-31T15:27:00.369+0000] {processor.py:161} INFO - Started process (PID=4693) to work on /opt/airflow/dags/daily_student_pipeline.py
[2026-03-31T15:27:00.370+0000] {processor.py:830} INFO - Processing file /opt/airflow/dags/daily_student_pipeline.py for tasks to queue
[2026-03-31T15:27:00.371+0000] {logging_mixin.py:188} INFO - [2026-03-31T15:27:00.371+0000] {dagbag.py:538} INFO - Filling up the DagBag from /opt/airflow/dags/daily_student_pipeline.py
[2026-03-31T15:27:00.394+0000] {processor.py:840} INFO - DAG(s) 'daily_student_pipeline' retrieved from /opt/airflow/dags/daily_student_pipeline.py
[2026-03-31T15:27:00.424+0000] {logging_mixin.py:188} INFO - [2026-03-31T15:27:00.424+0000] {dag.py:3036} INFO - Sync 1 DAGs
[2026-03-31T15:27:00.452+0000] {logging_mixin.py:188} INFO - [2026-03-31T15:27:00.451+0000] {dag.py:3823} INFO - Setting next_dagrun for daily_student_pipeline to 2026-03-31 02:00:00+00:00, run_after=2026-04-01 02:00:00+00:00
[2026-03-31T15:27:00.473+0000] {processor.py:183} INFO - Processing /opt/airflow/dags/daily_student_pipeline.py took 0.106 seconds
[2026-03-31T15:27:30.557+0000] {processor.py:161} INFO - Started process (PID=4717) to work on /opt/airflow/dags/daily_student_pipeline.py
[2026-03-31T15:27:30.558+0000] {processor.py:830} INFO - Processing file /opt/airflow/dags/daily_student_pipeline.py for tasks to queue
[2026-03-31T15:27:30.559+0000] {logging_mixin.py:188} INFO - [2026-03-31T15:27:30.559+0000] {dagbag.py:538} INFO - Filling up the DagBag from /opt/airflow/dags/daily_student_pipeline.py
[2026-03-31T15:27:30.587+0000] {processor.py:840} INFO - DAG(s) 'daily_student_pipeline' retrieved from /opt/airflow/dags/daily_student_pipeline.py
[2026-03-31T15:27:30.625+0000] {logging_mixin.py:188} INFO - [2026-03-31T15:27:30.625+0000] {dag.py:3036} INFO - Sync 1 DAGs
[2026-03-31T15:27:30.652+0000] {logging_mixin.py:188} INFO - [2026-03-31T15:27:30.652+0000] {dag.py:3823} INFO - Setting next_dagrun for daily_student_pipeline to 2026-03-31 02:00:00+00:00, run_after=2026-04-01 02:00:00+00:00
[2026-03-31T15:27:30.672+0000] {processor.py:183} INFO - Processing /opt/airflow/dags/daily_student_pipeline.py took 0.118 seconds
[2026-03-31T15:28:00.805+0000] {processor.py:161} INFO - Started process (PID=4740) to work on /opt/airflow/dags/daily_student_pipeline.py
[2026-03-31T15:28:00.806+0000] {processor.py:830} INFO - Processing file /opt/airflow/dags/daily_student_pipeline.py for tasks to queue
[2026-03-31T15:28:00.807+0000] {logging_mixin.py:188} INFO - [2026-03-31T15:28:00.807+0000] {dagbag.py:538} INFO - Filling up the DagBag from /opt/airflow/dags/daily_student_pipeline.py
[2026-03-31T15:28:00.846+0000] {processor.py:840} INFO - DAG(s) 'daily_student_pipeline' retrieved from /opt/airflow/dags/daily_student_pipeline.py
[2026-03-31T15:28:00.902+0000] {logging_mixin.py:188} INFO - [2026-03-31T15:28:00.902+0000] {dag.py:3036} INFO - Sync 1 DAGs
[2026-03-31T15:28:00.932+0000] {logging_mixin.py:188} INFO - [2026-03-31T15:28:00.932+0000] {dag.py:3823} INFO - Setting next_dagrun for daily_student_pipeline to 2026-03-31 02:00:00+00:00, run_after=2026-04-01 02:00:00+00:00
[2026-03-31T15:28:00.963+0000] {processor.py:183} INFO - Processing /opt/airflow/dags/daily_student_pipeline.py took 0.161 seconds
[2026-03-31T15:28:31.918+0000] {processor.py:161} INFO - Started process (PID=4763) to work on /opt/airflow/dags/daily_student_pipeline.py
[2026-03-31T15:28:31.919+0000] {processor.py:830} INFO - Processing file /opt/airflow/dags/daily_student_pipeline.py for tasks to queue
[2026-03-31T15:28:31.920+0000] {logging_mixin.py:188} INFO - [2026-03-31T15:28:31.920+0000] {dagbag.py:538} INFO - Filling up the DagBag from /opt/airflow/dags/daily_student_pipeline.py
[2026-03-31T15:28:31.940+0000] {processor.py:840} INFO - DAG(s) 'daily_student_pipeline' retrieved from /opt/airflow/dags/daily_student_pipeline.py
[2026-03-31T15:28:31.968+0000] {logging_mixin.py:188} INFO - [2026-03-31T15:28:31.968+0000] {dag.py:3036} INFO - Sync 1 DAGs
[2026-03-31T15:28:31.994+0000] {logging_mixin.py:188} INFO - [2026-03-31T15:28:31.993+0000] {dag.py:3823} INFO - Setting next_dagrun for daily_student_pipeline to 2026-03-31 02:00:00+00:00, run_after=2026-04-01 02:00:00+00:00
[2026-03-31T15:28:32.017+0000] {processor.py:183} INFO - Processing /opt/airflow/dags/daily_student_pipeline.py took 0.102 seconds
[2026-03-31T15:29:03.035+0000] {processor.py:161} INFO - Started process (PID=4786) to work on /opt/airflow/dags/daily_student_pipeline.py
[2026-03-31T15:29:03.036+0000] {processor.py:830} INFO - Processing file /opt/airflow/dags/daily_student_pipeline.py for tasks to queue
[2026-03-31T15:29:03.037+0000] {logging_mixin.py:188} INFO - [2026-03-31T15:29:03.037+0000] {dagbag.py:538} INFO - Filling up the DagBag from /opt/airflow/dags/daily_student_pipeline.py
[2026-03-31T15:29:03.060+0000] {processor.py:840} INFO - DAG(s) 'daily_student_pipeline' retrieved from /opt/airflow/dags/daily_student_pipeline.py
[2026-03-31T15:29:03.089+0000] {logging_mixin.py:188} INFO - [2026-03-31T15:29:03.089+0000] {dag.py:3036} INFO - Sync 1 DAGs
[2026-03-31T15:29:03.114+0000] {logging_mixin.py:188} INFO - [2026-03-31T15:29:03.114+0000] {dag.py:3823} INFO - Setting next_dagrun for daily_student_pipeline to 2026-03-31 02:00:00+00:00, run_after=2026-04-01 02:00:00+00:00
[2026-03-31T15:29:03.135+0000] {processor.py:183} INFO - Processing /opt/airflow/dags/daily_student_pipeline.py took 0.102 seconds
[2026-03-31T15:29:33.236+0000] {processor.py:161} INFO - Started process (PID=4808) to work on /opt/airflow/dags/daily_student_pipeline.py
[2026-03-31T15:29:33.237+0000] {processor.py:830} INFO - Processing file /opt/airflow/dags/daily_student_pipeline.py for tasks to queue
[2026-03-31T15:29:33.238+0000] {logging_mixin.py:188} INFO - [2026-03-31T15:29:33.238+0000] {dagbag.py:538} INFO - Filling up the DagBag from /opt/airflow/dags/daily_student_pipeline.py
[2026-03-31T15:29:33.258+0000] {processor.py:840} INFO - DAG(s) 'daily_student_pipeline' retrieved from /opt/airflow/dags/daily_student_pipeline.py
[2026-03-31T15:29:33.287+0000] {logging_mixin.py:188} INFO - [2026-03-31T15:29:33.287+0000] {dag.py:3036} INFO - Sync 1 DAGs
[2026-03-31T15:29:33.308+0000] {logging_mixin.py:188} INFO - [2026-03-31T15:29:33.308+0000] {dag.py:3823} INFO - Setting next_dagrun for daily_student_pipeline to 2026-03-31 02:00:00+00:00, run_after=2026-04-01 02:00:00+00:00
[2026-03-31T15:29:33.327+0000] {processor.py:183} INFO - Processing /opt/airflow/dags/daily_student_pipeline.py took 0.094 seconds
[2026-03-31T15:30:03.413+0000] {processor.py:161} INFO - Started process (PID=4823) to work on /opt/airflow/dags/daily_student_pipeline.py
[2026-03-31T15:30:03.414+0000] {processor.py:830} INFO - Processing file /opt/airflow/dags/daily_student_pipeline.py for tasks to queue
[2026-03-31T15:30:03.416+0000] {logging_mixin.py:188} INFO - [2026-03-31T15:30:03.416+0000] {dagbag.py:538} INFO - Filling up the DagBag from /opt/airflow/dags/daily_student_pipeline.py
[2026-03-31T15:30:03.442+0000] {processor.py:840} INFO - DAG(s) 'daily_student_pipeline' retrieved from /opt/airflow/dags/daily_student_pipeline.py
[2026-03-31T15:30:03.474+0000] {logging_mixin.py:188} INFO - [2026-03-31T15:30:03.474+0000] {dag.py:3036} INFO - Sync 1 DAGs
[2026-03-31T15:30:03.498+0000] {logging_mixin.py:188} INFO - [2026-03-31T15:30:03.497+0000] {dag.py:3823} INFO - Setting next_dagrun for daily_student_pipeline to 2026-03-31 02:00:00+00:00, run_after=2026-04-01 02:00:00+00:00
[2026-03-31T15:30:03.516+0000] {processor.py:183} INFO - Processing /opt/airflow/dags/daily_student_pipeline.py took 0.105 seconds
[2026-03-31T15:30:33.582+0000] {processor.py:161} INFO - Started process (PID=4846) to work on /opt/airflow/dags/daily_student_pipeline.py
[2026-03-31T15:30:33.583+0000] {processor.py:830} INFO - Processing file /opt/airflow/dags/daily_student_pipeline.py for tasks to queue
[2026-03-31T15:30:33.584+0000] {logging_mixin.py:188} INFO - [2026-03-31T15:30:33.584+0000] {dagbag.py:538} INFO - Filling up the DagBag from /opt/airflow/dags/daily_student_pipeline.py
[2026-03-31T15:30:33.609+0000] {processor.py:840} INFO - DAG(s) 'daily_student_pipeline' retrieved from /opt/airflow/dags/daily_student_pipeline.py
[2026-03-31T15:30:33.637+0000] {logging_mixin.py:188} INFO - [2026-03-31T15:30:33.637+0000] {dag.py:3036} INFO - Sync 1 DAGs
[2026-03-31T15:30:33.659+0000] {logging_mixin.py:188} INFO - [2026-03-31T15:30:33.658+0000] {dag.py:3823} INFO - Setting next_dagrun for daily_student_pipeline to 2026-03-31 02:00:00+00:00, run_after=2026-04-01 02:00:00+00:00
[2026-03-31T15:30:33.678+0000] {processor.py:183} INFO - Processing /opt/airflow/dags/daily_student_pipeline.py took 0.098 seconds
[2026-03-31T15:31:03.757+0000] {processor.py:161} INFO - Started process (PID=4869) to work on /opt/airflow/dags/daily_student_pipeline.py
[2026-03-31T15:31:03.757+0000] {processor.py:830} INFO - Processing file /opt/airflow/dags/daily_student_pipeline.py for tasks to queue
[2026-03-31T15:31:03.758+0000] {logging_mixin.py:188} INFO - [2026-03-31T15:31:03.758+0000] {dagbag.py:538} INFO - Filling up the DagBag from /opt/airflow/dags/daily_student_pipeline.py
[2026-03-31T15:31:03.784+0000] {processor.py:840} INFO - DAG(s) 'daily_student_pipeline' retrieved from /opt/airflow/dags/daily_student_pipeline.py
[2026-03-31T15:31:03.822+0000] {logging_mixin.py:188} INFO - [2026-03-31T15:31:03.822+0000] {dag.py:3036} INFO - Sync 1 DAGs
[2026-03-31T15:31:03.848+0000] {logging_mixin.py:188} INFO - [2026-03-31T15:31:03.848+0000] {dag.py:3823} INFO - Setting next_dagrun for daily_student_pipeline to 2026-03-31 02:00:00+00:00, run_after=2026-04-01 02:00:00+00:00
[2026-03-31T15:31:03.868+0000] {processor.py:183} INFO - Processing /opt/airflow/dags/daily_student_pipeline.py took 0.114 seconds
[2026-03-31T15:31:33.927+0000] {processor.py:161} INFO - Started process (PID=4892) to work on /opt/airflow/dags/daily_student_pipeline.py
[2026-03-31T15:31:33.928+0000] {processor.py:830} INFO - Processing file /opt/airflow/dags/daily_student_pipeline.py for tasks to queue
[2026-03-31T15:31:33.929+0000] {logging_mixin.py:188} INFO - [2026-03-31T15:31:33.929+0000] {dagbag.py:538} INFO - Filling up the DagBag from /opt/airflow/dags/daily_student_pipeline.py
[2026-03-31T15:31:33.954+0000] {processor.py:840} INFO - DAG(s) 'daily_student_pipeline' retrieved from /opt/airflow/dags/daily_student_pipeline.py
[2026-03-31T15:31:33.984+0000] {logging_mixin.py:188} INFO - [2026-03-31T15:31:33.983+0000] {dag.py:3036} INFO - Sync 1 DAGs
[2026-03-31T15:31:34.006+0000] {logging_mixin.py:188} INFO - [2026-03-31T15:31:34.006+0000] {dag.py:3823} INFO - Setting next_dagrun for daily_student_pipeline to 2026-03-31 02:00:00+00:00, run_after=2026-04-01 02:00:00+00:00
[2026-03-31T15:31:34.028+0000] {processor.py:183} INFO - Processing /opt/airflow/dags/daily_student_pipeline.py took 0.103 seconds
[2026-03-31T15:32:04.175+0000] {processor.py:161} INFO - Started process (PID=4915) to work on /opt/airflow/dags/daily_student_pipeline.py
[2026-03-31T15:32:04.176+0000] {processor.py:830} INFO - Processing file /opt/airflow/dags/daily_student_pipeline.py for tasks to queue
[2026-03-31T15:32:04.178+0000] {logging_mixin.py:188} INFO - [2026-03-31T15:32:04.177+0000] {dagbag.py:538} INFO - Filling up the DagBag from /opt/airflow/dags/daily_student_pipeline.py
[2026-03-31T15:32:04.206+0000] {processor.py:840} INFO - DAG(s) 'daily_student_pipeline' retrieved from /opt/airflow/dags/daily_student_pipeline.py
[2026-03-31T15:32:04.238+0000] {logging_mixin.py:188} INFO - [2026-03-31T15:32:04.238+0000] {dag.py:3036} INFO - Sync 1 DAGs
[2026-03-31T15:32:04.260+0000] {logging_mixin.py:188} INFO - [2026-03-31T15:32:04.260+0000] {dag.py:3823} INFO - Setting next_dagrun for daily_student_pipeline to 2026-03-31 02:00:00+00:00, run_after=2026-04-01 02:00:00+00:00
[2026-03-31T15:32:04.281+0000] {processor.py:183} INFO - Processing /opt/airflow/dags/daily_student_pipeline.py took 0.109 seconds
[2026-03-31T15:32:34.422+0000] {processor.py:161} INFO - Started process (PID=4938) to work on /opt/airflow/dags/daily_student_pipeline.py
[2026-03-31T15:32:34.423+0000] {processor.py:830} INFO - Processing file /opt/airflow/dags/daily_student_pipeline.py for tasks to queue
[2026-03-31T15:32:34.423+0000] {logging_mixin.py:188} INFO - [2026-03-31T15:32:34.423+0000] {dagbag.py:538} INFO - Filling up the DagBag from /opt/airflow/dags/daily_student_pipeline.py
[2026-03-31T15:32:34.448+0000] {processor.py:840} INFO - DAG(s) 'daily_student_pipeline' retrieved from /opt/airflow/dags/daily_student_pipeline.py
[2026-03-31T15:32:34.480+0000] {logging_mixin.py:188} INFO - [2026-03-31T15:32:34.480+0000] {dag.py:3036} INFO - Sync 1 DAGs
[2026-03-31T15:32:34.503+0000] {logging_mixin.py:188} INFO - [2026-03-31T15:32:34.503+0000] {dag.py:3823} INFO - Setting next_dagrun for daily_student_pipeline to 2026-03-31 02:00:00+00:00, run_after=2026-04-01 02:00:00+00:00
[2026-03-31T15:32:34.523+0000] {processor.py:183} INFO - Processing /opt/airflow/dags/daily_student_pipeline.py took 0.105 seconds
[2026-03-31T15:33:04.605+0000] {processor.py:161} INFO - Started process (PID=4961) to work on /opt/airflow/dags/daily_student_pipeline.py
[2026-03-31T15:33:04.606+0000] {processor.py:830} INFO - Processing file /opt/airflow/dags/daily_student_pipeline.py for tasks to queue
[2026-03-31T15:33:04.607+0000] {logging_mixin.py:188} INFO - [2026-03-31T15:33:04.607+0000] {dagbag.py:538} INFO - Filling up the DagBag from /opt/airflow/dags/daily_student_pipeline.py
[2026-03-31T15:33:04.634+0000] {processor.py:840} INFO - DAG(s) 'daily_student_pipeline' retrieved from /opt/airflow/dags/daily_student_pipeline.py
[2026-03-31T15:33:04.665+0000] {logging_mixin.py:188} INFO - [2026-03-31T15:33:04.665+0000] {dag.py:3036} INFO - Sync 1 DAGs
[2026-03-31T15:33:04.688+0000] {logging_mixin.py:188} INFO - [2026-03-31T15:33:04.688+0000] {dag.py:3823} INFO - Setting next_dagrun for daily_student_pipeline to 2026-03-31 02:00:00+00:00, run_after=2026-04-01 02:00:00+00:00
[2026-03-31T15:33:04.709+0000] {processor.py:183} INFO - Processing /opt/airflow/dags/daily_student_pipeline.py took 0.108 seconds
[2026-03-31T15:33:34.838+0000] {processor.py:161} INFO - Started process (PID=4984) to work on /opt/airflow/dags/daily_student_pipeline.py
[2026-03-31T15:33:34.839+0000] {processor.py:830} INFO - Processing file /opt/airflow/dags/daily_student_pipeline.py for tasks to queue
[2026-03-31T15:33:34.840+0000] {logging_mixin.py:188} INFO - [2026-03-31T15:33:34.840+0000] {dagbag.py:538} INFO - Filling up the DagBag from /opt/airflow/dags/daily_student_pipeline.py
[2026-03-31T15:33:34.861+0000] {processor.py:840} INFO - DAG(s) 'daily_student_pipeline' retrieved from /opt/airflow/dags/daily_student_pipeline.py
[2026-03-31T15:33:34.892+0000] {logging_mixin.py:188} INFO - [2026-03-31T15:33:34.892+0000] {dag.py:3036} INFO - Sync 1 DAGs
[2026-03-31T15:33:34.922+0000] {logging_mixin.py:188} INFO - [2026-03-31T15:33:34.922+0000] {dag.py:3823} INFO - Setting next_dagrun for daily_student_pipeline to 2026-03-31 02:00:00+00:00, run_after=2026-04-01 02:00:00+00:00
[2026-03-31T15:33:34.948+0000] {processor.py:183} INFO - Processing /opt/airflow/dags/daily_student_pipeline.py took 0.114 seconds
[2026-03-31T15:34:05.064+0000] {processor.py:161} INFO - Started process (PID=5007) to work on /opt/airflow/dags/daily_student_pipeline.py
[2026-03-31T15:34:05.065+0000] {processor.py:830} INFO - Processing file /opt/airflow/dags/daily_student_pipeline.py for tasks to queue
[2026-03-31T15:34:05.066+0000] {logging_mixin.py:188} INFO - [2026-03-31T15:34:05.066+0000] {dagbag.py:538} INFO - Filling up the DagBag from /opt/airflow/dags/daily_student_pipeline.py
[2026-03-31T15:34:05.094+0000] {processor.py:840} INFO - DAG(s) 'daily_student_pipeline' retrieved from /opt/airflow/dags/daily_student_pipeline.py
[2026-03-31T15:34:05.124+0000] {logging_mixin.py:188} INFO - [2026-03-31T15:34:05.123+0000] {dag.py:3036} INFO - Sync 1 DAGs
[2026-03-31T15:34:05.163+0000] {logging_mixin.py:188} INFO - [2026-03-31T15:34:05.163+0000] {dag.py:3823} INFO - Setting next_dagrun for daily_student_pipeline to 2026-03-31 02:00:00+00:00, run_after=2026-04-01 02:00:00+00:00
[2026-03-31T15:34:05.199+0000] {processor.py:183} INFO - Processing /opt/airflow/dags/daily_student_pipeline.py took 0.138 seconds
[2026-03-31T15:34:35.253+0000] {processor.py:161} INFO - Started process (PID=5022) to work on /opt/airflow/dags/daily_student_pipeline.py
[2026-03-31T15:34:35.254+0000] {processor.py:830} INFO - Processing file /opt/airflow/dags/daily_student_pipeline.py for tasks to queue
[2026-03-31T15:34:35.255+0000] {logging_mixin.py:188} INFO - [2026-03-31T15:34:35.254+0000] {dagbag.py:538} INFO - Filling up the DagBag from /opt/airflow/dags/daily_student_pipeline.py
[2026-03-31T15:34:35.286+0000] {processor.py:840} INFO - DAG(s) 'daily_student_pipeline' retrieved from /opt/airflow/dags/daily_student_pipeline.py
[2026-03-31T15:34:35.318+0000] {logging_mixin.py:188} INFO - [2026-03-31T15:34:35.318+0000] {dag.py:3036} INFO - Sync 1 DAGs
[2026-03-31T15:34:35.348+0000] {logging_mixin.py:188} INFO - [2026-03-31T15:34:35.348+0000] {dag.py:3823} INFO - Setting next_dagrun for daily_student_pipeline to 2026-03-31 02:00:00+00:00, run_after=2026-04-01 02:00:00+00:00
[2026-03-31T15:34:35.377+0000] {processor.py:183} INFO - Processing /opt/airflow/dags/daily_student_pipeline.py took 0.127 seconds
[2026-03-31T15:35:05.491+0000] {processor.py:161} INFO - Started process (PID=5045) to work on /opt/airflow/dags/daily_student_pipeline.py
[2026-03-31T15:35:05.491+0000] {processor.py:830} INFO - Processing file /opt/airflow/dags/daily_student_pipeline.py for tasks to queue
[2026-03-31T15:35:05.492+0000] {logging_mixin.py:188} INFO - [2026-03-31T15:35:05.492+0000] {dagbag.py:538} INFO - Filling up the DagBag from /opt/airflow/dags/daily_student_pipeline.py
[2026-03-31T15:35:05.516+0000] {processor.py:840} INFO - DAG(s) 'daily_student_pipeline' retrieved from /opt/airflow/dags/daily_student_pipeline.py
[2026-03-31T15:35:05.549+0000] {logging_mixin.py:188} INFO - [2026-03-31T15:35:05.549+0000] {dag.py:3036} INFO - Sync 1 DAGs
[2026-03-31T15:35:05.573+0000] {logging_mixin.py:188} INFO - [2026-03-31T15:35:05.573+0000] {dag.py:3823} INFO - Setting next_dagrun for daily_student_pipeline to 2026-03-31 02:00:00+00:00, run_after=2026-04-01 02:00:00+00:00
[2026-03-31T15:35:05.596+0000] {processor.py:183} INFO - Processing /opt/airflow/dags/daily_student_pipeline.py took 0.108 seconds
[2026-03-31T15:35:35.743+0000] {processor.py:161} INFO - Started process (PID=5068) to work on /opt/airflow/dags/daily_student_pipeline.py
[2026-03-31T15:35:35.745+0000] {processor.py:830} INFO - Processing file /opt/airflow/dags/daily_student_pipeline.py for tasks to queue
[2026-03-31T15:35:35.746+0000] {logging_mixin.py:188} INFO - [2026-03-31T15:35:35.745+0000] {dagbag.py:538} INFO - Filling up the DagBag from /opt/airflow/dags/daily_student_pipeline.py
[2026-03-31T15:35:35.778+0000] {processor.py:840} INFO - DAG(s) 'daily_student_pipeline' retrieved from /opt/airflow/dags/daily_student_pipeline.py
[2026-03-31T15:35:35.818+0000] {logging_mixin.py:188} INFO - [2026-03-31T15:35:35.818+0000] {dag.py:3036} INFO - Sync 1 DAGs
[2026-03-31T15:35:35.845+0000] {logging_mixin.py:188} INFO - [2026-03-31T15:35:35.845+0000] {dag.py:3823} INFO - Setting next_dagrun for daily_student_pipeline to 2026-03-31 02:00:00+00:00, run_after=2026-04-01 02:00:00+00:00
[2026-03-31T15:35:35.868+0000] {processor.py:183} INFO - Processing /opt/airflow/dags/daily_student_pipeline.py took 0.128 seconds
[2026-03-31T15:36:07.933+0000] {processor.py:161} INFO - Started process (PID=5091) to work on /opt/airflow/dags/daily_student_pipeline.py
[2026-03-31T15:36:07.936+0000] {processor.py:830} INFO - Processing file /opt/airflow/dags/daily_student_pipeline.py for tasks to queue
[2026-03-31T15:36:07.938+0000] {logging_mixin.py:188} INFO - [2026-03-31T15:36:07.937+0000] {dagbag.py:538} INFO - Filling up the DagBag from /opt/airflow/dags/daily_student_pipeline.py
[2026-03-31T15:36:07.981+0000] {processor.py:840} INFO - DAG(s) 'daily_student_pipeline' retrieved from /opt/airflow/dags/daily_student_pipeline.py
[2026-03-31T15:36:08.021+0000] {logging_mixin.py:188} INFO - [2026-03-31T15:36:08.021+0000] {dag.py:3036} INFO - Sync 1 DAGs
[2026-03-31T15:36:08.053+0000] {logging_mixin.py:188} INFO - [2026-03-31T15:36:08.053+0000] {dag.py:3823} INFO - Setting next_dagrun for daily_student_pipeline to 2026-03-31 02:00:00+00:00, run_after=2026-04-01 02:00:00+00:00
[2026-03-31T15:36:08.077+0000] {processor.py:183} INFO - Processing /opt/airflow/dags/daily_student_pipeline.py took 0.149 seconds
[2026-03-31T15:36:38.140+0000] {processor.py:161} INFO - Started process (PID=5114) to work on /opt/airflow/dags/daily_student_pipeline.py
[2026-03-31T15:36:38.142+0000] {processor.py:830} INFO - Processing file /opt/airflow/dags/daily_student_pipeline.py for tasks to queue
[2026-03-31T15:36:38.142+0000] {logging_mixin.py:188} INFO - [2026-03-31T15:36:38.142+0000] {dagbag.py:538} INFO - Filling up the DagBag from /opt/airflow/dags/daily_student_pipeline.py
[2026-03-31T15:36:38.168+0000] {processor.py:840} INFO - DAG(s) 'daily_student_pipeline' retrieved from /opt/airflow/dags/daily_student_pipeline.py
[2026-03-31T15:36:38.204+0000] {logging_mixin.py:188} INFO - [2026-03-31T15:36:38.203+0000] {dag.py:3036} INFO - Sync 1 DAGs
[2026-03-31T15:36:38.229+0000] {logging_mixin.py:188} INFO - [2026-03-31T15:36:38.229+0000] {dag.py:3823} INFO - Setting next_dagrun for daily_student_pipeline to 2026-03-31 02:00:00+00:00, run_after=2026-04-01 02:00:00+00:00
[2026-03-31T15:36:38.263+0000] {processor.py:183} INFO - Processing /opt/airflow/dags/daily_student_pipeline.py took 0.126 seconds
[2026-03-31T15:37:08.552+0000] {processor.py:161} INFO - Started process (PID=5137) to work on /opt/airflow/dags/daily_student_pipeline.py
[2026-03-31T15:37:08.554+0000] {processor.py:830} INFO - Processing file /opt/airflow/dags/daily_student_pipeline.py for tasks to queue
[2026-03-31T15:37:08.554+0000] {logging_mixin.py:188} INFO - [2026-03-31T15:37:08.554+0000] {dagbag.py:538} INFO - Filling up the DagBag from /opt/airflow/dags/daily_student_pipeline.py
[2026-03-31T15:37:08.594+0000] {processor.py:840} INFO - DAG(s) 'daily_student_pipeline' retrieved from /opt/airflow/dags/daily_student_pipeline.py
[2026-03-31T15:37:08.626+0000] {logging_mixin.py:188} INFO - [2026-03-31T15:37:08.626+0000] {dag.py:3036} INFO - Sync 1 DAGs
[2026-03-31T15:37:08.663+0000] {logging_mixin.py:188} INFO - [2026-03-31T15:37:08.663+0000] {dag.py:3823} INFO - Setting next_dagrun for daily_student_pipeline to 2026-03-31 02:00:00+00:00, run_after=2026-04-01 02:00:00+00:00
[2026-03-31T15:37:08.694+0000] {processor.py:183} INFO - Processing /opt/airflow/dags/daily_student_pipeline.py took 0.150 seconds
[2026-03-31T15:37:38.862+0000] {processor.py:161} INFO - Started process (PID=5160) to work on /opt/airflow/dags/daily_student_pipeline.py
[2026-03-31T15:37:38.863+0000] {processor.py:830} INFO - Processing file /opt/airflow/dags/daily_student_pipeline.py for tasks to queue
[2026-03-31T15:37:38.863+0000] {logging_mixin.py:188} INFO - [2026-03-31T15:37:38.863+0000] {dagbag.py:538} INFO - Filling up the DagBag from /opt/airflow/dags/daily_student_pipeline.py
[2026-03-31T15:37:38.885+0000] {processor.py:840} INFO - DAG(s) 'daily_student_pipeline' retrieved from /opt/airflow/dags/daily_student_pipeline.py
[2026-03-31T15:37:38.914+0000] {logging_mixin.py:188} INFO - [2026-03-31T15:37:38.914+0000] {dag.py:3036} INFO - Sync 1 DAGs
[2026-03-31T15:37:38.936+0000] {logging_mixin.py:188} INFO - [2026-03-31T15:37:38.935+0000] {dag.py:3823} INFO - Setting next_dagrun for daily_student_pipeline to 2026-03-31 02:00:00+00:00, run_after=2026-04-01 02:00:00+00:00
[2026-03-31T15:37:38.955+0000] {processor.py:183} INFO - Processing /opt/airflow/dags/daily_student_pipeline.py took 0.097 seconds
[2026-03-31T15:38:09.170+0000] {processor.py:161} INFO - Started process (PID=5183) to work on /opt/airflow/dags/daily_student_pipeline.py
[2026-03-31T15:38:09.171+0000] {processor.py:830} INFO - Processing file /opt/airflow/dags/daily_student_pipeline.py for tasks to queue
[2026-03-31T15:38:09.172+0000] {logging_mixin.py:188} INFO - [2026-03-31T15:38:09.172+0000] {dagbag.py:538} INFO - Filling up the DagBag from /opt/airflow/dags/daily_student_pipeline.py
[2026-03-31T15:38:09.196+0000] {processor.py:840} INFO - DAG(s) 'daily_student_pipeline' retrieved from /opt/airflow/dags/daily_student_pipeline.py
[2026-03-31T15:38:09.226+0000] {logging_mixin.py:188} INFO - [2026-03-31T15:38:09.225+0000] {dag.py:3036} INFO - Sync 1 DAGs
[2026-03-31T15:38:09.249+0000] {logging_mixin.py:188} INFO - [2026-03-31T15:38:09.248+0000] {dag.py:3823} INFO - Setting next_dagrun for daily_student_pipeline to 2026-03-31 02:00:00+00:00, run_after=2026-04-01 02:00:00+00:00
[2026-03-31T15:38:09.269+0000] {processor.py:183} INFO - Processing /opt/airflow/dags/daily_student_pipeline.py took 0.102 seconds
[2026-03-31T15:38:39.327+0000] {processor.py:161} INFO - Started process (PID=5206) to work on /opt/airflow/dags/daily_student_pipeline.py
[2026-03-31T15:38:39.328+0000] {processor.py:830} INFO - Processing file /opt/airflow/dags/daily_student_pipeline.py for tasks to queue
[2026-03-31T15:38:39.329+0000] {logging_mixin.py:188} INFO - [2026-03-31T15:38:39.329+0000] {dagbag.py:538} INFO - Filling up the DagBag from /opt/airflow/dags/daily_student_pipeline.py
[2026-03-31T15:38:39.351+0000] {processor.py:840} INFO - DAG(s) 'daily_student_pipeline' retrieved from /opt/airflow/dags/daily_student_pipeline.py
[2026-03-31T15:38:39.379+0000] {logging_mixin.py:188} INFO - [2026-03-31T15:38:39.379+0000] {dag.py:3036} INFO - Sync 1 DAGs
[2026-03-31T15:38:39.401+0000] {logging_mixin.py:188} INFO - [2026-03-31T15:38:39.400+0000] {dag.py:3823} INFO - Setting next_dagrun for daily_student_pipeline to 2026-03-31 02:00:00+00:00, run_after=2026-04-01 02:00:00+00:00
[2026-03-31T15:38:39.422+0000] {processor.py:183} INFO - Processing /opt/airflow/dags/daily_student_pipeline.py took 0.099 seconds
[2026-03-31T15:39:09.562+0000] {processor.py:161} INFO - Started process (PID=5229) to work on /opt/airflow/dags/daily_student_pipeline.py
[2026-03-31T15:39:09.563+0000] {processor.py:830} INFO - Processing file /opt/airflow/dags/daily_student_pipeline.py for tasks to queue
[2026-03-31T15:39:09.564+0000] {logging_mixin.py:188} INFO - [2026-03-31T15:39:09.564+0000] {dagbag.py:538} INFO - Filling up the DagBag from /opt/airflow/dags/daily_student_pipeline.py
[2026-03-31T15:39:09.593+0000] {processor.py:840} INFO - DAG(s) 'daily_student_pipeline' retrieved from /opt/airflow/dags/daily_student_pipeline.py
[2026-03-31T15:39:09.624+0000] {logging_mixin.py:188} INFO - [2026-03-31T15:39:09.624+0000] {dag.py:3036} INFO - Sync 1 DAGs
[2026-03-31T15:39:09.648+0000] {logging_mixin.py:188} INFO - [2026-03-31T15:39:09.648+0000] {dag.py:3823} INFO - Setting next_dagrun for daily_student_pipeline to 2026-03-31 02:00:00+00:00, run_after=2026-04-01 02:00:00+00:00
[2026-03-31T15:39:09.668+0000] {processor.py:183} INFO - Processing /opt/airflow/dags/daily_student_pipeline.py took 0.111 seconds
[2026-03-31T15:39:39.785+0000] {processor.py:161} INFO - Started process (PID=5244) to work on /opt/airflow/dags/daily_student_pipeline.py
[2026-03-31T15:39:39.786+0000] {processor.py:830} INFO - Processing file /opt/airflow/dags/daily_student_pipeline.py for tasks to queue
[2026-03-31T15:39:39.787+0000] {logging_mixin.py:188} INFO - [2026-03-31T15:39:39.787+0000] {dagbag.py:538} INFO - Filling up the DagBag from /opt/airflow/dags/daily_student_pipeline.py
[2026-03-31T15:39:39.815+0000] {processor.py:840} INFO - DAG(s) 'daily_student_pipeline' retrieved from /opt/airflow/dags/daily_student_pipeline.py
[2026-03-31T15:39:39.856+0000] {logging_mixin.py:188} INFO - [2026-03-31T15:39:39.856+0000] {dag.py:3036} INFO - Sync 1 DAGs
[2026-03-31T15:39:39.884+0000] {logging_mixin.py:188} INFO - [2026-03-31T15:39:39.884+0000] {dag.py:3823} INFO - Setting next_dagrun for daily_student_pipeline to 2026-03-31 02:00:00+00:00, run_after=2026-04-01 02:00:00+00:00
[2026-03-31T15:39:39.906+0000] {processor.py:183} INFO - Processing /opt/airflow/dags/daily_student_pipeline.py took 0.123 seconds
[2026-03-31T15:40:10.038+0000] {processor.py:161} INFO - Started process (PID=5267) to work on /opt/airflow/dags/daily_student_pipeline.py
[2026-03-31T15:40:10.039+0000] {processor.py:830} INFO - Processing file /opt/airflow/dags/daily_student_pipeline.py for tasks to queue
[2026-03-31T15:40:10.040+0000] {logging_mixin.py:188} INFO - [2026-03-31T15:40:10.040+0000] {dagbag.py:538} INFO - Filling up the DagBag from /opt/airflow/dags/daily_student_pipeline.py
[2026-03-31T15:40:10.060+0000] {processor.py:840} INFO - DAG(s) 'daily_student_pipeline' retrieved from /opt/airflow/dags/daily_student_pipeline.py
[2026-03-31T15:40:10.091+0000] {logging_mixin.py:188} INFO - [2026-03-31T15:40:10.091+0000] {dag.py:3036} INFO - Sync 1 DAGs
[2026-03-31T15:40:10.120+0000] {logging_mixin.py:188} INFO - [2026-03-31T15:40:10.120+0000] {dag.py:3823} INFO - Setting next_dagrun for daily_student_pipeline to 2026-03-31 02:00:00+00:00, run_after=2026-04-01 02:00:00+00:00
[2026-03-31T15:40:10.144+0000] {processor.py:183} INFO - Processing /opt/airflow/dags/daily_student_pipeline.py took 0.109 seconds
[2026-03-31T15:40:40.260+0000] {processor.py:161} INFO - Started process (PID=5290) to work on /opt/airflow/dags/daily_student_pipeline.py
[2026-03-31T15:40:40.261+0000] {processor.py:830} INFO - Processing file /opt/airflow/dags/daily_student_pipeline.py for tasks to queue
[2026-03-31T15:40:40.264+0000] {logging_mixin.py:188} INFO - [2026-03-31T15:40:40.263+0000] {dagbag.py:538} INFO - Filling up the DagBag from /opt/airflow/dags/daily_student_pipeline.py
[2026-03-31T15:40:40.297+0000] {processor.py:840} INFO - DAG(s) 'daily_student_pipeline' retrieved from /opt/airflow/dags/daily_student_pipeline.py
[2026-03-31T15:40:40.335+0000] {logging_mixin.py:188} INFO - [2026-03-31T15:40:40.334+0000] {dag.py:3036} INFO - Sync 1 DAGs
[2026-03-31T15:40:40.363+0000] {logging_mixin.py:188} INFO - [2026-03-31T15:40:40.363+0000] {dag.py:3823} INFO - Setting next_dagrun for daily_student_pipeline to 2026-03-31 02:00:00+00:00, run_after=2026-04-01 02:00:00+00:00
[2026-03-31T15:40:40.388+0000] {processor.py:183} INFO - Processing /opt/airflow/dags/daily_student_pipeline.py took 0.130 seconds
[2026-03-31T15:41:10.447+0000] {processor.py:161} INFO - Started process (PID=5313) to work on /opt/airflow/dags/daily_student_pipeline.py
[2026-03-31T15:41:10.448+0000] {processor.py:830} INFO - Processing file /opt/airflow/dags/daily_student_pipeline.py for tasks to queue
[2026-03-31T15:41:10.449+0000] {logging_mixin.py:188} INFO - [2026-03-31T15:41:10.449+0000] {dagbag.py:538} INFO - Filling up the DagBag from /opt/airflow/dags/daily_student_pipeline.py
[2026-03-31T15:41:10.472+0000] {processor.py:840} INFO - DAG(s) 'daily_student_pipeline' retrieved from /opt/airflow/dags/daily_student_pipeline.py
[2026-03-31T15:41:10.502+0000] {logging_mixin.py:188} INFO - [2026-03-31T15:41:10.502+0000] {dag.py:3036} INFO - Sync 1 DAGs
[2026-03-31T15:41:10.526+0000] {logging_mixin.py:188} INFO - [2026-03-31T15:41:10.526+0000] {dag.py:3823} INFO - Setting next_dagrun for daily_student_pipeline to 2026-03-31 02:00:00+00:00, run_after=2026-04-01 02:00:00+00:00
[2026-03-31T15:41:10.549+0000] {processor.py:183} INFO - Processing /opt/airflow/dags/daily_student_pipeline.py took 0.104 seconds
[2026-03-31T15:41:40.632+0000] {processor.py:161} INFO - Started process (PID=5336) to work on /opt/airflow/dags/daily_student_pipeline.py
[2026-03-31T15:41:40.633+0000] {processor.py:830} INFO - Processing file /opt/airflow/dags/daily_student_pipeline.py for tasks to queue
[2026-03-31T15:41:40.634+0000] {logging_mixin.py:188} INFO - [2026-03-31T15:41:40.634+0000] {dagbag.py:538} INFO - Filling up the DagBag from /opt/airflow/dags/daily_student_pipeline.py
[2026-03-31T15:41:40.662+0000] {processor.py:840} INFO - DAG(s) 'daily_student_pipeline' retrieved from /opt/airflow/dags/daily_student_pipeline.py
[2026-03-31T15:41:40.692+0000] {logging_mixin.py:188} INFO - [2026-03-31T15:41:40.692+0000] {dag.py:3036} INFO - Sync 1 DAGs
[2026-03-31T15:41:40.716+0000] {logging_mixin.py:188} INFO - [2026-03-31T15:41:40.716+0000] {dag.py:3823} INFO - Setting next_dagrun for daily_student_pipeline to 2026-03-31 02:00:00+00:00, run_after=2026-04-01 02:00:00+00:00
[2026-03-31T15:41:40.736+0000] {processor.py:183} INFO - Processing /opt/airflow/dags/daily_student_pipeline.py took 0.106 seconds
[2026-03-31T15:42:10.891+0000] {processor.py:161} INFO - Started process (PID=5359) to work on /opt/airflow/dags/daily_student_pipeline.py
[2026-03-31T15:42:10.892+0000] {processor.py:830} INFO - Processing file /opt/airflow/dags/daily_student_pipeline.py for tasks to queue
[2026-03-31T15:42:10.893+0000] {logging_mixin.py:188} INFO - [2026-03-31T15:42:10.893+0000] {dagbag.py:538} INFO - Filling up the DagBag from /opt/airflow/dags/daily_student_pipeline.py
[2026-03-31T15:42:10.918+0000] {processor.py:840} INFO - DAG(s) 'daily_student_pipeline' retrieved from /opt/airflow/dags/daily_student_pipeline.py
[2026-03-31T15:42:10.949+0000] {logging_mixin.py:188} INFO - [2026-03-31T15:42:10.949+0000] {dag.py:3036} INFO - Sync 1 DAGs
[2026-03-31T15:42:10.972+0000] {logging_mixin.py:188} INFO - [2026-03-31T15:42:10.972+0000] {dag.py:3823} INFO - Setting next_dagrun for daily_student_pipeline to 2026-03-31 02:00:00+00:00, run_after=2026-04-01 02:00:00+00:00
[2026-03-31T15:42:10.992+0000] {processor.py:183} INFO - Processing /opt/airflow/dags/daily_student_pipeline.py took 0.103 seconds
[2026-03-31T15:42:41.123+0000] {processor.py:161} INFO - Started process (PID=5382) to work on /opt/airflow/dags/daily_student_pipeline.py
[2026-03-31T15:42:41.124+0000] {processor.py:830} INFO - Processing file /opt/airflow/dags/daily_student_pipeline.py for tasks to queue
[2026-03-31T15:42:41.125+0000] {logging_mixin.py:188} INFO - [2026-03-31T15:42:41.125+0000] {dagbag.py:538} INFO - Filling up the DagBag from /opt/airflow/dags/daily_student_pipeline.py
[2026-03-31T15:42:41.155+0000] {processor.py:840} INFO - DAG(s) 'daily_student_pipeline' retrieved from /opt/airflow/dags/daily_student_pipeline.py
[2026-03-31T15:42:41.195+0000] {logging_mixin.py:188} INFO - [2026-03-31T15:42:41.195+0000] {dag.py:3036} INFO - Sync 1 DAGs
[2026-03-31T15:42:41.222+0000] {logging_mixin.py:188} INFO - [2026-03-31T15:42:41.222+0000] {dag.py:3823} INFO - Setting next_dagrun for daily_student_pipeline to 2026-03-31 02:00:00+00:00, run_after=2026-04-01 02:00:00+00:00
[2026-03-31T15:42:41.249+0000] {processor.py:183} INFO - Processing /opt/airflow/dags/daily_student_pipeline.py took 0.128 seconds
[2026-03-31T15:43:11.364+0000] {processor.py:161} INFO - Started process (PID=5405) to work on /opt/airflow/dags/daily_student_pipeline.py
[2026-03-31T15:43:11.365+0000] {processor.py:830} INFO - Processing file /opt/airflow/dags/daily_student_pipeline.py for tasks to queue
[2026-03-31T15:43:11.366+0000] {logging_mixin.py:188} INFO - [2026-03-31T15:43:11.366+0000] {dagbag.py:538} INFO - Filling up the DagBag from /opt/airflow/dags/daily_student_pipeline.py
[2026-03-31T15:43:11.386+0000] {processor.py:840} INFO - DAG(s) 'daily_student_pipeline' retrieved from /opt/airflow/dags/daily_student_pipeline.py
[2026-03-31T15:43:11.415+0000] {logging_mixin.py:188} INFO - [2026-03-31T15:43:11.415+0000] {dag.py:3036} INFO - Sync 1 DAGs
[2026-03-31T15:43:11.439+0000] {logging_mixin.py:188} INFO - [2026-03-31T15:43:11.439+0000] {dag.py:3823} INFO - Setting next_dagrun for daily_student_pipeline to 2026-03-31 02:00:00+00:00, run_after=2026-04-01 02:00:00+00:00
[2026-03-31T15:43:11.460+0000] {processor.py:183} INFO - Processing /opt/airflow/dags/daily_student_pipeline.py took 0.099 seconds
[2026-03-31T15:43:41.544+0000] {processor.py:161} INFO - Started process (PID=5420) to work on /opt/airflow/dags/daily_student_pipeline.py
[2026-03-31T15:43:41.546+0000] {processor.py:830} INFO - Processing file /opt/airflow/dags/daily_student_pipeline.py for tasks to queue
[2026-03-31T15:43:41.547+0000] {logging_mixin.py:188} INFO - [2026-03-31T15:43:41.546+0000] {dagbag.py:538} INFO - Filling up the DagBag from /opt/airflow/dags/daily_student_pipeline.py
[2026-03-31T15:43:41.574+0000] {processor.py:840} INFO - DAG(s) 'daily_student_pipeline' retrieved from /opt/airflow/dags/daily_student_pipeline.py
[2026-03-31T15:43:41.609+0000] {logging_mixin.py:188} INFO - [2026-03-31T15:43:41.609+0000] {dag.py:3036} INFO - Sync 1 DAGs
[2026-03-31T15:43:41.635+0000] {logging_mixin.py:188} INFO - [2026-03-31T15:43:41.635+0000] {dag.py:3823} INFO - Setting next_dagrun for daily_student_pipeline to 2026-03-31 02:00:00+00:00, run_after=2026-04-01 02:00:00+00:00
[2026-03-31T15:43:41.658+0000] {processor.py:183} INFO - Processing /opt/airflow/dags/daily_student_pipeline.py took 0.116 seconds
[2026-03-31T15:44:11.897+0000] {processor.py:161} INFO - Started process (PID=5443) to work on /opt/airflow/dags/daily_student_pipeline.py
[2026-03-31T15:44:11.898+0000] {processor.py:830} INFO - Processing file /opt/airflow/dags/daily_student_pipeline.py for tasks to queue
[2026-03-31T15:44:11.900+0000] {logging_mixin.py:188} INFO - [2026-03-31T15:44:11.899+0000] {dagbag.py:538} INFO - Filling up the DagBag from /opt/airflow/dags/daily_student_pipeline.py
[2026-03-31T15:44:11.931+0000] {processor.py:840} INFO - DAG(s) 'daily_student_pipeline' retrieved from /opt/airflow/dags/daily_student_pipeline.py
[2026-03-31T15:44:11.967+0000] {logging_mixin.py:188} INFO - [2026-03-31T15:44:11.967+0000] {dag.py:3036} INFO - Sync 1 DAGs
[2026-03-31T15:44:11.996+0000] {logging_mixin.py:188} INFO - [2026-03-31T15:44:11.995+0000] {dag.py:3823} INFO - Setting next_dagrun for daily_student_pipeline to 2026-03-31 02:00:00+00:00, run_after=2026-04-01 02:00:00+00:00
[2026-03-31T15:44:12.020+0000] {processor.py:183} INFO - Processing /opt/airflow/dags/daily_student_pipeline.py took 0.127 seconds
[2026-03-31T15:44:42.151+0000] {processor.py:161} INFO - Started process (PID=5466) to work on /opt/airflow/dags/daily_student_pipeline.py
[2026-03-31T15:44:42.152+0000] {processor.py:830} INFO - Processing file /opt/airflow/dags/daily_student_pipeline.py for tasks to queue
[2026-03-31T15:44:42.153+0000] {logging_mixin.py:188} INFO - [2026-03-31T15:44:42.153+0000] {dagbag.py:538} INFO - Filling up the DagBag from /opt/airflow/dags/daily_student_pipeline.py
[2026-03-31T15:44:42.176+0000] {processor.py:840} INFO - DAG(s) 'daily_student_pipeline' retrieved from /opt/airflow/dags/daily_student_pipeline.py
[2026-03-31T15:44:42.223+0000] {logging_mixin.py:188} INFO - [2026-03-31T15:44:42.223+0000] {dag.py:3036} INFO - Sync 1 DAGs
[2026-03-31T15:44:42.245+0000] {logging_mixin.py:188} INFO - [2026-03-31T15:44:42.245+0000] {dag.py:3823} INFO - Setting next_dagrun for daily_student_pipeline to 2026-03-31 02:00:00+00:00, run_after=2026-04-01 02:00:00+00:00
[2026-03-31T15:44:42.265+0000] {processor.py:183} INFO - Processing /opt/airflow/dags/daily_student_pipeline.py took 0.117 seconds
[2026-03-31T15:45:12.320+0000] {processor.py:161} INFO - Started process (PID=5489) to work on /opt/airflow/dags/daily_student_pipeline.py
[2026-03-31T15:45:12.321+0000] {processor.py:830} INFO - Processing file /opt/airflow/dags/daily_student_pipeline.py for tasks to queue
[2026-03-31T15:45:12.322+0000] {logging_mixin.py:188} INFO - [2026-03-31T15:45:12.321+0000] {dagbag.py:538} INFO - Filling up the DagBag from /opt/airflow/dags/daily_student_pipeline.py
[2026-03-31T15:45:12.345+0000] {processor.py:840} INFO - DAG(s) 'daily_student_pipeline' retrieved from /opt/airflow/dags/daily_student_pipeline.py
[2026-03-31T15:45:12.374+0000] {logging_mixin.py:188} INFO - [2026-03-31T15:45:12.374+0000] {dag.py:3036} INFO - Sync 1 DAGs
[2026-03-31T15:45:12.397+0000] {logging_mixin.py:188} INFO - [2026-03-31T15:45:12.397+0000] {dag.py:3823} INFO - Setting next_dagrun for daily_student_pipeline to 2026-03-31 02:00:00+00:00, run_after=2026-04-01 02:00:00+00:00
[2026-03-31T15:45:12.416+0000] {processor.py:183} INFO - Processing /opt/airflow/dags/daily_student_pipeline.py took 0.099 seconds
[2026-03-31T15:45:42.535+0000] {processor.py:161} INFO - Started process (PID=5512) to work on /opt/airflow/dags/daily_student_pipeline.py
[2026-03-31T15:45:42.536+0000] {processor.py:830} INFO - Processing file /opt/airflow/dags/daily_student_pipeline.py for tasks to queue
[2026-03-31T15:45:42.537+0000] {logging_mixin.py:188} INFO - [2026-03-31T15:45:42.537+0000] {dagbag.py:538} INFO - Filling up the DagBag from /opt/airflow/dags/daily_student_pipeline.py
[2026-03-31T15:45:42.559+0000] {processor.py:840} INFO - DAG(s) 'daily_student_pipeline' retrieved from /opt/airflow/dags/daily_student_pipeline.py
[2026-03-31T15:45:42.586+0000] {logging_mixin.py:188} INFO - [2026-03-31T15:45:42.585+0000] {dag.py:3036} INFO - Sync 1 DAGs
[2026-03-31T15:45:42.606+0000] {logging_mixin.py:188} INFO - [2026-03-31T15:45:42.606+0000] {dag.py:3823} INFO - Setting next_dagrun for daily_student_pipeline to 2026-03-31 02:00:00+00:00, run_after=2026-04-01 02:00:00+00:00
[2026-03-31T15:45:42.627+0000] {processor.py:183} INFO - Processing /opt/airflow/dags/daily_student_pipeline.py took 0.095 seconds
[2026-03-31T15:46:12.691+0000] {processor.py:161} INFO - Started process (PID=5535) to work on /opt/airflow/dags/daily_student_pipeline.py
[2026-03-31T15:46:12.692+0000] {processor.py:830} INFO - Processing file /opt/airflow/dags/daily_student_pipeline.py for tasks to queue
[2026-03-31T15:46:12.693+0000] {logging_mixin.py:188} INFO - [2026-03-31T15:46:12.693+0000] {dagbag.py:538} INFO - Filling up the DagBag from /opt/airflow/dags/daily_student_pipeline.py
[2026-03-31T15:46:12.717+0000] {processor.py:840} INFO - DAG(s) 'daily_student_pipeline' retrieved from /opt/airflow/dags/daily_student_pipeline.py
[2026-03-31T15:46:12.746+0000] {logging_mixin.py:188} INFO - [2026-03-31T15:46:12.745+0000] {dag.py:3036} INFO - Sync 1 DAGs
[2026-03-31T15:46:12.765+0000] {logging_mixin.py:188} INFO - [2026-03-31T15:46:12.765+0000] {dag.py:3823} INFO - Setting next_dagrun for daily_student_pipeline to 2026-03-31 02:00:00+00:00, run_after=2026-04-01 02:00:00+00:00
[2026-03-31T15:46:12.783+0000] {processor.py:183} INFO - Processing /opt/airflow/dags/daily_student_pipeline.py took 0.095 seconds
[2026-03-31T15:46:43.949+0000] {processor.py:161} INFO - Started process (PID=5558) to work on /opt/airflow/dags/daily_student_pipeline.py
[2026-03-31T15:46:43.950+0000] {processor.py:830} INFO - Processing file /opt/airflow/dags/daily_student_pipeline.py for tasks to queue
[2026-03-31T15:46:43.952+0000] {logging_mixin.py:188} INFO - [2026-03-31T15:46:43.951+0000] {dagbag.py:538} INFO - Filling up the DagBag from /opt/airflow/dags/daily_student_pipeline.py
[2026-03-31T15:46:43.976+0000] {processor.py:840} INFO - DAG(s) 'daily_student_pipeline' retrieved from /opt/airflow/dags/daily_student_pipeline.py
[2026-03-31T15:46:44.005+0000] {logging_mixin.py:188} INFO - [2026-03-31T15:46:44.005+0000] {dag.py:3036} INFO - Sync 1 DAGs
[2026-03-31T15:46:44.033+0000] {logging_mixin.py:188} INFO - [2026-03-31T15:46:44.032+0000] {dag.py:3823} INFO - Setting next_dagrun for daily_student_pipeline to 2026-03-31 02:00:00+00:00, run_after=2026-04-01 02:00:00+00:00
[2026-03-31T15:46:44.058+0000] {processor.py:183} INFO - Processing /opt/airflow/dags/daily_student_pipeline.py took 0.112 seconds
[2026-03-31T15:47:14.178+0000] {processor.py:161} INFO - Started process (PID=5581) to work on /opt/airflow/dags/daily_student_pipeline.py
[2026-03-31T15:47:14.179+0000] {processor.py:830} INFO - Processing file /opt/airflow/dags/daily_student_pipeline.py for tasks to queue
[2026-03-31T15:47:14.179+0000] {logging_mixin.py:188} INFO - [2026-03-31T15:47:14.179+0000] {dagbag.py:538} INFO - Filling up the DagBag from /opt/airflow/dags/daily_student_pipeline.py
[2026-03-31T15:47:14.202+0000] {processor.py:840} INFO - DAG(s) 'daily_student_pipeline' retrieved from /opt/airflow/dags/daily_student_pipeline.py
[2026-03-31T15:47:14.230+0000] {logging_mixin.py:188} INFO - [2026-03-31T15:47:14.230+0000] {dag.py:3036} INFO - Sync 1 DAGs
[2026-03-31T15:47:15.271+0000] {logging_mixin.py:188} INFO - [2026-03-31T15:47:15.271+0000] {dag.py:3823} INFO - Setting next_dagrun for daily_student_pipeline to 2026-03-31 02:00:00+00:00, run_after=2026-04-01 02:00:00+00:00
[2026-03-31T15:47:15.292+0000] {processor.py:183} INFO - Processing /opt/airflow/dags/daily_student_pipeline.py took 0.099 seconds
[2026-03-31T15:47:47.333+0000] {processor.py:161} INFO - Started process (PID=5604) to work on /opt/airflow/dags/daily_student_pipeline.py
[2026-03-31T15:47:47.334+0000] {processor.py:830} INFO - Processing file /opt/airflow/dags/daily_student_pipeline.py for tasks to queue
[2026-03-31T15:47:47.335+0000] {logging_mixin.py:188} INFO - [2026-03-31T15:47:47.335+0000] {dagbag.py:538} INFO - Filling up the DagBag from /opt/airflow/dags/daily_student_pipeline.py
[2026-03-31T15:47:47.355+0000] {processor.py:840} INFO - DAG(s) 'daily_student_pipeline' retrieved from /opt/airflow/dags/daily_student_pipeline.py
[2026-03-31T15:47:47.395+0000] {logging_mixin.py:188} INFO - [2026-03-31T15:47:47.394+0000] {dag.py:3036} INFO - Sync 1 DAGs
[2026-03-31T15:47:47.430+0000] {logging_mixin.py:188} INFO - [2026-03-31T15:47:47.430+0000] {dag.py:3823} INFO - Setting next_dagrun for daily_student_pipeline to 2026-03-31 02:00:00+00:00, run_after=2026-04-01 02:00:00+00:00
[2026-03-31T15:47:47.457+0000] {processor.py:183} INFO - Processing /opt/airflow/dags/daily_student_pipeline.py took 0.125 seconds
[2026-03-31T15:48:17.677+0000] {processor.py:161} INFO - Started process (PID=5628) to work on /opt/airflow/dags/daily_student_pipeline.py
[2026-03-31T15:48:17.678+0000] {processor.py:830} INFO - Processing file /opt/airflow/dags/daily_student_pipeline.py for tasks to queue
[2026-03-31T15:48:17.679+0000] {logging_mixin.py:188} INFO - [2026-03-31T15:48:17.679+0000] {dagbag.py:538} INFO - Filling up the DagBag from /opt/airflow/dags/daily_student_pipeline.py
[2026-03-31T15:48:17.703+0000] {processor.py:840} INFO - DAG(s) 'daily_student_pipeline' retrieved from /opt/airflow/dags/daily_student_pipeline.py
[2026-03-31T15:48:17.739+0000] {logging_mixin.py:188} INFO - [2026-03-31T15:48:17.739+0000] {dag.py:3036} INFO - Sync 1 DAGs
[2026-03-31T15:48:17.763+0000] {logging_mixin.py:188} INFO - [2026-03-31T15:48:17.763+0000] {dag.py:3823} INFO - Setting next_dagrun for daily_student_pipeline to 2026-03-31 02:00:00+00:00, run_after=2026-04-01 02:00:00+00:00
[2026-03-31T15:48:17.783+0000] {processor.py:183} INFO - Processing /opt/airflow/dags/daily_student_pipeline.py took 0.109 seconds
[2026-03-31T15:48:48.095+0000] {processor.py:161} INFO - Started process (PID=5651) to work on /opt/airflow/dags/daily_student_pipeline.py
[2026-03-31T15:48:48.096+0000] {processor.py:830} INFO - Processing file /opt/airflow/dags/daily_student_pipeline.py for tasks to queue
[2026-03-31T15:48:48.097+0000] {logging_mixin.py:188} INFO - [2026-03-31T15:48:48.097+0000] {dagbag.py:538} INFO - Filling up the DagBag from /opt/airflow/dags/daily_student_pipeline.py
[2026-03-31T15:48:48.124+0000] {processor.py:840} INFO - DAG(s) 'daily_student_pipeline' retrieved from /opt/airflow/dags/daily_student_pipeline.py
[2026-03-31T15:48:48.155+0000] {logging_mixin.py:188} INFO - [2026-03-31T15:48:48.155+0000] {dag.py:3036} INFO - Sync 1 DAGs
[2026-03-31T15:48:48.182+0000] {logging_mixin.py:188} INFO - [2026-03-31T15:48:48.181+0000] {dag.py:3823} INFO - Setting next_dagrun for daily_student_pipeline to 2026-03-31 02:00:00+00:00, run_after=2026-04-01 02:00:00+00:00
[2026-03-31T15:48:48.207+0000] {processor.py:183} INFO - Processing /opt/airflow/dags/daily_student_pipeline.py took 0.115 seconds
[2026-03-31T15:49:18.329+0000] {processor.py:161} INFO - Started process (PID=5666) to work on /opt/airflow/dags/daily_student_pipeline.py
[2026-03-31T15:49:18.330+0000] {processor.py:830} INFO - Processing file /opt/airflow/dags/daily_student_pipeline.py for tasks to queue
[2026-03-31T15:49:18.331+0000] {logging_mixin.py:188} INFO - [2026-03-31T15:49:18.331+0000] {dagbag.py:538} INFO - Filling up the DagBag from /opt/airflow/dags/daily_student_pipeline.py
[2026-03-31T15:49:18.356+0000] {processor.py:840} INFO - DAG(s) 'daily_student_pipeline' retrieved from /opt/airflow/dags/daily_student_pipeline.py
[2026-03-31T15:49:18.385+0000] {logging_mixin.py:188} INFO - [2026-03-31T15:49:18.385+0000] {dag.py:3036} INFO - Sync 1 DAGs
[2026-03-31T15:49:18.409+0000] {logging_mixin.py:188} INFO - [2026-03-31T15:49:18.409+0000] {dag.py:3823} INFO - Setting next_dagrun for daily_student_pipeline to 2026-03-31 02:00:00+00:00, run_after=2026-04-01 02:00:00+00:00
[2026-03-31T15:49:18.430+0000] {processor.py:183} INFO - Processing /opt/airflow/dags/daily_student_pipeline.py took 0.104 seconds
[2026-03-31T15:49:48.514+0000] {processor.py:161} INFO - Started process (PID=5689) to work on /opt/airflow/dags/daily_student_pipeline.py
[2026-03-31T15:49:48.515+0000] {processor.py:830} INFO - Processing file /opt/airflow/dags/daily_student_pipeline.py for tasks to queue
[2026-03-31T15:49:48.517+0000] {logging_mixin.py:188} INFO - [2026-03-31T15:49:48.516+0000] {dagbag.py:538} INFO - Filling up the DagBag from /opt/airflow/dags/daily_student_pipeline.py
[2026-03-31T15:49:48.542+0000] {processor.py:840} INFO - DAG(s) 'daily_student_pipeline' retrieved from /opt/airflow/dags/daily_student_pipeline.py
[2026-03-31T15:49:48.579+0000] {logging_mixin.py:188} INFO - [2026-03-31T15:49:48.579+0000] {dag.py:3036} INFO - Sync 1 DAGs
[2026-03-31T15:49:48.602+0000] {logging_mixin.py:188} INFO - [2026-03-31T15:49:48.602+0000] {dag.py:3823} INFO - Setting next_dagrun for daily_student_pipeline to 2026-03-31 02:00:00+00:00, run_after=2026-04-01 02:00:00+00:00
[2026-03-31T15:49:48.623+0000] {processor.py:183} INFO - Processing /opt/airflow/dags/daily_student_pipeline.py took 0.111 seconds
[2026-03-31T15:50:18.668+0000] {processor.py:161} INFO - Started process (PID=5712) to work on /opt/airflow/dags/daily_student_pipeline.py
[2026-03-31T15:50:18.669+0000] {processor.py:830} INFO - Processing file /opt/airflow/dags/daily_student_pipeline.py for tasks to queue
[2026-03-31T15:50:18.670+0000] {logging_mixin.py:188} INFO - [2026-03-31T15:50:18.670+0000] {dagbag.py:538} INFO - Filling up the DagBag from /opt/airflow/dags/daily_student_pipeline.py
[2026-03-31T15:50:18.693+0000] {processor.py:840} INFO - DAG(s) 'daily_student_pipeline' retrieved from /opt/airflow/dags/daily_student_pipeline.py
[2026-03-31T15:50:18.723+0000] {logging_mixin.py:188} INFO - [2026-03-31T15:50:18.723+0000] {dag.py:3036} INFO - Sync 1 DAGs
[2026-03-31T15:50:18.746+0000] {logging_mixin.py:188} INFO - [2026-03-31T15:50:18.746+0000] {dag.py:3823} INFO - Setting next_dagrun for daily_student_pipeline to 2026-03-31 02:00:00+00:00, run_after=2026-04-01 02:00:00+00:00
[2026-03-31T15:50:18.767+0000] {processor.py:183} INFO - Processing /opt/airflow/dags/daily_student_pipeline.py took 0.101 seconds
[2026-03-31T15:50:48.927+0000] {processor.py:161} INFO - Started process (PID=5735) to work on /opt/airflow/dags/daily_student_pipeline.py
[2026-03-31T15:50:48.928+0000] {processor.py:830} INFO - Processing file /opt/airflow/dags/daily_student_pipeline.py for tasks to queue
[2026-03-31T15:50:48.929+0000] {logging_mixin.py:188} INFO - [2026-03-31T15:50:48.929+0000] {dagbag.py:538} INFO - Filling up the DagBag from /opt/airflow/dags/daily_student_pipeline.py
[2026-03-31T15:50:48.957+0000] {processor.py:840} INFO - DAG(s) 'daily_student_pipeline' retrieved from /opt/airflow/dags/daily_student_pipeline.py
[2026-03-31T15:50:48.992+0000] {logging_mixin.py:188} INFO - [2026-03-31T15:50:48.992+0000] {dag.py:3036} INFO - Sync 1 DAGs
[2026-03-31T15:50:49.015+0000] {logging_mixin.py:188} INFO - [2026-03-31T15:50:49.014+0000] {dag.py:3823} INFO - Setting next_dagrun for daily_student_pipeline to 2026-03-31 02:00:00+00:00, run_after=2026-04-01 02:00:00+00:00
[2026-03-31T15:50:49.035+0000] {processor.py:183} INFO - Processing /opt/airflow/dags/daily_student_pipeline.py took 0.111 seconds
[2026-03-31T15:51:19.169+0000] {processor.py:161} INFO - Started process (PID=5758) to work on /opt/airflow/dags/daily_student_pipeline.py
[2026-03-31T15:51:19.170+0000] {processor.py:830} INFO - Processing file /opt/airflow/dags/daily_student_pipeline.py for tasks to queue
[2026-03-31T15:51:19.171+0000] {logging_mixin.py:188} INFO - [2026-03-31T15:51:19.171+0000] {dagbag.py:538} INFO - Filling up the DagBag from /opt/airflow/dags/daily_student_pipeline.py
[2026-03-31T15:51:19.195+0000] {processor.py:840} INFO - DAG(s) 'daily_student_pipeline' retrieved from /opt/airflow/dags/daily_student_pipeline.py
[2026-03-31T15:51:19.225+0000] {logging_mixin.py:188} INFO - [2026-03-31T15:51:19.225+0000] {dag.py:3036} INFO - Sync 1 DAGs
[2026-03-31T15:51:19.248+0000] {logging_mixin.py:188} INFO - [2026-03-31T15:51:19.248+0000] {dag.py:3823} INFO - Setting next_dagrun for daily_student_pipeline to 2026-03-31 02:00:00+00:00, run_after=2026-04-01 02:00:00+00:00
[2026-03-31T15:51:19.268+0000] {processor.py:183} INFO - Processing /opt/airflow/dags/daily_student_pipeline.py took 0.102 seconds
[2026-03-31T15:51:49.364+0000] {processor.py:161} INFO - Started process (PID=5781) to work on /opt/airflow/dags/daily_student_pipeline.py
[2026-03-31T15:51:49.365+0000] {processor.py:830} INFO - Processing file /opt/airflow/dags/daily_student_pipeline.py for tasks to queue
[2026-03-31T15:51:49.366+0000] {logging_mixin.py:188} INFO - [2026-03-31T15:51:49.366+0000] {dagbag.py:538} INFO - Filling up the DagBag from /opt/airflow/dags/daily_student_pipeline.py
[2026-03-31T15:51:49.389+0000] {processor.py:840} INFO - DAG(s) 'daily_student_pipeline' retrieved from /opt/airflow/dags/daily_student_pipeline.py
[2026-03-31T15:51:49.422+0000] {logging_mixin.py:188} INFO - [2026-03-31T15:51:49.422+0000] {dag.py:3036} INFO - Sync 1 DAGs
[2026-03-31T15:51:49.447+0000] {logging_mixin.py:188} INFO - [2026-03-31T15:51:49.447+0000] {dag.py:3823} INFO - Setting next_dagrun for daily_student_pipeline to 2026-03-31 02:00:00+00:00, run_after=2026-04-01 02:00:00+00:00
[2026-03-31T15:51:49.467+0000] {processor.py:183} INFO - Processing /opt/airflow/dags/daily_student_pipeline.py took 0.106 seconds
[2026-03-31T15:52:19.592+0000] {processor.py:161} INFO - Started process (PID=5804) to work on /opt/airflow/dags/daily_student_pipeline.py
[2026-03-31T15:52:19.593+0000] {processor.py:830} INFO - Processing file /opt/airflow/dags/daily_student_pipeline.py for tasks to queue
[2026-03-31T15:52:19.594+0000] {logging_mixin.py:188} INFO - [2026-03-31T15:52:19.593+0000] {dagbag.py:538} INFO - Filling up the DagBag from /opt/airflow/dags/daily_student_pipeline.py
[2026-03-31T15:52:19.619+0000] {processor.py:840} INFO - DAG(s) 'daily_student_pipeline' retrieved from /opt/airflow/dags/daily_student_pipeline.py
[2026-03-31T15:52:19.647+0000] {logging_mixin.py:188} INFO - [2026-03-31T15:52:19.647+0000] {dag.py:3036} INFO - Sync 1 DAGs
[2026-03-31T15:52:19.671+0000] {logging_mixin.py:188} INFO - [2026-03-31T15:52:19.670+0000] {dag.py:3823} INFO - Setting next_dagrun for daily_student_pipeline to 2026-03-31 02:00:00+00:00, run_after=2026-04-01 02:00:00+00:00
[2026-03-31T15:52:19.691+0000] {processor.py:183} INFO - Processing /opt/airflow/dags/daily_student_pipeline.py took 0.101 seconds
[2026-03-31T15:52:49.759+0000] {processor.py:161} INFO - Started process (PID=5827) to work on /opt/airflow/dags/daily_student_pipeline.py
[2026-03-31T15:52:49.760+0000] {processor.py:830} INFO - Processing file /opt/airflow/dags/daily_student_pipeline.py for tasks to queue
[2026-03-31T15:52:49.761+0000] {logging_mixin.py:188} INFO - [2026-03-31T15:52:49.761+0000] {dagbag.py:538} INFO - Filling up the DagBag from /opt/airflow/dags/daily_student_pipeline.py
[2026-03-31T15:52:49.783+0000] {processor.py:840} INFO - DAG(s) 'daily_student_pipeline' retrieved from /opt/airflow/dags/daily_student_pipeline.py
[2026-03-31T15:52:49.809+0000] {logging_mixin.py:188} INFO - [2026-03-31T15:52:49.809+0000] {dag.py:3036} INFO - Sync 1 DAGs
[2026-03-31T15:52:49.830+0000] {logging_mixin.py:188} INFO - [2026-03-31T15:52:49.830+0000] {dag.py:3823} INFO - Setting next_dagrun for daily_student_pipeline to 2026-03-31 02:00:00+00:00, run_after=2026-04-01 02:00:00+00:00
[2026-03-31T15:52:49.851+0000] {processor.py:183} INFO - Processing /opt/airflow/dags/daily_student_pipeline.py took 0.095 seconds
[2026-03-31T15:53:20.053+0000] {processor.py:161} INFO - Started process (PID=5842) to work on /opt/airflow/dags/daily_student_pipeline.py
[2026-03-31T15:53:20.054+0000] {processor.py:830} INFO - Processing file /opt/airflow/dags/daily_student_pipeline.py for tasks to queue
[2026-03-31T15:53:20.055+0000] {logging_mixin.py:188} INFO - [2026-03-31T15:53:20.055+0000] {dagbag.py:538} INFO - Filling up the DagBag from /opt/airflow/dags/daily_student_pipeline.py
[2026-03-31T15:53:20.085+0000] {processor.py:840} INFO - DAG(s) 'daily_student_pipeline' retrieved from /opt/airflow/dags/daily_student_pipeline.py
[2026-03-31T15:53:20.117+0000] {logging_mixin.py:188} INFO - [2026-03-31T15:53:20.116+0000] {dag.py:3036} INFO - Sync 1 DAGs
[2026-03-31T15:53:20.139+0000] {logging_mixin.py:188} INFO - [2026-03-31T15:53:20.139+0000] {dag.py:3823} INFO - Setting next_dagrun for daily_student_pipeline to 2026-03-31 02:00:00+00:00, run_after=2026-04-01 02:00:00+00:00
[2026-03-31T15:53:20.163+0000] {processor.py:183} INFO - Processing /opt/airflow/dags/daily_student_pipeline.py took 0.112 seconds
