[2026-04-21T06:00:04.559+0000] {processor.py:161} INFO - Started process (PID=249) to work on /opt/airflow/dags/daily_student_pipeline.py
[2026-04-21T06:00:04.562+0000] {processor.py:830} INFO - Processing file /opt/airflow/dags/daily_student_pipeline.py for tasks to queue
[2026-04-21T06:00:04.564+0000] {logging_mixin.py:188} INFO - [2026-04-21T06:00:04.563+0000] {dagbag.py:538} INFO - Filling up the DagBag from /opt/airflow/dags/daily_student_pipeline.py
[2026-04-21T06:00:04.613+0000] {processor.py:840} INFO - DAG(s) 'daily_student_pipeline' retrieved from /opt/airflow/dags/daily_student_pipeline.py
[2026-04-21T06:00:04.725+0000] {logging_mixin.py:188} INFO - [2026-04-21T06:00:04.725+0000] {dag.py:3036} INFO - Sync 1 DAGs
[2026-04-21T06:00:04.762+0000] {logging_mixin.py:188} INFO - [2026-04-21T06:00:04.762+0000] {dag.py:3823} INFO - Setting next_dagrun for daily_student_pipeline to 2026-04-21 02:00:00+00:00, run_after=2026-04-22 02:00:00+00:00
[2026-04-21T06:00:04.799+0000] {processor.py:183} INFO - Processing /opt/airflow/dags/daily_student_pipeline.py took 0.245 seconds
[2026-04-21T06:00:35.113+0000] {processor.py:161} INFO - Started process (PID=475) to work on /opt/airflow/dags/daily_student_pipeline.py
[2026-04-21T06:00:35.115+0000] {processor.py:830} INFO - Processing file /opt/airflow/dags/daily_student_pipeline.py for tasks to queue
[2026-04-21T06:00:35.116+0000] {logging_mixin.py:188} INFO - [2026-04-21T06:00:35.116+0000] {dagbag.py:538} INFO - Filling up the DagBag from /opt/airflow/dags/daily_student_pipeline.py
[2026-04-21T06:00:35.155+0000] {processor.py:840} INFO - DAG(s) 'daily_student_pipeline' retrieved from /opt/airflow/dags/daily_student_pipeline.py
[2026-04-21T06:00:35.176+0000] {logging_mixin.py:188} INFO - [2026-04-21T06:00:35.175+0000] {dag.py:3036} INFO - Sync 1 DAGs
[2026-04-21T06:00:35.211+0000] {logging_mixin.py:188} INFO - [2026-04-21T06:00:35.210+0000] {dag.py:3823} INFO - Setting next_dagrun for daily_student_pipeline to 2026-04-21 02:00:00+00:00, run_after=2026-04-22 02:00:00+00:00
[2026-04-21T06:00:35.230+0000] {processor.py:183} INFO - Processing /opt/airflow/dags/daily_student_pipeline.py took 0.120 seconds
[2026-04-21T06:01:05.852+0000] {processor.py:161} INFO - Started process (PID=500) to work on /opt/airflow/dags/daily_student_pipeline.py
[2026-04-21T06:01:05.853+0000] {processor.py:830} INFO - Processing file /opt/airflow/dags/daily_student_pipeline.py for tasks to queue
[2026-04-21T06:01:05.854+0000] {logging_mixin.py:188} INFO - [2026-04-21T06:01:05.854+0000] {dagbag.py:538} INFO - Filling up the DagBag from /opt/airflow/dags/daily_student_pipeline.py
[2026-04-21T06:01:05.874+0000] {processor.py:840} INFO - DAG(s) 'daily_student_pipeline' retrieved from /opt/airflow/dags/daily_student_pipeline.py
[2026-04-21T06:01:06.003+0000] {logging_mixin.py:188} INFO - [2026-04-21T06:01:06.003+0000] {dag.py:3036} INFO - Sync 1 DAGs
[2026-04-21T06:01:06.022+0000] {logging_mixin.py:188} INFO - [2026-04-21T06:01:06.021+0000] {dag.py:3823} INFO - Setting next_dagrun for daily_student_pipeline to 2026-04-21 02:00:00+00:00, run_after=2026-04-22 02:00:00+00:00
[2026-04-21T06:01:06.040+0000] {processor.py:183} INFO - Processing /opt/airflow/dags/daily_student_pipeline.py took 0.190 seconds
[2026-04-21T06:01:36.419+0000] {processor.py:161} INFO - Started process (PID=523) to work on /opt/airflow/dags/daily_student_pipeline.py
[2026-04-21T06:01:36.420+0000] {processor.py:830} INFO - Processing file /opt/airflow/dags/daily_student_pipeline.py for tasks to queue
[2026-04-21T06:01:36.422+0000] {logging_mixin.py:188} INFO - [2026-04-21T06:01:36.421+0000] {dagbag.py:538} INFO - Filling up the DagBag from /opt/airflow/dags/daily_student_pipeline.py
[2026-04-21T06:01:36.448+0000] {processor.py:840} INFO - DAG(s) 'daily_student_pipeline' retrieved from /opt/airflow/dags/daily_student_pipeline.py
[2026-04-21T06:01:36.480+0000] {logging_mixin.py:188} INFO - [2026-04-21T06:01:36.480+0000] {dag.py:3036} INFO - Sync 1 DAGs
[2026-04-21T06:01:36.503+0000] {logging_mixin.py:188} INFO - [2026-04-21T06:01:36.502+0000] {dag.py:3823} INFO - Setting next_dagrun for daily_student_pipeline to 2026-04-21 02:00:00+00:00, run_after=2026-04-22 02:00:00+00:00
[2026-04-21T06:01:36.522+0000] {processor.py:183} INFO - Processing /opt/airflow/dags/daily_student_pipeline.py took 0.107 seconds
[2026-04-21T06:02:06.656+0000] {processor.py:161} INFO - Started process (PID=538) to work on /opt/airflow/dags/daily_student_pipeline.py
[2026-04-21T06:02:06.657+0000] {processor.py:830} INFO - Processing file /opt/airflow/dags/daily_student_pipeline.py for tasks to queue
[2026-04-21T06:02:06.658+0000] {logging_mixin.py:188} INFO - [2026-04-21T06:02:06.657+0000] {dagbag.py:538} INFO - Filling up the DagBag from /opt/airflow/dags/daily_student_pipeline.py
[2026-04-21T06:02:06.675+0000] {processor.py:840} INFO - DAG(s) 'daily_student_pipeline' retrieved from /opt/airflow/dags/daily_student_pipeline.py
[2026-04-21T06:02:06.709+0000] {logging_mixin.py:188} INFO - [2026-04-21T06:02:06.708+0000] {dag.py:3036} INFO - Sync 1 DAGs
[2026-04-21T06:02:06.823+0000] {logging_mixin.py:188} INFO - [2026-04-21T06:02:06.823+0000] {dag.py:3823} INFO - Setting next_dagrun for daily_student_pipeline to 2026-04-21 02:00:00+00:00, run_after=2026-04-22 02:00:00+00:00
[2026-04-21T06:02:06.858+0000] {processor.py:183} INFO - Processing /opt/airflow/dags/daily_student_pipeline.py took 0.204 seconds
[2026-04-21T06:02:36.920+0000] {processor.py:161} INFO - Started process (PID=561) to work on /opt/airflow/dags/daily_student_pipeline.py
[2026-04-21T06:02:36.921+0000] {processor.py:830} INFO - Processing file /opt/airflow/dags/daily_student_pipeline.py for tasks to queue
[2026-04-21T06:02:36.922+0000] {logging_mixin.py:188} INFO - [2026-04-21T06:02:36.921+0000] {dagbag.py:538} INFO - Filling up the DagBag from /opt/airflow/dags/daily_student_pipeline.py
[2026-04-21T06:02:36.940+0000] {processor.py:840} INFO - DAG(s) 'daily_student_pipeline' retrieved from /opt/airflow/dags/daily_student_pipeline.py
[2026-04-21T06:02:36.969+0000] {logging_mixin.py:188} INFO - [2026-04-21T06:02:36.969+0000] {dag.py:3036} INFO - Sync 1 DAGs
[2026-04-21T06:02:36.991+0000] {logging_mixin.py:188} INFO - [2026-04-21T06:02:36.991+0000] {dag.py:3823} INFO - Setting next_dagrun for daily_student_pipeline to 2026-04-21 02:00:00+00:00, run_after=2026-04-22 02:00:00+00:00
[2026-04-21T06:02:37.008+0000] {processor.py:183} INFO - Processing /opt/airflow/dags/daily_student_pipeline.py took 0.091 seconds
[2026-04-21T06:03:07.117+0000] {processor.py:161} INFO - Started process (PID=584) to work on /opt/airflow/dags/daily_student_pipeline.py
[2026-04-21T06:03:07.118+0000] {processor.py:830} INFO - Processing file /opt/airflow/dags/daily_student_pipeline.py for tasks to queue
[2026-04-21T06:03:07.118+0000] {logging_mixin.py:188} INFO - [2026-04-21T06:03:07.118+0000] {dagbag.py:538} INFO - Filling up the DagBag from /opt/airflow/dags/daily_student_pipeline.py
[2026-04-21T06:03:07.135+0000] {processor.py:840} INFO - DAG(s) 'daily_student_pipeline' retrieved from /opt/airflow/dags/daily_student_pipeline.py
[2026-04-21T06:03:07.165+0000] {logging_mixin.py:188} INFO - [2026-04-21T06:03:07.165+0000] {dag.py:3036} INFO - Sync 1 DAGs
[2026-04-21T06:03:07.186+0000] {logging_mixin.py:188} INFO - [2026-04-21T06:03:07.186+0000] {dag.py:3823} INFO - Setting next_dagrun for daily_student_pipeline to 2026-04-21 02:00:00+00:00, run_after=2026-04-22 02:00:00+00:00
[2026-04-21T06:03:07.209+0000] {processor.py:183} INFO - Processing /opt/airflow/dags/daily_student_pipeline.py took 0.094 seconds
[2026-04-21T06:03:37.329+0000] {processor.py:161} INFO - Started process (PID=607) to work on /opt/airflow/dags/daily_student_pipeline.py
[2026-04-21T06:03:37.330+0000] {processor.py:830} INFO - Processing file /opt/airflow/dags/daily_student_pipeline.py for tasks to queue
[2026-04-21T06:03:37.331+0000] {logging_mixin.py:188} INFO - [2026-04-21T06:03:37.331+0000] {dagbag.py:538} INFO - Filling up the DagBag from /opt/airflow/dags/daily_student_pipeline.py
[2026-04-21T06:03:37.370+0000] {processor.py:840} INFO - DAG(s) 'daily_student_pipeline' retrieved from /opt/airflow/dags/daily_student_pipeline.py
[2026-04-21T06:03:37.400+0000] {logging_mixin.py:188} INFO - [2026-04-21T06:03:37.400+0000] {dag.py:3036} INFO - Sync 1 DAGs
[2026-04-21T06:03:37.421+0000] {logging_mixin.py:188} INFO - [2026-04-21T06:03:37.421+0000] {dag.py:3823} INFO - Setting next_dagrun for daily_student_pipeline to 2026-04-21 02:00:00+00:00, run_after=2026-04-22 02:00:00+00:00
[2026-04-21T06:03:37.444+0000] {processor.py:183} INFO - Processing /opt/airflow/dags/daily_student_pipeline.py took 0.118 seconds
[2026-04-21T06:04:08.088+0000] {processor.py:161} INFO - Started process (PID=630) to work on /opt/airflow/dags/daily_student_pipeline.py
[2026-04-21T06:04:08.089+0000] {processor.py:830} INFO - Processing file /opt/airflow/dags/daily_student_pipeline.py for tasks to queue
[2026-04-21T06:04:08.090+0000] {logging_mixin.py:188} INFO - [2026-04-21T06:04:08.090+0000] {dagbag.py:538} INFO - Filling up the DagBag from /opt/airflow/dags/daily_student_pipeline.py
[2026-04-21T06:04:08.116+0000] {processor.py:840} INFO - DAG(s) 'daily_student_pipeline' retrieved from /opt/airflow/dags/daily_student_pipeline.py
[2026-04-21T06:04:08.146+0000] {logging_mixin.py:188} INFO - [2026-04-21T06:04:08.146+0000] {dag.py:3036} INFO - Sync 1 DAGs
[2026-04-21T06:04:08.169+0000] {logging_mixin.py:188} INFO - [2026-04-21T06:04:08.169+0000] {dag.py:3823} INFO - Setting next_dagrun for daily_student_pipeline to 2026-04-21 02:00:00+00:00, run_after=2026-04-22 02:00:00+00:00
[2026-04-21T06:04:08.200+0000] {processor.py:183} INFO - Processing /opt/airflow/dags/daily_student_pipeline.py took 0.115 seconds
[2026-04-21T06:04:38.271+0000] {processor.py:161} INFO - Started process (PID=654) to work on /opt/airflow/dags/daily_student_pipeline.py
[2026-04-21T06:04:38.272+0000] {processor.py:830} INFO - Processing file /opt/airflow/dags/daily_student_pipeline.py for tasks to queue
[2026-04-21T06:04:38.273+0000] {logging_mixin.py:188} INFO - [2026-04-21T06:04:38.273+0000] {dagbag.py:538} INFO - Filling up the DagBag from /opt/airflow/dags/daily_student_pipeline.py
[2026-04-21T06:04:38.297+0000] {processor.py:840} INFO - DAG(s) 'daily_student_pipeline' retrieved from /opt/airflow/dags/daily_student_pipeline.py
[2026-04-21T06:04:38.326+0000] {logging_mixin.py:188} INFO - [2026-04-21T06:04:38.326+0000] {dag.py:3036} INFO - Sync 1 DAGs
[2026-04-21T06:04:38.351+0000] {logging_mixin.py:188} INFO - [2026-04-21T06:04:38.350+0000] {dag.py:3823} INFO - Setting next_dagrun for daily_student_pipeline to 2026-04-21 02:00:00+00:00, run_after=2026-04-22 02:00:00+00:00
[2026-04-21T06:04:38.372+0000] {processor.py:183} INFO - Processing /opt/airflow/dags/daily_student_pipeline.py took 0.104 seconds
[2026-04-21T06:05:09.250+0000] {processor.py:161} INFO - Started process (PID=677) to work on /opt/airflow/dags/daily_student_pipeline.py
[2026-04-21T06:05:09.251+0000] {processor.py:830} INFO - Processing file /opt/airflow/dags/daily_student_pipeline.py for tasks to queue
[2026-04-21T06:05:09.252+0000] {logging_mixin.py:188} INFO - [2026-04-21T06:05:09.252+0000] {dagbag.py:538} INFO - Filling up the DagBag from /opt/airflow/dags/daily_student_pipeline.py
[2026-04-21T06:05:09.268+0000] {processor.py:840} INFO - DAG(s) 'daily_student_pipeline' retrieved from /opt/airflow/dags/daily_student_pipeline.py
[2026-04-21T06:05:09.294+0000] {logging_mixin.py:188} INFO - [2026-04-21T06:05:09.294+0000] {dag.py:3036} INFO - Sync 1 DAGs
[2026-04-21T06:05:09.316+0000] {logging_mixin.py:188} INFO - [2026-04-21T06:05:09.316+0000] {dag.py:3823} INFO - Setting next_dagrun for daily_student_pipeline to 2026-04-21 02:00:00+00:00, run_after=2026-04-22 02:00:00+00:00
[2026-04-21T06:05:09.338+0000] {processor.py:183} INFO - Processing /opt/airflow/dags/daily_student_pipeline.py took 0.091 seconds
[2026-04-21T06:05:39.430+0000] {processor.py:161} INFO - Started process (PID=699) to work on /opt/airflow/dags/daily_student_pipeline.py
[2026-04-21T06:05:39.431+0000] {processor.py:830} INFO - Processing file /opt/airflow/dags/daily_student_pipeline.py for tasks to queue
[2026-04-21T06:05:39.432+0000] {logging_mixin.py:188} INFO - [2026-04-21T06:05:39.432+0000] {dagbag.py:538} INFO - Filling up the DagBag from /opt/airflow/dags/daily_student_pipeline.py
[2026-04-21T06:05:39.460+0000] {processor.py:840} INFO - DAG(s) 'daily_student_pipeline' retrieved from /opt/airflow/dags/daily_student_pipeline.py
[2026-04-21T06:05:39.501+0000] {logging_mixin.py:188} INFO - [2026-04-21T06:05:39.501+0000] {dag.py:3036} INFO - Sync 1 DAGs
[2026-04-21T06:05:39.525+0000] {logging_mixin.py:188} INFO - [2026-04-21T06:05:39.525+0000] {dag.py:3823} INFO - Setting next_dagrun for daily_student_pipeline to 2026-04-21 02:00:00+00:00, run_after=2026-04-22 02:00:00+00:00
[2026-04-21T06:05:39.543+0000] {processor.py:183} INFO - Processing /opt/airflow/dags/daily_student_pipeline.py took 0.117 seconds
[2026-04-21T06:06:09.632+0000] {processor.py:161} INFO - Started process (PID=714) to work on /opt/airflow/dags/daily_student_pipeline.py
[2026-04-21T06:06:09.633+0000] {processor.py:830} INFO - Processing file /opt/airflow/dags/daily_student_pipeline.py for tasks to queue
[2026-04-21T06:06:09.634+0000] {logging_mixin.py:188} INFO - [2026-04-21T06:06:09.634+0000] {dagbag.py:538} INFO - Filling up the DagBag from /opt/airflow/dags/daily_student_pipeline.py
[2026-04-21T06:06:09.656+0000] {processor.py:840} INFO - DAG(s) 'daily_student_pipeline' retrieved from /opt/airflow/dags/daily_student_pipeline.py
[2026-04-21T06:06:09.686+0000] {logging_mixin.py:188} INFO - [2026-04-21T06:06:09.686+0000] {dag.py:3036} INFO - Sync 1 DAGs
[2026-04-21T06:06:09.712+0000] {logging_mixin.py:188} INFO - [2026-04-21T06:06:09.712+0000] {dag.py:3823} INFO - Setting next_dagrun for daily_student_pipeline to 2026-04-21 02:00:00+00:00, run_after=2026-04-22 02:00:00+00:00
[2026-04-21T06:06:09.732+0000] {processor.py:183} INFO - Processing /opt/airflow/dags/daily_student_pipeline.py took 0.104 seconds
[2026-04-21T06:06:41.692+0000] {processor.py:161} INFO - Started process (PID=737) to work on /opt/airflow/dags/daily_student_pipeline.py
[2026-04-21T06:06:41.693+0000] {processor.py:830} INFO - Processing file /opt/airflow/dags/daily_student_pipeline.py for tasks to queue
[2026-04-21T06:06:41.694+0000] {logging_mixin.py:188} INFO - [2026-04-21T06:06:41.693+0000] {dagbag.py:538} INFO - Filling up the DagBag from /opt/airflow/dags/daily_student_pipeline.py
[2026-04-21T06:06:41.721+0000] {processor.py:840} INFO - DAG(s) 'daily_student_pipeline' retrieved from /opt/airflow/dags/daily_student_pipeline.py
[2026-04-21T06:06:41.751+0000] {logging_mixin.py:188} INFO - [2026-04-21T06:06:41.750+0000] {dag.py:3036} INFO - Sync 1 DAGs
[2026-04-21T06:06:41.773+0000] {logging_mixin.py:188} INFO - [2026-04-21T06:06:41.773+0000] {dag.py:3823} INFO - Setting next_dagrun for daily_student_pipeline to 2026-04-21 02:00:00+00:00, run_after=2026-04-22 02:00:00+00:00
[2026-04-21T06:06:41.791+0000] {processor.py:183} INFO - Processing /opt/airflow/dags/daily_student_pipeline.py took 0.103 seconds
[2026-04-21T06:07:14.687+0000] {processor.py:161} INFO - Started process (PID=760) to work on /opt/airflow/dags/daily_student_pipeline.py
[2026-04-21T06:07:14.688+0000] {processor.py:830} INFO - Processing file /opt/airflow/dags/daily_student_pipeline.py for tasks to queue
[2026-04-21T06:07:14.689+0000] {logging_mixin.py:188} INFO - [2026-04-21T06:07:14.688+0000] {dagbag.py:538} INFO - Filling up the DagBag from /opt/airflow/dags/daily_student_pipeline.py
[2026-04-21T06:07:14.707+0000] {processor.py:840} INFO - DAG(s) 'daily_student_pipeline' retrieved from /opt/airflow/dags/daily_student_pipeline.py
[2026-04-21T06:07:14.738+0000] {logging_mixin.py:188} INFO - [2026-04-21T06:07:14.737+0000] {dag.py:3036} INFO - Sync 1 DAGs
[2026-04-21T06:07:14.761+0000] {logging_mixin.py:188} INFO - [2026-04-21T06:07:14.761+0000] {dag.py:3823} INFO - Setting next_dagrun for daily_student_pipeline to 2026-04-21 02:00:00+00:00, run_after=2026-04-22 02:00:00+00:00
[2026-04-21T06:07:14.780+0000] {processor.py:183} INFO - Processing /opt/airflow/dags/daily_student_pipeline.py took 0.098 seconds
[2026-04-21T06:07:46.829+0000] {processor.py:161} INFO - Started process (PID=783) to work on /opt/airflow/dags/daily_student_pipeline.py
[2026-04-21T06:07:46.830+0000] {processor.py:830} INFO - Processing file /opt/airflow/dags/daily_student_pipeline.py for tasks to queue
[2026-04-21T06:07:46.831+0000] {logging_mixin.py:188} INFO - [2026-04-21T06:07:46.831+0000] {dagbag.py:538} INFO - Filling up the DagBag from /opt/airflow/dags/daily_student_pipeline.py
[2026-04-21T06:07:46.852+0000] {processor.py:840} INFO - DAG(s) 'daily_student_pipeline' retrieved from /opt/airflow/dags/daily_student_pipeline.py
[2026-04-21T06:07:46.886+0000] {logging_mixin.py:188} INFO - [2026-04-21T06:07:46.886+0000] {dag.py:3036} INFO - Sync 1 DAGs
[2026-04-21T06:07:46.912+0000] {logging_mixin.py:188} INFO - [2026-04-21T06:07:46.912+0000] {dag.py:3823} INFO - Setting next_dagrun for daily_student_pipeline to 2026-04-21 02:00:00+00:00, run_after=2026-04-22 02:00:00+00:00
[2026-04-21T06:07:46.931+0000] {processor.py:183} INFO - Processing /opt/airflow/dags/daily_student_pipeline.py took 0.106 seconds
[2026-04-21T06:08:19.976+0000] {processor.py:161} INFO - Started process (PID=806) to work on /opt/airflow/dags/daily_student_pipeline.py
[2026-04-21T06:08:19.977+0000] {processor.py:830} INFO - Processing file /opt/airflow/dags/daily_student_pipeline.py for tasks to queue
[2026-04-21T06:08:19.978+0000] {logging_mixin.py:188} INFO - [2026-04-21T06:08:19.978+0000] {dagbag.py:538} INFO - Filling up the DagBag from /opt/airflow/dags/daily_student_pipeline.py
[2026-04-21T06:08:19.996+0000] {processor.py:840} INFO - DAG(s) 'daily_student_pipeline' retrieved from /opt/airflow/dags/daily_student_pipeline.py
[2026-04-21T06:08:20.021+0000] {logging_mixin.py:188} INFO - [2026-04-21T06:08:20.020+0000] {dag.py:3036} INFO - Sync 1 DAGs
[2026-04-21T06:08:20.052+0000] {logging_mixin.py:188} INFO - [2026-04-21T06:08:20.052+0000] {dag.py:3823} INFO - Setting next_dagrun for daily_student_pipeline to 2026-04-21 02:00:00+00:00, run_after=2026-04-22 02:00:00+00:00
[2026-04-21T06:08:20.074+0000] {processor.py:183} INFO - Processing /opt/airflow/dags/daily_student_pipeline.py took 0.100 seconds
[2026-04-21T06:08:53.057+0000] {processor.py:161} INFO - Started process (PID=829) to work on /opt/airflow/dags/daily_student_pipeline.py
[2026-04-21T06:08:53.058+0000] {processor.py:830} INFO - Processing file /opt/airflow/dags/daily_student_pipeline.py for tasks to queue
[2026-04-21T06:08:53.059+0000] {logging_mixin.py:188} INFO - [2026-04-21T06:08:53.059+0000] {dagbag.py:538} INFO - Filling up the DagBag from /opt/airflow/dags/daily_student_pipeline.py
[2026-04-21T06:08:53.079+0000] {processor.py:840} INFO - DAG(s) 'daily_student_pipeline' retrieved from /opt/airflow/dags/daily_student_pipeline.py
[2026-04-21T06:08:53.110+0000] {logging_mixin.py:188} INFO - [2026-04-21T06:08:53.109+0000] {dag.py:3036} INFO - Sync 1 DAGs
[2026-04-21T06:08:53.131+0000] {logging_mixin.py:188} INFO - [2026-04-21T06:08:53.131+0000] {dag.py:3823} INFO - Setting next_dagrun for daily_student_pipeline to 2026-04-21 02:00:00+00:00, run_after=2026-04-22 02:00:00+00:00
[2026-04-21T06:08:53.151+0000] {processor.py:183} INFO - Processing /opt/airflow/dags/daily_student_pipeline.py took 0.097 seconds
[2026-04-21T06:09:25.159+0000] {processor.py:161} INFO - Started process (PID=852) to work on /opt/airflow/dags/daily_student_pipeline.py
[2026-04-21T06:09:25.160+0000] {processor.py:830} INFO - Processing file /opt/airflow/dags/daily_student_pipeline.py for tasks to queue
[2026-04-21T06:09:25.161+0000] {logging_mixin.py:188} INFO - [2026-04-21T06:09:25.160+0000] {dagbag.py:538} INFO - Filling up the DagBag from /opt/airflow/dags/daily_student_pipeline.py
[2026-04-21T06:09:25.182+0000] {processor.py:840} INFO - DAG(s) 'daily_student_pipeline' retrieved from /opt/airflow/dags/daily_student_pipeline.py
[2026-04-21T06:09:25.209+0000] {logging_mixin.py:188} INFO - [2026-04-21T06:09:25.209+0000] {dag.py:3036} INFO - Sync 1 DAGs
[2026-04-21T06:09:25.235+0000] {logging_mixin.py:188} INFO - [2026-04-21T06:09:25.235+0000] {dag.py:3823} INFO - Setting next_dagrun for daily_student_pipeline to 2026-04-21 02:00:00+00:00, run_after=2026-04-22 02:00:00+00:00
[2026-04-21T06:09:25.253+0000] {processor.py:183} INFO - Processing /opt/airflow/dags/daily_student_pipeline.py took 0.098 seconds
[2026-04-21T06:09:58.235+0000] {processor.py:161} INFO - Started process (PID=875) to work on /opt/airflow/dags/daily_student_pipeline.py
[2026-04-21T06:09:58.236+0000] {processor.py:830} INFO - Processing file /opt/airflow/dags/daily_student_pipeline.py for tasks to queue
[2026-04-21T06:09:58.236+0000] {logging_mixin.py:188} INFO - [2026-04-21T06:09:58.236+0000] {dagbag.py:538} INFO - Filling up the DagBag from /opt/airflow/dags/daily_student_pipeline.py
[2026-04-21T06:09:58.257+0000] {processor.py:840} INFO - DAG(s) 'daily_student_pipeline' retrieved from /opt/airflow/dags/daily_student_pipeline.py
[2026-04-21T06:09:58.287+0000] {logging_mixin.py:188} INFO - [2026-04-21T06:09:58.287+0000] {dag.py:3036} INFO - Sync 1 DAGs
[2026-04-21T06:09:58.309+0000] {logging_mixin.py:188} INFO - [2026-04-21T06:09:58.309+0000] {dag.py:3823} INFO - Setting next_dagrun for daily_student_pipeline to 2026-04-21 02:00:00+00:00, run_after=2026-04-22 02:00:00+00:00
[2026-04-21T06:09:58.329+0000] {processor.py:183} INFO - Processing /opt/airflow/dags/daily_student_pipeline.py took 0.097 seconds
[2026-04-21T06:10:30.340+0000] {processor.py:161} INFO - Started process (PID=898) to work on /opt/airflow/dags/daily_student_pipeline.py
[2026-04-21T06:10:30.341+0000] {processor.py:830} INFO - Processing file /opt/airflow/dags/daily_student_pipeline.py for tasks to queue
[2026-04-21T06:10:30.342+0000] {logging_mixin.py:188} INFO - [2026-04-21T06:10:30.341+0000] {dagbag.py:538} INFO - Filling up the DagBag from /opt/airflow/dags/daily_student_pipeline.py
[2026-04-21T06:10:30.371+0000] {processor.py:840} INFO - DAG(s) 'daily_student_pipeline' retrieved from /opt/airflow/dags/daily_student_pipeline.py
[2026-04-21T06:10:30.398+0000] {logging_mixin.py:188} INFO - [2026-04-21T06:10:30.398+0000] {dag.py:3036} INFO - Sync 1 DAGs
[2026-04-21T06:10:30.421+0000] {logging_mixin.py:188} INFO - [2026-04-21T06:10:30.421+0000] {dag.py:3823} INFO - Setting next_dagrun for daily_student_pipeline to 2026-04-21 02:00:00+00:00, run_after=2026-04-22 02:00:00+00:00
[2026-04-21T06:10:30.439+0000] {processor.py:183} INFO - Processing /opt/airflow/dags/daily_student_pipeline.py took 0.103 seconds
[2026-04-21T06:11:03.425+0000] {processor.py:161} INFO - Started process (PID=921) to work on /opt/airflow/dags/daily_student_pipeline.py
[2026-04-21T06:11:03.426+0000] {processor.py:830} INFO - Processing file /opt/airflow/dags/daily_student_pipeline.py for tasks to queue
[2026-04-21T06:11:03.427+0000] {logging_mixin.py:188} INFO - [2026-04-21T06:11:03.427+0000] {dagbag.py:538} INFO - Filling up the DagBag from /opt/airflow/dags/daily_student_pipeline.py
[2026-04-21T06:11:03.449+0000] {processor.py:840} INFO - DAG(s) 'daily_student_pipeline' retrieved from /opt/airflow/dags/daily_student_pipeline.py
[2026-04-21T06:11:03.477+0000] {logging_mixin.py:188} INFO - [2026-04-21T06:11:03.477+0000] {dag.py:3036} INFO - Sync 1 DAGs
[2026-04-21T06:11:03.498+0000] {logging_mixin.py:188} INFO - [2026-04-21T06:11:03.498+0000] {dag.py:3823} INFO - Setting next_dagrun for daily_student_pipeline to 2026-04-21 02:00:00+00:00, run_after=2026-04-22 02:00:00+00:00
[2026-04-21T06:11:03.518+0000] {processor.py:183} INFO - Processing /opt/airflow/dags/daily_student_pipeline.py took 0.095 seconds
[2026-04-21T06:11:36.479+0000] {processor.py:161} INFO - Started process (PID=944) to work on /opt/airflow/dags/daily_student_pipeline.py
[2026-04-21T06:11:36.480+0000] {processor.py:830} INFO - Processing file /opt/airflow/dags/daily_student_pipeline.py for tasks to queue
[2026-04-21T06:11:36.481+0000] {logging_mixin.py:188} INFO - [2026-04-21T06:11:36.481+0000] {dagbag.py:538} INFO - Filling up the DagBag from /opt/airflow/dags/daily_student_pipeline.py
[2026-04-21T06:11:36.508+0000] {processor.py:840} INFO - DAG(s) 'daily_student_pipeline' retrieved from /opt/airflow/dags/daily_student_pipeline.py
[2026-04-21T06:11:36.537+0000] {logging_mixin.py:188} INFO - [2026-04-21T06:11:36.537+0000] {dag.py:3036} INFO - Sync 1 DAGs
[2026-04-21T06:11:36.561+0000] {logging_mixin.py:188} INFO - [2026-04-21T06:11:36.560+0000] {dag.py:3823} INFO - Setting next_dagrun for daily_student_pipeline to 2026-04-21 02:00:00+00:00, run_after=2026-04-22 02:00:00+00:00
[2026-04-21T06:11:36.582+0000] {processor.py:183} INFO - Processing /opt/airflow/dags/daily_student_pipeline.py took 0.106 seconds
[2026-04-21T06:12:08.548+0000] {processor.py:161} INFO - Started process (PID=967) to work on /opt/airflow/dags/daily_student_pipeline.py
[2026-04-21T06:12:08.549+0000] {processor.py:830} INFO - Processing file /opt/airflow/dags/daily_student_pipeline.py for tasks to queue
[2026-04-21T06:12:08.550+0000] {logging_mixin.py:188} INFO - [2026-04-21T06:12:08.550+0000] {dagbag.py:538} INFO - Filling up the DagBag from /opt/airflow/dags/daily_student_pipeline.py
[2026-04-21T06:12:08.569+0000] {processor.py:840} INFO - DAG(s) 'daily_student_pipeline' retrieved from /opt/airflow/dags/daily_student_pipeline.py
[2026-04-21T06:12:08.597+0000] {logging_mixin.py:188} INFO - [2026-04-21T06:12:08.597+0000] {dag.py:3036} INFO - Sync 1 DAGs
[2026-04-21T06:12:08.621+0000] {logging_mixin.py:188} INFO - [2026-04-21T06:12:08.621+0000] {dag.py:3823} INFO - Setting next_dagrun for daily_student_pipeline to 2026-04-21 02:00:00+00:00, run_after=2026-04-22 02:00:00+00:00
[2026-04-21T06:12:08.642+0000] {processor.py:183} INFO - Processing /opt/airflow/dags/daily_student_pipeline.py took 0.097 seconds
[2026-04-21T06:12:41.624+0000] {processor.py:161} INFO - Started process (PID=990) to work on /opt/airflow/dags/daily_student_pipeline.py
[2026-04-21T06:12:41.625+0000] {processor.py:830} INFO - Processing file /opt/airflow/dags/daily_student_pipeline.py for tasks to queue
[2026-04-21T06:12:41.626+0000] {logging_mixin.py:188} INFO - [2026-04-21T06:12:41.626+0000] {dagbag.py:538} INFO - Filling up the DagBag from /opt/airflow/dags/daily_student_pipeline.py
[2026-04-21T06:12:41.649+0000] {processor.py:840} INFO - DAG(s) 'daily_student_pipeline' retrieved from /opt/airflow/dags/daily_student_pipeline.py
[2026-04-21T06:12:41.676+0000] {logging_mixin.py:188} INFO - [2026-04-21T06:12:41.676+0000] {dag.py:3036} INFO - Sync 1 DAGs
[2026-04-21T06:12:41.698+0000] {logging_mixin.py:188} INFO - [2026-04-21T06:12:41.698+0000] {dag.py:3823} INFO - Setting next_dagrun for daily_student_pipeline to 2026-04-21 02:00:00+00:00, run_after=2026-04-22 02:00:00+00:00
[2026-04-21T06:12:41.722+0000] {processor.py:183} INFO - Processing /opt/airflow/dags/daily_student_pipeline.py took 0.100 seconds
[2026-04-21T06:13:14.705+0000] {processor.py:161} INFO - Started process (PID=1013) to work on /opt/airflow/dags/daily_student_pipeline.py
[2026-04-21T06:13:14.707+0000] {processor.py:830} INFO - Processing file /opt/airflow/dags/daily_student_pipeline.py for tasks to queue
[2026-04-21T06:13:14.708+0000] {logging_mixin.py:188} INFO - [2026-04-21T06:13:14.707+0000] {dagbag.py:538} INFO - Filling up the DagBag from /opt/airflow/dags/daily_student_pipeline.py
[2026-04-21T06:13:14.728+0000] {processor.py:840} INFO - DAG(s) 'daily_student_pipeline' retrieved from /opt/airflow/dags/daily_student_pipeline.py
[2026-04-21T06:13:14.754+0000] {logging_mixin.py:188} INFO - [2026-04-21T06:13:14.754+0000] {dag.py:3036} INFO - Sync 1 DAGs
[2026-04-21T06:13:14.777+0000] {logging_mixin.py:188} INFO - [2026-04-21T06:13:14.776+0000] {dag.py:3823} INFO - Setting next_dagrun for daily_student_pipeline to 2026-04-21 02:00:00+00:00, run_after=2026-04-22 02:00:00+00:00
[2026-04-21T06:13:14.797+0000] {processor.py:183} INFO - Processing /opt/airflow/dags/daily_student_pipeline.py took 0.094 seconds
[2026-04-21T06:13:46.794+0000] {processor.py:161} INFO - Started process (PID=1028) to work on /opt/airflow/dags/daily_student_pipeline.py
[2026-04-21T06:13:46.795+0000] {processor.py:830} INFO - Processing file /opt/airflow/dags/daily_student_pipeline.py for tasks to queue
[2026-04-21T06:13:46.796+0000] {logging_mixin.py:188} INFO - [2026-04-21T06:13:46.796+0000] {dagbag.py:538} INFO - Filling up the DagBag from /opt/airflow/dags/daily_student_pipeline.py
[2026-04-21T06:13:46.814+0000] {processor.py:840} INFO - DAG(s) 'daily_student_pipeline' retrieved from /opt/airflow/dags/daily_student_pipeline.py
[2026-04-21T06:13:46.846+0000] {logging_mixin.py:188} INFO - [2026-04-21T06:13:46.846+0000] {dag.py:3036} INFO - Sync 1 DAGs
[2026-04-21T06:13:46.879+0000] {logging_mixin.py:188} INFO - [2026-04-21T06:13:46.879+0000] {dag.py:3823} INFO - Setting next_dagrun for daily_student_pipeline to 2026-04-21 02:00:00+00:00, run_after=2026-04-22 02:00:00+00:00
[2026-04-21T06:13:46.898+0000] {processor.py:183} INFO - Processing /opt/airflow/dags/daily_student_pipeline.py took 0.107 seconds
[2026-04-21T06:14:19.859+0000] {processor.py:161} INFO - Started process (PID=1051) to work on /opt/airflow/dags/daily_student_pipeline.py
[2026-04-21T06:14:19.860+0000] {processor.py:830} INFO - Processing file /opt/airflow/dags/daily_student_pipeline.py for tasks to queue
[2026-04-21T06:14:19.861+0000] {logging_mixin.py:188} INFO - [2026-04-21T06:14:19.861+0000] {dagbag.py:538} INFO - Filling up the DagBag from /opt/airflow/dags/daily_student_pipeline.py
[2026-04-21T06:14:19.879+0000] {processor.py:840} INFO - DAG(s) 'daily_student_pipeline' retrieved from /opt/airflow/dags/daily_student_pipeline.py
[2026-04-21T06:14:19.906+0000] {logging_mixin.py:188} INFO - [2026-04-21T06:14:19.905+0000] {dag.py:3036} INFO - Sync 1 DAGs
[2026-04-21T06:14:19.926+0000] {logging_mixin.py:188} INFO - [2026-04-21T06:14:19.926+0000] {dag.py:3823} INFO - Setting next_dagrun for daily_student_pipeline to 2026-04-21 02:00:00+00:00, run_after=2026-04-22 02:00:00+00:00
[2026-04-21T06:14:19.945+0000] {processor.py:183} INFO - Processing /opt/airflow/dags/daily_student_pipeline.py took 0.089 seconds
[2026-04-21T06:14:52.938+0000] {processor.py:161} INFO - Started process (PID=1074) to work on /opt/airflow/dags/daily_student_pipeline.py
[2026-04-21T06:14:52.939+0000] {processor.py:830} INFO - Processing file /opt/airflow/dags/daily_student_pipeline.py for tasks to queue
[2026-04-21T06:14:52.940+0000] {logging_mixin.py:188} INFO - [2026-04-21T06:14:52.940+0000] {dagbag.py:538} INFO - Filling up the DagBag from /opt/airflow/dags/daily_student_pipeline.py
[2026-04-21T06:14:52.961+0000] {processor.py:840} INFO - DAG(s) 'daily_student_pipeline' retrieved from /opt/airflow/dags/daily_student_pipeline.py
[2026-04-21T06:14:52.988+0000] {logging_mixin.py:188} INFO - [2026-04-21T06:14:52.988+0000] {dag.py:3036} INFO - Sync 1 DAGs
[2026-04-21T06:14:53.009+0000] {logging_mixin.py:188} INFO - [2026-04-21T06:14:53.008+0000] {dag.py:3823} INFO - Setting next_dagrun for daily_student_pipeline to 2026-04-21 02:00:00+00:00, run_after=2026-04-22 02:00:00+00:00
[2026-04-21T06:14:53.031+0000] {processor.py:183} INFO - Processing /opt/airflow/dags/daily_student_pipeline.py took 0.095 seconds
[2026-04-21T06:15:25.067+0000] {processor.py:161} INFO - Started process (PID=1097) to work on /opt/airflow/dags/daily_student_pipeline.py
[2026-04-21T06:15:25.069+0000] {processor.py:830} INFO - Processing file /opt/airflow/dags/daily_student_pipeline.py for tasks to queue
[2026-04-21T06:15:25.071+0000] {logging_mixin.py:188} INFO - [2026-04-21T06:15:25.070+0000] {dagbag.py:538} INFO - Filling up the DagBag from /opt/airflow/dags/daily_student_pipeline.py
[2026-04-21T06:15:25.096+0000] {processor.py:840} INFO - DAG(s) 'daily_student_pipeline' retrieved from /opt/airflow/dags/daily_student_pipeline.py
[2026-04-21T06:15:25.127+0000] {logging_mixin.py:188} INFO - [2026-04-21T06:15:25.127+0000] {dag.py:3036} INFO - Sync 1 DAGs
[2026-04-21T06:15:25.152+0000] {logging_mixin.py:188} INFO - [2026-04-21T06:15:25.151+0000] {dag.py:3823} INFO - Setting next_dagrun for daily_student_pipeline to 2026-04-21 02:00:00+00:00, run_after=2026-04-22 02:00:00+00:00
[2026-04-21T06:15:25.172+0000] {processor.py:183} INFO - Processing /opt/airflow/dags/daily_student_pipeline.py took 0.107 seconds
[2026-04-21T06:15:58.142+0000] {processor.py:161} INFO - Started process (PID=1120) to work on /opt/airflow/dags/daily_student_pipeline.py
[2026-04-21T06:15:58.143+0000] {processor.py:830} INFO - Processing file /opt/airflow/dags/daily_student_pipeline.py for tasks to queue
[2026-04-21T06:15:58.144+0000] {logging_mixin.py:188} INFO - [2026-04-21T06:15:58.144+0000] {dagbag.py:538} INFO - Filling up the DagBag from /opt/airflow/dags/daily_student_pipeline.py
[2026-04-21T06:15:58.165+0000] {processor.py:840} INFO - DAG(s) 'daily_student_pipeline' retrieved from /opt/airflow/dags/daily_student_pipeline.py
[2026-04-21T06:15:58.195+0000] {logging_mixin.py:188} INFO - [2026-04-21T06:15:58.195+0000] {dag.py:3036} INFO - Sync 1 DAGs
[2026-04-21T06:15:58.219+0000] {logging_mixin.py:188} INFO - [2026-04-21T06:15:58.219+0000] {dag.py:3823} INFO - Setting next_dagrun for daily_student_pipeline to 2026-04-21 02:00:00+00:00, run_after=2026-04-22 02:00:00+00:00
[2026-04-21T06:15:58.238+0000] {processor.py:183} INFO - Processing /opt/airflow/dags/daily_student_pipeline.py took 0.099 seconds
[2026-04-21T06:16:30.340+0000] {processor.py:161} INFO - Started process (PID=1143) to work on /opt/airflow/dags/daily_student_pipeline.py
[2026-04-21T06:16:30.341+0000] {processor.py:830} INFO - Processing file /opt/airflow/dags/daily_student_pipeline.py for tasks to queue
[2026-04-21T06:16:30.342+0000] {logging_mixin.py:188} INFO - [2026-04-21T06:16:30.342+0000] {dagbag.py:538} INFO - Filling up the DagBag from /opt/airflow/dags/daily_student_pipeline.py
[2026-04-21T06:16:30.362+0000] {processor.py:840} INFO - DAG(s) 'daily_student_pipeline' retrieved from /opt/airflow/dags/daily_student_pipeline.py
[2026-04-21T06:16:30.399+0000] {logging_mixin.py:188} INFO - [2026-04-21T06:16:30.399+0000] {dag.py:3036} INFO - Sync 1 DAGs
[2026-04-21T06:16:30.426+0000] {logging_mixin.py:188} INFO - [2026-04-21T06:16:30.426+0000] {dag.py:3823} INFO - Setting next_dagrun for daily_student_pipeline to 2026-04-21 02:00:00+00:00, run_after=2026-04-22 02:00:00+00:00
[2026-04-21T06:16:30.452+0000] {processor.py:183} INFO - Processing /opt/airflow/dags/daily_student_pipeline.py took 0.115 seconds
[2026-04-21T06:17:03.440+0000] {processor.py:161} INFO - Started process (PID=1166) to work on /opt/airflow/dags/daily_student_pipeline.py
[2026-04-21T06:17:03.442+0000] {processor.py:830} INFO - Processing file /opt/airflow/dags/daily_student_pipeline.py for tasks to queue
[2026-04-21T06:17:03.443+0000] {logging_mixin.py:188} INFO - [2026-04-21T06:17:03.443+0000] {dagbag.py:538} INFO - Filling up the DagBag from /opt/airflow/dags/daily_student_pipeline.py
[2026-04-21T06:17:03.468+0000] {processor.py:840} INFO - DAG(s) 'daily_student_pipeline' retrieved from /opt/airflow/dags/daily_student_pipeline.py
[2026-04-21T06:17:03.496+0000] {logging_mixin.py:188} INFO - [2026-04-21T06:17:03.496+0000] {dag.py:3036} INFO - Sync 1 DAGs
[2026-04-21T06:17:03.520+0000] {logging_mixin.py:188} INFO - [2026-04-21T06:17:03.520+0000] {dag.py:3823} INFO - Setting next_dagrun for daily_student_pipeline to 2026-04-21 02:00:00+00:00, run_after=2026-04-22 02:00:00+00:00
[2026-04-21T06:17:03.545+0000] {processor.py:183} INFO - Processing /opt/airflow/dags/daily_student_pipeline.py took 0.108 seconds
[2026-04-21T06:17:36.522+0000] {processor.py:161} INFO - Started process (PID=1189) to work on /opt/airflow/dags/daily_student_pipeline.py
[2026-04-21T06:17:36.523+0000] {processor.py:830} INFO - Processing file /opt/airflow/dags/daily_student_pipeline.py for tasks to queue
[2026-04-21T06:17:36.524+0000] {logging_mixin.py:188} INFO - [2026-04-21T06:17:36.523+0000] {dagbag.py:538} INFO - Filling up the DagBag from /opt/airflow/dags/daily_student_pipeline.py
[2026-04-21T06:17:36.542+0000] {processor.py:840} INFO - DAG(s) 'daily_student_pipeline' retrieved from /opt/airflow/dags/daily_student_pipeline.py
[2026-04-21T06:17:36.571+0000] {logging_mixin.py:188} INFO - [2026-04-21T06:17:36.571+0000] {dag.py:3036} INFO - Sync 1 DAGs
[2026-04-21T06:17:36.594+0000] {logging_mixin.py:188} INFO - [2026-04-21T06:17:36.594+0000] {dag.py:3823} INFO - Setting next_dagrun for daily_student_pipeline to 2026-04-21 02:00:00+00:00, run_after=2026-04-22 02:00:00+00:00
[2026-04-21T06:17:36.615+0000] {processor.py:183} INFO - Processing /opt/airflow/dags/daily_student_pipeline.py took 0.096 seconds
[2026-04-21T06:18:08.622+0000] {processor.py:161} INFO - Started process (PID=1212) to work on /opt/airflow/dags/daily_student_pipeline.py
[2026-04-21T06:18:08.623+0000] {processor.py:830} INFO - Processing file /opt/airflow/dags/daily_student_pipeline.py for tasks to queue
[2026-04-21T06:18:08.624+0000] {logging_mixin.py:188} INFO - [2026-04-21T06:18:08.624+0000] {dagbag.py:538} INFO - Filling up the DagBag from /opt/airflow/dags/daily_student_pipeline.py
[2026-04-21T06:18:08.642+0000] {processor.py:840} INFO - DAG(s) 'daily_student_pipeline' retrieved from /opt/airflow/dags/daily_student_pipeline.py
[2026-04-21T06:18:08.670+0000] {logging_mixin.py:188} INFO - [2026-04-21T06:18:08.670+0000] {dag.py:3036} INFO - Sync 1 DAGs
[2026-04-21T06:18:08.690+0000] {logging_mixin.py:188} INFO - [2026-04-21T06:18:08.690+0000] {dag.py:3823} INFO - Setting next_dagrun for daily_student_pipeline to 2026-04-21 02:00:00+00:00, run_after=2026-04-22 02:00:00+00:00
[2026-04-21T06:18:08.713+0000] {processor.py:183} INFO - Processing /opt/airflow/dags/daily_student_pipeline.py took 0.094 seconds
[2026-04-21T06:18:42.410+0000] {processor.py:161} INFO - Started process (PID=1235) to work on /opt/airflow/dags/daily_student_pipeline.py
[2026-04-21T06:18:42.411+0000] {processor.py:830} INFO - Processing file /opt/airflow/dags/daily_student_pipeline.py for tasks to queue
[2026-04-21T06:18:42.412+0000] {logging_mixin.py:188} INFO - [2026-04-21T06:18:42.411+0000] {dagbag.py:538} INFO - Filling up the DagBag from /opt/airflow/dags/daily_student_pipeline.py
[2026-04-21T06:18:42.431+0000] {processor.py:840} INFO - DAG(s) 'daily_student_pipeline' retrieved from /opt/airflow/dags/daily_student_pipeline.py
[2026-04-21T06:18:42.463+0000] {logging_mixin.py:188} INFO - [2026-04-21T06:18:42.462+0000] {dag.py:3036} INFO - Sync 1 DAGs
[2026-04-21T06:18:42.490+0000] {logging_mixin.py:188} INFO - [2026-04-21T06:18:42.489+0000] {dag.py:3823} INFO - Setting next_dagrun for daily_student_pipeline to 2026-04-21 02:00:00+00:00, run_after=2026-04-22 02:00:00+00:00
[2026-04-21T06:18:42.511+0000] {processor.py:183} INFO - Processing /opt/airflow/dags/daily_student_pipeline.py took 0.104 seconds
[2026-04-21T06:19:14.780+0000] {processor.py:161} INFO - Started process (PID=1258) to work on /opt/airflow/dags/daily_student_pipeline.py
[2026-04-21T06:19:14.782+0000] {processor.py:830} INFO - Processing file /opt/airflow/dags/daily_student_pipeline.py for tasks to queue
[2026-04-21T06:19:14.783+0000] {logging_mixin.py:188} INFO - [2026-04-21T06:19:14.782+0000] {dagbag.py:538} INFO - Filling up the DagBag from /opt/airflow/dags/daily_student_pipeline.py
[2026-04-21T06:19:14.809+0000] {processor.py:840} INFO - DAG(s) 'daily_student_pipeline' retrieved from /opt/airflow/dags/daily_student_pipeline.py
[2026-04-21T06:19:14.845+0000] {logging_mixin.py:188} INFO - [2026-04-21T06:19:14.844+0000] {dag.py:3036} INFO - Sync 1 DAGs
[2026-04-21T06:19:14.870+0000] {logging_mixin.py:188} INFO - [2026-04-21T06:19:14.870+0000] {dag.py:3823} INFO - Setting next_dagrun for daily_student_pipeline to 2026-04-21 02:00:00+00:00, run_after=2026-04-22 02:00:00+00:00
[2026-04-21T06:19:14.891+0000] {processor.py:183} INFO - Processing /opt/airflow/dags/daily_student_pipeline.py took 0.113 seconds
[2026-04-21T06:19:46.817+0000] {processor.py:161} INFO - Started process (PID=1281) to work on /opt/airflow/dags/daily_student_pipeline.py
[2026-04-21T06:19:46.818+0000] {processor.py:830} INFO - Processing file /opt/airflow/dags/daily_student_pipeline.py for tasks to queue
[2026-04-21T06:19:46.819+0000] {logging_mixin.py:188} INFO - [2026-04-21T06:19:46.819+0000] {dagbag.py:538} INFO - Filling up the DagBag from /opt/airflow/dags/daily_student_pipeline.py
[2026-04-21T06:19:46.839+0000] {processor.py:840} INFO - DAG(s) 'daily_student_pipeline' retrieved from /opt/airflow/dags/daily_student_pipeline.py
[2026-04-21T06:19:46.870+0000] {logging_mixin.py:188} INFO - [2026-04-21T06:19:46.869+0000] {dag.py:3036} INFO - Sync 1 DAGs
[2026-04-21T06:19:46.892+0000] {logging_mixin.py:188} INFO - [2026-04-21T06:19:46.892+0000] {dag.py:3823} INFO - Setting next_dagrun for daily_student_pipeline to 2026-04-21 02:00:00+00:00, run_after=2026-04-22 02:00:00+00:00
[2026-04-21T06:19:46.916+0000] {processor.py:183} INFO - Processing /opt/airflow/dags/daily_student_pipeline.py took 0.101 seconds
[2026-04-21T06:20:19.909+0000] {processor.py:161} INFO - Started process (PID=1304) to work on /opt/airflow/dags/daily_student_pipeline.py
[2026-04-21T06:20:19.910+0000] {processor.py:830} INFO - Processing file /opt/airflow/dags/daily_student_pipeline.py for tasks to queue
[2026-04-21T06:20:19.911+0000] {logging_mixin.py:188} INFO - [2026-04-21T06:20:19.910+0000] {dagbag.py:538} INFO - Filling up the DagBag from /opt/airflow/dags/daily_student_pipeline.py
[2026-04-21T06:20:19.931+0000] {processor.py:840} INFO - DAG(s) 'daily_student_pipeline' retrieved from /opt/airflow/dags/daily_student_pipeline.py
[2026-04-21T06:20:19.960+0000] {logging_mixin.py:188} INFO - [2026-04-21T06:20:19.960+0000] {dag.py:3036} INFO - Sync 1 DAGs
[2026-04-21T06:20:19.982+0000] {logging_mixin.py:188} INFO - [2026-04-21T06:20:19.981+0000] {dag.py:3823} INFO - Setting next_dagrun for daily_student_pipeline to 2026-04-21 02:00:00+00:00, run_after=2026-04-22 02:00:00+00:00
[2026-04-21T06:20:20.001+0000] {processor.py:183} INFO - Processing /opt/airflow/dags/daily_student_pipeline.py took 0.096 seconds
[2026-04-21T06:20:52.965+0000] {processor.py:161} INFO - Started process (PID=1327) to work on /opt/airflow/dags/daily_student_pipeline.py
[2026-04-21T06:20:52.966+0000] {processor.py:830} INFO - Processing file /opt/airflow/dags/daily_student_pipeline.py for tasks to queue
[2026-04-21T06:20:52.967+0000] {logging_mixin.py:188} INFO - [2026-04-21T06:20:52.966+0000] {dagbag.py:538} INFO - Filling up the DagBag from /opt/airflow/dags/daily_student_pipeline.py
[2026-04-21T06:20:52.985+0000] {processor.py:840} INFO - DAG(s) 'daily_student_pipeline' retrieved from /opt/airflow/dags/daily_student_pipeline.py
[2026-04-21T06:20:53.012+0000] {logging_mixin.py:188} INFO - [2026-04-21T06:20:53.012+0000] {dag.py:3036} INFO - Sync 1 DAGs
[2026-04-21T06:20:53.033+0000] {logging_mixin.py:188} INFO - [2026-04-21T06:20:53.033+0000] {dag.py:3823} INFO - Setting next_dagrun for daily_student_pipeline to 2026-04-21 02:00:00+00:00, run_after=2026-04-22 02:00:00+00:00
[2026-04-21T06:20:53.057+0000] {processor.py:183} INFO - Processing /opt/airflow/dags/daily_student_pipeline.py took 0.095 seconds
[2026-04-21T06:21:25.081+0000] {processor.py:161} INFO - Started process (PID=1350) to work on /opt/airflow/dags/daily_student_pipeline.py
[2026-04-21T06:21:25.082+0000] {processor.py:830} INFO - Processing file /opt/airflow/dags/daily_student_pipeline.py for tasks to queue
[2026-04-21T06:21:25.083+0000] {logging_mixin.py:188} INFO - [2026-04-21T06:21:25.083+0000] {dagbag.py:538} INFO - Filling up the DagBag from /opt/airflow/dags/daily_student_pipeline.py
[2026-04-21T06:21:25.102+0000] {processor.py:840} INFO - DAG(s) 'daily_student_pipeline' retrieved from /opt/airflow/dags/daily_student_pipeline.py
[2026-04-21T06:21:25.128+0000] {logging_mixin.py:188} INFO - [2026-04-21T06:21:25.127+0000] {dag.py:3036} INFO - Sync 1 DAGs
[2026-04-21T06:21:25.147+0000] {logging_mixin.py:188} INFO - [2026-04-21T06:21:25.147+0000] {dag.py:3823} INFO - Setting next_dagrun for daily_student_pipeline to 2026-04-21 02:00:00+00:00, run_after=2026-04-22 02:00:00+00:00
[2026-04-21T06:21:25.170+0000] {processor.py:183} INFO - Processing /opt/airflow/dags/daily_student_pipeline.py took 0.092 seconds
[2026-04-21T06:21:58.140+0000] {processor.py:161} INFO - Started process (PID=1374) to work on /opt/airflow/dags/daily_student_pipeline.py
[2026-04-21T06:21:58.141+0000] {processor.py:830} INFO - Processing file /opt/airflow/dags/daily_student_pipeline.py for tasks to queue
[2026-04-21T06:21:58.142+0000] {logging_mixin.py:188} INFO - [2026-04-21T06:21:58.142+0000] {dagbag.py:538} INFO - Filling up the DagBag from /opt/airflow/dags/daily_student_pipeline.py
[2026-04-21T06:21:58.162+0000] {processor.py:840} INFO - DAG(s) 'daily_student_pipeline' retrieved from /opt/airflow/dags/daily_student_pipeline.py
[2026-04-21T06:21:58.186+0000] {logging_mixin.py:188} INFO - [2026-04-21T06:21:58.186+0000] {dag.py:3036} INFO - Sync 1 DAGs
[2026-04-21T06:21:58.214+0000] {logging_mixin.py:188} INFO - [2026-04-21T06:21:58.214+0000] {dag.py:3823} INFO - Setting next_dagrun for daily_student_pipeline to 2026-04-21 02:00:00+00:00, run_after=2026-04-22 02:00:00+00:00
[2026-04-21T06:21:58.235+0000] {processor.py:183} INFO - Processing /opt/airflow/dags/daily_student_pipeline.py took 0.097 seconds
[2026-04-21T06:22:31.238+0000] {processor.py:161} INFO - Started process (PID=1397) to work on /opt/airflow/dags/daily_student_pipeline.py
[2026-04-21T06:22:31.239+0000] {processor.py:830} INFO - Processing file /opt/airflow/dags/daily_student_pipeline.py for tasks to queue
[2026-04-21T06:22:31.240+0000] {logging_mixin.py:188} INFO - [2026-04-21T06:22:31.240+0000] {dagbag.py:538} INFO - Filling up the DagBag from /opt/airflow/dags/daily_student_pipeline.py
[2026-04-21T06:22:31.261+0000] {processor.py:840} INFO - DAG(s) 'daily_student_pipeline' retrieved from /opt/airflow/dags/daily_student_pipeline.py
[2026-04-21T06:22:31.291+0000] {logging_mixin.py:188} INFO - [2026-04-21T06:22:31.291+0000] {dag.py:3036} INFO - Sync 1 DAGs
[2026-04-21T06:22:31.315+0000] {logging_mixin.py:188} INFO - [2026-04-21T06:22:31.314+0000] {dag.py:3823} INFO - Setting next_dagrun for daily_student_pipeline to 2026-04-21 02:00:00+00:00, run_after=2026-04-22 02:00:00+00:00
[2026-04-21T06:22:31.334+0000] {processor.py:183} INFO - Processing /opt/airflow/dags/daily_student_pipeline.py took 0.099 seconds
[2026-04-21T06:23:03.349+0000] {processor.py:161} INFO - Started process (PID=1412) to work on /opt/airflow/dags/daily_student_pipeline.py
[2026-04-21T06:23:03.350+0000] {processor.py:830} INFO - Processing file /opt/airflow/dags/daily_student_pipeline.py for tasks to queue
[2026-04-21T06:23:03.351+0000] {logging_mixin.py:188} INFO - [2026-04-21T06:23:03.350+0000] {dagbag.py:538} INFO - Filling up the DagBag from /opt/airflow/dags/daily_student_pipeline.py
[2026-04-21T06:23:03.369+0000] {processor.py:840} INFO - DAG(s) 'daily_student_pipeline' retrieved from /opt/airflow/dags/daily_student_pipeline.py
[2026-04-21T06:23:03.394+0000] {logging_mixin.py:188} INFO - [2026-04-21T06:23:03.394+0000] {dag.py:3036} INFO - Sync 1 DAGs
[2026-04-21T06:23:03.414+0000] {logging_mixin.py:188} INFO - [2026-04-21T06:23:03.414+0000] {dag.py:3823} INFO - Setting next_dagrun for daily_student_pipeline to 2026-04-21 02:00:00+00:00, run_after=2026-04-22 02:00:00+00:00
[2026-04-21T06:23:03.436+0000] {processor.py:183} INFO - Processing /opt/airflow/dags/daily_student_pipeline.py took 0.090 seconds
[2026-04-21T06:23:36.401+0000] {processor.py:161} INFO - Started process (PID=1435) to work on /opt/airflow/dags/daily_student_pipeline.py
[2026-04-21T06:23:36.402+0000] {processor.py:830} INFO - Processing file /opt/airflow/dags/daily_student_pipeline.py for tasks to queue
[2026-04-21T06:23:36.403+0000] {logging_mixin.py:188} INFO - [2026-04-21T06:23:36.403+0000] {dagbag.py:538} INFO - Filling up the DagBag from /opt/airflow/dags/daily_student_pipeline.py
[2026-04-21T06:23:36.419+0000] {processor.py:840} INFO - DAG(s) 'daily_student_pipeline' retrieved from /opt/airflow/dags/daily_student_pipeline.py
[2026-04-21T06:23:36.444+0000] {logging_mixin.py:188} INFO - [2026-04-21T06:23:36.444+0000] {dag.py:3036} INFO - Sync 1 DAGs
[2026-04-21T06:23:36.466+0000] {logging_mixin.py:188} INFO - [2026-04-21T06:23:36.466+0000] {dag.py:3823} INFO - Setting next_dagrun for daily_student_pipeline to 2026-04-21 02:00:00+00:00, run_after=2026-04-22 02:00:00+00:00
[2026-04-21T06:23:36.489+0000] {processor.py:183} INFO - Processing /opt/airflow/dags/daily_student_pipeline.py took 0.091 seconds
[2026-04-21T06:24:08.552+0000] {processor.py:161} INFO - Started process (PID=1459) to work on /opt/airflow/dags/daily_student_pipeline.py
[2026-04-21T06:24:08.553+0000] {processor.py:830} INFO - Processing file /opt/airflow/dags/daily_student_pipeline.py for tasks to queue
[2026-04-21T06:24:08.554+0000] {logging_mixin.py:188} INFO - [2026-04-21T06:24:08.554+0000] {dagbag.py:538} INFO - Filling up the DagBag from /opt/airflow/dags/daily_student_pipeline.py
[2026-04-21T06:24:08.586+0000] {processor.py:840} INFO - DAG(s) 'daily_student_pipeline' retrieved from /opt/airflow/dags/daily_student_pipeline.py
[2026-04-21T06:24:08.630+0000] {logging_mixin.py:188} INFO - [2026-04-21T06:24:08.629+0000] {dag.py:3036} INFO - Sync 1 DAGs
[2026-04-21T06:24:08.654+0000] {logging_mixin.py:188} INFO - [2026-04-21T06:24:08.653+0000] {dag.py:3823} INFO - Setting next_dagrun for daily_student_pipeline to 2026-04-21 02:00:00+00:00, run_after=2026-04-22 02:00:00+00:00
[2026-04-21T06:24:08.672+0000] {processor.py:183} INFO - Processing /opt/airflow/dags/daily_student_pipeline.py took 0.124 seconds
[2026-04-21T06:24:41.705+0000] {processor.py:161} INFO - Started process (PID=1482) to work on /opt/airflow/dags/daily_student_pipeline.py
[2026-04-21T06:24:41.706+0000] {processor.py:830} INFO - Processing file /opt/airflow/dags/daily_student_pipeline.py for tasks to queue
[2026-04-21T06:24:41.707+0000] {logging_mixin.py:188} INFO - [2026-04-21T06:24:41.707+0000] {dagbag.py:538} INFO - Filling up the DagBag from /opt/airflow/dags/daily_student_pipeline.py
[2026-04-21T06:24:41.726+0000] {processor.py:840} INFO - DAG(s) 'daily_student_pipeline' retrieved from /opt/airflow/dags/daily_student_pipeline.py
[2026-04-21T06:24:41.754+0000] {logging_mixin.py:188} INFO - [2026-04-21T06:24:41.754+0000] {dag.py:3036} INFO - Sync 1 DAGs
[2026-04-21T06:24:41.779+0000] {logging_mixin.py:188} INFO - [2026-04-21T06:24:41.779+0000] {dag.py:3823} INFO - Setting next_dagrun for daily_student_pipeline to 2026-04-21 02:00:00+00:00, run_after=2026-04-22 02:00:00+00:00
[2026-04-21T06:24:41.802+0000] {processor.py:183} INFO - Processing /opt/airflow/dags/daily_student_pipeline.py took 0.099 seconds
[2026-04-21T06:25:14.895+0000] {processor.py:161} INFO - Started process (PID=1505) to work on /opt/airflow/dags/daily_student_pipeline.py
[2026-04-21T06:25:14.896+0000] {processor.py:830} INFO - Processing file /opt/airflow/dags/daily_student_pipeline.py for tasks to queue
[2026-04-21T06:25:14.897+0000] {logging_mixin.py:188} INFO - [2026-04-21T06:25:14.896+0000] {dagbag.py:538} INFO - Filling up the DagBag from /opt/airflow/dags/daily_student_pipeline.py
[2026-04-21T06:25:14.920+0000] {processor.py:840} INFO - DAG(s) 'daily_student_pipeline' retrieved from /opt/airflow/dags/daily_student_pipeline.py
[2026-04-21T06:25:14.949+0000] {logging_mixin.py:188} INFO - [2026-04-21T06:25:14.948+0000] {dag.py:3036} INFO - Sync 1 DAGs
[2026-04-21T06:25:14.971+0000] {logging_mixin.py:188} INFO - [2026-04-21T06:25:14.971+0000] {dag.py:3823} INFO - Setting next_dagrun for daily_student_pipeline to 2026-04-21 02:00:00+00:00, run_after=2026-04-22 02:00:00+00:00
[2026-04-21T06:25:15.105+0000] {processor.py:183} INFO - Processing /opt/airflow/dags/daily_student_pipeline.py took 0.212 seconds
[2026-04-21T06:25:45.895+0000] {processor.py:161} INFO - Started process (PID=1528) to work on /opt/airflow/dags/daily_student_pipeline.py
[2026-04-21T06:25:45.899+0000] {processor.py:830} INFO - Processing file /opt/airflow/dags/daily_student_pipeline.py for tasks to queue
[2026-04-21T06:25:45.900+0000] {logging_mixin.py:188} INFO - [2026-04-21T06:25:45.900+0000] {dagbag.py:538} INFO - Filling up the DagBag from /opt/airflow/dags/daily_student_pipeline.py
[2026-04-21T06:25:45.967+0000] {processor.py:840} INFO - DAG(s) 'daily_student_pipeline' retrieved from /opt/airflow/dags/daily_student_pipeline.py
[2026-04-21T06:25:46.116+0000] {logging_mixin.py:188} INFO - [2026-04-21T06:25:46.115+0000] {dag.py:3036} INFO - Sync 1 DAGs
[2026-04-21T06:25:46.227+0000] {logging_mixin.py:188} INFO - [2026-04-21T06:25:46.226+0000] {dag.py:3823} INFO - Setting next_dagrun for daily_student_pipeline to 2026-04-21 02:00:00+00:00, run_after=2026-04-22 02:00:00+00:00
[2026-04-21T06:25:46.295+0000] {processor.py:183} INFO - Processing /opt/airflow/dags/daily_student_pipeline.py took 0.406 seconds
[2026-04-21T06:26:16.460+0000] {processor.py:161} INFO - Started process (PID=1618) to work on /opt/airflow/dags/daily_student_pipeline.py
[2026-04-21T06:26:16.476+0000] {processor.py:830} INFO - Processing file /opt/airflow/dags/daily_student_pipeline.py for tasks to queue
[2026-04-21T06:26:16.486+0000] {logging_mixin.py:188} INFO - [2026-04-21T06:26:16.485+0000] {dagbag.py:538} INFO - Filling up the DagBag from /opt/airflow/dags/daily_student_pipeline.py
[2026-04-21T06:26:16.676+0000] {processor.py:840} INFO - DAG(s) 'daily_student_pipeline' retrieved from /opt/airflow/dags/daily_student_pipeline.py
[2026-04-21T06:26:16.767+0000] {logging_mixin.py:188} INFO - [2026-04-21T06:26:16.767+0000] {dag.py:3036} INFO - Sync 1 DAGs
[2026-04-21T06:26:16.835+0000] {logging_mixin.py:188} INFO - [2026-04-21T06:26:16.834+0000] {dag.py:3823} INFO - Setting next_dagrun for daily_student_pipeline to 2026-04-21 02:00:00+00:00, run_after=2026-04-22 02:00:00+00:00
[2026-04-21T06:26:16.901+0000] {processor.py:183} INFO - Processing /opt/airflow/dags/daily_student_pipeline.py took 0.456 seconds
[2026-04-21T06:26:47.639+0000] {processor.py:161} INFO - Started process (PID=1775) to work on /opt/airflow/dags/daily_student_pipeline.py
[2026-04-21T06:26:47.640+0000] {processor.py:830} INFO - Processing file /opt/airflow/dags/daily_student_pipeline.py for tasks to queue
[2026-04-21T06:26:47.641+0000] {logging_mixin.py:188} INFO - [2026-04-21T06:26:47.640+0000] {dagbag.py:538} INFO - Filling up the DagBag from /opt/airflow/dags/daily_student_pipeline.py
[2026-04-21T06:26:47.664+0000] {processor.py:840} INFO - DAG(s) 'daily_student_pipeline' retrieved from /opt/airflow/dags/daily_student_pipeline.py
[2026-04-21T06:26:47.711+0000] {logging_mixin.py:188} INFO - [2026-04-21T06:26:47.710+0000] {dag.py:3036} INFO - Sync 1 DAGs
[2026-04-21T06:26:47.731+0000] {logging_mixin.py:188} INFO - [2026-04-21T06:26:47.731+0000] {dag.py:3823} INFO - Setting next_dagrun for daily_student_pipeline to 2026-04-21 02:00:00+00:00, run_after=2026-04-22 02:00:00+00:00
[2026-04-21T06:26:47.750+0000] {processor.py:183} INFO - Processing /opt/airflow/dags/daily_student_pipeline.py took 0.127 seconds
[2026-04-21T06:27:18.729+0000] {processor.py:161} INFO - Started process (PID=1800) to work on /opt/airflow/dags/daily_student_pipeline.py
[2026-04-21T06:27:18.730+0000] {processor.py:830} INFO - Processing file /opt/airflow/dags/daily_student_pipeline.py for tasks to queue
[2026-04-21T06:27:18.731+0000] {logging_mixin.py:188} INFO - [2026-04-21T06:27:18.731+0000] {dagbag.py:538} INFO - Filling up the DagBag from /opt/airflow/dags/daily_student_pipeline.py
[2026-04-21T06:27:18.761+0000] {processor.py:840} INFO - DAG(s) 'daily_student_pipeline' retrieved from /opt/airflow/dags/daily_student_pipeline.py
[2026-04-21T06:27:18.795+0000] {logging_mixin.py:188} INFO - [2026-04-21T06:27:18.795+0000] {dag.py:3036} INFO - Sync 1 DAGs
[2026-04-21T06:27:18.835+0000] {logging_mixin.py:188} INFO - [2026-04-21T06:27:18.834+0000] {dag.py:3823} INFO - Setting next_dagrun for daily_student_pipeline to 2026-04-21 02:00:00+00:00, run_after=2026-04-22 02:00:00+00:00
[2026-04-21T06:27:18.966+0000] {processor.py:183} INFO - Processing /opt/airflow/dags/daily_student_pipeline.py took 0.239 seconds
[2026-04-21T06:27:49.199+0000] {processor.py:161} INFO - Started process (PID=1823) to work on /opt/airflow/dags/daily_student_pipeline.py
[2026-04-21T06:27:49.201+0000] {processor.py:830} INFO - Processing file /opt/airflow/dags/daily_student_pipeline.py for tasks to queue
[2026-04-21T06:27:49.202+0000] {logging_mixin.py:188} INFO - [2026-04-21T06:27:49.202+0000] {dagbag.py:538} INFO - Filling up the DagBag from /opt/airflow/dags/daily_student_pipeline.py
[2026-04-21T06:27:49.231+0000] {processor.py:840} INFO - DAG(s) 'daily_student_pipeline' retrieved from /opt/airflow/dags/daily_student_pipeline.py
[2026-04-21T06:27:49.263+0000] {logging_mixin.py:188} INFO - [2026-04-21T06:27:49.262+0000] {dag.py:3036} INFO - Sync 1 DAGs
[2026-04-21T06:27:49.292+0000] {logging_mixin.py:188} INFO - [2026-04-21T06:27:49.291+0000] {dag.py:3823} INFO - Setting next_dagrun for daily_student_pipeline to 2026-04-21 02:00:00+00:00, run_after=2026-04-22 02:00:00+00:00
[2026-04-21T06:27:49.315+0000] {processor.py:183} INFO - Processing /opt/airflow/dags/daily_student_pipeline.py took 0.119 seconds
[2026-04-21T06:28:20.169+0000] {processor.py:161} INFO - Started process (PID=1838) to work on /opt/airflow/dags/daily_student_pipeline.py
[2026-04-21T06:28:20.170+0000] {processor.py:830} INFO - Processing file /opt/airflow/dags/daily_student_pipeline.py for tasks to queue
[2026-04-21T06:28:20.171+0000] {logging_mixin.py:188} INFO - [2026-04-21T06:28:20.171+0000] {dagbag.py:538} INFO - Filling up the DagBag from /opt/airflow/dags/daily_student_pipeline.py
[2026-04-21T06:28:20.192+0000] {processor.py:840} INFO - DAG(s) 'daily_student_pipeline' retrieved from /opt/airflow/dags/daily_student_pipeline.py
[2026-04-21T06:28:20.217+0000] {logging_mixin.py:188} INFO - [2026-04-21T06:28:20.217+0000] {dag.py:3036} INFO - Sync 1 DAGs
[2026-04-21T06:28:20.238+0000] {logging_mixin.py:188} INFO - [2026-04-21T06:28:20.238+0000] {dag.py:3823} INFO - Setting next_dagrun for daily_student_pipeline to 2026-04-21 02:00:00+00:00, run_after=2026-04-22 02:00:00+00:00
[2026-04-21T06:28:20.258+0000] {processor.py:183} INFO - Processing /opt/airflow/dags/daily_student_pipeline.py took 0.091 seconds
[2026-04-21T06:28:50.345+0000] {processor.py:161} INFO - Started process (PID=1861) to work on /opt/airflow/dags/daily_student_pipeline.py
[2026-04-21T06:28:50.346+0000] {processor.py:830} INFO - Processing file /opt/airflow/dags/daily_student_pipeline.py for tasks to queue
[2026-04-21T06:28:50.347+0000] {logging_mixin.py:188} INFO - [2026-04-21T06:28:50.347+0000] {dagbag.py:538} INFO - Filling up the DagBag from /opt/airflow/dags/daily_student_pipeline.py
[2026-04-21T06:28:50.369+0000] {processor.py:840} INFO - DAG(s) 'daily_student_pipeline' retrieved from /opt/airflow/dags/daily_student_pipeline.py
[2026-04-21T06:28:50.402+0000] {logging_mixin.py:188} INFO - [2026-04-21T06:28:50.402+0000] {dag.py:3036} INFO - Sync 1 DAGs
[2026-04-21T06:28:50.425+0000] {logging_mixin.py:188} INFO - [2026-04-21T06:28:50.425+0000] {dag.py:3823} INFO - Setting next_dagrun for daily_student_pipeline to 2026-04-21 02:00:00+00:00, run_after=2026-04-22 02:00:00+00:00
[2026-04-21T06:28:50.449+0000] {processor.py:183} INFO - Processing /opt/airflow/dags/daily_student_pipeline.py took 0.107 seconds
[2026-04-21T06:29:20.503+0000] {processor.py:161} INFO - Started process (PID=1884) to work on /opt/airflow/dags/daily_student_pipeline.py
[2026-04-21T06:29:20.504+0000] {processor.py:830} INFO - Processing file /opt/airflow/dags/daily_student_pipeline.py for tasks to queue
[2026-04-21T06:29:20.505+0000] {logging_mixin.py:188} INFO - [2026-04-21T06:29:20.504+0000] {dagbag.py:538} INFO - Filling up the DagBag from /opt/airflow/dags/daily_student_pipeline.py
[2026-04-21T06:29:20.525+0000] {processor.py:840} INFO - DAG(s) 'daily_student_pipeline' retrieved from /opt/airflow/dags/daily_student_pipeline.py
[2026-04-21T06:29:20.553+0000] {logging_mixin.py:188} INFO - [2026-04-21T06:29:20.553+0000] {dag.py:3036} INFO - Sync 1 DAGs
[2026-04-21T06:29:20.576+0000] {logging_mixin.py:188} INFO - [2026-04-21T06:29:20.575+0000] {dag.py:3823} INFO - Setting next_dagrun for daily_student_pipeline to 2026-04-21 02:00:00+00:00, run_after=2026-04-22 02:00:00+00:00
[2026-04-21T06:29:20.597+0000] {processor.py:183} INFO - Processing /opt/airflow/dags/daily_student_pipeline.py took 0.097 seconds
[2026-04-21T06:29:51.551+0000] {processor.py:161} INFO - Started process (PID=1907) to work on /opt/airflow/dags/daily_student_pipeline.py
[2026-04-21T06:29:51.552+0000] {processor.py:830} INFO - Processing file /opt/airflow/dags/daily_student_pipeline.py for tasks to queue
[2026-04-21T06:29:51.553+0000] {logging_mixin.py:188} INFO - [2026-04-21T06:29:51.553+0000] {dagbag.py:538} INFO - Filling up the DagBag from /opt/airflow/dags/daily_student_pipeline.py
[2026-04-21T06:29:51.573+0000] {processor.py:840} INFO - DAG(s) 'daily_student_pipeline' retrieved from /opt/airflow/dags/daily_student_pipeline.py
[2026-04-21T06:29:51.601+0000] {logging_mixin.py:188} INFO - [2026-04-21T06:29:51.601+0000] {dag.py:3036} INFO - Sync 1 DAGs
[2026-04-21T06:29:51.623+0000] {logging_mixin.py:188} INFO - [2026-04-21T06:29:51.622+0000] {dag.py:3823} INFO - Setting next_dagrun for daily_student_pipeline to 2026-04-21 02:00:00+00:00, run_after=2026-04-22 02:00:00+00:00
[2026-04-21T06:29:51.642+0000] {processor.py:183} INFO - Processing /opt/airflow/dags/daily_student_pipeline.py took 0.092 seconds
[2026-04-21T06:30:21.784+0000] {processor.py:161} INFO - Started process (PID=1930) to work on /opt/airflow/dags/daily_student_pipeline.py
[2026-04-21T06:30:21.785+0000] {processor.py:830} INFO - Processing file /opt/airflow/dags/daily_student_pipeline.py for tasks to queue
[2026-04-21T06:30:21.786+0000] {logging_mixin.py:188} INFO - [2026-04-21T06:30:21.786+0000] {dagbag.py:538} INFO - Filling up the DagBag from /opt/airflow/dags/daily_student_pipeline.py
[2026-04-21T06:30:21.806+0000] {processor.py:840} INFO - DAG(s) 'daily_student_pipeline' retrieved from /opt/airflow/dags/daily_student_pipeline.py
[2026-04-21T06:30:21.834+0000] {logging_mixin.py:188} INFO - [2026-04-21T06:30:21.833+0000] {dag.py:3036} INFO - Sync 1 DAGs
[2026-04-21T06:30:21.856+0000] {logging_mixin.py:188} INFO - [2026-04-21T06:30:21.856+0000] {dag.py:3823} INFO - Setting next_dagrun for daily_student_pipeline to 2026-04-21 02:00:00+00:00, run_after=2026-04-22 02:00:00+00:00
[2026-04-21T06:30:21.881+0000] {processor.py:183} INFO - Processing /opt/airflow/dags/daily_student_pipeline.py took 0.099 seconds
[2026-04-21T06:30:51.937+0000] {processor.py:161} INFO - Started process (PID=1953) to work on /opt/airflow/dags/daily_student_pipeline.py
[2026-04-21T06:30:51.938+0000] {processor.py:830} INFO - Processing file /opt/airflow/dags/daily_student_pipeline.py for tasks to queue
[2026-04-21T06:30:51.939+0000] {logging_mixin.py:188} INFO - [2026-04-21T06:30:51.939+0000] {dagbag.py:538} INFO - Filling up the DagBag from /opt/airflow/dags/daily_student_pipeline.py
[2026-04-21T06:30:51.962+0000] {processor.py:840} INFO - DAG(s) 'daily_student_pipeline' retrieved from /opt/airflow/dags/daily_student_pipeline.py
[2026-04-21T06:30:51.998+0000] {logging_mixin.py:188} INFO - [2026-04-21T06:30:51.998+0000] {dag.py:3036} INFO - Sync 1 DAGs
[2026-04-21T06:30:52.026+0000] {logging_mixin.py:188} INFO - [2026-04-21T06:30:52.025+0000] {dag.py:3823} INFO - Setting next_dagrun for daily_student_pipeline to 2026-04-21 02:00:00+00:00, run_after=2026-04-22 02:00:00+00:00
[2026-04-21T06:30:52.043+0000] {processor.py:183} INFO - Processing /opt/airflow/dags/daily_student_pipeline.py took 0.109 seconds
[2026-04-21T06:31:22.986+0000] {processor.py:161} INFO - Started process (PID=1976) to work on /opt/airflow/dags/daily_student_pipeline.py
[2026-04-21T06:31:22.987+0000] {processor.py:830} INFO - Processing file /opt/airflow/dags/daily_student_pipeline.py for tasks to queue
[2026-04-21T06:31:22.988+0000] {logging_mixin.py:188} INFO - [2026-04-21T06:31:22.988+0000] {dagbag.py:538} INFO - Filling up the DagBag from /opt/airflow/dags/daily_student_pipeline.py
[2026-04-21T06:31:23.009+0000] {processor.py:840} INFO - DAG(s) 'daily_student_pipeline' retrieved from /opt/airflow/dags/daily_student_pipeline.py
[2026-04-21T06:31:23.040+0000] {logging_mixin.py:188} INFO - [2026-04-21T06:31:23.040+0000] {dag.py:3036} INFO - Sync 1 DAGs
[2026-04-21T06:31:23.065+0000] {logging_mixin.py:188} INFO - [2026-04-21T06:31:23.065+0000] {dag.py:3823} INFO - Setting next_dagrun for daily_student_pipeline to 2026-04-21 02:00:00+00:00, run_after=2026-04-22 02:00:00+00:00
[2026-04-21T06:31:23.087+0000] {processor.py:183} INFO - Processing /opt/airflow/dags/daily_student_pipeline.py took 0.103 seconds
[2026-04-21T06:31:54.100+0000] {processor.py:161} INFO - Started process (PID=1999) to work on /opt/airflow/dags/daily_student_pipeline.py
[2026-04-21T06:31:54.102+0000] {processor.py:830} INFO - Processing file /opt/airflow/dags/daily_student_pipeline.py for tasks to queue
[2026-04-21T06:31:54.103+0000] {logging_mixin.py:188} INFO - [2026-04-21T06:31:54.103+0000] {dagbag.py:538} INFO - Filling up the DagBag from /opt/airflow/dags/daily_student_pipeline.py
[2026-04-21T06:31:54.132+0000] {processor.py:840} INFO - DAG(s) 'daily_student_pipeline' retrieved from /opt/airflow/dags/daily_student_pipeline.py
[2026-04-21T06:31:54.172+0000] {logging_mixin.py:188} INFO - [2026-04-21T06:31:54.172+0000] {dag.py:3036} INFO - Sync 1 DAGs
[2026-04-21T06:31:54.192+0000] {logging_mixin.py:188} INFO - [2026-04-21T06:31:54.192+0000] {dag.py:3823} INFO - Setting next_dagrun for daily_student_pipeline to 2026-04-21 02:00:00+00:00, run_after=2026-04-22 02:00:00+00:00
[2026-04-21T06:31:54.214+0000] {processor.py:183} INFO - Processing /opt/airflow/dags/daily_student_pipeline.py took 0.117 seconds
[2026-04-21T06:32:24.260+0000] {processor.py:161} INFO - Started process (PID=2014) to work on /opt/airflow/dags/daily_student_pipeline.py
[2026-04-21T06:32:24.261+0000] {processor.py:830} INFO - Processing file /opt/airflow/dags/daily_student_pipeline.py for tasks to queue
[2026-04-21T06:32:24.262+0000] {logging_mixin.py:188} INFO - [2026-04-21T06:32:24.262+0000] {dagbag.py:538} INFO - Filling up the DagBag from /opt/airflow/dags/daily_student_pipeline.py
[2026-04-21T06:32:24.280+0000] {processor.py:840} INFO - DAG(s) 'daily_student_pipeline' retrieved from /opt/airflow/dags/daily_student_pipeline.py
[2026-04-21T06:32:24.310+0000] {logging_mixin.py:188} INFO - [2026-04-21T06:32:24.309+0000] {dag.py:3036} INFO - Sync 1 DAGs
[2026-04-21T06:32:24.331+0000] {logging_mixin.py:188} INFO - [2026-04-21T06:32:24.331+0000] {dag.py:3823} INFO - Setting next_dagrun for daily_student_pipeline to 2026-04-21 02:00:00+00:00, run_after=2026-04-22 02:00:00+00:00
[2026-04-21T06:32:24.351+0000] {processor.py:183} INFO - Processing /opt/airflow/dags/daily_student_pipeline.py took 0.093 seconds
[2026-04-21T06:32:54.426+0000] {processor.py:161} INFO - Started process (PID=2037) to work on /opt/airflow/dags/daily_student_pipeline.py
[2026-04-21T06:32:54.427+0000] {processor.py:830} INFO - Processing file /opt/airflow/dags/daily_student_pipeline.py for tasks to queue
[2026-04-21T06:32:54.428+0000] {logging_mixin.py:188} INFO - [2026-04-21T06:32:54.428+0000] {dagbag.py:538} INFO - Filling up the DagBag from /opt/airflow/dags/daily_student_pipeline.py
[2026-04-21T06:32:54.447+0000] {processor.py:840} INFO - DAG(s) 'daily_student_pipeline' retrieved from /opt/airflow/dags/daily_student_pipeline.py
[2026-04-21T06:32:54.474+0000] {logging_mixin.py:188} INFO - [2026-04-21T06:32:54.474+0000] {dag.py:3036} INFO - Sync 1 DAGs
[2026-04-21T06:32:54.498+0000] {logging_mixin.py:188} INFO - [2026-04-21T06:32:54.498+0000] {dag.py:3823} INFO - Setting next_dagrun for daily_student_pipeline to 2026-04-21 02:00:00+00:00, run_after=2026-04-22 02:00:00+00:00
[2026-04-21T06:32:54.521+0000] {processor.py:183} INFO - Processing /opt/airflow/dags/daily_student_pipeline.py took 0.098 seconds
[2026-04-21T06:33:25.485+0000] {processor.py:161} INFO - Started process (PID=2060) to work on /opt/airflow/dags/daily_student_pipeline.py
[2026-04-21T06:33:25.487+0000] {processor.py:830} INFO - Processing file /opt/airflow/dags/daily_student_pipeline.py for tasks to queue
[2026-04-21T06:33:25.488+0000] {logging_mixin.py:188} INFO - [2026-04-21T06:33:25.487+0000] {dagbag.py:538} INFO - Filling up the DagBag from /opt/airflow/dags/daily_student_pipeline.py
[2026-04-21T06:33:25.506+0000] {processor.py:840} INFO - DAG(s) 'daily_student_pipeline' retrieved from /opt/airflow/dags/daily_student_pipeline.py
[2026-04-21T06:33:25.534+0000] {logging_mixin.py:188} INFO - [2026-04-21T06:33:25.533+0000] {dag.py:3036} INFO - Sync 1 DAGs
[2026-04-21T06:33:25.553+0000] {logging_mixin.py:188} INFO - [2026-04-21T06:33:25.553+0000] {dag.py:3823} INFO - Setting next_dagrun for daily_student_pipeline to 2026-04-21 02:00:00+00:00, run_after=2026-04-22 02:00:00+00:00
[2026-04-21T06:33:25.572+0000] {processor.py:183} INFO - Processing /opt/airflow/dags/daily_student_pipeline.py took 0.090 seconds
[2026-04-21T06:33:58.542+0000] {processor.py:161} INFO - Started process (PID=2083) to work on /opt/airflow/dags/daily_student_pipeline.py
[2026-04-21T06:33:58.543+0000] {processor.py:830} INFO - Processing file /opt/airflow/dags/daily_student_pipeline.py for tasks to queue
[2026-04-21T06:33:58.544+0000] {logging_mixin.py:188} INFO - [2026-04-21T06:33:58.544+0000] {dagbag.py:538} INFO - Filling up the DagBag from /opt/airflow/dags/daily_student_pipeline.py
[2026-04-21T06:33:58.564+0000] {processor.py:840} INFO - DAG(s) 'daily_student_pipeline' retrieved from /opt/airflow/dags/daily_student_pipeline.py
[2026-04-21T06:33:58.590+0000] {logging_mixin.py:188} INFO - [2026-04-21T06:33:58.589+0000] {dag.py:3036} INFO - Sync 1 DAGs
[2026-04-21T06:33:58.609+0000] {logging_mixin.py:188} INFO - [2026-04-21T06:33:58.609+0000] {dag.py:3823} INFO - Setting next_dagrun for daily_student_pipeline to 2026-04-21 02:00:00+00:00, run_after=2026-04-22 02:00:00+00:00
[2026-04-21T06:33:58.631+0000] {processor.py:183} INFO - Processing /opt/airflow/dags/daily_student_pipeline.py took 0.091 seconds
[2026-04-21T06:34:30.611+0000] {processor.py:161} INFO - Started process (PID=2106) to work on /opt/airflow/dags/daily_student_pipeline.py
[2026-04-21T06:34:30.612+0000] {processor.py:830} INFO - Processing file /opt/airflow/dags/daily_student_pipeline.py for tasks to queue
[2026-04-21T06:34:30.614+0000] {logging_mixin.py:188} INFO - [2026-04-21T06:34:30.613+0000] {dagbag.py:538} INFO - Filling up the DagBag from /opt/airflow/dags/daily_student_pipeline.py
[2026-04-21T06:34:30.631+0000] {processor.py:840} INFO - DAG(s) 'daily_student_pipeline' retrieved from /opt/airflow/dags/daily_student_pipeline.py
[2026-04-21T06:34:30.668+0000] {logging_mixin.py:188} INFO - [2026-04-21T06:34:30.668+0000] {dag.py:3036} INFO - Sync 1 DAGs
[2026-04-21T06:34:30.727+0000] {logging_mixin.py:188} INFO - [2026-04-21T06:34:30.727+0000] {dag.py:3823} INFO - Setting next_dagrun for daily_student_pipeline to 2026-04-21 02:00:00+00:00, run_after=2026-04-22 02:00:00+00:00
[2026-04-21T06:34:30.746+0000] {processor.py:183} INFO - Processing /opt/airflow/dags/daily_student_pipeline.py took 0.137 seconds
[2026-04-21T06:35:03.731+0000] {processor.py:161} INFO - Started process (PID=2129) to work on /opt/airflow/dags/daily_student_pipeline.py
[2026-04-21T06:35:03.732+0000] {processor.py:830} INFO - Processing file /opt/airflow/dags/daily_student_pipeline.py for tasks to queue
[2026-04-21T06:35:03.733+0000] {logging_mixin.py:188} INFO - [2026-04-21T06:35:03.733+0000] {dagbag.py:538} INFO - Filling up the DagBag from /opt/airflow/dags/daily_student_pipeline.py
[2026-04-21T06:35:03.754+0000] {processor.py:840} INFO - DAG(s) 'daily_student_pipeline' retrieved from /opt/airflow/dags/daily_student_pipeline.py
[2026-04-21T06:35:03.787+0000] {logging_mixin.py:188} INFO - [2026-04-21T06:35:03.786+0000] {dag.py:3036} INFO - Sync 1 DAGs
[2026-04-21T06:35:03.813+0000] {logging_mixin.py:188} INFO - [2026-04-21T06:35:03.812+0000] {dag.py:3823} INFO - Setting next_dagrun for daily_student_pipeline to 2026-04-21 02:00:00+00:00, run_after=2026-04-22 02:00:00+00:00
[2026-04-21T06:35:03.835+0000] {processor.py:183} INFO - Processing /opt/airflow/dags/daily_student_pipeline.py took 0.106 seconds
[2026-04-21T06:35:35.894+0000] {processor.py:161} INFO - Started process (PID=2152) to work on /opt/airflow/dags/daily_student_pipeline.py
[2026-04-21T06:35:35.895+0000] {processor.py:830} INFO - Processing file /opt/airflow/dags/daily_student_pipeline.py for tasks to queue
[2026-04-21T06:35:35.896+0000] {logging_mixin.py:188} INFO - [2026-04-21T06:35:35.895+0000] {dagbag.py:538} INFO - Filling up the DagBag from /opt/airflow/dags/daily_student_pipeline.py
[2026-04-21T06:35:35.915+0000] {processor.py:840} INFO - DAG(s) 'daily_student_pipeline' retrieved from /opt/airflow/dags/daily_student_pipeline.py
[2026-04-21T06:35:35.943+0000] {logging_mixin.py:188} INFO - [2026-04-21T06:35:35.943+0000] {dag.py:3036} INFO - Sync 1 DAGs
[2026-04-21T06:35:35.967+0000] {logging_mixin.py:188} INFO - [2026-04-21T06:35:35.967+0000] {dag.py:3823} INFO - Setting next_dagrun for daily_student_pipeline to 2026-04-21 02:00:00+00:00, run_after=2026-04-22 02:00:00+00:00
[2026-04-21T06:35:35.988+0000] {processor.py:183} INFO - Processing /opt/airflow/dags/daily_student_pipeline.py took 0.097 seconds
[2026-04-21T06:36:08.977+0000] {processor.py:161} INFO - Started process (PID=2175) to work on /opt/airflow/dags/daily_student_pipeline.py
[2026-04-21T06:36:08.978+0000] {processor.py:830} INFO - Processing file /opt/airflow/dags/daily_student_pipeline.py for tasks to queue
[2026-04-21T06:36:08.979+0000] {logging_mixin.py:188} INFO - [2026-04-21T06:36:08.978+0000] {dagbag.py:538} INFO - Filling up the DagBag from /opt/airflow/dags/daily_student_pipeline.py
[2026-04-21T06:36:09.000+0000] {processor.py:840} INFO - DAG(s) 'daily_student_pipeline' retrieved from /opt/airflow/dags/daily_student_pipeline.py
[2026-04-21T06:36:09.036+0000] {logging_mixin.py:188} INFO - [2026-04-21T06:36:09.036+0000] {dag.py:3036} INFO - Sync 1 DAGs
[2026-04-21T06:36:09.060+0000] {logging_mixin.py:188} INFO - [2026-04-21T06:36:09.060+0000] {dag.py:3823} INFO - Setting next_dagrun for daily_student_pipeline to 2026-04-21 02:00:00+00:00, run_after=2026-04-22 02:00:00+00:00
[2026-04-21T06:36:09.086+0000] {processor.py:183} INFO - Processing /opt/airflow/dags/daily_student_pipeline.py took 0.112 seconds
[2026-04-21T06:36:42.091+0000] {processor.py:161} INFO - Started process (PID=2197) to work on /opt/airflow/dags/daily_student_pipeline.py
[2026-04-21T06:36:42.093+0000] {processor.py:830} INFO - Processing file /opt/airflow/dags/daily_student_pipeline.py for tasks to queue
[2026-04-21T06:36:42.094+0000] {logging_mixin.py:188} INFO - [2026-04-21T06:36:42.094+0000] {dagbag.py:538} INFO - Filling up the DagBag from /opt/airflow/dags/daily_student_pipeline.py
[2026-04-21T06:36:42.121+0000] {processor.py:840} INFO - DAG(s) 'daily_student_pipeline' retrieved from /opt/airflow/dags/daily_student_pipeline.py
[2026-04-21T06:36:42.150+0000] {logging_mixin.py:188} INFO - [2026-04-21T06:36:42.150+0000] {dag.py:3036} INFO - Sync 1 DAGs
[2026-04-21T06:36:42.174+0000] {logging_mixin.py:188} INFO - [2026-04-21T06:36:42.173+0000] {dag.py:3823} INFO - Setting next_dagrun for daily_student_pipeline to 2026-04-21 02:00:00+00:00, run_after=2026-04-22 02:00:00+00:00
[2026-04-21T06:36:42.245+0000] {processor.py:183} INFO - Processing /opt/airflow/dags/daily_student_pipeline.py took 0.157 seconds
[2026-04-21T06:37:14.254+0000] {processor.py:161} INFO - Started process (PID=2220) to work on /opt/airflow/dags/daily_student_pipeline.py
[2026-04-21T06:37:14.255+0000] {processor.py:830} INFO - Processing file /opt/airflow/dags/daily_student_pipeline.py for tasks to queue
[2026-04-21T06:37:14.256+0000] {logging_mixin.py:188} INFO - [2026-04-21T06:37:14.256+0000] {dagbag.py:538} INFO - Filling up the DagBag from /opt/airflow/dags/daily_student_pipeline.py
[2026-04-21T06:37:14.276+0000] {processor.py:840} INFO - DAG(s) 'daily_student_pipeline' retrieved from /opt/airflow/dags/daily_student_pipeline.py
[2026-04-21T06:37:14.303+0000] {logging_mixin.py:188} INFO - [2026-04-21T06:37:14.302+0000] {dag.py:3036} INFO - Sync 1 DAGs
[2026-04-21T06:37:14.324+0000] {logging_mixin.py:188} INFO - [2026-04-21T06:37:14.324+0000] {dag.py:3823} INFO - Setting next_dagrun for daily_student_pipeline to 2026-04-21 02:00:00+00:00, run_after=2026-04-22 02:00:00+00:00
[2026-04-21T06:37:14.346+0000] {processor.py:183} INFO - Processing /opt/airflow/dags/daily_student_pipeline.py took 0.094 seconds
[2026-04-21T06:37:47.325+0000] {processor.py:161} INFO - Started process (PID=2243) to work on /opt/airflow/dags/daily_student_pipeline.py
[2026-04-21T06:37:47.326+0000] {processor.py:830} INFO - Processing file /opt/airflow/dags/daily_student_pipeline.py for tasks to queue
[2026-04-21T06:37:47.328+0000] {logging_mixin.py:188} INFO - [2026-04-21T06:37:47.327+0000] {dagbag.py:538} INFO - Filling up the DagBag from /opt/airflow/dags/daily_student_pipeline.py
[2026-04-21T06:37:47.352+0000] {processor.py:840} INFO - DAG(s) 'daily_student_pipeline' retrieved from /opt/airflow/dags/daily_student_pipeline.py
[2026-04-21T06:37:47.383+0000] {logging_mixin.py:188} INFO - [2026-04-21T06:37:47.383+0000] {dag.py:3036} INFO - Sync 1 DAGs
[2026-04-21T06:37:47.409+0000] {logging_mixin.py:188} INFO - [2026-04-21T06:37:47.409+0000] {dag.py:3823} INFO - Setting next_dagrun for daily_student_pipeline to 2026-04-21 02:00:00+00:00, run_after=2026-04-22 02:00:00+00:00
[2026-04-21T06:37:47.431+0000] {processor.py:183} INFO - Processing /opt/airflow/dags/daily_student_pipeline.py took 0.109 seconds
[2026-04-21T06:38:19.522+0000] {processor.py:161} INFO - Started process (PID=2266) to work on /opt/airflow/dags/daily_student_pipeline.py
[2026-04-21T06:38:19.523+0000] {processor.py:830} INFO - Processing file /opt/airflow/dags/daily_student_pipeline.py for tasks to queue
[2026-04-21T06:38:19.524+0000] {logging_mixin.py:188} INFO - [2026-04-21T06:38:19.524+0000] {dagbag.py:538} INFO - Filling up the DagBag from /opt/airflow/dags/daily_student_pipeline.py
[2026-04-21T06:38:19.544+0000] {processor.py:840} INFO - DAG(s) 'daily_student_pipeline' retrieved from /opt/airflow/dags/daily_student_pipeline.py
[2026-04-21T06:38:19.568+0000] {logging_mixin.py:188} INFO - [2026-04-21T06:38:19.568+0000] {dag.py:3036} INFO - Sync 1 DAGs
[2026-04-21T06:38:19.587+0000] {logging_mixin.py:188} INFO - [2026-04-21T06:38:19.587+0000] {dag.py:3823} INFO - Setting next_dagrun for daily_student_pipeline to 2026-04-21 02:00:00+00:00, run_after=2026-04-22 02:00:00+00:00
[2026-04-21T06:38:19.604+0000] {processor.py:183} INFO - Processing /opt/airflow/dags/daily_student_pipeline.py took 0.084 seconds
[2026-04-21T06:38:52.591+0000] {processor.py:161} INFO - Started process (PID=2290) to work on /opt/airflow/dags/daily_student_pipeline.py
[2026-04-21T06:38:52.592+0000] {processor.py:830} INFO - Processing file /opt/airflow/dags/daily_student_pipeline.py for tasks to queue
[2026-04-21T06:38:52.593+0000] {logging_mixin.py:188} INFO - [2026-04-21T06:38:52.593+0000] {dagbag.py:538} INFO - Filling up the DagBag from /opt/airflow/dags/daily_student_pipeline.py
[2026-04-21T06:38:52.625+0000] {processor.py:840} INFO - DAG(s) 'daily_student_pipeline' retrieved from /opt/airflow/dags/daily_student_pipeline.py
[2026-04-21T06:38:52.665+0000] {logging_mixin.py:188} INFO - [2026-04-21T06:38:52.665+0000] {dag.py:3036} INFO - Sync 1 DAGs
[2026-04-21T06:38:52.698+0000] {logging_mixin.py:188} INFO - [2026-04-21T06:38:52.698+0000] {dag.py:3823} INFO - Setting next_dagrun for daily_student_pipeline to 2026-04-21 02:00:00+00:00, run_after=2026-04-22 02:00:00+00:00
[2026-04-21T06:38:52.724+0000] {processor.py:183} INFO - Processing /opt/airflow/dags/daily_student_pipeline.py took 0.140 seconds
[2026-04-21T06:39:25.707+0000] {processor.py:161} INFO - Started process (PID=2305) to work on /opt/airflow/dags/daily_student_pipeline.py
[2026-04-21T06:39:25.709+0000] {processor.py:830} INFO - Processing file /opt/airflow/dags/daily_student_pipeline.py for tasks to queue
[2026-04-21T06:39:25.710+0000] {logging_mixin.py:188} INFO - [2026-04-21T06:39:25.709+0000] {dagbag.py:538} INFO - Filling up the DagBag from /opt/airflow/dags/daily_student_pipeline.py
[2026-04-21T06:39:25.729+0000] {processor.py:840} INFO - DAG(s) 'daily_student_pipeline' retrieved from /opt/airflow/dags/daily_student_pipeline.py
[2026-04-21T06:39:25.756+0000] {logging_mixin.py:188} INFO - [2026-04-21T06:39:25.756+0000] {dag.py:3036} INFO - Sync 1 DAGs
[2026-04-21T06:39:25.779+0000] {logging_mixin.py:188} INFO - [2026-04-21T06:39:25.779+0000] {dag.py:3823} INFO - Setting next_dagrun for daily_student_pipeline to 2026-04-21 02:00:00+00:00, run_after=2026-04-22 02:00:00+00:00
[2026-04-21T06:39:25.811+0000] {processor.py:183} INFO - Processing /opt/airflow/dags/daily_student_pipeline.py took 0.107 seconds
[2026-04-21T06:39:57.778+0000] {processor.py:161} INFO - Started process (PID=2328) to work on /opt/airflow/dags/daily_student_pipeline.py
[2026-04-21T06:39:57.779+0000] {processor.py:830} INFO - Processing file /opt/airflow/dags/daily_student_pipeline.py for tasks to queue
[2026-04-21T06:39:57.781+0000] {logging_mixin.py:188} INFO - [2026-04-21T06:39:57.780+0000] {dagbag.py:538} INFO - Filling up the DagBag from /opt/airflow/dags/daily_student_pipeline.py
[2026-04-21T06:39:57.802+0000] {processor.py:840} INFO - DAG(s) 'daily_student_pipeline' retrieved from /opt/airflow/dags/daily_student_pipeline.py
[2026-04-21T06:39:57.831+0000] {logging_mixin.py:188} INFO - [2026-04-21T06:39:57.831+0000] {dag.py:3036} INFO - Sync 1 DAGs
[2026-04-21T06:39:57.854+0000] {logging_mixin.py:188} INFO - [2026-04-21T06:39:57.854+0000] {dag.py:3823} INFO - Setting next_dagrun for daily_student_pipeline to 2026-04-21 02:00:00+00:00, run_after=2026-04-22 02:00:00+00:00
[2026-04-21T06:39:57.877+0000] {processor.py:183} INFO - Processing /opt/airflow/dags/daily_student_pipeline.py took 0.101 seconds
[2026-04-21T06:40:30.910+0000] {processor.py:161} INFO - Started process (PID=2351) to work on /opt/airflow/dags/daily_student_pipeline.py
[2026-04-21T06:40:30.911+0000] {processor.py:830} INFO - Processing file /opt/airflow/dags/daily_student_pipeline.py for tasks to queue
[2026-04-21T06:40:30.912+0000] {logging_mixin.py:188} INFO - [2026-04-21T06:40:30.911+0000] {dagbag.py:538} INFO - Filling up the DagBag from /opt/airflow/dags/daily_student_pipeline.py
[2026-04-21T06:40:30.933+0000] {processor.py:840} INFO - DAG(s) 'daily_student_pipeline' retrieved from /opt/airflow/dags/daily_student_pipeline.py
[2026-04-21T06:40:30.965+0000] {logging_mixin.py:188} INFO - [2026-04-21T06:40:30.965+0000] {dag.py:3036} INFO - Sync 1 DAGs
[2026-04-21T06:40:30.988+0000] {logging_mixin.py:188} INFO - [2026-04-21T06:40:30.988+0000] {dag.py:3823} INFO - Setting next_dagrun for daily_student_pipeline to 2026-04-21 02:00:00+00:00, run_after=2026-04-22 02:00:00+00:00
[2026-04-21T06:40:31.011+0000] {processor.py:183} INFO - Processing /opt/airflow/dags/daily_student_pipeline.py took 0.105 seconds
[2026-04-21T06:41:03.962+0000] {processor.py:161} INFO - Started process (PID=2374) to work on /opt/airflow/dags/daily_student_pipeline.py
[2026-04-21T06:41:03.963+0000] {processor.py:830} INFO - Processing file /opt/airflow/dags/daily_student_pipeline.py for tasks to queue
[2026-04-21T06:41:03.964+0000] {logging_mixin.py:188} INFO - [2026-04-21T06:41:03.964+0000] {dagbag.py:538} INFO - Filling up the DagBag from /opt/airflow/dags/daily_student_pipeline.py
[2026-04-21T06:41:03.982+0000] {processor.py:840} INFO - DAG(s) 'daily_student_pipeline' retrieved from /opt/airflow/dags/daily_student_pipeline.py
[2026-04-21T06:41:04.014+0000] {logging_mixin.py:188} INFO - [2026-04-21T06:41:04.014+0000] {dag.py:3036} INFO - Sync 1 DAGs
[2026-04-21T06:41:04.047+0000] {logging_mixin.py:188} INFO - [2026-04-21T06:41:04.047+0000] {dag.py:3823} INFO - Setting next_dagrun for daily_student_pipeline to 2026-04-21 02:00:00+00:00, run_after=2026-04-22 02:00:00+00:00
[2026-04-21T06:41:04.073+0000] {processor.py:183} INFO - Processing /opt/airflow/dags/daily_student_pipeline.py took 0.113 seconds
[2026-04-21T06:41:36.063+0000] {processor.py:161} INFO - Started process (PID=2397) to work on /opt/airflow/dags/daily_student_pipeline.py
[2026-04-21T06:41:36.066+0000] {processor.py:830} INFO - Processing file /opt/airflow/dags/daily_student_pipeline.py for tasks to queue
[2026-04-21T06:41:36.067+0000] {logging_mixin.py:188} INFO - [2026-04-21T06:41:36.067+0000] {dagbag.py:538} INFO - Filling up the DagBag from /opt/airflow/dags/daily_student_pipeline.py
[2026-04-21T06:41:36.097+0000] {processor.py:840} INFO - DAG(s) 'daily_student_pipeline' retrieved from /opt/airflow/dags/daily_student_pipeline.py
[2026-04-21T06:41:36.159+0000] {logging_mixin.py:188} INFO - [2026-04-21T06:41:36.158+0000] {dag.py:3036} INFO - Sync 1 DAGs
[2026-04-21T06:41:36.201+0000] {logging_mixin.py:188} INFO - [2026-04-21T06:41:36.201+0000] {dag.py:3823} INFO - Setting next_dagrun for daily_student_pipeline to 2026-04-21 02:00:00+00:00, run_after=2026-04-22 02:00:00+00:00
[2026-04-21T06:41:36.222+0000] {processor.py:183} INFO - Processing /opt/airflow/dags/daily_student_pipeline.py took 0.162 seconds
[2026-04-21T06:42:09.214+0000] {processor.py:161} INFO - Started process (PID=2420) to work on /opt/airflow/dags/daily_student_pipeline.py
[2026-04-21T06:42:09.215+0000] {processor.py:830} INFO - Processing file /opt/airflow/dags/daily_student_pipeline.py for tasks to queue
[2026-04-21T06:42:09.216+0000] {logging_mixin.py:188} INFO - [2026-04-21T06:42:09.216+0000] {dagbag.py:538} INFO - Filling up the DagBag from /opt/airflow/dags/daily_student_pipeline.py
[2026-04-21T06:42:09.237+0000] {processor.py:840} INFO - DAG(s) 'daily_student_pipeline' retrieved from /opt/airflow/dags/daily_student_pipeline.py
[2026-04-21T06:42:09.266+0000] {logging_mixin.py:188} INFO - [2026-04-21T06:42:09.266+0000] {dag.py:3036} INFO - Sync 1 DAGs
[2026-04-21T06:42:09.291+0000] {logging_mixin.py:188} INFO - [2026-04-21T06:42:09.290+0000] {dag.py:3823} INFO - Setting next_dagrun for daily_student_pipeline to 2026-04-21 02:00:00+00:00, run_after=2026-04-22 02:00:00+00:00
[2026-04-21T06:42:09.312+0000] {processor.py:183} INFO - Processing /opt/airflow/dags/daily_student_pipeline.py took 0.100 seconds
[2026-04-21T06:42:34.547+0000] {processor.py:161} INFO - Started process (PID=2443) to work on /opt/airflow/dags/daily_student_pipeline.py
[2026-04-21T06:42:34.548+0000] {processor.py:830} INFO - Processing file /opt/airflow/dags/daily_student_pipeline.py for tasks to queue
[2026-04-21T06:42:34.549+0000] {logging_mixin.py:188} INFO - [2026-04-21T06:42:34.549+0000] {dagbag.py:538} INFO - Filling up the DagBag from /opt/airflow/dags/daily_student_pipeline.py
[2026-04-21T06:42:34.571+0000] {logging_mixin.py:188} INFO - [2026-04-21T06:42:34.567+0000] {dagbag.py:348} ERROR - Failed to import: /opt/airflow/dags/daily_student_pipeline.py
Traceback (most recent call last):
  File "/home/airflow/.local/lib/python3.11/site-packages/airflow/models/dagbag.py", line 344, in parse
    loader.exec_module(new_module)
  File "<frozen importlib._bootstrap_external>", line 936, in exec_module
  File "<frozen importlib._bootstrap_external>", line 1074, in get_code
  File "<frozen importlib._bootstrap_external>", line 1004, in source_to_code
  File "<frozen importlib._bootstrap>", line 241, in _call_with_frames_removed
  File "/opt/airflow/dags/daily_student_pipeline.py", line 143
    as
    ^^
SyntaxError: invalid syntax
[2026-04-21T06:42:34.572+0000] {processor.py:842} WARNING - No viable dags retrieved from /opt/airflow/dags/daily_student_pipeline.py
[2026-04-21T06:42:34.601+0000] {processor.py:183} INFO - Processing /opt/airflow/dags/daily_student_pipeline.py took 0.057 seconds
[2026-04-21T06:42:42.521+0000] {processor.py:161} INFO - Started process (PID=2458) to work on /opt/airflow/dags/daily_student_pipeline.py
[2026-04-21T06:42:42.522+0000] {processor.py:830} INFO - Processing file /opt/airflow/dags/daily_student_pipeline.py for tasks to queue
[2026-04-21T06:42:42.524+0000] {logging_mixin.py:188} INFO - [2026-04-21T06:42:42.523+0000] {dagbag.py:538} INFO - Filling up the DagBag from /opt/airflow/dags/daily_student_pipeline.py
[2026-04-21T06:42:42.580+0000] {processor.py:840} INFO - DAG(s) 'daily_student_pipeline' retrieved from /opt/airflow/dags/daily_student_pipeline.py
[2026-04-21T06:42:42.615+0000] {logging_mixin.py:188} INFO - [2026-04-21T06:42:42.615+0000] {dag.py:3036} INFO - Sync 1 DAGs
[2026-04-21T06:42:42.641+0000] {logging_mixin.py:188} INFO - [2026-04-21T06:42:42.641+0000] {dag.py:3823} INFO - Setting next_dagrun for daily_student_pipeline to 2026-04-21 02:00:00+00:00, run_after=2026-04-22 02:00:00+00:00
[2026-04-21T06:42:42.679+0000] {processor.py:183} INFO - Processing /opt/airflow/dags/daily_student_pipeline.py took 0.161 seconds
[2026-04-21T06:43:14.466+0000] {processor.py:161} INFO - Started process (PID=2670) to work on /opt/airflow/dags/daily_student_pipeline.py
[2026-04-21T06:43:14.467+0000] {processor.py:830} INFO - Processing file /opt/airflow/dags/daily_student_pipeline.py for tasks to queue
[2026-04-21T06:43:14.468+0000] {logging_mixin.py:188} INFO - [2026-04-21T06:43:14.468+0000] {dagbag.py:538} INFO - Filling up the DagBag from /opt/airflow/dags/daily_student_pipeline.py
[2026-04-21T06:43:14.489+0000] {processor.py:840} INFO - DAG(s) 'daily_student_pipeline' retrieved from /opt/airflow/dags/daily_student_pipeline.py
[2026-04-21T06:43:14.520+0000] {logging_mixin.py:188} INFO - [2026-04-21T06:43:14.520+0000] {dag.py:3036} INFO - Sync 1 DAGs
[2026-04-21T06:43:14.545+0000] {logging_mixin.py:188} INFO - [2026-04-21T06:43:14.544+0000] {dag.py:3823} INFO - Setting next_dagrun for daily_student_pipeline to 2026-04-21 02:00:00+00:00, run_after=2026-04-22 02:00:00+00:00
[2026-04-21T06:43:14.569+0000] {processor.py:183} INFO - Processing /opt/airflow/dags/daily_student_pipeline.py took 0.106 seconds
[2026-04-21T06:43:38.152+0000] {processor.py:161} INFO - Started process (PID=2693) to work on /opt/airflow/dags/daily_student_pipeline.py
[2026-04-21T06:43:38.153+0000] {processor.py:830} INFO - Processing file /opt/airflow/dags/daily_student_pipeline.py for tasks to queue
[2026-04-21T06:43:38.154+0000] {logging_mixin.py:188} INFO - [2026-04-21T06:43:38.154+0000] {dagbag.py:538} INFO - Filling up the DagBag from /opt/airflow/dags/daily_student_pipeline.py
[2026-04-21T06:43:38.185+0000] {processor.py:840} INFO - DAG(s) 'daily_student_pipeline' retrieved from /opt/airflow/dags/daily_student_pipeline.py
[2026-04-21T06:43:38.240+0000] {logging_mixin.py:188} INFO - [2026-04-21T06:43:38.240+0000] {dag.py:1508} INFO - Executing dag callback function: <function task_alert_failure at 0x72d92d9f82c0>
[2026-04-21T06:43:38.241+0000] {logging_mixin.py:188} INFO - ============================================================
[2026-04-21T06:43:38.242+0000] {logging_mixin.py:188} INFO - PIPELINE FAILED!
[2026-04-21T06:43:38.242+0000] {logging_mixin.py:188} INFO - Task     : load_data
[2026-04-21T06:43:38.242+0000] {logging_mixin.py:188} INFO - Loi      : None
[2026-04-21T06:43:38.243+0000] {logging_mixin.py:188} INFO - Log URL  : http://localhost:8080/log?execution_date=2026-04-21T06%3A42%3A58.085861%2B00%3A00&task_id=load_data&dag_id=daily_student_pipeline&map_index=-1
[2026-04-21T06:43:38.244+0000] {logging_mixin.py:188} INFO - ============================================================
[2026-04-21T06:43:38.261+0000] {logging_mixin.py:188} INFO - [2026-04-21T06:43:38.261+0000] {dag.py:3036} INFO - Sync 1 DAGs
[2026-04-21T06:43:38.284+0000] {logging_mixin.py:188} INFO - [2026-04-21T06:43:38.283+0000] {dag.py:3823} INFO - Setting next_dagrun for daily_student_pipeline to 2026-04-21 02:00:00+00:00, run_after=2026-04-22 02:00:00+00:00
[2026-04-21T06:43:38.310+0000] {processor.py:183} INFO - Processing /opt/airflow/dags/daily_student_pipeline.py took 0.162 seconds
[2026-04-21T06:44:09.184+0000] {processor.py:161} INFO - Started process (PID=2716) to work on /opt/airflow/dags/daily_student_pipeline.py
[2026-04-21T06:44:09.185+0000] {processor.py:830} INFO - Processing file /opt/airflow/dags/daily_student_pipeline.py for tasks to queue
[2026-04-21T06:44:09.187+0000] {logging_mixin.py:188} INFO - [2026-04-21T06:44:09.186+0000] {dagbag.py:538} INFO - Filling up the DagBag from /opt/airflow/dags/daily_student_pipeline.py
[2026-04-21T06:44:09.208+0000] {processor.py:840} INFO - DAG(s) 'daily_student_pipeline' retrieved from /opt/airflow/dags/daily_student_pipeline.py
[2026-04-21T06:44:09.235+0000] {logging_mixin.py:188} INFO - [2026-04-21T06:44:09.235+0000] {dag.py:3036} INFO - Sync 1 DAGs
[2026-04-21T06:44:09.258+0000] {logging_mixin.py:188} INFO - [2026-04-21T06:44:09.257+0000] {dag.py:3823} INFO - Setting next_dagrun for daily_student_pipeline to 2026-04-21 02:00:00+00:00, run_after=2026-04-22 02:00:00+00:00
[2026-04-21T06:44:09.277+0000] {processor.py:183} INFO - Processing /opt/airflow/dags/daily_student_pipeline.py took 0.095 seconds
[2026-04-21T06:44:40.249+0000] {processor.py:161} INFO - Started process (PID=2731) to work on /opt/airflow/dags/daily_student_pipeline.py
[2026-04-21T06:44:40.250+0000] {processor.py:830} INFO - Processing file /opt/airflow/dags/daily_student_pipeline.py for tasks to queue
[2026-04-21T06:44:40.251+0000] {logging_mixin.py:188} INFO - [2026-04-21T06:44:40.251+0000] {dagbag.py:538} INFO - Filling up the DagBag from /opt/airflow/dags/daily_student_pipeline.py
[2026-04-21T06:44:40.274+0000] {processor.py:840} INFO - DAG(s) 'daily_student_pipeline' retrieved from /opt/airflow/dags/daily_student_pipeline.py
[2026-04-21T06:44:40.302+0000] {logging_mixin.py:188} INFO - [2026-04-21T06:44:40.302+0000] {dag.py:3036} INFO - Sync 1 DAGs
[2026-04-21T06:44:40.328+0000] {logging_mixin.py:188} INFO - [2026-04-21T06:44:40.327+0000] {dag.py:3823} INFO - Setting next_dagrun for daily_student_pipeline to 2026-04-21 02:00:00+00:00, run_after=2026-04-22 02:00:00+00:00
[2026-04-21T06:44:40.350+0000] {processor.py:183} INFO - Processing /opt/airflow/dags/daily_student_pipeline.py took 0.104 seconds
[2026-04-21T06:45:10.431+0000] {processor.py:161} INFO - Started process (PID=2754) to work on /opt/airflow/dags/daily_student_pipeline.py
[2026-04-21T06:45:10.432+0000] {processor.py:830} INFO - Processing file /opt/airflow/dags/daily_student_pipeline.py for tasks to queue
[2026-04-21T06:45:10.433+0000] {logging_mixin.py:188} INFO - [2026-04-21T06:45:10.433+0000] {dagbag.py:538} INFO - Filling up the DagBag from /opt/airflow/dags/daily_student_pipeline.py
[2026-04-21T06:45:10.456+0000] {processor.py:840} INFO - DAG(s) 'daily_student_pipeline' retrieved from /opt/airflow/dags/daily_student_pipeline.py
[2026-04-21T06:45:10.485+0000] {logging_mixin.py:188} INFO - [2026-04-21T06:45:10.485+0000] {dag.py:3036} INFO - Sync 1 DAGs
[2026-04-21T06:45:10.507+0000] {logging_mixin.py:188} INFO - [2026-04-21T06:45:10.507+0000] {dag.py:3823} INFO - Setting next_dagrun for daily_student_pipeline to 2026-04-21 02:00:00+00:00, run_after=2026-04-22 02:00:00+00:00
[2026-04-21T06:45:10.530+0000] {processor.py:183} INFO - Processing /opt/airflow/dags/daily_student_pipeline.py took 0.101 seconds
[2026-04-21T06:45:41.158+0000] {processor.py:161} INFO - Started process (PID=2777) to work on /opt/airflow/dags/daily_student_pipeline.py
[2026-04-21T06:45:41.159+0000] {processor.py:830} INFO - Processing file /opt/airflow/dags/daily_student_pipeline.py for tasks to queue
[2026-04-21T06:45:41.160+0000] {logging_mixin.py:188} INFO - [2026-04-21T06:45:41.160+0000] {dagbag.py:538} INFO - Filling up the DagBag from /opt/airflow/dags/daily_student_pipeline.py
[2026-04-21T06:45:41.175+0000] {processor.py:840} INFO - DAG(s) 'daily_student_pipeline' retrieved from /opt/airflow/dags/daily_student_pipeline.py
[2026-04-21T06:45:41.198+0000] {logging_mixin.py:188} INFO - [2026-04-21T06:45:41.198+0000] {dag.py:3036} INFO - Sync 1 DAGs
[2026-04-21T06:45:41.217+0000] {logging_mixin.py:188} INFO - [2026-04-21T06:45:41.216+0000] {dag.py:3823} INFO - Setting next_dagrun for daily_student_pipeline to 2026-04-21 02:00:00+00:00, run_after=2026-04-22 02:00:00+00:00
[2026-04-21T06:45:41.240+0000] {processor.py:183} INFO - Processing /opt/airflow/dags/daily_student_pipeline.py took 0.084 seconds
[2026-04-21T06:46:11.434+0000] {processor.py:161} INFO - Started process (PID=2800) to work on /opt/airflow/dags/daily_student_pipeline.py
[2026-04-21T06:46:11.435+0000] {processor.py:830} INFO - Processing file /opt/airflow/dags/daily_student_pipeline.py for tasks to queue
[2026-04-21T06:46:11.437+0000] {logging_mixin.py:188} INFO - [2026-04-21T06:46:11.436+0000] {dagbag.py:538} INFO - Filling up the DagBag from /opt/airflow/dags/daily_student_pipeline.py
[2026-04-21T06:46:11.463+0000] {processor.py:840} INFO - DAG(s) 'daily_student_pipeline' retrieved from /opt/airflow/dags/daily_student_pipeline.py
[2026-04-21T06:46:11.501+0000] {logging_mixin.py:188} INFO - [2026-04-21T06:46:11.500+0000] {dag.py:3036} INFO - Sync 1 DAGs
[2026-04-21T06:46:11.533+0000] {logging_mixin.py:188} INFO - [2026-04-21T06:46:11.533+0000] {dag.py:3823} INFO - Setting next_dagrun for daily_student_pipeline to 2026-04-21 02:00:00+00:00, run_after=2026-04-22 02:00:00+00:00
[2026-04-21T06:46:11.563+0000] {processor.py:183} INFO - Processing /opt/airflow/dags/daily_student_pipeline.py took 0.132 seconds
[2026-04-21T06:46:41.632+0000] {processor.py:161} INFO - Started process (PID=3023) to work on /opt/airflow/dags/daily_student_pipeline.py
[2026-04-21T06:46:41.634+0000] {processor.py:830} INFO - Processing file /opt/airflow/dags/daily_student_pipeline.py for tasks to queue
[2026-04-21T06:46:41.635+0000] {logging_mixin.py:188} INFO - [2026-04-21T06:46:41.635+0000] {dagbag.py:538} INFO - Filling up the DagBag from /opt/airflow/dags/daily_student_pipeline.py
[2026-04-21T06:46:41.665+0000] {processor.py:840} INFO - DAG(s) 'daily_student_pipeline' retrieved from /opt/airflow/dags/daily_student_pipeline.py
[2026-04-21T06:46:41.697+0000] {logging_mixin.py:188} INFO - [2026-04-21T06:46:41.697+0000] {dag.py:3036} INFO - Sync 1 DAGs
[2026-04-21T06:46:41.723+0000] {logging_mixin.py:188} INFO - [2026-04-21T06:46:41.723+0000] {dag.py:3823} INFO - Setting next_dagrun for daily_student_pipeline to 2026-04-21 02:00:00+00:00, run_after=2026-04-22 02:00:00+00:00
[2026-04-21T06:46:41.745+0000] {processor.py:183} INFO - Processing /opt/airflow/dags/daily_student_pipeline.py took 0.117 seconds
[2026-04-21T06:46:57.761+0000] {processor.py:161} INFO - Started process (PID=3036) to work on /opt/airflow/dags/daily_student_pipeline.py
[2026-04-21T06:46:57.762+0000] {processor.py:830} INFO - Processing file /opt/airflow/dags/daily_student_pipeline.py for tasks to queue
[2026-04-21T06:46:57.763+0000] {logging_mixin.py:188} INFO - [2026-04-21T06:46:57.763+0000] {dagbag.py:538} INFO - Filling up the DagBag from /opt/airflow/dags/daily_student_pipeline.py
[2026-04-21T06:46:57.784+0000] {processor.py:840} INFO - DAG(s) 'daily_student_pipeline' retrieved from /opt/airflow/dags/daily_student_pipeline.py
[2026-04-21T06:46:57.819+0000] {logging_mixin.py:188} INFO - [2026-04-21T06:46:57.819+0000] {dag.py:1508} INFO - Executing dag callback function: <function task_alert_failure at 0x72d92d9f8fe0>
[2026-04-21T06:46:57.820+0000] {logging_mixin.py:188} INFO - ============================================================
[2026-04-21T06:46:57.821+0000] {logging_mixin.py:188} INFO - PIPELINE FAILED!
[2026-04-21T06:46:57.821+0000] {logging_mixin.py:188} INFO - Task     : validate_data
[2026-04-21T06:46:57.822+0000] {logging_mixin.py:188} INFO - Loi      : None
[2026-04-21T06:46:57.822+0000] {logging_mixin.py:188} INFO - Log URL  : http://localhost:8080/log?execution_date=2026-04-21T06%3A46%3A17.879852%2B00%3A00&task_id=validate_data&dag_id=daily_student_pipeline&map_index=-1
[2026-04-21T06:46:57.823+0000] {logging_mixin.py:188} INFO - ============================================================
[2026-04-21T06:46:57.838+0000] {logging_mixin.py:188} INFO - [2026-04-21T06:46:57.837+0000] {dag.py:3036} INFO - Sync 1 DAGs
[2026-04-21T06:46:57.853+0000] {logging_mixin.py:188} INFO - [2026-04-21T06:46:57.853+0000] {dag.py:3823} INFO - Setting next_dagrun for daily_student_pipeline to 2026-04-21 02:00:00+00:00, run_after=2026-04-22 02:00:00+00:00
[2026-04-21T06:46:57.872+0000] {processor.py:183} INFO - Processing /opt/airflow/dags/daily_student_pipeline.py took 0.113 seconds
[2026-04-21T06:47:28.828+0000] {processor.py:161} INFO - Started process (PID=3051) to work on /opt/airflow/dags/daily_student_pipeline.py
[2026-04-21T06:47:28.829+0000] {processor.py:830} INFO - Processing file /opt/airflow/dags/daily_student_pipeline.py for tasks to queue
[2026-04-21T06:47:28.830+0000] {logging_mixin.py:188} INFO - [2026-04-21T06:47:28.830+0000] {dagbag.py:538} INFO - Filling up the DagBag from /opt/airflow/dags/daily_student_pipeline.py
[2026-04-21T06:47:28.848+0000] {processor.py:840} INFO - DAG(s) 'daily_student_pipeline' retrieved from /opt/airflow/dags/daily_student_pipeline.py
[2026-04-21T06:47:28.872+0000] {logging_mixin.py:188} INFO - [2026-04-21T06:47:28.872+0000] {dag.py:3036} INFO - Sync 1 DAGs
[2026-04-21T06:47:28.893+0000] {logging_mixin.py:188} INFO - [2026-04-21T06:47:28.893+0000] {dag.py:3823} INFO - Setting next_dagrun for daily_student_pipeline to 2026-04-21 02:00:00+00:00, run_after=2026-04-22 02:00:00+00:00
[2026-04-21T06:47:28.914+0000] {processor.py:183} INFO - Processing /opt/airflow/dags/daily_student_pipeline.py took 0.088 seconds
[2026-04-21T06:47:59.859+0000] {processor.py:161} INFO - Started process (PID=3075) to work on /opt/airflow/dags/daily_student_pipeline.py
[2026-04-21T06:47:59.860+0000] {processor.py:830} INFO - Processing file /opt/airflow/dags/daily_student_pipeline.py for tasks to queue
[2026-04-21T06:47:59.860+0000] {logging_mixin.py:188} INFO - [2026-04-21T06:47:59.860+0000] {dagbag.py:538} INFO - Filling up the DagBag from /opt/airflow/dags/daily_student_pipeline.py
[2026-04-21T06:47:59.880+0000] {processor.py:840} INFO - DAG(s) 'daily_student_pipeline' retrieved from /opt/airflow/dags/daily_student_pipeline.py
[2026-04-21T06:47:59.908+0000] {logging_mixin.py:188} INFO - [2026-04-21T06:47:59.907+0000] {dag.py:3036} INFO - Sync 1 DAGs
[2026-04-21T06:47:59.927+0000] {logging_mixin.py:188} INFO - [2026-04-21T06:47:59.927+0000] {dag.py:3823} INFO - Setting next_dagrun for daily_student_pipeline to 2026-04-21 02:00:00+00:00, run_after=2026-04-22 02:00:00+00:00
[2026-04-21T06:47:59.948+0000] {processor.py:183} INFO - Processing /opt/airflow/dags/daily_student_pipeline.py took 0.093 seconds
[2026-04-21T06:48:32.960+0000] {processor.py:161} INFO - Started process (PID=3098) to work on /opt/airflow/dags/daily_student_pipeline.py
[2026-04-21T06:48:32.961+0000] {processor.py:830} INFO - Processing file /opt/airflow/dags/daily_student_pipeline.py for tasks to queue
[2026-04-21T06:48:32.962+0000] {logging_mixin.py:188} INFO - [2026-04-21T06:48:32.962+0000] {dagbag.py:538} INFO - Filling up the DagBag from /opt/airflow/dags/daily_student_pipeline.py
[2026-04-21T06:48:32.984+0000] {processor.py:840} INFO - DAG(s) 'daily_student_pipeline' retrieved from /opt/airflow/dags/daily_student_pipeline.py
[2026-04-21T06:48:33.019+0000] {logging_mixin.py:188} INFO - [2026-04-21T06:48:33.019+0000] {dag.py:3036} INFO - Sync 1 DAGs
[2026-04-21T06:48:33.043+0000] {logging_mixin.py:188} INFO - [2026-04-21T06:48:33.043+0000] {dag.py:3823} INFO - Setting next_dagrun for daily_student_pipeline to 2026-04-21 02:00:00+00:00, run_after=2026-04-22 02:00:00+00:00
[2026-04-21T06:48:33.061+0000] {processor.py:183} INFO - Processing /opt/airflow/dags/daily_student_pipeline.py took 0.103 seconds
[2026-04-21T06:49:04.996+0000] {processor.py:161} INFO - Started process (PID=3121) to work on /opt/airflow/dags/daily_student_pipeline.py
[2026-04-21T06:49:04.997+0000] {processor.py:830} INFO - Processing file /opt/airflow/dags/daily_student_pipeline.py for tasks to queue
[2026-04-21T06:49:04.998+0000] {logging_mixin.py:188} INFO - [2026-04-21T06:49:04.998+0000] {dagbag.py:538} INFO - Filling up the DagBag from /opt/airflow/dags/daily_student_pipeline.py
[2026-04-21T06:49:05.019+0000] {processor.py:840} INFO - DAG(s) 'daily_student_pipeline' retrieved from /opt/airflow/dags/daily_student_pipeline.py
[2026-04-21T06:49:05.049+0000] {logging_mixin.py:188} INFO - [2026-04-21T06:49:05.049+0000] {dag.py:3036} INFO - Sync 1 DAGs
[2026-04-21T06:49:05.075+0000] {logging_mixin.py:188} INFO - [2026-04-21T06:49:05.075+0000] {dag.py:3823} INFO - Setting next_dagrun for daily_student_pipeline to 2026-04-21 02:00:00+00:00, run_after=2026-04-22 02:00:00+00:00
[2026-04-21T06:49:05.096+0000] {processor.py:183} INFO - Processing /opt/airflow/dags/daily_student_pipeline.py took 0.103 seconds
[2026-04-21T06:49:38.116+0000] {processor.py:161} INFO - Started process (PID=3144) to work on /opt/airflow/dags/daily_student_pipeline.py
[2026-04-21T06:49:38.117+0000] {processor.py:830} INFO - Processing file /opt/airflow/dags/daily_student_pipeline.py for tasks to queue
[2026-04-21T06:49:38.118+0000] {logging_mixin.py:188} INFO - [2026-04-21T06:49:38.118+0000] {dagbag.py:538} INFO - Filling up the DagBag from /opt/airflow/dags/daily_student_pipeline.py
[2026-04-21T06:49:38.138+0000] {processor.py:840} INFO - DAG(s) 'daily_student_pipeline' retrieved from /opt/airflow/dags/daily_student_pipeline.py
[2026-04-21T06:49:38.172+0000] {logging_mixin.py:188} INFO - [2026-04-21T06:49:38.172+0000] {dag.py:3036} INFO - Sync 1 DAGs
[2026-04-21T06:49:38.196+0000] {logging_mixin.py:188} INFO - [2026-04-21T06:49:38.196+0000] {dag.py:3823} INFO - Setting next_dagrun for daily_student_pipeline to 2026-04-21 02:00:00+00:00, run_after=2026-04-22 02:00:00+00:00
[2026-04-21T06:49:38.218+0000] {processor.py:183} INFO - Processing /opt/airflow/dags/daily_student_pipeline.py took 0.104 seconds
[2026-04-21T06:50:11.263+0000] {processor.py:161} INFO - Started process (PID=3167) to work on /opt/airflow/dags/daily_student_pipeline.py
[2026-04-21T06:50:11.264+0000] {processor.py:830} INFO - Processing file /opt/airflow/dags/daily_student_pipeline.py for tasks to queue
[2026-04-21T06:50:11.267+0000] {logging_mixin.py:188} INFO - [2026-04-21T06:50:11.266+0000] {dagbag.py:538} INFO - Filling up the DagBag from /opt/airflow/dags/daily_student_pipeline.py
[2026-04-21T06:50:11.306+0000] {processor.py:840} INFO - DAG(s) 'daily_student_pipeline' retrieved from /opt/airflow/dags/daily_student_pipeline.py
[2026-04-21T06:50:11.344+0000] {logging_mixin.py:188} INFO - [2026-04-21T06:50:11.343+0000] {dag.py:3036} INFO - Sync 1 DAGs
[2026-04-21T06:50:11.366+0000] {logging_mixin.py:188} INFO - [2026-04-21T06:50:11.366+0000] {dag.py:3823} INFO - Setting next_dagrun for daily_student_pipeline to 2026-04-21 02:00:00+00:00, run_after=2026-04-22 02:00:00+00:00
[2026-04-21T06:50:11.386+0000] {processor.py:183} INFO - Processing /opt/airflow/dags/daily_student_pipeline.py took 0.128 seconds
[2026-04-21T06:50:43.421+0000] {processor.py:161} INFO - Started process (PID=3190) to work on /opt/airflow/dags/daily_student_pipeline.py
[2026-04-21T06:50:43.422+0000] {processor.py:830} INFO - Processing file /opt/airflow/dags/daily_student_pipeline.py for tasks to queue
[2026-04-21T06:50:43.423+0000] {logging_mixin.py:188} INFO - [2026-04-21T06:50:43.423+0000] {dagbag.py:538} INFO - Filling up the DagBag from /opt/airflow/dags/daily_student_pipeline.py
[2026-04-21T06:50:43.442+0000] {processor.py:840} INFO - DAG(s) 'daily_student_pipeline' retrieved from /opt/airflow/dags/daily_student_pipeline.py
[2026-04-21T06:50:43.465+0000] {logging_mixin.py:188} INFO - [2026-04-21T06:50:43.464+0000] {dag.py:3036} INFO - Sync 1 DAGs
[2026-04-21T06:50:43.483+0000] {logging_mixin.py:188} INFO - [2026-04-21T06:50:43.483+0000] {dag.py:3823} INFO - Setting next_dagrun for daily_student_pipeline to 2026-04-21 02:00:00+00:00, run_after=2026-04-22 02:00:00+00:00
[2026-04-21T06:50:43.502+0000] {processor.py:183} INFO - Processing /opt/airflow/dags/daily_student_pipeline.py took 0.083 seconds
[2026-04-21T06:51:16.452+0000] {processor.py:161} INFO - Started process (PID=3213) to work on /opt/airflow/dags/daily_student_pipeline.py
[2026-04-21T06:51:16.452+0000] {processor.py:830} INFO - Processing file /opt/airflow/dags/daily_student_pipeline.py for tasks to queue
[2026-04-21T06:51:16.453+0000] {logging_mixin.py:188} INFO - [2026-04-21T06:51:16.453+0000] {dagbag.py:538} INFO - Filling up the DagBag from /opt/airflow/dags/daily_student_pipeline.py
[2026-04-21T06:51:16.473+0000] {processor.py:840} INFO - DAG(s) 'daily_student_pipeline' retrieved from /opt/airflow/dags/daily_student_pipeline.py
[2026-04-21T06:51:16.498+0000] {logging_mixin.py:188} INFO - [2026-04-21T06:51:16.498+0000] {dag.py:3036} INFO - Sync 1 DAGs
[2026-04-21T06:51:16.521+0000] {logging_mixin.py:188} INFO - [2026-04-21T06:51:16.521+0000] {dag.py:3823} INFO - Setting next_dagrun for daily_student_pipeline to 2026-04-21 02:00:00+00:00, run_after=2026-04-22 02:00:00+00:00
[2026-04-21T06:51:16.543+0000] {processor.py:183} INFO - Processing /opt/airflow/dags/daily_student_pipeline.py took 0.094 seconds
[2026-04-21T06:51:48.526+0000] {processor.py:161} INFO - Started process (PID=3236) to work on /opt/airflow/dags/daily_student_pipeline.py
[2026-04-21T06:51:48.528+0000] {processor.py:830} INFO - Processing file /opt/airflow/dags/daily_student_pipeline.py for tasks to queue
[2026-04-21T06:51:48.529+0000] {logging_mixin.py:188} INFO - [2026-04-21T06:51:48.528+0000] {dagbag.py:538} INFO - Filling up the DagBag from /opt/airflow/dags/daily_student_pipeline.py
[2026-04-21T06:51:48.554+0000] {processor.py:840} INFO - DAG(s) 'daily_student_pipeline' retrieved from /opt/airflow/dags/daily_student_pipeline.py
[2026-04-21T06:51:48.584+0000] {logging_mixin.py:188} INFO - [2026-04-21T06:51:48.583+0000] {dag.py:3036} INFO - Sync 1 DAGs
[2026-04-21T06:51:48.607+0000] {logging_mixin.py:188} INFO - [2026-04-21T06:51:48.607+0000] {dag.py:3823} INFO - Setting next_dagrun for daily_student_pipeline to 2026-04-21 02:00:00+00:00, run_after=2026-04-22 02:00:00+00:00
[2026-04-21T06:51:48.628+0000] {processor.py:183} INFO - Processing /opt/airflow/dags/daily_student_pipeline.py took 0.107 seconds
[2026-04-21T06:52:21.591+0000] {processor.py:161} INFO - Started process (PID=3259) to work on /opt/airflow/dags/daily_student_pipeline.py
[2026-04-21T06:52:21.592+0000] {processor.py:830} INFO - Processing file /opt/airflow/dags/daily_student_pipeline.py for tasks to queue
[2026-04-21T06:52:21.594+0000] {logging_mixin.py:188} INFO - [2026-04-21T06:52:21.593+0000] {dagbag.py:538} INFO - Filling up the DagBag from /opt/airflow/dags/daily_student_pipeline.py
[2026-04-21T06:52:21.618+0000] {processor.py:840} INFO - DAG(s) 'daily_student_pipeline' retrieved from /opt/airflow/dags/daily_student_pipeline.py
[2026-04-21T06:52:21.648+0000] {logging_mixin.py:188} INFO - [2026-04-21T06:52:21.647+0000] {dag.py:3036} INFO - Sync 1 DAGs
[2026-04-21T06:52:21.667+0000] {logging_mixin.py:188} INFO - [2026-04-21T06:52:21.667+0000] {dag.py:3823} INFO - Setting next_dagrun for daily_student_pipeline to 2026-04-21 02:00:00+00:00, run_after=2026-04-22 02:00:00+00:00
[2026-04-21T06:52:21.688+0000] {processor.py:183} INFO - Processing /opt/airflow/dags/daily_student_pipeline.py took 0.101 seconds
[2026-04-21T06:52:54.647+0000] {processor.py:161} INFO - Started process (PID=3282) to work on /opt/airflow/dags/daily_student_pipeline.py
[2026-04-21T06:52:54.648+0000] {processor.py:830} INFO - Processing file /opt/airflow/dags/daily_student_pipeline.py for tasks to queue
[2026-04-21T06:52:54.649+0000] {logging_mixin.py:188} INFO - [2026-04-21T06:52:54.649+0000] {dagbag.py:538} INFO - Filling up the DagBag from /opt/airflow/dags/daily_student_pipeline.py
[2026-04-21T06:52:54.667+0000] {processor.py:840} INFO - DAG(s) 'daily_student_pipeline' retrieved from /opt/airflow/dags/daily_student_pipeline.py
[2026-04-21T06:52:54.689+0000] {logging_mixin.py:188} INFO - [2026-04-21T06:52:54.689+0000] {dag.py:3036} INFO - Sync 1 DAGs
[2026-04-21T06:52:54.709+0000] {logging_mixin.py:188} INFO - [2026-04-21T06:52:54.708+0000] {dag.py:3823} INFO - Setting next_dagrun for daily_student_pipeline to 2026-04-21 02:00:00+00:00, run_after=2026-04-22 02:00:00+00:00
[2026-04-21T06:52:54.732+0000] {processor.py:183} INFO - Processing /opt/airflow/dags/daily_student_pipeline.py took 0.087 seconds
[2026-04-21T06:53:22.494+0000] {processor.py:161} INFO - Started process (PID=3471) to work on /opt/airflow/dags/daily_student_pipeline.py
[2026-04-21T06:53:22.495+0000] {processor.py:830} INFO - Processing file /opt/airflow/dags/daily_student_pipeline.py for tasks to queue
[2026-04-21T06:53:22.496+0000] {logging_mixin.py:188} INFO - [2026-04-21T06:53:22.495+0000] {dagbag.py:538} INFO - Filling up the DagBag from /opt/airflow/dags/daily_student_pipeline.py
[2026-04-21T06:53:22.516+0000] {processor.py:840} INFO - DAG(s) 'daily_student_pipeline' retrieved from /opt/airflow/dags/daily_student_pipeline.py
[2026-04-21T06:53:22.552+0000] {logging_mixin.py:188} INFO - [2026-04-21T06:53:22.551+0000] {dag.py:1508} INFO - Executing dag callback function: <function task_alert_failure at 0x72d92d9f8220>
[2026-04-21T06:53:22.552+0000] {logging_mixin.py:188} INFO - ============================================================
[2026-04-21T06:53:22.553+0000] {logging_mixin.py:188} INFO - PIPELINE FAILED!
[2026-04-21T06:53:22.554+0000] {logging_mixin.py:188} INFO - Task     : end
[2026-04-21T06:53:22.555+0000] {logging_mixin.py:188} INFO - Loi      : None
[2026-04-21T06:53:22.557+0000] {logging_mixin.py:188} INFO - Log URL  : http://localhost:8080/log?execution_date=2026-04-21T06%3A53%3A08.704570%2B00%3A00&task_id=end&dag_id=daily_student_pipeline&map_index=-1
[2026-04-21T06:53:22.557+0000] {logging_mixin.py:188} INFO - ============================================================
[2026-04-21T06:53:22.571+0000] {logging_mixin.py:188} INFO - [2026-04-21T06:53:22.571+0000] {dag.py:3036} INFO - Sync 1 DAGs
[2026-04-21T06:53:22.586+0000] {logging_mixin.py:188} INFO - [2026-04-21T06:53:22.586+0000] {dag.py:3823} INFO - Setting next_dagrun for daily_student_pipeline to 2026-04-21 02:00:00+00:00, run_after=2026-04-22 02:00:00+00:00
[2026-04-21T06:53:22.602+0000] {processor.py:183} INFO - Processing /opt/airflow/dags/daily_student_pipeline.py took 0.111 seconds
[2026-04-21T06:53:53.557+0000] {processor.py:161} INFO - Started process (PID=3494) to work on /opt/airflow/dags/daily_student_pipeline.py
[2026-04-21T06:53:53.559+0000] {processor.py:830} INFO - Processing file /opt/airflow/dags/daily_student_pipeline.py for tasks to queue
[2026-04-21T06:53:53.560+0000] {logging_mixin.py:188} INFO - [2026-04-21T06:53:53.559+0000] {dagbag.py:538} INFO - Filling up the DagBag from /opt/airflow/dags/daily_student_pipeline.py
[2026-04-21T06:53:53.583+0000] {processor.py:840} INFO - DAG(s) 'daily_student_pipeline' retrieved from /opt/airflow/dags/daily_student_pipeline.py
[2026-04-21T06:53:53.611+0000] {logging_mixin.py:188} INFO - [2026-04-21T06:53:53.611+0000] {dag.py:3036} INFO - Sync 1 DAGs
[2026-04-21T06:53:53.632+0000] {logging_mixin.py:188} INFO - [2026-04-21T06:53:53.632+0000] {dag.py:3823} INFO - Setting next_dagrun for daily_student_pipeline to 2026-04-21 02:00:00+00:00, run_after=2026-04-22 02:00:00+00:00
[2026-04-21T06:53:53.650+0000] {processor.py:183} INFO - Processing /opt/airflow/dags/daily_student_pipeline.py took 0.096 seconds
[2026-04-21T06:54:24.578+0000] {processor.py:161} INFO - Started process (PID=3509) to work on /opt/airflow/dags/daily_student_pipeline.py
[2026-04-21T06:54:24.579+0000] {processor.py:830} INFO - Processing file /opt/airflow/dags/daily_student_pipeline.py for tasks to queue
[2026-04-21T06:54:24.579+0000] {logging_mixin.py:188} INFO - [2026-04-21T06:54:24.579+0000] {dagbag.py:538} INFO - Filling up the DagBag from /opt/airflow/dags/daily_student_pipeline.py
[2026-04-21T06:54:24.600+0000] {processor.py:840} INFO - DAG(s) 'daily_student_pipeline' retrieved from /opt/airflow/dags/daily_student_pipeline.py
[2026-04-21T06:54:24.625+0000] {logging_mixin.py:188} INFO - [2026-04-21T06:54:24.625+0000] {dag.py:3036} INFO - Sync 1 DAGs
[2026-04-21T06:54:24.646+0000] {logging_mixin.py:188} INFO - [2026-04-21T06:54:24.646+0000] {dag.py:3823} INFO - Setting next_dagrun for daily_student_pipeline to 2026-04-21 02:00:00+00:00, run_after=2026-04-22 02:00:00+00:00
[2026-04-21T06:54:24.667+0000] {processor.py:183} INFO - Processing /opt/airflow/dags/daily_student_pipeline.py took 0.092 seconds
[2026-04-21T06:54:55.681+0000] {processor.py:161} INFO - Started process (PID=3532) to work on /opt/airflow/dags/daily_student_pipeline.py
[2026-04-21T06:54:55.682+0000] {processor.py:830} INFO - Processing file /opt/airflow/dags/daily_student_pipeline.py for tasks to queue
[2026-04-21T06:54:55.683+0000] {logging_mixin.py:188} INFO - [2026-04-21T06:54:55.682+0000] {dagbag.py:538} INFO - Filling up the DagBag from /opt/airflow/dags/daily_student_pipeline.py
[2026-04-21T06:54:55.700+0000] {processor.py:840} INFO - DAG(s) 'daily_student_pipeline' retrieved from /opt/airflow/dags/daily_student_pipeline.py
[2026-04-21T06:54:55.723+0000] {logging_mixin.py:188} INFO - [2026-04-21T06:54:55.723+0000] {dag.py:3036} INFO - Sync 1 DAGs
[2026-04-21T06:54:55.742+0000] {logging_mixin.py:188} INFO - [2026-04-21T06:54:55.742+0000] {dag.py:3823} INFO - Setting next_dagrun for daily_student_pipeline to 2026-04-21 02:00:00+00:00, run_after=2026-04-22 02:00:00+00:00
[2026-04-21T06:54:55.761+0000] {processor.py:183} INFO - Processing /opt/airflow/dags/daily_student_pipeline.py took 0.083 seconds
[2026-04-21T06:55:26.018+0000] {processor.py:161} INFO - Started process (PID=3753) to work on /opt/airflow/dags/daily_student_pipeline.py
[2026-04-21T06:55:26.019+0000] {processor.py:830} INFO - Processing file /opt/airflow/dags/daily_student_pipeline.py for tasks to queue
[2026-04-21T06:55:26.020+0000] {logging_mixin.py:188} INFO - [2026-04-21T06:55:26.020+0000] {dagbag.py:538} INFO - Filling up the DagBag from /opt/airflow/dags/daily_student_pipeline.py
[2026-04-21T06:55:26.039+0000] {processor.py:840} INFO - DAG(s) 'daily_student_pipeline' retrieved from /opt/airflow/dags/daily_student_pipeline.py
[2026-04-21T06:55:26.068+0000] {logging_mixin.py:188} INFO - [2026-04-21T06:55:26.068+0000] {dag.py:3036} INFO - Sync 1 DAGs
[2026-04-21T06:55:26.092+0000] {logging_mixin.py:188} INFO - [2026-04-21T06:55:26.092+0000] {dag.py:3823} INFO - Setting next_dagrun for daily_student_pipeline to 2026-04-21 02:00:00+00:00, run_after=2026-04-22 02:00:00+00:00
[2026-04-21T06:55:26.123+0000] {processor.py:183} INFO - Processing /opt/airflow/dags/daily_student_pipeline.py took 0.107 seconds
[2026-04-21T06:55:56.979+0000] {processor.py:161} INFO - Started process (PID=3777) to work on /opt/airflow/dags/daily_student_pipeline.py
[2026-04-21T06:55:56.980+0000] {processor.py:830} INFO - Processing file /opt/airflow/dags/daily_student_pipeline.py for tasks to queue
[2026-04-21T06:55:56.981+0000] {logging_mixin.py:188} INFO - [2026-04-21T06:55:56.980+0000] {dagbag.py:538} INFO - Filling up the DagBag from /opt/airflow/dags/daily_student_pipeline.py
[2026-04-21T06:55:56.999+0000] {processor.py:840} INFO - DAG(s) 'daily_student_pipeline' retrieved from /opt/airflow/dags/daily_student_pipeline.py
[2026-04-21T06:55:57.026+0000] {logging_mixin.py:188} INFO - [2026-04-21T06:55:57.026+0000] {dag.py:3036} INFO - Sync 1 DAGs
[2026-04-21T06:55:57.051+0000] {logging_mixin.py:188} INFO - [2026-04-21T06:55:57.050+0000] {dag.py:3823} INFO - Setting next_dagrun for daily_student_pipeline to 2026-04-21 02:00:00+00:00, run_after=2026-04-22 02:00:00+00:00
[2026-04-21T06:55:57.072+0000] {processor.py:183} INFO - Processing /opt/airflow/dags/daily_student_pipeline.py took 0.096 seconds
[2026-04-21T06:56:27.996+0000] {processor.py:161} INFO - Started process (PID=3800) to work on /opt/airflow/dags/daily_student_pipeline.py
[2026-04-21T06:56:27.998+0000] {processor.py:830} INFO - Processing file /opt/airflow/dags/daily_student_pipeline.py for tasks to queue
[2026-04-21T06:56:27.999+0000] {logging_mixin.py:188} INFO - [2026-04-21T06:56:27.998+0000] {dagbag.py:538} INFO - Filling up the DagBag from /opt/airflow/dags/daily_student_pipeline.py
[2026-04-21T06:56:28.023+0000] {processor.py:840} INFO - DAG(s) 'daily_student_pipeline' retrieved from /opt/airflow/dags/daily_student_pipeline.py
[2026-04-21T06:56:28.050+0000] {logging_mixin.py:188} INFO - [2026-04-21T06:56:28.049+0000] {dag.py:3036} INFO - Sync 1 DAGs
[2026-04-21T06:56:28.072+0000] {logging_mixin.py:188} INFO - [2026-04-21T06:56:28.072+0000] {dag.py:3823} INFO - Setting next_dagrun for daily_student_pipeline to 2026-04-21 02:00:00+00:00, run_after=2026-04-22 02:00:00+00:00
[2026-04-21T06:56:28.092+0000] {processor.py:183} INFO - Processing /opt/airflow/dags/daily_student_pipeline.py took 0.099 seconds
[2026-04-21T06:56:59.103+0000] {processor.py:161} INFO - Started process (PID=3823) to work on /opt/airflow/dags/daily_student_pipeline.py
[2026-04-21T06:56:59.104+0000] {processor.py:830} INFO - Processing file /opt/airflow/dags/daily_student_pipeline.py for tasks to queue
[2026-04-21T06:56:59.105+0000] {logging_mixin.py:188} INFO - [2026-04-21T06:56:59.104+0000] {dagbag.py:538} INFO - Filling up the DagBag from /opt/airflow/dags/daily_student_pipeline.py
[2026-04-21T06:56:59.120+0000] {processor.py:840} INFO - DAG(s) 'daily_student_pipeline' retrieved from /opt/airflow/dags/daily_student_pipeline.py
[2026-04-21T06:56:59.141+0000] {logging_mixin.py:188} INFO - [2026-04-21T06:56:59.141+0000] {dag.py:3036} INFO - Sync 1 DAGs
[2026-04-21T06:56:59.160+0000] {logging_mixin.py:188} INFO - [2026-04-21T06:56:59.160+0000] {dag.py:3823} INFO - Setting next_dagrun for daily_student_pipeline to 2026-04-21 02:00:00+00:00, run_after=2026-04-22 02:00:00+00:00
[2026-04-21T06:56:59.181+0000] {processor.py:183} INFO - Processing /opt/airflow/dags/daily_student_pipeline.py took 0.080 seconds
[2026-04-21T06:57:30.201+0000] {processor.py:161} INFO - Started process (PID=3846) to work on /opt/airflow/dags/daily_student_pipeline.py
[2026-04-21T06:57:30.202+0000] {processor.py:830} INFO - Processing file /opt/airflow/dags/daily_student_pipeline.py for tasks to queue
[2026-04-21T06:57:30.203+0000] {logging_mixin.py:188} INFO - [2026-04-21T06:57:30.203+0000] {dagbag.py:538} INFO - Filling up the DagBag from /opt/airflow/dags/daily_student_pipeline.py
[2026-04-21T06:57:30.223+0000] {processor.py:840} INFO - DAG(s) 'daily_student_pipeline' retrieved from /opt/airflow/dags/daily_student_pipeline.py
[2026-04-21T06:57:30.248+0000] {logging_mixin.py:188} INFO - [2026-04-21T06:57:30.248+0000] {dag.py:3036} INFO - Sync 1 DAGs
[2026-04-21T06:57:30.270+0000] {logging_mixin.py:188} INFO - [2026-04-21T06:57:30.270+0000] {dag.py:3823} INFO - Setting next_dagrun for daily_student_pipeline to 2026-04-21 02:00:00+00:00, run_after=2026-04-22 02:00:00+00:00
[2026-04-21T06:57:30.289+0000] {processor.py:183} INFO - Processing /opt/airflow/dags/daily_student_pipeline.py took 0.090 seconds
[2026-04-21T06:58:01.246+0000] {processor.py:161} INFO - Started process (PID=3869) to work on /opt/airflow/dags/daily_student_pipeline.py
[2026-04-21T06:58:01.247+0000] {processor.py:830} INFO - Processing file /opt/airflow/dags/daily_student_pipeline.py for tasks to queue
[2026-04-21T06:58:01.249+0000] {logging_mixin.py:188} INFO - [2026-04-21T06:58:01.248+0000] {dagbag.py:538} INFO - Filling up the DagBag from /opt/airflow/dags/daily_student_pipeline.py
[2026-04-21T06:58:01.277+0000] {processor.py:840} INFO - DAG(s) 'daily_student_pipeline' retrieved from /opt/airflow/dags/daily_student_pipeline.py
[2026-04-21T06:58:01.306+0000] {logging_mixin.py:188} INFO - [2026-04-21T06:58:01.306+0000] {dag.py:3036} INFO - Sync 1 DAGs
[2026-04-21T06:58:01.328+0000] {logging_mixin.py:188} INFO - [2026-04-21T06:58:01.328+0000] {dag.py:3823} INFO - Setting next_dagrun for daily_student_pipeline to 2026-04-21 02:00:00+00:00, run_after=2026-04-22 02:00:00+00:00
[2026-04-21T06:58:01.349+0000] {processor.py:183} INFO - Processing /opt/airflow/dags/daily_student_pipeline.py took 0.106 seconds
[2026-04-21T06:58:32.240+0000] {processor.py:161} INFO - Started process (PID=3884) to work on /opt/airflow/dags/daily_student_pipeline.py
[2026-04-21T06:58:32.242+0000] {processor.py:830} INFO - Processing file /opt/airflow/dags/daily_student_pipeline.py for tasks to queue
[2026-04-21T06:58:32.243+0000] {logging_mixin.py:188} INFO - [2026-04-21T06:58:32.243+0000] {dagbag.py:538} INFO - Filling up the DagBag from /opt/airflow/dags/daily_student_pipeline.py
[2026-04-21T06:58:32.265+0000] {processor.py:840} INFO - DAG(s) 'daily_student_pipeline' retrieved from /opt/airflow/dags/daily_student_pipeline.py
[2026-04-21T06:58:32.288+0000] {logging_mixin.py:188} INFO - [2026-04-21T06:58:32.288+0000] {dag.py:3036} INFO - Sync 1 DAGs
[2026-04-21T06:58:32.306+0000] {logging_mixin.py:188} INFO - [2026-04-21T06:58:32.306+0000] {dag.py:3823} INFO - Setting next_dagrun for daily_student_pipeline to 2026-04-21 02:00:00+00:00, run_after=2026-04-22 02:00:00+00:00
[2026-04-21T06:58:32.324+0000] {processor.py:183} INFO - Processing /opt/airflow/dags/daily_student_pipeline.py took 0.091 seconds
[2026-04-21T06:59:03.334+0000] {processor.py:161} INFO - Started process (PID=3907) to work on /opt/airflow/dags/daily_student_pipeline.py
[2026-04-21T06:59:03.335+0000] {processor.py:830} INFO - Processing file /opt/airflow/dags/daily_student_pipeline.py for tasks to queue
[2026-04-21T06:59:03.337+0000] {logging_mixin.py:188} INFO - [2026-04-21T06:59:03.336+0000] {dagbag.py:538} INFO - Filling up the DagBag from /opt/airflow/dags/daily_student_pipeline.py
[2026-04-21T06:59:03.361+0000] {processor.py:840} INFO - DAG(s) 'daily_student_pipeline' retrieved from /opt/airflow/dags/daily_student_pipeline.py
[2026-04-21T06:59:03.391+0000] {logging_mixin.py:188} INFO - [2026-04-21T06:59:03.391+0000] {dag.py:3036} INFO - Sync 1 DAGs
[2026-04-21T06:59:03.414+0000] {logging_mixin.py:188} INFO - [2026-04-21T06:59:03.413+0000] {dag.py:3823} INFO - Setting next_dagrun for daily_student_pipeline to 2026-04-21 02:00:00+00:00, run_after=2026-04-22 02:00:00+00:00
[2026-04-21T06:59:03.433+0000] {processor.py:183} INFO - Processing /opt/airflow/dags/daily_student_pipeline.py took 0.111 seconds
[2026-04-21T06:59:34.391+0000] {processor.py:161} INFO - Started process (PID=3930) to work on /opt/airflow/dags/daily_student_pipeline.py
[2026-04-21T06:59:34.392+0000] {processor.py:830} INFO - Processing file /opt/airflow/dags/daily_student_pipeline.py for tasks to queue
[2026-04-21T06:59:34.392+0000] {logging_mixin.py:188} INFO - [2026-04-21T06:59:34.392+0000] {dagbag.py:538} INFO - Filling up the DagBag from /opt/airflow/dags/daily_student_pipeline.py
[2026-04-21T06:59:34.410+0000] {processor.py:840} INFO - DAG(s) 'daily_student_pipeline' retrieved from /opt/airflow/dags/daily_student_pipeline.py
[2026-04-21T06:59:34.432+0000] {logging_mixin.py:188} INFO - [2026-04-21T06:59:34.432+0000] {dag.py:3036} INFO - Sync 1 DAGs
[2026-04-21T06:59:34.452+0000] {logging_mixin.py:188} INFO - [2026-04-21T06:59:34.452+0000] {dag.py:3823} INFO - Setting next_dagrun for daily_student_pipeline to 2026-04-21 02:00:00+00:00, run_after=2026-04-22 02:00:00+00:00
[2026-04-21T06:59:34.473+0000] {processor.py:183} INFO - Processing /opt/airflow/dags/daily_student_pipeline.py took 0.085 seconds
[2026-04-21T07:00:05.477+0000] {processor.py:161} INFO - Started process (PID=3953) to work on /opt/airflow/dags/daily_student_pipeline.py
[2026-04-21T07:00:05.478+0000] {processor.py:830} INFO - Processing file /opt/airflow/dags/daily_student_pipeline.py for tasks to queue
[2026-04-21T07:00:05.479+0000] {logging_mixin.py:188} INFO - [2026-04-21T07:00:05.479+0000] {dagbag.py:538} INFO - Filling up the DagBag from /opt/airflow/dags/daily_student_pipeline.py
[2026-04-21T07:00:05.498+0000] {processor.py:840} INFO - DAG(s) 'daily_student_pipeline' retrieved from /opt/airflow/dags/daily_student_pipeline.py
[2026-04-21T07:00:05.523+0000] {logging_mixin.py:188} INFO - [2026-04-21T07:00:05.523+0000] {dag.py:3036} INFO - Sync 1 DAGs
[2026-04-21T07:00:05.544+0000] {logging_mixin.py:188} INFO - [2026-04-21T07:00:05.544+0000] {dag.py:3823} INFO - Setting next_dagrun for daily_student_pipeline to 2026-04-21 02:00:00+00:00, run_after=2026-04-22 02:00:00+00:00
[2026-04-21T07:00:05.563+0000] {processor.py:183} INFO - Processing /opt/airflow/dags/daily_student_pipeline.py took 0.088 seconds
[2026-04-21T07:00:36.500+0000] {processor.py:161} INFO - Started process (PID=3976) to work on /opt/airflow/dags/daily_student_pipeline.py
[2026-04-21T07:00:36.501+0000] {processor.py:830} INFO - Processing file /opt/airflow/dags/daily_student_pipeline.py for tasks to queue
[2026-04-21T07:00:36.502+0000] {logging_mixin.py:188} INFO - [2026-04-21T07:00:36.502+0000] {dagbag.py:538} INFO - Filling up the DagBag from /opt/airflow/dags/daily_student_pipeline.py
[2026-04-21T07:00:36.529+0000] {processor.py:840} INFO - DAG(s) 'daily_student_pipeline' retrieved from /opt/airflow/dags/daily_student_pipeline.py
[2026-04-21T07:00:36.555+0000] {logging_mixin.py:188} INFO - [2026-04-21T07:00:36.555+0000] {dag.py:3036} INFO - Sync 1 DAGs
[2026-04-21T07:00:36.575+0000] {logging_mixin.py:188} INFO - [2026-04-21T07:00:36.575+0000] {dag.py:3823} INFO - Setting next_dagrun for daily_student_pipeline to 2026-04-21 02:00:00+00:00, run_after=2026-04-22 02:00:00+00:00
[2026-04-21T07:00:36.594+0000] {processor.py:183} INFO - Processing /opt/airflow/dags/daily_student_pipeline.py took 0.097 seconds
[2026-04-21T07:01:07.520+0000] {processor.py:161} INFO - Started process (PID=3999) to work on /opt/airflow/dags/daily_student_pipeline.py
[2026-04-21T07:01:07.521+0000] {processor.py:830} INFO - Processing file /opt/airflow/dags/daily_student_pipeline.py for tasks to queue
[2026-04-21T07:01:07.522+0000] {logging_mixin.py:188} INFO - [2026-04-21T07:01:07.522+0000] {dagbag.py:538} INFO - Filling up the DagBag from /opt/airflow/dags/daily_student_pipeline.py
[2026-04-21T07:01:07.539+0000] {processor.py:840} INFO - DAG(s) 'daily_student_pipeline' retrieved from /opt/airflow/dags/daily_student_pipeline.py
[2026-04-21T07:01:07.563+0000] {logging_mixin.py:188} INFO - [2026-04-21T07:01:07.563+0000] {dag.py:3036} INFO - Sync 1 DAGs
[2026-04-21T07:01:07.582+0000] {logging_mixin.py:188} INFO - [2026-04-21T07:01:07.581+0000] {dag.py:3823} INFO - Setting next_dagrun for daily_student_pipeline to 2026-04-21 02:00:00+00:00, run_after=2026-04-22 02:00:00+00:00
[2026-04-21T07:01:07.599+0000] {processor.py:183} INFO - Processing /opt/airflow/dags/daily_student_pipeline.py took 0.082 seconds
[2026-04-21T07:01:38.539+0000] {processor.py:161} INFO - Started process (PID=4012) to work on /opt/airflow/dags/daily_student_pipeline.py
[2026-04-21T07:01:38.540+0000] {processor.py:830} INFO - Processing file /opt/airflow/dags/daily_student_pipeline.py for tasks to queue
[2026-04-21T07:01:38.541+0000] {logging_mixin.py:188} INFO - [2026-04-21T07:01:38.541+0000] {dagbag.py:538} INFO - Filling up the DagBag from /opt/airflow/dags/daily_student_pipeline.py
[2026-04-21T07:01:38.559+0000] {processor.py:840} INFO - DAG(s) 'daily_student_pipeline' retrieved from /opt/airflow/dags/daily_student_pipeline.py
[2026-04-21T07:01:38.583+0000] {logging_mixin.py:188} INFO - [2026-04-21T07:01:38.583+0000] {dag.py:3036} INFO - Sync 1 DAGs
[2026-04-21T07:01:38.605+0000] {logging_mixin.py:188} INFO - [2026-04-21T07:01:38.605+0000] {dag.py:3823} INFO - Setting next_dagrun for daily_student_pipeline to 2026-04-21 02:00:00+00:00, run_after=2026-04-22 02:00:00+00:00
[2026-04-21T07:01:38.631+0000] {processor.py:183} INFO - Processing /opt/airflow/dags/daily_student_pipeline.py took 0.095 seconds
[2026-04-21T07:02:10.640+0000] {processor.py:161} INFO - Started process (PID=4035) to work on /opt/airflow/dags/daily_student_pipeline.py
[2026-04-21T07:02:10.642+0000] {processor.py:830} INFO - Processing file /opt/airflow/dags/daily_student_pipeline.py for tasks to queue
[2026-04-21T07:02:10.642+0000] {logging_mixin.py:188} INFO - [2026-04-21T07:02:10.642+0000] {dagbag.py:538} INFO - Filling up the DagBag from /opt/airflow/dags/daily_student_pipeline.py
[2026-04-21T07:02:10.662+0000] {processor.py:840} INFO - DAG(s) 'daily_student_pipeline' retrieved from /opt/airflow/dags/daily_student_pipeline.py
[2026-04-21T07:02:10.688+0000] {logging_mixin.py:188} INFO - [2026-04-21T07:02:10.688+0000] {dag.py:3036} INFO - Sync 1 DAGs
[2026-04-21T07:02:10.711+0000] {logging_mixin.py:188} INFO - [2026-04-21T07:02:10.711+0000] {dag.py:3823} INFO - Setting next_dagrun for daily_student_pipeline to 2026-04-21 02:00:00+00:00, run_after=2026-04-22 02:00:00+00:00
[2026-04-21T07:02:10.732+0000] {processor.py:183} INFO - Processing /opt/airflow/dags/daily_student_pipeline.py took 0.094 seconds
[2026-04-21T07:02:43.663+0000] {processor.py:161} INFO - Started process (PID=4058) to work on /opt/airflow/dags/daily_student_pipeline.py
[2026-04-21T07:02:43.664+0000] {processor.py:830} INFO - Processing file /opt/airflow/dags/daily_student_pipeline.py for tasks to queue
[2026-04-21T07:02:43.665+0000] {logging_mixin.py:188} INFO - [2026-04-21T07:02:43.664+0000] {dagbag.py:538} INFO - Filling up the DagBag from /opt/airflow/dags/daily_student_pipeline.py
[2026-04-21T07:02:43.681+0000] {processor.py:840} INFO - DAG(s) 'daily_student_pipeline' retrieved from /opt/airflow/dags/daily_student_pipeline.py
[2026-04-21T07:02:43.708+0000] {logging_mixin.py:188} INFO - [2026-04-21T07:02:43.708+0000] {dag.py:3036} INFO - Sync 1 DAGs
[2026-04-21T07:02:43.730+0000] {logging_mixin.py:188} INFO - [2026-04-21T07:02:43.729+0000] {dag.py:3823} INFO - Setting next_dagrun for daily_student_pipeline to 2026-04-21 02:00:00+00:00, run_after=2026-04-22 02:00:00+00:00
[2026-04-21T07:02:43.753+0000] {processor.py:183} INFO - Processing /opt/airflow/dags/daily_student_pipeline.py took 0.092 seconds
[2026-04-21T07:03:16.774+0000] {processor.py:161} INFO - Started process (PID=4081) to work on /opt/airflow/dags/daily_student_pipeline.py
[2026-04-21T07:03:16.775+0000] {processor.py:830} INFO - Processing file /opt/airflow/dags/daily_student_pipeline.py for tasks to queue
[2026-04-21T07:03:16.777+0000] {logging_mixin.py:188} INFO - [2026-04-21T07:03:16.776+0000] {dagbag.py:538} INFO - Filling up the DagBag from /opt/airflow/dags/daily_student_pipeline.py
[2026-04-21T07:03:16.796+0000] {processor.py:840} INFO - DAG(s) 'daily_student_pipeline' retrieved from /opt/airflow/dags/daily_student_pipeline.py
[2026-04-21T07:03:16.823+0000] {logging_mixin.py:188} INFO - [2026-04-21T07:03:16.823+0000] {dag.py:3036} INFO - Sync 1 DAGs
[2026-04-21T07:03:16.846+0000] {logging_mixin.py:188} INFO - [2026-04-21T07:03:16.846+0000] {dag.py:3823} INFO - Setting next_dagrun for daily_student_pipeline to 2026-04-21 02:00:00+00:00, run_after=2026-04-22 02:00:00+00:00
[2026-04-21T07:03:16.866+0000] {processor.py:183} INFO - Processing /opt/airflow/dags/daily_student_pipeline.py took 0.095 seconds
[2026-04-21T07:03:48.821+0000] {processor.py:161} INFO - Started process (PID=4096) to work on /opt/airflow/dags/daily_student_pipeline.py
[2026-04-21T07:03:48.822+0000] {processor.py:830} INFO - Processing file /opt/airflow/dags/daily_student_pipeline.py for tasks to queue
[2026-04-21T07:03:48.823+0000] {logging_mixin.py:188} INFO - [2026-04-21T07:03:48.822+0000] {dagbag.py:538} INFO - Filling up the DagBag from /opt/airflow/dags/daily_student_pipeline.py
[2026-04-21T07:03:48.841+0000] {processor.py:840} INFO - DAG(s) 'daily_student_pipeline' retrieved from /opt/airflow/dags/daily_student_pipeline.py
[2026-04-21T07:03:48.867+0000] {logging_mixin.py:188} INFO - [2026-04-21T07:03:48.867+0000] {dag.py:3036} INFO - Sync 1 DAGs
[2026-04-21T07:03:48.888+0000] {logging_mixin.py:188} INFO - [2026-04-21T07:03:48.888+0000] {dag.py:3823} INFO - Setting next_dagrun for daily_student_pipeline to 2026-04-21 02:00:00+00:00, run_after=2026-04-22 02:00:00+00:00
[2026-04-21T07:03:48.909+0000] {processor.py:183} INFO - Processing /opt/airflow/dags/daily_student_pipeline.py took 0.091 seconds
[2026-04-21T07:04:21.911+0000] {processor.py:161} INFO - Started process (PID=4119) to work on /opt/airflow/dags/daily_student_pipeline.py
[2026-04-21T07:04:21.912+0000] {processor.py:830} INFO - Processing file /opt/airflow/dags/daily_student_pipeline.py for tasks to queue
[2026-04-21T07:04:21.912+0000] {logging_mixin.py:188} INFO - [2026-04-21T07:04:21.912+0000] {dagbag.py:538} INFO - Filling up the DagBag from /opt/airflow/dags/daily_student_pipeline.py
[2026-04-21T07:04:21.936+0000] {processor.py:840} INFO - DAG(s) 'daily_student_pipeline' retrieved from /opt/airflow/dags/daily_student_pipeline.py
[2026-04-21T07:04:21.968+0000] {logging_mixin.py:188} INFO - [2026-04-21T07:04:21.968+0000] {dag.py:3036} INFO - Sync 1 DAGs
[2026-04-21T07:04:21.991+0000] {logging_mixin.py:188} INFO - [2026-04-21T07:04:21.991+0000] {dag.py:3823} INFO - Setting next_dagrun for daily_student_pipeline to 2026-04-21 02:00:00+00:00, run_after=2026-04-22 02:00:00+00:00
[2026-04-21T07:04:22.011+0000] {processor.py:183} INFO - Processing /opt/airflow/dags/daily_student_pipeline.py took 0.103 seconds
[2026-04-21T07:04:54.067+0000] {processor.py:161} INFO - Started process (PID=4142) to work on /opt/airflow/dags/daily_student_pipeline.py
[2026-04-21T07:04:54.068+0000] {processor.py:830} INFO - Processing file /opt/airflow/dags/daily_student_pipeline.py for tasks to queue
[2026-04-21T07:04:54.069+0000] {logging_mixin.py:188} INFO - [2026-04-21T07:04:54.069+0000] {dagbag.py:538} INFO - Filling up the DagBag from /opt/airflow/dags/daily_student_pipeline.py
[2026-04-21T07:04:54.088+0000] {processor.py:840} INFO - DAG(s) 'daily_student_pipeline' retrieved from /opt/airflow/dags/daily_student_pipeline.py
[2026-04-21T07:04:54.115+0000] {logging_mixin.py:188} INFO - [2026-04-21T07:04:54.114+0000] {dag.py:3036} INFO - Sync 1 DAGs
[2026-04-21T07:04:54.137+0000] {logging_mixin.py:188} INFO - [2026-04-21T07:04:54.137+0000] {dag.py:3823} INFO - Setting next_dagrun for daily_student_pipeline to 2026-04-21 02:00:00+00:00, run_after=2026-04-22 02:00:00+00:00
[2026-04-21T07:04:54.158+0000] {processor.py:183} INFO - Processing /opt/airflow/dags/daily_student_pipeline.py took 0.093 seconds
[2026-04-21T07:05:27.155+0000] {processor.py:161} INFO - Started process (PID=4165) to work on /opt/airflow/dags/daily_student_pipeline.py
[2026-04-21T07:05:27.156+0000] {processor.py:830} INFO - Processing file /opt/airflow/dags/daily_student_pipeline.py for tasks to queue
[2026-04-21T07:05:27.157+0000] {logging_mixin.py:188} INFO - [2026-04-21T07:05:27.156+0000] {dagbag.py:538} INFO - Filling up the DagBag from /opt/airflow/dags/daily_student_pipeline.py
[2026-04-21T07:05:27.176+0000] {processor.py:840} INFO - DAG(s) 'daily_student_pipeline' retrieved from /opt/airflow/dags/daily_student_pipeline.py
[2026-04-21T07:05:27.202+0000] {logging_mixin.py:188} INFO - [2026-04-21T07:05:27.202+0000] {dag.py:3036} INFO - Sync 1 DAGs
[2026-04-21T07:05:27.223+0000] {logging_mixin.py:188} INFO - [2026-04-21T07:05:27.223+0000] {dag.py:3823} INFO - Setting next_dagrun for daily_student_pipeline to 2026-04-21 02:00:00+00:00, run_after=2026-04-22 02:00:00+00:00
[2026-04-21T07:05:27.243+0000] {processor.py:183} INFO - Processing /opt/airflow/dags/daily_student_pipeline.py took 0.091 seconds
[2026-04-21T07:06:00.197+0000] {processor.py:161} INFO - Started process (PID=4188) to work on /opt/airflow/dags/daily_student_pipeline.py
[2026-04-21T07:06:00.198+0000] {processor.py:830} INFO - Processing file /opt/airflow/dags/daily_student_pipeline.py for tasks to queue
[2026-04-21T07:06:00.199+0000] {logging_mixin.py:188} INFO - [2026-04-21T07:06:00.199+0000] {dagbag.py:538} INFO - Filling up the DagBag from /opt/airflow/dags/daily_student_pipeline.py
[2026-04-21T07:06:00.217+0000] {processor.py:840} INFO - DAG(s) 'daily_student_pipeline' retrieved from /opt/airflow/dags/daily_student_pipeline.py
[2026-04-21T07:06:00.244+0000] {logging_mixin.py:188} INFO - [2026-04-21T07:06:00.244+0000] {dag.py:3036} INFO - Sync 1 DAGs
[2026-04-21T07:06:00.265+0000] {logging_mixin.py:188} INFO - [2026-04-21T07:06:00.265+0000] {dag.py:3823} INFO - Setting next_dagrun for daily_student_pipeline to 2026-04-21 02:00:00+00:00, run_after=2026-04-22 02:00:00+00:00
[2026-04-21T07:06:00.287+0000] {processor.py:183} INFO - Processing /opt/airflow/dags/daily_student_pipeline.py took 0.093 seconds
[2026-04-21T07:06:32.248+0000] {processor.py:161} INFO - Started process (PID=4211) to work on /opt/airflow/dags/daily_student_pipeline.py
[2026-04-21T07:06:32.249+0000] {processor.py:830} INFO - Processing file /opt/airflow/dags/daily_student_pipeline.py for tasks to queue
[2026-04-21T07:06:32.250+0000] {logging_mixin.py:188} INFO - [2026-04-21T07:06:32.250+0000] {dagbag.py:538} INFO - Filling up the DagBag from /opt/airflow/dags/daily_student_pipeline.py
[2026-04-21T07:06:32.268+0000] {processor.py:840} INFO - DAG(s) 'daily_student_pipeline' retrieved from /opt/airflow/dags/daily_student_pipeline.py
[2026-04-21T07:06:32.317+0000] {logging_mixin.py:188} INFO - [2026-04-21T07:06:32.316+0000] {dag.py:3036} INFO - Sync 1 DAGs
[2026-04-21T07:06:32.348+0000] {logging_mixin.py:188} INFO - [2026-04-21T07:06:32.348+0000] {dag.py:3823} INFO - Setting next_dagrun for daily_student_pipeline to 2026-04-21 02:00:00+00:00, run_after=2026-04-22 02:00:00+00:00
[2026-04-21T07:06:32.370+0000] {processor.py:183} INFO - Processing /opt/airflow/dags/daily_student_pipeline.py took 0.125 seconds
[2026-04-21T07:07:05.361+0000] {processor.py:161} INFO - Started process (PID=4234) to work on /opt/airflow/dags/daily_student_pipeline.py
[2026-04-21T07:07:05.362+0000] {processor.py:830} INFO - Processing file /opt/airflow/dags/daily_student_pipeline.py for tasks to queue
[2026-04-21T07:07:05.363+0000] {logging_mixin.py:188} INFO - [2026-04-21T07:07:05.363+0000] {dagbag.py:538} INFO - Filling up the DagBag from /opt/airflow/dags/daily_student_pipeline.py
[2026-04-21T07:07:05.401+0000] {processor.py:840} INFO - DAG(s) 'daily_student_pipeline' retrieved from /opt/airflow/dags/daily_student_pipeline.py
[2026-04-21T07:07:05.436+0000] {logging_mixin.py:188} INFO - [2026-04-21T07:07:05.436+0000] {dag.py:3036} INFO - Sync 1 DAGs
[2026-04-21T07:07:05.470+0000] {logging_mixin.py:188} INFO - [2026-04-21T07:07:05.470+0000] {dag.py:3823} INFO - Setting next_dagrun for daily_student_pipeline to 2026-04-21 02:00:00+00:00, run_after=2026-04-22 02:00:00+00:00
[2026-04-21T07:07:05.500+0000] {processor.py:183} INFO - Processing /opt/airflow/dags/daily_student_pipeline.py took 0.141 seconds
[2026-04-21T07:07:38.488+0000] {processor.py:161} INFO - Started process (PID=4257) to work on /opt/airflow/dags/daily_student_pipeline.py
[2026-04-21T07:07:38.489+0000] {processor.py:830} INFO - Processing file /opt/airflow/dags/daily_student_pipeline.py for tasks to queue
[2026-04-21T07:07:38.490+0000] {logging_mixin.py:188} INFO - [2026-04-21T07:07:38.490+0000] {dagbag.py:538} INFO - Filling up the DagBag from /opt/airflow/dags/daily_student_pipeline.py
[2026-04-21T07:07:38.511+0000] {processor.py:840} INFO - DAG(s) 'daily_student_pipeline' retrieved from /opt/airflow/dags/daily_student_pipeline.py
[2026-04-21T07:07:38.541+0000] {logging_mixin.py:188} INFO - [2026-04-21T07:07:38.541+0000] {dag.py:3036} INFO - Sync 1 DAGs
[2026-04-21T07:07:38.568+0000] {logging_mixin.py:188} INFO - [2026-04-21T07:07:38.568+0000] {dag.py:3823} INFO - Setting next_dagrun for daily_student_pipeline to 2026-04-21 02:00:00+00:00, run_after=2026-04-22 02:00:00+00:00
[2026-04-21T07:07:38.590+0000] {processor.py:183} INFO - Processing /opt/airflow/dags/daily_student_pipeline.py took 0.105 seconds
[2026-04-21T07:08:10.539+0000] {processor.py:161} INFO - Started process (PID=4280) to work on /opt/airflow/dags/daily_student_pipeline.py
[2026-04-21T07:08:10.540+0000] {processor.py:830} INFO - Processing file /opt/airflow/dags/daily_student_pipeline.py for tasks to queue
[2026-04-21T07:08:10.540+0000] {logging_mixin.py:188} INFO - [2026-04-21T07:08:10.540+0000] {dagbag.py:538} INFO - Filling up the DagBag from /opt/airflow/dags/daily_student_pipeline.py
[2026-04-21T07:08:10.562+0000] {processor.py:840} INFO - DAG(s) 'daily_student_pipeline' retrieved from /opt/airflow/dags/daily_student_pipeline.py
[2026-04-21T07:08:10.592+0000] {logging_mixin.py:188} INFO - [2026-04-21T07:08:10.592+0000] {dag.py:3036} INFO - Sync 1 DAGs
[2026-04-21T07:08:10.616+0000] {logging_mixin.py:188} INFO - [2026-04-21T07:08:10.616+0000] {dag.py:3823} INFO - Setting next_dagrun for daily_student_pipeline to 2026-04-21 02:00:00+00:00, run_after=2026-04-22 02:00:00+00:00
[2026-04-21T07:08:10.641+0000] {processor.py:183} INFO - Processing /opt/airflow/dags/daily_student_pipeline.py took 0.105 seconds
[2026-04-21T07:08:43.574+0000] {processor.py:161} INFO - Started process (PID=4303) to work on /opt/airflow/dags/daily_student_pipeline.py
[2026-04-21T07:08:43.575+0000] {processor.py:830} INFO - Processing file /opt/airflow/dags/daily_student_pipeline.py for tasks to queue
[2026-04-21T07:08:43.576+0000] {logging_mixin.py:188} INFO - [2026-04-21T07:08:43.576+0000] {dagbag.py:538} INFO - Filling up the DagBag from /opt/airflow/dags/daily_student_pipeline.py
[2026-04-21T07:08:43.594+0000] {processor.py:840} INFO - DAG(s) 'daily_student_pipeline' retrieved from /opt/airflow/dags/daily_student_pipeline.py
[2026-04-21T07:08:43.622+0000] {logging_mixin.py:188} INFO - [2026-04-21T07:08:43.622+0000] {dag.py:3036} INFO - Sync 1 DAGs
[2026-04-21T07:08:43.645+0000] {logging_mixin.py:188} INFO - [2026-04-21T07:08:43.645+0000] {dag.py:3823} INFO - Setting next_dagrun for daily_student_pipeline to 2026-04-21 02:00:00+00:00, run_after=2026-04-22 02:00:00+00:00
[2026-04-21T07:08:43.667+0000] {processor.py:183} INFO - Processing /opt/airflow/dags/daily_student_pipeline.py took 0.095 seconds
[2026-04-21T07:09:16.755+0000] {processor.py:161} INFO - Started process (PID=4326) to work on /opt/airflow/dags/daily_student_pipeline.py
[2026-04-21T07:09:16.756+0000] {processor.py:830} INFO - Processing file /opt/airflow/dags/daily_student_pipeline.py for tasks to queue
[2026-04-21T07:09:16.756+0000] {logging_mixin.py:188} INFO - [2026-04-21T07:09:16.756+0000] {dagbag.py:538} INFO - Filling up the DagBag from /opt/airflow/dags/daily_student_pipeline.py
[2026-04-21T07:09:16.774+0000] {processor.py:840} INFO - DAG(s) 'daily_student_pipeline' retrieved from /opt/airflow/dags/daily_student_pipeline.py
[2026-04-21T07:09:16.799+0000] {logging_mixin.py:188} INFO - [2026-04-21T07:09:16.799+0000] {dag.py:3036} INFO - Sync 1 DAGs
[2026-04-21T07:09:16.820+0000] {logging_mixin.py:188} INFO - [2026-04-21T07:09:16.820+0000] {dag.py:3823} INFO - Setting next_dagrun for daily_student_pipeline to 2026-04-21 02:00:00+00:00, run_after=2026-04-22 02:00:00+00:00
[2026-04-21T07:09:16.841+0000] {processor.py:183} INFO - Processing /opt/airflow/dags/daily_student_pipeline.py took 0.089 seconds
[2026-04-21T07:09:48.798+0000] {processor.py:161} INFO - Started process (PID=4349) to work on /opt/airflow/dags/daily_student_pipeline.py
[2026-04-21T07:09:48.800+0000] {processor.py:830} INFO - Processing file /opt/airflow/dags/daily_student_pipeline.py for tasks to queue
[2026-04-21T07:09:48.801+0000] {logging_mixin.py:188} INFO - [2026-04-21T07:09:48.800+0000] {dagbag.py:538} INFO - Filling up the DagBag from /opt/airflow/dags/daily_student_pipeline.py
[2026-04-21T07:09:48.819+0000] {processor.py:840} INFO - DAG(s) 'daily_student_pipeline' retrieved from /opt/airflow/dags/daily_student_pipeline.py
[2026-04-21T07:09:48.845+0000] {logging_mixin.py:188} INFO - [2026-04-21T07:09:48.845+0000] {dag.py:3036} INFO - Sync 1 DAGs
[2026-04-21T07:09:48.867+0000] {logging_mixin.py:188} INFO - [2026-04-21T07:09:48.867+0000] {dag.py:3823} INFO - Setting next_dagrun for daily_student_pipeline to 2026-04-21 02:00:00+00:00, run_after=2026-04-22 02:00:00+00:00
[2026-04-21T07:09:48.887+0000] {processor.py:183} INFO - Processing /opt/airflow/dags/daily_student_pipeline.py took 0.091 seconds
[2026-04-21T07:10:21.940+0000] {processor.py:161} INFO - Started process (PID=4372) to work on /opt/airflow/dags/daily_student_pipeline.py
[2026-04-21T07:10:21.941+0000] {processor.py:830} INFO - Processing file /opt/airflow/dags/daily_student_pipeline.py for tasks to queue
[2026-04-21T07:10:21.942+0000] {logging_mixin.py:188} INFO - [2026-04-21T07:10:21.942+0000] {dagbag.py:538} INFO - Filling up the DagBag from /opt/airflow/dags/daily_student_pipeline.py
[2026-04-21T07:10:21.958+0000] {processor.py:840} INFO - DAG(s) 'daily_student_pipeline' retrieved from /opt/airflow/dags/daily_student_pipeline.py
[2026-04-21T07:10:21.984+0000] {logging_mixin.py:188} INFO - [2026-04-21T07:10:21.984+0000] {dag.py:3036} INFO - Sync 1 DAGs
[2026-04-21T07:10:22.008+0000] {logging_mixin.py:188} INFO - [2026-04-21T07:10:22.007+0000] {dag.py:3823} INFO - Setting next_dagrun for daily_student_pipeline to 2026-04-21 02:00:00+00:00, run_after=2026-04-22 02:00:00+00:00
[2026-04-21T07:10:22.031+0000] {processor.py:183} INFO - Processing /opt/airflow/dags/daily_student_pipeline.py took 0.093 seconds
[2026-04-21T07:10:54.994+0000] {processor.py:161} INFO - Started process (PID=4395) to work on /opt/airflow/dags/daily_student_pipeline.py
[2026-04-21T07:10:54.996+0000] {processor.py:830} INFO - Processing file /opt/airflow/dags/daily_student_pipeline.py for tasks to queue
[2026-04-21T07:10:54.996+0000] {logging_mixin.py:188} INFO - [2026-04-21T07:10:54.996+0000] {dagbag.py:538} INFO - Filling up the DagBag from /opt/airflow/dags/daily_student_pipeline.py
[2026-04-21T07:10:55.015+0000] {processor.py:840} INFO - DAG(s) 'daily_student_pipeline' retrieved from /opt/airflow/dags/daily_student_pipeline.py
[2026-04-21T07:10:55.041+0000] {logging_mixin.py:188} INFO - [2026-04-21T07:10:55.040+0000] {dag.py:3036} INFO - Sync 1 DAGs
[2026-04-21T07:10:55.062+0000] {logging_mixin.py:188} INFO - [2026-04-21T07:10:55.062+0000] {dag.py:3823} INFO - Setting next_dagrun for daily_student_pipeline to 2026-04-21 02:00:00+00:00, run_after=2026-04-22 02:00:00+00:00
[2026-04-21T07:10:55.082+0000] {processor.py:183} INFO - Processing /opt/airflow/dags/daily_student_pipeline.py took 0.090 seconds
[2026-04-21T07:11:27.076+0000] {processor.py:161} INFO - Started process (PID=4418) to work on /opt/airflow/dags/daily_student_pipeline.py
[2026-04-21T07:11:27.077+0000] {processor.py:830} INFO - Processing file /opt/airflow/dags/daily_student_pipeline.py for tasks to queue
[2026-04-21T07:11:27.078+0000] {logging_mixin.py:188} INFO - [2026-04-21T07:11:27.078+0000] {dagbag.py:538} INFO - Filling up the DagBag from /opt/airflow/dags/daily_student_pipeline.py
[2026-04-21T07:11:27.095+0000] {processor.py:840} INFO - DAG(s) 'daily_student_pipeline' retrieved from /opt/airflow/dags/daily_student_pipeline.py
[2026-04-21T07:11:27.122+0000] {logging_mixin.py:188} INFO - [2026-04-21T07:11:27.122+0000] {dag.py:3036} INFO - Sync 1 DAGs
[2026-04-21T07:11:27.145+0000] {logging_mixin.py:188} INFO - [2026-04-21T07:11:27.145+0000] {dag.py:3823} INFO - Setting next_dagrun for daily_student_pipeline to 2026-04-21 02:00:00+00:00, run_after=2026-04-22 02:00:00+00:00
[2026-04-21T07:11:27.165+0000] {processor.py:183} INFO - Processing /opt/airflow/dags/daily_student_pipeline.py took 0.092 seconds
[2026-04-21T07:11:57.775+0000] {processor.py:161} INFO - Started process (PID=4440) to work on /opt/airflow/dags/daily_student_pipeline.py
[2026-04-21T07:11:57.776+0000] {processor.py:830} INFO - Processing file /opt/airflow/dags/daily_student_pipeline.py for tasks to queue
[2026-04-21T07:11:57.777+0000] {logging_mixin.py:188} INFO - [2026-04-21T07:11:57.776+0000] {dagbag.py:538} INFO - Filling up the DagBag from /opt/airflow/dags/daily_student_pipeline.py
[2026-04-21T07:11:57.800+0000] {processor.py:840} INFO - DAG(s) 'daily_student_pipeline' retrieved from /opt/airflow/dags/daily_student_pipeline.py
[2026-04-21T07:11:57.826+0000] {logging_mixin.py:188} INFO - [2026-04-21T07:11:57.825+0000] {dag.py:3036} INFO - Sync 1 DAGs
[2026-04-21T07:11:57.845+0000] {logging_mixin.py:188} INFO - [2026-04-21T07:11:57.845+0000] {dag.py:3823} INFO - Setting next_dagrun for daily_student_pipeline to 2026-04-21 02:00:00+00:00, run_after=2026-04-22 02:00:00+00:00
[2026-04-21T07:11:57.865+0000] {processor.py:183} INFO - Processing /opt/airflow/dags/daily_student_pipeline.py took 0.092 seconds
[2026-04-21T07:12:31.940+0000] {processor.py:161} INFO - Started process (PID=4463) to work on /opt/airflow/dags/daily_student_pipeline.py
[2026-04-21T07:12:31.942+0000] {processor.py:830} INFO - Processing file /opt/airflow/dags/daily_student_pipeline.py for tasks to queue
[2026-04-21T07:12:31.944+0000] {logging_mixin.py:188} INFO - [2026-04-21T07:12:31.943+0000] {dagbag.py:538} INFO - Filling up the DagBag from /opt/airflow/dags/daily_student_pipeline.py
[2026-04-21T07:12:31.979+0000] {processor.py:840} INFO - DAG(s) 'daily_student_pipeline' retrieved from /opt/airflow/dags/daily_student_pipeline.py
[2026-04-21T07:12:32.013+0000] {logging_mixin.py:188} INFO - [2026-04-21T07:12:32.013+0000] {dag.py:3036} INFO - Sync 1 DAGs
[2026-04-21T07:12:32.039+0000] {logging_mixin.py:188} INFO - [2026-04-21T07:12:32.038+0000] {dag.py:3823} INFO - Setting next_dagrun for daily_student_pipeline to 2026-04-21 02:00:00+00:00, run_after=2026-04-22 02:00:00+00:00
[2026-04-21T07:12:32.058+0000] {processor.py:183} INFO - Processing /opt/airflow/dags/daily_student_pipeline.py took 0.122 seconds
[2026-04-21T07:13:03.029+0000] {processor.py:161} INFO - Started process (PID=4486) to work on /opt/airflow/dags/daily_student_pipeline.py
[2026-04-21T07:13:03.030+0000] {processor.py:830} INFO - Processing file /opt/airflow/dags/daily_student_pipeline.py for tasks to queue
[2026-04-21T07:13:03.031+0000] {logging_mixin.py:188} INFO - [2026-04-21T07:13:03.031+0000] {dagbag.py:538} INFO - Filling up the DagBag from /opt/airflow/dags/daily_student_pipeline.py
[2026-04-21T07:13:03.063+0000] {processor.py:840} INFO - DAG(s) 'daily_student_pipeline' retrieved from /opt/airflow/dags/daily_student_pipeline.py
[2026-04-21T07:13:03.092+0000] {logging_mixin.py:188} INFO - [2026-04-21T07:13:03.091+0000] {dag.py:3036} INFO - Sync 1 DAGs
[2026-04-21T07:13:03.115+0000] {logging_mixin.py:188} INFO - [2026-04-21T07:13:03.115+0000] {dag.py:3823} INFO - Setting next_dagrun for daily_student_pipeline to 2026-04-21 02:00:00+00:00, run_after=2026-04-22 02:00:00+00:00
[2026-04-21T07:13:03.136+0000] {processor.py:183} INFO - Processing /opt/airflow/dags/daily_student_pipeline.py took 0.111 seconds
[2026-04-21T07:13:34.000+0000] {processor.py:161} INFO - Started process (PID=4501) to work on /opt/airflow/dags/daily_student_pipeline.py
[2026-04-21T07:13:34.001+0000] {processor.py:830} INFO - Processing file /opt/airflow/dags/daily_student_pipeline.py for tasks to queue
[2026-04-21T07:13:34.002+0000] {logging_mixin.py:188} INFO - [2026-04-21T07:13:34.001+0000] {dagbag.py:538} INFO - Filling up the DagBag from /opt/airflow/dags/daily_student_pipeline.py
[2026-04-21T07:13:34.022+0000] {processor.py:840} INFO - DAG(s) 'daily_student_pipeline' retrieved from /opt/airflow/dags/daily_student_pipeline.py
[2026-04-21T07:13:34.049+0000] {logging_mixin.py:188} INFO - [2026-04-21T07:13:34.049+0000] {dag.py:3036} INFO - Sync 1 DAGs
[2026-04-21T07:13:34.071+0000] {logging_mixin.py:188} INFO - [2026-04-21T07:13:34.071+0000] {dag.py:3823} INFO - Setting next_dagrun for daily_student_pipeline to 2026-04-21 02:00:00+00:00, run_after=2026-04-22 02:00:00+00:00
[2026-04-21T07:13:34.089+0000] {processor.py:183} INFO - Processing /opt/airflow/dags/daily_student_pipeline.py took 0.092 seconds
[2026-04-21T13:26:05.786+0000] {processor.py:161} INFO - Started process (PID=186) to work on /opt/airflow/dags/daily_student_pipeline.py
[2026-04-21T13:26:05.789+0000] {processor.py:830} INFO - Processing file /opt/airflow/dags/daily_student_pipeline.py for tasks to queue
[2026-04-21T13:26:05.792+0000] {logging_mixin.py:188} INFO - [2026-04-21T13:26:05.790+0000] {dagbag.py:538} INFO - Filling up the DagBag from /opt/airflow/dags/daily_student_pipeline.py
[2026-04-21T13:26:05.878+0000] {processor.py:840} INFO - DAG(s) 'daily_student_pipeline' retrieved from /opt/airflow/dags/daily_student_pipeline.py
[2026-04-21T13:26:05.957+0000] {logging_mixin.py:188} INFO - [2026-04-21T13:26:05.957+0000] {dag.py:3036} INFO - Sync 1 DAGs
[2026-04-21T13:26:06.002+0000] {logging_mixin.py:188} INFO - [2026-04-21T13:26:06.001+0000] {dag.py:3823} INFO - Setting next_dagrun for daily_student_pipeline to 2026-04-21 02:00:00+00:00, run_after=2026-04-22 02:00:00+00:00
[2026-04-21T13:26:06.050+0000] {processor.py:183} INFO - Processing /opt/airflow/dags/daily_student_pipeline.py took 0.268 seconds
[2026-04-21T13:26:36.265+0000] {processor.py:161} INFO - Started process (PID=209) to work on /opt/airflow/dags/daily_student_pipeline.py
[2026-04-21T13:26:36.272+0000] {processor.py:830} INFO - Processing file /opt/airflow/dags/daily_student_pipeline.py for tasks to queue
[2026-04-21T13:26:36.273+0000] {logging_mixin.py:188} INFO - [2026-04-21T13:26:36.273+0000] {dagbag.py:538} INFO - Filling up the DagBag from /opt/airflow/dags/daily_student_pipeline.py
[2026-04-21T13:26:36.293+0000] {processor.py:840} INFO - DAG(s) 'daily_student_pipeline' retrieved from /opt/airflow/dags/daily_student_pipeline.py
[2026-04-21T13:26:36.310+0000] {logging_mixin.py:188} INFO - [2026-04-21T13:26:36.310+0000] {dag.py:3036} INFO - Sync 1 DAGs
[2026-04-21T13:26:36.334+0000] {logging_mixin.py:188} INFO - [2026-04-21T13:26:36.334+0000] {dag.py:3823} INFO - Setting next_dagrun for daily_student_pipeline to 2026-04-21 02:00:00+00:00, run_after=2026-04-22 02:00:00+00:00
[2026-04-21T13:26:36.355+0000] {processor.py:183} INFO - Processing /opt/airflow/dags/daily_student_pipeline.py took 0.093 seconds
[2026-04-21T13:27:07.236+0000] {processor.py:161} INFO - Started process (PID=232) to work on /opt/airflow/dags/daily_student_pipeline.py
[2026-04-21T13:27:07.237+0000] {processor.py:830} INFO - Processing file /opt/airflow/dags/daily_student_pipeline.py for tasks to queue
[2026-04-21T13:27:07.238+0000] {logging_mixin.py:188} INFO - [2026-04-21T13:27:07.238+0000] {dagbag.py:538} INFO - Filling up the DagBag from /opt/airflow/dags/daily_student_pipeline.py
[2026-04-21T13:27:07.260+0000] {processor.py:840} INFO - DAG(s) 'daily_student_pipeline' retrieved from /opt/airflow/dags/daily_student_pipeline.py
[2026-04-21T13:27:07.392+0000] {logging_mixin.py:188} INFO - [2026-04-21T13:27:07.392+0000] {dag.py:3036} INFO - Sync 1 DAGs
[2026-04-21T13:27:07.421+0000] {logging_mixin.py:188} INFO - [2026-04-21T13:27:07.420+0000] {dag.py:3823} INFO - Setting next_dagrun for daily_student_pipeline to 2026-04-21 02:00:00+00:00, run_after=2026-04-22 02:00:00+00:00
[2026-04-21T13:27:07.442+0000] {processor.py:183} INFO - Processing /opt/airflow/dags/daily_student_pipeline.py took 0.210 seconds
[2026-04-21T13:27:37.568+0000] {processor.py:161} INFO - Started process (PID=255) to work on /opt/airflow/dags/daily_student_pipeline.py
[2026-04-21T13:27:37.569+0000] {processor.py:830} INFO - Processing file /opt/airflow/dags/daily_student_pipeline.py for tasks to queue
[2026-04-21T13:27:37.571+0000] {logging_mixin.py:188} INFO - [2026-04-21T13:27:37.570+0000] {dagbag.py:538} INFO - Filling up the DagBag from /opt/airflow/dags/daily_student_pipeline.py
[2026-04-21T13:27:37.595+0000] {processor.py:840} INFO - DAG(s) 'daily_student_pipeline' retrieved from /opt/airflow/dags/daily_student_pipeline.py
[2026-04-21T13:27:37.628+0000] {logging_mixin.py:188} INFO - [2026-04-21T13:27:37.628+0000] {dag.py:3036} INFO - Sync 1 DAGs
[2026-04-21T13:27:37.657+0000] {logging_mixin.py:188} INFO - [2026-04-21T13:27:37.657+0000] {dag.py:3823} INFO - Setting next_dagrun for daily_student_pipeline to 2026-04-21 02:00:00+00:00, run_after=2026-04-22 02:00:00+00:00
[2026-04-21T13:27:37.685+0000] {processor.py:183} INFO - Processing /opt/airflow/dags/daily_student_pipeline.py took 0.121 seconds
[2026-04-21T13:28:08.397+0000] {processor.py:161} INFO - Started process (PID=278) to work on /opt/airflow/dags/daily_student_pipeline.py
[2026-04-21T13:28:08.398+0000] {processor.py:830} INFO - Processing file /opt/airflow/dags/daily_student_pipeline.py for tasks to queue
[2026-04-21T13:28:08.399+0000] {logging_mixin.py:188} INFO - [2026-04-21T13:28:08.399+0000] {dagbag.py:538} INFO - Filling up the DagBag from /opt/airflow/dags/daily_student_pipeline.py
[2026-04-21T13:28:08.418+0000] {processor.py:840} INFO - DAG(s) 'daily_student_pipeline' retrieved from /opt/airflow/dags/daily_student_pipeline.py
[2026-04-21T13:28:08.446+0000] {logging_mixin.py:188} INFO - [2026-04-21T13:28:08.446+0000] {dag.py:3036} INFO - Sync 1 DAGs
[2026-04-21T13:28:08.468+0000] {logging_mixin.py:188} INFO - [2026-04-21T13:28:08.467+0000] {dag.py:3823} INFO - Setting next_dagrun for daily_student_pipeline to 2026-04-21 02:00:00+00:00, run_after=2026-04-22 02:00:00+00:00
[2026-04-21T13:28:08.487+0000] {processor.py:183} INFO - Processing /opt/airflow/dags/daily_student_pipeline.py took 0.093 seconds
[2026-04-21T13:28:38.702+0000] {processor.py:161} INFO - Started process (PID=301) to work on /opt/airflow/dags/daily_student_pipeline.py
[2026-04-21T13:28:38.706+0000] {processor.py:830} INFO - Processing file /opt/airflow/dags/daily_student_pipeline.py for tasks to queue
[2026-04-21T13:28:38.711+0000] {logging_mixin.py:188} INFO - [2026-04-21T13:28:38.710+0000] {dagbag.py:538} INFO - Filling up the DagBag from /opt/airflow/dags/daily_student_pipeline.py
[2026-04-21T13:28:38.770+0000] {processor.py:840} INFO - DAG(s) 'daily_student_pipeline' retrieved from /opt/airflow/dags/daily_student_pipeline.py
[2026-04-21T13:28:38.818+0000] {logging_mixin.py:188} INFO - [2026-04-21T13:28:38.818+0000] {dag.py:3036} INFO - Sync 1 DAGs
[2026-04-21T13:28:38.849+0000] {logging_mixin.py:188} INFO - [2026-04-21T13:28:38.848+0000] {dag.py:3823} INFO - Setting next_dagrun for daily_student_pipeline to 2026-04-21 02:00:00+00:00, run_after=2026-04-22 02:00:00+00:00
[2026-04-21T13:28:38.877+0000] {processor.py:183} INFO - Processing /opt/airflow/dags/daily_student_pipeline.py took 0.192 seconds
[2026-04-21T13:29:09.403+0000] {processor.py:161} INFO - Started process (PID=324) to work on /opt/airflow/dags/daily_student_pipeline.py
[2026-04-21T13:29:09.404+0000] {processor.py:830} INFO - Processing file /opt/airflow/dags/daily_student_pipeline.py for tasks to queue
[2026-04-21T13:29:09.405+0000] {logging_mixin.py:188} INFO - [2026-04-21T13:29:09.404+0000] {dagbag.py:538} INFO - Filling up the DagBag from /opt/airflow/dags/daily_student_pipeline.py
[2026-04-21T13:29:09.440+0000] {processor.py:840} INFO - DAG(s) 'daily_student_pipeline' retrieved from /opt/airflow/dags/daily_student_pipeline.py
[2026-04-21T13:29:09.483+0000] {logging_mixin.py:188} INFO - [2026-04-21T13:29:09.482+0000] {dag.py:3036} INFO - Sync 1 DAGs
[2026-04-21T13:29:09.508+0000] {logging_mixin.py:188} INFO - [2026-04-21T13:29:09.508+0000] {dag.py:3823} INFO - Setting next_dagrun for daily_student_pipeline to 2026-04-21 02:00:00+00:00, run_after=2026-04-22 02:00:00+00:00
[2026-04-21T13:29:09.532+0000] {processor.py:183} INFO - Processing /opt/airflow/dags/daily_student_pipeline.py took 0.132 seconds
[2026-04-21T13:29:39.924+0000] {processor.py:161} INFO - Started process (PID=347) to work on /opt/airflow/dags/daily_student_pipeline.py
[2026-04-21T13:29:39.927+0000] {processor.py:830} INFO - Processing file /opt/airflow/dags/daily_student_pipeline.py for tasks to queue
[2026-04-21T13:29:39.929+0000] {logging_mixin.py:188} INFO - [2026-04-21T13:29:39.928+0000] {dagbag.py:538} INFO - Filling up the DagBag from /opt/airflow/dags/daily_student_pipeline.py
[2026-04-21T13:29:39.965+0000] {processor.py:840} INFO - DAG(s) 'daily_student_pipeline' retrieved from /opt/airflow/dags/daily_student_pipeline.py
[2026-04-21T13:29:40.007+0000] {logging_mixin.py:188} INFO - [2026-04-21T13:29:40.006+0000] {dag.py:3036} INFO - Sync 1 DAGs
[2026-04-21T13:29:40.046+0000] {logging_mixin.py:188} INFO - [2026-04-21T13:29:40.046+0000] {dag.py:3823} INFO - Setting next_dagrun for daily_student_pipeline to 2026-04-21 02:00:00+00:00, run_after=2026-04-22 02:00:00+00:00
[2026-04-21T13:29:40.073+0000] {processor.py:183} INFO - Processing /opt/airflow/dags/daily_student_pipeline.py took 0.153 seconds
[2026-04-21T13:30:11.122+0000] {processor.py:161} INFO - Started process (PID=370) to work on /opt/airflow/dags/daily_student_pipeline.py
[2026-04-21T13:30:11.123+0000] {processor.py:830} INFO - Processing file /opt/airflow/dags/daily_student_pipeline.py for tasks to queue
[2026-04-21T13:30:11.124+0000] {logging_mixin.py:188} INFO - [2026-04-21T13:30:11.124+0000] {dagbag.py:538} INFO - Filling up the DagBag from /opt/airflow/dags/daily_student_pipeline.py
[2026-04-21T13:30:11.148+0000] {processor.py:840} INFO - DAG(s) 'daily_student_pipeline' retrieved from /opt/airflow/dags/daily_student_pipeline.py
[2026-04-21T13:30:11.175+0000] {logging_mixin.py:188} INFO - [2026-04-21T13:30:11.175+0000] {dag.py:3036} INFO - Sync 1 DAGs
[2026-04-21T13:30:11.194+0000] {logging_mixin.py:188} INFO - [2026-04-21T13:30:11.194+0000] {dag.py:3823} INFO - Setting next_dagrun for daily_student_pipeline to 2026-04-21 02:00:00+00:00, run_after=2026-04-22 02:00:00+00:00
[2026-04-21T13:30:11.212+0000] {processor.py:183} INFO - Processing /opt/airflow/dags/daily_student_pipeline.py took 0.092 seconds
[2026-04-21T13:30:44.212+0000] {processor.py:161} INFO - Started process (PID=393) to work on /opt/airflow/dags/daily_student_pipeline.py
[2026-04-21T13:30:44.213+0000] {processor.py:830} INFO - Processing file /opt/airflow/dags/daily_student_pipeline.py for tasks to queue
[2026-04-21T13:30:44.214+0000] {logging_mixin.py:188} INFO - [2026-04-21T13:30:44.214+0000] {dagbag.py:538} INFO - Filling up the DagBag from /opt/airflow/dags/daily_student_pipeline.py
[2026-04-21T13:30:44.245+0000] {processor.py:840} INFO - DAG(s) 'daily_student_pipeline' retrieved from /opt/airflow/dags/daily_student_pipeline.py
[2026-04-21T13:30:44.302+0000] {logging_mixin.py:188} INFO - [2026-04-21T13:30:44.301+0000] {dag.py:3036} INFO - Sync 1 DAGs
[2026-04-21T13:30:44.375+0000] {logging_mixin.py:188} INFO - [2026-04-21T13:30:44.375+0000] {dag.py:3823} INFO - Setting next_dagrun for daily_student_pipeline to 2026-04-21 02:00:00+00:00, run_after=2026-04-22 02:00:00+00:00
[2026-04-21T13:30:44.402+0000] {processor.py:183} INFO - Processing /opt/airflow/dags/daily_student_pipeline.py took 0.193 seconds
[2026-04-21T13:31:14.562+0000] {processor.py:161} INFO - Started process (PID=416) to work on /opt/airflow/dags/daily_student_pipeline.py
[2026-04-21T13:31:14.572+0000] {processor.py:830} INFO - Processing file /opt/airflow/dags/daily_student_pipeline.py for tasks to queue
[2026-04-21T13:31:14.574+0000] {logging_mixin.py:188} INFO - [2026-04-21T13:31:14.573+0000] {dagbag.py:538} INFO - Filling up the DagBag from /opt/airflow/dags/daily_student_pipeline.py
[2026-04-21T13:31:14.602+0000] {processor.py:840} INFO - DAG(s) 'daily_student_pipeline' retrieved from /opt/airflow/dags/daily_student_pipeline.py
[2026-04-21T13:31:14.636+0000] {logging_mixin.py:188} INFO - [2026-04-21T13:31:14.635+0000] {dag.py:3036} INFO - Sync 1 DAGs
[2026-04-21T13:31:14.707+0000] {logging_mixin.py:188} INFO - [2026-04-21T13:31:14.707+0000] {dag.py:3823} INFO - Setting next_dagrun for daily_student_pipeline to 2026-04-21 02:00:00+00:00, run_after=2026-04-22 02:00:00+00:00
[2026-04-21T13:31:14.735+0000] {processor.py:183} INFO - Processing /opt/airflow/dags/daily_student_pipeline.py took 0.176 seconds
[2026-04-21T13:31:45.262+0000] {processor.py:161} INFO - Started process (PID=431) to work on /opt/airflow/dags/daily_student_pipeline.py
[2026-04-21T13:31:45.263+0000] {processor.py:830} INFO - Processing file /opt/airflow/dags/daily_student_pipeline.py for tasks to queue
[2026-04-21T13:31:45.264+0000] {logging_mixin.py:188} INFO - [2026-04-21T13:31:45.264+0000] {dagbag.py:538} INFO - Filling up the DagBag from /opt/airflow/dags/daily_student_pipeline.py
[2026-04-21T13:31:45.284+0000] {processor.py:840} INFO - DAG(s) 'daily_student_pipeline' retrieved from /opt/airflow/dags/daily_student_pipeline.py
[2026-04-21T13:31:45.310+0000] {logging_mixin.py:188} INFO - [2026-04-21T13:31:45.309+0000] {dag.py:3036} INFO - Sync 1 DAGs
[2026-04-21T13:31:45.334+0000] {logging_mixin.py:188} INFO - [2026-04-21T13:31:45.334+0000] {dag.py:3823} INFO - Setting next_dagrun for daily_student_pipeline to 2026-04-21 02:00:00+00:00, run_after=2026-04-22 02:00:00+00:00
[2026-04-21T13:31:45.353+0000] {processor.py:183} INFO - Processing /opt/airflow/dags/daily_student_pipeline.py took 0.093 seconds
[2026-04-21T13:32:15.551+0000] {processor.py:161} INFO - Started process (PID=454) to work on /opt/airflow/dags/daily_student_pipeline.py
[2026-04-21T13:32:15.552+0000] {processor.py:830} INFO - Processing file /opt/airflow/dags/daily_student_pipeline.py for tasks to queue
[2026-04-21T13:32:15.553+0000] {logging_mixin.py:188} INFO - [2026-04-21T13:32:15.552+0000] {dagbag.py:538} INFO - Filling up the DagBag from /opt/airflow/dags/daily_student_pipeline.py
[2026-04-21T13:32:15.570+0000] {processor.py:840} INFO - DAG(s) 'daily_student_pipeline' retrieved from /opt/airflow/dags/daily_student_pipeline.py
[2026-04-21T13:32:15.603+0000] {logging_mixin.py:188} INFO - [2026-04-21T13:32:15.603+0000] {dag.py:3036} INFO - Sync 1 DAGs
[2026-04-21T13:32:15.627+0000] {logging_mixin.py:188} INFO - [2026-04-21T13:32:15.627+0000] {dag.py:3823} INFO - Setting next_dagrun for daily_student_pipeline to 2026-04-21 02:00:00+00:00, run_after=2026-04-22 02:00:00+00:00
[2026-04-21T13:32:15.649+0000] {processor.py:183} INFO - Processing /opt/airflow/dags/daily_student_pipeline.py took 0.102 seconds
[2026-04-21T13:32:46.486+0000] {processor.py:161} INFO - Started process (PID=477) to work on /opt/airflow/dags/daily_student_pipeline.py
[2026-04-21T13:32:46.487+0000] {processor.py:830} INFO - Processing file /opt/airflow/dags/daily_student_pipeline.py for tasks to queue
[2026-04-21T13:32:46.488+0000] {logging_mixin.py:188} INFO - [2026-04-21T13:32:46.488+0000] {dagbag.py:538} INFO - Filling up the DagBag from /opt/airflow/dags/daily_student_pipeline.py
[2026-04-21T13:32:46.509+0000] {processor.py:840} INFO - DAG(s) 'daily_student_pipeline' retrieved from /opt/airflow/dags/daily_student_pipeline.py
[2026-04-21T13:32:46.544+0000] {logging_mixin.py:188} INFO - [2026-04-21T13:32:46.543+0000] {dag.py:3036} INFO - Sync 1 DAGs
[2026-04-21T13:32:46.568+0000] {logging_mixin.py:188} INFO - [2026-04-21T13:32:46.568+0000] {dag.py:3823} INFO - Setting next_dagrun for daily_student_pipeline to 2026-04-21 02:00:00+00:00, run_after=2026-04-22 02:00:00+00:00
[2026-04-21T13:32:46.587+0000] {processor.py:183} INFO - Processing /opt/airflow/dags/daily_student_pipeline.py took 0.104 seconds
[2026-04-21T13:33:16.923+0000] {processor.py:161} INFO - Started process (PID=500) to work on /opt/airflow/dags/daily_student_pipeline.py
[2026-04-21T13:33:16.924+0000] {processor.py:830} INFO - Processing file /opt/airflow/dags/daily_student_pipeline.py for tasks to queue
[2026-04-21T13:33:16.925+0000] {logging_mixin.py:188} INFO - [2026-04-21T13:33:16.925+0000] {dagbag.py:538} INFO - Filling up the DagBag from /opt/airflow/dags/daily_student_pipeline.py
[2026-04-21T13:33:16.953+0000] {processor.py:840} INFO - DAG(s) 'daily_student_pipeline' retrieved from /opt/airflow/dags/daily_student_pipeline.py
[2026-04-21T13:33:16.986+0000] {logging_mixin.py:188} INFO - [2026-04-21T13:33:16.986+0000] {dag.py:3036} INFO - Sync 1 DAGs
[2026-04-21T13:33:17.012+0000] {logging_mixin.py:188} INFO - [2026-04-21T13:33:17.012+0000] {dag.py:3823} INFO - Setting next_dagrun for daily_student_pipeline to 2026-04-21 02:00:00+00:00, run_after=2026-04-22 02:00:00+00:00
[2026-04-21T13:33:17.037+0000] {processor.py:183} INFO - Processing /opt/airflow/dags/daily_student_pipeline.py took 0.116 seconds
[2026-04-21T13:33:47.598+0000] {processor.py:161} INFO - Started process (PID=523) to work on /opt/airflow/dags/daily_student_pipeline.py
[2026-04-21T13:33:47.599+0000] {processor.py:830} INFO - Processing file /opt/airflow/dags/daily_student_pipeline.py for tasks to queue
[2026-04-21T13:33:47.600+0000] {logging_mixin.py:188} INFO - [2026-04-21T13:33:47.600+0000] {dagbag.py:538} INFO - Filling up the DagBag from /opt/airflow/dags/daily_student_pipeline.py
[2026-04-21T13:33:47.627+0000] {processor.py:840} INFO - DAG(s) 'daily_student_pipeline' retrieved from /opt/airflow/dags/daily_student_pipeline.py
[2026-04-21T13:33:47.660+0000] {logging_mixin.py:188} INFO - [2026-04-21T13:33:47.660+0000] {dag.py:3036} INFO - Sync 1 DAGs
[2026-04-21T13:33:47.683+0000] {logging_mixin.py:188} INFO - [2026-04-21T13:33:47.682+0000] {dag.py:3823} INFO - Setting next_dagrun for daily_student_pipeline to 2026-04-21 02:00:00+00:00, run_after=2026-04-22 02:00:00+00:00
[2026-04-21T13:33:47.702+0000] {processor.py:183} INFO - Processing /opt/airflow/dags/daily_student_pipeline.py took 0.107 seconds
[2026-04-21T13:34:17.754+0000] {processor.py:161} INFO - Started process (PID=546) to work on /opt/airflow/dags/daily_student_pipeline.py
[2026-04-21T13:34:17.755+0000] {processor.py:830} INFO - Processing file /opt/airflow/dags/daily_student_pipeline.py for tasks to queue
[2026-04-21T13:34:17.756+0000] {logging_mixin.py:188} INFO - [2026-04-21T13:34:17.755+0000] {dagbag.py:538} INFO - Filling up the DagBag from /opt/airflow/dags/daily_student_pipeline.py
[2026-04-21T13:34:17.773+0000] {processor.py:840} INFO - DAG(s) 'daily_student_pipeline' retrieved from /opt/airflow/dags/daily_student_pipeline.py
[2026-04-21T13:34:17.819+0000] {logging_mixin.py:188} INFO - [2026-04-21T13:34:17.818+0000] {dag.py:3036} INFO - Sync 1 DAGs
[2026-04-21T13:34:17.841+0000] {logging_mixin.py:188} INFO - [2026-04-21T13:34:17.841+0000] {dag.py:3823} INFO - Setting next_dagrun for daily_student_pipeline to 2026-04-21 02:00:00+00:00, run_after=2026-04-22 02:00:00+00:00
[2026-04-21T13:34:17.861+0000] {processor.py:183} INFO - Processing /opt/airflow/dags/daily_student_pipeline.py took 0.109 seconds
[2026-04-21T13:34:47.915+0000] {processor.py:161} INFO - Started process (PID=569) to work on /opt/airflow/dags/daily_student_pipeline.py
[2026-04-21T13:34:47.916+0000] {processor.py:830} INFO - Processing file /opt/airflow/dags/daily_student_pipeline.py for tasks to queue
[2026-04-21T13:34:47.917+0000] {logging_mixin.py:188} INFO - [2026-04-21T13:34:47.916+0000] {dagbag.py:538} INFO - Filling up the DagBag from /opt/airflow/dags/daily_student_pipeline.py
[2026-04-21T13:34:47.935+0000] {processor.py:840} INFO - DAG(s) 'daily_student_pipeline' retrieved from /opt/airflow/dags/daily_student_pipeline.py
[2026-04-21T13:34:47.964+0000] {logging_mixin.py:188} INFO - [2026-04-21T13:34:47.964+0000] {dag.py:3036} INFO - Sync 1 DAGs
[2026-04-21T13:34:47.988+0000] {logging_mixin.py:188} INFO - [2026-04-21T13:34:47.988+0000] {dag.py:3823} INFO - Setting next_dagrun for daily_student_pipeline to 2026-04-21 02:00:00+00:00, run_after=2026-04-22 02:00:00+00:00
[2026-04-21T13:34:48.011+0000] {processor.py:183} INFO - Processing /opt/airflow/dags/daily_student_pipeline.py took 0.099 seconds
[2026-04-21T13:35:18.350+0000] {processor.py:161} INFO - Started process (PID=592) to work on /opt/airflow/dags/daily_student_pipeline.py
[2026-04-21T13:35:18.351+0000] {processor.py:830} INFO - Processing file /opt/airflow/dags/daily_student_pipeline.py for tasks to queue
[2026-04-21T13:35:18.352+0000] {logging_mixin.py:188} INFO - [2026-04-21T13:35:18.352+0000] {dagbag.py:538} INFO - Filling up the DagBag from /opt/airflow/dags/daily_student_pipeline.py
[2026-04-21T13:35:18.375+0000] {processor.py:840} INFO - DAG(s) 'daily_student_pipeline' retrieved from /opt/airflow/dags/daily_student_pipeline.py
[2026-04-21T13:35:18.406+0000] {logging_mixin.py:188} INFO - [2026-04-21T13:35:18.405+0000] {dag.py:3036} INFO - Sync 1 DAGs
[2026-04-21T13:35:18.427+0000] {logging_mixin.py:188} INFO - [2026-04-21T13:35:18.427+0000] {dag.py:3823} INFO - Setting next_dagrun for daily_student_pipeline to 2026-04-21 02:00:00+00:00, run_after=2026-04-22 02:00:00+00:00
[2026-04-21T13:35:18.465+0000] {processor.py:183} INFO - Processing /opt/airflow/dags/daily_student_pipeline.py took 0.118 seconds
[2026-04-21T13:35:49.193+0000] {processor.py:161} INFO - Started process (PID=607) to work on /opt/airflow/dags/daily_student_pipeline.py
[2026-04-21T13:35:49.194+0000] {processor.py:830} INFO - Processing file /opt/airflow/dags/daily_student_pipeline.py for tasks to queue
[2026-04-21T13:35:49.195+0000] {logging_mixin.py:188} INFO - [2026-04-21T13:35:49.194+0000] {dagbag.py:538} INFO - Filling up the DagBag from /opt/airflow/dags/daily_student_pipeline.py
[2026-04-21T13:35:49.216+0000] {processor.py:840} INFO - DAG(s) 'daily_student_pipeline' retrieved from /opt/airflow/dags/daily_student_pipeline.py
[2026-04-21T13:35:49.245+0000] {logging_mixin.py:188} INFO - [2026-04-21T13:35:49.244+0000] {dag.py:3036} INFO - Sync 1 DAGs
[2026-04-21T13:35:49.268+0000] {logging_mixin.py:188} INFO - [2026-04-21T13:35:49.268+0000] {dag.py:3823} INFO - Setting next_dagrun for daily_student_pipeline to 2026-04-21 02:00:00+00:00, run_after=2026-04-22 02:00:00+00:00
[2026-04-21T13:35:49.292+0000] {processor.py:183} INFO - Processing /opt/airflow/dags/daily_student_pipeline.py took 0.103 seconds
[2026-04-21T13:36:20.100+0000] {processor.py:161} INFO - Started process (PID=630) to work on /opt/airflow/dags/daily_student_pipeline.py
[2026-04-21T13:36:20.102+0000] {processor.py:830} INFO - Processing file /opt/airflow/dags/daily_student_pipeline.py for tasks to queue
[2026-04-21T13:36:20.103+0000] {logging_mixin.py:188} INFO - [2026-04-21T13:36:20.103+0000] {dagbag.py:538} INFO - Filling up the DagBag from /opt/airflow/dags/daily_student_pipeline.py
[2026-04-21T13:36:20.126+0000] {processor.py:840} INFO - DAG(s) 'daily_student_pipeline' retrieved from /opt/airflow/dags/daily_student_pipeline.py
[2026-04-21T13:36:20.169+0000] {logging_mixin.py:188} INFO - [2026-04-21T13:36:20.169+0000] {dag.py:3036} INFO - Sync 1 DAGs
[2026-04-21T13:36:20.199+0000] {logging_mixin.py:188} INFO - [2026-04-21T13:36:20.199+0000] {dag.py:3823} INFO - Setting next_dagrun for daily_student_pipeline to 2026-04-21 02:00:00+00:00, run_after=2026-04-22 02:00:00+00:00
[2026-04-21T13:36:20.227+0000] {processor.py:183} INFO - Processing /opt/airflow/dags/daily_student_pipeline.py took 0.131 seconds
[2026-04-21T13:36:50.563+0000] {processor.py:161} INFO - Started process (PID=653) to work on /opt/airflow/dags/daily_student_pipeline.py
[2026-04-21T13:36:50.564+0000] {processor.py:830} INFO - Processing file /opt/airflow/dags/daily_student_pipeline.py for tasks to queue
[2026-04-21T13:36:50.565+0000] {logging_mixin.py:188} INFO - [2026-04-21T13:36:50.565+0000] {dagbag.py:538} INFO - Filling up the DagBag from /opt/airflow/dags/daily_student_pipeline.py
[2026-04-21T13:36:50.588+0000] {processor.py:840} INFO - DAG(s) 'daily_student_pipeline' retrieved from /opt/airflow/dags/daily_student_pipeline.py
[2026-04-21T13:36:50.616+0000] {logging_mixin.py:188} INFO - [2026-04-21T13:36:50.615+0000] {dag.py:3036} INFO - Sync 1 DAGs
[2026-04-21T13:36:50.637+0000] {logging_mixin.py:188} INFO - [2026-04-21T13:36:50.636+0000] {dag.py:3823} INFO - Setting next_dagrun for daily_student_pipeline to 2026-04-21 02:00:00+00:00, run_after=2026-04-22 02:00:00+00:00
[2026-04-21T13:36:50.656+0000] {processor.py:183} INFO - Processing /opt/airflow/dags/daily_student_pipeline.py took 0.097 seconds
[2026-04-21T13:37:20.750+0000] {processor.py:161} INFO - Started process (PID=676) to work on /opt/airflow/dags/daily_student_pipeline.py
[2026-04-21T13:37:20.752+0000] {processor.py:830} INFO - Processing file /opt/airflow/dags/daily_student_pipeline.py for tasks to queue
[2026-04-21T13:37:20.753+0000] {logging_mixin.py:188} INFO - [2026-04-21T13:37:20.753+0000] {dagbag.py:538} INFO - Filling up the DagBag from /opt/airflow/dags/daily_student_pipeline.py
[2026-04-21T13:37:20.782+0000] {processor.py:840} INFO - DAG(s) 'daily_student_pipeline' retrieved from /opt/airflow/dags/daily_student_pipeline.py
[2026-04-21T13:37:20.818+0000] {logging_mixin.py:188} INFO - [2026-04-21T13:37:20.818+0000] {dag.py:3036} INFO - Sync 1 DAGs
[2026-04-21T13:37:20.849+0000] {logging_mixin.py:188} INFO - [2026-04-21T13:37:20.849+0000] {dag.py:3823} INFO - Setting next_dagrun for daily_student_pipeline to 2026-04-21 02:00:00+00:00, run_after=2026-04-22 02:00:00+00:00
[2026-04-21T13:37:20.869+0000] {processor.py:183} INFO - Processing /opt/airflow/dags/daily_student_pipeline.py took 0.122 seconds
[2026-04-21T13:37:51.829+0000] {processor.py:161} INFO - Started process (PID=699) to work on /opt/airflow/dags/daily_student_pipeline.py
[2026-04-21T13:37:51.830+0000] {processor.py:830} INFO - Processing file /opt/airflow/dags/daily_student_pipeline.py for tasks to queue
[2026-04-21T13:37:51.831+0000] {logging_mixin.py:188} INFO - [2026-04-21T13:37:51.831+0000] {dagbag.py:538} INFO - Filling up the DagBag from /opt/airflow/dags/daily_student_pipeline.py
[2026-04-21T13:37:51.849+0000] {processor.py:840} INFO - DAG(s) 'daily_student_pipeline' retrieved from /opt/airflow/dags/daily_student_pipeline.py
[2026-04-21T13:37:51.877+0000] {logging_mixin.py:188} INFO - [2026-04-21T13:37:51.876+0000] {dag.py:3036} INFO - Sync 1 DAGs
[2026-04-21T13:37:51.897+0000] {logging_mixin.py:188} INFO - [2026-04-21T13:37:51.897+0000] {dag.py:3823} INFO - Setting next_dagrun for daily_student_pipeline to 2026-04-21 02:00:00+00:00, run_after=2026-04-22 02:00:00+00:00
[2026-04-21T13:37:51.918+0000] {processor.py:183} INFO - Processing /opt/airflow/dags/daily_student_pipeline.py took 0.091 seconds
[2026-04-21T13:38:27.324+0000] {processor.py:161} INFO - Started process (PID=722) to work on /opt/airflow/dags/daily_student_pipeline.py
[2026-04-21T13:38:27.325+0000] {processor.py:830} INFO - Processing file /opt/airflow/dags/daily_student_pipeline.py for tasks to queue
[2026-04-21T13:38:27.326+0000] {logging_mixin.py:188} INFO - [2026-04-21T13:38:27.326+0000] {dagbag.py:538} INFO - Filling up the DagBag from /opt/airflow/dags/daily_student_pipeline.py
[2026-04-21T13:38:27.345+0000] {processor.py:840} INFO - DAG(s) 'daily_student_pipeline' retrieved from /opt/airflow/dags/daily_student_pipeline.py
[2026-04-21T13:38:27.371+0000] {logging_mixin.py:188} INFO - [2026-04-21T13:38:27.371+0000] {dag.py:3036} INFO - Sync 1 DAGs
[2026-04-21T13:38:27.394+0000] {logging_mixin.py:188} INFO - [2026-04-21T13:38:27.394+0000] {dag.py:3823} INFO - Setting next_dagrun for daily_student_pipeline to 2026-04-21 02:00:00+00:00, run_after=2026-04-22 02:00:00+00:00
[2026-04-21T13:38:27.414+0000] {processor.py:183} INFO - Processing /opt/airflow/dags/daily_student_pipeline.py took 0.093 seconds
[2026-04-21T13:38:58.028+0000] {processor.py:161} INFO - Started process (PID=745) to work on /opt/airflow/dags/daily_student_pipeline.py
[2026-04-21T13:38:58.029+0000] {processor.py:830} INFO - Processing file /opt/airflow/dags/daily_student_pipeline.py for tasks to queue
[2026-04-21T13:38:58.030+0000] {logging_mixin.py:188} INFO - [2026-04-21T13:38:58.030+0000] {dagbag.py:538} INFO - Filling up the DagBag from /opt/airflow/dags/daily_student_pipeline.py
[2026-04-21T13:38:58.059+0000] {processor.py:840} INFO - DAG(s) 'daily_student_pipeline' retrieved from /opt/airflow/dags/daily_student_pipeline.py
[2026-04-21T13:38:58.097+0000] {logging_mixin.py:188} INFO - [2026-04-21T13:38:58.097+0000] {dag.py:3036} INFO - Sync 1 DAGs
[2026-04-21T13:38:58.127+0000] {logging_mixin.py:188} INFO - [2026-04-21T13:38:58.126+0000] {dag.py:3823} INFO - Setting next_dagrun for daily_student_pipeline to 2026-04-21 02:00:00+00:00, run_after=2026-04-22 02:00:00+00:00
[2026-04-21T13:38:58.155+0000] {processor.py:183} INFO - Processing /opt/airflow/dags/daily_student_pipeline.py took 0.130 seconds
[2026-04-21T13:39:28.497+0000] {processor.py:161} INFO - Started process (PID=768) to work on /opt/airflow/dags/daily_student_pipeline.py
[2026-04-21T13:39:28.498+0000] {processor.py:830} INFO - Processing file /opt/airflow/dags/daily_student_pipeline.py for tasks to queue
[2026-04-21T13:39:28.499+0000] {logging_mixin.py:188} INFO - [2026-04-21T13:39:28.498+0000] {dagbag.py:538} INFO - Filling up the DagBag from /opt/airflow/dags/daily_student_pipeline.py
[2026-04-21T13:39:28.522+0000] {processor.py:840} INFO - DAG(s) 'daily_student_pipeline' retrieved from /opt/airflow/dags/daily_student_pipeline.py
[2026-04-21T13:39:28.559+0000] {logging_mixin.py:188} INFO - [2026-04-21T13:39:28.559+0000] {dag.py:3036} INFO - Sync 1 DAGs
[2026-04-21T13:39:28.585+0000] {logging_mixin.py:188} INFO - [2026-04-21T13:39:28.584+0000] {dag.py:3823} INFO - Setting next_dagrun for daily_student_pipeline to 2026-04-21 02:00:00+00:00, run_after=2026-04-22 02:00:00+00:00
[2026-04-21T13:39:28.611+0000] {processor.py:183} INFO - Processing /opt/airflow/dags/daily_student_pipeline.py took 0.117 seconds
[2026-04-21T13:39:58.840+0000] {processor.py:161} INFO - Started process (PID=857) to work on /opt/airflow/dags/daily_student_pipeline.py
[2026-04-21T13:39:58.843+0000] {processor.py:830} INFO - Processing file /opt/airflow/dags/daily_student_pipeline.py for tasks to queue
[2026-04-21T13:39:58.845+0000] {logging_mixin.py:188} INFO - [2026-04-21T13:39:58.844+0000] {dagbag.py:538} INFO - Filling up the DagBag from /opt/airflow/dags/daily_student_pipeline.py
[2026-04-21T13:39:58.943+0000] {processor.py:840} INFO - DAG(s) 'daily_student_pipeline' retrieved from /opt/airflow/dags/daily_student_pipeline.py
[2026-04-21T13:39:59.071+0000] {logging_mixin.py:188} INFO - [2026-04-21T13:39:59.071+0000] {dag.py:3036} INFO - Sync 1 DAGs
[2026-04-21T13:39:59.160+0000] {logging_mixin.py:188} INFO - [2026-04-21T13:39:59.159+0000] {dag.py:3823} INFO - Setting next_dagrun for daily_student_pipeline to 2026-04-21 02:00:00+00:00, run_after=2026-04-22 02:00:00+00:00
[2026-04-21T13:39:59.189+0000] {processor.py:183} INFO - Processing /opt/airflow/dags/daily_student_pipeline.py took 0.372 seconds
[2026-04-21T13:40:30.106+0000] {processor.py:161} INFO - Started process (PID=1015) to work on /opt/airflow/dags/daily_student_pipeline.py
[2026-04-21T13:40:30.107+0000] {processor.py:830} INFO - Processing file /opt/airflow/dags/daily_student_pipeline.py for tasks to queue
[2026-04-21T13:40:30.107+0000] {logging_mixin.py:188} INFO - [2026-04-21T13:40:30.107+0000] {dagbag.py:538} INFO - Filling up the DagBag from /opt/airflow/dags/daily_student_pipeline.py
[2026-04-21T13:40:30.126+0000] {processor.py:840} INFO - DAG(s) 'daily_student_pipeline' retrieved from /opt/airflow/dags/daily_student_pipeline.py
[2026-04-21T13:40:30.157+0000] {logging_mixin.py:188} INFO - [2026-04-21T13:40:30.157+0000] {dag.py:3036} INFO - Sync 1 DAGs
[2026-04-21T13:40:30.196+0000] {logging_mixin.py:188} INFO - [2026-04-21T13:40:30.196+0000] {dag.py:3823} INFO - Setting next_dagrun for daily_student_pipeline to 2026-04-21 02:00:00+00:00, run_after=2026-04-22 02:00:00+00:00
[2026-04-21T13:40:30.212+0000] {processor.py:183} INFO - Processing /opt/airflow/dags/daily_student_pipeline.py took 0.109 seconds
[2026-04-21T13:41:00.300+0000] {processor.py:161} INFO - Started process (PID=1040) to work on /opt/airflow/dags/daily_student_pipeline.py
[2026-04-21T13:41:00.301+0000] {processor.py:830} INFO - Processing file /opt/airflow/dags/daily_student_pipeline.py for tasks to queue
[2026-04-21T13:41:00.302+0000] {logging_mixin.py:188} INFO - [2026-04-21T13:41:00.302+0000] {dagbag.py:538} INFO - Filling up the DagBag from /opt/airflow/dags/daily_student_pipeline.py
[2026-04-21T13:41:00.327+0000] {processor.py:840} INFO - DAG(s) 'daily_student_pipeline' retrieved from /opt/airflow/dags/daily_student_pipeline.py
[2026-04-21T13:41:00.355+0000] {logging_mixin.py:188} INFO - [2026-04-21T13:41:00.355+0000] {dag.py:3036} INFO - Sync 1 DAGs
[2026-04-21T13:41:00.377+0000] {logging_mixin.py:188} INFO - [2026-04-21T13:41:00.377+0000] {dag.py:3823} INFO - Setting next_dagrun for daily_student_pipeline to 2026-04-21 02:00:00+00:00, run_after=2026-04-22 02:00:00+00:00
[2026-04-21T13:41:00.397+0000] {processor.py:183} INFO - Processing /opt/airflow/dags/daily_student_pipeline.py took 0.099 seconds
[2026-04-21T13:41:30.462+0000] {processor.py:161} INFO - Started process (PID=1055) to work on /opt/airflow/dags/daily_student_pipeline.py
[2026-04-21T13:41:30.463+0000] {processor.py:830} INFO - Processing file /opt/airflow/dags/daily_student_pipeline.py for tasks to queue
[2026-04-21T13:41:30.465+0000] {logging_mixin.py:188} INFO - [2026-04-21T13:41:30.464+0000] {dagbag.py:538} INFO - Filling up the DagBag from /opt/airflow/dags/daily_student_pipeline.py
[2026-04-21T13:41:30.485+0000] {processor.py:840} INFO - DAG(s) 'daily_student_pipeline' retrieved from /opt/airflow/dags/daily_student_pipeline.py
[2026-04-21T13:41:30.516+0000] {logging_mixin.py:188} INFO - [2026-04-21T13:41:30.516+0000] {dag.py:3036} INFO - Sync 1 DAGs
[2026-04-21T13:41:30.542+0000] {logging_mixin.py:188} INFO - [2026-04-21T13:41:30.542+0000] {dag.py:3823} INFO - Setting next_dagrun for daily_student_pipeline to 2026-04-21 02:00:00+00:00, run_after=2026-04-22 02:00:00+00:00
[2026-04-21T13:41:30.582+0000] {processor.py:183} INFO - Processing /opt/airflow/dags/daily_student_pipeline.py took 0.123 seconds
[2026-04-21T13:42:00.659+0000] {processor.py:161} INFO - Started process (PID=1078) to work on /opt/airflow/dags/daily_student_pipeline.py
[2026-04-21T13:42:00.660+0000] {processor.py:830} INFO - Processing file /opt/airflow/dags/daily_student_pipeline.py for tasks to queue
[2026-04-21T13:42:00.661+0000] {logging_mixin.py:188} INFO - [2026-04-21T13:42:00.660+0000] {dagbag.py:538} INFO - Filling up the DagBag from /opt/airflow/dags/daily_student_pipeline.py
[2026-04-21T13:42:00.676+0000] {processor.py:840} INFO - DAG(s) 'daily_student_pipeline' retrieved from /opt/airflow/dags/daily_student_pipeline.py
[2026-04-21T13:42:00.702+0000] {logging_mixin.py:188} INFO - [2026-04-21T13:42:00.701+0000] {dag.py:3036} INFO - Sync 1 DAGs
[2026-04-21T13:42:00.722+0000] {logging_mixin.py:188} INFO - [2026-04-21T13:42:00.721+0000] {dag.py:3823} INFO - Setting next_dagrun for daily_student_pipeline to 2026-04-21 02:00:00+00:00, run_after=2026-04-22 02:00:00+00:00
[2026-04-21T13:42:00.740+0000] {processor.py:183} INFO - Processing /opt/airflow/dags/daily_student_pipeline.py took 0.084 seconds
[2026-04-21T13:42:30.899+0000] {processor.py:161} INFO - Started process (PID=1101) to work on /opt/airflow/dags/daily_student_pipeline.py
[2026-04-21T13:42:30.900+0000] {processor.py:830} INFO - Processing file /opt/airflow/dags/daily_student_pipeline.py for tasks to queue
[2026-04-21T13:42:30.901+0000] {logging_mixin.py:188} INFO - [2026-04-21T13:42:30.901+0000] {dagbag.py:538} INFO - Filling up the DagBag from /opt/airflow/dags/daily_student_pipeline.py
[2026-04-21T13:42:30.919+0000] {processor.py:840} INFO - DAG(s) 'daily_student_pipeline' retrieved from /opt/airflow/dags/daily_student_pipeline.py
[2026-04-21T13:42:30.944+0000] {logging_mixin.py:188} INFO - [2026-04-21T13:42:30.944+0000] {dag.py:3036} INFO - Sync 1 DAGs
[2026-04-21T13:42:30.962+0000] {logging_mixin.py:188} INFO - [2026-04-21T13:42:30.962+0000] {dag.py:3823} INFO - Setting next_dagrun for daily_student_pipeline to 2026-04-21 02:00:00+00:00, run_after=2026-04-22 02:00:00+00:00
[2026-04-21T13:42:30.984+0000] {processor.py:183} INFO - Processing /opt/airflow/dags/daily_student_pipeline.py took 0.087 seconds
[2026-04-21T13:43:01.887+0000] {processor.py:161} INFO - Started process (PID=1124) to work on /opt/airflow/dags/daily_student_pipeline.py
[2026-04-21T13:43:01.888+0000] {processor.py:830} INFO - Processing file /opt/airflow/dags/daily_student_pipeline.py for tasks to queue
[2026-04-21T13:43:01.889+0000] {logging_mixin.py:188} INFO - [2026-04-21T13:43:01.889+0000] {dagbag.py:538} INFO - Filling up the DagBag from /opt/airflow/dags/daily_student_pipeline.py
[2026-04-21T13:43:01.904+0000] {processor.py:840} INFO - DAG(s) 'daily_student_pipeline' retrieved from /opt/airflow/dags/daily_student_pipeline.py
[2026-04-21T13:43:01.929+0000] {logging_mixin.py:188} INFO - [2026-04-21T13:43:01.929+0000] {dag.py:3036} INFO - Sync 1 DAGs
[2026-04-21T13:43:01.948+0000] {logging_mixin.py:188} INFO - [2026-04-21T13:43:01.948+0000] {dag.py:3823} INFO - Setting next_dagrun for daily_student_pipeline to 2026-04-21 02:00:00+00:00, run_after=2026-04-22 02:00:00+00:00
[2026-04-21T13:43:01.966+0000] {processor.py:183} INFO - Processing /opt/airflow/dags/daily_student_pipeline.py took 0.081 seconds
[2026-04-21T13:43:32.952+0000] {processor.py:161} INFO - Started process (PID=1147) to work on /opt/airflow/dags/daily_student_pipeline.py
[2026-04-21T13:43:32.953+0000] {processor.py:830} INFO - Processing file /opt/airflow/dags/daily_student_pipeline.py for tasks to queue
[2026-04-21T13:43:32.954+0000] {logging_mixin.py:188} INFO - [2026-04-21T13:43:32.953+0000] {dagbag.py:538} INFO - Filling up the DagBag from /opt/airflow/dags/daily_student_pipeline.py
[2026-04-21T13:43:32.971+0000] {processor.py:840} INFO - DAG(s) 'daily_student_pipeline' retrieved from /opt/airflow/dags/daily_student_pipeline.py
[2026-04-21T13:43:32.998+0000] {logging_mixin.py:188} INFO - [2026-04-21T13:43:32.998+0000] {dag.py:3036} INFO - Sync 1 DAGs
[2026-04-21T13:43:33.019+0000] {logging_mixin.py:188} INFO - [2026-04-21T13:43:33.019+0000] {dag.py:3823} INFO - Setting next_dagrun for daily_student_pipeline to 2026-04-21 02:00:00+00:00, run_after=2026-04-22 02:00:00+00:00
[2026-04-21T13:43:33.037+0000] {processor.py:183} INFO - Processing /opt/airflow/dags/daily_student_pipeline.py took 0.089 seconds
[2026-04-21T13:44:06.103+0000] {processor.py:161} INFO - Started process (PID=1170) to work on /opt/airflow/dags/daily_student_pipeline.py
[2026-04-21T13:44:06.104+0000] {processor.py:830} INFO - Processing file /opt/airflow/dags/daily_student_pipeline.py for tasks to queue
[2026-04-21T13:44:06.105+0000] {logging_mixin.py:188} INFO - [2026-04-21T13:44:06.105+0000] {dagbag.py:538} INFO - Filling up the DagBag from /opt/airflow/dags/daily_student_pipeline.py
[2026-04-21T13:44:06.133+0000] {processor.py:840} INFO - DAG(s) 'daily_student_pipeline' retrieved from /opt/airflow/dags/daily_student_pipeline.py
[2026-04-21T13:44:06.162+0000] {logging_mixin.py:188} INFO - [2026-04-21T13:44:06.161+0000] {dag.py:3036} INFO - Sync 1 DAGs
[2026-04-21T13:44:06.183+0000] {logging_mixin.py:188} INFO - [2026-04-21T13:44:06.182+0000] {dag.py:3823} INFO - Setting next_dagrun for daily_student_pipeline to 2026-04-21 02:00:00+00:00, run_after=2026-04-22 02:00:00+00:00
[2026-04-21T13:44:06.205+0000] {processor.py:183} INFO - Processing /opt/airflow/dags/daily_student_pipeline.py took 0.105 seconds
[2026-04-21T13:44:38.190+0000] {processor.py:161} INFO - Started process (PID=1193) to work on /opt/airflow/dags/daily_student_pipeline.py
[2026-04-21T13:44:38.191+0000] {processor.py:830} INFO - Processing file /opt/airflow/dags/daily_student_pipeline.py for tasks to queue
[2026-04-21T13:44:38.192+0000] {logging_mixin.py:188} INFO - [2026-04-21T13:44:38.192+0000] {dagbag.py:538} INFO - Filling up the DagBag from /opt/airflow/dags/daily_student_pipeline.py
[2026-04-21T13:44:38.217+0000] {processor.py:840} INFO - DAG(s) 'daily_student_pipeline' retrieved from /opt/airflow/dags/daily_student_pipeline.py
[2026-04-21T13:44:38.244+0000] {logging_mixin.py:188} INFO - [2026-04-21T13:44:38.244+0000] {dag.py:3036} INFO - Sync 1 DAGs
[2026-04-21T13:44:38.264+0000] {logging_mixin.py:188} INFO - [2026-04-21T13:44:38.263+0000] {dag.py:3823} INFO - Setting next_dagrun for daily_student_pipeline to 2026-04-21 02:00:00+00:00, run_after=2026-04-22 02:00:00+00:00
[2026-04-21T13:44:38.284+0000] {processor.py:183} INFO - Processing /opt/airflow/dags/daily_student_pipeline.py took 0.097 seconds
[2026-04-21T13:45:11.281+0000] {processor.py:161} INFO - Started process (PID=1216) to work on /opt/airflow/dags/daily_student_pipeline.py
[2026-04-21T13:45:11.282+0000] {processor.py:830} INFO - Processing file /opt/airflow/dags/daily_student_pipeline.py for tasks to queue
[2026-04-21T13:45:11.283+0000] {logging_mixin.py:188} INFO - [2026-04-21T13:45:11.282+0000] {dagbag.py:538} INFO - Filling up the DagBag from /opt/airflow/dags/daily_student_pipeline.py
[2026-04-21T13:45:11.306+0000] {processor.py:840} INFO - DAG(s) 'daily_student_pipeline' retrieved from /opt/airflow/dags/daily_student_pipeline.py
[2026-04-21T13:45:11.334+0000] {logging_mixin.py:188} INFO - [2026-04-21T13:45:11.334+0000] {dag.py:3036} INFO - Sync 1 DAGs
[2026-04-21T13:45:11.355+0000] {logging_mixin.py:188} INFO - [2026-04-21T13:45:11.355+0000] {dag.py:3823} INFO - Setting next_dagrun for daily_student_pipeline to 2026-04-21 02:00:00+00:00, run_after=2026-04-22 02:00:00+00:00
[2026-04-21T13:45:11.373+0000] {processor.py:183} INFO - Processing /opt/airflow/dags/daily_student_pipeline.py took 0.095 seconds
[2026-04-21T13:45:44.341+0000] {processor.py:161} INFO - Started process (PID=1239) to work on /opt/airflow/dags/daily_student_pipeline.py
[2026-04-21T13:45:44.342+0000] {processor.py:830} INFO - Processing file /opt/airflow/dags/daily_student_pipeline.py for tasks to queue
[2026-04-21T13:45:44.343+0000] {logging_mixin.py:188} INFO - [2026-04-21T13:45:44.342+0000] {dagbag.py:538} INFO - Filling up the DagBag from /opt/airflow/dags/daily_student_pipeline.py
[2026-04-21T13:45:44.362+0000] {processor.py:840} INFO - DAG(s) 'daily_student_pipeline' retrieved from /opt/airflow/dags/daily_student_pipeline.py
[2026-04-21T13:45:44.390+0000] {logging_mixin.py:188} INFO - [2026-04-21T13:45:44.390+0000] {dag.py:3036} INFO - Sync 1 DAGs
[2026-04-21T13:45:44.410+0000] {logging_mixin.py:188} INFO - [2026-04-21T13:45:44.410+0000] {dag.py:3823} INFO - Setting next_dagrun for daily_student_pipeline to 2026-04-21 02:00:00+00:00, run_after=2026-04-22 02:00:00+00:00
[2026-04-21T13:45:44.431+0000] {processor.py:183} INFO - Processing /opt/airflow/dags/daily_student_pipeline.py took 0.094 seconds
[2026-04-21T13:46:16.459+0000] {processor.py:161} INFO - Started process (PID=1262) to work on /opt/airflow/dags/daily_student_pipeline.py
[2026-04-21T13:46:16.460+0000] {processor.py:830} INFO - Processing file /opt/airflow/dags/daily_student_pipeline.py for tasks to queue
[2026-04-21T13:46:16.461+0000] {logging_mixin.py:188} INFO - [2026-04-21T13:46:16.461+0000] {dagbag.py:538} INFO - Filling up the DagBag from /opt/airflow/dags/daily_student_pipeline.py
[2026-04-21T13:46:16.484+0000] {processor.py:840} INFO - DAG(s) 'daily_student_pipeline' retrieved from /opt/airflow/dags/daily_student_pipeline.py
[2026-04-21T13:46:16.511+0000] {logging_mixin.py:188} INFO - [2026-04-21T13:46:16.511+0000] {dag.py:3036} INFO - Sync 1 DAGs
[2026-04-21T13:46:16.534+0000] {logging_mixin.py:188} INFO - [2026-04-21T13:46:16.534+0000] {dag.py:3823} INFO - Setting next_dagrun for daily_student_pipeline to 2026-04-21 02:00:00+00:00, run_after=2026-04-22 02:00:00+00:00
[2026-04-21T13:46:16.555+0000] {processor.py:183} INFO - Processing /opt/airflow/dags/daily_student_pipeline.py took 0.100 seconds
[2026-04-21T13:46:49.487+0000] {processor.py:161} INFO - Started process (PID=1285) to work on /opt/airflow/dags/daily_student_pipeline.py
[2026-04-21T13:46:49.488+0000] {processor.py:830} INFO - Processing file /opt/airflow/dags/daily_student_pipeline.py for tasks to queue
[2026-04-21T13:46:49.489+0000] {logging_mixin.py:188} INFO - [2026-04-21T13:46:49.489+0000] {dagbag.py:538} INFO - Filling up the DagBag from /opt/airflow/dags/daily_student_pipeline.py
[2026-04-21T13:46:49.510+0000] {processor.py:840} INFO - DAG(s) 'daily_student_pipeline' retrieved from /opt/airflow/dags/daily_student_pipeline.py
[2026-04-21T13:46:49.537+0000] {logging_mixin.py:188} INFO - [2026-04-21T13:46:49.537+0000] {dag.py:3036} INFO - Sync 1 DAGs
[2026-04-21T13:46:49.558+0000] {logging_mixin.py:188} INFO - [2026-04-21T13:46:49.558+0000] {dag.py:3823} INFO - Setting next_dagrun for daily_student_pipeline to 2026-04-21 02:00:00+00:00, run_after=2026-04-22 02:00:00+00:00
[2026-04-21T13:46:49.579+0000] {processor.py:183} INFO - Processing /opt/airflow/dags/daily_student_pipeline.py took 0.094 seconds
[2026-04-21T13:47:22.734+0000] {processor.py:161} INFO - Started process (PID=1308) to work on /opt/airflow/dags/daily_student_pipeline.py
[2026-04-21T13:47:22.735+0000] {processor.py:830} INFO - Processing file /opt/airflow/dags/daily_student_pipeline.py for tasks to queue
[2026-04-21T13:47:22.736+0000] {logging_mixin.py:188} INFO - [2026-04-21T13:47:22.736+0000] {dagbag.py:538} INFO - Filling up the DagBag from /opt/airflow/dags/daily_student_pipeline.py
[2026-04-21T13:47:22.758+0000] {processor.py:840} INFO - DAG(s) 'daily_student_pipeline' retrieved from /opt/airflow/dags/daily_student_pipeline.py
[2026-04-21T13:47:22.791+0000] {logging_mixin.py:188} INFO - [2026-04-21T13:47:22.791+0000] {dag.py:3036} INFO - Sync 1 DAGs
[2026-04-21T13:47:22.815+0000] {logging_mixin.py:188} INFO - [2026-04-21T13:47:22.815+0000] {dag.py:3823} INFO - Setting next_dagrun for daily_student_pipeline to 2026-04-21 02:00:00+00:00, run_after=2026-04-22 02:00:00+00:00
[2026-04-21T13:47:22.841+0000] {processor.py:183} INFO - Processing /opt/airflow/dags/daily_student_pipeline.py took 0.110 seconds
[2026-04-21T13:47:54.814+0000] {processor.py:161} INFO - Started process (PID=1323) to work on /opt/airflow/dags/daily_student_pipeline.py
[2026-04-21T13:47:54.816+0000] {processor.py:830} INFO - Processing file /opt/airflow/dags/daily_student_pipeline.py for tasks to queue
[2026-04-21T13:47:54.817+0000] {logging_mixin.py:188} INFO - [2026-04-21T13:47:54.816+0000] {dagbag.py:538} INFO - Filling up the DagBag from /opt/airflow/dags/daily_student_pipeline.py
[2026-04-21T13:47:54.836+0000] {processor.py:840} INFO - DAG(s) 'daily_student_pipeline' retrieved from /opt/airflow/dags/daily_student_pipeline.py
[2026-04-21T13:47:54.866+0000] {logging_mixin.py:188} INFO - [2026-04-21T13:47:54.866+0000] {dag.py:3036} INFO - Sync 1 DAGs
[2026-04-21T13:47:54.885+0000] {logging_mixin.py:188} INFO - [2026-04-21T13:47:54.885+0000] {dag.py:3823} INFO - Setting next_dagrun for daily_student_pipeline to 2026-04-21 02:00:00+00:00, run_after=2026-04-22 02:00:00+00:00
[2026-04-21T13:47:54.906+0000] {processor.py:183} INFO - Processing /opt/airflow/dags/daily_student_pipeline.py took 0.095 seconds
[2026-04-21T13:48:27.901+0000] {processor.py:161} INFO - Started process (PID=1345) to work on /opt/airflow/dags/daily_student_pipeline.py
[2026-04-21T13:48:27.902+0000] {processor.py:830} INFO - Processing file /opt/airflow/dags/daily_student_pipeline.py for tasks to queue
[2026-04-21T13:48:27.903+0000] {logging_mixin.py:188} INFO - [2026-04-21T13:48:27.903+0000] {dagbag.py:538} INFO - Filling up the DagBag from /opt/airflow/dags/daily_student_pipeline.py
[2026-04-21T13:48:27.922+0000] {processor.py:840} INFO - DAG(s) 'daily_student_pipeline' retrieved from /opt/airflow/dags/daily_student_pipeline.py
[2026-04-21T13:48:27.948+0000] {logging_mixin.py:188} INFO - [2026-04-21T13:48:27.947+0000] {dag.py:3036} INFO - Sync 1 DAGs
[2026-04-21T13:48:27.968+0000] {logging_mixin.py:188} INFO - [2026-04-21T13:48:27.968+0000] {dag.py:3823} INFO - Setting next_dagrun for daily_student_pipeline to 2026-04-21 02:00:00+00:00, run_after=2026-04-22 02:00:00+00:00
[2026-04-21T13:48:27.987+0000] {processor.py:183} INFO - Processing /opt/airflow/dags/daily_student_pipeline.py took 0.088 seconds
[2026-04-21T13:49:00.058+0000] {processor.py:161} INFO - Started process (PID=1368) to work on /opt/airflow/dags/daily_student_pipeline.py
[2026-04-21T13:49:00.059+0000] {processor.py:830} INFO - Processing file /opt/airflow/dags/daily_student_pipeline.py for tasks to queue
[2026-04-21T13:49:00.060+0000] {logging_mixin.py:188} INFO - [2026-04-21T13:49:00.060+0000] {dagbag.py:538} INFO - Filling up the DagBag from /opt/airflow/dags/daily_student_pipeline.py
[2026-04-21T13:49:00.078+0000] {processor.py:840} INFO - DAG(s) 'daily_student_pipeline' retrieved from /opt/airflow/dags/daily_student_pipeline.py
[2026-04-21T13:49:00.100+0000] {logging_mixin.py:188} INFO - [2026-04-21T13:49:00.100+0000] {dag.py:3036} INFO - Sync 1 DAGs
[2026-04-21T13:49:00.118+0000] {logging_mixin.py:188} INFO - [2026-04-21T13:49:00.118+0000] {dag.py:3823} INFO - Setting next_dagrun for daily_student_pipeline to 2026-04-21 02:00:00+00:00, run_after=2026-04-22 02:00:00+00:00
[2026-04-21T13:49:00.140+0000] {processor.py:183} INFO - Processing /opt/airflow/dags/daily_student_pipeline.py took 0.084 seconds
[2026-04-21T13:49:33.169+0000] {processor.py:161} INFO - Started process (PID=1391) to work on /opt/airflow/dags/daily_student_pipeline.py
[2026-04-21T13:49:33.170+0000] {processor.py:830} INFO - Processing file /opt/airflow/dags/daily_student_pipeline.py for tasks to queue
[2026-04-21T13:49:33.171+0000] {logging_mixin.py:188} INFO - [2026-04-21T13:49:33.170+0000] {dagbag.py:538} INFO - Filling up the DagBag from /opt/airflow/dags/daily_student_pipeline.py
[2026-04-21T13:49:33.188+0000] {processor.py:840} INFO - DAG(s) 'daily_student_pipeline' retrieved from /opt/airflow/dags/daily_student_pipeline.py
[2026-04-21T13:49:33.212+0000] {logging_mixin.py:188} INFO - [2026-04-21T13:49:33.212+0000] {dag.py:3036} INFO - Sync 1 DAGs
[2026-04-21T13:49:33.232+0000] {logging_mixin.py:188} INFO - [2026-04-21T13:49:33.232+0000] {dag.py:3823} INFO - Setting next_dagrun for daily_student_pipeline to 2026-04-21 02:00:00+00:00, run_after=2026-04-22 02:00:00+00:00
[2026-04-21T13:49:33.251+0000] {processor.py:183} INFO - Processing /opt/airflow/dags/daily_student_pipeline.py took 0.086 seconds
[2026-04-21T13:50:06.249+0000] {processor.py:161} INFO - Started process (PID=1414) to work on /opt/airflow/dags/daily_student_pipeline.py
[2026-04-21T13:50:06.251+0000] {processor.py:830} INFO - Processing file /opt/airflow/dags/daily_student_pipeline.py for tasks to queue
[2026-04-21T13:50:06.251+0000] {logging_mixin.py:188} INFO - [2026-04-21T13:50:06.251+0000] {dagbag.py:538} INFO - Filling up the DagBag from /opt/airflow/dags/daily_student_pipeline.py
[2026-04-21T13:50:06.270+0000] {processor.py:840} INFO - DAG(s) 'daily_student_pipeline' retrieved from /opt/airflow/dags/daily_student_pipeline.py
[2026-04-21T13:50:06.296+0000] {logging_mixin.py:188} INFO - [2026-04-21T13:50:06.296+0000] {dag.py:3036} INFO - Sync 1 DAGs
[2026-04-21T13:50:06.317+0000] {logging_mixin.py:188} INFO - [2026-04-21T13:50:06.317+0000] {dag.py:3823} INFO - Setting next_dagrun for daily_student_pipeline to 2026-04-21 02:00:00+00:00, run_after=2026-04-22 02:00:00+00:00
[2026-04-21T13:50:06.340+0000] {processor.py:183} INFO - Processing /opt/airflow/dags/daily_student_pipeline.py took 0.094 seconds
[2026-04-21T13:50:38.288+0000] {processor.py:161} INFO - Started process (PID=1437) to work on /opt/airflow/dags/daily_student_pipeline.py
[2026-04-21T13:50:38.289+0000] {processor.py:830} INFO - Processing file /opt/airflow/dags/daily_student_pipeline.py for tasks to queue
[2026-04-21T13:50:38.290+0000] {logging_mixin.py:188} INFO - [2026-04-21T13:50:38.290+0000] {dagbag.py:538} INFO - Filling up the DagBag from /opt/airflow/dags/daily_student_pipeline.py
[2026-04-21T13:50:38.308+0000] {processor.py:840} INFO - DAG(s) 'daily_student_pipeline' retrieved from /opt/airflow/dags/daily_student_pipeline.py
[2026-04-21T13:50:38.333+0000] {logging_mixin.py:188} INFO - [2026-04-21T13:50:38.333+0000] {dag.py:3036} INFO - Sync 1 DAGs
[2026-04-21T13:50:38.352+0000] {logging_mixin.py:188} INFO - [2026-04-21T13:50:38.352+0000] {dag.py:3823} INFO - Setting next_dagrun for daily_student_pipeline to 2026-04-21 02:00:00+00:00, run_after=2026-04-22 02:00:00+00:00
[2026-04-21T13:50:38.373+0000] {processor.py:183} INFO - Processing /opt/airflow/dags/daily_student_pipeline.py took 0.087 seconds
[2026-04-21T13:51:11.292+0000] {processor.py:161} INFO - Started process (PID=1460) to work on /opt/airflow/dags/daily_student_pipeline.py
[2026-04-21T13:51:11.293+0000] {processor.py:830} INFO - Processing file /opt/airflow/dags/daily_student_pipeline.py for tasks to queue
[2026-04-21T13:51:11.294+0000] {logging_mixin.py:188} INFO - [2026-04-21T13:51:11.294+0000] {dagbag.py:538} INFO - Filling up the DagBag from /opt/airflow/dags/daily_student_pipeline.py
[2026-04-21T13:51:11.310+0000] {processor.py:840} INFO - DAG(s) 'daily_student_pipeline' retrieved from /opt/airflow/dags/daily_student_pipeline.py
[2026-04-21T13:51:11.333+0000] {logging_mixin.py:188} INFO - [2026-04-21T13:51:11.333+0000] {dag.py:3036} INFO - Sync 1 DAGs
[2026-04-21T13:51:11.353+0000] {logging_mixin.py:188} INFO - [2026-04-21T13:51:11.353+0000] {dag.py:3823} INFO - Setting next_dagrun for daily_student_pipeline to 2026-04-21 02:00:00+00:00, run_after=2026-04-22 02:00:00+00:00
[2026-04-21T13:51:11.372+0000] {processor.py:183} INFO - Processing /opt/airflow/dags/daily_student_pipeline.py took 0.083 seconds
[2026-04-21T13:51:41.546+0000] {processor.py:161} INFO - Started process (PID=1483) to work on /opt/airflow/dags/daily_student_pipeline.py
[2026-04-21T13:51:41.548+0000] {processor.py:830} INFO - Processing file /opt/airflow/dags/daily_student_pipeline.py for tasks to queue
[2026-04-21T13:51:41.549+0000] {logging_mixin.py:188} INFO - [2026-04-21T13:51:41.548+0000] {dagbag.py:538} INFO - Filling up the DagBag from /opt/airflow/dags/daily_student_pipeline.py
[2026-04-21T13:51:41.580+0000] {processor.py:840} INFO - DAG(s) 'daily_student_pipeline' retrieved from /opt/airflow/dags/daily_student_pipeline.py
[2026-04-21T13:51:41.619+0000] {logging_mixin.py:188} INFO - [2026-04-21T13:51:41.619+0000] {dag.py:3036} INFO - Sync 1 DAGs
[2026-04-21T13:51:41.644+0000] {logging_mixin.py:188} INFO - [2026-04-21T13:51:41.644+0000] {dag.py:3823} INFO - Setting next_dagrun for daily_student_pipeline to 2026-04-21 02:00:00+00:00, run_after=2026-04-22 02:00:00+00:00
[2026-04-21T13:51:41.672+0000] {processor.py:183} INFO - Processing /opt/airflow/dags/daily_student_pipeline.py took 0.133 seconds
[2026-04-21T13:52:12.166+0000] {processor.py:161} INFO - Started process (PID=1506) to work on /opt/airflow/dags/daily_student_pipeline.py
[2026-04-21T13:52:12.167+0000] {processor.py:830} INFO - Processing file /opt/airflow/dags/daily_student_pipeline.py for tasks to queue
[2026-04-21T13:52:12.168+0000] {logging_mixin.py:188} INFO - [2026-04-21T13:52:12.168+0000] {dagbag.py:538} INFO - Filling up the DagBag from /opt/airflow/dags/daily_student_pipeline.py
[2026-04-21T13:52:12.186+0000] {processor.py:840} INFO - DAG(s) 'daily_student_pipeline' retrieved from /opt/airflow/dags/daily_student_pipeline.py
[2026-04-21T13:52:12.214+0000] {logging_mixin.py:188} INFO - [2026-04-21T13:52:12.214+0000] {dag.py:3036} INFO - Sync 1 DAGs
[2026-04-21T13:52:12.235+0000] {logging_mixin.py:188} INFO - [2026-04-21T13:52:12.234+0000] {dag.py:3823} INFO - Setting next_dagrun for daily_student_pipeline to 2026-04-21 02:00:00+00:00, run_after=2026-04-22 02:00:00+00:00
[2026-04-21T13:52:12.258+0000] {processor.py:183} INFO - Processing /opt/airflow/dags/daily_student_pipeline.py took 0.095 seconds
[2026-04-21T13:52:42.881+0000] {processor.py:161} INFO - Started process (PID=1529) to work on /opt/airflow/dags/daily_student_pipeline.py
[2026-04-21T13:52:42.882+0000] {processor.py:830} INFO - Processing file /opt/airflow/dags/daily_student_pipeline.py for tasks to queue
[2026-04-21T13:52:42.883+0000] {logging_mixin.py:188} INFO - [2026-04-21T13:52:42.883+0000] {dagbag.py:538} INFO - Filling up the DagBag from /opt/airflow/dags/daily_student_pipeline.py
[2026-04-21T13:52:42.905+0000] {processor.py:840} INFO - DAG(s) 'daily_student_pipeline' retrieved from /opt/airflow/dags/daily_student_pipeline.py
[2026-04-21T13:52:42.932+0000] {logging_mixin.py:188} INFO - [2026-04-21T13:52:42.932+0000] {dag.py:3036} INFO - Sync 1 DAGs
[2026-04-21T13:52:42.953+0000] {logging_mixin.py:188} INFO - [2026-04-21T13:52:42.952+0000] {dag.py:3823} INFO - Setting next_dagrun for daily_student_pipeline to 2026-04-21 02:00:00+00:00, run_after=2026-04-22 02:00:00+00:00
[2026-04-21T13:52:42.974+0000] {processor.py:183} INFO - Processing /opt/airflow/dags/daily_student_pipeline.py took 0.097 seconds
[2026-04-21T13:53:13.018+0000] {processor.py:161} INFO - Started process (PID=1552) to work on /opt/airflow/dags/daily_student_pipeline.py
[2026-04-21T13:53:13.019+0000] {processor.py:830} INFO - Processing file /opt/airflow/dags/daily_student_pipeline.py for tasks to queue
[2026-04-21T13:53:13.020+0000] {logging_mixin.py:188} INFO - [2026-04-21T13:53:13.019+0000] {dagbag.py:538} INFO - Filling up the DagBag from /opt/airflow/dags/daily_student_pipeline.py
[2026-04-21T13:53:13.039+0000] {processor.py:840} INFO - DAG(s) 'daily_student_pipeline' retrieved from /opt/airflow/dags/daily_student_pipeline.py
[2026-04-21T13:53:13.072+0000] {logging_mixin.py:188} INFO - [2026-04-21T13:53:13.072+0000] {dag.py:3036} INFO - Sync 1 DAGs
[2026-04-21T13:53:13.093+0000] {logging_mixin.py:188} INFO - [2026-04-21T13:53:13.093+0000] {dag.py:3823} INFO - Setting next_dagrun for daily_student_pipeline to 2026-04-21 02:00:00+00:00, run_after=2026-04-22 02:00:00+00:00
[2026-04-21T13:53:13.115+0000] {processor.py:183} INFO - Processing /opt/airflow/dags/daily_student_pipeline.py took 0.100 seconds
[2026-04-21T13:53:43.190+0000] {processor.py:161} INFO - Started process (PID=1575) to work on /opt/airflow/dags/daily_student_pipeline.py
[2026-04-21T13:53:43.191+0000] {processor.py:830} INFO - Processing file /opt/airflow/dags/daily_student_pipeline.py for tasks to queue
[2026-04-21T13:53:43.192+0000] {logging_mixin.py:188} INFO - [2026-04-21T13:53:43.192+0000] {dagbag.py:538} INFO - Filling up the DagBag from /opt/airflow/dags/daily_student_pipeline.py
[2026-04-21T13:53:43.213+0000] {processor.py:840} INFO - DAG(s) 'daily_student_pipeline' retrieved from /opt/airflow/dags/daily_student_pipeline.py
[2026-04-21T13:53:43.242+0000] {logging_mixin.py:188} INFO - [2026-04-21T13:53:43.242+0000] {dag.py:3036} INFO - Sync 1 DAGs
[2026-04-21T13:53:43.263+0000] {logging_mixin.py:188} INFO - [2026-04-21T13:53:43.263+0000] {dag.py:3823} INFO - Setting next_dagrun for daily_student_pipeline to 2026-04-21 02:00:00+00:00, run_after=2026-04-22 02:00:00+00:00
[2026-04-21T13:53:43.283+0000] {processor.py:183} INFO - Processing /opt/airflow/dags/daily_student_pipeline.py took 0.096 seconds
[2026-04-21T13:54:13.765+0000] {processor.py:161} INFO - Started process (PID=1590) to work on /opt/airflow/dags/daily_student_pipeline.py
[2026-04-21T13:54:13.767+0000] {processor.py:830} INFO - Processing file /opt/airflow/dags/daily_student_pipeline.py for tasks to queue
[2026-04-21T13:54:13.768+0000] {logging_mixin.py:188} INFO - [2026-04-21T13:54:13.767+0000] {dagbag.py:538} INFO - Filling up the DagBag from /opt/airflow/dags/daily_student_pipeline.py
[2026-04-21T13:54:13.793+0000] {processor.py:840} INFO - DAG(s) 'daily_student_pipeline' retrieved from /opt/airflow/dags/daily_student_pipeline.py
[2026-04-21T13:54:13.823+0000] {logging_mixin.py:188} INFO - [2026-04-21T13:54:13.822+0000] {dag.py:3036} INFO - Sync 1 DAGs
[2026-04-21T13:54:13.844+0000] {logging_mixin.py:188} INFO - [2026-04-21T13:54:13.844+0000] {dag.py:3823} INFO - Setting next_dagrun for daily_student_pipeline to 2026-04-21 02:00:00+00:00, run_after=2026-04-22 02:00:00+00:00
[2026-04-21T13:54:13.867+0000] {processor.py:183} INFO - Processing /opt/airflow/dags/daily_student_pipeline.py took 0.106 seconds
[2026-04-21T13:54:44.488+0000] {processor.py:161} INFO - Started process (PID=1613) to work on /opt/airflow/dags/daily_student_pipeline.py
[2026-04-21T13:54:44.489+0000] {processor.py:830} INFO - Processing file /opt/airflow/dags/daily_student_pipeline.py for tasks to queue
[2026-04-21T13:54:44.489+0000] {logging_mixin.py:188} INFO - [2026-04-21T13:54:44.489+0000] {dagbag.py:538} INFO - Filling up the DagBag from /opt/airflow/dags/daily_student_pipeline.py
[2026-04-21T13:54:44.512+0000] {processor.py:840} INFO - DAG(s) 'daily_student_pipeline' retrieved from /opt/airflow/dags/daily_student_pipeline.py
[2026-04-21T13:54:44.539+0000] {logging_mixin.py:188} INFO - [2026-04-21T13:54:44.539+0000] {dag.py:3036} INFO - Sync 1 DAGs
[2026-04-21T13:54:44.560+0000] {logging_mixin.py:188} INFO - [2026-04-21T13:54:44.560+0000] {dag.py:3823} INFO - Setting next_dagrun for daily_student_pipeline to 2026-04-21 02:00:00+00:00, run_after=2026-04-22 02:00:00+00:00
[2026-04-21T13:54:44.581+0000] {processor.py:183} INFO - Processing /opt/airflow/dags/daily_student_pipeline.py took 0.096 seconds
[2026-04-21T13:55:14.663+0000] {processor.py:161} INFO - Started process (PID=1636) to work on /opt/airflow/dags/daily_student_pipeline.py
[2026-04-21T13:55:14.664+0000] {processor.py:830} INFO - Processing file /opt/airflow/dags/daily_student_pipeline.py for tasks to queue
[2026-04-21T13:55:14.665+0000] {logging_mixin.py:188} INFO - [2026-04-21T13:55:14.665+0000] {dagbag.py:538} INFO - Filling up the DagBag from /opt/airflow/dags/daily_student_pipeline.py
[2026-04-21T13:55:14.684+0000] {processor.py:840} INFO - DAG(s) 'daily_student_pipeline' retrieved from /opt/airflow/dags/daily_student_pipeline.py
[2026-04-21T13:55:14.708+0000] {logging_mixin.py:188} INFO - [2026-04-21T13:55:14.708+0000] {dag.py:3036} INFO - Sync 1 DAGs
[2026-04-21T13:55:14.729+0000] {logging_mixin.py:188} INFO - [2026-04-21T13:55:14.729+0000] {dag.py:3823} INFO - Setting next_dagrun for daily_student_pipeline to 2026-04-21 02:00:00+00:00, run_after=2026-04-22 02:00:00+00:00
[2026-04-21T13:55:14.748+0000] {processor.py:183} INFO - Processing /opt/airflow/dags/daily_student_pipeline.py took 0.088 seconds
[2026-04-21T13:55:44.800+0000] {processor.py:161} INFO - Started process (PID=1659) to work on /opt/airflow/dags/daily_student_pipeline.py
[2026-04-21T13:55:44.801+0000] {processor.py:830} INFO - Processing file /opt/airflow/dags/daily_student_pipeline.py for tasks to queue
[2026-04-21T13:55:44.802+0000] {logging_mixin.py:188} INFO - [2026-04-21T13:55:44.802+0000] {dagbag.py:538} INFO - Filling up the DagBag from /opt/airflow/dags/daily_student_pipeline.py
[2026-04-21T13:55:44.821+0000] {processor.py:840} INFO - DAG(s) 'daily_student_pipeline' retrieved from /opt/airflow/dags/daily_student_pipeline.py
[2026-04-21T13:55:44.846+0000] {logging_mixin.py:188} INFO - [2026-04-21T13:55:44.846+0000] {dag.py:3036} INFO - Sync 1 DAGs
[2026-04-21T13:55:44.866+0000] {logging_mixin.py:188} INFO - [2026-04-21T13:55:44.865+0000] {dag.py:3823} INFO - Setting next_dagrun for daily_student_pipeline to 2026-04-21 02:00:00+00:00, run_after=2026-04-22 02:00:00+00:00
[2026-04-21T13:55:44.888+0000] {processor.py:183} INFO - Processing /opt/airflow/dags/daily_student_pipeline.py took 0.091 seconds
[2026-04-21T13:56:15.922+0000] {processor.py:161} INFO - Started process (PID=1682) to work on /opt/airflow/dags/daily_student_pipeline.py
[2026-04-21T13:56:15.923+0000] {processor.py:830} INFO - Processing file /opt/airflow/dags/daily_student_pipeline.py for tasks to queue
[2026-04-21T13:56:15.924+0000] {logging_mixin.py:188} INFO - [2026-04-21T13:56:15.924+0000] {dagbag.py:538} INFO - Filling up the DagBag from /opt/airflow/dags/daily_student_pipeline.py
[2026-04-21T13:56:15.943+0000] {processor.py:840} INFO - DAG(s) 'daily_student_pipeline' retrieved from /opt/airflow/dags/daily_student_pipeline.py
[2026-04-21T13:56:15.967+0000] {logging_mixin.py:188} INFO - [2026-04-21T13:56:15.967+0000] {dag.py:3036} INFO - Sync 1 DAGs
[2026-04-21T13:56:15.987+0000] {logging_mixin.py:188} INFO - [2026-04-21T13:56:15.986+0000] {dag.py:3823} INFO - Setting next_dagrun for daily_student_pipeline to 2026-04-21 02:00:00+00:00, run_after=2026-04-22 02:00:00+00:00
[2026-04-21T13:56:16.004+0000] {processor.py:183} INFO - Processing /opt/airflow/dags/daily_student_pipeline.py took 0.085 seconds
[2026-04-21T13:56:46.076+0000] {processor.py:161} INFO - Started process (PID=1705) to work on /opt/airflow/dags/daily_student_pipeline.py
[2026-04-21T13:56:46.077+0000] {processor.py:830} INFO - Processing file /opt/airflow/dags/daily_student_pipeline.py for tasks to queue
[2026-04-21T13:56:46.078+0000] {logging_mixin.py:188} INFO - [2026-04-21T13:56:46.078+0000] {dagbag.py:538} INFO - Filling up the DagBag from /opt/airflow/dags/daily_student_pipeline.py
[2026-04-21T13:56:46.098+0000] {processor.py:840} INFO - DAG(s) 'daily_student_pipeline' retrieved from /opt/airflow/dags/daily_student_pipeline.py
[2026-04-21T13:56:46.122+0000] {logging_mixin.py:188} INFO - [2026-04-21T13:56:46.122+0000] {dag.py:3036} INFO - Sync 1 DAGs
[2026-04-21T13:56:46.143+0000] {logging_mixin.py:188} INFO - [2026-04-21T13:56:46.142+0000] {dag.py:3823} INFO - Setting next_dagrun for daily_student_pipeline to 2026-04-21 02:00:00+00:00, run_after=2026-04-22 02:00:00+00:00
[2026-04-21T13:56:46.165+0000] {processor.py:183} INFO - Processing /opt/airflow/dags/daily_student_pipeline.py took 0.092 seconds
[2026-04-21T13:57:16.257+0000] {processor.py:161} INFO - Started process (PID=1728) to work on /opt/airflow/dags/daily_student_pipeline.py
[2026-04-21T13:57:16.258+0000] {processor.py:830} INFO - Processing file /opt/airflow/dags/daily_student_pipeline.py for tasks to queue
[2026-04-21T13:57:16.259+0000] {logging_mixin.py:188} INFO - [2026-04-21T13:57:16.259+0000] {dagbag.py:538} INFO - Filling up the DagBag from /opt/airflow/dags/daily_student_pipeline.py
[2026-04-21T13:57:16.284+0000] {processor.py:840} INFO - DAG(s) 'daily_student_pipeline' retrieved from /opt/airflow/dags/daily_student_pipeline.py
[2026-04-21T13:57:16.311+0000] {logging_mixin.py:188} INFO - [2026-04-21T13:57:16.311+0000] {dag.py:3036} INFO - Sync 1 DAGs
[2026-04-21T13:57:16.336+0000] {logging_mixin.py:188} INFO - [2026-04-21T13:57:16.336+0000] {dag.py:3823} INFO - Setting next_dagrun for daily_student_pipeline to 2026-04-21 02:00:00+00:00, run_after=2026-04-22 02:00:00+00:00
[2026-04-21T13:57:16.360+0000] {processor.py:183} INFO - Processing /opt/airflow/dags/daily_student_pipeline.py took 0.106 seconds
[2026-04-21T13:57:47.305+0000] {processor.py:161} INFO - Started process (PID=1743) to work on /opt/airflow/dags/daily_student_pipeline.py
[2026-04-21T13:57:47.306+0000] {processor.py:830} INFO - Processing file /opt/airflow/dags/daily_student_pipeline.py for tasks to queue
[2026-04-21T13:57:47.307+0000] {logging_mixin.py:188} INFO - [2026-04-21T13:57:47.307+0000] {dagbag.py:538} INFO - Filling up the DagBag from /opt/airflow/dags/daily_student_pipeline.py
[2026-04-21T13:57:47.333+0000] {processor.py:840} INFO - DAG(s) 'daily_student_pipeline' retrieved from /opt/airflow/dags/daily_student_pipeline.py
[2026-04-21T13:57:47.360+0000] {logging_mixin.py:188} INFO - [2026-04-21T13:57:47.359+0000] {dag.py:3036} INFO - Sync 1 DAGs
[2026-04-21T13:57:47.380+0000] {logging_mixin.py:188} INFO - [2026-04-21T13:57:47.380+0000] {dag.py:3823} INFO - Setting next_dagrun for daily_student_pipeline to 2026-04-21 02:00:00+00:00, run_after=2026-04-22 02:00:00+00:00
[2026-04-21T13:57:47.402+0000] {processor.py:183} INFO - Processing /opt/airflow/dags/daily_student_pipeline.py took 0.099 seconds
[2026-04-21T13:58:17.487+0000] {processor.py:161} INFO - Started process (PID=1766) to work on /opt/airflow/dags/daily_student_pipeline.py
[2026-04-21T13:58:17.488+0000] {processor.py:830} INFO - Processing file /opt/airflow/dags/daily_student_pipeline.py for tasks to queue
[2026-04-21T13:58:17.489+0000] {logging_mixin.py:188} INFO - [2026-04-21T13:58:17.489+0000] {dagbag.py:538} INFO - Filling up the DagBag from /opt/airflow/dags/daily_student_pipeline.py
[2026-04-21T13:58:17.509+0000] {processor.py:840} INFO - DAG(s) 'daily_student_pipeline' retrieved from /opt/airflow/dags/daily_student_pipeline.py
[2026-04-21T13:58:17.536+0000] {logging_mixin.py:188} INFO - [2026-04-21T13:58:17.536+0000] {dag.py:3036} INFO - Sync 1 DAGs
[2026-04-21T13:58:17.558+0000] {logging_mixin.py:188} INFO - [2026-04-21T13:58:17.557+0000] {dag.py:3823} INFO - Setting next_dagrun for daily_student_pipeline to 2026-04-21 02:00:00+00:00, run_after=2026-04-22 02:00:00+00:00
[2026-04-21T13:58:17.581+0000] {processor.py:183} INFO - Processing /opt/airflow/dags/daily_student_pipeline.py took 0.097 seconds
[2026-04-21T13:58:49.583+0000] {processor.py:161} INFO - Started process (PID=1789) to work on /opt/airflow/dags/daily_student_pipeline.py
[2026-04-21T13:58:49.584+0000] {processor.py:830} INFO - Processing file /opt/airflow/dags/daily_student_pipeline.py for tasks to queue
[2026-04-21T13:58:49.585+0000] {logging_mixin.py:188} INFO - [2026-04-21T13:58:49.585+0000] {dagbag.py:538} INFO - Filling up the DagBag from /opt/airflow/dags/daily_student_pipeline.py
[2026-04-21T13:58:49.604+0000] {processor.py:840} INFO - DAG(s) 'daily_student_pipeline' retrieved from /opt/airflow/dags/daily_student_pipeline.py
[2026-04-21T13:58:49.630+0000] {logging_mixin.py:188} INFO - [2026-04-21T13:58:49.630+0000] {dag.py:3036} INFO - Sync 1 DAGs
[2026-04-21T13:58:49.651+0000] {logging_mixin.py:188} INFO - [2026-04-21T13:58:49.651+0000] {dag.py:3823} INFO - Setting next_dagrun for daily_student_pipeline to 2026-04-21 02:00:00+00:00, run_after=2026-04-22 02:00:00+00:00
[2026-04-21T13:58:49.672+0000] {processor.py:183} INFO - Processing /opt/airflow/dags/daily_student_pipeline.py took 0.092 seconds
[2026-04-21T13:59:19.724+0000] {processor.py:161} INFO - Started process (PID=1812) to work on /opt/airflow/dags/daily_student_pipeline.py
[2026-04-21T13:59:19.725+0000] {processor.py:830} INFO - Processing file /opt/airflow/dags/daily_student_pipeline.py for tasks to queue
[2026-04-21T13:59:19.726+0000] {logging_mixin.py:188} INFO - [2026-04-21T13:59:19.726+0000] {dagbag.py:538} INFO - Filling up the DagBag from /opt/airflow/dags/daily_student_pipeline.py
[2026-04-21T13:59:19.747+0000] {processor.py:840} INFO - DAG(s) 'daily_student_pipeline' retrieved from /opt/airflow/dags/daily_student_pipeline.py
[2026-04-21T13:59:19.781+0000] {logging_mixin.py:188} INFO - [2026-04-21T13:59:19.781+0000] {dag.py:3036} INFO - Sync 1 DAGs
[2026-04-21T13:59:19.807+0000] {logging_mixin.py:188} INFO - [2026-04-21T13:59:19.807+0000] {dag.py:3823} INFO - Setting next_dagrun for daily_student_pipeline to 2026-04-21 02:00:00+00:00, run_after=2026-04-22 02:00:00+00:00
[2026-04-21T13:59:19.827+0000] {processor.py:183} INFO - Processing /opt/airflow/dags/daily_student_pipeline.py took 0.106 seconds
[2026-04-21T13:59:50.348+0000] {processor.py:161} INFO - Started process (PID=1835) to work on /opt/airflow/dags/daily_student_pipeline.py
[2026-04-21T13:59:50.349+0000] {processor.py:830} INFO - Processing file /opt/airflow/dags/daily_student_pipeline.py for tasks to queue
[2026-04-21T13:59:50.350+0000] {logging_mixin.py:188} INFO - [2026-04-21T13:59:50.350+0000] {dagbag.py:538} INFO - Filling up the DagBag from /opt/airflow/dags/daily_student_pipeline.py
[2026-04-21T13:59:50.370+0000] {processor.py:840} INFO - DAG(s) 'daily_student_pipeline' retrieved from /opt/airflow/dags/daily_student_pipeline.py
[2026-04-21T13:59:50.399+0000] {logging_mixin.py:188} INFO - [2026-04-21T13:59:50.399+0000] {dag.py:3036} INFO - Sync 1 DAGs
[2026-04-21T13:59:50.421+0000] {logging_mixin.py:188} INFO - [2026-04-21T13:59:50.420+0000] {dag.py:3823} INFO - Setting next_dagrun for daily_student_pipeline to 2026-04-21 02:00:00+00:00, run_after=2026-04-22 02:00:00+00:00
[2026-04-21T13:59:50.442+0000] {processor.py:183} INFO - Processing /opt/airflow/dags/daily_student_pipeline.py took 0.097 seconds
[2026-04-21T14:00:21.381+0000] {processor.py:161} INFO - Started process (PID=1858) to work on /opt/airflow/dags/daily_student_pipeline.py
[2026-04-21T14:00:21.382+0000] {processor.py:830} INFO - Processing file /opt/airflow/dags/daily_student_pipeline.py for tasks to queue
[2026-04-21T14:00:21.383+0000] {logging_mixin.py:188} INFO - [2026-04-21T14:00:21.383+0000] {dagbag.py:538} INFO - Filling up the DagBag from /opt/airflow/dags/daily_student_pipeline.py
[2026-04-21T14:00:21.399+0000] {processor.py:840} INFO - DAG(s) 'daily_student_pipeline' retrieved from /opt/airflow/dags/daily_student_pipeline.py
[2026-04-21T14:00:21.425+0000] {logging_mixin.py:188} INFO - [2026-04-21T14:00:21.425+0000] {dag.py:3036} INFO - Sync 1 DAGs
[2026-04-21T14:00:21.446+0000] {logging_mixin.py:188} INFO - [2026-04-21T14:00:21.445+0000] {dag.py:3823} INFO - Setting next_dagrun for daily_student_pipeline to 2026-04-21 02:00:00+00:00, run_after=2026-04-22 02:00:00+00:00
[2026-04-21T14:00:21.470+0000] {processor.py:183} INFO - Processing /opt/airflow/dags/daily_student_pipeline.py took 0.091 seconds
[2026-04-21T14:00:52.151+0000] {processor.py:161} INFO - Started process (PID=1881) to work on /opt/airflow/dags/daily_student_pipeline.py
[2026-04-21T14:00:52.152+0000] {processor.py:830} INFO - Processing file /opt/airflow/dags/daily_student_pipeline.py for tasks to queue
[2026-04-21T14:00:52.153+0000] {logging_mixin.py:188} INFO - [2026-04-21T14:00:52.153+0000] {dagbag.py:538} INFO - Filling up the DagBag from /opt/airflow/dags/daily_student_pipeline.py
[2026-04-21T14:00:52.181+0000] {processor.py:840} INFO - DAG(s) 'daily_student_pipeline' retrieved from /opt/airflow/dags/daily_student_pipeline.py
[2026-04-21T14:00:52.224+0000] {logging_mixin.py:188} INFO - [2026-04-21T14:00:52.224+0000] {dag.py:3036} INFO - Sync 1 DAGs
[2026-04-21T14:00:52.256+0000] {logging_mixin.py:188} INFO - [2026-04-21T14:00:52.256+0000] {dag.py:3823} INFO - Setting next_dagrun for daily_student_pipeline to 2026-04-21 02:00:00+00:00, run_after=2026-04-22 02:00:00+00:00
[2026-04-21T14:00:52.282+0000] {processor.py:183} INFO - Processing /opt/airflow/dags/daily_student_pipeline.py took 0.135 seconds
[2026-04-21T14:01:23.019+0000] {processor.py:161} INFO - Started process (PID=1904) to work on /opt/airflow/dags/daily_student_pipeline.py
[2026-04-21T14:01:23.020+0000] {processor.py:830} INFO - Processing file /opt/airflow/dags/daily_student_pipeline.py for tasks to queue
[2026-04-21T14:01:23.021+0000] {logging_mixin.py:188} INFO - [2026-04-21T14:01:23.021+0000] {dagbag.py:538} INFO - Filling up the DagBag from /opt/airflow/dags/daily_student_pipeline.py
[2026-04-21T14:01:23.047+0000] {processor.py:840} INFO - DAG(s) 'daily_student_pipeline' retrieved from /opt/airflow/dags/daily_student_pipeline.py
[2026-04-21T14:01:23.088+0000] {logging_mixin.py:188} INFO - [2026-04-21T14:01:23.088+0000] {dag.py:3036} INFO - Sync 1 DAGs
[2026-04-21T14:01:23.115+0000] {logging_mixin.py:188} INFO - [2026-04-21T14:01:23.115+0000] {dag.py:3823} INFO - Setting next_dagrun for daily_student_pipeline to 2026-04-21 02:00:00+00:00, run_after=2026-04-22 02:00:00+00:00
[2026-04-21T14:01:23.140+0000] {processor.py:183} INFO - Processing /opt/airflow/dags/daily_student_pipeline.py took 0.124 seconds
[2026-04-21T14:01:53.410+0000] {processor.py:161} INFO - Started process (PID=1927) to work on /opt/airflow/dags/daily_student_pipeline.py
[2026-04-21T14:01:53.411+0000] {processor.py:830} INFO - Processing file /opt/airflow/dags/daily_student_pipeline.py for tasks to queue
[2026-04-21T14:01:53.412+0000] {logging_mixin.py:188} INFO - [2026-04-21T14:01:53.411+0000] {dagbag.py:538} INFO - Filling up the DagBag from /opt/airflow/dags/daily_student_pipeline.py
[2026-04-21T14:01:53.439+0000] {processor.py:840} INFO - DAG(s) 'daily_student_pipeline' retrieved from /opt/airflow/dags/daily_student_pipeline.py
[2026-04-21T14:01:53.477+0000] {logging_mixin.py:188} INFO - [2026-04-21T14:01:53.477+0000] {dag.py:3036} INFO - Sync 1 DAGs
[2026-04-21T14:01:53.501+0000] {logging_mixin.py:188} INFO - [2026-04-21T14:01:53.501+0000] {dag.py:3823} INFO - Setting next_dagrun for daily_student_pipeline to 2026-04-21 02:00:00+00:00, run_after=2026-04-22 02:00:00+00:00
[2026-04-21T14:01:53.520+0000] {processor.py:183} INFO - Processing /opt/airflow/dags/daily_student_pipeline.py took 0.113 seconds
[2026-04-21T14:02:24.174+0000] {processor.py:161} INFO - Started process (PID=1950) to work on /opt/airflow/dags/daily_student_pipeline.py
[2026-04-21T14:02:24.176+0000] {processor.py:830} INFO - Processing file /opt/airflow/dags/daily_student_pipeline.py for tasks to queue
[2026-04-21T14:02:24.177+0000] {logging_mixin.py:188} INFO - [2026-04-21T14:02:24.177+0000] {dagbag.py:538} INFO - Filling up the DagBag from /opt/airflow/dags/daily_student_pipeline.py
[2026-04-21T14:02:24.197+0000] {processor.py:840} INFO - DAG(s) 'daily_student_pipeline' retrieved from /opt/airflow/dags/daily_student_pipeline.py
[2026-04-21T14:02:24.223+0000] {logging_mixin.py:188} INFO - [2026-04-21T14:02:24.223+0000] {dag.py:3036} INFO - Sync 1 DAGs
[2026-04-21T14:02:24.243+0000] {logging_mixin.py:188} INFO - [2026-04-21T14:02:24.243+0000] {dag.py:3823} INFO - Setting next_dagrun for daily_student_pipeline to 2026-04-21 02:00:00+00:00, run_after=2026-04-22 02:00:00+00:00
[2026-04-21T14:02:24.261+0000] {processor.py:183} INFO - Processing /opt/airflow/dags/daily_student_pipeline.py took 0.091 seconds
[2026-04-21T14:02:54.298+0000] {processor.py:161} INFO - Started process (PID=1965) to work on /opt/airflow/dags/daily_student_pipeline.py
[2026-04-21T14:02:54.300+0000] {processor.py:830} INFO - Processing file /opt/airflow/dags/daily_student_pipeline.py for tasks to queue
[2026-04-21T14:02:54.301+0000] {logging_mixin.py:188} INFO - [2026-04-21T14:02:54.300+0000] {dagbag.py:538} INFO - Filling up the DagBag from /opt/airflow/dags/daily_student_pipeline.py
[2026-04-21T14:02:54.317+0000] {processor.py:840} INFO - DAG(s) 'daily_student_pipeline' retrieved from /opt/airflow/dags/daily_student_pipeline.py
[2026-04-21T14:02:54.343+0000] {logging_mixin.py:188} INFO - [2026-04-21T14:02:54.343+0000] {dag.py:3036} INFO - Sync 1 DAGs
[2026-04-21T14:02:54.363+0000] {logging_mixin.py:188} INFO - [2026-04-21T14:02:54.362+0000] {dag.py:3823} INFO - Setting next_dagrun for daily_student_pipeline to 2026-04-21 02:00:00+00:00, run_after=2026-04-22 02:00:00+00:00
[2026-04-21T14:02:54.384+0000] {processor.py:183} INFO - Processing /opt/airflow/dags/daily_student_pipeline.py took 0.089 seconds
[2026-04-21T14:03:24.761+0000] {processor.py:161} INFO - Started process (PID=1988) to work on /opt/airflow/dags/daily_student_pipeline.py
[2026-04-21T14:03:24.762+0000] {processor.py:830} INFO - Processing file /opt/airflow/dags/daily_student_pipeline.py for tasks to queue
[2026-04-21T14:03:24.763+0000] {logging_mixin.py:188} INFO - [2026-04-21T14:03:24.763+0000] {dagbag.py:538} INFO - Filling up the DagBag from /opt/airflow/dags/daily_student_pipeline.py
[2026-04-21T14:03:24.786+0000] {processor.py:840} INFO - DAG(s) 'daily_student_pipeline' retrieved from /opt/airflow/dags/daily_student_pipeline.py
[2026-04-21T14:03:24.816+0000] {logging_mixin.py:188} INFO - [2026-04-21T14:03:24.816+0000] {dag.py:3036} INFO - Sync 1 DAGs
[2026-04-21T14:03:24.840+0000] {logging_mixin.py:188} INFO - [2026-04-21T14:03:24.840+0000] {dag.py:3823} INFO - Setting next_dagrun for daily_student_pipeline to 2026-04-21 02:00:00+00:00, run_after=2026-04-22 02:00:00+00:00
[2026-04-21T14:03:24.862+0000] {processor.py:183} INFO - Processing /opt/airflow/dags/daily_student_pipeline.py took 0.104 seconds
[2026-04-21T14:03:55.452+0000] {processor.py:161} INFO - Started process (PID=2011) to work on /opt/airflow/dags/daily_student_pipeline.py
[2026-04-21T14:03:55.453+0000] {processor.py:830} INFO - Processing file /opt/airflow/dags/daily_student_pipeline.py for tasks to queue
[2026-04-21T14:03:55.454+0000] {logging_mixin.py:188} INFO - [2026-04-21T14:03:55.453+0000] {dagbag.py:538} INFO - Filling up the DagBag from /opt/airflow/dags/daily_student_pipeline.py
[2026-04-21T14:03:55.472+0000] {processor.py:840} INFO - DAG(s) 'daily_student_pipeline' retrieved from /opt/airflow/dags/daily_student_pipeline.py
[2026-04-21T14:03:55.497+0000] {logging_mixin.py:188} INFO - [2026-04-21T14:03:55.497+0000] {dag.py:3036} INFO - Sync 1 DAGs
[2026-04-21T14:03:55.519+0000] {logging_mixin.py:188} INFO - [2026-04-21T14:03:55.519+0000] {dag.py:3823} INFO - Setting next_dagrun for daily_student_pipeline to 2026-04-21 02:00:00+00:00, run_after=2026-04-22 02:00:00+00:00
[2026-04-21T14:03:55.544+0000] {processor.py:183} INFO - Processing /opt/airflow/dags/daily_student_pipeline.py took 0.095 seconds
[2026-04-21T14:04:26.859+0000] {processor.py:161} INFO - Started process (PID=2034) to work on /opt/airflow/dags/daily_student_pipeline.py
[2026-04-21T14:04:26.860+0000] {processor.py:830} INFO - Processing file /opt/airflow/dags/daily_student_pipeline.py for tasks to queue
[2026-04-21T14:04:26.861+0000] {logging_mixin.py:188} INFO - [2026-04-21T14:04:26.861+0000] {dagbag.py:538} INFO - Filling up the DagBag from /opt/airflow/dags/daily_student_pipeline.py
[2026-04-21T14:04:26.902+0000] {processor.py:840} INFO - DAG(s) 'daily_student_pipeline' retrieved from /opt/airflow/dags/daily_student_pipeline.py
[2026-04-21T14:04:26.954+0000] {logging_mixin.py:188} INFO - [2026-04-21T14:04:26.954+0000] {dag.py:3036} INFO - Sync 1 DAGs
[2026-04-21T14:04:26.979+0000] {logging_mixin.py:188} INFO - [2026-04-21T14:04:26.978+0000] {dag.py:3823} INFO - Setting next_dagrun for daily_student_pipeline to 2026-04-21 02:00:00+00:00, run_after=2026-04-22 02:00:00+00:00
[2026-04-21T14:04:26.999+0000] {processor.py:183} INFO - Processing /opt/airflow/dags/daily_student_pipeline.py took 0.144 seconds
[2026-04-21T14:04:57.088+0000] {processor.py:161} INFO - Started process (PID=2057) to work on /opt/airflow/dags/daily_student_pipeline.py
[2026-04-21T14:04:57.089+0000] {processor.py:830} INFO - Processing file /opt/airflow/dags/daily_student_pipeline.py for tasks to queue
[2026-04-21T14:04:57.089+0000] {logging_mixin.py:188} INFO - [2026-04-21T14:04:57.089+0000] {dagbag.py:538} INFO - Filling up the DagBag from /opt/airflow/dags/daily_student_pipeline.py
[2026-04-21T14:04:57.113+0000] {processor.py:840} INFO - DAG(s) 'daily_student_pipeline' retrieved from /opt/airflow/dags/daily_student_pipeline.py
[2026-04-21T14:04:57.142+0000] {logging_mixin.py:188} INFO - [2026-04-21T14:04:57.142+0000] {dag.py:3036} INFO - Sync 1 DAGs
[2026-04-21T14:04:57.174+0000] {logging_mixin.py:188} INFO - [2026-04-21T14:04:57.174+0000] {dag.py:3823} INFO - Setting next_dagrun for daily_student_pipeline to 2026-04-21 02:00:00+00:00, run_after=2026-04-22 02:00:00+00:00
[2026-04-21T14:04:57.196+0000] {processor.py:183} INFO - Processing /opt/airflow/dags/daily_student_pipeline.py took 0.111 seconds
[2026-04-21T14:05:27.597+0000] {processor.py:161} INFO - Started process (PID=2080) to work on /opt/airflow/dags/daily_student_pipeline.py
[2026-04-21T14:05:27.598+0000] {processor.py:830} INFO - Processing file /opt/airflow/dags/daily_student_pipeline.py for tasks to queue
[2026-04-21T14:05:27.599+0000] {logging_mixin.py:188} INFO - [2026-04-21T14:05:27.599+0000] {dagbag.py:538} INFO - Filling up the DagBag from /opt/airflow/dags/daily_student_pipeline.py
[2026-04-21T14:05:27.625+0000] {processor.py:840} INFO - DAG(s) 'daily_student_pipeline' retrieved from /opt/airflow/dags/daily_student_pipeline.py
[2026-04-21T14:05:27.653+0000] {logging_mixin.py:188} INFO - [2026-04-21T14:05:27.653+0000] {dag.py:3036} INFO - Sync 1 DAGs
[2026-04-21T14:05:27.679+0000] {logging_mixin.py:188} INFO - [2026-04-21T14:05:27.679+0000] {dag.py:3823} INFO - Setting next_dagrun for daily_student_pipeline to 2026-04-21 02:00:00+00:00, run_after=2026-04-22 02:00:00+00:00
[2026-04-21T14:05:27.706+0000] {processor.py:183} INFO - Processing /opt/airflow/dags/daily_student_pipeline.py took 0.113 seconds
[2026-04-21T14:05:57.930+0000] {processor.py:161} INFO - Started process (PID=2103) to work on /opt/airflow/dags/daily_student_pipeline.py
[2026-04-21T14:05:57.931+0000] {processor.py:830} INFO - Processing file /opt/airflow/dags/daily_student_pipeline.py for tasks to queue
[2026-04-21T14:05:57.932+0000] {logging_mixin.py:188} INFO - [2026-04-21T14:05:57.931+0000] {dagbag.py:538} INFO - Filling up the DagBag from /opt/airflow/dags/daily_student_pipeline.py
[2026-04-21T14:05:57.960+0000] {processor.py:840} INFO - DAG(s) 'daily_student_pipeline' retrieved from /opt/airflow/dags/daily_student_pipeline.py
[2026-04-21T14:05:58.006+0000] {logging_mixin.py:188} INFO - [2026-04-21T14:05:58.006+0000] {dag.py:3036} INFO - Sync 1 DAGs
[2026-04-21T14:05:58.038+0000] {logging_mixin.py:188} INFO - [2026-04-21T14:05:58.037+0000] {dag.py:3823} INFO - Setting next_dagrun for daily_student_pipeline to 2026-04-21 02:00:00+00:00, run_after=2026-04-22 02:00:00+00:00
[2026-04-21T14:05:58.062+0000] {processor.py:183} INFO - Processing /opt/airflow/dags/daily_student_pipeline.py took 0.136 seconds
[2026-04-21T14:06:28.511+0000] {processor.py:161} INFO - Started process (PID=2126) to work on /opt/airflow/dags/daily_student_pipeline.py
[2026-04-21T14:06:28.512+0000] {processor.py:830} INFO - Processing file /opt/airflow/dags/daily_student_pipeline.py for tasks to queue
[2026-04-21T14:06:28.513+0000] {logging_mixin.py:188} INFO - [2026-04-21T14:06:28.512+0000] {dagbag.py:538} INFO - Filling up the DagBag from /opt/airflow/dags/daily_student_pipeline.py
[2026-04-21T14:06:28.544+0000] {processor.py:840} INFO - DAG(s) 'daily_student_pipeline' retrieved from /opt/airflow/dags/daily_student_pipeline.py
[2026-04-21T14:06:28.578+0000] {logging_mixin.py:188} INFO - [2026-04-21T14:06:28.578+0000] {dag.py:3036} INFO - Sync 1 DAGs
[2026-04-21T14:06:28.604+0000] {logging_mixin.py:188} INFO - [2026-04-21T14:06:28.604+0000] {dag.py:3823} INFO - Setting next_dagrun for daily_student_pipeline to 2026-04-21 02:00:00+00:00, run_after=2026-04-22 02:00:00+00:00
[2026-04-21T14:06:28.625+0000] {processor.py:183} INFO - Processing /opt/airflow/dags/daily_student_pipeline.py took 0.116 seconds
[2026-04-21T14:06:59.571+0000] {processor.py:161} INFO - Started process (PID=2149) to work on /opt/airflow/dags/daily_student_pipeline.py
[2026-04-21T14:06:59.572+0000] {processor.py:830} INFO - Processing file /opt/airflow/dags/daily_student_pipeline.py for tasks to queue
[2026-04-21T14:06:59.573+0000] {logging_mixin.py:188} INFO - [2026-04-21T14:06:59.573+0000] {dagbag.py:538} INFO - Filling up the DagBag from /opt/airflow/dags/daily_student_pipeline.py
[2026-04-21T14:06:59.590+0000] {processor.py:840} INFO - DAG(s) 'daily_student_pipeline' retrieved from /opt/airflow/dags/daily_student_pipeline.py
[2026-04-21T14:06:59.615+0000] {logging_mixin.py:188} INFO - [2026-04-21T14:06:59.615+0000] {dag.py:3036} INFO - Sync 1 DAGs
[2026-04-21T14:06:59.636+0000] {logging_mixin.py:188} INFO - [2026-04-21T14:06:59.636+0000] {dag.py:3823} INFO - Setting next_dagrun for daily_student_pipeline to 2026-04-21 02:00:00+00:00, run_after=2026-04-22 02:00:00+00:00
[2026-04-21T14:06:59.658+0000] {processor.py:183} INFO - Processing /opt/airflow/dags/daily_student_pipeline.py took 0.090 seconds
[2026-04-21T14:07:29.695+0000] {processor.py:161} INFO - Started process (PID=2172) to work on /opt/airflow/dags/daily_student_pipeline.py
[2026-04-21T14:07:29.697+0000] {processor.py:830} INFO - Processing file /opt/airflow/dags/daily_student_pipeline.py for tasks to queue
[2026-04-21T14:07:29.699+0000] {logging_mixin.py:188} INFO - [2026-04-21T14:07:29.698+0000] {dagbag.py:538} INFO - Filling up the DagBag from /opt/airflow/dags/daily_student_pipeline.py
[2026-04-21T14:07:29.744+0000] {processor.py:840} INFO - DAG(s) 'daily_student_pipeline' retrieved from /opt/airflow/dags/daily_student_pipeline.py
[2026-04-21T14:07:29.781+0000] {logging_mixin.py:188} INFO - [2026-04-21T14:07:29.781+0000] {dag.py:3036} INFO - Sync 1 DAGs
[2026-04-21T14:07:29.810+0000] {logging_mixin.py:188} INFO - [2026-04-21T14:07:29.809+0000] {dag.py:3823} INFO - Setting next_dagrun for daily_student_pipeline to 2026-04-21 02:00:00+00:00, run_after=2026-04-22 02:00:00+00:00
[2026-04-21T14:07:29.838+0000] {processor.py:183} INFO - Processing /opt/airflow/dags/daily_student_pipeline.py took 0.146 seconds
[2026-04-21T14:07:59.945+0000] {processor.py:161} INFO - Started process (PID=2187) to work on /opt/airflow/dags/daily_student_pipeline.py
[2026-04-21T14:07:59.946+0000] {processor.py:830} INFO - Processing file /opt/airflow/dags/daily_student_pipeline.py for tasks to queue
[2026-04-21T14:07:59.947+0000] {logging_mixin.py:188} INFO - [2026-04-21T14:07:59.946+0000] {dagbag.py:538} INFO - Filling up the DagBag from /opt/airflow/dags/daily_student_pipeline.py
[2026-04-21T14:07:59.966+0000] {processor.py:840} INFO - DAG(s) 'daily_student_pipeline' retrieved from /opt/airflow/dags/daily_student_pipeline.py
[2026-04-21T14:07:59.988+0000] {logging_mixin.py:188} INFO - [2026-04-21T14:07:59.988+0000] {dag.py:3036} INFO - Sync 1 DAGs
[2026-04-21T14:08:00.006+0000] {logging_mixin.py:188} INFO - [2026-04-21T14:08:00.006+0000] {dag.py:3823} INFO - Setting next_dagrun for daily_student_pipeline to 2026-04-21 02:00:00+00:00, run_after=2026-04-22 02:00:00+00:00
[2026-04-21T14:08:00.029+0000] {processor.py:183} INFO - Processing /opt/airflow/dags/daily_student_pipeline.py took 0.087 seconds
[2026-04-21T14:08:30.073+0000] {processor.py:161} INFO - Started process (PID=2210) to work on /opt/airflow/dags/daily_student_pipeline.py
[2026-04-21T14:08:30.074+0000] {processor.py:830} INFO - Processing file /opt/airflow/dags/daily_student_pipeline.py for tasks to queue
[2026-04-21T14:08:30.075+0000] {logging_mixin.py:188} INFO - [2026-04-21T14:08:30.075+0000] {dagbag.py:538} INFO - Filling up the DagBag from /opt/airflow/dags/daily_student_pipeline.py
[2026-04-21T14:08:30.095+0000] {processor.py:840} INFO - DAG(s) 'daily_student_pipeline' retrieved from /opt/airflow/dags/daily_student_pipeline.py
[2026-04-21T14:08:30.117+0000] {logging_mixin.py:188} INFO - [2026-04-21T14:08:30.117+0000] {dag.py:3036} INFO - Sync 1 DAGs
[2026-04-21T14:08:30.135+0000] {logging_mixin.py:188} INFO - [2026-04-21T14:08:30.135+0000] {dag.py:3823} INFO - Setting next_dagrun for daily_student_pipeline to 2026-04-21 02:00:00+00:00, run_after=2026-04-22 02:00:00+00:00
[2026-04-21T14:08:30.156+0000] {processor.py:183} INFO - Processing /opt/airflow/dags/daily_student_pipeline.py took 0.086 seconds
[2026-04-21T14:09:00.211+0000] {processor.py:161} INFO - Started process (PID=2233) to work on /opt/airflow/dags/daily_student_pipeline.py
[2026-04-21T14:09:00.213+0000] {processor.py:830} INFO - Processing file /opt/airflow/dags/daily_student_pipeline.py for tasks to queue
[2026-04-21T14:09:00.214+0000] {logging_mixin.py:188} INFO - [2026-04-21T14:09:00.213+0000] {dagbag.py:538} INFO - Filling up the DagBag from /opt/airflow/dags/daily_student_pipeline.py
[2026-04-21T14:09:00.234+0000] {processor.py:840} INFO - DAG(s) 'daily_student_pipeline' retrieved from /opt/airflow/dags/daily_student_pipeline.py
[2026-04-21T14:09:00.259+0000] {logging_mixin.py:188} INFO - [2026-04-21T14:09:00.259+0000] {dag.py:3036} INFO - Sync 1 DAGs
[2026-04-21T14:09:00.279+0000] {logging_mixin.py:188} INFO - [2026-04-21T14:09:00.278+0000] {dag.py:3823} INFO - Setting next_dagrun for daily_student_pipeline to 2026-04-21 02:00:00+00:00, run_after=2026-04-22 02:00:00+00:00
[2026-04-21T14:09:00.298+0000] {processor.py:183} INFO - Processing /opt/airflow/dags/daily_student_pipeline.py took 0.090 seconds
[2026-04-21T14:09:30.392+0000] {processor.py:161} INFO - Started process (PID=2256) to work on /opt/airflow/dags/daily_student_pipeline.py
[2026-04-21T14:09:30.393+0000] {processor.py:830} INFO - Processing file /opt/airflow/dags/daily_student_pipeline.py for tasks to queue
[2026-04-21T14:09:30.394+0000] {logging_mixin.py:188} INFO - [2026-04-21T14:09:30.394+0000] {dagbag.py:538} INFO - Filling up the DagBag from /opt/airflow/dags/daily_student_pipeline.py
[2026-04-21T14:09:30.411+0000] {processor.py:840} INFO - DAG(s) 'daily_student_pipeline' retrieved from /opt/airflow/dags/daily_student_pipeline.py
[2026-04-21T14:09:30.433+0000] {logging_mixin.py:188} INFO - [2026-04-21T14:09:30.433+0000] {dag.py:3036} INFO - Sync 1 DAGs
[2026-04-21T14:09:30.451+0000] {logging_mixin.py:188} INFO - [2026-04-21T14:09:30.451+0000] {dag.py:3823} INFO - Setting next_dagrun for daily_student_pipeline to 2026-04-21 02:00:00+00:00, run_after=2026-04-22 02:00:00+00:00
[2026-04-21T14:09:30.476+0000] {processor.py:183} INFO - Processing /opt/airflow/dags/daily_student_pipeline.py took 0.086 seconds
[2026-04-21T14:10:01.471+0000] {processor.py:161} INFO - Started process (PID=2279) to work on /opt/airflow/dags/daily_student_pipeline.py
[2026-04-21T14:10:01.472+0000] {processor.py:830} INFO - Processing file /opt/airflow/dags/daily_student_pipeline.py for tasks to queue
[2026-04-21T14:10:01.473+0000] {logging_mixin.py:188} INFO - [2026-04-21T14:10:01.473+0000] {dagbag.py:538} INFO - Filling up the DagBag from /opt/airflow/dags/daily_student_pipeline.py
[2026-04-21T14:10:01.492+0000] {processor.py:840} INFO - DAG(s) 'daily_student_pipeline' retrieved from /opt/airflow/dags/daily_student_pipeline.py
[2026-04-21T14:10:01.518+0000] {logging_mixin.py:188} INFO - [2026-04-21T14:10:01.518+0000] {dag.py:3036} INFO - Sync 1 DAGs
[2026-04-21T14:10:01.540+0000] {logging_mixin.py:188} INFO - [2026-04-21T14:10:01.540+0000] {dag.py:3823} INFO - Setting next_dagrun for daily_student_pipeline to 2026-04-21 02:00:00+00:00, run_after=2026-04-22 02:00:00+00:00
[2026-04-21T14:10:01.560+0000] {processor.py:183} INFO - Processing /opt/airflow/dags/daily_student_pipeline.py took 0.091 seconds
[2026-04-21T14:10:34.564+0000] {processor.py:161} INFO - Started process (PID=2302) to work on /opt/airflow/dags/daily_student_pipeline.py
[2026-04-21T14:10:34.565+0000] {processor.py:830} INFO - Processing file /opt/airflow/dags/daily_student_pipeline.py for tasks to queue
[2026-04-21T14:10:34.566+0000] {logging_mixin.py:188} INFO - [2026-04-21T14:10:34.566+0000] {dagbag.py:538} INFO - Filling up the DagBag from /opt/airflow/dags/daily_student_pipeline.py
[2026-04-21T14:10:34.589+0000] {processor.py:840} INFO - DAG(s) 'daily_student_pipeline' retrieved from /opt/airflow/dags/daily_student_pipeline.py
[2026-04-21T14:10:34.614+0000] {logging_mixin.py:188} INFO - [2026-04-21T14:10:34.614+0000] {dag.py:3036} INFO - Sync 1 DAGs
[2026-04-21T14:10:34.634+0000] {logging_mixin.py:188} INFO - [2026-04-21T14:10:34.634+0000] {dag.py:3823} INFO - Setting next_dagrun for daily_student_pipeline to 2026-04-21 02:00:00+00:00, run_after=2026-04-22 02:00:00+00:00
[2026-04-21T14:10:34.652+0000] {processor.py:183} INFO - Processing /opt/airflow/dags/daily_student_pipeline.py took 0.091 seconds
[2026-04-21T14:11:07.760+0000] {processor.py:161} INFO - Started process (PID=2325) to work on /opt/airflow/dags/daily_student_pipeline.py
[2026-04-21T14:11:07.761+0000] {processor.py:830} INFO - Processing file /opt/airflow/dags/daily_student_pipeline.py for tasks to queue
[2026-04-21T14:11:07.762+0000] {logging_mixin.py:188} INFO - [2026-04-21T14:11:07.761+0000] {dagbag.py:538} INFO - Filling up the DagBag from /opt/airflow/dags/daily_student_pipeline.py
[2026-04-21T14:11:07.778+0000] {processor.py:840} INFO - DAG(s) 'daily_student_pipeline' retrieved from /opt/airflow/dags/daily_student_pipeline.py
[2026-04-21T14:11:07.806+0000] {logging_mixin.py:188} INFO - [2026-04-21T14:11:07.805+0000] {dag.py:3036} INFO - Sync 1 DAGs
[2026-04-21T14:11:07.827+0000] {logging_mixin.py:188} INFO - [2026-04-21T14:11:07.826+0000] {dag.py:3823} INFO - Setting next_dagrun for daily_student_pipeline to 2026-04-21 02:00:00+00:00, run_after=2026-04-22 02:00:00+00:00
[2026-04-21T14:11:07.846+0000] {processor.py:183} INFO - Processing /opt/airflow/dags/daily_student_pipeline.py took 0.089 seconds
[2026-04-21T14:11:39.885+0000] {processor.py:161} INFO - Started process (PID=2348) to work on /opt/airflow/dags/daily_student_pipeline.py
[2026-04-21T14:11:39.887+0000] {processor.py:830} INFO - Processing file /opt/airflow/dags/daily_student_pipeline.py for tasks to queue
[2026-04-21T14:11:39.888+0000] {logging_mixin.py:188} INFO - [2026-04-21T14:11:39.887+0000] {dagbag.py:538} INFO - Filling up the DagBag from /opt/airflow/dags/daily_student_pipeline.py
[2026-04-21T14:11:39.919+0000] {processor.py:840} INFO - DAG(s) 'daily_student_pipeline' retrieved from /opt/airflow/dags/daily_student_pipeline.py
[2026-04-21T14:11:39.957+0000] {logging_mixin.py:188} INFO - [2026-04-21T14:11:39.957+0000] {dag.py:3036} INFO - Sync 1 DAGs
[2026-04-21T14:11:39.981+0000] {logging_mixin.py:188} INFO - [2026-04-21T14:11:39.981+0000] {dag.py:3823} INFO - Setting next_dagrun for daily_student_pipeline to 2026-04-21 02:00:00+00:00, run_after=2026-04-22 02:00:00+00:00
[2026-04-21T14:11:39.998+0000] {processor.py:183} INFO - Processing /opt/airflow/dags/daily_student_pipeline.py took 0.116 seconds
[2026-04-21T14:12:13.046+0000] {processor.py:161} INFO - Started process (PID=2372) to work on /opt/airflow/dags/daily_student_pipeline.py
[2026-04-21T14:12:13.048+0000] {processor.py:830} INFO - Processing file /opt/airflow/dags/daily_student_pipeline.py for tasks to queue
[2026-04-21T14:12:13.048+0000] {logging_mixin.py:188} INFO - [2026-04-21T14:12:13.048+0000] {dagbag.py:538} INFO - Filling up the DagBag from /opt/airflow/dags/daily_student_pipeline.py
[2026-04-21T14:12:13.065+0000] {processor.py:840} INFO - DAG(s) 'daily_student_pipeline' retrieved from /opt/airflow/dags/daily_student_pipeline.py
[2026-04-21T14:12:13.089+0000] {logging_mixin.py:188} INFO - [2026-04-21T14:12:13.089+0000] {dag.py:3036} INFO - Sync 1 DAGs
[2026-04-21T14:12:13.111+0000] {logging_mixin.py:188} INFO - [2026-04-21T14:12:13.111+0000] {dag.py:3823} INFO - Setting next_dagrun for daily_student_pipeline to 2026-04-21 02:00:00+00:00, run_after=2026-04-22 02:00:00+00:00
[2026-04-21T14:12:13.133+0000] {processor.py:183} INFO - Processing /opt/airflow/dags/daily_student_pipeline.py took 0.089 seconds
[2026-04-21T14:12:45.189+0000] {processor.py:161} INFO - Started process (PID=2395) to work on /opt/airflow/dags/daily_student_pipeline.py
[2026-04-21T14:12:45.190+0000] {processor.py:830} INFO - Processing file /opt/airflow/dags/daily_student_pipeline.py for tasks to queue
[2026-04-21T14:12:45.191+0000] {logging_mixin.py:188} INFO - [2026-04-21T14:12:45.191+0000] {dagbag.py:538} INFO - Filling up the DagBag from /opt/airflow/dags/daily_student_pipeline.py
[2026-04-21T14:12:45.206+0000] {processor.py:840} INFO - DAG(s) 'daily_student_pipeline' retrieved from /opt/airflow/dags/daily_student_pipeline.py
[2026-04-21T14:12:45.235+0000] {logging_mixin.py:188} INFO - [2026-04-21T14:12:45.235+0000] {dag.py:3036} INFO - Sync 1 DAGs
[2026-04-21T14:12:45.255+0000] {logging_mixin.py:188} INFO - [2026-04-21T14:12:45.254+0000] {dag.py:3823} INFO - Setting next_dagrun for daily_student_pipeline to 2026-04-21 02:00:00+00:00, run_after=2026-04-22 02:00:00+00:00
[2026-04-21T14:12:45.275+0000] {processor.py:183} INFO - Processing /opt/airflow/dags/daily_student_pipeline.py took 0.088 seconds
[2026-04-21T14:13:18.244+0000] {processor.py:161} INFO - Started process (PID=2418) to work on /opt/airflow/dags/daily_student_pipeline.py
[2026-04-21T14:13:18.245+0000] {processor.py:830} INFO - Processing file /opt/airflow/dags/daily_student_pipeline.py for tasks to queue
[2026-04-21T14:13:18.245+0000] {logging_mixin.py:188} INFO - [2026-04-21T14:13:18.245+0000] {dagbag.py:538} INFO - Filling up the DagBag from /opt/airflow/dags/daily_student_pipeline.py
[2026-04-21T14:13:18.265+0000] {processor.py:840} INFO - DAG(s) 'daily_student_pipeline' retrieved from /opt/airflow/dags/daily_student_pipeline.py
[2026-04-21T14:13:18.293+0000] {logging_mixin.py:188} INFO - [2026-04-21T14:13:18.292+0000] {dag.py:3036} INFO - Sync 1 DAGs
[2026-04-21T14:13:18.315+0000] {logging_mixin.py:188} INFO - [2026-04-21T14:13:18.314+0000] {dag.py:3823} INFO - Setting next_dagrun for daily_student_pipeline to 2026-04-21 02:00:00+00:00, run_after=2026-04-22 02:00:00+00:00
[2026-04-21T14:13:18.334+0000] {processor.py:183} INFO - Processing /opt/airflow/dags/daily_student_pipeline.py took 0.093 seconds
[2026-04-21T14:13:51.308+0000] {processor.py:161} INFO - Started process (PID=2441) to work on /opt/airflow/dags/daily_student_pipeline.py
[2026-04-21T14:13:51.309+0000] {processor.py:830} INFO - Processing file /opt/airflow/dags/daily_student_pipeline.py for tasks to queue
[2026-04-21T14:13:51.310+0000] {logging_mixin.py:188} INFO - [2026-04-21T14:13:51.310+0000] {dagbag.py:538} INFO - Filling up the DagBag from /opt/airflow/dags/daily_student_pipeline.py
[2026-04-21T14:13:51.332+0000] {processor.py:840} INFO - DAG(s) 'daily_student_pipeline' retrieved from /opt/airflow/dags/daily_student_pipeline.py
[2026-04-21T14:13:51.360+0000] {logging_mixin.py:188} INFO - [2026-04-21T14:13:51.360+0000] {dag.py:3036} INFO - Sync 1 DAGs
[2026-04-21T14:13:51.382+0000] {logging_mixin.py:188} INFO - [2026-04-21T14:13:51.382+0000] {dag.py:3823} INFO - Setting next_dagrun for daily_student_pipeline to 2026-04-21 02:00:00+00:00, run_after=2026-04-22 02:00:00+00:00
[2026-04-21T14:13:51.402+0000] {processor.py:183} INFO - Processing /opt/airflow/dags/daily_student_pipeline.py took 0.098 seconds
[2026-04-21T14:14:23.362+0000] {processor.py:161} INFO - Started process (PID=2456) to work on /opt/airflow/dags/daily_student_pipeline.py
[2026-04-21T14:14:23.363+0000] {processor.py:830} INFO - Processing file /opt/airflow/dags/daily_student_pipeline.py for tasks to queue
[2026-04-21T14:14:23.364+0000] {logging_mixin.py:188} INFO - [2026-04-21T14:14:23.364+0000] {dagbag.py:538} INFO - Filling up the DagBag from /opt/airflow/dags/daily_student_pipeline.py
[2026-04-21T14:14:23.381+0000] {processor.py:840} INFO - DAG(s) 'daily_student_pipeline' retrieved from /opt/airflow/dags/daily_student_pipeline.py
[2026-04-21T14:14:23.405+0000] {logging_mixin.py:188} INFO - [2026-04-21T14:14:23.405+0000] {dag.py:3036} INFO - Sync 1 DAGs
[2026-04-21T14:14:23.425+0000] {logging_mixin.py:188} INFO - [2026-04-21T14:14:23.425+0000] {dag.py:3823} INFO - Setting next_dagrun for daily_student_pipeline to 2026-04-21 02:00:00+00:00, run_after=2026-04-22 02:00:00+00:00
[2026-04-21T14:14:23.446+0000] {processor.py:183} INFO - Processing /opt/airflow/dags/daily_student_pipeline.py took 0.087 seconds
[2026-04-21T14:14:56.434+0000] {processor.py:161} INFO - Started process (PID=2479) to work on /opt/airflow/dags/daily_student_pipeline.py
[2026-04-21T14:14:56.435+0000] {processor.py:830} INFO - Processing file /opt/airflow/dags/daily_student_pipeline.py for tasks to queue
[2026-04-21T14:14:56.435+0000] {logging_mixin.py:188} INFO - [2026-04-21T14:14:56.435+0000] {dagbag.py:538} INFO - Filling up the DagBag from /opt/airflow/dags/daily_student_pipeline.py
[2026-04-21T14:14:56.453+0000] {processor.py:840} INFO - DAG(s) 'daily_student_pipeline' retrieved from /opt/airflow/dags/daily_student_pipeline.py
[2026-04-21T14:14:56.479+0000] {logging_mixin.py:188} INFO - [2026-04-21T14:14:56.479+0000] {dag.py:3036} INFO - Sync 1 DAGs
[2026-04-21T14:14:56.501+0000] {logging_mixin.py:188} INFO - [2026-04-21T14:14:56.501+0000] {dag.py:3823} INFO - Setting next_dagrun for daily_student_pipeline to 2026-04-21 02:00:00+00:00, run_after=2026-04-22 02:00:00+00:00
[2026-04-21T14:14:56.522+0000] {processor.py:183} INFO - Processing /opt/airflow/dags/daily_student_pipeline.py took 0.092 seconds
[2026-04-21T14:15:29.536+0000] {processor.py:161} INFO - Started process (PID=2502) to work on /opt/airflow/dags/daily_student_pipeline.py
[2026-04-21T14:15:29.537+0000] {processor.py:830} INFO - Processing file /opt/airflow/dags/daily_student_pipeline.py for tasks to queue
[2026-04-21T14:15:29.538+0000] {logging_mixin.py:188} INFO - [2026-04-21T14:15:29.537+0000] {dagbag.py:538} INFO - Filling up the DagBag from /opt/airflow/dags/daily_student_pipeline.py
[2026-04-21T14:15:29.556+0000] {processor.py:840} INFO - DAG(s) 'daily_student_pipeline' retrieved from /opt/airflow/dags/daily_student_pipeline.py
[2026-04-21T14:15:29.584+0000] {logging_mixin.py:188} INFO - [2026-04-21T14:15:29.584+0000] {dag.py:3036} INFO - Sync 1 DAGs
[2026-04-21T14:15:29.608+0000] {logging_mixin.py:188} INFO - [2026-04-21T14:15:29.608+0000] {dag.py:3823} INFO - Setting next_dagrun for daily_student_pipeline to 2026-04-21 02:00:00+00:00, run_after=2026-04-22 02:00:00+00:00
[2026-04-21T14:15:29.631+0000] {processor.py:183} INFO - Processing /opt/airflow/dags/daily_student_pipeline.py took 0.098 seconds
[2026-04-21T14:16:01.678+0000] {processor.py:161} INFO - Started process (PID=2525) to work on /opt/airflow/dags/daily_student_pipeline.py
[2026-04-21T14:16:01.679+0000] {processor.py:830} INFO - Processing file /opt/airflow/dags/daily_student_pipeline.py for tasks to queue
[2026-04-21T14:16:01.680+0000] {logging_mixin.py:188} INFO - [2026-04-21T14:16:01.680+0000] {dagbag.py:538} INFO - Filling up the DagBag from /opt/airflow/dags/daily_student_pipeline.py
[2026-04-21T14:16:01.699+0000] {processor.py:840} INFO - DAG(s) 'daily_student_pipeline' retrieved from /opt/airflow/dags/daily_student_pipeline.py
[2026-04-21T14:16:01.728+0000] {logging_mixin.py:188} INFO - [2026-04-21T14:16:01.728+0000] {dag.py:3036} INFO - Sync 1 DAGs
[2026-04-21T14:16:01.755+0000] {logging_mixin.py:188} INFO - [2026-04-21T14:16:01.755+0000] {dag.py:3823} INFO - Setting next_dagrun for daily_student_pipeline to 2026-04-21 02:00:00+00:00, run_after=2026-04-22 02:00:00+00:00
[2026-04-21T14:16:01.778+0000] {processor.py:183} INFO - Processing /opt/airflow/dags/daily_student_pipeline.py took 0.103 seconds
[2026-04-21T14:16:34.760+0000] {processor.py:161} INFO - Started process (PID=2548) to work on /opt/airflow/dags/daily_student_pipeline.py
[2026-04-21T14:16:34.761+0000] {processor.py:830} INFO - Processing file /opt/airflow/dags/daily_student_pipeline.py for tasks to queue
[2026-04-21T14:16:34.762+0000] {logging_mixin.py:188} INFO - [2026-04-21T14:16:34.761+0000] {dagbag.py:538} INFO - Filling up the DagBag from /opt/airflow/dags/daily_student_pipeline.py
[2026-04-21T14:16:34.779+0000] {processor.py:840} INFO - DAG(s) 'daily_student_pipeline' retrieved from /opt/airflow/dags/daily_student_pipeline.py
[2026-04-21T14:16:34.809+0000] {logging_mixin.py:188} INFO - [2026-04-21T14:16:34.809+0000] {dag.py:3036} INFO - Sync 1 DAGs
[2026-04-21T14:16:34.833+0000] {logging_mixin.py:188} INFO - [2026-04-21T14:16:34.832+0000] {dag.py:3823} INFO - Setting next_dagrun for daily_student_pipeline to 2026-04-21 02:00:00+00:00, run_after=2026-04-22 02:00:00+00:00
[2026-04-21T14:16:34.850+0000] {processor.py:183} INFO - Processing /opt/airflow/dags/daily_student_pipeline.py took 0.093 seconds
[2026-04-21T14:17:06.937+0000] {processor.py:161} INFO - Started process (PID=2571) to work on /opt/airflow/dags/daily_student_pipeline.py
[2026-04-21T14:17:06.937+0000] {processor.py:830} INFO - Processing file /opt/airflow/dags/daily_student_pipeline.py for tasks to queue
[2026-04-21T14:17:06.938+0000] {logging_mixin.py:188} INFO - [2026-04-21T14:17:06.938+0000] {dagbag.py:538} INFO - Filling up the DagBag from /opt/airflow/dags/daily_student_pipeline.py
[2026-04-21T14:17:06.954+0000] {processor.py:840} INFO - DAG(s) 'daily_student_pipeline' retrieved from /opt/airflow/dags/daily_student_pipeline.py
[2026-04-21T14:17:06.979+0000] {logging_mixin.py:188} INFO - [2026-04-21T14:17:06.979+0000] {dag.py:3036} INFO - Sync 1 DAGs
[2026-04-21T14:17:06.999+0000] {logging_mixin.py:188} INFO - [2026-04-21T14:17:06.999+0000] {dag.py:3823} INFO - Setting next_dagrun for daily_student_pipeline to 2026-04-21 02:00:00+00:00, run_after=2026-04-22 02:00:00+00:00
[2026-04-21T14:17:07.020+0000] {processor.py:183} INFO - Processing /opt/airflow/dags/daily_student_pipeline.py took 0.086 seconds
[2026-04-21T14:17:37.120+0000] {processor.py:161} INFO - Started process (PID=2594) to work on /opt/airflow/dags/daily_student_pipeline.py
[2026-04-21T14:17:37.121+0000] {processor.py:830} INFO - Processing file /opt/airflow/dags/daily_student_pipeline.py for tasks to queue
[2026-04-21T14:17:37.122+0000] {logging_mixin.py:188} INFO - [2026-04-21T14:17:37.122+0000] {dagbag.py:538} INFO - Filling up the DagBag from /opt/airflow/dags/daily_student_pipeline.py
[2026-04-21T14:17:37.146+0000] {processor.py:840} INFO - DAG(s) 'daily_student_pipeline' retrieved from /opt/airflow/dags/daily_student_pipeline.py
[2026-04-21T14:17:37.176+0000] {logging_mixin.py:188} INFO - [2026-04-21T14:17:37.176+0000] {dag.py:3036} INFO - Sync 1 DAGs
[2026-04-21T14:17:37.198+0000] {logging_mixin.py:188} INFO - [2026-04-21T14:17:37.198+0000] {dag.py:3823} INFO - Setting next_dagrun for daily_student_pipeline to 2026-04-21 02:00:00+00:00, run_after=2026-04-22 02:00:00+00:00
[2026-04-21T14:17:37.223+0000] {processor.py:183} INFO - Processing /opt/airflow/dags/daily_student_pipeline.py took 0.106 seconds
[2026-04-21T14:18:07.282+0000] {processor.py:161} INFO - Started process (PID=2617) to work on /opt/airflow/dags/daily_student_pipeline.py
[2026-04-21T14:18:07.284+0000] {processor.py:830} INFO - Processing file /opt/airflow/dags/daily_student_pipeline.py for tasks to queue
[2026-04-21T14:18:07.286+0000] {logging_mixin.py:188} INFO - [2026-04-21T14:18:07.285+0000] {dagbag.py:538} INFO - Filling up the DagBag from /opt/airflow/dags/daily_student_pipeline.py
[2026-04-21T14:18:07.316+0000] {processor.py:840} INFO - DAG(s) 'daily_student_pipeline' retrieved from /opt/airflow/dags/daily_student_pipeline.py
[2026-04-21T14:18:07.354+0000] {logging_mixin.py:188} INFO - [2026-04-21T14:18:07.353+0000] {dag.py:3036} INFO - Sync 1 DAGs
[2026-04-21T14:18:07.385+0000] {logging_mixin.py:188} INFO - [2026-04-21T14:18:07.385+0000] {dag.py:3823} INFO - Setting next_dagrun for daily_student_pipeline to 2026-04-21 02:00:00+00:00, run_after=2026-04-22 02:00:00+00:00
[2026-04-21T14:18:07.410+0000] {processor.py:183} INFO - Processing /opt/airflow/dags/daily_student_pipeline.py took 0.131 seconds
[2026-04-21T14:18:37.641+0000] {processor.py:161} INFO - Started process (PID=2640) to work on /opt/airflow/dags/daily_student_pipeline.py
[2026-04-21T14:18:37.642+0000] {processor.py:830} INFO - Processing file /opt/airflow/dags/daily_student_pipeline.py for tasks to queue
[2026-04-21T14:18:37.643+0000] {logging_mixin.py:188} INFO - [2026-04-21T14:18:37.643+0000] {dagbag.py:538} INFO - Filling up the DagBag from /opt/airflow/dags/daily_student_pipeline.py
[2026-04-21T14:18:37.661+0000] {processor.py:840} INFO - DAG(s) 'daily_student_pipeline' retrieved from /opt/airflow/dags/daily_student_pipeline.py
[2026-04-21T14:18:37.686+0000] {logging_mixin.py:188} INFO - [2026-04-21T14:18:37.686+0000] {dag.py:3036} INFO - Sync 1 DAGs
[2026-04-21T14:18:37.707+0000] {logging_mixin.py:188} INFO - [2026-04-21T14:18:37.707+0000] {dag.py:3823} INFO - Setting next_dagrun for daily_student_pipeline to 2026-04-21 02:00:00+00:00, run_after=2026-04-22 02:00:00+00:00
[2026-04-21T14:18:37.734+0000] {processor.py:183} INFO - Processing /opt/airflow/dags/daily_student_pipeline.py took 0.096 seconds
[2026-04-21T14:19:07.838+0000] {processor.py:161} INFO - Started process (PID=2663) to work on /opt/airflow/dags/daily_student_pipeline.py
[2026-04-21T14:19:07.839+0000] {processor.py:830} INFO - Processing file /opt/airflow/dags/daily_student_pipeline.py for tasks to queue
[2026-04-21T14:19:07.840+0000] {logging_mixin.py:188} INFO - [2026-04-21T14:19:07.840+0000] {dagbag.py:538} INFO - Filling up the DagBag from /opt/airflow/dags/daily_student_pipeline.py
[2026-04-21T14:19:07.857+0000] {processor.py:840} INFO - DAG(s) 'daily_student_pipeline' retrieved from /opt/airflow/dags/daily_student_pipeline.py
[2026-04-21T14:19:07.882+0000] {logging_mixin.py:188} INFO - [2026-04-21T14:19:07.882+0000] {dag.py:3036} INFO - Sync 1 DAGs
[2026-04-21T14:19:07.904+0000] {logging_mixin.py:188} INFO - [2026-04-21T14:19:07.904+0000] {dag.py:3823} INFO - Setting next_dagrun for daily_student_pipeline to 2026-04-21 02:00:00+00:00, run_after=2026-04-22 02:00:00+00:00
[2026-04-21T14:19:07.929+0000] {processor.py:183} INFO - Processing /opt/airflow/dags/daily_student_pipeline.py took 0.093 seconds
[2026-04-21T14:19:38.216+0000] {processor.py:161} INFO - Started process (PID=2686) to work on /opt/airflow/dags/daily_student_pipeline.py
[2026-04-21T14:19:38.218+0000] {processor.py:830} INFO - Processing file /opt/airflow/dags/daily_student_pipeline.py for tasks to queue
[2026-04-21T14:19:38.218+0000] {logging_mixin.py:188} INFO - [2026-04-21T14:19:38.218+0000] {dagbag.py:538} INFO - Filling up the DagBag from /opt/airflow/dags/daily_student_pipeline.py
[2026-04-21T14:19:38.239+0000] {processor.py:840} INFO - DAG(s) 'daily_student_pipeline' retrieved from /opt/airflow/dags/daily_student_pipeline.py
[2026-04-21T14:19:38.266+0000] {logging_mixin.py:188} INFO - [2026-04-21T14:19:38.266+0000] {dag.py:3036} INFO - Sync 1 DAGs
[2026-04-21T14:19:38.287+0000] {logging_mixin.py:188} INFO - [2026-04-21T14:19:38.287+0000] {dag.py:3823} INFO - Setting next_dagrun for daily_student_pipeline to 2026-04-21 02:00:00+00:00, run_after=2026-04-22 02:00:00+00:00
[2026-04-21T14:19:38.305+0000] {processor.py:183} INFO - Processing /opt/airflow/dags/daily_student_pipeline.py took 0.091 seconds
[2026-04-21T14:20:08.675+0000] {processor.py:161} INFO - Started process (PID=2709) to work on /opt/airflow/dags/daily_student_pipeline.py
[2026-04-21T14:20:08.676+0000] {processor.py:830} INFO - Processing file /opt/airflow/dags/daily_student_pipeline.py for tasks to queue
[2026-04-21T14:20:08.677+0000] {logging_mixin.py:188} INFO - [2026-04-21T14:20:08.677+0000] {dagbag.py:538} INFO - Filling up the DagBag from /opt/airflow/dags/daily_student_pipeline.py
[2026-04-21T14:20:08.697+0000] {processor.py:840} INFO - DAG(s) 'daily_student_pipeline' retrieved from /opt/airflow/dags/daily_student_pipeline.py
[2026-04-21T14:20:08.722+0000] {logging_mixin.py:188} INFO - [2026-04-21T14:20:08.722+0000] {dag.py:3036} INFO - Sync 1 DAGs
[2026-04-21T14:20:08.743+0000] {logging_mixin.py:188} INFO - [2026-04-21T14:20:08.742+0000] {dag.py:3823} INFO - Setting next_dagrun for daily_student_pipeline to 2026-04-21 02:00:00+00:00, run_after=2026-04-22 02:00:00+00:00
[2026-04-21T14:20:08.763+0000] {processor.py:183} INFO - Processing /opt/airflow/dags/daily_student_pipeline.py took 0.090 seconds
[2026-04-21T14:20:39.734+0000] {processor.py:161} INFO - Started process (PID=2724) to work on /opt/airflow/dags/daily_student_pipeline.py
[2026-04-21T14:20:39.735+0000] {processor.py:830} INFO - Processing file /opt/airflow/dags/daily_student_pipeline.py for tasks to queue
[2026-04-21T14:20:39.736+0000] {logging_mixin.py:188} INFO - [2026-04-21T14:20:39.736+0000] {dagbag.py:538} INFO - Filling up the DagBag from /opt/airflow/dags/daily_student_pipeline.py
[2026-04-21T14:20:39.756+0000] {processor.py:840} INFO - DAG(s) 'daily_student_pipeline' retrieved from /opt/airflow/dags/daily_student_pipeline.py
[2026-04-21T14:20:39.786+0000] {logging_mixin.py:188} INFO - [2026-04-21T14:20:39.785+0000] {dag.py:3036} INFO - Sync 1 DAGs
[2026-04-21T14:20:39.807+0000] {logging_mixin.py:188} INFO - [2026-04-21T14:20:39.807+0000] {dag.py:3823} INFO - Setting next_dagrun for daily_student_pipeline to 2026-04-21 02:00:00+00:00, run_after=2026-04-22 02:00:00+00:00
[2026-04-21T14:20:39.830+0000] {processor.py:183} INFO - Processing /opt/airflow/dags/daily_student_pipeline.py took 0.098 seconds
[2026-04-21T14:21:09.880+0000] {processor.py:161} INFO - Started process (PID=2747) to work on /opt/airflow/dags/daily_student_pipeline.py
[2026-04-21T14:21:09.881+0000] {processor.py:830} INFO - Processing file /opt/airflow/dags/daily_student_pipeline.py for tasks to queue
[2026-04-21T14:21:09.882+0000] {logging_mixin.py:188} INFO - [2026-04-21T14:21:09.881+0000] {dagbag.py:538} INFO - Filling up the DagBag from /opt/airflow/dags/daily_student_pipeline.py
[2026-04-21T14:21:09.904+0000] {processor.py:840} INFO - DAG(s) 'daily_student_pipeline' retrieved from /opt/airflow/dags/daily_student_pipeline.py
[2026-04-21T14:21:09.931+0000] {logging_mixin.py:188} INFO - [2026-04-21T14:21:09.930+0000] {dag.py:3036} INFO - Sync 1 DAGs
[2026-04-21T14:21:09.952+0000] {logging_mixin.py:188} INFO - [2026-04-21T14:21:09.951+0000] {dag.py:3823} INFO - Setting next_dagrun for daily_student_pipeline to 2026-04-21 02:00:00+00:00, run_after=2026-04-22 02:00:00+00:00
[2026-04-21T14:21:09.977+0000] {processor.py:183} INFO - Processing /opt/airflow/dags/daily_student_pipeline.py took 0.100 seconds
[2026-04-21T14:21:40.931+0000] {processor.py:161} INFO - Started process (PID=2770) to work on /opt/airflow/dags/daily_student_pipeline.py
[2026-04-21T14:21:40.932+0000] {processor.py:830} INFO - Processing file /opt/airflow/dags/daily_student_pipeline.py for tasks to queue
[2026-04-21T14:21:40.933+0000] {logging_mixin.py:188} INFO - [2026-04-21T14:21:40.933+0000] {dagbag.py:538} INFO - Filling up the DagBag from /opt/airflow/dags/daily_student_pipeline.py
[2026-04-21T14:21:40.952+0000] {processor.py:840} INFO - DAG(s) 'daily_student_pipeline' retrieved from /opt/airflow/dags/daily_student_pipeline.py
[2026-04-21T14:21:40.978+0000] {logging_mixin.py:188} INFO - [2026-04-21T14:21:40.977+0000] {dag.py:3036} INFO - Sync 1 DAGs
[2026-04-21T14:21:41.000+0000] {logging_mixin.py:188} INFO - [2026-04-21T14:21:41.000+0000] {dag.py:3823} INFO - Setting next_dagrun for daily_student_pipeline to 2026-04-21 02:00:00+00:00, run_after=2026-04-22 02:00:00+00:00
[2026-04-21T14:21:41.021+0000] {processor.py:183} INFO - Processing /opt/airflow/dags/daily_student_pipeline.py took 0.093 seconds
[2026-04-21T14:22:12.033+0000] {processor.py:161} INFO - Started process (PID=2793) to work on /opt/airflow/dags/daily_student_pipeline.py
[2026-04-21T14:22:12.034+0000] {processor.py:830} INFO - Processing file /opt/airflow/dags/daily_student_pipeline.py for tasks to queue
[2026-04-21T14:22:12.035+0000] {logging_mixin.py:188} INFO - [2026-04-21T14:22:12.034+0000] {dagbag.py:538} INFO - Filling up the DagBag from /opt/airflow/dags/daily_student_pipeline.py
[2026-04-21T14:22:12.050+0000] {processor.py:840} INFO - DAG(s) 'daily_student_pipeline' retrieved from /opt/airflow/dags/daily_student_pipeline.py
[2026-04-21T14:22:12.071+0000] {logging_mixin.py:188} INFO - [2026-04-21T14:22:12.071+0000] {dag.py:3036} INFO - Sync 1 DAGs
[2026-04-21T14:22:12.090+0000] {logging_mixin.py:188} INFO - [2026-04-21T14:22:12.089+0000] {dag.py:3823} INFO - Setting next_dagrun for daily_student_pipeline to 2026-04-21 02:00:00+00:00, run_after=2026-04-22 02:00:00+00:00
[2026-04-21T14:22:12.113+0000] {processor.py:183} INFO - Processing /opt/airflow/dags/daily_student_pipeline.py took 0.083 seconds
[2026-04-21T14:22:42.234+0000] {processor.py:161} INFO - Started process (PID=2816) to work on /opt/airflow/dags/daily_student_pipeline.py
[2026-04-21T14:22:42.235+0000] {processor.py:830} INFO - Processing file /opt/airflow/dags/daily_student_pipeline.py for tasks to queue
[2026-04-21T14:22:42.236+0000] {logging_mixin.py:188} INFO - [2026-04-21T14:22:42.236+0000] {dagbag.py:538} INFO - Filling up the DagBag from /opt/airflow/dags/daily_student_pipeline.py
[2026-04-21T14:22:42.254+0000] {processor.py:840} INFO - DAG(s) 'daily_student_pipeline' retrieved from /opt/airflow/dags/daily_student_pipeline.py
[2026-04-21T14:22:42.279+0000] {logging_mixin.py:188} INFO - [2026-04-21T14:22:42.279+0000] {dag.py:3036} INFO - Sync 1 DAGs
[2026-04-21T14:22:42.301+0000] {logging_mixin.py:188} INFO - [2026-04-21T14:22:42.301+0000] {dag.py:3823} INFO - Setting next_dagrun for daily_student_pipeline to 2026-04-21 02:00:00+00:00, run_after=2026-04-22 02:00:00+00:00
[2026-04-21T14:22:42.324+0000] {processor.py:183} INFO - Processing /opt/airflow/dags/daily_student_pipeline.py took 0.092 seconds
[2026-04-21T14:23:17.686+0000] {processor.py:161} INFO - Started process (PID=2839) to work on /opt/airflow/dags/daily_student_pipeline.py
[2026-04-21T14:23:17.687+0000] {processor.py:830} INFO - Processing file /opt/airflow/dags/daily_student_pipeline.py for tasks to queue
[2026-04-21T14:23:17.688+0000] {logging_mixin.py:188} INFO - [2026-04-21T14:23:17.688+0000] {dagbag.py:538} INFO - Filling up the DagBag from /opt/airflow/dags/daily_student_pipeline.py
[2026-04-21T14:23:17.706+0000] {processor.py:840} INFO - DAG(s) 'daily_student_pipeline' retrieved from /opt/airflow/dags/daily_student_pipeline.py
[2026-04-21T14:23:17.732+0000] {logging_mixin.py:188} INFO - [2026-04-21T14:23:17.731+0000] {dag.py:3036} INFO - Sync 1 DAGs
[2026-04-21T14:23:17.751+0000] {logging_mixin.py:188} INFO - [2026-04-21T14:23:17.751+0000] {dag.py:3823} INFO - Setting next_dagrun for daily_student_pipeline to 2026-04-21 02:00:00+00:00, run_after=2026-04-22 02:00:00+00:00
[2026-04-21T14:23:17.770+0000] {processor.py:183} INFO - Processing /opt/airflow/dags/daily_student_pipeline.py took 0.087 seconds
[2026-04-21T14:23:48.450+0000] {processor.py:161} INFO - Started process (PID=2862) to work on /opt/airflow/dags/daily_student_pipeline.py
[2026-04-21T14:23:48.452+0000] {processor.py:830} INFO - Processing file /opt/airflow/dags/daily_student_pipeline.py for tasks to queue
[2026-04-21T14:23:48.453+0000] {logging_mixin.py:188} INFO - [2026-04-21T14:23:48.453+0000] {dagbag.py:538} INFO - Filling up the DagBag from /opt/airflow/dags/daily_student_pipeline.py
[2026-04-21T14:23:48.487+0000] {processor.py:840} INFO - DAG(s) 'daily_student_pipeline' retrieved from /opt/airflow/dags/daily_student_pipeline.py
[2026-04-21T14:23:48.522+0000] {logging_mixin.py:188} INFO - [2026-04-21T14:23:48.522+0000] {dag.py:3036} INFO - Sync 1 DAGs
[2026-04-21T14:23:48.544+0000] {logging_mixin.py:188} INFO - [2026-04-21T14:23:48.544+0000] {dag.py:3823} INFO - Setting next_dagrun for daily_student_pipeline to 2026-04-21 02:00:00+00:00, run_after=2026-04-22 02:00:00+00:00
[2026-04-21T14:23:48.564+0000] {processor.py:183} INFO - Processing /opt/airflow/dags/daily_student_pipeline.py took 0.117 seconds
[2026-04-21T14:24:19.544+0000] {processor.py:161} INFO - Started process (PID=2885) to work on /opt/airflow/dags/daily_student_pipeline.py
[2026-04-21T14:24:19.545+0000] {processor.py:830} INFO - Processing file /opt/airflow/dags/daily_student_pipeline.py for tasks to queue
[2026-04-21T14:24:19.546+0000] {logging_mixin.py:188} INFO - [2026-04-21T14:24:19.545+0000] {dagbag.py:538} INFO - Filling up the DagBag from /opt/airflow/dags/daily_student_pipeline.py
[2026-04-21T14:24:19.559+0000] {processor.py:840} INFO - DAG(s) 'daily_student_pipeline' retrieved from /opt/airflow/dags/daily_student_pipeline.py
[2026-04-21T14:24:19.582+0000] {logging_mixin.py:188} INFO - [2026-04-21T14:24:19.581+0000] {dag.py:3036} INFO - Sync 1 DAGs
[2026-04-21T14:24:19.599+0000] {logging_mixin.py:188} INFO - [2026-04-21T14:24:19.599+0000] {dag.py:3823} INFO - Setting next_dagrun for daily_student_pipeline to 2026-04-21 02:00:00+00:00, run_after=2026-04-22 02:00:00+00:00
[2026-04-21T14:24:19.621+0000] {processor.py:183} INFO - Processing /opt/airflow/dags/daily_student_pipeline.py took 0.080 seconds
[2026-04-21T14:24:49.668+0000] {processor.py:161} INFO - Started process (PID=2908) to work on /opt/airflow/dags/daily_student_pipeline.py
[2026-04-21T14:24:49.669+0000] {processor.py:830} INFO - Processing file /opt/airflow/dags/daily_student_pipeline.py for tasks to queue
[2026-04-21T14:24:49.670+0000] {logging_mixin.py:188} INFO - [2026-04-21T14:24:49.670+0000] {dagbag.py:538} INFO - Filling up the DagBag from /opt/airflow/dags/daily_student_pipeline.py
[2026-04-21T14:24:49.689+0000] {processor.py:840} INFO - DAG(s) 'daily_student_pipeline' retrieved from /opt/airflow/dags/daily_student_pipeline.py
[2026-04-21T14:24:49.714+0000] {logging_mixin.py:188} INFO - [2026-04-21T14:24:49.714+0000] {dag.py:3036} INFO - Sync 1 DAGs
[2026-04-21T14:24:49.734+0000] {logging_mixin.py:188} INFO - [2026-04-21T14:24:49.733+0000] {dag.py:3823} INFO - Setting next_dagrun for daily_student_pipeline to 2026-04-21 02:00:00+00:00, run_after=2026-04-22 02:00:00+00:00
[2026-04-21T14:24:49.754+0000] {processor.py:183} INFO - Processing /opt/airflow/dags/daily_student_pipeline.py took 0.088 seconds
[2026-04-21T14:25:19.825+0000] {processor.py:161} INFO - Started process (PID=2923) to work on /opt/airflow/dags/daily_student_pipeline.py
[2026-04-21T14:25:19.826+0000] {processor.py:830} INFO - Processing file /opt/airflow/dags/daily_student_pipeline.py for tasks to queue
[2026-04-21T14:25:19.827+0000] {logging_mixin.py:188} INFO - [2026-04-21T14:25:19.827+0000] {dagbag.py:538} INFO - Filling up the DagBag from /opt/airflow/dags/daily_student_pipeline.py
[2026-04-21T14:25:19.843+0000] {processor.py:840} INFO - DAG(s) 'daily_student_pipeline' retrieved from /opt/airflow/dags/daily_student_pipeline.py
[2026-04-21T14:25:19.868+0000] {logging_mixin.py:188} INFO - [2026-04-21T14:25:19.867+0000] {dag.py:3036} INFO - Sync 1 DAGs
[2026-04-21T14:25:19.888+0000] {logging_mixin.py:188} INFO - [2026-04-21T14:25:19.887+0000] {dag.py:3823} INFO - Setting next_dagrun for daily_student_pipeline to 2026-04-21 02:00:00+00:00, run_after=2026-04-22 02:00:00+00:00
[2026-04-21T14:25:19.904+0000] {processor.py:183} INFO - Processing /opt/airflow/dags/daily_student_pipeline.py took 0.081 seconds
[2026-04-21T14:25:50.010+0000] {processor.py:161} INFO - Started process (PID=2946) to work on /opt/airflow/dags/daily_student_pipeline.py
[2026-04-21T14:25:50.011+0000] {processor.py:830} INFO - Processing file /opt/airflow/dags/daily_student_pipeline.py for tasks to queue
[2026-04-21T14:25:50.012+0000] {logging_mixin.py:188} INFO - [2026-04-21T14:25:50.012+0000] {dagbag.py:538} INFO - Filling up the DagBag from /opt/airflow/dags/daily_student_pipeline.py
[2026-04-21T14:25:50.031+0000] {processor.py:840} INFO - DAG(s) 'daily_student_pipeline' retrieved from /opt/airflow/dags/daily_student_pipeline.py
[2026-04-21T14:25:50.055+0000] {logging_mixin.py:188} INFO - [2026-04-21T14:25:50.055+0000] {dag.py:3036} INFO - Sync 1 DAGs
[2026-04-21T14:25:50.074+0000] {logging_mixin.py:188} INFO - [2026-04-21T14:25:50.074+0000] {dag.py:3823} INFO - Setting next_dagrun for daily_student_pipeline to 2026-04-21 02:00:00+00:00, run_after=2026-04-22 02:00:00+00:00
[2026-04-21T14:25:50.097+0000] {processor.py:183} INFO - Processing /opt/airflow/dags/daily_student_pipeline.py took 0.089 seconds
[2026-04-21T14:26:20.142+0000] {processor.py:161} INFO - Started process (PID=2970) to work on /opt/airflow/dags/daily_student_pipeline.py
[2026-04-21T14:26:20.143+0000] {processor.py:830} INFO - Processing file /opt/airflow/dags/daily_student_pipeline.py for tasks to queue
[2026-04-21T14:26:20.144+0000] {logging_mixin.py:188} INFO - [2026-04-21T14:26:20.143+0000] {dagbag.py:538} INFO - Filling up the DagBag from /opt/airflow/dags/daily_student_pipeline.py
[2026-04-21T14:26:20.163+0000] {processor.py:840} INFO - DAG(s) 'daily_student_pipeline' retrieved from /opt/airflow/dags/daily_student_pipeline.py
[2026-04-21T14:26:20.185+0000] {logging_mixin.py:188} INFO - [2026-04-21T14:26:20.185+0000] {dag.py:3036} INFO - Sync 1 DAGs
[2026-04-21T14:26:20.203+0000] {logging_mixin.py:188} INFO - [2026-04-21T14:26:20.202+0000] {dag.py:3823} INFO - Setting next_dagrun for daily_student_pipeline to 2026-04-21 02:00:00+00:00, run_after=2026-04-22 02:00:00+00:00
[2026-04-21T14:26:20.224+0000] {processor.py:183} INFO - Processing /opt/airflow/dags/daily_student_pipeline.py took 0.085 seconds
[2026-04-21T14:26:51.249+0000] {processor.py:161} INFO - Started process (PID=2993) to work on /opt/airflow/dags/daily_student_pipeline.py
[2026-04-21T14:26:51.250+0000] {processor.py:830} INFO - Processing file /opt/airflow/dags/daily_student_pipeline.py for tasks to queue
[2026-04-21T14:26:51.251+0000] {logging_mixin.py:188} INFO - [2026-04-21T14:26:51.250+0000] {dagbag.py:538} INFO - Filling up the DagBag from /opt/airflow/dags/daily_student_pipeline.py
[2026-04-21T14:26:51.272+0000] {processor.py:840} INFO - DAG(s) 'daily_student_pipeline' retrieved from /opt/airflow/dags/daily_student_pipeline.py
[2026-04-21T14:26:51.297+0000] {logging_mixin.py:188} INFO - [2026-04-21T14:26:51.297+0000] {dag.py:3036} INFO - Sync 1 DAGs
[2026-04-21T14:26:51.317+0000] {logging_mixin.py:188} INFO - [2026-04-21T14:26:51.317+0000] {dag.py:3823} INFO - Setting next_dagrun for daily_student_pipeline to 2026-04-21 02:00:00+00:00, run_after=2026-04-22 02:00:00+00:00
[2026-04-21T14:26:51.340+0000] {processor.py:183} INFO - Processing /opt/airflow/dags/daily_student_pipeline.py took 0.093 seconds
[2026-04-21T14:27:23.365+0000] {processor.py:161} INFO - Started process (PID=3016) to work on /opt/airflow/dags/daily_student_pipeline.py
[2026-04-21T14:27:23.366+0000] {processor.py:830} INFO - Processing file /opt/airflow/dags/daily_student_pipeline.py for tasks to queue
[2026-04-21T14:27:23.366+0000] {logging_mixin.py:188} INFO - [2026-04-21T14:27:23.366+0000] {dagbag.py:538} INFO - Filling up the DagBag from /opt/airflow/dags/daily_student_pipeline.py
[2026-04-21T14:27:23.384+0000] {processor.py:840} INFO - DAG(s) 'daily_student_pipeline' retrieved from /opt/airflow/dags/daily_student_pipeline.py
[2026-04-21T14:27:23.406+0000] {logging_mixin.py:188} INFO - [2026-04-21T14:27:23.406+0000] {dag.py:3036} INFO - Sync 1 DAGs
[2026-04-21T14:27:23.425+0000] {logging_mixin.py:188} INFO - [2026-04-21T14:27:23.425+0000] {dag.py:3823} INFO - Setting next_dagrun for daily_student_pipeline to 2026-04-21 02:00:00+00:00, run_after=2026-04-22 02:00:00+00:00
[2026-04-21T14:27:23.445+0000] {processor.py:183} INFO - Processing /opt/airflow/dags/daily_student_pipeline.py took 0.083 seconds
[2026-04-21T14:27:55.447+0000] {processor.py:161} INFO - Started process (PID=3038) to work on /opt/airflow/dags/daily_student_pipeline.py
[2026-04-21T14:27:55.449+0000] {processor.py:830} INFO - Processing file /opt/airflow/dags/daily_student_pipeline.py for tasks to queue
[2026-04-21T14:27:55.450+0000] {logging_mixin.py:188} INFO - [2026-04-21T14:27:55.450+0000] {dagbag.py:538} INFO - Filling up the DagBag from /opt/airflow/dags/daily_student_pipeline.py
[2026-04-21T14:27:55.470+0000] {processor.py:840} INFO - DAG(s) 'daily_student_pipeline' retrieved from /opt/airflow/dags/daily_student_pipeline.py
[2026-04-21T14:27:55.499+0000] {logging_mixin.py:188} INFO - [2026-04-21T14:27:55.498+0000] {dag.py:3036} INFO - Sync 1 DAGs
[2026-04-21T14:27:55.524+0000] {logging_mixin.py:188} INFO - [2026-04-21T14:27:55.523+0000] {dag.py:3823} INFO - Setting next_dagrun for daily_student_pipeline to 2026-04-21 02:00:00+00:00, run_after=2026-04-22 02:00:00+00:00
[2026-04-21T14:27:55.548+0000] {processor.py:183} INFO - Processing /opt/airflow/dags/daily_student_pipeline.py took 0.103 seconds
[2026-04-21T14:28:28.592+0000] {processor.py:161} INFO - Started process (PID=3061) to work on /opt/airflow/dags/daily_student_pipeline.py
[2026-04-21T14:28:28.593+0000] {processor.py:830} INFO - Processing file /opt/airflow/dags/daily_student_pipeline.py for tasks to queue
[2026-04-21T14:28:28.594+0000] {logging_mixin.py:188} INFO - [2026-04-21T14:28:28.594+0000] {dagbag.py:538} INFO - Filling up the DagBag from /opt/airflow/dags/daily_student_pipeline.py
[2026-04-21T14:28:28.612+0000] {processor.py:840} INFO - DAG(s) 'daily_student_pipeline' retrieved from /opt/airflow/dags/daily_student_pipeline.py
[2026-04-21T14:28:28.635+0000] {logging_mixin.py:188} INFO - [2026-04-21T14:28:28.634+0000] {dag.py:3036} INFO - Sync 1 DAGs
[2026-04-21T14:28:28.652+0000] {logging_mixin.py:188} INFO - [2026-04-21T14:28:28.652+0000] {dag.py:3823} INFO - Setting next_dagrun for daily_student_pipeline to 2026-04-21 02:00:00+00:00, run_after=2026-04-22 02:00:00+00:00
[2026-04-21T14:28:28.670+0000] {processor.py:183} INFO - Processing /opt/airflow/dags/daily_student_pipeline.py took 0.080 seconds
[2026-04-21T14:29:01.743+0000] {processor.py:161} INFO - Started process (PID=3083) to work on /opt/airflow/dags/daily_student_pipeline.py
[2026-04-21T14:29:01.744+0000] {processor.py:830} INFO - Processing file /opt/airflow/dags/daily_student_pipeline.py for tasks to queue
[2026-04-21T14:29:01.745+0000] {logging_mixin.py:188} INFO - [2026-04-21T14:29:01.744+0000] {dagbag.py:538} INFO - Filling up the DagBag from /opt/airflow/dags/daily_student_pipeline.py
[2026-04-21T14:29:01.763+0000] {processor.py:840} INFO - DAG(s) 'daily_student_pipeline' retrieved from /opt/airflow/dags/daily_student_pipeline.py
[2026-04-21T14:29:01.787+0000] {logging_mixin.py:188} INFO - [2026-04-21T14:29:01.787+0000] {dag.py:3036} INFO - Sync 1 DAGs
[2026-04-21T14:29:01.809+0000] {logging_mixin.py:188} INFO - [2026-04-21T14:29:01.809+0000] {dag.py:3823} INFO - Setting next_dagrun for daily_student_pipeline to 2026-04-21 02:00:00+00:00, run_after=2026-04-22 02:00:00+00:00
[2026-04-21T14:29:01.830+0000] {processor.py:183} INFO - Processing /opt/airflow/dags/daily_student_pipeline.py took 0.090 seconds
[2026-04-21T14:29:31.985+0000] {processor.py:161} INFO - Started process (PID=3106) to work on /opt/airflow/dags/daily_student_pipeline.py
[2026-04-21T14:29:31.986+0000] {processor.py:830} INFO - Processing file /opt/airflow/dags/daily_student_pipeline.py for tasks to queue
[2026-04-21T14:29:31.987+0000] {logging_mixin.py:188} INFO - [2026-04-21T14:29:31.987+0000] {dagbag.py:538} INFO - Filling up the DagBag from /opt/airflow/dags/daily_student_pipeline.py
[2026-04-21T14:29:32.003+0000] {processor.py:840} INFO - DAG(s) 'daily_student_pipeline' retrieved from /opt/airflow/dags/daily_student_pipeline.py
[2026-04-21T14:29:32.028+0000] {logging_mixin.py:188} INFO - [2026-04-21T14:29:32.028+0000] {dag.py:3036} INFO - Sync 1 DAGs
[2026-04-21T14:29:32.047+0000] {logging_mixin.py:188} INFO - [2026-04-21T14:29:32.047+0000] {dag.py:3823} INFO - Setting next_dagrun for daily_student_pipeline to 2026-04-21 02:00:00+00:00, run_after=2026-04-22 02:00:00+00:00
[2026-04-21T14:29:32.064+0000] {processor.py:183} INFO - Processing /opt/airflow/dags/daily_student_pipeline.py took 0.081 seconds
[2026-04-21T14:30:02.654+0000] {processor.py:161} INFO - Started process (PID=3129) to work on /opt/airflow/dags/daily_student_pipeline.py
[2026-04-21T14:30:02.656+0000] {processor.py:830} INFO - Processing file /opt/airflow/dags/daily_student_pipeline.py for tasks to queue
[2026-04-21T14:30:02.657+0000] {logging_mixin.py:188} INFO - [2026-04-21T14:30:02.656+0000] {dagbag.py:538} INFO - Filling up the DagBag from /opt/airflow/dags/daily_student_pipeline.py
[2026-04-21T14:30:02.674+0000] {processor.py:840} INFO - DAG(s) 'daily_student_pipeline' retrieved from /opt/airflow/dags/daily_student_pipeline.py
[2026-04-21T14:30:02.696+0000] {logging_mixin.py:188} INFO - [2026-04-21T14:30:02.696+0000] {dag.py:3036} INFO - Sync 1 DAGs
[2026-04-21T14:30:02.714+0000] {logging_mixin.py:188} INFO - [2026-04-21T14:30:02.713+0000] {dag.py:3823} INFO - Setting next_dagrun for daily_student_pipeline to 2026-04-21 02:00:00+00:00, run_after=2026-04-22 02:00:00+00:00
[2026-04-21T14:30:02.735+0000] {processor.py:183} INFO - Processing /opt/airflow/dags/daily_student_pipeline.py took 0.083 seconds
[2026-04-21T14:30:33.381+0000] {processor.py:161} INFO - Started process (PID=3152) to work on /opt/airflow/dags/daily_student_pipeline.py
[2026-04-21T14:30:33.382+0000] {processor.py:830} INFO - Processing file /opt/airflow/dags/daily_student_pipeline.py for tasks to queue
[2026-04-21T14:30:33.384+0000] {logging_mixin.py:188} INFO - [2026-04-21T14:30:33.384+0000] {dagbag.py:538} INFO - Filling up the DagBag from /opt/airflow/dags/daily_student_pipeline.py
[2026-04-21T14:30:33.414+0000] {processor.py:840} INFO - DAG(s) 'daily_student_pipeline' retrieved from /opt/airflow/dags/daily_student_pipeline.py
[2026-04-21T14:30:33.449+0000] {logging_mixin.py:188} INFO - [2026-04-21T14:30:33.449+0000] {dag.py:3036} INFO - Sync 1 DAGs
[2026-04-21T14:30:33.473+0000] {logging_mixin.py:188} INFO - [2026-04-21T14:30:33.473+0000] {dag.py:3823} INFO - Setting next_dagrun for daily_student_pipeline to 2026-04-21 02:00:00+00:00, run_after=2026-04-22 02:00:00+00:00
[2026-04-21T14:30:33.495+0000] {processor.py:183} INFO - Processing /opt/airflow/dags/daily_student_pipeline.py took 0.118 seconds
[2026-04-21T14:31:04.143+0000] {processor.py:161} INFO - Started process (PID=3167) to work on /opt/airflow/dags/daily_student_pipeline.py
[2026-04-21T14:31:04.144+0000] {processor.py:830} INFO - Processing file /opt/airflow/dags/daily_student_pipeline.py for tasks to queue
[2026-04-21T14:31:04.145+0000] {logging_mixin.py:188} INFO - [2026-04-21T14:31:04.144+0000] {dagbag.py:538} INFO - Filling up the DagBag from /opt/airflow/dags/daily_student_pipeline.py
[2026-04-21T14:31:04.162+0000] {processor.py:840} INFO - DAG(s) 'daily_student_pipeline' retrieved from /opt/airflow/dags/daily_student_pipeline.py
[2026-04-21T14:31:04.187+0000] {logging_mixin.py:188} INFO - [2026-04-21T14:31:04.187+0000] {dag.py:3036} INFO - Sync 1 DAGs
[2026-04-21T14:31:04.209+0000] {logging_mixin.py:188} INFO - [2026-04-21T14:31:04.208+0000] {dag.py:3823} INFO - Setting next_dagrun for daily_student_pipeline to 2026-04-21 02:00:00+00:00, run_after=2026-04-22 02:00:00+00:00
[2026-04-21T14:31:04.235+0000] {processor.py:183} INFO - Processing /opt/airflow/dags/daily_student_pipeline.py took 0.095 seconds
[2026-04-21T14:31:34.624+0000] {processor.py:161} INFO - Started process (PID=3190) to work on /opt/airflow/dags/daily_student_pipeline.py
[2026-04-21T14:31:34.625+0000] {processor.py:830} INFO - Processing file /opt/airflow/dags/daily_student_pipeline.py for tasks to queue
[2026-04-21T14:31:34.626+0000] {logging_mixin.py:188} INFO - [2026-04-21T14:31:34.625+0000] {dagbag.py:538} INFO - Filling up the DagBag from /opt/airflow/dags/daily_student_pipeline.py
[2026-04-21T14:31:34.643+0000] {processor.py:840} INFO - DAG(s) 'daily_student_pipeline' retrieved from /opt/airflow/dags/daily_student_pipeline.py
[2026-04-21T14:31:34.665+0000] {logging_mixin.py:188} INFO - [2026-04-21T14:31:34.665+0000] {dag.py:3036} INFO - Sync 1 DAGs
[2026-04-21T14:31:34.684+0000] {logging_mixin.py:188} INFO - [2026-04-21T14:31:34.684+0000] {dag.py:3823} INFO - Setting next_dagrun for daily_student_pipeline to 2026-04-21 02:00:00+00:00, run_after=2026-04-22 02:00:00+00:00
[2026-04-21T14:31:34.705+0000] {processor.py:183} INFO - Processing /opt/airflow/dags/daily_student_pipeline.py took 0.083 seconds
[2026-04-21T14:32:05.560+0000] {processor.py:161} INFO - Started process (PID=3213) to work on /opt/airflow/dags/daily_student_pipeline.py
[2026-04-21T14:32:05.561+0000] {processor.py:830} INFO - Processing file /opt/airflow/dags/daily_student_pipeline.py for tasks to queue
[2026-04-21T14:32:05.562+0000] {logging_mixin.py:188} INFO - [2026-04-21T14:32:05.562+0000] {dagbag.py:538} INFO - Filling up the DagBag from /opt/airflow/dags/daily_student_pipeline.py
[2026-04-21T14:32:05.580+0000] {processor.py:840} INFO - DAG(s) 'daily_student_pipeline' retrieved from /opt/airflow/dags/daily_student_pipeline.py
[2026-04-21T14:32:05.604+0000] {logging_mixin.py:188} INFO - [2026-04-21T14:32:05.603+0000] {dag.py:3036} INFO - Sync 1 DAGs
[2026-04-21T14:32:05.623+0000] {logging_mixin.py:188} INFO - [2026-04-21T14:32:05.623+0000] {dag.py:3823} INFO - Setting next_dagrun for daily_student_pipeline to 2026-04-21 02:00:00+00:00, run_after=2026-04-22 02:00:00+00:00
[2026-04-21T14:32:05.643+0000] {processor.py:183} INFO - Processing /opt/airflow/dags/daily_student_pipeline.py took 0.084 seconds
[2026-04-21T14:32:36.662+0000] {processor.py:161} INFO - Started process (PID=3236) to work on /opt/airflow/dags/daily_student_pipeline.py
[2026-04-21T14:32:36.663+0000] {processor.py:830} INFO - Processing file /opt/airflow/dags/daily_student_pipeline.py for tasks to queue
[2026-04-21T14:32:36.664+0000] {logging_mixin.py:188} INFO - [2026-04-21T14:32:36.664+0000] {dagbag.py:538} INFO - Filling up the DagBag from /opt/airflow/dags/daily_student_pipeline.py
[2026-04-21T14:32:36.684+0000] {processor.py:840} INFO - DAG(s) 'daily_student_pipeline' retrieved from /opt/airflow/dags/daily_student_pipeline.py
[2026-04-21T14:32:36.708+0000] {logging_mixin.py:188} INFO - [2026-04-21T14:32:36.708+0000] {dag.py:3036} INFO - Sync 1 DAGs
[2026-04-21T14:32:36.728+0000] {logging_mixin.py:188} INFO - [2026-04-21T14:32:36.728+0000] {dag.py:3823} INFO - Setting next_dagrun for daily_student_pipeline to 2026-04-21 02:00:00+00:00, run_after=2026-04-22 02:00:00+00:00
[2026-04-21T14:32:36.753+0000] {processor.py:183} INFO - Processing /opt/airflow/dags/daily_student_pipeline.py took 0.093 seconds
[2026-04-21T14:33:07.769+0000] {processor.py:161} INFO - Started process (PID=3259) to work on /opt/airflow/dags/daily_student_pipeline.py
[2026-04-21T14:33:07.770+0000] {processor.py:830} INFO - Processing file /opt/airflow/dags/daily_student_pipeline.py for tasks to queue
[2026-04-21T14:33:07.771+0000] {logging_mixin.py:188} INFO - [2026-04-21T14:33:07.770+0000] {dagbag.py:538} INFO - Filling up the DagBag from /opt/airflow/dags/daily_student_pipeline.py
[2026-04-21T14:33:07.790+0000] {processor.py:840} INFO - DAG(s) 'daily_student_pipeline' retrieved from /opt/airflow/dags/daily_student_pipeline.py
[2026-04-21T14:33:07.814+0000] {logging_mixin.py:188} INFO - [2026-04-21T14:33:07.813+0000] {dag.py:3036} INFO - Sync 1 DAGs
[2026-04-21T14:33:07.833+0000] {logging_mixin.py:188} INFO - [2026-04-21T14:33:07.833+0000] {dag.py:3823} INFO - Setting next_dagrun for daily_student_pipeline to 2026-04-21 02:00:00+00:00, run_after=2026-04-22 02:00:00+00:00
[2026-04-21T14:33:07.852+0000] {processor.py:183} INFO - Processing /opt/airflow/dags/daily_student_pipeline.py took 0.086 seconds
[2026-04-21T14:33:38.792+0000] {processor.py:161} INFO - Started process (PID=3282) to work on /opt/airflow/dags/daily_student_pipeline.py
[2026-04-21T14:33:38.793+0000] {processor.py:830} INFO - Processing file /opt/airflow/dags/daily_student_pipeline.py for tasks to queue
[2026-04-21T14:33:38.794+0000] {logging_mixin.py:188} INFO - [2026-04-21T14:33:38.793+0000] {dagbag.py:538} INFO - Filling up the DagBag from /opt/airflow/dags/daily_student_pipeline.py
[2026-04-21T14:33:38.810+0000] {processor.py:840} INFO - DAG(s) 'daily_student_pipeline' retrieved from /opt/airflow/dags/daily_student_pipeline.py
[2026-04-21T14:33:38.835+0000] {logging_mixin.py:188} INFO - [2026-04-21T14:33:38.834+0000] {dag.py:3036} INFO - Sync 1 DAGs
[2026-04-21T14:33:38.857+0000] {logging_mixin.py:188} INFO - [2026-04-21T14:33:38.856+0000] {dag.py:3823} INFO - Setting next_dagrun for daily_student_pipeline to 2026-04-21 02:00:00+00:00, run_after=2026-04-22 02:00:00+00:00
[2026-04-21T14:33:38.879+0000] {processor.py:183} INFO - Processing /opt/airflow/dags/daily_student_pipeline.py took 0.090 seconds
[2026-04-21T14:34:09.894+0000] {processor.py:161} INFO - Started process (PID=3305) to work on /opt/airflow/dags/daily_student_pipeline.py
[2026-04-21T14:34:09.895+0000] {processor.py:830} INFO - Processing file /opt/airflow/dags/daily_student_pipeline.py for tasks to queue
[2026-04-21T14:34:09.896+0000] {logging_mixin.py:188} INFO - [2026-04-21T14:34:09.896+0000] {dagbag.py:538} INFO - Filling up the DagBag from /opt/airflow/dags/daily_student_pipeline.py
[2026-04-21T14:34:09.916+0000] {processor.py:840} INFO - DAG(s) 'daily_student_pipeline' retrieved from /opt/airflow/dags/daily_student_pipeline.py
[2026-04-21T14:34:09.940+0000] {logging_mixin.py:188} INFO - [2026-04-21T14:34:09.940+0000] {dag.py:3036} INFO - Sync 1 DAGs
[2026-04-21T14:34:09.961+0000] {logging_mixin.py:188} INFO - [2026-04-21T14:34:09.961+0000] {dag.py:3823} INFO - Setting next_dagrun for daily_student_pipeline to 2026-04-21 02:00:00+00:00, run_after=2026-04-22 02:00:00+00:00
[2026-04-21T14:34:09.980+0000] {processor.py:183} INFO - Processing /opt/airflow/dags/daily_student_pipeline.py took 0.088 seconds
[2026-04-21T14:34:40.848+0000] {processor.py:161} INFO - Started process (PID=3329) to work on /opt/airflow/dags/daily_student_pipeline.py
[2026-04-21T14:34:40.849+0000] {processor.py:830} INFO - Processing file /opt/airflow/dags/daily_student_pipeline.py for tasks to queue
[2026-04-21T14:34:40.851+0000] {logging_mixin.py:188} INFO - [2026-04-21T14:34:40.850+0000] {dagbag.py:538} INFO - Filling up the DagBag from /opt/airflow/dags/daily_student_pipeline.py
[2026-04-21T14:34:40.874+0000] {processor.py:840} INFO - DAG(s) 'daily_student_pipeline' retrieved from /opt/airflow/dags/daily_student_pipeline.py
[2026-04-21T14:34:40.903+0000] {logging_mixin.py:188} INFO - [2026-04-21T14:34:40.903+0000] {dag.py:3036} INFO - Sync 1 DAGs
[2026-04-21T14:34:40.924+0000] {logging_mixin.py:188} INFO - [2026-04-21T14:34:40.924+0000] {dag.py:3823} INFO - Setting next_dagrun for daily_student_pipeline to 2026-04-21 02:00:00+00:00, run_after=2026-04-22 02:00:00+00:00
[2026-04-21T14:34:40.942+0000] {processor.py:183} INFO - Processing /opt/airflow/dags/daily_student_pipeline.py took 0.097 seconds
[2026-04-21T14:35:11.963+0000] {processor.py:161} INFO - Started process (PID=3352) to work on /opt/airflow/dags/daily_student_pipeline.py
[2026-04-21T14:35:11.964+0000] {processor.py:830} INFO - Processing file /opt/airflow/dags/daily_student_pipeline.py for tasks to queue
[2026-04-21T14:35:11.965+0000] {logging_mixin.py:188} INFO - [2026-04-21T14:35:11.965+0000] {dagbag.py:538} INFO - Filling up the DagBag from /opt/airflow/dags/daily_student_pipeline.py
[2026-04-21T14:35:11.982+0000] {processor.py:840} INFO - DAG(s) 'daily_student_pipeline' retrieved from /opt/airflow/dags/daily_student_pipeline.py
[2026-04-21T14:35:12.008+0000] {logging_mixin.py:188} INFO - [2026-04-21T14:35:12.008+0000] {dag.py:3036} INFO - Sync 1 DAGs
[2026-04-21T14:35:12.029+0000] {logging_mixin.py:188} INFO - [2026-04-21T14:35:12.029+0000] {dag.py:3823} INFO - Setting next_dagrun for daily_student_pipeline to 2026-04-21 02:00:00+00:00, run_after=2026-04-22 02:00:00+00:00
[2026-04-21T14:35:12.044+0000] {processor.py:183} INFO - Processing /opt/airflow/dags/daily_student_pipeline.py took 0.083 seconds
[2026-04-21T14:35:43.010+0000] {processor.py:161} INFO - Started process (PID=3375) to work on /opt/airflow/dags/daily_student_pipeline.py
[2026-04-21T14:35:43.012+0000] {processor.py:830} INFO - Processing file /opt/airflow/dags/daily_student_pipeline.py for tasks to queue
[2026-04-21T14:35:43.013+0000] {logging_mixin.py:188} INFO - [2026-04-21T14:35:43.012+0000] {dagbag.py:538} INFO - Filling up the DagBag from /opt/airflow/dags/daily_student_pipeline.py
[2026-04-21T14:35:43.034+0000] {processor.py:840} INFO - DAG(s) 'daily_student_pipeline' retrieved from /opt/airflow/dags/daily_student_pipeline.py
[2026-04-21T14:35:43.057+0000] {logging_mixin.py:188} INFO - [2026-04-21T14:35:43.057+0000] {dag.py:3036} INFO - Sync 1 DAGs
[2026-04-21T14:35:43.075+0000] {logging_mixin.py:188} INFO - [2026-04-21T14:35:43.075+0000] {dag.py:3823} INFO - Setting next_dagrun for daily_student_pipeline to 2026-04-21 02:00:00+00:00, run_after=2026-04-22 02:00:00+00:00
[2026-04-21T14:35:43.093+0000] {processor.py:183} INFO - Processing /opt/airflow/dags/daily_student_pipeline.py took 0.086 seconds
[2026-04-21T14:36:13.150+0000] {processor.py:161} INFO - Started process (PID=3390) to work on /opt/airflow/dags/daily_student_pipeline.py
[2026-04-21T14:36:13.151+0000] {processor.py:830} INFO - Processing file /opt/airflow/dags/daily_student_pipeline.py for tasks to queue
[2026-04-21T14:36:13.151+0000] {logging_mixin.py:188} INFO - [2026-04-21T14:36:13.151+0000] {dagbag.py:538} INFO - Filling up the DagBag from /opt/airflow/dags/daily_student_pipeline.py
[2026-04-21T14:36:13.168+0000] {processor.py:840} INFO - DAG(s) 'daily_student_pipeline' retrieved from /opt/airflow/dags/daily_student_pipeline.py
[2026-04-21T14:36:13.191+0000] {logging_mixin.py:188} INFO - [2026-04-21T14:36:13.190+0000] {dag.py:3036} INFO - Sync 1 DAGs
[2026-04-21T14:36:13.210+0000] {logging_mixin.py:188} INFO - [2026-04-21T14:36:13.210+0000] {dag.py:3823} INFO - Setting next_dagrun for daily_student_pipeline to 2026-04-21 02:00:00+00:00, run_after=2026-04-22 02:00:00+00:00
[2026-04-21T14:36:13.237+0000] {processor.py:183} INFO - Processing /opt/airflow/dags/daily_student_pipeline.py took 0.089 seconds
[2026-04-21T14:36:43.304+0000] {processor.py:161} INFO - Started process (PID=3413) to work on /opt/airflow/dags/daily_student_pipeline.py
[2026-04-21T14:36:43.305+0000] {processor.py:830} INFO - Processing file /opt/airflow/dags/daily_student_pipeline.py for tasks to queue
[2026-04-21T14:36:43.306+0000] {logging_mixin.py:188} INFO - [2026-04-21T14:36:43.305+0000] {dagbag.py:538} INFO - Filling up the DagBag from /opt/airflow/dags/daily_student_pipeline.py
[2026-04-21T14:36:43.322+0000] {processor.py:840} INFO - DAG(s) 'daily_student_pipeline' retrieved from /opt/airflow/dags/daily_student_pipeline.py
[2026-04-21T14:36:43.344+0000] {logging_mixin.py:188} INFO - [2026-04-21T14:36:43.344+0000] {dag.py:3036} INFO - Sync 1 DAGs
[2026-04-21T14:36:43.366+0000] {logging_mixin.py:188} INFO - [2026-04-21T14:36:43.365+0000] {dag.py:3823} INFO - Setting next_dagrun for daily_student_pipeline to 2026-04-21 02:00:00+00:00, run_after=2026-04-22 02:00:00+00:00
[2026-04-21T14:36:43.385+0000] {processor.py:183} INFO - Processing /opt/airflow/dags/daily_student_pipeline.py took 0.084 seconds
[2026-04-21T14:37:13.442+0000] {processor.py:161} INFO - Started process (PID=3436) to work on /opt/airflow/dags/daily_student_pipeline.py
[2026-04-21T14:37:13.443+0000] {processor.py:830} INFO - Processing file /opt/airflow/dags/daily_student_pipeline.py for tasks to queue
[2026-04-21T14:37:13.444+0000] {logging_mixin.py:188} INFO - [2026-04-21T14:37:13.443+0000] {dagbag.py:538} INFO - Filling up the DagBag from /opt/airflow/dags/daily_student_pipeline.py
[2026-04-21T14:37:13.461+0000] {processor.py:840} INFO - DAG(s) 'daily_student_pipeline' retrieved from /opt/airflow/dags/daily_student_pipeline.py
[2026-04-21T14:37:13.485+0000] {logging_mixin.py:188} INFO - [2026-04-21T14:37:13.485+0000] {dag.py:3036} INFO - Sync 1 DAGs
[2026-04-21T14:37:13.506+0000] {logging_mixin.py:188} INFO - [2026-04-21T14:37:13.506+0000] {dag.py:3823} INFO - Setting next_dagrun for daily_student_pipeline to 2026-04-21 02:00:00+00:00, run_after=2026-04-22 02:00:00+00:00
[2026-04-21T14:37:13.525+0000] {processor.py:183} INFO - Processing /opt/airflow/dags/daily_student_pipeline.py took 0.086 seconds
[2026-04-21T14:37:44.424+0000] {processor.py:161} INFO - Started process (PID=3459) to work on /opt/airflow/dags/daily_student_pipeline.py
[2026-04-21T14:37:44.425+0000] {processor.py:830} INFO - Processing file /opt/airflow/dags/daily_student_pipeline.py for tasks to queue
[2026-04-21T14:37:44.426+0000] {logging_mixin.py:188} INFO - [2026-04-21T14:37:44.425+0000] {dagbag.py:538} INFO - Filling up the DagBag from /opt/airflow/dags/daily_student_pipeline.py
[2026-04-21T14:37:44.442+0000] {processor.py:840} INFO - DAG(s) 'daily_student_pipeline' retrieved from /opt/airflow/dags/daily_student_pipeline.py
[2026-04-21T14:37:44.464+0000] {logging_mixin.py:188} INFO - [2026-04-21T14:37:44.464+0000] {dag.py:3036} INFO - Sync 1 DAGs
[2026-04-21T14:37:44.484+0000] {logging_mixin.py:188} INFO - [2026-04-21T14:37:44.484+0000] {dag.py:3823} INFO - Setting next_dagrun for daily_student_pipeline to 2026-04-21 02:00:00+00:00, run_after=2026-04-22 02:00:00+00:00
[2026-04-21T14:37:44.502+0000] {processor.py:183} INFO - Processing /opt/airflow/dags/daily_student_pipeline.py took 0.080 seconds
[2026-04-21T14:38:15.491+0000] {processor.py:161} INFO - Started process (PID=3482) to work on /opt/airflow/dags/daily_student_pipeline.py
[2026-04-21T14:38:15.492+0000] {processor.py:830} INFO - Processing file /opt/airflow/dags/daily_student_pipeline.py for tasks to queue
[2026-04-21T14:38:15.493+0000] {logging_mixin.py:188} INFO - [2026-04-21T14:38:15.493+0000] {dagbag.py:538} INFO - Filling up the DagBag from /opt/airflow/dags/daily_student_pipeline.py
[2026-04-21T14:38:15.509+0000] {processor.py:840} INFO - DAG(s) 'daily_student_pipeline' retrieved from /opt/airflow/dags/daily_student_pipeline.py
[2026-04-21T14:38:15.531+0000] {logging_mixin.py:188} INFO - [2026-04-21T14:38:15.531+0000] {dag.py:3036} INFO - Sync 1 DAGs
[2026-04-21T14:38:15.550+0000] {logging_mixin.py:188} INFO - [2026-04-21T14:38:15.550+0000] {dag.py:3823} INFO - Setting next_dagrun for daily_student_pipeline to 2026-04-21 02:00:00+00:00, run_after=2026-04-22 02:00:00+00:00
[2026-04-21T14:38:15.569+0000] {processor.py:183} INFO - Processing /opt/airflow/dags/daily_student_pipeline.py took 0.080 seconds
[2026-04-21T14:38:45.628+0000] {processor.py:161} INFO - Started process (PID=3505) to work on /opt/airflow/dags/daily_student_pipeline.py
[2026-04-21T14:38:45.629+0000] {processor.py:830} INFO - Processing file /opt/airflow/dags/daily_student_pipeline.py for tasks to queue
[2026-04-21T14:38:45.631+0000] {logging_mixin.py:188} INFO - [2026-04-21T14:38:45.630+0000] {dagbag.py:538} INFO - Filling up the DagBag from /opt/airflow/dags/daily_student_pipeline.py
[2026-04-21T14:38:45.650+0000] {processor.py:840} INFO - DAG(s) 'daily_student_pipeline' retrieved from /opt/airflow/dags/daily_student_pipeline.py
[2026-04-21T14:38:45.676+0000] {logging_mixin.py:188} INFO - [2026-04-21T14:38:45.676+0000] {dag.py:3036} INFO - Sync 1 DAGs
[2026-04-21T14:38:45.697+0000] {logging_mixin.py:188} INFO - [2026-04-21T14:38:45.697+0000] {dag.py:3823} INFO - Setting next_dagrun for daily_student_pipeline to 2026-04-21 02:00:00+00:00, run_after=2026-04-22 02:00:00+00:00
[2026-04-21T14:38:45.718+0000] {processor.py:183} INFO - Processing /opt/airflow/dags/daily_student_pipeline.py took 0.093 seconds
[2026-04-21T14:39:16.837+0000] {processor.py:161} INFO - Started process (PID=3528) to work on /opt/airflow/dags/daily_student_pipeline.py
[2026-04-21T14:39:16.839+0000] {processor.py:830} INFO - Processing file /opt/airflow/dags/daily_student_pipeline.py for tasks to queue
[2026-04-21T14:39:16.840+0000] {logging_mixin.py:188} INFO - [2026-04-21T14:39:16.840+0000] {dagbag.py:538} INFO - Filling up the DagBag from /opt/airflow/dags/daily_student_pipeline.py
[2026-04-21T14:39:16.861+0000] {processor.py:840} INFO - DAG(s) 'daily_student_pipeline' retrieved from /opt/airflow/dags/daily_student_pipeline.py
[2026-04-21T14:39:16.887+0000] {logging_mixin.py:188} INFO - [2026-04-21T14:39:16.886+0000] {dag.py:3036} INFO - Sync 1 DAGs
[2026-04-21T14:39:16.908+0000] {logging_mixin.py:188} INFO - [2026-04-21T14:39:16.907+0000] {dag.py:3823} INFO - Setting next_dagrun for daily_student_pipeline to 2026-04-21 02:00:00+00:00, run_after=2026-04-22 02:00:00+00:00
[2026-04-21T14:39:16.926+0000] {processor.py:183} INFO - Processing /opt/airflow/dags/daily_student_pipeline.py took 0.091 seconds
[2026-04-21T14:39:47.090+0000] {processor.py:161} INFO - Started process (PID=3551) to work on /opt/airflow/dags/daily_student_pipeline.py
[2026-04-21T14:39:47.090+0000] {processor.py:830} INFO - Processing file /opt/airflow/dags/daily_student_pipeline.py for tasks to queue
[2026-04-21T14:39:47.091+0000] {logging_mixin.py:188} INFO - [2026-04-21T14:39:47.091+0000] {dagbag.py:538} INFO - Filling up the DagBag from /opt/airflow/dags/daily_student_pipeline.py
[2026-04-21T14:39:47.109+0000] {processor.py:840} INFO - DAG(s) 'daily_student_pipeline' retrieved from /opt/airflow/dags/daily_student_pipeline.py
[2026-04-21T14:39:47.134+0000] {logging_mixin.py:188} INFO - [2026-04-21T14:39:47.134+0000] {dag.py:3036} INFO - Sync 1 DAGs
[2026-04-21T14:39:47.156+0000] {logging_mixin.py:188} INFO - [2026-04-21T14:39:47.156+0000] {dag.py:3823} INFO - Setting next_dagrun for daily_student_pipeline to 2026-04-21 02:00:00+00:00, run_after=2026-04-22 02:00:00+00:00
[2026-04-21T14:39:47.175+0000] {processor.py:183} INFO - Processing /opt/airflow/dags/daily_student_pipeline.py took 0.087 seconds
[2026-04-21T14:40:17.721+0000] {processor.py:161} INFO - Started process (PID=3566) to work on /opt/airflow/dags/daily_student_pipeline.py
[2026-04-21T14:40:17.722+0000] {processor.py:830} INFO - Processing file /opt/airflow/dags/daily_student_pipeline.py for tasks to queue
[2026-04-21T14:40:17.723+0000] {logging_mixin.py:188} INFO - [2026-04-21T14:40:17.723+0000] {dagbag.py:538} INFO - Filling up the DagBag from /opt/airflow/dags/daily_student_pipeline.py
[2026-04-21T14:40:17.741+0000] {processor.py:840} INFO - DAG(s) 'daily_student_pipeline' retrieved from /opt/airflow/dags/daily_student_pipeline.py
[2026-04-21T14:40:17.763+0000] {logging_mixin.py:188} INFO - [2026-04-21T14:40:17.763+0000] {dag.py:3036} INFO - Sync 1 DAGs
[2026-04-21T14:40:17.781+0000] {logging_mixin.py:188} INFO - [2026-04-21T14:40:17.781+0000] {dag.py:3823} INFO - Setting next_dagrun for daily_student_pipeline to 2026-04-21 02:00:00+00:00, run_after=2026-04-22 02:00:00+00:00
[2026-04-21T14:40:17.801+0000] {processor.py:183} INFO - Processing /opt/airflow/dags/daily_student_pipeline.py took 0.082 seconds
[2026-04-21T14:40:48.412+0000] {processor.py:161} INFO - Started process (PID=3589) to work on /opt/airflow/dags/daily_student_pipeline.py
[2026-04-21T14:40:48.413+0000] {processor.py:830} INFO - Processing file /opt/airflow/dags/daily_student_pipeline.py for tasks to queue
[2026-04-21T14:40:48.414+0000] {logging_mixin.py:188} INFO - [2026-04-21T14:40:48.414+0000] {dagbag.py:538} INFO - Filling up the DagBag from /opt/airflow/dags/daily_student_pipeline.py
[2026-04-21T14:40:48.432+0000] {processor.py:840} INFO - DAG(s) 'daily_student_pipeline' retrieved from /opt/airflow/dags/daily_student_pipeline.py
[2026-04-21T14:40:48.457+0000] {logging_mixin.py:188} INFO - [2026-04-21T14:40:48.457+0000] {dag.py:3036} INFO - Sync 1 DAGs
[2026-04-21T14:40:48.477+0000] {logging_mixin.py:188} INFO - [2026-04-21T14:40:48.477+0000] {dag.py:3823} INFO - Setting next_dagrun for daily_student_pipeline to 2026-04-21 02:00:00+00:00, run_after=2026-04-22 02:00:00+00:00
[2026-04-21T14:40:48.499+0000] {processor.py:183} INFO - Processing /opt/airflow/dags/daily_student_pipeline.py took 0.089 seconds
[2026-04-21T14:41:18.555+0000] {processor.py:161} INFO - Started process (PID=3612) to work on /opt/airflow/dags/daily_student_pipeline.py
[2026-04-21T14:41:18.556+0000] {processor.py:830} INFO - Processing file /opt/airflow/dags/daily_student_pipeline.py for tasks to queue
[2026-04-21T14:41:18.556+0000] {logging_mixin.py:188} INFO - [2026-04-21T14:41:18.556+0000] {dagbag.py:538} INFO - Filling up the DagBag from /opt/airflow/dags/daily_student_pipeline.py
[2026-04-21T14:41:18.572+0000] {processor.py:840} INFO - DAG(s) 'daily_student_pipeline' retrieved from /opt/airflow/dags/daily_student_pipeline.py
[2026-04-21T14:41:18.594+0000] {logging_mixin.py:188} INFO - [2026-04-21T14:41:18.594+0000] {dag.py:3036} INFO - Sync 1 DAGs
[2026-04-21T14:41:18.614+0000] {logging_mixin.py:188} INFO - [2026-04-21T14:41:18.614+0000] {dag.py:3823} INFO - Setting next_dagrun for daily_student_pipeline to 2026-04-21 02:00:00+00:00, run_after=2026-04-22 02:00:00+00:00
[2026-04-21T14:41:18.636+0000] {processor.py:183} INFO - Processing /opt/airflow/dags/daily_student_pipeline.py took 0.083 seconds
[2026-04-21T14:41:48.683+0000] {processor.py:161} INFO - Started process (PID=3635) to work on /opt/airflow/dags/daily_student_pipeline.py
[2026-04-21T14:41:48.684+0000] {processor.py:830} INFO - Processing file /opt/airflow/dags/daily_student_pipeline.py for tasks to queue
[2026-04-21T14:41:48.684+0000] {logging_mixin.py:188} INFO - [2026-04-21T14:41:48.684+0000] {dagbag.py:538} INFO - Filling up the DagBag from /opt/airflow/dags/daily_student_pipeline.py
[2026-04-21T14:41:48.704+0000] {processor.py:840} INFO - DAG(s) 'daily_student_pipeline' retrieved from /opt/airflow/dags/daily_student_pipeline.py
[2026-04-21T14:41:48.729+0000] {logging_mixin.py:188} INFO - [2026-04-21T14:41:48.729+0000] {dag.py:3036} INFO - Sync 1 DAGs
[2026-04-21T14:41:48.748+0000] {logging_mixin.py:188} INFO - [2026-04-21T14:41:48.748+0000] {dag.py:3823} INFO - Setting next_dagrun for daily_student_pipeline to 2026-04-21 02:00:00+00:00, run_after=2026-04-22 02:00:00+00:00
[2026-04-21T14:41:48.769+0000] {processor.py:183} INFO - Processing /opt/airflow/dags/daily_student_pipeline.py took 0.088 seconds
[2026-04-21T14:42:18.836+0000] {processor.py:161} INFO - Started process (PID=3658) to work on /opt/airflow/dags/daily_student_pipeline.py
[2026-04-21T14:42:18.837+0000] {processor.py:830} INFO - Processing file /opt/airflow/dags/daily_student_pipeline.py for tasks to queue
[2026-04-21T14:42:18.838+0000] {logging_mixin.py:188} INFO - [2026-04-21T14:42:18.837+0000] {dagbag.py:538} INFO - Filling up the DagBag from /opt/airflow/dags/daily_student_pipeline.py
[2026-04-21T14:42:18.855+0000] {processor.py:840} INFO - DAG(s) 'daily_student_pipeline' retrieved from /opt/airflow/dags/daily_student_pipeline.py
[2026-04-21T14:42:18.877+0000] {logging_mixin.py:188} INFO - [2026-04-21T14:42:18.877+0000] {dag.py:3036} INFO - Sync 1 DAGs
[2026-04-21T14:42:18.896+0000] {logging_mixin.py:188} INFO - [2026-04-21T14:42:18.896+0000] {dag.py:3823} INFO - Setting next_dagrun for daily_student_pipeline to 2026-04-21 02:00:00+00:00, run_after=2026-04-22 02:00:00+00:00
[2026-04-21T14:42:18.913+0000] {processor.py:183} INFO - Processing /opt/airflow/dags/daily_student_pipeline.py took 0.080 seconds
[2026-04-21T14:42:48.971+0000] {processor.py:161} INFO - Started process (PID=3681) to work on /opt/airflow/dags/daily_student_pipeline.py
[2026-04-21T14:42:48.972+0000] {processor.py:830} INFO - Processing file /opt/airflow/dags/daily_student_pipeline.py for tasks to queue
[2026-04-21T14:42:48.973+0000] {logging_mixin.py:188} INFO - [2026-04-21T14:42:48.972+0000] {dagbag.py:538} INFO - Filling up the DagBag from /opt/airflow/dags/daily_student_pipeline.py
[2026-04-21T14:42:48.988+0000] {processor.py:840} INFO - DAG(s) 'daily_student_pipeline' retrieved from /opt/airflow/dags/daily_student_pipeline.py
[2026-04-21T14:42:49.010+0000] {logging_mixin.py:188} INFO - [2026-04-21T14:42:49.010+0000] {dag.py:3036} INFO - Sync 1 DAGs
[2026-04-21T14:42:49.028+0000] {logging_mixin.py:188} INFO - [2026-04-21T14:42:49.028+0000] {dag.py:3823} INFO - Setting next_dagrun for daily_student_pipeline to 2026-04-21 02:00:00+00:00, run_after=2026-04-22 02:00:00+00:00
[2026-04-21T14:42:49.044+0000] {processor.py:183} INFO - Processing /opt/airflow/dags/daily_student_pipeline.py took 0.076 seconds
[2026-04-21T14:43:19.143+0000] {processor.py:161} INFO - Started process (PID=3704) to work on /opt/airflow/dags/daily_student_pipeline.py
[2026-04-21T14:43:19.144+0000] {processor.py:830} INFO - Processing file /opt/airflow/dags/daily_student_pipeline.py for tasks to queue
[2026-04-21T14:43:19.145+0000] {logging_mixin.py:188} INFO - [2026-04-21T14:43:19.145+0000] {dagbag.py:538} INFO - Filling up the DagBag from /opt/airflow/dags/daily_student_pipeline.py
[2026-04-21T14:43:19.168+0000] {processor.py:840} INFO - DAG(s) 'daily_student_pipeline' retrieved from /opt/airflow/dags/daily_student_pipeline.py
[2026-04-21T14:43:19.194+0000] {logging_mixin.py:188} INFO - [2026-04-21T14:43:19.193+0000] {dag.py:3036} INFO - Sync 1 DAGs
[2026-04-21T14:43:19.216+0000] {logging_mixin.py:188} INFO - [2026-04-21T14:43:19.216+0000] {dag.py:3823} INFO - Setting next_dagrun for daily_student_pipeline to 2026-04-21 02:00:00+00:00, run_after=2026-04-22 02:00:00+00:00
[2026-04-21T14:43:19.233+0000] {processor.py:183} INFO - Processing /opt/airflow/dags/daily_student_pipeline.py took 0.093 seconds
[2026-04-21T14:43:49.349+0000] {processor.py:161} INFO - Started process (PID=3727) to work on /opt/airflow/dags/daily_student_pipeline.py
[2026-04-21T14:43:49.351+0000] {processor.py:830} INFO - Processing file /opt/airflow/dags/daily_student_pipeline.py for tasks to queue
[2026-04-21T14:43:49.352+0000] {logging_mixin.py:188} INFO - [2026-04-21T14:43:49.351+0000] {dagbag.py:538} INFO - Filling up the DagBag from /opt/airflow/dags/daily_student_pipeline.py
[2026-04-21T14:43:49.377+0000] {processor.py:840} INFO - DAG(s) 'daily_student_pipeline' retrieved from /opt/airflow/dags/daily_student_pipeline.py
[2026-04-21T14:43:49.424+0000] {logging_mixin.py:188} INFO - [2026-04-21T14:43:49.423+0000] {dag.py:3036} INFO - Sync 1 DAGs
[2026-04-21T14:43:49.466+0000] {logging_mixin.py:188} INFO - [2026-04-21T14:43:49.466+0000] {dag.py:3823} INFO - Setting next_dagrun for daily_student_pipeline to 2026-04-21 02:00:00+00:00, run_after=2026-04-22 02:00:00+00:00
[2026-04-21T14:43:49.493+0000] {processor.py:183} INFO - Processing /opt/airflow/dags/daily_student_pipeline.py took 0.147 seconds
[2026-04-21T14:44:20.457+0000] {processor.py:161} INFO - Started process (PID=3742) to work on /opt/airflow/dags/daily_student_pipeline.py
[2026-04-21T14:44:20.458+0000] {processor.py:830} INFO - Processing file /opt/airflow/dags/daily_student_pipeline.py for tasks to queue
[2026-04-21T14:44:20.459+0000] {logging_mixin.py:188} INFO - [2026-04-21T14:44:20.459+0000] {dagbag.py:538} INFO - Filling up the DagBag from /opt/airflow/dags/daily_student_pipeline.py
[2026-04-21T14:44:20.480+0000] {processor.py:840} INFO - DAG(s) 'daily_student_pipeline' retrieved from /opt/airflow/dags/daily_student_pipeline.py
[2026-04-21T14:44:20.506+0000] {logging_mixin.py:188} INFO - [2026-04-21T14:44:20.506+0000] {dag.py:3036} INFO - Sync 1 DAGs
[2026-04-21T14:44:20.528+0000] {logging_mixin.py:188} INFO - [2026-04-21T14:44:20.528+0000] {dag.py:3823} INFO - Setting next_dagrun for daily_student_pipeline to 2026-04-21 02:00:00+00:00, run_after=2026-04-22 02:00:00+00:00
[2026-04-21T14:44:20.548+0000] {processor.py:183} INFO - Processing /opt/airflow/dags/daily_student_pipeline.py took 0.094 seconds
[2026-04-21T14:44:51.548+0000] {processor.py:161} INFO - Started process (PID=3765) to work on /opt/airflow/dags/daily_student_pipeline.py
[2026-04-21T14:44:51.549+0000] {processor.py:830} INFO - Processing file /opt/airflow/dags/daily_student_pipeline.py for tasks to queue
[2026-04-21T14:44:51.550+0000] {logging_mixin.py:188} INFO - [2026-04-21T14:44:51.549+0000] {dagbag.py:538} INFO - Filling up the DagBag from /opt/airflow/dags/daily_student_pipeline.py
[2026-04-21T14:44:51.566+0000] {processor.py:840} INFO - DAG(s) 'daily_student_pipeline' retrieved from /opt/airflow/dags/daily_student_pipeline.py
[2026-04-21T14:44:51.596+0000] {logging_mixin.py:188} INFO - [2026-04-21T14:44:51.595+0000] {dag.py:3036} INFO - Sync 1 DAGs
[2026-04-21T14:44:51.615+0000] {logging_mixin.py:188} INFO - [2026-04-21T14:44:51.615+0000] {dag.py:3823} INFO - Setting next_dagrun for daily_student_pipeline to 2026-04-21 02:00:00+00:00, run_after=2026-04-22 02:00:00+00:00
[2026-04-21T14:44:51.634+0000] {processor.py:183} INFO - Processing /opt/airflow/dags/daily_student_pipeline.py took 0.089 seconds
[2026-04-21T14:45:22.559+0000] {processor.py:161} INFO - Started process (PID=3788) to work on /opt/airflow/dags/daily_student_pipeline.py
[2026-04-21T14:45:22.559+0000] {processor.py:830} INFO - Processing file /opt/airflow/dags/daily_student_pipeline.py for tasks to queue
[2026-04-21T14:45:22.560+0000] {logging_mixin.py:188} INFO - [2026-04-21T14:45:22.560+0000] {dagbag.py:538} INFO - Filling up the DagBag from /opt/airflow/dags/daily_student_pipeline.py
[2026-04-21T14:45:22.575+0000] {processor.py:840} INFO - DAG(s) 'daily_student_pipeline' retrieved from /opt/airflow/dags/daily_student_pipeline.py
[2026-04-21T14:45:22.596+0000] {logging_mixin.py:188} INFO - [2026-04-21T14:45:22.595+0000] {dag.py:3036} INFO - Sync 1 DAGs
[2026-04-21T14:45:22.614+0000] {logging_mixin.py:188} INFO - [2026-04-21T14:45:22.613+0000] {dag.py:3823} INFO - Setting next_dagrun for daily_student_pipeline to 2026-04-21 02:00:00+00:00, run_after=2026-04-22 02:00:00+00:00
[2026-04-21T14:45:22.632+0000] {processor.py:183} INFO - Processing /opt/airflow/dags/daily_student_pipeline.py took 0.076 seconds
[2026-04-21T14:45:52.673+0000] {processor.py:161} INFO - Started process (PID=3811) to work on /opt/airflow/dags/daily_student_pipeline.py
[2026-04-21T14:45:52.674+0000] {processor.py:830} INFO - Processing file /opt/airflow/dags/daily_student_pipeline.py for tasks to queue
[2026-04-21T14:45:52.675+0000] {logging_mixin.py:188} INFO - [2026-04-21T14:45:52.675+0000] {dagbag.py:538} INFO - Filling up the DagBag from /opt/airflow/dags/daily_student_pipeline.py
[2026-04-21T14:45:52.698+0000] {processor.py:840} INFO - DAG(s) 'daily_student_pipeline' retrieved from /opt/airflow/dags/daily_student_pipeline.py
[2026-04-21T14:45:52.729+0000] {logging_mixin.py:188} INFO - [2026-04-21T14:45:52.729+0000] {dag.py:3036} INFO - Sync 1 DAGs
[2026-04-21T14:45:52.754+0000] {logging_mixin.py:188} INFO - [2026-04-21T14:45:52.753+0000] {dag.py:3823} INFO - Setting next_dagrun for daily_student_pipeline to 2026-04-21 02:00:00+00:00, run_after=2026-04-22 02:00:00+00:00
[2026-04-21T14:45:52.781+0000] {processor.py:183} INFO - Processing /opt/airflow/dags/daily_student_pipeline.py took 0.111 seconds
[2026-04-21T14:46:22.888+0000] {processor.py:161} INFO - Started process (PID=3834) to work on /opt/airflow/dags/daily_student_pipeline.py
[2026-04-21T14:46:22.889+0000] {processor.py:830} INFO - Processing file /opt/airflow/dags/daily_student_pipeline.py for tasks to queue
[2026-04-21T14:46:22.890+0000] {logging_mixin.py:188} INFO - [2026-04-21T14:46:22.890+0000] {dagbag.py:538} INFO - Filling up the DagBag from /opt/airflow/dags/daily_student_pipeline.py
[2026-04-21T14:46:22.909+0000] {processor.py:840} INFO - DAG(s) 'daily_student_pipeline' retrieved from /opt/airflow/dags/daily_student_pipeline.py
[2026-04-21T14:46:22.932+0000] {logging_mixin.py:188} INFO - [2026-04-21T14:46:22.932+0000] {dag.py:3036} INFO - Sync 1 DAGs
[2026-04-21T14:46:22.954+0000] {logging_mixin.py:188} INFO - [2026-04-21T14:46:22.954+0000] {dag.py:3823} INFO - Setting next_dagrun for daily_student_pipeline to 2026-04-21 02:00:00+00:00, run_after=2026-04-22 02:00:00+00:00
[2026-04-21T14:46:22.973+0000] {processor.py:183} INFO - Processing /opt/airflow/dags/daily_student_pipeline.py took 0.087 seconds
[2026-04-21T14:46:55.912+0000] {processor.py:161} INFO - Started process (PID=3857) to work on /opt/airflow/dags/daily_student_pipeline.py
[2026-04-21T14:46:55.913+0000] {processor.py:830} INFO - Processing file /opt/airflow/dags/daily_student_pipeline.py for tasks to queue
[2026-04-21T14:46:55.914+0000] {logging_mixin.py:188} INFO - [2026-04-21T14:46:55.913+0000] {dagbag.py:538} INFO - Filling up the DagBag from /opt/airflow/dags/daily_student_pipeline.py
[2026-04-21T14:46:55.930+0000] {processor.py:840} INFO - DAG(s) 'daily_student_pipeline' retrieved from /opt/airflow/dags/daily_student_pipeline.py
[2026-04-21T14:46:55.952+0000] {logging_mixin.py:188} INFO - [2026-04-21T14:46:55.951+0000] {dag.py:3036} INFO - Sync 1 DAGs
[2026-04-21T14:46:55.970+0000] {logging_mixin.py:188} INFO - [2026-04-21T14:46:55.969+0000] {dag.py:3823} INFO - Setting next_dagrun for daily_student_pipeline to 2026-04-21 02:00:00+00:00, run_after=2026-04-22 02:00:00+00:00
[2026-04-21T14:46:55.991+0000] {processor.py:183} INFO - Processing /opt/airflow/dags/daily_student_pipeline.py took 0.082 seconds
[2026-04-21T14:47:27.981+0000] {processor.py:161} INFO - Started process (PID=3880) to work on /opt/airflow/dags/daily_student_pipeline.py
[2026-04-21T14:47:27.982+0000] {processor.py:830} INFO - Processing file /opt/airflow/dags/daily_student_pipeline.py for tasks to queue
[2026-04-21T14:47:27.982+0000] {logging_mixin.py:188} INFO - [2026-04-21T14:47:27.982+0000] {dagbag.py:538} INFO - Filling up the DagBag from /opt/airflow/dags/daily_student_pipeline.py
[2026-04-21T14:47:27.997+0000] {processor.py:840} INFO - DAG(s) 'daily_student_pipeline' retrieved from /opt/airflow/dags/daily_student_pipeline.py
[2026-04-21T14:47:28.019+0000] {logging_mixin.py:188} INFO - [2026-04-21T14:47:28.019+0000] {dag.py:3036} INFO - Sync 1 DAGs
[2026-04-21T14:47:28.036+0000] {logging_mixin.py:188} INFO - [2026-04-21T14:47:28.036+0000] {dag.py:3823} INFO - Setting next_dagrun for daily_student_pipeline to 2026-04-21 02:00:00+00:00, run_after=2026-04-22 02:00:00+00:00
[2026-04-21T14:47:28.054+0000] {processor.py:183} INFO - Processing /opt/airflow/dags/daily_student_pipeline.py took 0.075 seconds
[2026-04-21T14:48:01.199+0000] {processor.py:161} INFO - Started process (PID=3903) to work on /opt/airflow/dags/daily_student_pipeline.py
[2026-04-21T14:48:01.200+0000] {processor.py:830} INFO - Processing file /opt/airflow/dags/daily_student_pipeline.py for tasks to queue
[2026-04-21T14:48:01.201+0000] {logging_mixin.py:188} INFO - [2026-04-21T14:48:01.200+0000] {dagbag.py:538} INFO - Filling up the DagBag from /opt/airflow/dags/daily_student_pipeline.py
[2026-04-21T14:48:01.215+0000] {processor.py:840} INFO - DAG(s) 'daily_student_pipeline' retrieved from /opt/airflow/dags/daily_student_pipeline.py
[2026-04-21T14:48:01.239+0000] {logging_mixin.py:188} INFO - [2026-04-21T14:48:01.239+0000] {dag.py:3036} INFO - Sync 1 DAGs
[2026-04-21T14:48:01.259+0000] {logging_mixin.py:188} INFO - [2026-04-21T14:48:01.258+0000] {dag.py:3823} INFO - Setting next_dagrun for daily_student_pipeline to 2026-04-21 02:00:00+00:00, run_after=2026-04-22 02:00:00+00:00
[2026-04-21T14:48:01.276+0000] {processor.py:183} INFO - Processing /opt/airflow/dags/daily_student_pipeline.py took 0.079 seconds
[2026-04-21T14:48:33.380+0000] {processor.py:161} INFO - Started process (PID=3926) to work on /opt/airflow/dags/daily_student_pipeline.py
[2026-04-21T14:48:33.381+0000] {processor.py:830} INFO - Processing file /opt/airflow/dags/daily_student_pipeline.py for tasks to queue
[2026-04-21T14:48:33.382+0000] {logging_mixin.py:188} INFO - [2026-04-21T14:48:33.382+0000] {dagbag.py:538} INFO - Filling up the DagBag from /opt/airflow/dags/daily_student_pipeline.py
[2026-04-21T14:48:33.403+0000] {processor.py:840} INFO - DAG(s) 'daily_student_pipeline' retrieved from /opt/airflow/dags/daily_student_pipeline.py
[2026-04-21T14:48:33.433+0000] {logging_mixin.py:188} INFO - [2026-04-21T14:48:33.433+0000] {dag.py:3036} INFO - Sync 1 DAGs
[2026-04-21T14:48:33.457+0000] {logging_mixin.py:188} INFO - [2026-04-21T14:48:33.456+0000] {dag.py:3823} INFO - Setting next_dagrun for daily_student_pipeline to 2026-04-21 02:00:00+00:00, run_after=2026-04-22 02:00:00+00:00
[2026-04-21T14:48:33.478+0000] {processor.py:183} INFO - Processing /opt/airflow/dags/daily_student_pipeline.py took 0.100 seconds
[2026-04-21T14:49:06.578+0000] {processor.py:161} INFO - Started process (PID=3949) to work on /opt/airflow/dags/daily_student_pipeline.py
[2026-04-21T14:49:06.579+0000] {processor.py:830} INFO - Processing file /opt/airflow/dags/daily_student_pipeline.py for tasks to queue
[2026-04-21T14:49:06.580+0000] {logging_mixin.py:188} INFO - [2026-04-21T14:49:06.580+0000] {dagbag.py:538} INFO - Filling up the DagBag from /opt/airflow/dags/daily_student_pipeline.py
[2026-04-21T14:49:06.596+0000] {processor.py:840} INFO - DAG(s) 'daily_student_pipeline' retrieved from /opt/airflow/dags/daily_student_pipeline.py
[2026-04-21T14:49:06.619+0000] {logging_mixin.py:188} INFO - [2026-04-21T14:49:06.618+0000] {dag.py:3036} INFO - Sync 1 DAGs
[2026-04-21T14:49:06.636+0000] {logging_mixin.py:188} INFO - [2026-04-21T14:49:06.636+0000] {dag.py:3823} INFO - Setting next_dagrun for daily_student_pipeline to 2026-04-21 02:00:00+00:00, run_after=2026-04-22 02:00:00+00:00
[2026-04-21T14:49:06.658+0000] {processor.py:183} INFO - Processing /opt/airflow/dags/daily_student_pipeline.py took 0.082 seconds
[2026-04-21T14:49:38.789+0000] {processor.py:161} INFO - Started process (PID=3972) to work on /opt/airflow/dags/daily_student_pipeline.py
[2026-04-21T14:49:38.790+0000] {processor.py:830} INFO - Processing file /opt/airflow/dags/daily_student_pipeline.py for tasks to queue
[2026-04-21T14:49:38.791+0000] {logging_mixin.py:188} INFO - [2026-04-21T14:49:38.791+0000] {dagbag.py:538} INFO - Filling up the DagBag from /opt/airflow/dags/daily_student_pipeline.py
[2026-04-21T14:49:38.808+0000] {processor.py:840} INFO - DAG(s) 'daily_student_pipeline' retrieved from /opt/airflow/dags/daily_student_pipeline.py
[2026-04-21T14:49:38.834+0000] {logging_mixin.py:188} INFO - [2026-04-21T14:49:38.834+0000] {dag.py:3036} INFO - Sync 1 DAGs
[2026-04-21T14:49:38.855+0000] {logging_mixin.py:188} INFO - [2026-04-21T14:49:38.855+0000] {dag.py:3823} INFO - Setting next_dagrun for daily_student_pipeline to 2026-04-21 02:00:00+00:00, run_after=2026-04-22 02:00:00+00:00
[2026-04-21T14:49:38.873+0000] {processor.py:183} INFO - Processing /opt/airflow/dags/daily_student_pipeline.py took 0.087 seconds
[2026-04-21T14:50:11.858+0000] {processor.py:161} INFO - Started process (PID=3987) to work on /opt/airflow/dags/daily_student_pipeline.py
[2026-04-21T14:50:11.859+0000] {processor.py:830} INFO - Processing file /opt/airflow/dags/daily_student_pipeline.py for tasks to queue
[2026-04-21T14:50:11.860+0000] {logging_mixin.py:188} INFO - [2026-04-21T14:50:11.859+0000] {dagbag.py:538} INFO - Filling up the DagBag from /opt/airflow/dags/daily_student_pipeline.py
[2026-04-21T14:50:11.882+0000] {processor.py:840} INFO - DAG(s) 'daily_student_pipeline' retrieved from /opt/airflow/dags/daily_student_pipeline.py
[2026-04-21T14:50:11.914+0000] {logging_mixin.py:188} INFO - [2026-04-21T14:50:11.914+0000] {dag.py:3036} INFO - Sync 1 DAGs
[2026-04-21T14:50:11.937+0000] {logging_mixin.py:188} INFO - [2026-04-21T14:50:11.937+0000] {dag.py:3823} INFO - Setting next_dagrun for daily_student_pipeline to 2026-04-21 02:00:00+00:00, run_after=2026-04-22 02:00:00+00:00
[2026-04-21T14:50:11.959+0000] {processor.py:183} INFO - Processing /opt/airflow/dags/daily_student_pipeline.py took 0.105 seconds
[2026-04-21T14:50:45.071+0000] {processor.py:161} INFO - Started process (PID=4010) to work on /opt/airflow/dags/daily_student_pipeline.py
[2026-04-21T14:50:45.072+0000] {processor.py:830} INFO - Processing file /opt/airflow/dags/daily_student_pipeline.py for tasks to queue
[2026-04-21T14:50:45.074+0000] {logging_mixin.py:188} INFO - [2026-04-21T14:50:45.073+0000] {dagbag.py:538} INFO - Filling up the DagBag from /opt/airflow/dags/daily_student_pipeline.py
[2026-04-21T14:50:45.096+0000] {processor.py:840} INFO - DAG(s) 'daily_student_pipeline' retrieved from /opt/airflow/dags/daily_student_pipeline.py
[2026-04-21T14:50:45.126+0000] {logging_mixin.py:188} INFO - [2026-04-21T14:50:45.126+0000] {dag.py:3036} INFO - Sync 1 DAGs
[2026-04-21T14:50:45.149+0000] {logging_mixin.py:188} INFO - [2026-04-21T14:50:45.149+0000] {dag.py:3823} INFO - Setting next_dagrun for daily_student_pipeline to 2026-04-21 02:00:00+00:00, run_after=2026-04-22 02:00:00+00:00
[2026-04-21T14:50:45.171+0000] {processor.py:183} INFO - Processing /opt/airflow/dags/daily_student_pipeline.py took 0.103 seconds
[2026-04-21T14:51:17.369+0000] {processor.py:161} INFO - Started process (PID=4033) to work on /opt/airflow/dags/daily_student_pipeline.py
[2026-04-21T14:51:17.370+0000] {processor.py:830} INFO - Processing file /opt/airflow/dags/daily_student_pipeline.py for tasks to queue
[2026-04-21T14:51:17.372+0000] {logging_mixin.py:188} INFO - [2026-04-21T14:51:17.371+0000] {dagbag.py:538} INFO - Filling up the DagBag from /opt/airflow/dags/daily_student_pipeline.py
[2026-04-21T14:51:17.393+0000] {processor.py:840} INFO - DAG(s) 'daily_student_pipeline' retrieved from /opt/airflow/dags/daily_student_pipeline.py
[2026-04-21T14:51:17.418+0000] {logging_mixin.py:188} INFO - [2026-04-21T14:51:17.418+0000] {dag.py:3036} INFO - Sync 1 DAGs
[2026-04-21T14:51:17.442+0000] {logging_mixin.py:188} INFO - [2026-04-21T14:51:17.442+0000] {dag.py:3823} INFO - Setting next_dagrun for daily_student_pipeline to 2026-04-21 02:00:00+00:00, run_after=2026-04-22 02:00:00+00:00
[2026-04-21T14:51:17.465+0000] {processor.py:183} INFO - Processing /opt/airflow/dags/daily_student_pipeline.py took 0.099 seconds
[2026-04-21T14:51:47.551+0000] {processor.py:161} INFO - Started process (PID=4056) to work on /opt/airflow/dags/daily_student_pipeline.py
[2026-04-21T14:51:47.552+0000] {processor.py:830} INFO - Processing file /opt/airflow/dags/daily_student_pipeline.py for tasks to queue
[2026-04-21T14:51:47.553+0000] {logging_mixin.py:188} INFO - [2026-04-21T14:51:47.553+0000] {dagbag.py:538} INFO - Filling up the DagBag from /opt/airflow/dags/daily_student_pipeline.py
[2026-04-21T14:51:47.573+0000] {processor.py:840} INFO - DAG(s) 'daily_student_pipeline' retrieved from /opt/airflow/dags/daily_student_pipeline.py
[2026-04-21T14:51:47.599+0000] {logging_mixin.py:188} INFO - [2026-04-21T14:51:47.599+0000] {dag.py:3036} INFO - Sync 1 DAGs
[2026-04-21T14:51:47.621+0000] {logging_mixin.py:188} INFO - [2026-04-21T14:51:47.621+0000] {dag.py:3823} INFO - Setting next_dagrun for daily_student_pipeline to 2026-04-21 02:00:00+00:00, run_after=2026-04-22 02:00:00+00:00
[2026-04-21T14:51:47.640+0000] {processor.py:183} INFO - Processing /opt/airflow/dags/daily_student_pipeline.py took 0.091 seconds
[2026-04-21T14:52:18.180+0000] {processor.py:161} INFO - Started process (PID=4079) to work on /opt/airflow/dags/daily_student_pipeline.py
[2026-04-21T14:52:18.181+0000] {processor.py:830} INFO - Processing file /opt/airflow/dags/daily_student_pipeline.py for tasks to queue
[2026-04-21T14:52:18.182+0000] {logging_mixin.py:188} INFO - [2026-04-21T14:52:18.182+0000] {dagbag.py:538} INFO - Filling up the DagBag from /opt/airflow/dags/daily_student_pipeline.py
[2026-04-21T14:52:18.203+0000] {processor.py:840} INFO - DAG(s) 'daily_student_pipeline' retrieved from /opt/airflow/dags/daily_student_pipeline.py
[2026-04-21T14:52:18.228+0000] {logging_mixin.py:188} INFO - [2026-04-21T14:52:18.228+0000] {dag.py:3036} INFO - Sync 1 DAGs
[2026-04-21T14:52:18.247+0000] {logging_mixin.py:188} INFO - [2026-04-21T14:52:18.247+0000] {dag.py:3823} INFO - Setting next_dagrun for daily_student_pipeline to 2026-04-21 02:00:00+00:00, run_after=2026-04-22 02:00:00+00:00
[2026-04-21T14:52:18.267+0000] {processor.py:183} INFO - Processing /opt/airflow/dags/daily_student_pipeline.py took 0.089 seconds
[2026-04-21T14:52:48.872+0000] {processor.py:161} INFO - Started process (PID=4102) to work on /opt/airflow/dags/daily_student_pipeline.py
[2026-04-21T14:52:48.874+0000] {processor.py:830} INFO - Processing file /opt/airflow/dags/daily_student_pipeline.py for tasks to queue
[2026-04-21T14:52:48.875+0000] {logging_mixin.py:188} INFO - [2026-04-21T14:52:48.875+0000] {dagbag.py:538} INFO - Filling up the DagBag from /opt/airflow/dags/daily_student_pipeline.py
[2026-04-21T14:52:48.901+0000] {processor.py:840} INFO - DAG(s) 'daily_student_pipeline' retrieved from /opt/airflow/dags/daily_student_pipeline.py
[2026-04-21T14:52:48.933+0000] {logging_mixin.py:188} INFO - [2026-04-21T14:52:48.933+0000] {dag.py:3036} INFO - Sync 1 DAGs
[2026-04-21T14:52:48.957+0000] {logging_mixin.py:188} INFO - [2026-04-21T14:52:48.957+0000] {dag.py:3823} INFO - Setting next_dagrun for daily_student_pipeline to 2026-04-21 02:00:00+00:00, run_after=2026-04-22 02:00:00+00:00
[2026-04-21T14:52:48.979+0000] {processor.py:183} INFO - Processing /opt/airflow/dags/daily_student_pipeline.py took 0.111 seconds
[2026-04-21T14:53:19.965+0000] {processor.py:161} INFO - Started process (PID=4125) to work on /opt/airflow/dags/daily_student_pipeline.py
[2026-04-21T14:53:19.966+0000] {processor.py:830} INFO - Processing file /opt/airflow/dags/daily_student_pipeline.py for tasks to queue
[2026-04-21T14:53:19.967+0000] {logging_mixin.py:188} INFO - [2026-04-21T14:53:19.966+0000] {dagbag.py:538} INFO - Filling up the DagBag from /opt/airflow/dags/daily_student_pipeline.py
[2026-04-21T14:53:19.982+0000] {processor.py:840} INFO - DAG(s) 'daily_student_pipeline' retrieved from /opt/airflow/dags/daily_student_pipeline.py
[2026-04-21T14:53:20.005+0000] {logging_mixin.py:188} INFO - [2026-04-21T14:53:20.005+0000] {dag.py:3036} INFO - Sync 1 DAGs
[2026-04-21T14:53:20.025+0000] {logging_mixin.py:188} INFO - [2026-04-21T14:53:20.024+0000] {dag.py:3823} INFO - Setting next_dagrun for daily_student_pipeline to 2026-04-21 02:00:00+00:00, run_after=2026-04-22 02:00:00+00:00
[2026-04-21T14:53:20.045+0000] {processor.py:183} INFO - Processing /opt/airflow/dags/daily_student_pipeline.py took 0.083 seconds
[2026-04-21T14:53:50.083+0000] {processor.py:161} INFO - Started process (PID=4148) to work on /opt/airflow/dags/daily_student_pipeline.py
[2026-04-21T14:53:50.084+0000] {processor.py:830} INFO - Processing file /opt/airflow/dags/daily_student_pipeline.py for tasks to queue
[2026-04-21T14:53:50.085+0000] {logging_mixin.py:188} INFO - [2026-04-21T14:53:50.085+0000] {dagbag.py:538} INFO - Filling up the DagBag from /opt/airflow/dags/daily_student_pipeline.py
[2026-04-21T14:53:50.098+0000] {processor.py:840} INFO - DAG(s) 'daily_student_pipeline' retrieved from /opt/airflow/dags/daily_student_pipeline.py
[2026-04-21T14:53:50.120+0000] {logging_mixin.py:188} INFO - [2026-04-21T14:53:50.120+0000] {dag.py:3036} INFO - Sync 1 DAGs
[2026-04-21T14:53:50.139+0000] {logging_mixin.py:188} INFO - [2026-04-21T14:53:50.139+0000] {dag.py:3823} INFO - Setting next_dagrun for daily_student_pipeline to 2026-04-21 02:00:00+00:00, run_after=2026-04-22 02:00:00+00:00
[2026-04-21T14:53:50.161+0000] {processor.py:183} INFO - Processing /opt/airflow/dags/daily_student_pipeline.py took 0.080 seconds
[2026-04-21T14:54:21.105+0000] {processor.py:161} INFO - Started process (PID=4171) to work on /opt/airflow/dags/daily_student_pipeline.py
[2026-04-21T14:54:21.106+0000] {processor.py:830} INFO - Processing file /opt/airflow/dags/daily_student_pipeline.py for tasks to queue
[2026-04-21T14:54:21.107+0000] {logging_mixin.py:188} INFO - [2026-04-21T14:54:21.107+0000] {dagbag.py:538} INFO - Filling up the DagBag from /opt/airflow/dags/daily_student_pipeline.py
[2026-04-21T14:54:21.127+0000] {processor.py:840} INFO - DAG(s) 'daily_student_pipeline' retrieved from /opt/airflow/dags/daily_student_pipeline.py
[2026-04-21T14:54:21.152+0000] {logging_mixin.py:188} INFO - [2026-04-21T14:54:21.152+0000] {dag.py:3036} INFO - Sync 1 DAGs
[2026-04-21T14:54:21.174+0000] {logging_mixin.py:188} INFO - [2026-04-21T14:54:21.174+0000] {dag.py:3823} INFO - Setting next_dagrun for daily_student_pipeline to 2026-04-21 02:00:00+00:00, run_after=2026-04-22 02:00:00+00:00
[2026-04-21T14:54:21.191+0000] {processor.py:183} INFO - Processing /opt/airflow/dags/daily_student_pipeline.py took 0.089 seconds
[2026-04-21T14:54:52.138+0000] {processor.py:161} INFO - Started process (PID=4192) to work on /opt/airflow/dags/daily_student_pipeline.py
[2026-04-21T14:54:52.140+0000] {processor.py:830} INFO - Processing file /opt/airflow/dags/daily_student_pipeline.py for tasks to queue
[2026-04-21T14:54:52.141+0000] {logging_mixin.py:188} INFO - [2026-04-21T14:54:52.140+0000] {dagbag.py:538} INFO - Filling up the DagBag from /opt/airflow/dags/daily_student_pipeline.py
[2026-04-21T14:54:52.163+0000] {processor.py:840} INFO - DAG(s) 'daily_student_pipeline' retrieved from /opt/airflow/dags/daily_student_pipeline.py
[2026-04-21T14:54:52.187+0000] {logging_mixin.py:188} INFO - [2026-04-21T14:54:52.186+0000] {dag.py:3036} INFO - Sync 1 DAGs
[2026-04-21T14:54:52.209+0000] {logging_mixin.py:188} INFO - [2026-04-21T14:54:52.209+0000] {dag.py:3823} INFO - Setting next_dagrun for daily_student_pipeline to 2026-04-21 02:00:00+00:00, run_after=2026-04-22 02:00:00+00:00
[2026-04-21T14:54:52.230+0000] {processor.py:183} INFO - Processing /opt/airflow/dags/daily_student_pipeline.py took 0.095 seconds
[2026-04-21T14:55:22.350+0000] {processor.py:161} INFO - Started process (PID=4209) to work on /opt/airflow/dags/daily_student_pipeline.py
[2026-04-21T14:55:22.351+0000] {processor.py:830} INFO - Processing file /opt/airflow/dags/daily_student_pipeline.py for tasks to queue
[2026-04-21T14:55:22.352+0000] {logging_mixin.py:188} INFO - [2026-04-21T14:55:22.351+0000] {dagbag.py:538} INFO - Filling up the DagBag from /opt/airflow/dags/daily_student_pipeline.py
[2026-04-21T14:55:22.367+0000] {processor.py:840} INFO - DAG(s) 'daily_student_pipeline' retrieved from /opt/airflow/dags/daily_student_pipeline.py
[2026-04-21T14:55:22.387+0000] {logging_mixin.py:188} INFO - [2026-04-21T14:55:22.387+0000] {dag.py:3036} INFO - Sync 1 DAGs
[2026-04-21T14:55:22.406+0000] {logging_mixin.py:188} INFO - [2026-04-21T14:55:22.406+0000] {dag.py:3823} INFO - Setting next_dagrun for daily_student_pipeline to 2026-04-21 02:00:00+00:00, run_after=2026-04-22 02:00:00+00:00
[2026-04-21T14:55:22.433+0000] {processor.py:183} INFO - Processing /opt/airflow/dags/daily_student_pipeline.py took 0.085 seconds
[2026-04-21T14:55:53.414+0000] {processor.py:161} INFO - Started process (PID=4232) to work on /opt/airflow/dags/daily_student_pipeline.py
[2026-04-21T14:55:53.415+0000] {processor.py:830} INFO - Processing file /opt/airflow/dags/daily_student_pipeline.py for tasks to queue
[2026-04-21T14:55:53.416+0000] {logging_mixin.py:188} INFO - [2026-04-21T14:55:53.415+0000] {dagbag.py:538} INFO - Filling up the DagBag from /opt/airflow/dags/daily_student_pipeline.py
[2026-04-21T14:55:53.430+0000] {processor.py:840} INFO - DAG(s) 'daily_student_pipeline' retrieved from /opt/airflow/dags/daily_student_pipeline.py
[2026-04-21T14:55:53.452+0000] {logging_mixin.py:188} INFO - [2026-04-21T14:55:53.452+0000] {dag.py:3036} INFO - Sync 1 DAGs
[2026-04-21T14:55:53.472+0000] {logging_mixin.py:188} INFO - [2026-04-21T14:55:53.472+0000] {dag.py:3823} INFO - Setting next_dagrun for daily_student_pipeline to 2026-04-21 02:00:00+00:00, run_after=2026-04-22 02:00:00+00:00
[2026-04-21T14:55:53.488+0000] {processor.py:183} INFO - Processing /opt/airflow/dags/daily_student_pipeline.py took 0.077 seconds
[2026-04-21T14:56:23.569+0000] {processor.py:161} INFO - Started process (PID=4255) to work on /opt/airflow/dags/daily_student_pipeline.py
[2026-04-21T14:56:23.570+0000] {processor.py:830} INFO - Processing file /opt/airflow/dags/daily_student_pipeline.py for tasks to queue
[2026-04-21T14:56:23.571+0000] {logging_mixin.py:188} INFO - [2026-04-21T14:56:23.571+0000] {dagbag.py:538} INFO - Filling up the DagBag from /opt/airflow/dags/daily_student_pipeline.py
[2026-04-21T14:56:23.587+0000] {processor.py:840} INFO - DAG(s) 'daily_student_pipeline' retrieved from /opt/airflow/dags/daily_student_pipeline.py
[2026-04-21T14:56:23.609+0000] {logging_mixin.py:188} INFO - [2026-04-21T14:56:23.609+0000] {dag.py:3036} INFO - Sync 1 DAGs
[2026-04-21T14:56:23.627+0000] {logging_mixin.py:188} INFO - [2026-04-21T14:56:23.627+0000] {dag.py:3823} INFO - Setting next_dagrun for daily_student_pipeline to 2026-04-21 02:00:00+00:00, run_after=2026-04-22 02:00:00+00:00
[2026-04-21T14:56:23.646+0000] {processor.py:183} INFO - Processing /opt/airflow/dags/daily_student_pipeline.py took 0.079 seconds
[2026-04-21T14:56:53.728+0000] {processor.py:161} INFO - Started process (PID=4278) to work on /opt/airflow/dags/daily_student_pipeline.py
[2026-04-21T14:56:53.729+0000] {processor.py:830} INFO - Processing file /opt/airflow/dags/daily_student_pipeline.py for tasks to queue
[2026-04-21T14:56:53.729+0000] {logging_mixin.py:188} INFO - [2026-04-21T14:56:53.729+0000] {dagbag.py:538} INFO - Filling up the DagBag from /opt/airflow/dags/daily_student_pipeline.py
[2026-04-21T14:56:53.744+0000] {processor.py:840} INFO - DAG(s) 'daily_student_pipeline' retrieved from /opt/airflow/dags/daily_student_pipeline.py
[2026-04-21T14:56:53.767+0000] {logging_mixin.py:188} INFO - [2026-04-21T14:56:53.767+0000] {dag.py:3036} INFO - Sync 1 DAGs
[2026-04-21T14:56:53.901+0000] {logging_mixin.py:188} INFO - [2026-04-21T14:56:53.901+0000] {dag.py:3823} INFO - Setting next_dagrun for daily_student_pipeline to 2026-04-21 02:00:00+00:00, run_after=2026-04-22 02:00:00+00:00
[2026-04-21T14:56:53.920+0000] {processor.py:183} INFO - Processing /opt/airflow/dags/daily_student_pipeline.py took 0.195 seconds
[2026-04-21T14:57:24.927+0000] {processor.py:161} INFO - Started process (PID=4301) to work on /opt/airflow/dags/daily_student_pipeline.py
[2026-04-21T14:57:24.928+0000] {processor.py:830} INFO - Processing file /opt/airflow/dags/daily_student_pipeline.py for tasks to queue
[2026-04-21T14:57:24.928+0000] {logging_mixin.py:188} INFO - [2026-04-21T14:57:24.928+0000] {dagbag.py:538} INFO - Filling up the DagBag from /opt/airflow/dags/daily_student_pipeline.py
[2026-04-21T14:57:24.946+0000] {processor.py:840} INFO - DAG(s) 'daily_student_pipeline' retrieved from /opt/airflow/dags/daily_student_pipeline.py
[2026-04-21T14:57:24.968+0000] {logging_mixin.py:188} INFO - [2026-04-21T14:57:24.968+0000] {dag.py:3036} INFO - Sync 1 DAGs
[2026-04-21T14:57:24.988+0000] {logging_mixin.py:188} INFO - [2026-04-21T14:57:24.988+0000] {dag.py:3823} INFO - Setting next_dagrun for daily_student_pipeline to 2026-04-21 02:00:00+00:00, run_after=2026-04-22 02:00:00+00:00
[2026-04-21T14:57:25.011+0000] {processor.py:183} INFO - Processing /opt/airflow/dags/daily_student_pipeline.py took 0.086 seconds
[2026-04-21T14:57:55.125+0000] {processor.py:161} INFO - Started process (PID=4324) to work on /opt/airflow/dags/daily_student_pipeline.py
[2026-04-21T14:57:55.126+0000] {processor.py:830} INFO - Processing file /opt/airflow/dags/daily_student_pipeline.py for tasks to queue
[2026-04-21T14:57:55.127+0000] {logging_mixin.py:188} INFO - [2026-04-21T14:57:55.127+0000] {dagbag.py:538} INFO - Filling up the DagBag from /opt/airflow/dags/daily_student_pipeline.py
[2026-04-21T14:57:55.141+0000] {processor.py:840} INFO - DAG(s) 'daily_student_pipeline' retrieved from /opt/airflow/dags/daily_student_pipeline.py
[2026-04-21T14:57:55.164+0000] {logging_mixin.py:188} INFO - [2026-04-21T14:57:55.163+0000] {dag.py:3036} INFO - Sync 1 DAGs
[2026-04-21T14:57:55.298+0000] {logging_mixin.py:188} INFO - [2026-04-21T14:57:55.298+0000] {dag.py:3823} INFO - Setting next_dagrun for daily_student_pipeline to 2026-04-21 02:00:00+00:00, run_after=2026-04-22 02:00:00+00:00
[2026-04-21T14:57:55.332+0000] {processor.py:183} INFO - Processing /opt/airflow/dags/daily_student_pipeline.py took 0.209 seconds
[2026-04-21T14:58:25.754+0000] {processor.py:161} INFO - Started process (PID=4348) to work on /opt/airflow/dags/daily_student_pipeline.py
[2026-04-21T14:58:25.755+0000] {processor.py:830} INFO - Processing file /opt/airflow/dags/daily_student_pipeline.py for tasks to queue
[2026-04-21T14:58:25.756+0000] {logging_mixin.py:188} INFO - [2026-04-21T14:58:25.756+0000] {dagbag.py:538} INFO - Filling up the DagBag from /opt/airflow/dags/daily_student_pipeline.py
[2026-04-21T14:58:25.774+0000] {processor.py:840} INFO - DAG(s) 'daily_student_pipeline' retrieved from /opt/airflow/dags/daily_student_pipeline.py
[2026-04-21T14:58:25.936+0000] {logging_mixin.py:188} INFO - [2026-04-21T14:58:25.936+0000] {dag.py:3036} INFO - Sync 1 DAGs
[2026-04-21T14:58:25.954+0000] {logging_mixin.py:188} INFO - [2026-04-21T14:58:25.954+0000] {dag.py:3823} INFO - Setting next_dagrun for daily_student_pipeline to 2026-04-21 02:00:00+00:00, run_after=2026-04-22 02:00:00+00:00
[2026-04-21T14:58:25.973+0000] {processor.py:183} INFO - Processing /opt/airflow/dags/daily_student_pipeline.py took 0.221 seconds
[2026-04-21T14:58:56.793+0000] {processor.py:161} INFO - Started process (PID=4363) to work on /opt/airflow/dags/daily_student_pipeline.py
[2026-04-21T14:58:56.794+0000] {processor.py:830} INFO - Processing file /opt/airflow/dags/daily_student_pipeline.py for tasks to queue
[2026-04-21T14:58:56.795+0000] {logging_mixin.py:188} INFO - [2026-04-21T14:58:56.795+0000] {dagbag.py:538} INFO - Filling up the DagBag from /opt/airflow/dags/daily_student_pipeline.py
[2026-04-21T14:58:56.810+0000] {processor.py:840} INFO - DAG(s) 'daily_student_pipeline' retrieved from /opt/airflow/dags/daily_student_pipeline.py
[2026-04-21T14:58:56.832+0000] {logging_mixin.py:188} INFO - [2026-04-21T14:58:56.832+0000] {dag.py:3036} INFO - Sync 1 DAGs
[2026-04-21T14:58:56.853+0000] {logging_mixin.py:188} INFO - [2026-04-21T14:58:56.853+0000] {dag.py:3823} INFO - Setting next_dagrun for daily_student_pipeline to 2026-04-21 02:00:00+00:00, run_after=2026-04-22 02:00:00+00:00
[2026-04-21T14:58:56.874+0000] {processor.py:183} INFO - Processing /opt/airflow/dags/daily_student_pipeline.py took 0.083 seconds
[2026-04-21T14:59:28.934+0000] {processor.py:161} INFO - Started process (PID=4376) to work on /opt/airflow/dags/daily_student_pipeline.py
[2026-04-21T14:59:28.936+0000] {processor.py:830} INFO - Processing file /opt/airflow/dags/daily_student_pipeline.py for tasks to queue
[2026-04-21T14:59:28.937+0000] {logging_mixin.py:188} INFO - [2026-04-21T14:59:28.937+0000] {dagbag.py:538} INFO - Filling up the DagBag from /opt/airflow/dags/daily_student_pipeline.py
[2026-04-21T14:59:28.958+0000] {processor.py:840} INFO - DAG(s) 'daily_student_pipeline' retrieved from /opt/airflow/dags/daily_student_pipeline.py
[2026-04-21T14:59:28.985+0000] {logging_mixin.py:188} INFO - [2026-04-21T14:59:28.985+0000] {dag.py:3036} INFO - Sync 1 DAGs
[2026-04-21T14:59:29.135+0000] {logging_mixin.py:188} INFO - [2026-04-21T14:59:29.135+0000] {dag.py:3823} INFO - Setting next_dagrun for daily_student_pipeline to 2026-04-21 02:00:00+00:00, run_after=2026-04-22 02:00:00+00:00
[2026-04-21T14:59:29.152+0000] {processor.py:183} INFO - Processing /opt/airflow/dags/daily_student_pipeline.py took 0.221 seconds
[2026-04-21T15:00:01.157+0000] {processor.py:161} INFO - Started process (PID=4399) to work on /opt/airflow/dags/daily_student_pipeline.py
[2026-04-21T15:00:01.158+0000] {processor.py:830} INFO - Processing file /opt/airflow/dags/daily_student_pipeline.py for tasks to queue
[2026-04-21T15:00:01.159+0000] {logging_mixin.py:188} INFO - [2026-04-21T15:00:01.159+0000] {dagbag.py:538} INFO - Filling up the DagBag from /opt/airflow/dags/daily_student_pipeline.py
[2026-04-21T15:00:01.179+0000] {processor.py:840} INFO - DAG(s) 'daily_student_pipeline' retrieved from /opt/airflow/dags/daily_student_pipeline.py
[2026-04-21T15:00:01.342+0000] {logging_mixin.py:188} INFO - [2026-04-21T15:00:01.342+0000] {dag.py:3036} INFO - Sync 1 DAGs
[2026-04-21T15:00:01.360+0000] {logging_mixin.py:188} INFO - [2026-04-21T15:00:01.359+0000] {dag.py:3823} INFO - Setting next_dagrun for daily_student_pipeline to 2026-04-21 02:00:00+00:00, run_after=2026-04-22 02:00:00+00:00
[2026-04-21T15:00:01.377+0000] {processor.py:183} INFO - Processing /opt/airflow/dags/daily_student_pipeline.py took 0.222 seconds
[2026-04-21T15:00:34.309+0000] {processor.py:161} INFO - Started process (PID=4422) to work on /opt/airflow/dags/daily_student_pipeline.py
[2026-04-21T15:00:34.310+0000] {processor.py:830} INFO - Processing file /opt/airflow/dags/daily_student_pipeline.py for tasks to queue
[2026-04-21T15:00:34.311+0000] {logging_mixin.py:188} INFO - [2026-04-21T15:00:34.311+0000] {dagbag.py:538} INFO - Filling up the DagBag from /opt/airflow/dags/daily_student_pipeline.py
[2026-04-21T15:00:34.328+0000] {processor.py:840} INFO - DAG(s) 'daily_student_pipeline' retrieved from /opt/airflow/dags/daily_student_pipeline.py
[2026-04-21T15:00:34.353+0000] {logging_mixin.py:188} INFO - [2026-04-21T15:00:34.353+0000] {dag.py:3036} INFO - Sync 1 DAGs
[2026-04-21T15:00:34.372+0000] {logging_mixin.py:188} INFO - [2026-04-21T15:00:34.371+0000] {dag.py:3823} INFO - Setting next_dagrun for daily_student_pipeline to 2026-04-21 02:00:00+00:00, run_after=2026-04-22 02:00:00+00:00
[2026-04-21T15:00:34.391+0000] {processor.py:183} INFO - Processing /opt/airflow/dags/daily_student_pipeline.py took 0.084 seconds
[2026-04-21T15:01:06.431+0000] {processor.py:161} INFO - Started process (PID=4446) to work on /opt/airflow/dags/daily_student_pipeline.py
[2026-04-21T15:01:06.432+0000] {processor.py:830} INFO - Processing file /opt/airflow/dags/daily_student_pipeline.py for tasks to queue
[2026-04-21T15:01:06.433+0000] {logging_mixin.py:188} INFO - [2026-04-21T15:01:06.433+0000] {dagbag.py:538} INFO - Filling up the DagBag from /opt/airflow/dags/daily_student_pipeline.py
[2026-04-21T15:01:06.451+0000] {processor.py:840} INFO - DAG(s) 'daily_student_pipeline' retrieved from /opt/airflow/dags/daily_student_pipeline.py
[2026-04-21T15:01:06.475+0000] {logging_mixin.py:188} INFO - [2026-04-21T15:01:06.475+0000] {dag.py:3036} INFO - Sync 1 DAGs
[2026-04-21T15:01:06.639+0000] {logging_mixin.py:188} INFO - [2026-04-21T15:01:06.639+0000] {dag.py:3823} INFO - Setting next_dagrun for daily_student_pipeline to 2026-04-21 02:00:00+00:00, run_after=2026-04-22 02:00:00+00:00
[2026-04-21T15:01:06.661+0000] {processor.py:183} INFO - Processing /opt/airflow/dags/daily_student_pipeline.py took 0.232 seconds
[2026-04-21T15:01:39.656+0000] {processor.py:161} INFO - Started process (PID=4469) to work on /opt/airflow/dags/daily_student_pipeline.py
[2026-04-21T15:01:39.657+0000] {processor.py:830} INFO - Processing file /opt/airflow/dags/daily_student_pipeline.py for tasks to queue
[2026-04-21T15:01:39.658+0000] {logging_mixin.py:188} INFO - [2026-04-21T15:01:39.658+0000] {dagbag.py:538} INFO - Filling up the DagBag from /opt/airflow/dags/daily_student_pipeline.py
[2026-04-21T15:01:39.677+0000] {processor.py:840} INFO - DAG(s) 'daily_student_pipeline' retrieved from /opt/airflow/dags/daily_student_pipeline.py
[2026-04-21T15:01:39.839+0000] {logging_mixin.py:188} INFO - [2026-04-21T15:01:39.839+0000] {dag.py:3036} INFO - Sync 1 DAGs
[2026-04-21T15:01:39.858+0000] {logging_mixin.py:188} INFO - [2026-04-21T15:01:39.858+0000] {dag.py:3823} INFO - Setting next_dagrun for daily_student_pipeline to 2026-04-21 02:00:00+00:00, run_after=2026-04-22 02:00:00+00:00
[2026-04-21T15:01:39.876+0000] {processor.py:183} INFO - Processing /opt/airflow/dags/daily_student_pipeline.py took 0.224 seconds
