[2026-04-04T05:49:04.392+0000] {processor.py:161} INFO - Started process (PID=206) to work on /opt/airflow/dags/weekly_summary_pipeline.py
[2026-04-04T05:49:04.393+0000] {processor.py:830} INFO - Processing file /opt/airflow/dags/weekly_summary_pipeline.py for tasks to queue
[2026-04-04T05:49:04.398+0000] {logging_mixin.py:188} INFO - [2026-04-04T05:49:04.398+0000] {dagbag.py:538} INFO - Filling up the DagBag from /opt/airflow/dags/weekly_summary_pipeline.py
[2026-04-04T05:49:04.490+0000] {processor.py:840} INFO - DAG(s) 'weekly_summary_pipeline' retrieved from /opt/airflow/dags/weekly_summary_pipeline.py
[2026-04-04T05:49:04.586+0000] {logging_mixin.py:188} INFO - [2026-04-04T05:49:04.586+0000] {dag.py:3036} INFO - Sync 1 DAGs
[2026-04-04T05:49:04.634+0000] {logging_mixin.py:188} INFO - [2026-04-04T05:49:04.634+0000] {dag.py:3823} INFO - Setting next_dagrun for weekly_summary_pipeline to 2026-03-30 06:00:00+00:00, run_after=2026-04-06 06:00:00+00:00
[2026-04-04T05:49:04.674+0000] {processor.py:183} INFO - Processing /opt/airflow/dags/weekly_summary_pipeline.py took 0.287 seconds
[2026-04-04T05:49:34.892+0000] {processor.py:161} INFO - Started process (PID=424) to work on /opt/airflow/dags/weekly_summary_pipeline.py
[2026-04-04T05:49:34.893+0000] {processor.py:830} INFO - Processing file /opt/airflow/dags/weekly_summary_pipeline.py for tasks to queue
[2026-04-04T05:49:34.895+0000] {logging_mixin.py:188} INFO - [2026-04-04T05:49:34.894+0000] {dagbag.py:538} INFO - Filling up the DagBag from /opt/airflow/dags/weekly_summary_pipeline.py
[2026-04-04T05:49:34.964+0000] {processor.py:840} INFO - DAG(s) 'weekly_summary_pipeline' retrieved from /opt/airflow/dags/weekly_summary_pipeline.py
[2026-04-04T05:49:34.986+0000] {logging_mixin.py:188} INFO - [2026-04-04T05:49:34.986+0000] {dag.py:3036} INFO - Sync 1 DAGs
[2026-04-04T05:49:35.068+0000] {logging_mixin.py:188} INFO - [2026-04-04T05:49:35.067+0000] {dag.py:3823} INFO - Setting next_dagrun for weekly_summary_pipeline to 2026-03-30 06:00:00+00:00, run_after=2026-04-06 06:00:00+00:00
[2026-04-04T05:49:35.093+0000] {processor.py:183} INFO - Processing /opt/airflow/dags/weekly_summary_pipeline.py took 0.206 seconds
[2026-04-04T05:50:05.875+0000] {processor.py:161} INFO - Started process (PID=447) to work on /opt/airflow/dags/weekly_summary_pipeline.py
[2026-04-04T05:50:05.876+0000] {processor.py:830} INFO - Processing file /opt/airflow/dags/weekly_summary_pipeline.py for tasks to queue
[2026-04-04T05:50:05.879+0000] {logging_mixin.py:188} INFO - [2026-04-04T05:50:05.878+0000] {dagbag.py:538} INFO - Filling up the DagBag from /opt/airflow/dags/weekly_summary_pipeline.py
[2026-04-04T05:50:05.899+0000] {processor.py:840} INFO - DAG(s) 'weekly_summary_pipeline' retrieved from /opt/airflow/dags/weekly_summary_pipeline.py
[2026-04-04T05:50:06.048+0000] {logging_mixin.py:188} INFO - [2026-04-04T05:50:06.048+0000] {dag.py:3036} INFO - Sync 1 DAGs
[2026-04-04T05:50:06.066+0000] {logging_mixin.py:188} INFO - [2026-04-04T05:50:06.066+0000] {dag.py:3823} INFO - Setting next_dagrun for weekly_summary_pipeline to 2026-03-30 06:00:00+00:00, run_after=2026-04-06 06:00:00+00:00
[2026-04-04T05:50:06.084+0000] {processor.py:183} INFO - Processing /opt/airflow/dags/weekly_summary_pipeline.py took 0.213 seconds
[2026-04-04T05:50:36.232+0000] {processor.py:161} INFO - Started process (PID=470) to work on /opt/airflow/dags/weekly_summary_pipeline.py
[2026-04-04T05:50:36.234+0000] {processor.py:830} INFO - Processing file /opt/airflow/dags/weekly_summary_pipeline.py for tasks to queue
[2026-04-04T05:50:36.235+0000] {logging_mixin.py:188} INFO - [2026-04-04T05:50:36.235+0000] {dagbag.py:538} INFO - Filling up the DagBag from /opt/airflow/dags/weekly_summary_pipeline.py
[2026-04-04T05:50:36.257+0000] {processor.py:840} INFO - DAG(s) 'weekly_summary_pipeline' retrieved from /opt/airflow/dags/weekly_summary_pipeline.py
[2026-04-04T05:50:36.284+0000] {logging_mixin.py:188} INFO - [2026-04-04T05:50:36.283+0000] {dag.py:3036} INFO - Sync 1 DAGs
[2026-04-04T05:50:36.306+0000] {logging_mixin.py:188} INFO - [2026-04-04T05:50:36.305+0000] {dag.py:3823} INFO - Setting next_dagrun for weekly_summary_pipeline to 2026-03-30 06:00:00+00:00, run_after=2026-04-06 06:00:00+00:00
[2026-04-04T05:50:36.330+0000] {processor.py:183} INFO - Processing /opt/airflow/dags/weekly_summary_pipeline.py took 0.100 seconds
[2026-04-04T05:51:06.654+0000] {processor.py:161} INFO - Started process (PID=493) to work on /opt/airflow/dags/weekly_summary_pipeline.py
[2026-04-04T05:51:06.655+0000] {processor.py:830} INFO - Processing file /opt/airflow/dags/weekly_summary_pipeline.py for tasks to queue
[2026-04-04T05:51:06.656+0000] {logging_mixin.py:188} INFO - [2026-04-04T05:51:06.656+0000] {dagbag.py:538} INFO - Filling up the DagBag from /opt/airflow/dags/weekly_summary_pipeline.py
[2026-04-04T05:51:06.680+0000] {processor.py:840} INFO - DAG(s) 'weekly_summary_pipeline' retrieved from /opt/airflow/dags/weekly_summary_pipeline.py
[2026-04-04T05:51:06.714+0000] {logging_mixin.py:188} INFO - [2026-04-04T05:51:06.714+0000] {dag.py:3036} INFO - Sync 1 DAGs
[2026-04-04T05:51:06.737+0000] {logging_mixin.py:188} INFO - [2026-04-04T05:51:06.737+0000] {dag.py:3823} INFO - Setting next_dagrun for weekly_summary_pipeline to 2026-03-30 06:00:00+00:00, run_after=2026-04-06 06:00:00+00:00
[2026-04-04T05:51:06.758+0000] {processor.py:183} INFO - Processing /opt/airflow/dags/weekly_summary_pipeline.py took 0.108 seconds
[2026-04-04T05:51:37.305+0000] {processor.py:161} INFO - Started process (PID=516) to work on /opt/airflow/dags/weekly_summary_pipeline.py
[2026-04-04T05:51:37.306+0000] {processor.py:830} INFO - Processing file /opt/airflow/dags/weekly_summary_pipeline.py for tasks to queue
[2026-04-04T05:51:37.308+0000] {logging_mixin.py:188} INFO - [2026-04-04T05:51:37.308+0000] {dagbag.py:538} INFO - Filling up the DagBag from /opt/airflow/dags/weekly_summary_pipeline.py
[2026-04-04T05:51:37.337+0000] {processor.py:840} INFO - DAG(s) 'weekly_summary_pipeline' retrieved from /opt/airflow/dags/weekly_summary_pipeline.py
[2026-04-04T05:51:37.371+0000] {logging_mixin.py:188} INFO - [2026-04-04T05:51:37.370+0000] {dag.py:3036} INFO - Sync 1 DAGs
[2026-04-04T05:51:37.398+0000] {logging_mixin.py:188} INFO - [2026-04-04T05:51:37.398+0000] {dag.py:3823} INFO - Setting next_dagrun for weekly_summary_pipeline to 2026-03-30 06:00:00+00:00, run_after=2026-04-06 06:00:00+00:00
[2026-04-04T05:51:37.418+0000] {processor.py:183} INFO - Processing /opt/airflow/dags/weekly_summary_pipeline.py took 0.118 seconds
[2026-04-04T05:52:08.339+0000] {processor.py:161} INFO - Started process (PID=539) to work on /opt/airflow/dags/weekly_summary_pipeline.py
[2026-04-04T05:52:08.340+0000] {processor.py:830} INFO - Processing file /opt/airflow/dags/weekly_summary_pipeline.py for tasks to queue
[2026-04-04T05:52:08.341+0000] {logging_mixin.py:188} INFO - [2026-04-04T05:52:08.340+0000] {dagbag.py:538} INFO - Filling up the DagBag from /opt/airflow/dags/weekly_summary_pipeline.py
[2026-04-04T05:52:08.358+0000] {processor.py:840} INFO - DAG(s) 'weekly_summary_pipeline' retrieved from /opt/airflow/dags/weekly_summary_pipeline.py
[2026-04-04T05:52:08.387+0000] {logging_mixin.py:188} INFO - [2026-04-04T05:52:08.386+0000] {dag.py:3036} INFO - Sync 1 DAGs
[2026-04-04T05:52:08.406+0000] {logging_mixin.py:188} INFO - [2026-04-04T05:52:08.406+0000] {dag.py:3823} INFO - Setting next_dagrun for weekly_summary_pipeline to 2026-03-30 06:00:00+00:00, run_after=2026-04-06 06:00:00+00:00
[2026-04-04T05:52:08.428+0000] {processor.py:183} INFO - Processing /opt/airflow/dags/weekly_summary_pipeline.py took 0.092 seconds
[2026-04-04T05:52:38.487+0000] {processor.py:161} INFO - Started process (PID=562) to work on /opt/airflow/dags/weekly_summary_pipeline.py
[2026-04-04T05:52:38.488+0000] {processor.py:830} INFO - Processing file /opt/airflow/dags/weekly_summary_pipeline.py for tasks to queue
[2026-04-04T05:52:38.489+0000] {logging_mixin.py:188} INFO - [2026-04-04T05:52:38.489+0000] {dagbag.py:538} INFO - Filling up the DagBag from /opt/airflow/dags/weekly_summary_pipeline.py
[2026-04-04T05:52:38.512+0000] {processor.py:840} INFO - DAG(s) 'weekly_summary_pipeline' retrieved from /opt/airflow/dags/weekly_summary_pipeline.py
[2026-04-04T05:52:38.545+0000] {logging_mixin.py:188} INFO - [2026-04-04T05:52:38.545+0000] {dag.py:3036} INFO - Sync 1 DAGs
[2026-04-04T05:52:38.569+0000] {logging_mixin.py:188} INFO - [2026-04-04T05:52:38.569+0000] {dag.py:3823} INFO - Setting next_dagrun for weekly_summary_pipeline to 2026-03-30 06:00:00+00:00, run_after=2026-04-06 06:00:00+00:00
[2026-04-04T05:52:38.595+0000] {processor.py:183} INFO - Processing /opt/airflow/dags/weekly_summary_pipeline.py took 0.111 seconds
[2026-04-04T05:53:09.546+0000] {processor.py:161} INFO - Started process (PID=585) to work on /opt/airflow/dags/weekly_summary_pipeline.py
[2026-04-04T05:53:09.548+0000] {processor.py:830} INFO - Processing file /opt/airflow/dags/weekly_summary_pipeline.py for tasks to queue
[2026-04-04T05:53:09.549+0000] {logging_mixin.py:188} INFO - [2026-04-04T05:53:09.548+0000] {dagbag.py:538} INFO - Filling up the DagBag from /opt/airflow/dags/weekly_summary_pipeline.py
[2026-04-04T05:53:09.580+0000] {processor.py:840} INFO - DAG(s) 'weekly_summary_pipeline' retrieved from /opt/airflow/dags/weekly_summary_pipeline.py
[2026-04-04T05:53:09.611+0000] {logging_mixin.py:188} INFO - [2026-04-04T05:53:09.610+0000] {dag.py:3036} INFO - Sync 1 DAGs
[2026-04-04T05:53:09.637+0000] {logging_mixin.py:188} INFO - [2026-04-04T05:53:09.637+0000] {dag.py:3823} INFO - Setting next_dagrun for weekly_summary_pipeline to 2026-03-30 06:00:00+00:00, run_after=2026-04-06 06:00:00+00:00
[2026-04-04T05:53:09.658+0000] {processor.py:183} INFO - Processing /opt/airflow/dags/weekly_summary_pipeline.py took 0.114 seconds
[2026-04-04T05:53:40.628+0000] {processor.py:161} INFO - Started process (PID=608) to work on /opt/airflow/dags/weekly_summary_pipeline.py
[2026-04-04T05:53:40.629+0000] {processor.py:830} INFO - Processing file /opt/airflow/dags/weekly_summary_pipeline.py for tasks to queue
[2026-04-04T05:53:40.631+0000] {logging_mixin.py:188} INFO - [2026-04-04T05:53:40.630+0000] {dagbag.py:538} INFO - Filling up the DagBag from /opt/airflow/dags/weekly_summary_pipeline.py
[2026-04-04T05:53:40.660+0000] {processor.py:840} INFO - DAG(s) 'weekly_summary_pipeline' retrieved from /opt/airflow/dags/weekly_summary_pipeline.py
[2026-04-04T05:53:40.703+0000] {logging_mixin.py:188} INFO - [2026-04-04T05:53:40.702+0000] {dag.py:3036} INFO - Sync 1 DAGs
[2026-04-04T05:53:40.730+0000] {logging_mixin.py:188} INFO - [2026-04-04T05:53:40.730+0000] {dag.py:3823} INFO - Setting next_dagrun for weekly_summary_pipeline to 2026-03-30 06:00:00+00:00, run_after=2026-04-06 06:00:00+00:00
[2026-04-04T05:53:40.753+0000] {processor.py:183} INFO - Processing /opt/airflow/dags/weekly_summary_pipeline.py took 0.128 seconds
[2026-04-04T05:54:10.937+0000] {processor.py:161} INFO - Started process (PID=631) to work on /opt/airflow/dags/weekly_summary_pipeline.py
[2026-04-04T05:54:10.939+0000] {processor.py:830} INFO - Processing file /opt/airflow/dags/weekly_summary_pipeline.py for tasks to queue
[2026-04-04T05:54:10.940+0000] {logging_mixin.py:188} INFO - [2026-04-04T05:54:10.940+0000] {dagbag.py:538} INFO - Filling up the DagBag from /opt/airflow/dags/weekly_summary_pipeline.py
[2026-04-04T05:54:11.017+0000] {processor.py:840} INFO - DAG(s) 'weekly_summary_pipeline' retrieved from /opt/airflow/dags/weekly_summary_pipeline.py
[2026-04-04T05:54:11.087+0000] {logging_mixin.py:188} INFO - [2026-04-04T05:54:11.086+0000] {dag.py:3036} INFO - Sync 1 DAGs
[2026-04-04T05:54:11.131+0000] {logging_mixin.py:188} INFO - [2026-04-04T05:54:11.131+0000] {dag.py:3823} INFO - Setting next_dagrun for weekly_summary_pipeline to 2026-03-30 06:00:00+00:00, run_after=2026-04-06 06:00:00+00:00
[2026-04-04T05:54:11.170+0000] {processor.py:183} INFO - Processing /opt/airflow/dags/weekly_summary_pipeline.py took 0.236 seconds
[2026-04-04T05:54:41.392+0000] {processor.py:161} INFO - Started process (PID=656) to work on /opt/airflow/dags/weekly_summary_pipeline.py
[2026-04-04T05:54:41.393+0000] {processor.py:830} INFO - Processing file /opt/airflow/dags/weekly_summary_pipeline.py for tasks to queue
[2026-04-04T05:54:41.394+0000] {logging_mixin.py:188} INFO - [2026-04-04T05:54:41.393+0000] {dagbag.py:538} INFO - Filling up the DagBag from /opt/airflow/dags/weekly_summary_pipeline.py
[2026-04-04T05:54:41.414+0000] {processor.py:840} INFO - DAG(s) 'weekly_summary_pipeline' retrieved from /opt/airflow/dags/weekly_summary_pipeline.py
[2026-04-04T05:54:41.445+0000] {logging_mixin.py:188} INFO - [2026-04-04T05:54:41.445+0000] {dag.py:3036} INFO - Sync 1 DAGs
[2026-04-04T05:54:41.473+0000] {logging_mixin.py:188} INFO - [2026-04-04T05:54:41.473+0000] {dag.py:3823} INFO - Setting next_dagrun for weekly_summary_pipeline to 2026-03-30 06:00:00+00:00, run_after=2026-04-06 06:00:00+00:00
[2026-04-04T05:54:41.509+0000] {processor.py:183} INFO - Processing /opt/airflow/dags/weekly_summary_pipeline.py took 0.120 seconds
[2026-04-04T05:55:12.418+0000] {processor.py:161} INFO - Started process (PID=679) to work on /opt/airflow/dags/weekly_summary_pipeline.py
[2026-04-04T05:55:12.420+0000] {processor.py:830} INFO - Processing file /opt/airflow/dags/weekly_summary_pipeline.py for tasks to queue
[2026-04-04T05:55:12.421+0000] {logging_mixin.py:188} INFO - [2026-04-04T05:55:12.420+0000] {dagbag.py:538} INFO - Filling up the DagBag from /opt/airflow/dags/weekly_summary_pipeline.py
[2026-04-04T05:55:12.443+0000] {processor.py:840} INFO - DAG(s) 'weekly_summary_pipeline' retrieved from /opt/airflow/dags/weekly_summary_pipeline.py
[2026-04-04T05:55:12.491+0000] {logging_mixin.py:188} INFO - [2026-04-04T05:55:12.490+0000] {dag.py:3036} INFO - Sync 1 DAGs
[2026-04-04T05:55:12.522+0000] {logging_mixin.py:188} INFO - [2026-04-04T05:55:12.522+0000] {dag.py:3823} INFO - Setting next_dagrun for weekly_summary_pipeline to 2026-03-30 06:00:00+00:00, run_after=2026-04-06 06:00:00+00:00
[2026-04-04T05:55:12.545+0000] {processor.py:183} INFO - Processing /opt/airflow/dags/weekly_summary_pipeline.py took 0.130 seconds
[2026-04-04T05:55:43.455+0000] {processor.py:161} INFO - Started process (PID=702) to work on /opt/airflow/dags/weekly_summary_pipeline.py
[2026-04-04T05:55:43.456+0000] {processor.py:830} INFO - Processing file /opt/airflow/dags/weekly_summary_pipeline.py for tasks to queue
[2026-04-04T05:55:43.458+0000] {logging_mixin.py:188} INFO - [2026-04-04T05:55:43.457+0000] {dagbag.py:538} INFO - Filling up the DagBag from /opt/airflow/dags/weekly_summary_pipeline.py
[2026-04-04T05:55:43.480+0000] {processor.py:840} INFO - DAG(s) 'weekly_summary_pipeline' retrieved from /opt/airflow/dags/weekly_summary_pipeline.py
[2026-04-04T05:55:43.506+0000] {logging_mixin.py:188} INFO - [2026-04-04T05:55:43.506+0000] {dag.py:3036} INFO - Sync 1 DAGs
[2026-04-04T05:55:43.528+0000] {logging_mixin.py:188} INFO - [2026-04-04T05:55:43.528+0000] {dag.py:3823} INFO - Setting next_dagrun for weekly_summary_pipeline to 2026-03-30 06:00:00+00:00, run_after=2026-04-06 06:00:00+00:00
[2026-04-04T05:55:43.550+0000] {processor.py:183} INFO - Processing /opt/airflow/dags/weekly_summary_pipeline.py took 0.098 seconds
[2026-04-04T05:56:14.400+0000] {processor.py:161} INFO - Started process (PID=725) to work on /opt/airflow/dags/weekly_summary_pipeline.py
[2026-04-04T05:56:14.401+0000] {processor.py:830} INFO - Processing file /opt/airflow/dags/weekly_summary_pipeline.py for tasks to queue
[2026-04-04T05:56:14.403+0000] {logging_mixin.py:188} INFO - [2026-04-04T05:56:14.402+0000] {dagbag.py:538} INFO - Filling up the DagBag from /opt/airflow/dags/weekly_summary_pipeline.py
[2026-04-04T05:56:14.425+0000] {processor.py:840} INFO - DAG(s) 'weekly_summary_pipeline' retrieved from /opt/airflow/dags/weekly_summary_pipeline.py
[2026-04-04T05:56:14.454+0000] {logging_mixin.py:188} INFO - [2026-04-04T05:56:14.454+0000] {dag.py:3036} INFO - Sync 1 DAGs
[2026-04-04T05:56:14.485+0000] {logging_mixin.py:188} INFO - [2026-04-04T05:56:14.485+0000] {dag.py:3823} INFO - Setting next_dagrun for weekly_summary_pipeline to 2026-03-30 06:00:00+00:00, run_after=2026-04-06 06:00:00+00:00
[2026-04-04T05:56:14.516+0000] {processor.py:183} INFO - Processing /opt/airflow/dags/weekly_summary_pipeline.py took 0.119 seconds
[2026-04-04T05:56:44.833+0000] {processor.py:161} INFO - Started process (PID=748) to work on /opt/airflow/dags/weekly_summary_pipeline.py
[2026-04-04T05:56:44.834+0000] {processor.py:830} INFO - Processing file /opt/airflow/dags/weekly_summary_pipeline.py for tasks to queue
[2026-04-04T05:56:44.834+0000] {logging_mixin.py:188} INFO - [2026-04-04T05:56:44.834+0000] {dagbag.py:538} INFO - Filling up the DagBag from /opt/airflow/dags/weekly_summary_pipeline.py
[2026-04-04T05:56:44.854+0000] {processor.py:840} INFO - DAG(s) 'weekly_summary_pipeline' retrieved from /opt/airflow/dags/weekly_summary_pipeline.py
[2026-04-04T05:56:44.887+0000] {logging_mixin.py:188} INFO - [2026-04-04T05:56:44.886+0000] {dag.py:3036} INFO - Sync 1 DAGs
[2026-04-04T05:56:44.913+0000] {logging_mixin.py:188} INFO - [2026-04-04T05:56:44.912+0000] {dag.py:3823} INFO - Setting next_dagrun for weekly_summary_pipeline to 2026-03-30 06:00:00+00:00, run_after=2026-04-06 06:00:00+00:00
[2026-04-04T05:56:44.936+0000] {processor.py:183} INFO - Processing /opt/airflow/dags/weekly_summary_pipeline.py took 0.106 seconds
[2026-04-04T05:57:15.770+0000] {processor.py:161} INFO - Started process (PID=771) to work on /opt/airflow/dags/weekly_summary_pipeline.py
[2026-04-04T05:57:15.771+0000] {processor.py:830} INFO - Processing file /opt/airflow/dags/weekly_summary_pipeline.py for tasks to queue
[2026-04-04T05:57:15.772+0000] {logging_mixin.py:188} INFO - [2026-04-04T05:57:15.771+0000] {dagbag.py:538} INFO - Filling up the DagBag from /opt/airflow/dags/weekly_summary_pipeline.py
[2026-04-04T05:57:15.791+0000] {processor.py:840} INFO - DAG(s) 'weekly_summary_pipeline' retrieved from /opt/airflow/dags/weekly_summary_pipeline.py
[2026-04-04T05:57:15.826+0000] {logging_mixin.py:188} INFO - [2026-04-04T05:57:15.825+0000] {dag.py:3036} INFO - Sync 1 DAGs
[2026-04-04T05:57:15.854+0000] {logging_mixin.py:188} INFO - [2026-04-04T05:57:15.854+0000] {dag.py:3823} INFO - Setting next_dagrun for weekly_summary_pipeline to 2026-03-30 06:00:00+00:00, run_after=2026-04-06 06:00:00+00:00
[2026-04-04T05:57:15.877+0000] {processor.py:183} INFO - Processing /opt/airflow/dags/weekly_summary_pipeline.py took 0.110 seconds
[2026-04-04T05:57:46.604+0000] {processor.py:161} INFO - Started process (PID=794) to work on /opt/airflow/dags/weekly_summary_pipeline.py
[2026-04-04T05:57:46.606+0000] {processor.py:830} INFO - Processing file /opt/airflow/dags/weekly_summary_pipeline.py for tasks to queue
[2026-04-04T05:57:46.608+0000] {logging_mixin.py:188} INFO - [2026-04-04T05:57:46.607+0000] {dagbag.py:538} INFO - Filling up the DagBag from /opt/airflow/dags/weekly_summary_pipeline.py
[2026-04-04T05:57:46.631+0000] {processor.py:840} INFO - DAG(s) 'weekly_summary_pipeline' retrieved from /opt/airflow/dags/weekly_summary_pipeline.py
[2026-04-04T05:57:46.673+0000] {logging_mixin.py:188} INFO - [2026-04-04T05:57:46.672+0000] {dag.py:3036} INFO - Sync 1 DAGs
[2026-04-04T05:57:46.705+0000] {logging_mixin.py:188} INFO - [2026-04-04T05:57:46.705+0000] {dag.py:3823} INFO - Setting next_dagrun for weekly_summary_pipeline to 2026-03-30 06:00:00+00:00, run_after=2026-04-06 06:00:00+00:00
[2026-04-04T05:57:46.728+0000] {processor.py:183} INFO - Processing /opt/airflow/dags/weekly_summary_pipeline.py took 0.127 seconds
[2026-04-04T05:58:16.875+0000] {processor.py:161} INFO - Started process (PID=817) to work on /opt/airflow/dags/weekly_summary_pipeline.py
[2026-04-04T05:58:16.878+0000] {processor.py:830} INFO - Processing file /opt/airflow/dags/weekly_summary_pipeline.py for tasks to queue
[2026-04-04T05:58:16.879+0000] {logging_mixin.py:188} INFO - [2026-04-04T05:58:16.878+0000] {dagbag.py:538} INFO - Filling up the DagBag from /opt/airflow/dags/weekly_summary_pipeline.py
[2026-04-04T05:58:16.926+0000] {processor.py:840} INFO - DAG(s) 'weekly_summary_pipeline' retrieved from /opt/airflow/dags/weekly_summary_pipeline.py
[2026-04-04T05:58:16.958+0000] {logging_mixin.py:188} INFO - [2026-04-04T05:58:16.957+0000] {dag.py:3036} INFO - Sync 1 DAGs
[2026-04-04T05:58:16.979+0000] {logging_mixin.py:188} INFO - [2026-04-04T05:58:16.979+0000] {dag.py:3823} INFO - Setting next_dagrun for weekly_summary_pipeline to 2026-03-30 06:00:00+00:00, run_after=2026-04-06 06:00:00+00:00
[2026-04-04T05:58:17.003+0000] {processor.py:183} INFO - Processing /opt/airflow/dags/weekly_summary_pipeline.py took 0.133 seconds
[2026-04-04T05:58:47.885+0000] {processor.py:161} INFO - Started process (PID=838) to work on /opt/airflow/dags/weekly_summary_pipeline.py
[2026-04-04T05:58:47.886+0000] {processor.py:830} INFO - Processing file /opt/airflow/dags/weekly_summary_pipeline.py for tasks to queue
[2026-04-04T05:58:47.887+0000] {logging_mixin.py:188} INFO - [2026-04-04T05:58:47.887+0000] {dagbag.py:538} INFO - Filling up the DagBag from /opt/airflow/dags/weekly_summary_pipeline.py
[2026-04-04T05:58:47.913+0000] {processor.py:840} INFO - DAG(s) 'weekly_summary_pipeline' retrieved from /opt/airflow/dags/weekly_summary_pipeline.py
[2026-04-04T05:58:47.967+0000] {logging_mixin.py:188} INFO - [2026-04-04T05:58:47.967+0000] {dag.py:3036} INFO - Sync 1 DAGs
[2026-04-04T05:58:48.036+0000] {logging_mixin.py:188} INFO - [2026-04-04T05:58:48.036+0000] {dag.py:3823} INFO - Setting next_dagrun for weekly_summary_pipeline to 2026-03-30 06:00:00+00:00, run_after=2026-04-06 06:00:00+00:00
[2026-04-04T05:58:48.061+0000] {processor.py:183} INFO - Processing /opt/airflow/dags/weekly_summary_pipeline.py took 0.179 seconds
[2026-04-04T05:59:18.873+0000] {processor.py:161} INFO - Started process (PID=861) to work on /opt/airflow/dags/weekly_summary_pipeline.py
[2026-04-04T05:59:18.874+0000] {processor.py:830} INFO - Processing file /opt/airflow/dags/weekly_summary_pipeline.py for tasks to queue
[2026-04-04T05:59:18.875+0000] {logging_mixin.py:188} INFO - [2026-04-04T05:59:18.875+0000] {dagbag.py:538} INFO - Filling up the DagBag from /opt/airflow/dags/weekly_summary_pipeline.py
[2026-04-04T05:59:18.904+0000] {processor.py:840} INFO - DAG(s) 'weekly_summary_pipeline' retrieved from /opt/airflow/dags/weekly_summary_pipeline.py
[2026-04-04T05:59:18.934+0000] {logging_mixin.py:188} INFO - [2026-04-04T05:59:18.934+0000] {dag.py:3036} INFO - Sync 1 DAGs
[2026-04-04T05:59:18.959+0000] {logging_mixin.py:188} INFO - [2026-04-04T05:59:18.958+0000] {dag.py:3823} INFO - Setting next_dagrun for weekly_summary_pipeline to 2026-03-30 06:00:00+00:00, run_after=2026-04-06 06:00:00+00:00
[2026-04-04T05:59:18.981+0000] {processor.py:183} INFO - Processing /opt/airflow/dags/weekly_summary_pipeline.py took 0.112 seconds
[2026-04-04T05:59:49.841+0000] {processor.py:161} INFO - Started process (PID=884) to work on /opt/airflow/dags/weekly_summary_pipeline.py
[2026-04-04T05:59:49.842+0000] {processor.py:830} INFO - Processing file /opt/airflow/dags/weekly_summary_pipeline.py for tasks to queue
[2026-04-04T05:59:49.843+0000] {logging_mixin.py:188} INFO - [2026-04-04T05:59:49.843+0000] {dagbag.py:538} INFO - Filling up the DagBag from /opt/airflow/dags/weekly_summary_pipeline.py
[2026-04-04T05:59:49.865+0000] {processor.py:840} INFO - DAG(s) 'weekly_summary_pipeline' retrieved from /opt/airflow/dags/weekly_summary_pipeline.py
[2026-04-04T05:59:49.893+0000] {logging_mixin.py:188} INFO - [2026-04-04T05:59:49.893+0000] {dag.py:3036} INFO - Sync 1 DAGs
[2026-04-04T05:59:49.919+0000] {logging_mixin.py:188} INFO - [2026-04-04T05:59:49.919+0000] {dag.py:3823} INFO - Setting next_dagrun for weekly_summary_pipeline to 2026-03-30 06:00:00+00:00, run_after=2026-04-06 06:00:00+00:00
[2026-04-04T05:59:49.941+0000] {processor.py:183} INFO - Processing /opt/airflow/dags/weekly_summary_pipeline.py took 0.103 seconds
[2026-04-04T06:00:20.634+0000] {processor.py:161} INFO - Started process (PID=899) to work on /opt/airflow/dags/weekly_summary_pipeline.py
[2026-04-04T06:00:20.634+0000] {processor.py:830} INFO - Processing file /opt/airflow/dags/weekly_summary_pipeline.py for tasks to queue
[2026-04-04T06:00:20.635+0000] {logging_mixin.py:188} INFO - [2026-04-04T06:00:20.635+0000] {dagbag.py:538} INFO - Filling up the DagBag from /opt/airflow/dags/weekly_summary_pipeline.py
[2026-04-04T06:00:20.657+0000] {processor.py:840} INFO - DAG(s) 'weekly_summary_pipeline' retrieved from /opt/airflow/dags/weekly_summary_pipeline.py
[2026-04-04T06:00:20.684+0000] {logging_mixin.py:188} INFO - [2026-04-04T06:00:20.684+0000] {dag.py:3036} INFO - Sync 1 DAGs
[2026-04-04T06:00:20.705+0000] {logging_mixin.py:188} INFO - [2026-04-04T06:00:20.705+0000] {dag.py:3823} INFO - Setting next_dagrun for weekly_summary_pipeline to 2026-03-30 06:00:00+00:00, run_after=2026-04-06 06:00:00+00:00
[2026-04-04T06:00:20.727+0000] {processor.py:183} INFO - Processing /opt/airflow/dags/weekly_summary_pipeline.py took 0.096 seconds
[2026-04-04T06:00:51.511+0000] {processor.py:161} INFO - Started process (PID=922) to work on /opt/airflow/dags/weekly_summary_pipeline.py
[2026-04-04T06:00:51.512+0000] {processor.py:830} INFO - Processing file /opt/airflow/dags/weekly_summary_pipeline.py for tasks to queue
[2026-04-04T06:00:51.512+0000] {logging_mixin.py:188} INFO - [2026-04-04T06:00:51.512+0000] {dagbag.py:538} INFO - Filling up the DagBag from /opt/airflow/dags/weekly_summary_pipeline.py
[2026-04-04T06:00:51.536+0000] {processor.py:840} INFO - DAG(s) 'weekly_summary_pipeline' retrieved from /opt/airflow/dags/weekly_summary_pipeline.py
[2026-04-04T06:00:51.565+0000] {logging_mixin.py:188} INFO - [2026-04-04T06:00:51.565+0000] {dag.py:3036} INFO - Sync 1 DAGs
[2026-04-04T06:00:51.589+0000] {logging_mixin.py:188} INFO - [2026-04-04T06:00:51.589+0000] {dag.py:3823} INFO - Setting next_dagrun for weekly_summary_pipeline to 2026-03-30 06:00:00+00:00, run_after=2026-04-06 06:00:00+00:00
[2026-04-04T06:00:51.611+0000] {processor.py:183} INFO - Processing /opt/airflow/dags/weekly_summary_pipeline.py took 0.102 seconds
[2026-04-04T06:01:22.425+0000] {processor.py:161} INFO - Started process (PID=945) to work on /opt/airflow/dags/weekly_summary_pipeline.py
[2026-04-04T06:01:22.427+0000] {processor.py:830} INFO - Processing file /opt/airflow/dags/weekly_summary_pipeline.py for tasks to queue
[2026-04-04T06:01:22.429+0000] {logging_mixin.py:188} INFO - [2026-04-04T06:01:22.428+0000] {dagbag.py:538} INFO - Filling up the DagBag from /opt/airflow/dags/weekly_summary_pipeline.py
[2026-04-04T06:01:22.462+0000] {processor.py:840} INFO - DAG(s) 'weekly_summary_pipeline' retrieved from /opt/airflow/dags/weekly_summary_pipeline.py
[2026-04-04T06:01:22.501+0000] {logging_mixin.py:188} INFO - [2026-04-04T06:01:22.500+0000] {dag.py:3036} INFO - Sync 1 DAGs
[2026-04-04T06:01:22.526+0000] {logging_mixin.py:188} INFO - [2026-04-04T06:01:22.526+0000] {dag.py:3823} INFO - Setting next_dagrun for weekly_summary_pipeline to 2026-03-30 06:00:00+00:00, run_after=2026-04-06 06:00:00+00:00
[2026-04-04T06:01:22.556+0000] {processor.py:183} INFO - Processing /opt/airflow/dags/weekly_summary_pipeline.py took 0.135 seconds
[2026-04-04T06:01:53.452+0000] {processor.py:161} INFO - Started process (PID=968) to work on /opt/airflow/dags/weekly_summary_pipeline.py
[2026-04-04T06:01:53.454+0000] {processor.py:830} INFO - Processing file /opt/airflow/dags/weekly_summary_pipeline.py for tasks to queue
[2026-04-04T06:01:53.455+0000] {logging_mixin.py:188} INFO - [2026-04-04T06:01:53.455+0000] {dagbag.py:538} INFO - Filling up the DagBag from /opt/airflow/dags/weekly_summary_pipeline.py
[2026-04-04T06:01:53.503+0000] {processor.py:840} INFO - DAG(s) 'weekly_summary_pipeline' retrieved from /opt/airflow/dags/weekly_summary_pipeline.py
[2026-04-04T06:01:53.567+0000] {logging_mixin.py:188} INFO - [2026-04-04T06:01:53.567+0000] {dag.py:3036} INFO - Sync 1 DAGs
[2026-04-04T06:01:53.632+0000] {logging_mixin.py:188} INFO - [2026-04-04T06:01:53.631+0000] {dag.py:3823} INFO - Setting next_dagrun for weekly_summary_pipeline to 2026-03-30 06:00:00+00:00, run_after=2026-04-06 06:00:00+00:00
[2026-04-04T06:01:53.680+0000] {processor.py:183} INFO - Processing /opt/airflow/dags/weekly_summary_pipeline.py took 0.235 seconds
[2026-04-04T06:02:23.877+0000] {processor.py:161} INFO - Started process (PID=991) to work on /opt/airflow/dags/weekly_summary_pipeline.py
[2026-04-04T06:02:23.878+0000] {processor.py:830} INFO - Processing file /opt/airflow/dags/weekly_summary_pipeline.py for tasks to queue
[2026-04-04T06:02:23.880+0000] {logging_mixin.py:188} INFO - [2026-04-04T06:02:23.880+0000] {dagbag.py:538} INFO - Filling up the DagBag from /opt/airflow/dags/weekly_summary_pipeline.py
[2026-04-04T06:02:23.915+0000] {processor.py:840} INFO - DAG(s) 'weekly_summary_pipeline' retrieved from /opt/airflow/dags/weekly_summary_pipeline.py
[2026-04-04T06:02:23.962+0000] {logging_mixin.py:188} INFO - [2026-04-04T06:02:23.962+0000] {dag.py:3036} INFO - Sync 1 DAGs
[2026-04-04T06:02:23.996+0000] {logging_mixin.py:188} INFO - [2026-04-04T06:02:23.995+0000] {dag.py:3823} INFO - Setting next_dagrun for weekly_summary_pipeline to 2026-03-30 06:00:00+00:00, run_after=2026-04-06 06:00:00+00:00
[2026-04-04T06:02:24.022+0000] {processor.py:183} INFO - Processing /opt/airflow/dags/weekly_summary_pipeline.py took 0.147 seconds
[2026-04-04T06:02:54.783+0000] {processor.py:161} INFO - Started process (PID=1014) to work on /opt/airflow/dags/weekly_summary_pipeline.py
[2026-04-04T06:02:54.784+0000] {processor.py:830} INFO - Processing file /opt/airflow/dags/weekly_summary_pipeline.py for tasks to queue
[2026-04-04T06:02:54.785+0000] {logging_mixin.py:188} INFO - [2026-04-04T06:02:54.785+0000] {dagbag.py:538} INFO - Filling up the DagBag from /opt/airflow/dags/weekly_summary_pipeline.py
[2026-04-04T06:02:54.809+0000] {processor.py:840} INFO - DAG(s) 'weekly_summary_pipeline' retrieved from /opt/airflow/dags/weekly_summary_pipeline.py
[2026-04-04T06:02:54.845+0000] {logging_mixin.py:188} INFO - [2026-04-04T06:02:54.845+0000] {dag.py:3036} INFO - Sync 1 DAGs
[2026-04-04T06:02:54.872+0000] {logging_mixin.py:188} INFO - [2026-04-04T06:02:54.872+0000] {dag.py:3823} INFO - Setting next_dagrun for weekly_summary_pipeline to 2026-03-30 06:00:00+00:00, run_after=2026-04-06 06:00:00+00:00
[2026-04-04T06:02:54.895+0000] {processor.py:183} INFO - Processing /opt/airflow/dags/weekly_summary_pipeline.py took 0.115 seconds
[2026-04-04T06:03:25.739+0000] {processor.py:161} INFO - Started process (PID=1037) to work on /opt/airflow/dags/weekly_summary_pipeline.py
[2026-04-04T06:03:25.741+0000] {processor.py:830} INFO - Processing file /opt/airflow/dags/weekly_summary_pipeline.py for tasks to queue
[2026-04-04T06:03:25.742+0000] {logging_mixin.py:188} INFO - [2026-04-04T06:03:25.742+0000] {dagbag.py:538} INFO - Filling up the DagBag from /opt/airflow/dags/weekly_summary_pipeline.py
[2026-04-04T06:03:25.780+0000] {processor.py:840} INFO - DAG(s) 'weekly_summary_pipeline' retrieved from /opt/airflow/dags/weekly_summary_pipeline.py
[2026-04-04T06:03:25.810+0000] {logging_mixin.py:188} INFO - [2026-04-04T06:03:25.810+0000] {dag.py:3036} INFO - Sync 1 DAGs
[2026-04-04T06:03:25.834+0000] {logging_mixin.py:188} INFO - [2026-04-04T06:03:25.833+0000] {dag.py:3823} INFO - Setting next_dagrun for weekly_summary_pipeline to 2026-03-30 06:00:00+00:00, run_after=2026-04-06 06:00:00+00:00
[2026-04-04T06:03:25.855+0000] {processor.py:183} INFO - Processing /opt/airflow/dags/weekly_summary_pipeline.py took 0.118 seconds
[2026-04-04T06:03:56.050+0000] {processor.py:161} INFO - Started process (PID=1060) to work on /opt/airflow/dags/weekly_summary_pipeline.py
[2026-04-04T06:03:56.055+0000] {processor.py:830} INFO - Processing file /opt/airflow/dags/weekly_summary_pipeline.py for tasks to queue
[2026-04-04T06:03:56.059+0000] {logging_mixin.py:188} INFO - [2026-04-04T06:03:56.059+0000] {dagbag.py:538} INFO - Filling up the DagBag from /opt/airflow/dags/weekly_summary_pipeline.py
[2026-04-04T06:03:56.141+0000] {processor.py:840} INFO - DAG(s) 'weekly_summary_pipeline' retrieved from /opt/airflow/dags/weekly_summary_pipeline.py
[2026-04-04T06:03:56.257+0000] {logging_mixin.py:188} INFO - [2026-04-04T06:03:56.257+0000] {dag.py:3036} INFO - Sync 1 DAGs
[2026-04-04T06:03:56.325+0000] {logging_mixin.py:188} INFO - [2026-04-04T06:03:56.325+0000] {dag.py:3823} INFO - Setting next_dagrun for weekly_summary_pipeline to 2026-03-30 06:00:00+00:00, run_after=2026-04-06 06:00:00+00:00
[2026-04-04T06:03:56.355+0000] {processor.py:183} INFO - Processing /opt/airflow/dags/weekly_summary_pipeline.py took 0.321 seconds
[2026-04-04T06:04:27.173+0000] {processor.py:161} INFO - Started process (PID=1083) to work on /opt/airflow/dags/weekly_summary_pipeline.py
[2026-04-04T06:04:27.175+0000] {processor.py:830} INFO - Processing file /opt/airflow/dags/weekly_summary_pipeline.py for tasks to queue
[2026-04-04T06:04:27.176+0000] {logging_mixin.py:188} INFO - [2026-04-04T06:04:27.176+0000] {dagbag.py:538} INFO - Filling up the DagBag from /opt/airflow/dags/weekly_summary_pipeline.py
[2026-04-04T06:04:27.214+0000] {processor.py:840} INFO - DAG(s) 'weekly_summary_pipeline' retrieved from /opt/airflow/dags/weekly_summary_pipeline.py
[2026-04-04T06:04:27.247+0000] {logging_mixin.py:188} INFO - [2026-04-04T06:04:27.246+0000] {dag.py:3036} INFO - Sync 1 DAGs
[2026-04-04T06:04:27.271+0000] {logging_mixin.py:188} INFO - [2026-04-04T06:04:27.271+0000] {dag.py:3823} INFO - Setting next_dagrun for weekly_summary_pipeline to 2026-03-30 06:00:00+00:00, run_after=2026-04-06 06:00:00+00:00
[2026-04-04T06:04:27.292+0000] {processor.py:183} INFO - Processing /opt/airflow/dags/weekly_summary_pipeline.py took 0.121 seconds
[2026-04-04T06:04:57.410+0000] {processor.py:161} INFO - Started process (PID=1106) to work on /opt/airflow/dags/weekly_summary_pipeline.py
[2026-04-04T06:04:57.411+0000] {processor.py:830} INFO - Processing file /opt/airflow/dags/weekly_summary_pipeline.py for tasks to queue
[2026-04-04T06:04:57.413+0000] {logging_mixin.py:188} INFO - [2026-04-04T06:04:57.412+0000] {dagbag.py:538} INFO - Filling up the DagBag from /opt/airflow/dags/weekly_summary_pipeline.py
[2026-04-04T06:04:57.458+0000] {processor.py:840} INFO - DAG(s) 'weekly_summary_pipeline' retrieved from /opt/airflow/dags/weekly_summary_pipeline.py
[2026-04-04T06:04:57.496+0000] {logging_mixin.py:188} INFO - [2026-04-04T06:04:57.496+0000] {dag.py:3036} INFO - Sync 1 DAGs
[2026-04-04T06:04:57.546+0000] {logging_mixin.py:188} INFO - [2026-04-04T06:04:57.545+0000] {dag.py:3823} INFO - Setting next_dagrun for weekly_summary_pipeline to 2026-03-30 06:00:00+00:00, run_after=2026-04-06 06:00:00+00:00
[2026-04-04T06:04:57.573+0000] {processor.py:183} INFO - Processing /opt/airflow/dags/weekly_summary_pipeline.py took 0.167 seconds
[2026-04-04T06:05:28.291+0000] {processor.py:161} INFO - Started process (PID=1129) to work on /opt/airflow/dags/weekly_summary_pipeline.py
[2026-04-04T06:05:28.292+0000] {processor.py:830} INFO - Processing file /opt/airflow/dags/weekly_summary_pipeline.py for tasks to queue
[2026-04-04T06:05:28.293+0000] {logging_mixin.py:188} INFO - [2026-04-04T06:05:28.293+0000] {dagbag.py:538} INFO - Filling up the DagBag from /opt/airflow/dags/weekly_summary_pipeline.py
[2026-04-04T06:05:28.319+0000] {processor.py:840} INFO - DAG(s) 'weekly_summary_pipeline' retrieved from /opt/airflow/dags/weekly_summary_pipeline.py
[2026-04-04T06:05:28.359+0000] {logging_mixin.py:188} INFO - [2026-04-04T06:05:28.359+0000] {dag.py:3036} INFO - Sync 1 DAGs
[2026-04-04T06:05:28.388+0000] {logging_mixin.py:188} INFO - [2026-04-04T06:05:28.387+0000] {dag.py:3823} INFO - Setting next_dagrun for weekly_summary_pipeline to 2026-03-30 06:00:00+00:00, run_after=2026-04-06 06:00:00+00:00
[2026-04-04T06:05:28.413+0000] {processor.py:183} INFO - Processing /opt/airflow/dags/weekly_summary_pipeline.py took 0.124 seconds
[2026-04-04T06:05:59.332+0000] {processor.py:161} INFO - Started process (PID=1152) to work on /opt/airflow/dags/weekly_summary_pipeline.py
[2026-04-04T06:05:59.333+0000] {processor.py:830} INFO - Processing file /opt/airflow/dags/weekly_summary_pipeline.py for tasks to queue
[2026-04-04T06:05:59.334+0000] {logging_mixin.py:188} INFO - [2026-04-04T06:05:59.334+0000] {dagbag.py:538} INFO - Filling up the DagBag from /opt/airflow/dags/weekly_summary_pipeline.py
[2026-04-04T06:05:59.362+0000] {processor.py:840} INFO - DAG(s) 'weekly_summary_pipeline' retrieved from /opt/airflow/dags/weekly_summary_pipeline.py
[2026-04-04T06:05:59.394+0000] {logging_mixin.py:188} INFO - [2026-04-04T06:05:59.393+0000] {dag.py:3036} INFO - Sync 1 DAGs
[2026-04-04T06:05:59.418+0000] {logging_mixin.py:188} INFO - [2026-04-04T06:05:59.417+0000] {dag.py:3823} INFO - Setting next_dagrun for weekly_summary_pipeline to 2026-03-30 06:00:00+00:00, run_after=2026-04-06 06:00:00+00:00
[2026-04-04T06:05:59.440+0000] {processor.py:183} INFO - Processing /opt/airflow/dags/weekly_summary_pipeline.py took 0.110 seconds
[2026-04-04T06:06:30.247+0000] {processor.py:161} INFO - Started process (PID=1175) to work on /opt/airflow/dags/weekly_summary_pipeline.py
[2026-04-04T06:06:30.248+0000] {processor.py:830} INFO - Processing file /opt/airflow/dags/weekly_summary_pipeline.py for tasks to queue
[2026-04-04T06:06:30.249+0000] {logging_mixin.py:188} INFO - [2026-04-04T06:06:30.249+0000] {dagbag.py:538} INFO - Filling up the DagBag from /opt/airflow/dags/weekly_summary_pipeline.py
[2026-04-04T06:06:30.270+0000] {processor.py:840} INFO - DAG(s) 'weekly_summary_pipeline' retrieved from /opt/airflow/dags/weekly_summary_pipeline.py
[2026-04-04T06:06:30.302+0000] {logging_mixin.py:188} INFO - [2026-04-04T06:06:30.302+0000] {dag.py:3036} INFO - Sync 1 DAGs
[2026-04-04T06:06:30.325+0000] {logging_mixin.py:188} INFO - [2026-04-04T06:06:30.325+0000] {dag.py:3823} INFO - Setting next_dagrun for weekly_summary_pipeline to 2026-03-30 06:00:00+00:00, run_after=2026-04-06 06:00:00+00:00
[2026-04-04T06:06:30.351+0000] {processor.py:183} INFO - Processing /opt/airflow/dags/weekly_summary_pipeline.py took 0.107 seconds
[2026-04-04T06:07:01.036+0000] {processor.py:161} INFO - Started process (PID=1198) to work on /opt/airflow/dags/weekly_summary_pipeline.py
[2026-04-04T06:07:01.037+0000] {processor.py:830} INFO - Processing file /opt/airflow/dags/weekly_summary_pipeline.py for tasks to queue
[2026-04-04T06:07:01.037+0000] {logging_mixin.py:188} INFO - [2026-04-04T06:07:01.037+0000] {dagbag.py:538} INFO - Filling up the DagBag from /opt/airflow/dags/weekly_summary_pipeline.py
[2026-04-04T06:07:01.059+0000] {processor.py:840} INFO - DAG(s) 'weekly_summary_pipeline' retrieved from /opt/airflow/dags/weekly_summary_pipeline.py
[2026-04-04T06:07:01.090+0000] {logging_mixin.py:188} INFO - [2026-04-04T06:07:01.090+0000] {dag.py:3036} INFO - Sync 1 DAGs
[2026-04-04T06:07:01.113+0000] {logging_mixin.py:188} INFO - [2026-04-04T06:07:01.112+0000] {dag.py:3823} INFO - Setting next_dagrun for weekly_summary_pipeline to 2026-03-30 06:00:00+00:00, run_after=2026-04-06 06:00:00+00:00
[2026-04-04T06:07:01.133+0000] {processor.py:183} INFO - Processing /opt/airflow/dags/weekly_summary_pipeline.py took 0.101 seconds
[2026-04-04T06:07:32.102+0000] {processor.py:161} INFO - Started process (PID=1221) to work on /opt/airflow/dags/weekly_summary_pipeline.py
[2026-04-04T06:07:32.108+0000] {processor.py:830} INFO - Processing file /opt/airflow/dags/weekly_summary_pipeline.py for tasks to queue
[2026-04-04T06:07:32.110+0000] {logging_mixin.py:188} INFO - [2026-04-04T06:07:32.109+0000] {dagbag.py:538} INFO - Filling up the DagBag from /opt/airflow/dags/weekly_summary_pipeline.py
[2026-04-04T06:07:32.139+0000] {processor.py:840} INFO - DAG(s) 'weekly_summary_pipeline' retrieved from /opt/airflow/dags/weekly_summary_pipeline.py
[2026-04-04T06:07:32.176+0000] {logging_mixin.py:188} INFO - [2026-04-04T06:07:32.175+0000] {dag.py:3036} INFO - Sync 1 DAGs
[2026-04-04T06:07:32.202+0000] {logging_mixin.py:188} INFO - [2026-04-04T06:07:32.202+0000] {dag.py:3823} INFO - Setting next_dagrun for weekly_summary_pipeline to 2026-03-30 06:00:00+00:00, run_after=2026-04-06 06:00:00+00:00
[2026-04-04T06:07:32.230+0000] {processor.py:183} INFO - Processing /opt/airflow/dags/weekly_summary_pipeline.py took 0.148 seconds
[2026-04-04T06:08:03.053+0000] {processor.py:161} INFO - Started process (PID=1244) to work on /opt/airflow/dags/weekly_summary_pipeline.py
[2026-04-04T06:08:03.054+0000] {processor.py:830} INFO - Processing file /opt/airflow/dags/weekly_summary_pipeline.py for tasks to queue
[2026-04-04T06:08:03.055+0000] {logging_mixin.py:188} INFO - [2026-04-04T06:08:03.055+0000] {dagbag.py:538} INFO - Filling up the DagBag from /opt/airflow/dags/weekly_summary_pipeline.py
[2026-04-04T06:08:03.079+0000] {processor.py:840} INFO - DAG(s) 'weekly_summary_pipeline' retrieved from /opt/airflow/dags/weekly_summary_pipeline.py
[2026-04-04T06:08:03.109+0000] {logging_mixin.py:188} INFO - [2026-04-04T06:08:03.109+0000] {dag.py:3036} INFO - Sync 1 DAGs
[2026-04-04T06:08:03.135+0000] {logging_mixin.py:188} INFO - [2026-04-04T06:08:03.135+0000] {dag.py:3823} INFO - Setting next_dagrun for weekly_summary_pipeline to 2026-03-30 06:00:00+00:00, run_after=2026-04-06 06:00:00+00:00
[2026-04-04T06:08:03.159+0000] {processor.py:183} INFO - Processing /opt/airflow/dags/weekly_summary_pipeline.py took 0.109 seconds
[2026-04-04T06:08:33.852+0000] {processor.py:161} INFO - Started process (PID=1267) to work on /opt/airflow/dags/weekly_summary_pipeline.py
[2026-04-04T06:08:33.853+0000] {processor.py:830} INFO - Processing file /opt/airflow/dags/weekly_summary_pipeline.py for tasks to queue
[2026-04-04T06:08:33.854+0000] {logging_mixin.py:188} INFO - [2026-04-04T06:08:33.854+0000] {dagbag.py:538} INFO - Filling up the DagBag from /opt/airflow/dags/weekly_summary_pipeline.py
[2026-04-04T06:08:33.879+0000] {processor.py:840} INFO - DAG(s) 'weekly_summary_pipeline' retrieved from /opt/airflow/dags/weekly_summary_pipeline.py
[2026-04-04T06:08:33.913+0000] {logging_mixin.py:188} INFO - [2026-04-04T06:08:33.912+0000] {dag.py:3036} INFO - Sync 1 DAGs
[2026-04-04T06:08:33.941+0000] {logging_mixin.py:188} INFO - [2026-04-04T06:08:33.941+0000] {dag.py:3823} INFO - Setting next_dagrun for weekly_summary_pipeline to 2026-03-30 06:00:00+00:00, run_after=2026-04-06 06:00:00+00:00
[2026-04-04T06:08:33.968+0000] {processor.py:183} INFO - Processing /opt/airflow/dags/weekly_summary_pipeline.py took 0.118 seconds
[2026-04-04T06:09:04.238+0000] {processor.py:161} INFO - Started process (PID=1290) to work on /opt/airflow/dags/weekly_summary_pipeline.py
[2026-04-04T06:09:04.240+0000] {processor.py:830} INFO - Processing file /opt/airflow/dags/weekly_summary_pipeline.py for tasks to queue
[2026-04-04T06:09:04.241+0000] {logging_mixin.py:188} INFO - [2026-04-04T06:09:04.240+0000] {dagbag.py:538} INFO - Filling up the DagBag from /opt/airflow/dags/weekly_summary_pipeline.py
[2026-04-04T06:09:04.266+0000] {processor.py:840} INFO - DAG(s) 'weekly_summary_pipeline' retrieved from /opt/airflow/dags/weekly_summary_pipeline.py
[2026-04-04T06:09:04.295+0000] {logging_mixin.py:188} INFO - [2026-04-04T06:09:04.295+0000] {dag.py:3036} INFO - Sync 1 DAGs
[2026-04-04T06:09:04.322+0000] {logging_mixin.py:188} INFO - [2026-04-04T06:09:04.321+0000] {dag.py:3823} INFO - Setting next_dagrun for weekly_summary_pipeline to 2026-03-30 06:00:00+00:00, run_after=2026-04-06 06:00:00+00:00
[2026-04-04T06:09:04.345+0000] {processor.py:183} INFO - Processing /opt/airflow/dags/weekly_summary_pipeline.py took 0.110 seconds
[2026-04-04T06:09:35.114+0000] {processor.py:161} INFO - Started process (PID=1313) to work on /opt/airflow/dags/weekly_summary_pipeline.py
[2026-04-04T06:09:35.115+0000] {processor.py:830} INFO - Processing file /opt/airflow/dags/weekly_summary_pipeline.py for tasks to queue
[2026-04-04T06:09:35.117+0000] {logging_mixin.py:188} INFO - [2026-04-04T06:09:35.116+0000] {dagbag.py:538} INFO - Filling up the DagBag from /opt/airflow/dags/weekly_summary_pipeline.py
[2026-04-04T06:09:35.155+0000] {processor.py:840} INFO - DAG(s) 'weekly_summary_pipeline' retrieved from /opt/airflow/dags/weekly_summary_pipeline.py
[2026-04-04T06:09:35.224+0000] {logging_mixin.py:188} INFO - [2026-04-04T06:09:35.224+0000] {dag.py:3036} INFO - Sync 1 DAGs
[2026-04-04T06:09:35.265+0000] {logging_mixin.py:188} INFO - [2026-04-04T06:09:35.265+0000] {dag.py:3823} INFO - Setting next_dagrun for weekly_summary_pipeline to 2026-03-30 06:00:00+00:00, run_after=2026-04-06 06:00:00+00:00
[2026-04-04T06:09:35.308+0000] {processor.py:183} INFO - Processing /opt/airflow/dags/weekly_summary_pipeline.py took 0.198 seconds
[2026-04-04T06:10:06.178+0000] {processor.py:161} INFO - Started process (PID=1336) to work on /opt/airflow/dags/weekly_summary_pipeline.py
[2026-04-04T06:10:06.180+0000] {processor.py:830} INFO - Processing file /opt/airflow/dags/weekly_summary_pipeline.py for tasks to queue
[2026-04-04T06:10:06.180+0000] {logging_mixin.py:188} INFO - [2026-04-04T06:10:06.180+0000] {dagbag.py:538} INFO - Filling up the DagBag from /opt/airflow/dags/weekly_summary_pipeline.py
[2026-04-04T06:10:06.206+0000] {processor.py:840} INFO - DAG(s) 'weekly_summary_pipeline' retrieved from /opt/airflow/dags/weekly_summary_pipeline.py
[2026-04-04T06:10:06.233+0000] {logging_mixin.py:188} INFO - [2026-04-04T06:10:06.233+0000] {dag.py:3036} INFO - Sync 1 DAGs
[2026-04-04T06:10:06.258+0000] {logging_mixin.py:188} INFO - [2026-04-04T06:10:06.258+0000] {dag.py:3823} INFO - Setting next_dagrun for weekly_summary_pipeline to 2026-03-30 06:00:00+00:00, run_after=2026-04-06 06:00:00+00:00
[2026-04-04T06:10:06.280+0000] {processor.py:183} INFO - Processing /opt/airflow/dags/weekly_summary_pipeline.py took 0.105 seconds
[2026-04-04T06:10:37.060+0000] {processor.py:161} INFO - Started process (PID=1359) to work on /opt/airflow/dags/weekly_summary_pipeline.py
[2026-04-04T06:10:37.060+0000] {processor.py:830} INFO - Processing file /opt/airflow/dags/weekly_summary_pipeline.py for tasks to queue
[2026-04-04T06:10:37.061+0000] {logging_mixin.py:188} INFO - [2026-04-04T06:10:37.061+0000] {dagbag.py:538} INFO - Filling up the DagBag from /opt/airflow/dags/weekly_summary_pipeline.py
[2026-04-04T06:10:37.080+0000] {processor.py:840} INFO - DAG(s) 'weekly_summary_pipeline' retrieved from /opt/airflow/dags/weekly_summary_pipeline.py
[2026-04-04T06:10:37.115+0000] {logging_mixin.py:188} INFO - [2026-04-04T06:10:37.115+0000] {dag.py:3036} INFO - Sync 1 DAGs
[2026-04-04T06:10:37.140+0000] {logging_mixin.py:188} INFO - [2026-04-04T06:10:37.140+0000] {dag.py:3823} INFO - Setting next_dagrun for weekly_summary_pipeline to 2026-03-30 06:00:00+00:00, run_after=2026-04-06 06:00:00+00:00
[2026-04-04T06:10:37.163+0000] {processor.py:183} INFO - Processing /opt/airflow/dags/weekly_summary_pipeline.py took 0.106 seconds
[2026-04-04T06:11:07.899+0000] {processor.py:161} INFO - Started process (PID=1382) to work on /opt/airflow/dags/weekly_summary_pipeline.py
[2026-04-04T06:11:07.900+0000] {processor.py:830} INFO - Processing file /opt/airflow/dags/weekly_summary_pipeline.py for tasks to queue
[2026-04-04T06:11:07.901+0000] {logging_mixin.py:188} INFO - [2026-04-04T06:11:07.900+0000] {dagbag.py:538} INFO - Filling up the DagBag from /opt/airflow/dags/weekly_summary_pipeline.py
[2026-04-04T06:11:07.927+0000] {processor.py:840} INFO - DAG(s) 'weekly_summary_pipeline' retrieved from /opt/airflow/dags/weekly_summary_pipeline.py
[2026-04-04T06:11:07.958+0000] {logging_mixin.py:188} INFO - [2026-04-04T06:11:07.957+0000] {dag.py:3036} INFO - Sync 1 DAGs
[2026-04-04T06:11:07.984+0000] {logging_mixin.py:188} INFO - [2026-04-04T06:11:07.984+0000] {dag.py:3823} INFO - Setting next_dagrun for weekly_summary_pipeline to 2026-03-30 06:00:00+00:00, run_after=2026-04-06 06:00:00+00:00
[2026-04-04T06:11:08.006+0000] {processor.py:183} INFO - Processing /opt/airflow/dags/weekly_summary_pipeline.py took 0.110 seconds
[2026-04-04T06:11:38.643+0000] {processor.py:161} INFO - Started process (PID=1405) to work on /opt/airflow/dags/weekly_summary_pipeline.py
[2026-04-04T06:11:38.644+0000] {processor.py:830} INFO - Processing file /opt/airflow/dags/weekly_summary_pipeline.py for tasks to queue
[2026-04-04T06:11:38.645+0000] {logging_mixin.py:188} INFO - [2026-04-04T06:11:38.644+0000] {dagbag.py:538} INFO - Filling up the DagBag from /opt/airflow/dags/weekly_summary_pipeline.py
[2026-04-04T06:11:38.677+0000] {processor.py:840} INFO - DAG(s) 'weekly_summary_pipeline' retrieved from /opt/airflow/dags/weekly_summary_pipeline.py
[2026-04-04T06:11:38.712+0000] {logging_mixin.py:188} INFO - [2026-04-04T06:11:38.712+0000] {dag.py:3036} INFO - Sync 1 DAGs
[2026-04-04T06:11:38.742+0000] {logging_mixin.py:188} INFO - [2026-04-04T06:11:38.741+0000] {dag.py:3823} INFO - Setting next_dagrun for weekly_summary_pipeline to 2026-03-30 06:00:00+00:00, run_after=2026-04-06 06:00:00+00:00
[2026-04-04T06:11:38.764+0000] {processor.py:183} INFO - Processing /opt/airflow/dags/weekly_summary_pipeline.py took 0.124 seconds
[2026-04-04T06:12:09.136+0000] {processor.py:161} INFO - Started process (PID=1428) to work on /opt/airflow/dags/weekly_summary_pipeline.py
[2026-04-04T06:12:09.138+0000] {processor.py:830} INFO - Processing file /opt/airflow/dags/weekly_summary_pipeline.py for tasks to queue
[2026-04-04T06:12:09.139+0000] {logging_mixin.py:188} INFO - [2026-04-04T06:12:09.139+0000] {dagbag.py:538} INFO - Filling up the DagBag from /opt/airflow/dags/weekly_summary_pipeline.py
[2026-04-04T06:12:09.165+0000] {processor.py:840} INFO - DAG(s) 'weekly_summary_pipeline' retrieved from /opt/airflow/dags/weekly_summary_pipeline.py
[2026-04-04T06:12:09.198+0000] {logging_mixin.py:188} INFO - [2026-04-04T06:12:09.198+0000] {dag.py:3036} INFO - Sync 1 DAGs
[2026-04-04T06:12:09.220+0000] {logging_mixin.py:188} INFO - [2026-04-04T06:12:09.220+0000] {dag.py:3823} INFO - Setting next_dagrun for weekly_summary_pipeline to 2026-03-30 06:00:00+00:00, run_after=2026-04-06 06:00:00+00:00
[2026-04-04T06:12:09.242+0000] {processor.py:183} INFO - Processing /opt/airflow/dags/weekly_summary_pipeline.py took 0.110 seconds
[2026-04-04T06:12:40.096+0000] {processor.py:161} INFO - Started process (PID=1451) to work on /opt/airflow/dags/weekly_summary_pipeline.py
[2026-04-04T06:12:40.098+0000] {processor.py:830} INFO - Processing file /opt/airflow/dags/weekly_summary_pipeline.py for tasks to queue
[2026-04-04T06:12:40.099+0000] {logging_mixin.py:188} INFO - [2026-04-04T06:12:40.099+0000] {dagbag.py:538} INFO - Filling up the DagBag from /opt/airflow/dags/weekly_summary_pipeline.py
[2026-04-04T06:12:40.129+0000] {processor.py:840} INFO - DAG(s) 'weekly_summary_pipeline' retrieved from /opt/airflow/dags/weekly_summary_pipeline.py
[2026-04-04T06:12:40.160+0000] {logging_mixin.py:188} INFO - [2026-04-04T06:12:40.160+0000] {dag.py:3036} INFO - Sync 1 DAGs
[2026-04-04T06:12:40.186+0000] {logging_mixin.py:188} INFO - [2026-04-04T06:12:40.186+0000] {dag.py:3823} INFO - Setting next_dagrun for weekly_summary_pipeline to 2026-03-30 06:00:00+00:00, run_after=2026-04-06 06:00:00+00:00
[2026-04-04T06:12:40.214+0000] {processor.py:183} INFO - Processing /opt/airflow/dags/weekly_summary_pipeline.py took 0.121 seconds
[2026-04-04T06:13:10.924+0000] {processor.py:161} INFO - Started process (PID=1474) to work on /opt/airflow/dags/weekly_summary_pipeline.py
[2026-04-04T06:13:10.925+0000] {processor.py:830} INFO - Processing file /opt/airflow/dags/weekly_summary_pipeline.py for tasks to queue
[2026-04-04T06:13:10.927+0000] {logging_mixin.py:188} INFO - [2026-04-04T06:13:10.926+0000] {dagbag.py:538} INFO - Filling up the DagBag from /opt/airflow/dags/weekly_summary_pipeline.py
[2026-04-04T06:13:10.954+0000] {processor.py:840} INFO - DAG(s) 'weekly_summary_pipeline' retrieved from /opt/airflow/dags/weekly_summary_pipeline.py
[2026-04-04T06:13:10.990+0000] {logging_mixin.py:188} INFO - [2026-04-04T06:13:10.990+0000] {dag.py:3036} INFO - Sync 1 DAGs
[2026-04-04T06:13:11.017+0000] {logging_mixin.py:188} INFO - [2026-04-04T06:13:11.017+0000] {dag.py:3823} INFO - Setting next_dagrun for weekly_summary_pipeline to 2026-03-30 06:00:00+00:00, run_after=2026-04-06 06:00:00+00:00
[2026-04-04T06:13:11.044+0000] {processor.py:183} INFO - Processing /opt/airflow/dags/weekly_summary_pipeline.py took 0.124 seconds
[2026-04-04T06:13:41.791+0000] {processor.py:161} INFO - Started process (PID=1497) to work on /opt/airflow/dags/weekly_summary_pipeline.py
[2026-04-04T06:13:41.792+0000] {processor.py:830} INFO - Processing file /opt/airflow/dags/weekly_summary_pipeline.py for tasks to queue
[2026-04-04T06:13:41.793+0000] {logging_mixin.py:188} INFO - [2026-04-04T06:13:41.793+0000] {dagbag.py:538} INFO - Filling up the DagBag from /opt/airflow/dags/weekly_summary_pipeline.py
[2026-04-04T06:13:41.816+0000] {processor.py:840} INFO - DAG(s) 'weekly_summary_pipeline' retrieved from /opt/airflow/dags/weekly_summary_pipeline.py
[2026-04-04T06:13:41.848+0000] {logging_mixin.py:188} INFO - [2026-04-04T06:13:41.848+0000] {dag.py:3036} INFO - Sync 1 DAGs
[2026-04-04T06:13:41.885+0000] {logging_mixin.py:188} INFO - [2026-04-04T06:13:41.884+0000] {dag.py:3823} INFO - Setting next_dagrun for weekly_summary_pipeline to 2026-03-30 06:00:00+00:00, run_after=2026-04-06 06:00:00+00:00
[2026-04-04T06:13:41.907+0000] {processor.py:183} INFO - Processing /opt/airflow/dags/weekly_summary_pipeline.py took 0.120 seconds
[2026-04-04T06:14:12.609+0000] {processor.py:161} INFO - Started process (PID=1520) to work on /opt/airflow/dags/weekly_summary_pipeline.py
[2026-04-04T06:14:12.610+0000] {processor.py:830} INFO - Processing file /opt/airflow/dags/weekly_summary_pipeline.py for tasks to queue
[2026-04-04T06:14:12.611+0000] {logging_mixin.py:188} INFO - [2026-04-04T06:14:12.611+0000] {dagbag.py:538} INFO - Filling up the DagBag from /opt/airflow/dags/weekly_summary_pipeline.py
[2026-04-04T06:14:12.644+0000] {processor.py:840} INFO - DAG(s) 'weekly_summary_pipeline' retrieved from /opt/airflow/dags/weekly_summary_pipeline.py
[2026-04-04T06:14:12.685+0000] {logging_mixin.py:188} INFO - [2026-04-04T06:14:12.685+0000] {dag.py:3036} INFO - Sync 1 DAGs
[2026-04-04T06:14:12.717+0000] {logging_mixin.py:188} INFO - [2026-04-04T06:14:12.717+0000] {dag.py:3823} INFO - Setting next_dagrun for weekly_summary_pipeline to 2026-03-30 06:00:00+00:00, run_after=2026-04-06 06:00:00+00:00
[2026-04-04T06:14:12.743+0000] {processor.py:183} INFO - Processing /opt/airflow/dags/weekly_summary_pipeline.py took 0.137 seconds
[2026-04-04T06:14:43.516+0000] {processor.py:161} INFO - Started process (PID=1543) to work on /opt/airflow/dags/weekly_summary_pipeline.py
[2026-04-04T06:14:43.518+0000] {processor.py:830} INFO - Processing file /opt/airflow/dags/weekly_summary_pipeline.py for tasks to queue
[2026-04-04T06:14:43.521+0000] {logging_mixin.py:188} INFO - [2026-04-04T06:14:43.519+0000] {dagbag.py:538} INFO - Filling up the DagBag from /opt/airflow/dags/weekly_summary_pipeline.py
[2026-04-04T06:14:43.547+0000] {processor.py:840} INFO - DAG(s) 'weekly_summary_pipeline' retrieved from /opt/airflow/dags/weekly_summary_pipeline.py
[2026-04-04T06:14:43.582+0000] {logging_mixin.py:188} INFO - [2026-04-04T06:14:43.581+0000] {dag.py:3036} INFO - Sync 1 DAGs
[2026-04-04T06:14:43.618+0000] {logging_mixin.py:188} INFO - [2026-04-04T06:14:43.617+0000] {dag.py:3823} INFO - Setting next_dagrun for weekly_summary_pipeline to 2026-03-30 06:00:00+00:00, run_after=2026-04-06 06:00:00+00:00
[2026-04-04T06:14:43.643+0000] {processor.py:183} INFO - Processing /opt/airflow/dags/weekly_summary_pipeline.py took 0.134 seconds
[2026-04-04T06:15:14.423+0000] {processor.py:161} INFO - Started process (PID=1566) to work on /opt/airflow/dags/weekly_summary_pipeline.py
[2026-04-04T06:15:14.424+0000] {processor.py:830} INFO - Processing file /opt/airflow/dags/weekly_summary_pipeline.py for tasks to queue
[2026-04-04T06:15:14.425+0000] {logging_mixin.py:188} INFO - [2026-04-04T06:15:14.425+0000] {dagbag.py:538} INFO - Filling up the DagBag from /opt/airflow/dags/weekly_summary_pipeline.py
[2026-04-04T06:15:14.445+0000] {processor.py:840} INFO - DAG(s) 'weekly_summary_pipeline' retrieved from /opt/airflow/dags/weekly_summary_pipeline.py
[2026-04-04T06:15:14.472+0000] {logging_mixin.py:188} INFO - [2026-04-04T06:15:14.472+0000] {dag.py:3036} INFO - Sync 1 DAGs
[2026-04-04T06:15:14.496+0000] {logging_mixin.py:188} INFO - [2026-04-04T06:15:14.495+0000] {dag.py:3823} INFO - Setting next_dagrun for weekly_summary_pipeline to 2026-03-30 06:00:00+00:00, run_after=2026-04-06 06:00:00+00:00
[2026-04-04T06:15:14.520+0000] {processor.py:183} INFO - Processing /opt/airflow/dags/weekly_summary_pipeline.py took 0.100 seconds
[2026-04-04T06:15:45.219+0000] {processor.py:161} INFO - Started process (PID=1589) to work on /opt/airflow/dags/weekly_summary_pipeline.py
[2026-04-04T06:15:45.220+0000] {processor.py:830} INFO - Processing file /opt/airflow/dags/weekly_summary_pipeline.py for tasks to queue
[2026-04-04T06:15:45.221+0000] {logging_mixin.py:188} INFO - [2026-04-04T06:15:45.221+0000] {dagbag.py:538} INFO - Filling up the DagBag from /opt/airflow/dags/weekly_summary_pipeline.py
[2026-04-04T06:15:45.247+0000] {processor.py:840} INFO - DAG(s) 'weekly_summary_pipeline' retrieved from /opt/airflow/dags/weekly_summary_pipeline.py
[2026-04-04T06:15:45.276+0000] {logging_mixin.py:188} INFO - [2026-04-04T06:15:45.276+0000] {dag.py:3036} INFO - Sync 1 DAGs
[2026-04-04T06:15:45.302+0000] {logging_mixin.py:188} INFO - [2026-04-04T06:15:45.302+0000] {dag.py:3823} INFO - Setting next_dagrun for weekly_summary_pipeline to 2026-03-30 06:00:00+00:00, run_after=2026-04-06 06:00:00+00:00
[2026-04-04T06:15:45.323+0000] {processor.py:183} INFO - Processing /opt/airflow/dags/weekly_summary_pipeline.py took 0.108 seconds
[2026-04-04T06:16:16.016+0000] {processor.py:161} INFO - Started process (PID=1612) to work on /opt/airflow/dags/weekly_summary_pipeline.py
[2026-04-04T06:16:16.017+0000] {processor.py:830} INFO - Processing file /opt/airflow/dags/weekly_summary_pipeline.py for tasks to queue
[2026-04-04T06:16:16.019+0000] {logging_mixin.py:188} INFO - [2026-04-04T06:16:16.018+0000] {dagbag.py:538} INFO - Filling up the DagBag from /opt/airflow/dags/weekly_summary_pipeline.py
[2026-04-04T06:16:16.048+0000] {processor.py:840} INFO - DAG(s) 'weekly_summary_pipeline' retrieved from /opt/airflow/dags/weekly_summary_pipeline.py
[2026-04-04T06:16:16.088+0000] {logging_mixin.py:188} INFO - [2026-04-04T06:16:16.088+0000] {dag.py:3036} INFO - Sync 1 DAGs
[2026-04-04T06:16:16.119+0000] {logging_mixin.py:188} INFO - [2026-04-04T06:16:16.119+0000] {dag.py:3823} INFO - Setting next_dagrun for weekly_summary_pipeline to 2026-03-30 06:00:00+00:00, run_after=2026-04-06 06:00:00+00:00
[2026-04-04T06:16:16.155+0000] {processor.py:183} INFO - Processing /opt/airflow/dags/weekly_summary_pipeline.py took 0.143 seconds
[2026-04-04T06:16:46.928+0000] {processor.py:161} INFO - Started process (PID=1635) to work on /opt/airflow/dags/weekly_summary_pipeline.py
[2026-04-04T06:16:46.929+0000] {processor.py:830} INFO - Processing file /opt/airflow/dags/weekly_summary_pipeline.py for tasks to queue
[2026-04-04T06:16:46.930+0000] {logging_mixin.py:188} INFO - [2026-04-04T06:16:46.929+0000] {dagbag.py:538} INFO - Filling up the DagBag from /opt/airflow/dags/weekly_summary_pipeline.py
[2026-04-04T06:16:46.957+0000] {processor.py:840} INFO - DAG(s) 'weekly_summary_pipeline' retrieved from /opt/airflow/dags/weekly_summary_pipeline.py
[2026-04-04T06:16:46.998+0000] {logging_mixin.py:188} INFO - [2026-04-04T06:16:46.998+0000] {dag.py:3036} INFO - Sync 1 DAGs
[2026-04-04T06:16:47.022+0000] {logging_mixin.py:188} INFO - [2026-04-04T06:16:47.022+0000] {dag.py:3823} INFO - Setting next_dagrun for weekly_summary_pipeline to 2026-03-30 06:00:00+00:00, run_after=2026-04-06 06:00:00+00:00
[2026-04-04T06:16:47.046+0000] {processor.py:183} INFO - Processing /opt/airflow/dags/weekly_summary_pipeline.py took 0.121 seconds
[2026-04-04T06:17:17.780+0000] {processor.py:161} INFO - Started process (PID=1658) to work on /opt/airflow/dags/weekly_summary_pipeline.py
[2026-04-04T06:17:17.781+0000] {processor.py:830} INFO - Processing file /opt/airflow/dags/weekly_summary_pipeline.py for tasks to queue
[2026-04-04T06:17:17.783+0000] {logging_mixin.py:188} INFO - [2026-04-04T06:17:17.782+0000] {dagbag.py:538} INFO - Filling up the DagBag from /opt/airflow/dags/weekly_summary_pipeline.py
[2026-04-04T06:17:17.803+0000] {processor.py:840} INFO - DAG(s) 'weekly_summary_pipeline' retrieved from /opt/airflow/dags/weekly_summary_pipeline.py
[2026-04-04T06:17:17.840+0000] {logging_mixin.py:188} INFO - [2026-04-04T06:17:17.840+0000] {dag.py:3036} INFO - Sync 1 DAGs
[2026-04-04T06:17:17.864+0000] {logging_mixin.py:188} INFO - [2026-04-04T06:17:17.864+0000] {dag.py:3823} INFO - Setting next_dagrun for weekly_summary_pipeline to 2026-03-30 06:00:00+00:00, run_after=2026-04-06 06:00:00+00:00
[2026-04-04T06:17:17.884+0000] {processor.py:183} INFO - Processing /opt/airflow/dags/weekly_summary_pipeline.py took 0.105 seconds
[2026-04-04T06:17:48.583+0000] {processor.py:161} INFO - Started process (PID=1681) to work on /opt/airflow/dags/weekly_summary_pipeline.py
[2026-04-04T06:17:48.584+0000] {processor.py:830} INFO - Processing file /opt/airflow/dags/weekly_summary_pipeline.py for tasks to queue
[2026-04-04T06:17:48.585+0000] {logging_mixin.py:188} INFO - [2026-04-04T06:17:48.585+0000] {dagbag.py:538} INFO - Filling up the DagBag from /opt/airflow/dags/weekly_summary_pipeline.py
[2026-04-04T06:17:48.609+0000] {processor.py:840} INFO - DAG(s) 'weekly_summary_pipeline' retrieved from /opt/airflow/dags/weekly_summary_pipeline.py
[2026-04-04T06:17:48.641+0000] {logging_mixin.py:188} INFO - [2026-04-04T06:17:48.641+0000] {dag.py:3036} INFO - Sync 1 DAGs
[2026-04-04T06:17:48.668+0000] {logging_mixin.py:188} INFO - [2026-04-04T06:17:48.668+0000] {dag.py:3823} INFO - Setting next_dagrun for weekly_summary_pipeline to 2026-03-30 06:00:00+00:00, run_after=2026-04-06 06:00:00+00:00
[2026-04-04T06:17:48.691+0000] {processor.py:183} INFO - Processing /opt/airflow/dags/weekly_summary_pipeline.py took 0.111 seconds
[2026-04-04T06:18:19.455+0000] {processor.py:161} INFO - Started process (PID=1704) to work on /opt/airflow/dags/weekly_summary_pipeline.py
[2026-04-04T06:18:19.457+0000] {processor.py:830} INFO - Processing file /opt/airflow/dags/weekly_summary_pipeline.py for tasks to queue
[2026-04-04T06:18:19.458+0000] {logging_mixin.py:188} INFO - [2026-04-04T06:18:19.457+0000] {dagbag.py:538} INFO - Filling up the DagBag from /opt/airflow/dags/weekly_summary_pipeline.py
[2026-04-04T06:18:19.478+0000] {processor.py:840} INFO - DAG(s) 'weekly_summary_pipeline' retrieved from /opt/airflow/dags/weekly_summary_pipeline.py
[2026-04-04T06:18:19.503+0000] {logging_mixin.py:188} INFO - [2026-04-04T06:18:19.502+0000] {dag.py:3036} INFO - Sync 1 DAGs
[2026-04-04T06:18:19.525+0000] {logging_mixin.py:188} INFO - [2026-04-04T06:18:19.525+0000] {dag.py:3823} INFO - Setting next_dagrun for weekly_summary_pipeline to 2026-03-30 06:00:00+00:00, run_after=2026-04-06 06:00:00+00:00
[2026-04-04T06:18:19.544+0000] {processor.py:183} INFO - Processing /opt/airflow/dags/weekly_summary_pipeline.py took 0.091 seconds
[2026-04-04T06:18:50.355+0000] {processor.py:161} INFO - Started process (PID=1726) to work on /opt/airflow/dags/weekly_summary_pipeline.py
[2026-04-04T06:18:50.357+0000] {processor.py:830} INFO - Processing file /opt/airflow/dags/weekly_summary_pipeline.py for tasks to queue
[2026-04-04T06:18:50.359+0000] {logging_mixin.py:188} INFO - [2026-04-04T06:18:50.358+0000] {dagbag.py:538} INFO - Filling up the DagBag from /opt/airflow/dags/weekly_summary_pipeline.py
[2026-04-04T06:18:50.449+0000] {processor.py:840} INFO - DAG(s) 'weekly_summary_pipeline' retrieved from /opt/airflow/dags/weekly_summary_pipeline.py
[2026-04-04T06:18:50.530+0000] {logging_mixin.py:188} INFO - [2026-04-04T06:18:50.529+0000] {dag.py:3036} INFO - Sync 1 DAGs
[2026-04-04T06:18:50.571+0000] {logging_mixin.py:188} INFO - [2026-04-04T06:18:50.571+0000] {dag.py:3823} INFO - Setting next_dagrun for weekly_summary_pipeline to 2026-03-30 06:00:00+00:00, run_after=2026-04-06 06:00:00+00:00
[2026-04-04T06:18:50.597+0000] {processor.py:183} INFO - Processing /opt/airflow/dags/weekly_summary_pipeline.py took 0.256 seconds
[2026-04-04T06:19:20.727+0000] {processor.py:161} INFO - Started process (PID=1749) to work on /opt/airflow/dags/weekly_summary_pipeline.py
[2026-04-04T06:19:20.728+0000] {processor.py:830} INFO - Processing file /opt/airflow/dags/weekly_summary_pipeline.py for tasks to queue
[2026-04-04T06:19:20.729+0000] {logging_mixin.py:188} INFO - [2026-04-04T06:19:20.729+0000] {dagbag.py:538} INFO - Filling up the DagBag from /opt/airflow/dags/weekly_summary_pipeline.py
[2026-04-04T06:19:20.751+0000] {processor.py:840} INFO - DAG(s) 'weekly_summary_pipeline' retrieved from /opt/airflow/dags/weekly_summary_pipeline.py
[2026-04-04T06:19:20.781+0000] {logging_mixin.py:188} INFO - [2026-04-04T06:19:20.781+0000] {dag.py:3036} INFO - Sync 1 DAGs
[2026-04-04T06:19:20.805+0000] {logging_mixin.py:188} INFO - [2026-04-04T06:19:20.805+0000] {dag.py:3823} INFO - Setting next_dagrun for weekly_summary_pipeline to 2026-03-30 06:00:00+00:00, run_after=2026-04-06 06:00:00+00:00
[2026-04-04T06:19:20.825+0000] {processor.py:183} INFO - Processing /opt/airflow/dags/weekly_summary_pipeline.py took 0.101 seconds
[2026-04-04T06:19:51.482+0000] {processor.py:161} INFO - Started process (PID=1764) to work on /opt/airflow/dags/weekly_summary_pipeline.py
[2026-04-04T06:19:51.483+0000] {processor.py:830} INFO - Processing file /opt/airflow/dags/weekly_summary_pipeline.py for tasks to queue
[2026-04-04T06:19:51.483+0000] {logging_mixin.py:188} INFO - [2026-04-04T06:19:51.483+0000] {dagbag.py:538} INFO - Filling up the DagBag from /opt/airflow/dags/weekly_summary_pipeline.py
[2026-04-04T06:19:51.505+0000] {processor.py:840} INFO - DAG(s) 'weekly_summary_pipeline' retrieved from /opt/airflow/dags/weekly_summary_pipeline.py
[2026-04-04T06:19:51.537+0000] {logging_mixin.py:188} INFO - [2026-04-04T06:19:51.536+0000] {dag.py:3036} INFO - Sync 1 DAGs
[2026-04-04T06:19:51.564+0000] {logging_mixin.py:188} INFO - [2026-04-04T06:19:51.564+0000] {dag.py:3823} INFO - Setting next_dagrun for weekly_summary_pipeline to 2026-03-30 06:00:00+00:00, run_after=2026-04-06 06:00:00+00:00
[2026-04-04T06:19:51.586+0000] {processor.py:183} INFO - Processing /opt/airflow/dags/weekly_summary_pipeline.py took 0.106 seconds
[2026-04-04T06:20:22.288+0000] {processor.py:161} INFO - Started process (PID=1787) to work on /opt/airflow/dags/weekly_summary_pipeline.py
[2026-04-04T06:20:22.289+0000] {processor.py:830} INFO - Processing file /opt/airflow/dags/weekly_summary_pipeline.py for tasks to queue
[2026-04-04T06:20:22.290+0000] {logging_mixin.py:188} INFO - [2026-04-04T06:20:22.290+0000] {dagbag.py:538} INFO - Filling up the DagBag from /opt/airflow/dags/weekly_summary_pipeline.py
[2026-04-04T06:20:22.309+0000] {processor.py:840} INFO - DAG(s) 'weekly_summary_pipeline' retrieved from /opt/airflow/dags/weekly_summary_pipeline.py
[2026-04-04T06:20:22.341+0000] {logging_mixin.py:188} INFO - [2026-04-04T06:20:22.341+0000] {dag.py:3036} INFO - Sync 1 DAGs
[2026-04-04T06:20:22.364+0000] {logging_mixin.py:188} INFO - [2026-04-04T06:20:22.364+0000] {dag.py:3823} INFO - Setting next_dagrun for weekly_summary_pipeline to 2026-03-30 06:00:00+00:00, run_after=2026-04-06 06:00:00+00:00
[2026-04-04T06:20:22.387+0000] {processor.py:183} INFO - Processing /opt/airflow/dags/weekly_summary_pipeline.py took 0.101 seconds
[2026-04-04T06:20:52.459+0000] {processor.py:161} INFO - Started process (PID=1810) to work on /opt/airflow/dags/weekly_summary_pipeline.py
[2026-04-04T06:20:52.460+0000] {processor.py:830} INFO - Processing file /opt/airflow/dags/weekly_summary_pipeline.py for tasks to queue
[2026-04-04T06:20:52.461+0000] {logging_mixin.py:188} INFO - [2026-04-04T06:20:52.461+0000] {dagbag.py:538} INFO - Filling up the DagBag from /opt/airflow/dags/weekly_summary_pipeline.py
[2026-04-04T06:20:52.481+0000] {processor.py:840} INFO - DAG(s) 'weekly_summary_pipeline' retrieved from /opt/airflow/dags/weekly_summary_pipeline.py
[2026-04-04T06:20:52.510+0000] {logging_mixin.py:188} INFO - [2026-04-04T06:20:52.510+0000] {dag.py:3036} INFO - Sync 1 DAGs
[2026-04-04T06:20:52.534+0000] {logging_mixin.py:188} INFO - [2026-04-04T06:20:52.534+0000] {dag.py:3823} INFO - Setting next_dagrun for weekly_summary_pipeline to 2026-03-30 06:00:00+00:00, run_after=2026-04-06 06:00:00+00:00
[2026-04-04T06:20:52.556+0000] {processor.py:183} INFO - Processing /opt/airflow/dags/weekly_summary_pipeline.py took 0.100 seconds
[2026-04-04T06:21:23.213+0000] {processor.py:161} INFO - Started process (PID=1833) to work on /opt/airflow/dags/weekly_summary_pipeline.py
[2026-04-04T06:21:23.214+0000] {processor.py:830} INFO - Processing file /opt/airflow/dags/weekly_summary_pipeline.py for tasks to queue
[2026-04-04T06:21:23.215+0000] {logging_mixin.py:188} INFO - [2026-04-04T06:21:23.214+0000] {dagbag.py:538} INFO - Filling up the DagBag from /opt/airflow/dags/weekly_summary_pipeline.py
[2026-04-04T06:21:23.235+0000] {processor.py:840} INFO - DAG(s) 'weekly_summary_pipeline' retrieved from /opt/airflow/dags/weekly_summary_pipeline.py
[2026-04-04T06:21:23.263+0000] {logging_mixin.py:188} INFO - [2026-04-04T06:21:23.263+0000] {dag.py:3036} INFO - Sync 1 DAGs
[2026-04-04T06:21:23.295+0000] {logging_mixin.py:188} INFO - [2026-04-04T06:21:23.295+0000] {dag.py:3823} INFO - Setting next_dagrun for weekly_summary_pipeline to 2026-03-30 06:00:00+00:00, run_after=2026-04-06 06:00:00+00:00
[2026-04-04T06:21:23.314+0000] {processor.py:183} INFO - Processing /opt/airflow/dags/weekly_summary_pipeline.py took 0.104 seconds
[2026-04-04T06:21:53.456+0000] {processor.py:161} INFO - Started process (PID=1856) to work on /opt/airflow/dags/weekly_summary_pipeline.py
[2026-04-04T06:21:53.457+0000] {processor.py:830} INFO - Processing file /opt/airflow/dags/weekly_summary_pipeline.py for tasks to queue
[2026-04-04T06:21:53.459+0000] {logging_mixin.py:188} INFO - [2026-04-04T06:21:53.458+0000] {dagbag.py:538} INFO - Filling up the DagBag from /opt/airflow/dags/weekly_summary_pipeline.py
[2026-04-04T06:21:53.479+0000] {processor.py:840} INFO - DAG(s) 'weekly_summary_pipeline' retrieved from /opt/airflow/dags/weekly_summary_pipeline.py
[2026-04-04T06:21:53.508+0000] {logging_mixin.py:188} INFO - [2026-04-04T06:21:53.508+0000] {dag.py:3036} INFO - Sync 1 DAGs
[2026-04-04T06:21:53.533+0000] {logging_mixin.py:188} INFO - [2026-04-04T06:21:53.533+0000] {dag.py:3823} INFO - Setting next_dagrun for weekly_summary_pipeline to 2026-03-30 06:00:00+00:00, run_after=2026-04-06 06:00:00+00:00
[2026-04-04T06:21:53.560+0000] {processor.py:183} INFO - Processing /opt/airflow/dags/weekly_summary_pipeline.py took 0.106 seconds
[2026-04-04T06:22:24.277+0000] {processor.py:161} INFO - Started process (PID=1879) to work on /opt/airflow/dags/weekly_summary_pipeline.py
[2026-04-04T06:22:24.279+0000] {processor.py:830} INFO - Processing file /opt/airflow/dags/weekly_summary_pipeline.py for tasks to queue
[2026-04-04T06:22:24.281+0000] {logging_mixin.py:188} INFO - [2026-04-04T06:22:24.280+0000] {dagbag.py:538} INFO - Filling up the DagBag from /opt/airflow/dags/weekly_summary_pipeline.py
[2026-04-04T06:22:24.304+0000] {processor.py:840} INFO - DAG(s) 'weekly_summary_pipeline' retrieved from /opt/airflow/dags/weekly_summary_pipeline.py
[2026-04-04T06:22:24.336+0000] {logging_mixin.py:188} INFO - [2026-04-04T06:22:24.335+0000] {dag.py:3036} INFO - Sync 1 DAGs
[2026-04-04T06:22:24.360+0000] {logging_mixin.py:188} INFO - [2026-04-04T06:22:24.359+0000] {dag.py:3823} INFO - Setting next_dagrun for weekly_summary_pipeline to 2026-03-30 06:00:00+00:00, run_after=2026-04-06 06:00:00+00:00
[2026-04-04T06:22:24.379+0000] {processor.py:183} INFO - Processing /opt/airflow/dags/weekly_summary_pipeline.py took 0.105 seconds
[2026-04-04T06:22:54.864+0000] {processor.py:161} INFO - Started process (PID=1902) to work on /opt/airflow/dags/weekly_summary_pipeline.py
[2026-04-04T06:22:54.865+0000] {processor.py:830} INFO - Processing file /opt/airflow/dags/weekly_summary_pipeline.py for tasks to queue
[2026-04-04T06:22:54.865+0000] {logging_mixin.py:188} INFO - [2026-04-04T06:22:54.865+0000] {dagbag.py:538} INFO - Filling up the DagBag from /opt/airflow/dags/weekly_summary_pipeline.py
[2026-04-04T06:22:54.890+0000] {processor.py:840} INFO - DAG(s) 'weekly_summary_pipeline' retrieved from /opt/airflow/dags/weekly_summary_pipeline.py
[2026-04-04T06:22:54.925+0000] {logging_mixin.py:188} INFO - [2026-04-04T06:22:54.925+0000] {dag.py:3036} INFO - Sync 1 DAGs
[2026-04-04T06:22:54.957+0000] {logging_mixin.py:188} INFO - [2026-04-04T06:22:54.957+0000] {dag.py:3823} INFO - Setting next_dagrun for weekly_summary_pipeline to 2026-03-30 06:00:00+00:00, run_after=2026-04-06 06:00:00+00:00
[2026-04-04T06:22:54.981+0000] {processor.py:183} INFO - Processing /opt/airflow/dags/weekly_summary_pipeline.py took 0.120 seconds
[2026-04-04T06:23:25.754+0000] {processor.py:161} INFO - Started process (PID=1930) to work on /opt/airflow/dags/weekly_summary_pipeline.py
[2026-04-04T06:23:25.755+0000] {processor.py:830} INFO - Processing file /opt/airflow/dags/weekly_summary_pipeline.py for tasks to queue
[2026-04-04T06:23:25.756+0000] {logging_mixin.py:188} INFO - [2026-04-04T06:23:25.756+0000] {dagbag.py:538} INFO - Filling up the DagBag from /opt/airflow/dags/weekly_summary_pipeline.py
[2026-04-04T06:23:25.779+0000] {processor.py:840} INFO - DAG(s) 'weekly_summary_pipeline' retrieved from /opt/airflow/dags/weekly_summary_pipeline.py
[2026-04-04T06:23:25.815+0000] {logging_mixin.py:188} INFO - [2026-04-04T06:23:25.815+0000] {dag.py:3036} INFO - Sync 1 DAGs
[2026-04-04T06:23:25.843+0000] {logging_mixin.py:188} INFO - [2026-04-04T06:23:25.843+0000] {dag.py:3823} INFO - Setting next_dagrun for weekly_summary_pipeline to 2026-03-30 06:00:00+00:00, run_after=2026-04-06 06:00:00+00:00
[2026-04-04T06:23:25.867+0000] {processor.py:183} INFO - Processing /opt/airflow/dags/weekly_summary_pipeline.py took 0.117 seconds
[2026-04-04T06:23:56.628+0000] {processor.py:161} INFO - Started process (PID=1953) to work on /opt/airflow/dags/weekly_summary_pipeline.py
[2026-04-04T06:23:56.629+0000] {processor.py:830} INFO - Processing file /opt/airflow/dags/weekly_summary_pipeline.py for tasks to queue
[2026-04-04T06:23:56.630+0000] {logging_mixin.py:188} INFO - [2026-04-04T06:23:56.630+0000] {dagbag.py:538} INFO - Filling up the DagBag from /opt/airflow/dags/weekly_summary_pipeline.py
[2026-04-04T06:23:56.651+0000] {processor.py:840} INFO - DAG(s) 'weekly_summary_pipeline' retrieved from /opt/airflow/dags/weekly_summary_pipeline.py
[2026-04-04T06:23:56.690+0000] {logging_mixin.py:188} INFO - [2026-04-04T06:23:56.690+0000] {dag.py:3036} INFO - Sync 1 DAGs
[2026-04-04T06:23:56.718+0000] {logging_mixin.py:188} INFO - [2026-04-04T06:23:56.718+0000] {dag.py:3823} INFO - Setting next_dagrun for weekly_summary_pipeline to 2026-03-30 06:00:00+00:00, run_after=2026-04-06 06:00:00+00:00
[2026-04-04T06:23:56.738+0000] {processor.py:183} INFO - Processing /opt/airflow/dags/weekly_summary_pipeline.py took 0.112 seconds
[2026-04-04T06:24:26.843+0000] {processor.py:161} INFO - Started process (PID=1976) to work on /opt/airflow/dags/weekly_summary_pipeline.py
[2026-04-04T06:24:26.844+0000] {processor.py:830} INFO - Processing file /opt/airflow/dags/weekly_summary_pipeline.py for tasks to queue
[2026-04-04T06:24:26.845+0000] {logging_mixin.py:188} INFO - [2026-04-04T06:24:26.845+0000] {dagbag.py:538} INFO - Filling up the DagBag from /opt/airflow/dags/weekly_summary_pipeline.py
[2026-04-04T06:24:26.867+0000] {processor.py:840} INFO - DAG(s) 'weekly_summary_pipeline' retrieved from /opt/airflow/dags/weekly_summary_pipeline.py
[2026-04-04T06:24:26.903+0000] {logging_mixin.py:188} INFO - [2026-04-04T06:24:26.902+0000] {dag.py:3036} INFO - Sync 1 DAGs
[2026-04-04T06:24:26.929+0000] {logging_mixin.py:188} INFO - [2026-04-04T06:24:26.929+0000] {dag.py:3823} INFO - Setting next_dagrun for weekly_summary_pipeline to 2026-03-30 06:00:00+00:00, run_after=2026-04-06 06:00:00+00:00
[2026-04-04T06:24:26.951+0000] {processor.py:183} INFO - Processing /opt/airflow/dags/weekly_summary_pipeline.py took 0.111 seconds
[2026-04-04T06:24:57.578+0000] {processor.py:161} INFO - Started process (PID=1999) to work on /opt/airflow/dags/weekly_summary_pipeline.py
[2026-04-04T06:24:57.579+0000] {processor.py:830} INFO - Processing file /opt/airflow/dags/weekly_summary_pipeline.py for tasks to queue
[2026-04-04T06:24:57.580+0000] {logging_mixin.py:188} INFO - [2026-04-04T06:24:57.579+0000] {dagbag.py:538} INFO - Filling up the DagBag from /opt/airflow/dags/weekly_summary_pipeline.py
[2026-04-04T06:24:57.601+0000] {processor.py:840} INFO - DAG(s) 'weekly_summary_pipeline' retrieved from /opt/airflow/dags/weekly_summary_pipeline.py
[2026-04-04T06:24:57.632+0000] {logging_mixin.py:188} INFO - [2026-04-04T06:24:57.632+0000] {dag.py:3036} INFO - Sync 1 DAGs
[2026-04-04T06:24:57.667+0000] {logging_mixin.py:188} INFO - [2026-04-04T06:24:57.667+0000] {dag.py:3823} INFO - Setting next_dagrun for weekly_summary_pipeline to 2026-03-30 06:00:00+00:00, run_after=2026-04-06 06:00:00+00:00
[2026-04-04T06:24:57.713+0000] {processor.py:183} INFO - Processing /opt/airflow/dags/weekly_summary_pipeline.py took 0.138 seconds
[2026-04-04T06:25:28.488+0000] {processor.py:161} INFO - Started process (PID=2022) to work on /opt/airflow/dags/weekly_summary_pipeline.py
[2026-04-04T06:25:28.489+0000] {processor.py:830} INFO - Processing file /opt/airflow/dags/weekly_summary_pipeline.py for tasks to queue
[2026-04-04T06:25:28.490+0000] {logging_mixin.py:188} INFO - [2026-04-04T06:25:28.490+0000] {dagbag.py:538} INFO - Filling up the DagBag from /opt/airflow/dags/weekly_summary_pipeline.py
[2026-04-04T06:25:28.509+0000] {processor.py:840} INFO - DAG(s) 'weekly_summary_pipeline' retrieved from /opt/airflow/dags/weekly_summary_pipeline.py
[2026-04-04T06:25:28.541+0000] {logging_mixin.py:188} INFO - [2026-04-04T06:25:28.540+0000] {dag.py:3036} INFO - Sync 1 DAGs
[2026-04-04T06:25:28.563+0000] {logging_mixin.py:188} INFO - [2026-04-04T06:25:28.563+0000] {dag.py:3823} INFO - Setting next_dagrun for weekly_summary_pipeline to 2026-03-30 06:00:00+00:00, run_after=2026-04-06 06:00:00+00:00
[2026-04-04T06:25:28.585+0000] {processor.py:183} INFO - Processing /opt/airflow/dags/weekly_summary_pipeline.py took 0.101 seconds
[2026-04-04T06:25:59.372+0000] {processor.py:161} INFO - Started process (PID=2045) to work on /opt/airflow/dags/weekly_summary_pipeline.py
[2026-04-04T06:25:59.373+0000] {processor.py:830} INFO - Processing file /opt/airflow/dags/weekly_summary_pipeline.py for tasks to queue
[2026-04-04T06:25:59.373+0000] {logging_mixin.py:188} INFO - [2026-04-04T06:25:59.373+0000] {dagbag.py:538} INFO - Filling up the DagBag from /opt/airflow/dags/weekly_summary_pipeline.py
[2026-04-04T06:25:59.398+0000] {processor.py:840} INFO - DAG(s) 'weekly_summary_pipeline' retrieved from /opt/airflow/dags/weekly_summary_pipeline.py
[2026-04-04T06:25:59.434+0000] {logging_mixin.py:188} INFO - [2026-04-04T06:25:59.434+0000] {dag.py:3036} INFO - Sync 1 DAGs
[2026-04-04T06:25:59.464+0000] {logging_mixin.py:188} INFO - [2026-04-04T06:25:59.463+0000] {dag.py:3823} INFO - Setting next_dagrun for weekly_summary_pipeline to 2026-03-30 06:00:00+00:00, run_after=2026-04-06 06:00:00+00:00
[2026-04-04T06:25:59.489+0000] {processor.py:183} INFO - Processing /opt/airflow/dags/weekly_summary_pipeline.py took 0.120 seconds
[2026-04-04T06:26:30.229+0000] {processor.py:161} INFO - Started process (PID=2068) to work on /opt/airflow/dags/weekly_summary_pipeline.py
[2026-04-04T06:26:30.230+0000] {processor.py:830} INFO - Processing file /opt/airflow/dags/weekly_summary_pipeline.py for tasks to queue
[2026-04-04T06:26:30.231+0000] {logging_mixin.py:188} INFO - [2026-04-04T06:26:30.231+0000] {dagbag.py:538} INFO - Filling up the DagBag from /opt/airflow/dags/weekly_summary_pipeline.py
[2026-04-04T06:26:30.258+0000] {processor.py:840} INFO - DAG(s) 'weekly_summary_pipeline' retrieved from /opt/airflow/dags/weekly_summary_pipeline.py
[2026-04-04T06:26:30.295+0000] {logging_mixin.py:188} INFO - [2026-04-04T06:26:30.295+0000] {dag.py:3036} INFO - Sync 1 DAGs
[2026-04-04T06:26:30.322+0000] {logging_mixin.py:188} INFO - [2026-04-04T06:26:30.322+0000] {dag.py:3823} INFO - Setting next_dagrun for weekly_summary_pipeline to 2026-03-30 06:00:00+00:00, run_after=2026-04-06 06:00:00+00:00
[2026-04-04T06:26:30.342+0000] {processor.py:183} INFO - Processing /opt/airflow/dags/weekly_summary_pipeline.py took 0.116 seconds
[2026-04-04T06:27:01.041+0000] {processor.py:161} INFO - Started process (PID=2091) to work on /opt/airflow/dags/weekly_summary_pipeline.py
[2026-04-04T06:27:01.042+0000] {processor.py:830} INFO - Processing file /opt/airflow/dags/weekly_summary_pipeline.py for tasks to queue
[2026-04-04T06:27:01.043+0000] {logging_mixin.py:188} INFO - [2026-04-04T06:27:01.042+0000] {dagbag.py:538} INFO - Filling up the DagBag from /opt/airflow/dags/weekly_summary_pipeline.py
[2026-04-04T06:27:01.063+0000] {processor.py:840} INFO - DAG(s) 'weekly_summary_pipeline' retrieved from /opt/airflow/dags/weekly_summary_pipeline.py
[2026-04-04T06:27:01.090+0000] {logging_mixin.py:188} INFO - [2026-04-04T06:27:01.089+0000] {dag.py:3036} INFO - Sync 1 DAGs
[2026-04-04T06:27:01.112+0000] {logging_mixin.py:188} INFO - [2026-04-04T06:27:01.112+0000] {dag.py:3823} INFO - Setting next_dagrun for weekly_summary_pipeline to 2026-03-30 06:00:00+00:00, run_after=2026-04-06 06:00:00+00:00
[2026-04-04T06:27:01.141+0000] {processor.py:183} INFO - Processing /opt/airflow/dags/weekly_summary_pipeline.py took 0.104 seconds
[2026-04-04T06:27:31.761+0000] {processor.py:161} INFO - Started process (PID=2114) to work on /opt/airflow/dags/weekly_summary_pipeline.py
[2026-04-04T06:27:31.762+0000] {processor.py:830} INFO - Processing file /opt/airflow/dags/weekly_summary_pipeline.py for tasks to queue
[2026-04-04T06:27:31.763+0000] {logging_mixin.py:188} INFO - [2026-04-04T06:27:31.763+0000] {dagbag.py:538} INFO - Filling up the DagBag from /opt/airflow/dags/weekly_summary_pipeline.py
[2026-04-04T06:27:31.789+0000] {processor.py:840} INFO - DAG(s) 'weekly_summary_pipeline' retrieved from /opt/airflow/dags/weekly_summary_pipeline.py
[2026-04-04T06:27:31.816+0000] {logging_mixin.py:188} INFO - [2026-04-04T06:27:31.816+0000] {dag.py:3036} INFO - Sync 1 DAGs
[2026-04-04T06:27:31.837+0000] {logging_mixin.py:188} INFO - [2026-04-04T06:27:31.837+0000] {dag.py:3823} INFO - Setting next_dagrun for weekly_summary_pipeline to 2026-03-30 06:00:00+00:00, run_after=2026-04-06 06:00:00+00:00
[2026-04-04T06:27:31.858+0000] {processor.py:183} INFO - Processing /opt/airflow/dags/weekly_summary_pipeline.py took 0.100 seconds
[2026-04-04T06:28:02.603+0000] {processor.py:161} INFO - Started process (PID=2137) to work on /opt/airflow/dags/weekly_summary_pipeline.py
[2026-04-04T06:28:02.604+0000] {processor.py:830} INFO - Processing file /opt/airflow/dags/weekly_summary_pipeline.py for tasks to queue
[2026-04-04T06:28:02.605+0000] {logging_mixin.py:188} INFO - [2026-04-04T06:28:02.605+0000] {dagbag.py:538} INFO - Filling up the DagBag from /opt/airflow/dags/weekly_summary_pipeline.py
[2026-04-04T06:28:02.629+0000] {processor.py:840} INFO - DAG(s) 'weekly_summary_pipeline' retrieved from /opt/airflow/dags/weekly_summary_pipeline.py
[2026-04-04T06:28:02.660+0000] {logging_mixin.py:188} INFO - [2026-04-04T06:28:02.659+0000] {dag.py:3036} INFO - Sync 1 DAGs
[2026-04-04T06:28:02.685+0000] {logging_mixin.py:188} INFO - [2026-04-04T06:28:02.684+0000] {dag.py:3823} INFO - Setting next_dagrun for weekly_summary_pipeline to 2026-03-30 06:00:00+00:00, run_after=2026-04-06 06:00:00+00:00
[2026-04-04T06:28:02.707+0000] {processor.py:183} INFO - Processing /opt/airflow/dags/weekly_summary_pipeline.py took 0.107 seconds
[2026-04-04T06:28:33.474+0000] {processor.py:161} INFO - Started process (PID=2159) to work on /opt/airflow/dags/weekly_summary_pipeline.py
[2026-04-04T06:28:33.475+0000] {processor.py:830} INFO - Processing file /opt/airflow/dags/weekly_summary_pipeline.py for tasks to queue
[2026-04-04T06:28:33.477+0000] {logging_mixin.py:188} INFO - [2026-04-04T06:28:33.476+0000] {dagbag.py:538} INFO - Filling up the DagBag from /opt/airflow/dags/weekly_summary_pipeline.py
[2026-04-04T06:28:33.499+0000] {processor.py:840} INFO - DAG(s) 'weekly_summary_pipeline' retrieved from /opt/airflow/dags/weekly_summary_pipeline.py
[2026-04-04T06:28:33.530+0000] {logging_mixin.py:188} INFO - [2026-04-04T06:28:33.530+0000] {dag.py:3036} INFO - Sync 1 DAGs
[2026-04-04T06:28:33.555+0000] {logging_mixin.py:188} INFO - [2026-04-04T06:28:33.555+0000] {dag.py:3823} INFO - Setting next_dagrun for weekly_summary_pipeline to 2026-03-30 06:00:00+00:00, run_after=2026-04-06 06:00:00+00:00
[2026-04-04T06:28:33.577+0000] {processor.py:183} INFO - Processing /opt/airflow/dags/weekly_summary_pipeline.py took 0.105 seconds
[2026-04-04T06:29:04.256+0000] {processor.py:161} INFO - Started process (PID=2182) to work on /opt/airflow/dags/weekly_summary_pipeline.py
[2026-04-04T06:29:04.257+0000] {processor.py:830} INFO - Processing file /opt/airflow/dags/weekly_summary_pipeline.py for tasks to queue
[2026-04-04T06:29:04.257+0000] {logging_mixin.py:188} INFO - [2026-04-04T06:29:04.257+0000] {dagbag.py:538} INFO - Filling up the DagBag from /opt/airflow/dags/weekly_summary_pipeline.py
[2026-04-04T06:29:04.274+0000] {processor.py:840} INFO - DAG(s) 'weekly_summary_pipeline' retrieved from /opt/airflow/dags/weekly_summary_pipeline.py
[2026-04-04T06:29:04.302+0000] {logging_mixin.py:188} INFO - [2026-04-04T06:29:04.302+0000] {dag.py:3036} INFO - Sync 1 DAGs
[2026-04-04T06:29:04.324+0000] {logging_mixin.py:188} INFO - [2026-04-04T06:29:04.324+0000] {dag.py:3823} INFO - Setting next_dagrun for weekly_summary_pipeline to 2026-03-30 06:00:00+00:00, run_after=2026-04-06 06:00:00+00:00
[2026-04-04T06:29:04.343+0000] {processor.py:183} INFO - Processing /opt/airflow/dags/weekly_summary_pipeline.py took 0.090 seconds
[2026-04-04T06:29:34.463+0000] {processor.py:161} INFO - Started process (PID=2205) to work on /opt/airflow/dags/weekly_summary_pipeline.py
[2026-04-04T06:29:34.465+0000] {processor.py:830} INFO - Processing file /opt/airflow/dags/weekly_summary_pipeline.py for tasks to queue
[2026-04-04T06:29:34.466+0000] {logging_mixin.py:188} INFO - [2026-04-04T06:29:34.465+0000] {dagbag.py:538} INFO - Filling up the DagBag from /opt/airflow/dags/weekly_summary_pipeline.py
[2026-04-04T06:29:34.491+0000] {processor.py:840} INFO - DAG(s) 'weekly_summary_pipeline' retrieved from /opt/airflow/dags/weekly_summary_pipeline.py
[2026-04-04T06:29:34.522+0000] {logging_mixin.py:188} INFO - [2026-04-04T06:29:34.522+0000] {dag.py:3036} INFO - Sync 1 DAGs
[2026-04-04T06:29:34.547+0000] {logging_mixin.py:188} INFO - [2026-04-04T06:29:34.547+0000] {dag.py:3823} INFO - Setting next_dagrun for weekly_summary_pipeline to 2026-03-30 06:00:00+00:00, run_after=2026-04-06 06:00:00+00:00
[2026-04-04T06:29:34.576+0000] {processor.py:183} INFO - Processing /opt/airflow/dags/weekly_summary_pipeline.py took 0.116 seconds
[2026-04-04T06:30:04.735+0000] {processor.py:161} INFO - Started process (PID=2228) to work on /opt/airflow/dags/weekly_summary_pipeline.py
[2026-04-04T06:30:04.736+0000] {processor.py:830} INFO - Processing file /opt/airflow/dags/weekly_summary_pipeline.py for tasks to queue
[2026-04-04T06:30:04.738+0000] {logging_mixin.py:188} INFO - [2026-04-04T06:30:04.737+0000] {dagbag.py:538} INFO - Filling up the DagBag from /opt/airflow/dags/weekly_summary_pipeline.py
[2026-04-04T06:30:04.761+0000] {processor.py:840} INFO - DAG(s) 'weekly_summary_pipeline' retrieved from /opt/airflow/dags/weekly_summary_pipeline.py
[2026-04-04T06:30:04.786+0000] {logging_mixin.py:188} INFO - [2026-04-04T06:30:04.786+0000] {dag.py:3036} INFO - Sync 1 DAGs
[2026-04-04T06:30:04.807+0000] {logging_mixin.py:188} INFO - [2026-04-04T06:30:04.806+0000] {dag.py:3823} INFO - Setting next_dagrun for weekly_summary_pipeline to 2026-03-30 06:00:00+00:00, run_after=2026-04-06 06:00:00+00:00
[2026-04-04T06:30:04.824+0000] {processor.py:183} INFO - Processing /opt/airflow/dags/weekly_summary_pipeline.py took 0.092 seconds
[2026-04-04T06:30:35.450+0000] {processor.py:161} INFO - Started process (PID=2246) to work on /opt/airflow/dags/weekly_summary_pipeline.py
[2026-04-04T06:30:35.451+0000] {processor.py:830} INFO - Processing file /opt/airflow/dags/weekly_summary_pipeline.py for tasks to queue
[2026-04-04T06:30:35.452+0000] {logging_mixin.py:188} INFO - [2026-04-04T06:30:35.452+0000] {dagbag.py:538} INFO - Filling up the DagBag from /opt/airflow/dags/weekly_summary_pipeline.py
[2026-04-04T06:30:35.474+0000] {processor.py:840} INFO - DAG(s) 'weekly_summary_pipeline' retrieved from /opt/airflow/dags/weekly_summary_pipeline.py
[2026-04-04T06:30:35.503+0000] {logging_mixin.py:188} INFO - [2026-04-04T06:30:35.503+0000] {dag.py:3036} INFO - Sync 1 DAGs
[2026-04-04T06:30:35.527+0000] {logging_mixin.py:188} INFO - [2026-04-04T06:30:35.527+0000] {dag.py:3823} INFO - Setting next_dagrun for weekly_summary_pipeline to 2026-03-30 06:00:00+00:00, run_after=2026-04-06 06:00:00+00:00
[2026-04-04T06:30:35.551+0000] {processor.py:183} INFO - Processing /opt/airflow/dags/weekly_summary_pipeline.py took 0.104 seconds
[2026-04-04T06:31:06.322+0000] {processor.py:161} INFO - Started process (PID=2269) to work on /opt/airflow/dags/weekly_summary_pipeline.py
[2026-04-04T06:31:06.324+0000] {processor.py:830} INFO - Processing file /opt/airflow/dags/weekly_summary_pipeline.py for tasks to queue
[2026-04-04T06:31:06.325+0000] {logging_mixin.py:188} INFO - [2026-04-04T06:31:06.324+0000] {dagbag.py:538} INFO - Filling up the DagBag from /opt/airflow/dags/weekly_summary_pipeline.py
[2026-04-04T06:31:06.343+0000] {processor.py:840} INFO - DAG(s) 'weekly_summary_pipeline' retrieved from /opt/airflow/dags/weekly_summary_pipeline.py
[2026-04-04T06:31:06.370+0000] {logging_mixin.py:188} INFO - [2026-04-04T06:31:06.370+0000] {dag.py:3036} INFO - Sync 1 DAGs
[2026-04-04T06:31:06.393+0000] {logging_mixin.py:188} INFO - [2026-04-04T06:31:06.393+0000] {dag.py:3823} INFO - Setting next_dagrun for weekly_summary_pipeline to 2026-03-30 06:00:00+00:00, run_after=2026-04-06 06:00:00+00:00
[2026-04-04T06:31:06.656+0000] {processor.py:183} INFO - Processing /opt/airflow/dags/weekly_summary_pipeline.py took 0.337 seconds
[2026-04-04T06:31:37.401+0000] {processor.py:161} INFO - Started process (PID=2292) to work on /opt/airflow/dags/weekly_summary_pipeline.py
[2026-04-04T06:31:37.402+0000] {processor.py:830} INFO - Processing file /opt/airflow/dags/weekly_summary_pipeline.py for tasks to queue
[2026-04-04T06:31:37.403+0000] {logging_mixin.py:188} INFO - [2026-04-04T06:31:37.403+0000] {dagbag.py:538} INFO - Filling up the DagBag from /opt/airflow/dags/weekly_summary_pipeline.py
[2026-04-04T06:31:37.426+0000] {processor.py:840} INFO - DAG(s) 'weekly_summary_pipeline' retrieved from /opt/airflow/dags/weekly_summary_pipeline.py
[2026-04-04T06:31:37.461+0000] {logging_mixin.py:188} INFO - [2026-04-04T06:31:37.461+0000] {dag.py:3036} INFO - Sync 1 DAGs
[2026-04-04T06:31:37.485+0000] {logging_mixin.py:188} INFO - [2026-04-04T06:31:37.485+0000] {dag.py:3823} INFO - Setting next_dagrun for weekly_summary_pipeline to 2026-03-30 06:00:00+00:00, run_after=2026-04-06 06:00:00+00:00
[2026-04-04T06:31:37.506+0000] {processor.py:183} INFO - Processing /opt/airflow/dags/weekly_summary_pipeline.py took 0.107 seconds
[2026-04-04T06:32:08.194+0000] {processor.py:161} INFO - Started process (PID=2315) to work on /opt/airflow/dags/weekly_summary_pipeline.py
[2026-04-04T06:32:08.195+0000] {processor.py:830} INFO - Processing file /opt/airflow/dags/weekly_summary_pipeline.py for tasks to queue
[2026-04-04T06:32:08.196+0000] {logging_mixin.py:188} INFO - [2026-04-04T06:32:08.195+0000] {dagbag.py:538} INFO - Filling up the DagBag from /opt/airflow/dags/weekly_summary_pipeline.py
[2026-04-04T06:32:08.215+0000] {processor.py:840} INFO - DAG(s) 'weekly_summary_pipeline' retrieved from /opt/airflow/dags/weekly_summary_pipeline.py
[2026-04-04T06:32:08.243+0000] {logging_mixin.py:188} INFO - [2026-04-04T06:32:08.243+0000] {dag.py:3036} INFO - Sync 1 DAGs
[2026-04-04T06:32:08.266+0000] {logging_mixin.py:188} INFO - [2026-04-04T06:32:08.265+0000] {dag.py:3823} INFO - Setting next_dagrun for weekly_summary_pipeline to 2026-03-30 06:00:00+00:00, run_after=2026-04-06 06:00:00+00:00
[2026-04-04T06:32:08.285+0000] {processor.py:183} INFO - Processing /opt/airflow/dags/weekly_summary_pipeline.py took 0.094 seconds
[2026-04-04T06:32:38.997+0000] {processor.py:161} INFO - Started process (PID=2337) to work on /opt/airflow/dags/weekly_summary_pipeline.py
[2026-04-04T06:32:38.998+0000] {processor.py:830} INFO - Processing file /opt/airflow/dags/weekly_summary_pipeline.py for tasks to queue
[2026-04-04T06:32:39.000+0000] {logging_mixin.py:188} INFO - [2026-04-04T06:32:38.999+0000] {dagbag.py:538} INFO - Filling up the DagBag from /opt/airflow/dags/weekly_summary_pipeline.py
[2026-04-04T06:32:39.019+0000] {processor.py:840} INFO - DAG(s) 'weekly_summary_pipeline' retrieved from /opt/airflow/dags/weekly_summary_pipeline.py
[2026-04-04T06:32:39.050+0000] {logging_mixin.py:188} INFO - [2026-04-04T06:32:39.049+0000] {dag.py:3036} INFO - Sync 1 DAGs
[2026-04-04T06:32:39.073+0000] {logging_mixin.py:188} INFO - [2026-04-04T06:32:39.073+0000] {dag.py:3823} INFO - Setting next_dagrun for weekly_summary_pipeline to 2026-03-30 06:00:00+00:00, run_after=2026-04-06 06:00:00+00:00
[2026-04-04T06:32:39.095+0000] {processor.py:183} INFO - Processing /opt/airflow/dags/weekly_summary_pipeline.py took 0.101 seconds
[2026-04-04T06:33:09.797+0000] {processor.py:161} INFO - Started process (PID=2360) to work on /opt/airflow/dags/weekly_summary_pipeline.py
[2026-04-04T06:33:09.798+0000] {processor.py:830} INFO - Processing file /opt/airflow/dags/weekly_summary_pipeline.py for tasks to queue
[2026-04-04T06:33:09.799+0000] {logging_mixin.py:188} INFO - [2026-04-04T06:33:09.799+0000] {dagbag.py:538} INFO - Filling up the DagBag from /opt/airflow/dags/weekly_summary_pipeline.py
[2026-04-04T06:33:09.820+0000] {processor.py:840} INFO - DAG(s) 'weekly_summary_pipeline' retrieved from /opt/airflow/dags/weekly_summary_pipeline.py
[2026-04-04T06:33:09.851+0000] {logging_mixin.py:188} INFO - [2026-04-04T06:33:09.851+0000] {dag.py:3036} INFO - Sync 1 DAGs
[2026-04-04T06:33:09.875+0000] {logging_mixin.py:188} INFO - [2026-04-04T06:33:09.875+0000] {dag.py:3823} INFO - Setting next_dagrun for weekly_summary_pipeline to 2026-03-30 06:00:00+00:00, run_after=2026-04-06 06:00:00+00:00
[2026-04-04T06:33:09.894+0000] {processor.py:183} INFO - Processing /opt/airflow/dags/weekly_summary_pipeline.py took 0.100 seconds
[2026-04-04T06:33:40.433+0000] {processor.py:161} INFO - Started process (PID=2383) to work on /opt/airflow/dags/weekly_summary_pipeline.py
[2026-04-04T06:33:40.434+0000] {processor.py:830} INFO - Processing file /opt/airflow/dags/weekly_summary_pipeline.py for tasks to queue
[2026-04-04T06:33:40.435+0000] {logging_mixin.py:188} INFO - [2026-04-04T06:33:40.435+0000] {dagbag.py:538} INFO - Filling up the DagBag from /opt/airflow/dags/weekly_summary_pipeline.py
[2026-04-04T06:33:40.456+0000] {processor.py:840} INFO - DAG(s) 'weekly_summary_pipeline' retrieved from /opt/airflow/dags/weekly_summary_pipeline.py
[2026-04-04T06:33:40.485+0000] {logging_mixin.py:188} INFO - [2026-04-04T06:33:40.485+0000] {dag.py:3036} INFO - Sync 1 DAGs
[2026-04-04T06:33:40.513+0000] {logging_mixin.py:188} INFO - [2026-04-04T06:33:40.513+0000] {dag.py:3823} INFO - Setting next_dagrun for weekly_summary_pipeline to 2026-03-30 06:00:00+00:00, run_after=2026-04-06 06:00:00+00:00
[2026-04-04T06:33:40.535+0000] {processor.py:183} INFO - Processing /opt/airflow/dags/weekly_summary_pipeline.py took 0.105 seconds
[2026-04-04T06:34:11.120+0000] {processor.py:161} INFO - Started process (PID=2406) to work on /opt/airflow/dags/weekly_summary_pipeline.py
[2026-04-04T06:34:11.121+0000] {processor.py:830} INFO - Processing file /opt/airflow/dags/weekly_summary_pipeline.py for tasks to queue
[2026-04-04T06:34:11.122+0000] {logging_mixin.py:188} INFO - [2026-04-04T06:34:11.122+0000] {dagbag.py:538} INFO - Filling up the DagBag from /opt/airflow/dags/weekly_summary_pipeline.py
[2026-04-04T06:34:11.142+0000] {processor.py:840} INFO - DAG(s) 'weekly_summary_pipeline' retrieved from /opt/airflow/dags/weekly_summary_pipeline.py
[2026-04-04T06:34:11.168+0000] {logging_mixin.py:188} INFO - [2026-04-04T06:34:11.168+0000] {dag.py:3036} INFO - Sync 1 DAGs
[2026-04-04T06:34:11.191+0000] {logging_mixin.py:188} INFO - [2026-04-04T06:34:11.191+0000] {dag.py:3823} INFO - Setting next_dagrun for weekly_summary_pipeline to 2026-03-30 06:00:00+00:00, run_after=2026-04-06 06:00:00+00:00
[2026-04-04T06:34:11.216+0000] {processor.py:183} INFO - Processing /opt/airflow/dags/weekly_summary_pipeline.py took 0.098 seconds
[2026-04-04T06:34:41.812+0000] {processor.py:161} INFO - Started process (PID=2429) to work on /opt/airflow/dags/weekly_summary_pipeline.py
[2026-04-04T06:34:41.813+0000] {processor.py:830} INFO - Processing file /opt/airflow/dags/weekly_summary_pipeline.py for tasks to queue
[2026-04-04T06:34:41.814+0000] {logging_mixin.py:188} INFO - [2026-04-04T06:34:41.814+0000] {dagbag.py:538} INFO - Filling up the DagBag from /opt/airflow/dags/weekly_summary_pipeline.py
[2026-04-04T06:34:41.839+0000] {processor.py:840} INFO - DAG(s) 'weekly_summary_pipeline' retrieved from /opt/airflow/dags/weekly_summary_pipeline.py
[2026-04-04T06:34:41.875+0000] {logging_mixin.py:188} INFO - [2026-04-04T06:34:41.874+0000] {dag.py:3036} INFO - Sync 1 DAGs
[2026-04-04T06:34:41.899+0000] {logging_mixin.py:188} INFO - [2026-04-04T06:34:41.899+0000] {dag.py:3823} INFO - Setting next_dagrun for weekly_summary_pipeline to 2026-03-30 06:00:00+00:00, run_after=2026-04-06 06:00:00+00:00
[2026-04-04T06:34:41.921+0000] {processor.py:183} INFO - Processing /opt/airflow/dags/weekly_summary_pipeline.py took 0.117 seconds
[2026-04-04T06:35:11.990+0000] {processor.py:161} INFO - Started process (PID=2452) to work on /opt/airflow/dags/weekly_summary_pipeline.py
[2026-04-04T06:35:11.991+0000] {processor.py:830} INFO - Processing file /opt/airflow/dags/weekly_summary_pipeline.py for tasks to queue
[2026-04-04T06:35:11.991+0000] {logging_mixin.py:188} INFO - [2026-04-04T06:35:11.991+0000] {dagbag.py:538} INFO - Filling up the DagBag from /opt/airflow/dags/weekly_summary_pipeline.py
[2026-04-04T06:35:12.010+0000] {processor.py:840} INFO - DAG(s) 'weekly_summary_pipeline' retrieved from /opt/airflow/dags/weekly_summary_pipeline.py
[2026-04-04T06:35:12.036+0000] {logging_mixin.py:188} INFO - [2026-04-04T06:35:12.036+0000] {dag.py:3036} INFO - Sync 1 DAGs
[2026-04-04T06:35:12.059+0000] {logging_mixin.py:188} INFO - [2026-04-04T06:35:12.058+0000] {dag.py:3823} INFO - Setting next_dagrun for weekly_summary_pipeline to 2026-03-30 06:00:00+00:00, run_after=2026-04-06 06:00:00+00:00
[2026-04-04T06:35:12.077+0000] {processor.py:183} INFO - Processing /opt/airflow/dags/weekly_summary_pipeline.py took 0.090 seconds
[2026-04-04T06:35:43.034+0000] {processor.py:161} INFO - Started process (PID=2577) to work on /opt/airflow/dags/weekly_summary_pipeline.py
[2026-04-04T06:35:43.050+0000] {processor.py:830} INFO - Processing file /opt/airflow/dags/weekly_summary_pipeline.py for tasks to queue
[2026-04-04T06:35:43.059+0000] {logging_mixin.py:188} INFO - [2026-04-04T06:35:43.056+0000] {dagbag.py:538} INFO - Filling up the DagBag from /opt/airflow/dags/weekly_summary_pipeline.py
[2026-04-04T06:35:43.205+0000] {processor.py:840} INFO - DAG(s) 'weekly_summary_pipeline' retrieved from /opt/airflow/dags/weekly_summary_pipeline.py
[2026-04-04T06:35:43.317+0000] {logging_mixin.py:188} INFO - [2026-04-04T06:35:43.317+0000] {dag.py:3036} INFO - Sync 1 DAGs
[2026-04-04T06:35:43.383+0000] {logging_mixin.py:188} INFO - [2026-04-04T06:35:43.383+0000] {dag.py:3823} INFO - Setting next_dagrun for weekly_summary_pipeline to 2026-03-30 06:00:00+00:00, run_after=2026-04-06 06:00:00+00:00
[2026-04-04T06:35:43.447+0000] {processor.py:183} INFO - Processing /opt/airflow/dags/weekly_summary_pipeline.py took 0.487 seconds
[2026-04-04T06:36:14.046+0000] {processor.py:161} INFO - Started process (PID=2685) to work on /opt/airflow/dags/weekly_summary_pipeline.py
[2026-04-04T06:36:14.050+0000] {processor.py:830} INFO - Processing file /opt/airflow/dags/weekly_summary_pipeline.py for tasks to queue
[2026-04-04T06:36:14.051+0000] {logging_mixin.py:188} INFO - [2026-04-04T06:36:14.051+0000] {dagbag.py:538} INFO - Filling up the DagBag from /opt/airflow/dags/weekly_summary_pipeline.py
[2026-04-04T06:36:14.075+0000] {processor.py:840} INFO - DAG(s) 'weekly_summary_pipeline' retrieved from /opt/airflow/dags/weekly_summary_pipeline.py
[2026-04-04T06:36:14.119+0000] {logging_mixin.py:188} INFO - [2026-04-04T06:36:14.118+0000] {dag.py:3036} INFO - Sync 1 DAGs
[2026-04-04T06:36:14.143+0000] {logging_mixin.py:188} INFO - [2026-04-04T06:36:14.143+0000] {dag.py:3823} INFO - Setting next_dagrun for weekly_summary_pipeline to 2026-03-30 06:00:00+00:00, run_after=2026-04-06 06:00:00+00:00
[2026-04-04T06:36:14.167+0000] {processor.py:183} INFO - Processing /opt/airflow/dags/weekly_summary_pipeline.py took 0.124 seconds
[2026-04-04T06:36:44.774+0000] {processor.py:161} INFO - Started process (PID=2709) to work on /opt/airflow/dags/weekly_summary_pipeline.py
[2026-04-04T06:36:44.775+0000] {processor.py:830} INFO - Processing file /opt/airflow/dags/weekly_summary_pipeline.py for tasks to queue
[2026-04-04T06:36:44.776+0000] {logging_mixin.py:188} INFO - [2026-04-04T06:36:44.776+0000] {dagbag.py:538} INFO - Filling up the DagBag from /opt/airflow/dags/weekly_summary_pipeline.py
[2026-04-04T06:36:44.799+0000] {processor.py:840} INFO - DAG(s) 'weekly_summary_pipeline' retrieved from /opt/airflow/dags/weekly_summary_pipeline.py
[2026-04-04T06:36:44.827+0000] {logging_mixin.py:188} INFO - [2026-04-04T06:36:44.827+0000] {dag.py:3036} INFO - Sync 1 DAGs
[2026-04-04T06:36:44.851+0000] {logging_mixin.py:188} INFO - [2026-04-04T06:36:44.851+0000] {dag.py:3823} INFO - Setting next_dagrun for weekly_summary_pipeline to 2026-03-30 06:00:00+00:00, run_after=2026-04-06 06:00:00+00:00
[2026-04-04T06:36:44.871+0000] {processor.py:183} INFO - Processing /opt/airflow/dags/weekly_summary_pipeline.py took 0.101 seconds
[2026-04-04T06:37:15.532+0000] {processor.py:161} INFO - Started process (PID=2734) to work on /opt/airflow/dags/weekly_summary_pipeline.py
[2026-04-04T06:37:15.533+0000] {processor.py:830} INFO - Processing file /opt/airflow/dags/weekly_summary_pipeline.py for tasks to queue
[2026-04-04T06:37:15.534+0000] {logging_mixin.py:188} INFO - [2026-04-04T06:37:15.534+0000] {dagbag.py:538} INFO - Filling up the DagBag from /opt/airflow/dags/weekly_summary_pipeline.py
[2026-04-04T06:37:15.555+0000] {processor.py:840} INFO - DAG(s) 'weekly_summary_pipeline' retrieved from /opt/airflow/dags/weekly_summary_pipeline.py
[2026-04-04T06:37:15.588+0000] {logging_mixin.py:188} INFO - [2026-04-04T06:37:15.588+0000] {dag.py:3036} INFO - Sync 1 DAGs
[2026-04-04T06:37:15.613+0000] {logging_mixin.py:188} INFO - [2026-04-04T06:37:15.613+0000] {dag.py:3823} INFO - Setting next_dagrun for weekly_summary_pipeline to 2026-03-30 06:00:00+00:00, run_after=2026-04-06 06:00:00+00:00
[2026-04-04T06:37:15.641+0000] {processor.py:183} INFO - Processing /opt/airflow/dags/weekly_summary_pipeline.py took 0.112 seconds
[2026-04-04T06:37:45.826+0000] {processor.py:161} INFO - Started process (PID=2757) to work on /opt/airflow/dags/weekly_summary_pipeline.py
[2026-04-04T06:37:45.827+0000] {processor.py:830} INFO - Processing file /opt/airflow/dags/weekly_summary_pipeline.py for tasks to queue
[2026-04-04T06:37:45.828+0000] {logging_mixin.py:188} INFO - [2026-04-04T06:37:45.828+0000] {dagbag.py:538} INFO - Filling up the DagBag from /opt/airflow/dags/weekly_summary_pipeline.py
[2026-04-04T06:37:45.847+0000] {processor.py:840} INFO - DAG(s) 'weekly_summary_pipeline' retrieved from /opt/airflow/dags/weekly_summary_pipeline.py
[2026-04-04T06:37:45.872+0000] {logging_mixin.py:188} INFO - [2026-04-04T06:37:45.872+0000] {dag.py:3036} INFO - Sync 1 DAGs
[2026-04-04T06:37:46.027+0000] {logging_mixin.py:188} INFO - [2026-04-04T06:37:46.027+0000] {dag.py:3823} INFO - Setting next_dagrun for weekly_summary_pipeline to 2026-03-30 06:00:00+00:00, run_after=2026-04-06 06:00:00+00:00
[2026-04-04T06:37:46.055+0000] {processor.py:183} INFO - Processing /opt/airflow/dags/weekly_summary_pipeline.py took 0.232 seconds
[2026-04-04T06:38:16.442+0000] {processor.py:161} INFO - Started process (PID=2780) to work on /opt/airflow/dags/weekly_summary_pipeline.py
[2026-04-04T06:38:16.443+0000] {processor.py:830} INFO - Processing file /opt/airflow/dags/weekly_summary_pipeline.py for tasks to queue
[2026-04-04T06:38:16.444+0000] {logging_mixin.py:188} INFO - [2026-04-04T06:38:16.443+0000] {dagbag.py:538} INFO - Filling up the DagBag from /opt/airflow/dags/weekly_summary_pipeline.py
[2026-04-04T06:38:16.460+0000] {processor.py:840} INFO - DAG(s) 'weekly_summary_pipeline' retrieved from /opt/airflow/dags/weekly_summary_pipeline.py
[2026-04-04T06:38:16.489+0000] {logging_mixin.py:188} INFO - [2026-04-04T06:38:16.488+0000] {dag.py:3036} INFO - Sync 1 DAGs
[2026-04-04T06:38:16.512+0000] {logging_mixin.py:188} INFO - [2026-04-04T06:38:16.512+0000] {dag.py:3823} INFO - Setting next_dagrun for weekly_summary_pipeline to 2026-03-30 06:00:00+00:00, run_after=2026-04-06 06:00:00+00:00
[2026-04-04T06:38:16.535+0000] {processor.py:183} INFO - Processing /opt/airflow/dags/weekly_summary_pipeline.py took 0.096 seconds
[2026-04-04T06:38:47.250+0000] {processor.py:161} INFO - Started process (PID=2803) to work on /opt/airflow/dags/weekly_summary_pipeline.py
[2026-04-04T06:38:47.251+0000] {processor.py:830} INFO - Processing file /opt/airflow/dags/weekly_summary_pipeline.py for tasks to queue
[2026-04-04T06:38:47.252+0000] {logging_mixin.py:188} INFO - [2026-04-04T06:38:47.252+0000] {dagbag.py:538} INFO - Filling up the DagBag from /opt/airflow/dags/weekly_summary_pipeline.py
[2026-04-04T06:38:47.274+0000] {processor.py:840} INFO - DAG(s) 'weekly_summary_pipeline' retrieved from /opt/airflow/dags/weekly_summary_pipeline.py
[2026-04-04T06:38:47.303+0000] {logging_mixin.py:188} INFO - [2026-04-04T06:38:47.303+0000] {dag.py:3036} INFO - Sync 1 DAGs
[2026-04-04T06:38:47.330+0000] {logging_mixin.py:188} INFO - [2026-04-04T06:38:47.330+0000] {dag.py:3823} INFO - Setting next_dagrun for weekly_summary_pipeline to 2026-03-30 06:00:00+00:00, run_after=2026-04-06 06:00:00+00:00
[2026-04-04T06:38:47.352+0000] {processor.py:183} INFO - Processing /opt/airflow/dags/weekly_summary_pipeline.py took 0.105 seconds
[2026-04-04T06:39:18.059+0000] {processor.py:161} INFO - Started process (PID=2826) to work on /opt/airflow/dags/weekly_summary_pipeline.py
[2026-04-04T06:39:18.060+0000] {processor.py:830} INFO - Processing file /opt/airflow/dags/weekly_summary_pipeline.py for tasks to queue
[2026-04-04T06:39:18.061+0000] {logging_mixin.py:188} INFO - [2026-04-04T06:39:18.060+0000] {dagbag.py:538} INFO - Filling up the DagBag from /opt/airflow/dags/weekly_summary_pipeline.py
[2026-04-04T06:39:18.079+0000] {processor.py:840} INFO - DAG(s) 'weekly_summary_pipeline' retrieved from /opt/airflow/dags/weekly_summary_pipeline.py
[2026-04-04T06:39:18.104+0000] {logging_mixin.py:188} INFO - [2026-04-04T06:39:18.104+0000] {dag.py:3036} INFO - Sync 1 DAGs
[2026-04-04T06:39:18.267+0000] {logging_mixin.py:188} INFO - [2026-04-04T06:39:18.267+0000] {dag.py:3823} INFO - Setting next_dagrun for weekly_summary_pipeline to 2026-03-30 06:00:00+00:00, run_after=2026-04-06 06:00:00+00:00
[2026-04-04T06:39:18.290+0000] {processor.py:183} INFO - Processing /opt/airflow/dags/weekly_summary_pipeline.py took 0.234 seconds
[2026-04-04T06:39:48.975+0000] {processor.py:161} INFO - Started process (PID=2849) to work on /opt/airflow/dags/weekly_summary_pipeline.py
[2026-04-04T06:39:48.976+0000] {processor.py:830} INFO - Processing file /opt/airflow/dags/weekly_summary_pipeline.py for tasks to queue
[2026-04-04T06:39:48.977+0000] {logging_mixin.py:188} INFO - [2026-04-04T06:39:48.976+0000] {dagbag.py:538} INFO - Filling up the DagBag from /opt/airflow/dags/weekly_summary_pipeline.py
[2026-04-04T06:39:49.147+0000] {processor.py:840} INFO - DAG(s) 'weekly_summary_pipeline' retrieved from /opt/airflow/dags/weekly_summary_pipeline.py
[2026-04-04T06:39:49.172+0000] {logging_mixin.py:188} INFO - [2026-04-04T06:39:49.172+0000] {dag.py:3036} INFO - Sync 1 DAGs
[2026-04-04T06:39:49.196+0000] {logging_mixin.py:188} INFO - [2026-04-04T06:39:49.196+0000] {dag.py:3823} INFO - Setting next_dagrun for weekly_summary_pipeline to 2026-03-30 06:00:00+00:00, run_after=2026-04-06 06:00:00+00:00
[2026-04-04T06:39:49.215+0000] {processor.py:183} INFO - Processing /opt/airflow/dags/weekly_summary_pipeline.py took 0.243 seconds
[2026-04-04T06:40:19.712+0000] {processor.py:161} INFO - Started process (PID=2872) to work on /opt/airflow/dags/weekly_summary_pipeline.py
[2026-04-04T06:40:19.713+0000] {processor.py:830} INFO - Processing file /opt/airflow/dags/weekly_summary_pipeline.py for tasks to queue
[2026-04-04T06:40:19.714+0000] {logging_mixin.py:188} INFO - [2026-04-04T06:40:19.713+0000] {dagbag.py:538} INFO - Filling up the DagBag from /opt/airflow/dags/weekly_summary_pipeline.py
[2026-04-04T06:40:19.733+0000] {processor.py:840} INFO - DAG(s) 'weekly_summary_pipeline' retrieved from /opt/airflow/dags/weekly_summary_pipeline.py
[2026-04-04T06:40:19.762+0000] {logging_mixin.py:188} INFO - [2026-04-04T06:40:19.762+0000] {dag.py:3036} INFO - Sync 1 DAGs
[2026-04-04T06:40:19.785+0000] {logging_mixin.py:188} INFO - [2026-04-04T06:40:19.785+0000] {dag.py:3823} INFO - Setting next_dagrun for weekly_summary_pipeline to 2026-03-30 06:00:00+00:00, run_after=2026-04-06 06:00:00+00:00
[2026-04-04T06:40:19.805+0000] {processor.py:183} INFO - Processing /opt/airflow/dags/weekly_summary_pipeline.py took 0.096 seconds
[2026-04-04T06:40:49.897+0000] {processor.py:161} INFO - Started process (PID=2895) to work on /opt/airflow/dags/weekly_summary_pipeline.py
[2026-04-04T06:40:49.898+0000] {processor.py:830} INFO - Processing file /opt/airflow/dags/weekly_summary_pipeline.py for tasks to queue
[2026-04-04T06:40:49.898+0000] {logging_mixin.py:188} INFO - [2026-04-04T06:40:49.898+0000] {dagbag.py:538} INFO - Filling up the DagBag from /opt/airflow/dags/weekly_summary_pipeline.py
[2026-04-04T06:40:49.919+0000] {processor.py:840} INFO - DAG(s) 'weekly_summary_pipeline' retrieved from /opt/airflow/dags/weekly_summary_pipeline.py
[2026-04-04T06:40:49.947+0000] {logging_mixin.py:188} INFO - [2026-04-04T06:40:49.947+0000] {dag.py:3036} INFO - Sync 1 DAGs
[2026-04-04T06:40:49.969+0000] {logging_mixin.py:188} INFO - [2026-04-04T06:40:49.969+0000] {dag.py:3823} INFO - Setting next_dagrun for weekly_summary_pipeline to 2026-03-30 06:00:00+00:00, run_after=2026-04-06 06:00:00+00:00
[2026-04-04T06:40:49.991+0000] {processor.py:183} INFO - Processing /opt/airflow/dags/weekly_summary_pipeline.py took 0.097 seconds
[2026-04-04T06:41:20.132+0000] {processor.py:161} INFO - Started process (PID=2918) to work on /opt/airflow/dags/weekly_summary_pipeline.py
[2026-04-04T06:41:20.133+0000] {processor.py:830} INFO - Processing file /opt/airflow/dags/weekly_summary_pipeline.py for tasks to queue
[2026-04-04T06:41:20.134+0000] {logging_mixin.py:188} INFO - [2026-04-04T06:41:20.133+0000] {dagbag.py:538} INFO - Filling up the DagBag from /opt/airflow/dags/weekly_summary_pipeline.py
[2026-04-04T06:41:20.164+0000] {processor.py:840} INFO - DAG(s) 'weekly_summary_pipeline' retrieved from /opt/airflow/dags/weekly_summary_pipeline.py
[2026-04-04T06:41:20.197+0000] {logging_mixin.py:188} INFO - [2026-04-04T06:41:20.197+0000] {dag.py:3036} INFO - Sync 1 DAGs
[2026-04-04T06:41:20.220+0000] {logging_mixin.py:188} INFO - [2026-04-04T06:41:20.219+0000] {dag.py:3823} INFO - Setting next_dagrun for weekly_summary_pipeline to 2026-03-30 06:00:00+00:00, run_after=2026-04-06 06:00:00+00:00
[2026-04-04T06:41:20.239+0000] {processor.py:183} INFO - Processing /opt/airflow/dags/weekly_summary_pipeline.py took 0.111 seconds
[2026-04-04T06:41:50.818+0000] {processor.py:161} INFO - Started process (PID=2941) to work on /opt/airflow/dags/weekly_summary_pipeline.py
[2026-04-04T06:41:50.819+0000] {processor.py:830} INFO - Processing file /opt/airflow/dags/weekly_summary_pipeline.py for tasks to queue
[2026-04-04T06:41:50.820+0000] {logging_mixin.py:188} INFO - [2026-04-04T06:41:50.819+0000] {dagbag.py:538} INFO - Filling up the DagBag from /opt/airflow/dags/weekly_summary_pipeline.py
[2026-04-04T06:41:50.842+0000] {processor.py:840} INFO - DAG(s) 'weekly_summary_pipeline' retrieved from /opt/airflow/dags/weekly_summary_pipeline.py
[2026-04-04T06:41:50.870+0000] {logging_mixin.py:188} INFO - [2026-04-04T06:41:50.870+0000] {dag.py:3036} INFO - Sync 1 DAGs
[2026-04-04T06:41:50.893+0000] {logging_mixin.py:188} INFO - [2026-04-04T06:41:50.892+0000] {dag.py:3823} INFO - Setting next_dagrun for weekly_summary_pipeline to 2026-03-30 06:00:00+00:00, run_after=2026-04-06 06:00:00+00:00
[2026-04-04T06:41:50.916+0000] {processor.py:183} INFO - Processing /opt/airflow/dags/weekly_summary_pipeline.py took 0.101 seconds
[2026-04-04T06:42:21.637+0000] {processor.py:161} INFO - Started process (PID=2964) to work on /opt/airflow/dags/weekly_summary_pipeline.py
[2026-04-04T06:42:21.638+0000] {processor.py:830} INFO - Processing file /opt/airflow/dags/weekly_summary_pipeline.py for tasks to queue
[2026-04-04T06:42:21.640+0000] {logging_mixin.py:188} INFO - [2026-04-04T06:42:21.639+0000] {dagbag.py:538} INFO - Filling up the DagBag from /opt/airflow/dags/weekly_summary_pipeline.py
[2026-04-04T06:42:21.664+0000] {processor.py:840} INFO - DAG(s) 'weekly_summary_pipeline' retrieved from /opt/airflow/dags/weekly_summary_pipeline.py
[2026-04-04T06:42:21.699+0000] {logging_mixin.py:188} INFO - [2026-04-04T06:42:21.699+0000] {dag.py:3036} INFO - Sync 1 DAGs
[2026-04-04T06:42:21.725+0000] {logging_mixin.py:188} INFO - [2026-04-04T06:42:21.725+0000] {dag.py:3823} INFO - Setting next_dagrun for weekly_summary_pipeline to 2026-03-30 06:00:00+00:00, run_after=2026-04-06 06:00:00+00:00
[2026-04-04T06:42:21.751+0000] {processor.py:183} INFO - Processing /opt/airflow/dags/weekly_summary_pipeline.py took 0.117 seconds
[2026-04-04T06:42:51.800+0000] {processor.py:161} INFO - Started process (PID=2988) to work on /opt/airflow/dags/weekly_summary_pipeline.py
[2026-04-04T06:42:51.801+0000] {processor.py:830} INFO - Processing file /opt/airflow/dags/weekly_summary_pipeline.py for tasks to queue
[2026-04-04T06:42:51.802+0000] {logging_mixin.py:188} INFO - [2026-04-04T06:42:51.802+0000] {dagbag.py:538} INFO - Filling up the DagBag from /opt/airflow/dags/weekly_summary_pipeline.py
[2026-04-04T06:42:51.823+0000] {processor.py:840} INFO - DAG(s) 'weekly_summary_pipeline' retrieved from /opt/airflow/dags/weekly_summary_pipeline.py
[2026-04-04T06:42:51.854+0000] {logging_mixin.py:188} INFO - [2026-04-04T06:42:51.854+0000] {dag.py:3036} INFO - Sync 1 DAGs
[2026-04-04T06:42:51.878+0000] {logging_mixin.py:188} INFO - [2026-04-04T06:42:51.877+0000] {dag.py:3823} INFO - Setting next_dagrun for weekly_summary_pipeline to 2026-03-30 06:00:00+00:00, run_after=2026-04-06 06:00:00+00:00
[2026-04-04T06:42:51.902+0000] {processor.py:183} INFO - Processing /opt/airflow/dags/weekly_summary_pipeline.py took 0.105 seconds
[2026-04-04T06:43:22.632+0000] {processor.py:161} INFO - Started process (PID=3011) to work on /opt/airflow/dags/weekly_summary_pipeline.py
[2026-04-04T06:43:22.634+0000] {processor.py:830} INFO - Processing file /opt/airflow/dags/weekly_summary_pipeline.py for tasks to queue
[2026-04-04T06:43:22.634+0000] {logging_mixin.py:188} INFO - [2026-04-04T06:43:22.634+0000] {dagbag.py:538} INFO - Filling up the DagBag from /opt/airflow/dags/weekly_summary_pipeline.py
[2026-04-04T06:43:22.662+0000] {processor.py:840} INFO - DAG(s) 'weekly_summary_pipeline' retrieved from /opt/airflow/dags/weekly_summary_pipeline.py
[2026-04-04T06:43:22.702+0000] {logging_mixin.py:188} INFO - [2026-04-04T06:43:22.700+0000] {dag.py:3036} INFO - Sync 1 DAGs
[2026-04-04T06:43:22.738+0000] {logging_mixin.py:188} INFO - [2026-04-04T06:43:22.736+0000] {dag.py:3823} INFO - Setting next_dagrun for weekly_summary_pipeline to 2026-03-30 06:00:00+00:00, run_after=2026-04-06 06:00:00+00:00
[2026-04-04T06:43:22.778+0000] {processor.py:183} INFO - Processing /opt/airflow/dags/weekly_summary_pipeline.py took 0.150 seconds
[2026-04-04T06:43:53.442+0000] {processor.py:161} INFO - Started process (PID=3034) to work on /opt/airflow/dags/weekly_summary_pipeline.py
[2026-04-04T06:43:53.443+0000] {processor.py:830} INFO - Processing file /opt/airflow/dags/weekly_summary_pipeline.py for tasks to queue
[2026-04-04T06:43:53.444+0000] {logging_mixin.py:188} INFO - [2026-04-04T06:43:53.444+0000] {dagbag.py:538} INFO - Filling up the DagBag from /opt/airflow/dags/weekly_summary_pipeline.py
[2026-04-04T06:43:53.463+0000] {processor.py:840} INFO - DAG(s) 'weekly_summary_pipeline' retrieved from /opt/airflow/dags/weekly_summary_pipeline.py
[2026-04-04T06:43:53.493+0000] {logging_mixin.py:188} INFO - [2026-04-04T06:43:53.493+0000] {dag.py:3036} INFO - Sync 1 DAGs
[2026-04-04T06:43:53.515+0000] {logging_mixin.py:188} INFO - [2026-04-04T06:43:53.515+0000] {dag.py:3823} INFO - Setting next_dagrun for weekly_summary_pipeline to 2026-03-30 06:00:00+00:00, run_after=2026-04-06 06:00:00+00:00
[2026-04-04T06:43:53.537+0000] {processor.py:183} INFO - Processing /opt/airflow/dags/weekly_summary_pipeline.py took 0.098 seconds
[2026-04-04T06:44:23.722+0000] {processor.py:161} INFO - Started process (PID=3057) to work on /opt/airflow/dags/weekly_summary_pipeline.py
[2026-04-04T06:44:23.723+0000] {processor.py:830} INFO - Processing file /opt/airflow/dags/weekly_summary_pipeline.py for tasks to queue
[2026-04-04T06:44:23.724+0000] {logging_mixin.py:188} INFO - [2026-04-04T06:44:23.724+0000] {dagbag.py:538} INFO - Filling up the DagBag from /opt/airflow/dags/weekly_summary_pipeline.py
[2026-04-04T06:44:23.749+0000] {processor.py:840} INFO - DAG(s) 'weekly_summary_pipeline' retrieved from /opt/airflow/dags/weekly_summary_pipeline.py
[2026-04-04T06:44:23.779+0000] {logging_mixin.py:188} INFO - [2026-04-04T06:44:23.779+0000] {dag.py:3036} INFO - Sync 1 DAGs
[2026-04-04T06:44:23.803+0000] {logging_mixin.py:188} INFO - [2026-04-04T06:44:23.803+0000] {dag.py:3823} INFO - Setting next_dagrun for weekly_summary_pipeline to 2026-03-30 06:00:00+00:00, run_after=2026-04-06 06:00:00+00:00
[2026-04-04T06:44:23.835+0000] {processor.py:183} INFO - Processing /opt/airflow/dags/weekly_summary_pipeline.py took 0.117 seconds
[2026-04-04T06:44:53.989+0000] {processor.py:161} INFO - Started process (PID=3080) to work on /opt/airflow/dags/weekly_summary_pipeline.py
[2026-04-04T06:44:53.990+0000] {processor.py:830} INFO - Processing file /opt/airflow/dags/weekly_summary_pipeline.py for tasks to queue
[2026-04-04T06:44:53.991+0000] {logging_mixin.py:188} INFO - [2026-04-04T06:44:53.991+0000] {dagbag.py:538} INFO - Filling up the DagBag from /opt/airflow/dags/weekly_summary_pipeline.py
[2026-04-04T06:44:54.013+0000] {processor.py:840} INFO - DAG(s) 'weekly_summary_pipeline' retrieved from /opt/airflow/dags/weekly_summary_pipeline.py
[2026-04-04T06:44:54.042+0000] {logging_mixin.py:188} INFO - [2026-04-04T06:44:54.042+0000] {dag.py:3036} INFO - Sync 1 DAGs
[2026-04-04T06:44:54.068+0000] {logging_mixin.py:188} INFO - [2026-04-04T06:44:54.067+0000] {dag.py:3823} INFO - Setting next_dagrun for weekly_summary_pipeline to 2026-03-30 06:00:00+00:00, run_after=2026-04-06 06:00:00+00:00
[2026-04-04T06:44:54.100+0000] {processor.py:183} INFO - Processing /opt/airflow/dags/weekly_summary_pipeline.py took 0.114 seconds
[2026-04-04T06:45:24.257+0000] {processor.py:161} INFO - Started process (PID=3109) to work on /opt/airflow/dags/weekly_summary_pipeline.py
[2026-04-04T06:45:24.258+0000] {processor.py:830} INFO - Processing file /opt/airflow/dags/weekly_summary_pipeline.py for tasks to queue
[2026-04-04T06:45:24.259+0000] {logging_mixin.py:188} INFO - [2026-04-04T06:45:24.259+0000] {dagbag.py:538} INFO - Filling up the DagBag from /opt/airflow/dags/weekly_summary_pipeline.py
[2026-04-04T06:45:24.280+0000] {processor.py:840} INFO - DAG(s) 'weekly_summary_pipeline' retrieved from /opt/airflow/dags/weekly_summary_pipeline.py
[2026-04-04T06:45:24.304+0000] {logging_mixin.py:188} INFO - [2026-04-04T06:45:24.304+0000] {dag.py:3036} INFO - Sync 1 DAGs
[2026-04-04T06:45:24.327+0000] {logging_mixin.py:188} INFO - [2026-04-04T06:45:24.327+0000] {dag.py:3823} INFO - Setting next_dagrun for weekly_summary_pipeline to 2026-03-30 06:00:00+00:00, run_after=2026-04-06 06:00:00+00:00
[2026-04-04T06:45:24.346+0000] {processor.py:183} INFO - Processing /opt/airflow/dags/weekly_summary_pipeline.py took 0.092 seconds
[2026-04-04T06:45:54.410+0000] {processor.py:161} INFO - Started process (PID=3132) to work on /opt/airflow/dags/weekly_summary_pipeline.py
[2026-04-04T06:45:54.411+0000] {processor.py:830} INFO - Processing file /opt/airflow/dags/weekly_summary_pipeline.py for tasks to queue
[2026-04-04T06:45:54.412+0000] {logging_mixin.py:188} INFO - [2026-04-04T06:45:54.411+0000] {dagbag.py:538} INFO - Filling up the DagBag from /opt/airflow/dags/weekly_summary_pipeline.py
[2026-04-04T06:45:54.431+0000] {processor.py:840} INFO - DAG(s) 'weekly_summary_pipeline' retrieved from /opt/airflow/dags/weekly_summary_pipeline.py
[2026-04-04T06:45:54.457+0000] {logging_mixin.py:188} INFO - [2026-04-04T06:45:54.456+0000] {dag.py:3036} INFO - Sync 1 DAGs
[2026-04-04T06:45:54.477+0000] {logging_mixin.py:188} INFO - [2026-04-04T06:45:54.477+0000] {dag.py:3823} INFO - Setting next_dagrun for weekly_summary_pipeline to 2026-03-30 06:00:00+00:00, run_after=2026-04-06 06:00:00+00:00
[2026-04-04T06:45:54.498+0000] {processor.py:183} INFO - Processing /opt/airflow/dags/weekly_summary_pipeline.py took 0.091 seconds
[2026-04-04T06:46:25.144+0000] {processor.py:161} INFO - Started process (PID=3148) to work on /opt/airflow/dags/weekly_summary_pipeline.py
[2026-04-04T06:46:25.145+0000] {processor.py:830} INFO - Processing file /opt/airflow/dags/weekly_summary_pipeline.py for tasks to queue
[2026-04-04T06:46:25.147+0000] {logging_mixin.py:188} INFO - [2026-04-04T06:46:25.146+0000] {dagbag.py:538} INFO - Filling up the DagBag from /opt/airflow/dags/weekly_summary_pipeline.py
[2026-04-04T06:46:25.169+0000] {processor.py:840} INFO - DAG(s) 'weekly_summary_pipeline' retrieved from /opt/airflow/dags/weekly_summary_pipeline.py
[2026-04-04T06:46:25.200+0000] {logging_mixin.py:188} INFO - [2026-04-04T06:46:25.200+0000] {dag.py:3036} INFO - Sync 1 DAGs
[2026-04-04T06:46:25.227+0000] {logging_mixin.py:188} INFO - [2026-04-04T06:46:25.226+0000] {dag.py:3823} INFO - Setting next_dagrun for weekly_summary_pipeline to 2026-03-30 06:00:00+00:00, run_after=2026-04-06 06:00:00+00:00
[2026-04-04T06:46:25.252+0000] {processor.py:183} INFO - Processing /opt/airflow/dags/weekly_summary_pipeline.py took 0.110 seconds
[2026-04-04T06:46:55.611+0000] {processor.py:161} INFO - Started process (PID=3171) to work on /opt/airflow/dags/weekly_summary_pipeline.py
[2026-04-04T06:46:55.612+0000] {processor.py:830} INFO - Processing file /opt/airflow/dags/weekly_summary_pipeline.py for tasks to queue
[2026-04-04T06:46:55.613+0000] {logging_mixin.py:188} INFO - [2026-04-04T06:46:55.612+0000] {dagbag.py:538} INFO - Filling up the DagBag from /opt/airflow/dags/weekly_summary_pipeline.py
[2026-04-04T06:46:55.630+0000] {processor.py:840} INFO - DAG(s) 'weekly_summary_pipeline' retrieved from /opt/airflow/dags/weekly_summary_pipeline.py
[2026-04-04T06:46:55.655+0000] {logging_mixin.py:188} INFO - [2026-04-04T06:46:55.655+0000] {dag.py:3036} INFO - Sync 1 DAGs
[2026-04-04T06:46:55.680+0000] {logging_mixin.py:188} INFO - [2026-04-04T06:46:55.679+0000] {dag.py:3823} INFO - Setting next_dagrun for weekly_summary_pipeline to 2026-03-30 06:00:00+00:00, run_after=2026-04-06 06:00:00+00:00
[2026-04-04T06:46:55.706+0000] {processor.py:183} INFO - Processing /opt/airflow/dags/weekly_summary_pipeline.py took 0.097 seconds
[2026-04-04T06:47:26.177+0000] {processor.py:161} INFO - Started process (PID=3194) to work on /opt/airflow/dags/weekly_summary_pipeline.py
[2026-04-04T06:47:26.178+0000] {processor.py:830} INFO - Processing file /opt/airflow/dags/weekly_summary_pipeline.py for tasks to queue
[2026-04-04T06:47:26.179+0000] {logging_mixin.py:188} INFO - [2026-04-04T06:47:26.179+0000] {dagbag.py:538} INFO - Filling up the DagBag from /opt/airflow/dags/weekly_summary_pipeline.py
[2026-04-04T06:47:26.199+0000] {processor.py:840} INFO - DAG(s) 'weekly_summary_pipeline' retrieved from /opt/airflow/dags/weekly_summary_pipeline.py
[2026-04-04T06:47:26.241+0000] {logging_mixin.py:188} INFO - [2026-04-04T06:47:26.241+0000] {dag.py:3036} INFO - Sync 1 DAGs
[2026-04-04T06:47:26.272+0000] {logging_mixin.py:188} INFO - [2026-04-04T06:47:26.272+0000] {dag.py:3823} INFO - Setting next_dagrun for weekly_summary_pipeline to 2026-03-30 06:00:00+00:00, run_after=2026-04-06 06:00:00+00:00
[2026-04-04T06:47:26.292+0000] {processor.py:183} INFO - Processing /opt/airflow/dags/weekly_summary_pipeline.py took 0.117 seconds
[2026-04-04T06:47:57.028+0000] {processor.py:161} INFO - Started process (PID=3217) to work on /opt/airflow/dags/weekly_summary_pipeline.py
[2026-04-04T06:47:57.029+0000] {processor.py:830} INFO - Processing file /opt/airflow/dags/weekly_summary_pipeline.py for tasks to queue
[2026-04-04T06:47:57.030+0000] {logging_mixin.py:188} INFO - [2026-04-04T06:47:57.030+0000] {dagbag.py:538} INFO - Filling up the DagBag from /opt/airflow/dags/weekly_summary_pipeline.py
[2026-04-04T06:47:57.056+0000] {processor.py:840} INFO - DAG(s) 'weekly_summary_pipeline' retrieved from /opt/airflow/dags/weekly_summary_pipeline.py
[2026-04-04T06:47:57.089+0000] {logging_mixin.py:188} INFO - [2026-04-04T06:47:57.089+0000] {dag.py:3036} INFO - Sync 1 DAGs
[2026-04-04T06:47:57.113+0000] {logging_mixin.py:188} INFO - [2026-04-04T06:47:57.112+0000] {dag.py:3823} INFO - Setting next_dagrun for weekly_summary_pipeline to 2026-03-30 06:00:00+00:00, run_after=2026-04-06 06:00:00+00:00
[2026-04-04T06:47:57.136+0000] {processor.py:183} INFO - Processing /opt/airflow/dags/weekly_summary_pipeline.py took 0.110 seconds
[2026-04-04T06:48:27.837+0000] {processor.py:161} INFO - Started process (PID=3240) to work on /opt/airflow/dags/weekly_summary_pipeline.py
[2026-04-04T06:48:27.838+0000] {processor.py:830} INFO - Processing file /opt/airflow/dags/weekly_summary_pipeline.py for tasks to queue
[2026-04-04T06:48:27.839+0000] {logging_mixin.py:188} INFO - [2026-04-04T06:48:27.839+0000] {dagbag.py:538} INFO - Filling up the DagBag from /opt/airflow/dags/weekly_summary_pipeline.py
[2026-04-04T06:48:27.865+0000] {processor.py:840} INFO - DAG(s) 'weekly_summary_pipeline' retrieved from /opt/airflow/dags/weekly_summary_pipeline.py
[2026-04-04T06:48:27.898+0000] {logging_mixin.py:188} INFO - [2026-04-04T06:48:27.898+0000] {dag.py:3036} INFO - Sync 1 DAGs
[2026-04-04T06:48:27.927+0000] {logging_mixin.py:188} INFO - [2026-04-04T06:48:27.927+0000] {dag.py:3823} INFO - Setting next_dagrun for weekly_summary_pipeline to 2026-03-30 06:00:00+00:00, run_after=2026-04-06 06:00:00+00:00
[2026-04-04T06:48:27.947+0000] {processor.py:183} INFO - Processing /opt/airflow/dags/weekly_summary_pipeline.py took 0.112 seconds
[2026-04-04T06:48:58.728+0000] {processor.py:161} INFO - Started process (PID=3263) to work on /opt/airflow/dags/weekly_summary_pipeline.py
[2026-04-04T06:48:58.729+0000] {processor.py:830} INFO - Processing file /opt/airflow/dags/weekly_summary_pipeline.py for tasks to queue
[2026-04-04T06:48:58.730+0000] {logging_mixin.py:188} INFO - [2026-04-04T06:48:58.730+0000] {dagbag.py:538} INFO - Filling up the DagBag from /opt/airflow/dags/weekly_summary_pipeline.py
[2026-04-04T06:48:58.753+0000] {processor.py:840} INFO - DAG(s) 'weekly_summary_pipeline' retrieved from /opt/airflow/dags/weekly_summary_pipeline.py
[2026-04-04T06:48:58.787+0000] {logging_mixin.py:188} INFO - [2026-04-04T06:48:58.787+0000] {dag.py:3036} INFO - Sync 1 DAGs
[2026-04-04T06:48:58.814+0000] {logging_mixin.py:188} INFO - [2026-04-04T06:48:58.814+0000] {dag.py:3823} INFO - Setting next_dagrun for weekly_summary_pipeline to 2026-03-30 06:00:00+00:00, run_after=2026-04-06 06:00:00+00:00
[2026-04-04T06:48:58.837+0000] {processor.py:183} INFO - Processing /opt/airflow/dags/weekly_summary_pipeline.py took 0.112 seconds
[2026-04-04T06:49:29.567+0000] {processor.py:161} INFO - Started process (PID=3286) to work on /opt/airflow/dags/weekly_summary_pipeline.py
[2026-04-04T06:49:29.568+0000] {processor.py:830} INFO - Processing file /opt/airflow/dags/weekly_summary_pipeline.py for tasks to queue
[2026-04-04T06:49:29.569+0000] {logging_mixin.py:188} INFO - [2026-04-04T06:49:29.569+0000] {dagbag.py:538} INFO - Filling up the DagBag from /opt/airflow/dags/weekly_summary_pipeline.py
[2026-04-04T06:49:29.600+0000] {processor.py:840} INFO - DAG(s) 'weekly_summary_pipeline' retrieved from /opt/airflow/dags/weekly_summary_pipeline.py
[2026-04-04T06:49:29.635+0000] {logging_mixin.py:188} INFO - [2026-04-04T06:49:29.635+0000] {dag.py:3036} INFO - Sync 1 DAGs
[2026-04-04T06:49:29.664+0000] {logging_mixin.py:188} INFO - [2026-04-04T06:49:29.663+0000] {dag.py:3823} INFO - Setting next_dagrun for weekly_summary_pipeline to 2026-03-30 06:00:00+00:00, run_after=2026-04-06 06:00:00+00:00
[2026-04-04T06:49:29.686+0000] {processor.py:183} INFO - Processing /opt/airflow/dags/weekly_summary_pipeline.py took 0.121 seconds
[2026-04-04T06:49:59.803+0000] {processor.py:161} INFO - Started process (PID=3309) to work on /opt/airflow/dags/weekly_summary_pipeline.py
[2026-04-04T06:49:59.804+0000] {processor.py:830} INFO - Processing file /opt/airflow/dags/weekly_summary_pipeline.py for tasks to queue
[2026-04-04T06:49:59.805+0000] {logging_mixin.py:188} INFO - [2026-04-04T06:49:59.805+0000] {dagbag.py:538} INFO - Filling up the DagBag from /opt/airflow/dags/weekly_summary_pipeline.py
[2026-04-04T06:49:59.827+0000] {processor.py:840} INFO - DAG(s) 'weekly_summary_pipeline' retrieved from /opt/airflow/dags/weekly_summary_pipeline.py
[2026-04-04T06:49:59.855+0000] {logging_mixin.py:188} INFO - [2026-04-04T06:49:59.855+0000] {dag.py:3036} INFO - Sync 1 DAGs
[2026-04-04T06:49:59.878+0000] {logging_mixin.py:188} INFO - [2026-04-04T06:49:59.878+0000] {dag.py:3823} INFO - Setting next_dagrun for weekly_summary_pipeline to 2026-03-30 06:00:00+00:00, run_after=2026-04-06 06:00:00+00:00
[2026-04-04T06:49:59.899+0000] {processor.py:183} INFO - Processing /opt/airflow/dags/weekly_summary_pipeline.py took 0.099 seconds
[2026-04-04T06:50:30.020+0000] {processor.py:161} INFO - Started process (PID=3332) to work on /opt/airflow/dags/weekly_summary_pipeline.py
[2026-04-04T06:50:30.021+0000] {processor.py:830} INFO - Processing file /opt/airflow/dags/weekly_summary_pipeline.py for tasks to queue
[2026-04-04T06:50:30.022+0000] {logging_mixin.py:188} INFO - [2026-04-04T06:50:30.022+0000] {dagbag.py:538} INFO - Filling up the DagBag from /opt/airflow/dags/weekly_summary_pipeline.py
[2026-04-04T06:50:30.044+0000] {processor.py:840} INFO - DAG(s) 'weekly_summary_pipeline' retrieved from /opt/airflow/dags/weekly_summary_pipeline.py
[2026-04-04T06:50:30.080+0000] {logging_mixin.py:188} INFO - [2026-04-04T06:50:30.079+0000] {dag.py:3036} INFO - Sync 1 DAGs
[2026-04-04T06:50:30.106+0000] {logging_mixin.py:188} INFO - [2026-04-04T06:50:30.106+0000] {dag.py:3823} INFO - Setting next_dagrun for weekly_summary_pipeline to 2026-03-30 06:00:00+00:00, run_after=2026-04-06 06:00:00+00:00
[2026-04-04T06:50:30.130+0000] {processor.py:183} INFO - Processing /opt/airflow/dags/weekly_summary_pipeline.py took 0.114 seconds
[2026-04-04T06:51:00.243+0000] {processor.py:161} INFO - Started process (PID=3347) to work on /opt/airflow/dags/weekly_summary_pipeline.py
[2026-04-04T06:51:00.247+0000] {processor.py:830} INFO - Processing file /opt/airflow/dags/weekly_summary_pipeline.py for tasks to queue
[2026-04-04T06:51:00.249+0000] {logging_mixin.py:188} INFO - [2026-04-04T06:51:00.248+0000] {dagbag.py:538} INFO - Filling up the DagBag from /opt/airflow/dags/weekly_summary_pipeline.py
[2026-04-04T06:51:00.304+0000] {processor.py:840} INFO - DAG(s) 'weekly_summary_pipeline' retrieved from /opt/airflow/dags/weekly_summary_pipeline.py
[2026-04-04T06:51:00.374+0000] {logging_mixin.py:188} INFO - [2026-04-04T06:51:00.374+0000] {dag.py:3036} INFO - Sync 1 DAGs
[2026-04-04T06:51:00.421+0000] {logging_mixin.py:188} INFO - [2026-04-04T06:51:00.421+0000] {dag.py:3823} INFO - Setting next_dagrun for weekly_summary_pipeline to 2026-03-30 06:00:00+00:00, run_after=2026-04-06 06:00:00+00:00
[2026-04-04T06:51:00.466+0000] {processor.py:183} INFO - Processing /opt/airflow/dags/weekly_summary_pipeline.py took 0.227 seconds
[2026-04-04T06:51:30.768+0000] {processor.py:161} INFO - Started process (PID=3370) to work on /opt/airflow/dags/weekly_summary_pipeline.py
[2026-04-04T06:51:30.770+0000] {processor.py:830} INFO - Processing file /opt/airflow/dags/weekly_summary_pipeline.py for tasks to queue
[2026-04-04T06:51:30.775+0000] {logging_mixin.py:188} INFO - [2026-04-04T06:51:30.774+0000] {dagbag.py:538} INFO - Filling up the DagBag from /opt/airflow/dags/weekly_summary_pipeline.py
[2026-04-04T06:51:30.821+0000] {processor.py:840} INFO - DAG(s) 'weekly_summary_pipeline' retrieved from /opt/airflow/dags/weekly_summary_pipeline.py
[2026-04-04T06:51:30.890+0000] {logging_mixin.py:188} INFO - [2026-04-04T06:51:30.890+0000] {dag.py:3036} INFO - Sync 1 DAGs
[2026-04-04T06:51:30.963+0000] {logging_mixin.py:188} INFO - [2026-04-04T06:51:30.962+0000] {dag.py:3823} INFO - Setting next_dagrun for weekly_summary_pipeline to 2026-03-30 06:00:00+00:00, run_after=2026-04-06 06:00:00+00:00
[2026-04-04T06:51:30.999+0000] {processor.py:183} INFO - Processing /opt/airflow/dags/weekly_summary_pipeline.py took 0.238 seconds
[2026-04-04T06:52:01.255+0000] {processor.py:161} INFO - Started process (PID=3393) to work on /opt/airflow/dags/weekly_summary_pipeline.py
[2026-04-04T06:52:01.258+0000] {processor.py:830} INFO - Processing file /opt/airflow/dags/weekly_summary_pipeline.py for tasks to queue
[2026-04-04T06:52:01.260+0000] {logging_mixin.py:188} INFO - [2026-04-04T06:52:01.259+0000] {dagbag.py:538} INFO - Filling up the DagBag from /opt/airflow/dags/weekly_summary_pipeline.py
[2026-04-04T06:52:01.294+0000] {processor.py:840} INFO - DAG(s) 'weekly_summary_pipeline' retrieved from /opt/airflow/dags/weekly_summary_pipeline.py
[2026-04-04T06:52:01.340+0000] {logging_mixin.py:188} INFO - [2026-04-04T06:52:01.340+0000] {dag.py:3036} INFO - Sync 1 DAGs
[2026-04-04T06:52:01.376+0000] {logging_mixin.py:188} INFO - [2026-04-04T06:52:01.376+0000] {dag.py:3823} INFO - Setting next_dagrun for weekly_summary_pipeline to 2026-03-30 06:00:00+00:00, run_after=2026-04-06 06:00:00+00:00
[2026-04-04T06:52:01.421+0000] {processor.py:183} INFO - Processing /opt/airflow/dags/weekly_summary_pipeline.py took 0.172 seconds
[2026-04-04T06:52:31.477+0000] {processor.py:161} INFO - Started process (PID=3416) to work on /opt/airflow/dags/weekly_summary_pipeline.py
[2026-04-04T06:52:31.479+0000] {processor.py:830} INFO - Processing file /opt/airflow/dags/weekly_summary_pipeline.py for tasks to queue
[2026-04-04T06:52:31.480+0000] {logging_mixin.py:188} INFO - [2026-04-04T06:52:31.479+0000] {dagbag.py:538} INFO - Filling up the DagBag from /opt/airflow/dags/weekly_summary_pipeline.py
[2026-04-04T06:52:31.512+0000] {processor.py:840} INFO - DAG(s) 'weekly_summary_pipeline' retrieved from /opt/airflow/dags/weekly_summary_pipeline.py
[2026-04-04T06:52:31.571+0000] {logging_mixin.py:188} INFO - [2026-04-04T06:52:31.571+0000] {dag.py:3036} INFO - Sync 1 DAGs
[2026-04-04T06:52:31.617+0000] {logging_mixin.py:188} INFO - [2026-04-04T06:52:31.617+0000] {dag.py:3823} INFO - Setting next_dagrun for weekly_summary_pipeline to 2026-03-30 06:00:00+00:00, run_after=2026-04-06 06:00:00+00:00
[2026-04-04T06:52:31.672+0000] {processor.py:183} INFO - Processing /opt/airflow/dags/weekly_summary_pipeline.py took 0.198 seconds
[2026-04-04T06:53:01.747+0000] {processor.py:161} INFO - Started process (PID=3439) to work on /opt/airflow/dags/weekly_summary_pipeline.py
[2026-04-04T06:53:01.749+0000] {processor.py:830} INFO - Processing file /opt/airflow/dags/weekly_summary_pipeline.py for tasks to queue
[2026-04-04T06:53:01.750+0000] {logging_mixin.py:188} INFO - [2026-04-04T06:53:01.749+0000] {dagbag.py:538} INFO - Filling up the DagBag from /opt/airflow/dags/weekly_summary_pipeline.py
[2026-04-04T06:53:01.774+0000] {processor.py:840} INFO - DAG(s) 'weekly_summary_pipeline' retrieved from /opt/airflow/dags/weekly_summary_pipeline.py
[2026-04-04T06:53:01.809+0000] {logging_mixin.py:188} INFO - [2026-04-04T06:53:01.809+0000] {dag.py:3036} INFO - Sync 1 DAGs
[2026-04-04T06:53:01.838+0000] {logging_mixin.py:188} INFO - [2026-04-04T06:53:01.838+0000] {dag.py:3823} INFO - Setting next_dagrun for weekly_summary_pipeline to 2026-03-30 06:00:00+00:00, run_after=2026-04-06 06:00:00+00:00
[2026-04-04T06:53:01.871+0000] {processor.py:183} INFO - Processing /opt/airflow/dags/weekly_summary_pipeline.py took 0.126 seconds
[2026-04-04T06:53:31.994+0000] {processor.py:161} INFO - Started process (PID=3462) to work on /opt/airflow/dags/weekly_summary_pipeline.py
[2026-04-04T06:53:31.995+0000] {processor.py:830} INFO - Processing file /opt/airflow/dags/weekly_summary_pipeline.py for tasks to queue
[2026-04-04T06:53:31.997+0000] {logging_mixin.py:188} INFO - [2026-04-04T06:53:31.997+0000] {dagbag.py:538} INFO - Filling up the DagBag from /opt/airflow/dags/weekly_summary_pipeline.py
[2026-04-04T06:53:32.027+0000] {processor.py:840} INFO - DAG(s) 'weekly_summary_pipeline' retrieved from /opt/airflow/dags/weekly_summary_pipeline.py
[2026-04-04T06:53:32.063+0000] {logging_mixin.py:188} INFO - [2026-04-04T06:53:32.062+0000] {dag.py:3036} INFO - Sync 1 DAGs
[2026-04-04T06:53:32.092+0000] {logging_mixin.py:188} INFO - [2026-04-04T06:53:32.091+0000] {dag.py:3823} INFO - Setting next_dagrun for weekly_summary_pipeline to 2026-03-30 06:00:00+00:00, run_after=2026-04-06 06:00:00+00:00
[2026-04-04T06:53:32.121+0000] {processor.py:183} INFO - Processing /opt/airflow/dags/weekly_summary_pipeline.py took 0.130 seconds
[2026-04-04T06:54:02.404+0000] {processor.py:161} INFO - Started process (PID=3487) to work on /opt/airflow/dags/weekly_summary_pipeline.py
[2026-04-04T06:54:02.407+0000] {processor.py:830} INFO - Processing file /opt/airflow/dags/weekly_summary_pipeline.py for tasks to queue
[2026-04-04T06:54:02.408+0000] {logging_mixin.py:188} INFO - [2026-04-04T06:54:02.407+0000] {dagbag.py:538} INFO - Filling up the DagBag from /opt/airflow/dags/weekly_summary_pipeline.py
[2026-04-04T06:54:02.447+0000] {processor.py:840} INFO - DAG(s) 'weekly_summary_pipeline' retrieved from /opt/airflow/dags/weekly_summary_pipeline.py
[2026-04-04T06:54:02.499+0000] {logging_mixin.py:188} INFO - [2026-04-04T06:54:02.499+0000] {dag.py:3036} INFO - Sync 1 DAGs
[2026-04-04T06:54:02.543+0000] {logging_mixin.py:188} INFO - [2026-04-04T06:54:02.543+0000] {dag.py:3823} INFO - Setting next_dagrun for weekly_summary_pipeline to 2026-03-30 06:00:00+00:00, run_after=2026-04-06 06:00:00+00:00
[2026-04-04T06:54:02.585+0000] {processor.py:183} INFO - Processing /opt/airflow/dags/weekly_summary_pipeline.py took 0.185 seconds
[2026-04-04T06:57:04.516+0000] {processor.py:161} INFO - Started process (PID=179) to work on /opt/airflow/dags/weekly_summary_pipeline.py
[2026-04-04T06:57:04.517+0000] {processor.py:830} INFO - Processing file /opt/airflow/dags/weekly_summary_pipeline.py for tasks to queue
[2026-04-04T06:57:04.519+0000] {logging_mixin.py:188} INFO - [2026-04-04T06:57:04.518+0000] {dagbag.py:538} INFO - Filling up the DagBag from /opt/airflow/dags/weekly_summary_pipeline.py
[2026-04-04T06:57:04.549+0000] {processor.py:840} INFO - DAG(s) 'weekly_summary_pipeline' retrieved from /opt/airflow/dags/weekly_summary_pipeline.py
[2026-04-04T06:57:04.590+0000] {logging_mixin.py:188} INFO - [2026-04-04T06:57:04.590+0000] {dag.py:3036} INFO - Sync 1 DAGs
[2026-04-04T06:57:04.620+0000] {logging_mixin.py:188} INFO - [2026-04-04T06:57:04.620+0000] {dag.py:3823} INFO - Setting next_dagrun for weekly_summary_pipeline to 2026-03-30 06:00:00+00:00, run_after=2026-04-06 06:00:00+00:00
[2026-04-04T06:57:04.651+0000] {processor.py:183} INFO - Processing /opt/airflow/dags/weekly_summary_pipeline.py took 0.138 seconds
[2026-04-04T06:57:34.807+0000] {processor.py:161} INFO - Started process (PID=203) to work on /opt/airflow/dags/weekly_summary_pipeline.py
[2026-04-04T06:57:34.810+0000] {processor.py:830} INFO - Processing file /opt/airflow/dags/weekly_summary_pipeline.py for tasks to queue
[2026-04-04T06:57:34.811+0000] {logging_mixin.py:188} INFO - [2026-04-04T06:57:34.811+0000] {dagbag.py:538} INFO - Filling up the DagBag from /opt/airflow/dags/weekly_summary_pipeline.py
[2026-04-04T06:57:34.851+0000] {processor.py:840} INFO - DAG(s) 'weekly_summary_pipeline' retrieved from /opt/airflow/dags/weekly_summary_pipeline.py
[2026-04-04T06:57:35.050+0000] {logging_mixin.py:188} INFO - [2026-04-04T06:57:35.050+0000] {dag.py:3036} INFO - Sync 1 DAGs
[2026-04-04T06:57:35.078+0000] {logging_mixin.py:188} INFO - [2026-04-04T06:57:35.078+0000] {dag.py:3823} INFO - Setting next_dagrun for weekly_summary_pipeline to 2026-03-30 06:00:00+00:00, run_after=2026-04-06 06:00:00+00:00
[2026-04-04T06:57:35.104+0000] {processor.py:183} INFO - Processing /opt/airflow/dags/weekly_summary_pipeline.py took 0.302 seconds
[2026-04-04T06:58:05.211+0000] {processor.py:161} INFO - Started process (PID=227) to work on /opt/airflow/dags/weekly_summary_pipeline.py
[2026-04-04T06:58:05.212+0000] {processor.py:830} INFO - Processing file /opt/airflow/dags/weekly_summary_pipeline.py for tasks to queue
[2026-04-04T06:58:05.214+0000] {logging_mixin.py:188} INFO - [2026-04-04T06:58:05.213+0000] {dagbag.py:538} INFO - Filling up the DagBag from /opt/airflow/dags/weekly_summary_pipeline.py
[2026-04-04T06:58:05.247+0000] {processor.py:840} INFO - DAG(s) 'weekly_summary_pipeline' retrieved from /opt/airflow/dags/weekly_summary_pipeline.py
[2026-04-04T06:58:05.290+0000] {logging_mixin.py:188} INFO - [2026-04-04T06:58:05.289+0000] {dag.py:3036} INFO - Sync 1 DAGs
[2026-04-04T06:58:05.328+0000] {logging_mixin.py:188} INFO - [2026-04-04T06:58:05.327+0000] {dag.py:3823} INFO - Setting next_dagrun for weekly_summary_pipeline to 2026-03-30 06:00:00+00:00, run_after=2026-04-06 06:00:00+00:00
[2026-04-04T06:58:05.361+0000] {processor.py:183} INFO - Processing /opt/airflow/dags/weekly_summary_pipeline.py took 0.154 seconds
[2026-04-04T06:58:35.529+0000] {processor.py:161} INFO - Started process (PID=250) to work on /opt/airflow/dags/weekly_summary_pipeline.py
[2026-04-04T06:58:35.530+0000] {processor.py:830} INFO - Processing file /opt/airflow/dags/weekly_summary_pipeline.py for tasks to queue
[2026-04-04T06:58:35.532+0000] {logging_mixin.py:188} INFO - [2026-04-04T06:58:35.531+0000] {dagbag.py:538} INFO - Filling up the DagBag from /opt/airflow/dags/weekly_summary_pipeline.py
[2026-04-04T06:58:35.567+0000] {processor.py:840} INFO - DAG(s) 'weekly_summary_pipeline' retrieved from /opt/airflow/dags/weekly_summary_pipeline.py
[2026-04-04T06:58:35.613+0000] {logging_mixin.py:188} INFO - [2026-04-04T06:58:35.613+0000] {dag.py:3036} INFO - Sync 1 DAGs
[2026-04-04T06:58:35.643+0000] {logging_mixin.py:188} INFO - [2026-04-04T06:58:35.643+0000] {dag.py:3823} INFO - Setting next_dagrun for weekly_summary_pipeline to 2026-03-30 06:00:00+00:00, run_after=2026-04-06 06:00:00+00:00
[2026-04-04T06:58:35.669+0000] {processor.py:183} INFO - Processing /opt/airflow/dags/weekly_summary_pipeline.py took 0.145 seconds
[2026-04-04T06:59:05.835+0000] {processor.py:161} INFO - Started process (PID=273) to work on /opt/airflow/dags/weekly_summary_pipeline.py
[2026-04-04T06:59:05.838+0000] {processor.py:830} INFO - Processing file /opt/airflow/dags/weekly_summary_pipeline.py for tasks to queue
[2026-04-04T06:59:05.841+0000] {logging_mixin.py:188} INFO - [2026-04-04T06:59:05.840+0000] {dagbag.py:538} INFO - Filling up the DagBag from /opt/airflow/dags/weekly_summary_pipeline.py
[2026-04-04T06:59:05.866+0000] {processor.py:840} INFO - DAG(s) 'weekly_summary_pipeline' retrieved from /opt/airflow/dags/weekly_summary_pipeline.py
[2026-04-04T06:59:05.900+0000] {logging_mixin.py:188} INFO - [2026-04-04T06:59:05.900+0000] {dag.py:3036} INFO - Sync 1 DAGs
[2026-04-04T06:59:05.929+0000] {logging_mixin.py:188} INFO - [2026-04-04T06:59:05.929+0000] {dag.py:3823} INFO - Setting next_dagrun for weekly_summary_pipeline to 2026-03-30 06:00:00+00:00, run_after=2026-04-06 06:00:00+00:00
[2026-04-04T06:59:05.960+0000] {processor.py:183} INFO - Processing /opt/airflow/dags/weekly_summary_pipeline.py took 0.131 seconds
[2026-04-04T06:59:36.129+0000] {processor.py:161} INFO - Started process (PID=297) to work on /opt/airflow/dags/weekly_summary_pipeline.py
[2026-04-04T06:59:36.130+0000] {processor.py:830} INFO - Processing file /opt/airflow/dags/weekly_summary_pipeline.py for tasks to queue
[2026-04-04T06:59:36.132+0000] {logging_mixin.py:188} INFO - [2026-04-04T06:59:36.131+0000] {dagbag.py:538} INFO - Filling up the DagBag from /opt/airflow/dags/weekly_summary_pipeline.py
[2026-04-04T06:59:36.164+0000] {processor.py:840} INFO - DAG(s) 'weekly_summary_pipeline' retrieved from /opt/airflow/dags/weekly_summary_pipeline.py
[2026-04-04T06:59:36.199+0000] {logging_mixin.py:188} INFO - [2026-04-04T06:59:36.199+0000] {dag.py:3036} INFO - Sync 1 DAGs
[2026-04-04T06:59:36.228+0000] {logging_mixin.py:188} INFO - [2026-04-04T06:59:36.228+0000] {dag.py:3823} INFO - Setting next_dagrun for weekly_summary_pipeline to 2026-03-30 06:00:00+00:00, run_after=2026-04-06 06:00:00+00:00
[2026-04-04T06:59:36.259+0000] {processor.py:183} INFO - Processing /opt/airflow/dags/weekly_summary_pipeline.py took 0.135 seconds
[2026-04-04T07:00:06.352+0000] {processor.py:161} INFO - Started process (PID=320) to work on /opt/airflow/dags/weekly_summary_pipeline.py
[2026-04-04T07:00:06.354+0000] {processor.py:830} INFO - Processing file /opt/airflow/dags/weekly_summary_pipeline.py for tasks to queue
[2026-04-04T07:00:06.356+0000] {logging_mixin.py:188} INFO - [2026-04-04T07:00:06.355+0000] {dagbag.py:538} INFO - Filling up the DagBag from /opt/airflow/dags/weekly_summary_pipeline.py
[2026-04-04T07:00:06.401+0000] {processor.py:840} INFO - DAG(s) 'weekly_summary_pipeline' retrieved from /opt/airflow/dags/weekly_summary_pipeline.py
[2026-04-04T07:00:06.479+0000] {logging_mixin.py:188} INFO - [2026-04-04T07:00:06.478+0000] {dag.py:3036} INFO - Sync 1 DAGs
[2026-04-04T07:00:06.530+0000] {logging_mixin.py:188} INFO - [2026-04-04T07:00:06.529+0000] {dag.py:3823} INFO - Setting next_dagrun for weekly_summary_pipeline to 2026-03-30 06:00:00+00:00, run_after=2026-04-06 06:00:00+00:00
[2026-04-04T07:00:06.568+0000] {processor.py:183} INFO - Processing /opt/airflow/dags/weekly_summary_pipeline.py took 0.219 seconds
[2026-04-04T07:00:36.757+0000] {processor.py:161} INFO - Started process (PID=343) to work on /opt/airflow/dags/weekly_summary_pipeline.py
[2026-04-04T07:00:36.759+0000] {processor.py:830} INFO - Processing file /opt/airflow/dags/weekly_summary_pipeline.py for tasks to queue
[2026-04-04T07:00:36.760+0000] {logging_mixin.py:188} INFO - [2026-04-04T07:00:36.760+0000] {dagbag.py:538} INFO - Filling up the DagBag from /opt/airflow/dags/weekly_summary_pipeline.py
[2026-04-04T07:00:36.796+0000] {processor.py:840} INFO - DAG(s) 'weekly_summary_pipeline' retrieved from /opt/airflow/dags/weekly_summary_pipeline.py
[2026-04-04T07:00:36.839+0000] {logging_mixin.py:188} INFO - [2026-04-04T07:00:36.839+0000] {dag.py:3036} INFO - Sync 1 DAGs
[2026-04-04T07:00:36.872+0000] {logging_mixin.py:188} INFO - [2026-04-04T07:00:36.872+0000] {dag.py:3823} INFO - Setting next_dagrun for weekly_summary_pipeline to 2026-03-30 06:00:00+00:00, run_after=2026-04-06 06:00:00+00:00
[2026-04-04T07:00:36.905+0000] {processor.py:183} INFO - Processing /opt/airflow/dags/weekly_summary_pipeline.py took 0.152 seconds
[2026-04-04T07:01:07.308+0000] {processor.py:161} INFO - Started process (PID=451) to work on /opt/airflow/dags/weekly_summary_pipeline.py
[2026-04-04T07:01:07.313+0000] {processor.py:830} INFO - Processing file /opt/airflow/dags/weekly_summary_pipeline.py for tasks to queue
[2026-04-04T07:01:07.322+0000] {logging_mixin.py:188} INFO - [2026-04-04T07:01:07.316+0000] {dagbag.py:538} INFO - Filling up the DagBag from /opt/airflow/dags/weekly_summary_pipeline.py
[2026-04-04T07:01:07.775+0000] {processor.py:840} INFO - DAG(s) 'weekly_summary_pipeline' retrieved from /opt/airflow/dags/weekly_summary_pipeline.py
[2026-04-04T07:01:08.154+0000] {logging_mixin.py:188} INFO - [2026-04-04T07:01:08.153+0000] {dag.py:3036} INFO - Sync 1 DAGs
[2026-04-04T07:01:08.494+0000] {logging_mixin.py:188} INFO - [2026-04-04T07:01:08.494+0000] {dag.py:3823} INFO - Setting next_dagrun for weekly_summary_pipeline to 2026-03-30 06:00:00+00:00, run_after=2026-04-06 06:00:00+00:00
[2026-04-04T07:01:08.587+0000] {processor.py:183} INFO - Processing /opt/airflow/dags/weekly_summary_pipeline.py took 1.334 seconds
[2026-04-04T07:01:38.711+0000] {processor.py:161} INFO - Started process (PID=586) to work on /opt/airflow/dags/weekly_summary_pipeline.py
[2026-04-04T07:01:38.712+0000] {processor.py:830} INFO - Processing file /opt/airflow/dags/weekly_summary_pipeline.py for tasks to queue
[2026-04-04T07:01:38.713+0000] {logging_mixin.py:188} INFO - [2026-04-04T07:01:38.713+0000] {dagbag.py:538} INFO - Filling up the DagBag from /opt/airflow/dags/weekly_summary_pipeline.py
[2026-04-04T07:01:38.753+0000] {processor.py:840} INFO - DAG(s) 'weekly_summary_pipeline' retrieved from /opt/airflow/dags/weekly_summary_pipeline.py
[2026-04-04T07:01:38.813+0000] {logging_mixin.py:188} INFO - [2026-04-04T07:01:38.813+0000] {dag.py:3036} INFO - Sync 1 DAGs
[2026-04-04T07:01:38.856+0000] {logging_mixin.py:188} INFO - [2026-04-04T07:01:38.855+0000] {dag.py:3823} INFO - Setting next_dagrun for weekly_summary_pipeline to 2026-03-30 06:00:00+00:00, run_after=2026-04-06 06:00:00+00:00
[2026-04-04T07:01:38.896+0000] {processor.py:183} INFO - Processing /opt/airflow/dags/weekly_summary_pipeline.py took 0.189 seconds
[2026-04-04T07:02:09.118+0000] {processor.py:161} INFO - Started process (PID=609) to work on /opt/airflow/dags/weekly_summary_pipeline.py
[2026-04-04T07:02:09.120+0000] {processor.py:830} INFO - Processing file /opt/airflow/dags/weekly_summary_pipeline.py for tasks to queue
[2026-04-04T07:02:09.123+0000] {logging_mixin.py:188} INFO - [2026-04-04T07:02:09.121+0000] {dagbag.py:538} INFO - Filling up the DagBag from /opt/airflow/dags/weekly_summary_pipeline.py
[2026-04-04T07:02:09.158+0000] {processor.py:840} INFO - DAG(s) 'weekly_summary_pipeline' retrieved from /opt/airflow/dags/weekly_summary_pipeline.py
[2026-04-04T07:02:09.199+0000] {logging_mixin.py:188} INFO - [2026-04-04T07:02:09.199+0000] {dag.py:3036} INFO - Sync 1 DAGs
[2026-04-04T07:02:09.232+0000] {logging_mixin.py:188} INFO - [2026-04-04T07:02:09.231+0000] {dag.py:3823} INFO - Setting next_dagrun for weekly_summary_pipeline to 2026-03-30 06:00:00+00:00, run_after=2026-04-06 06:00:00+00:00
[2026-04-04T07:02:09.270+0000] {processor.py:183} INFO - Processing /opt/airflow/dags/weekly_summary_pipeline.py took 0.159 seconds
[2026-04-04T07:02:39.387+0000] {processor.py:161} INFO - Started process (PID=632) to work on /opt/airflow/dags/weekly_summary_pipeline.py
[2026-04-04T07:02:39.389+0000] {processor.py:830} INFO - Processing file /opt/airflow/dags/weekly_summary_pipeline.py for tasks to queue
[2026-04-04T07:02:39.390+0000] {logging_mixin.py:188} INFO - [2026-04-04T07:02:39.390+0000] {dagbag.py:538} INFO - Filling up the DagBag from /opt/airflow/dags/weekly_summary_pipeline.py
[2026-04-04T07:02:39.432+0000] {processor.py:840} INFO - DAG(s) 'weekly_summary_pipeline' retrieved from /opt/airflow/dags/weekly_summary_pipeline.py
[2026-04-04T07:02:39.476+0000] {logging_mixin.py:188} INFO - [2026-04-04T07:02:39.476+0000] {dag.py:3036} INFO - Sync 1 DAGs
[2026-04-04T07:02:39.515+0000] {logging_mixin.py:188} INFO - [2026-04-04T07:02:39.515+0000] {dag.py:3823} INFO - Setting next_dagrun for weekly_summary_pipeline to 2026-03-30 06:00:00+00:00, run_after=2026-04-06 06:00:00+00:00
[2026-04-04T07:02:39.556+0000] {processor.py:183} INFO - Processing /opt/airflow/dags/weekly_summary_pipeline.py took 0.174 seconds
[2026-04-04T07:03:09.656+0000] {processor.py:161} INFO - Started process (PID=647) to work on /opt/airflow/dags/weekly_summary_pipeline.py
[2026-04-04T07:03:09.659+0000] {processor.py:830} INFO - Processing file /opt/airflow/dags/weekly_summary_pipeline.py for tasks to queue
[2026-04-04T07:03:09.661+0000] {logging_mixin.py:188} INFO - [2026-04-04T07:03:09.661+0000] {dagbag.py:538} INFO - Filling up the DagBag from /opt/airflow/dags/weekly_summary_pipeline.py
[2026-04-04T07:03:09.700+0000] {processor.py:840} INFO - DAG(s) 'weekly_summary_pipeline' retrieved from /opt/airflow/dags/weekly_summary_pipeline.py
[2026-04-04T07:03:09.778+0000] {logging_mixin.py:188} INFO - [2026-04-04T07:03:09.777+0000] {dag.py:3036} INFO - Sync 1 DAGs
[2026-04-04T07:03:09.849+0000] {logging_mixin.py:188} INFO - [2026-04-04T07:03:09.849+0000] {dag.py:3823} INFO - Setting next_dagrun for weekly_summary_pipeline to 2026-03-30 06:00:00+00:00, run_after=2026-04-06 06:00:00+00:00
[2026-04-04T07:03:09.899+0000] {processor.py:183} INFO - Processing /opt/airflow/dags/weekly_summary_pipeline.py took 0.250 seconds
[2026-04-04T07:03:40.045+0000] {processor.py:161} INFO - Started process (PID=667) to work on /opt/airflow/dags/weekly_summary_pipeline.py
[2026-04-04T07:03:40.046+0000] {processor.py:830} INFO - Processing file /opt/airflow/dags/weekly_summary_pipeline.py for tasks to queue
[2026-04-04T07:03:40.047+0000] {logging_mixin.py:188} INFO - [2026-04-04T07:03:40.047+0000] {dagbag.py:538} INFO - Filling up the DagBag from /opt/airflow/dags/weekly_summary_pipeline.py
[2026-04-04T07:03:40.080+0000] {processor.py:840} INFO - DAG(s) 'weekly_summary_pipeline' retrieved from /opt/airflow/dags/weekly_summary_pipeline.py
[2026-04-04T07:03:40.122+0000] {logging_mixin.py:188} INFO - [2026-04-04T07:03:40.121+0000] {dag.py:3036} INFO - Sync 1 DAGs
[2026-04-04T07:03:40.158+0000] {logging_mixin.py:188} INFO - [2026-04-04T07:03:40.158+0000] {dag.py:3823} INFO - Setting next_dagrun for weekly_summary_pipeline to 2026-03-30 06:00:00+00:00, run_after=2026-04-06 06:00:00+00:00
[2026-04-04T07:03:40.200+0000] {processor.py:183} INFO - Processing /opt/airflow/dags/weekly_summary_pipeline.py took 0.164 seconds
[2026-04-04T07:04:10.313+0000] {processor.py:161} INFO - Started process (PID=889) to work on /opt/airflow/dags/weekly_summary_pipeline.py
[2026-04-04T07:04:10.314+0000] {processor.py:830} INFO - Processing file /opt/airflow/dags/weekly_summary_pipeline.py for tasks to queue
[2026-04-04T07:04:10.315+0000] {logging_mixin.py:188} INFO - [2026-04-04T07:04:10.315+0000] {dagbag.py:538} INFO - Filling up the DagBag from /opt/airflow/dags/weekly_summary_pipeline.py
[2026-04-04T07:04:10.350+0000] {processor.py:840} INFO - DAG(s) 'weekly_summary_pipeline' retrieved from /opt/airflow/dags/weekly_summary_pipeline.py
[2026-04-04T07:04:10.386+0000] {logging_mixin.py:188} INFO - [2026-04-04T07:04:10.386+0000] {dag.py:3036} INFO - Sync 1 DAGs
[2026-04-04T07:04:10.422+0000] {logging_mixin.py:188} INFO - [2026-04-04T07:04:10.422+0000] {dag.py:3823} INFO - Setting next_dagrun for weekly_summary_pipeline to 2026-03-30 06:00:00+00:00, run_after=2026-04-06 06:00:00+00:00
[2026-04-04T07:04:10.460+0000] {processor.py:183} INFO - Processing /opt/airflow/dags/weekly_summary_pipeline.py took 0.150 seconds
[2026-04-04T07:04:40.630+0000] {processor.py:161} INFO - Started process (PID=912) to work on /opt/airflow/dags/weekly_summary_pipeline.py
[2026-04-04T07:04:40.631+0000] {processor.py:830} INFO - Processing file /opt/airflow/dags/weekly_summary_pipeline.py for tasks to queue
[2026-04-04T07:04:40.633+0000] {logging_mixin.py:188} INFO - [2026-04-04T07:04:40.632+0000] {dagbag.py:538} INFO - Filling up the DagBag from /opt/airflow/dags/weekly_summary_pipeline.py
[2026-04-04T07:04:40.666+0000] {processor.py:840} INFO - DAG(s) 'weekly_summary_pipeline' retrieved from /opt/airflow/dags/weekly_summary_pipeline.py
[2026-04-04T07:04:40.700+0000] {logging_mixin.py:188} INFO - [2026-04-04T07:04:40.699+0000] {dag.py:3036} INFO - Sync 1 DAGs
[2026-04-04T07:04:40.727+0000] {logging_mixin.py:188} INFO - [2026-04-04T07:04:40.727+0000] {dag.py:3823} INFO - Setting next_dagrun for weekly_summary_pipeline to 2026-03-30 06:00:00+00:00, run_after=2026-04-06 06:00:00+00:00
[2026-04-04T07:04:40.753+0000] {processor.py:183} INFO - Processing /opt/airflow/dags/weekly_summary_pipeline.py took 0.126 seconds
[2026-04-04T07:05:10.877+0000] {processor.py:161} INFO - Started process (PID=935) to work on /opt/airflow/dags/weekly_summary_pipeline.py
[2026-04-04T07:05:10.878+0000] {processor.py:830} INFO - Processing file /opt/airflow/dags/weekly_summary_pipeline.py for tasks to queue
[2026-04-04T07:05:10.880+0000] {logging_mixin.py:188} INFO - [2026-04-04T07:05:10.879+0000] {dagbag.py:538} INFO - Filling up the DagBag from /opt/airflow/dags/weekly_summary_pipeline.py
[2026-04-04T07:05:10.912+0000] {processor.py:840} INFO - DAG(s) 'weekly_summary_pipeline' retrieved from /opt/airflow/dags/weekly_summary_pipeline.py
[2026-04-04T07:05:10.947+0000] {logging_mixin.py:188} INFO - [2026-04-04T07:05:10.947+0000] {dag.py:3036} INFO - Sync 1 DAGs
[2026-04-04T07:05:10.980+0000] {logging_mixin.py:188} INFO - [2026-04-04T07:05:10.980+0000] {dag.py:3823} INFO - Setting next_dagrun for weekly_summary_pipeline to 2026-03-30 06:00:00+00:00, run_after=2026-04-06 06:00:00+00:00
[2026-04-04T07:05:11.008+0000] {processor.py:183} INFO - Processing /opt/airflow/dags/weekly_summary_pipeline.py took 0.134 seconds
[2026-04-04T07:05:41.099+0000] {processor.py:161} INFO - Started process (PID=958) to work on /opt/airflow/dags/weekly_summary_pipeline.py
[2026-04-04T07:05:41.101+0000] {processor.py:830} INFO - Processing file /opt/airflow/dags/weekly_summary_pipeline.py for tasks to queue
[2026-04-04T07:05:41.103+0000] {logging_mixin.py:188} INFO - [2026-04-04T07:05:41.103+0000] {dagbag.py:538} INFO - Filling up the DagBag from /opt/airflow/dags/weekly_summary_pipeline.py
[2026-04-04T07:05:41.130+0000] {processor.py:840} INFO - DAG(s) 'weekly_summary_pipeline' retrieved from /opt/airflow/dags/weekly_summary_pipeline.py
[2026-04-04T07:05:41.167+0000] {logging_mixin.py:188} INFO - [2026-04-04T07:05:41.167+0000] {dag.py:3036} INFO - Sync 1 DAGs
[2026-04-04T07:05:41.201+0000] {logging_mixin.py:188} INFO - [2026-04-04T07:05:41.200+0000] {dag.py:3823} INFO - Setting next_dagrun for weekly_summary_pipeline to 2026-03-30 06:00:00+00:00, run_after=2026-04-06 06:00:00+00:00
[2026-04-04T07:05:41.234+0000] {processor.py:183} INFO - Processing /opt/airflow/dags/weekly_summary_pipeline.py took 0.141 seconds
[2026-04-04T07:06:11.407+0000] {processor.py:161} INFO - Started process (PID=984) to work on /opt/airflow/dags/weekly_summary_pipeline.py
[2026-04-04T07:06:11.408+0000] {processor.py:830} INFO - Processing file /opt/airflow/dags/weekly_summary_pipeline.py for tasks to queue
[2026-04-04T07:06:11.409+0000] {logging_mixin.py:188} INFO - [2026-04-04T07:06:11.409+0000] {dagbag.py:538} INFO - Filling up the DagBag from /opt/airflow/dags/weekly_summary_pipeline.py
[2026-04-04T07:06:11.440+0000] {processor.py:840} INFO - DAG(s) 'weekly_summary_pipeline' retrieved from /opt/airflow/dags/weekly_summary_pipeline.py
[2026-04-04T07:06:11.477+0000] {logging_mixin.py:188} INFO - [2026-04-04T07:06:11.476+0000] {dag.py:3036} INFO - Sync 1 DAGs
[2026-04-04T07:06:11.510+0000] {logging_mixin.py:188} INFO - [2026-04-04T07:06:11.510+0000] {dag.py:3823} INFO - Setting next_dagrun for weekly_summary_pipeline to 2026-03-30 06:00:00+00:00, run_after=2026-04-06 06:00:00+00:00
[2026-04-04T07:06:11.544+0000] {processor.py:183} INFO - Processing /opt/airflow/dags/weekly_summary_pipeline.py took 0.140 seconds
[2026-04-04T07:06:42.077+0000] {processor.py:161} INFO - Started process (PID=1009) to work on /opt/airflow/dags/weekly_summary_pipeline.py
[2026-04-04T07:06:42.078+0000] {processor.py:830} INFO - Processing file /opt/airflow/dags/weekly_summary_pipeline.py for tasks to queue
[2026-04-04T07:06:42.079+0000] {logging_mixin.py:188} INFO - [2026-04-04T07:06:42.079+0000] {dagbag.py:538} INFO - Filling up the DagBag from /opt/airflow/dags/weekly_summary_pipeline.py
[2026-04-04T07:06:42.110+0000] {processor.py:840} INFO - DAG(s) 'weekly_summary_pipeline' retrieved from /opt/airflow/dags/weekly_summary_pipeline.py
[2026-04-04T07:06:42.143+0000] {logging_mixin.py:188} INFO - [2026-04-04T07:06:42.143+0000] {dag.py:3036} INFO - Sync 1 DAGs
[2026-04-04T07:06:42.169+0000] {logging_mixin.py:188} INFO - [2026-04-04T07:06:42.169+0000] {dag.py:3823} INFO - Setting next_dagrun for weekly_summary_pipeline to 2026-03-30 06:00:00+00:00, run_after=2026-04-06 06:00:00+00:00
[2026-04-04T07:06:42.214+0000] {processor.py:183} INFO - Processing /opt/airflow/dags/weekly_summary_pipeline.py took 0.139 seconds
[2026-04-04T07:07:13.085+0000] {processor.py:161} INFO - Started process (PID=1032) to work on /opt/airflow/dags/weekly_summary_pipeline.py
[2026-04-04T07:07:13.086+0000] {processor.py:830} INFO - Processing file /opt/airflow/dags/weekly_summary_pipeline.py for tasks to queue
[2026-04-04T07:07:13.087+0000] {logging_mixin.py:188} INFO - [2026-04-04T07:07:13.087+0000] {dagbag.py:538} INFO - Filling up the DagBag from /opt/airflow/dags/weekly_summary_pipeline.py
[2026-04-04T07:07:13.111+0000] {processor.py:840} INFO - DAG(s) 'weekly_summary_pipeline' retrieved from /opt/airflow/dags/weekly_summary_pipeline.py
[2026-04-04T07:07:13.146+0000] {logging_mixin.py:188} INFO - [2026-04-04T07:07:13.145+0000] {dag.py:3036} INFO - Sync 1 DAGs
[2026-04-04T07:07:13.170+0000] {logging_mixin.py:188} INFO - [2026-04-04T07:07:13.170+0000] {dag.py:3823} INFO - Setting next_dagrun for weekly_summary_pipeline to 2026-03-30 06:00:00+00:00, run_after=2026-04-06 06:00:00+00:00
[2026-04-04T07:07:13.195+0000] {processor.py:183} INFO - Processing /opt/airflow/dags/weekly_summary_pipeline.py took 0.115 seconds
[2026-04-04T07:07:43.250+0000] {processor.py:161} INFO - Started process (PID=1056) to work on /opt/airflow/dags/weekly_summary_pipeline.py
[2026-04-04T07:07:43.251+0000] {processor.py:830} INFO - Processing file /opt/airflow/dags/weekly_summary_pipeline.py for tasks to queue
[2026-04-04T07:07:43.252+0000] {logging_mixin.py:188} INFO - [2026-04-04T07:07:43.251+0000] {dagbag.py:538} INFO - Filling up the DagBag from /opt/airflow/dags/weekly_summary_pipeline.py
[2026-04-04T07:07:43.277+0000] {processor.py:840} INFO - DAG(s) 'weekly_summary_pipeline' retrieved from /opt/airflow/dags/weekly_summary_pipeline.py
[2026-04-04T07:07:43.309+0000] {logging_mixin.py:188} INFO - [2026-04-04T07:07:43.309+0000] {dag.py:3036} INFO - Sync 1 DAGs
[2026-04-04T07:07:43.340+0000] {logging_mixin.py:188} INFO - [2026-04-04T07:07:43.340+0000] {dag.py:3823} INFO - Setting next_dagrun for weekly_summary_pipeline to 2026-03-30 06:00:00+00:00, run_after=2026-04-06 06:00:00+00:00
[2026-04-04T07:07:43.362+0000] {processor.py:183} INFO - Processing /opt/airflow/dags/weekly_summary_pipeline.py took 0.115 seconds
[2026-04-04T07:08:13.568+0000] {processor.py:161} INFO - Started process (PID=1084) to work on /opt/airflow/dags/weekly_summary_pipeline.py
[2026-04-04T07:08:13.569+0000] {processor.py:830} INFO - Processing file /opt/airflow/dags/weekly_summary_pipeline.py for tasks to queue
[2026-04-04T07:08:13.570+0000] {logging_mixin.py:188} INFO - [2026-04-04T07:08:13.570+0000] {dagbag.py:538} INFO - Filling up the DagBag from /opt/airflow/dags/weekly_summary_pipeline.py
[2026-04-04T07:08:13.600+0000] {processor.py:840} INFO - DAG(s) 'weekly_summary_pipeline' retrieved from /opt/airflow/dags/weekly_summary_pipeline.py
[2026-04-04T07:08:13.640+0000] {logging_mixin.py:188} INFO - [2026-04-04T07:08:13.640+0000] {dag.py:3036} INFO - Sync 1 DAGs
[2026-04-04T07:08:13.668+0000] {logging_mixin.py:188} INFO - [2026-04-04T07:08:13.668+0000] {dag.py:3823} INFO - Setting next_dagrun for weekly_summary_pipeline to 2026-03-30 06:00:00+00:00, run_after=2026-04-06 06:00:00+00:00
[2026-04-04T07:08:13.699+0000] {processor.py:183} INFO - Processing /opt/airflow/dags/weekly_summary_pipeline.py took 0.133 seconds
[2026-04-04T07:08:43.765+0000] {processor.py:161} INFO - Started process (PID=1102) to work on /opt/airflow/dags/weekly_summary_pipeline.py
[2026-04-04T07:08:43.767+0000] {processor.py:830} INFO - Processing file /opt/airflow/dags/weekly_summary_pipeline.py for tasks to queue
[2026-04-04T07:08:43.768+0000] {logging_mixin.py:188} INFO - [2026-04-04T07:08:43.768+0000] {dagbag.py:538} INFO - Filling up the DagBag from /opt/airflow/dags/weekly_summary_pipeline.py
[2026-04-04T07:08:43.792+0000] {processor.py:840} INFO - DAG(s) 'weekly_summary_pipeline' retrieved from /opt/airflow/dags/weekly_summary_pipeline.py
[2026-04-04T07:08:43.822+0000] {logging_mixin.py:188} INFO - [2026-04-04T07:08:43.821+0000] {dag.py:3036} INFO - Sync 1 DAGs
[2026-04-04T07:08:43.848+0000] {logging_mixin.py:188} INFO - [2026-04-04T07:08:43.847+0000] {dag.py:3823} INFO - Setting next_dagrun for weekly_summary_pipeline to 2026-03-30 06:00:00+00:00, run_after=2026-04-06 06:00:00+00:00
[2026-04-04T07:08:43.867+0000] {processor.py:183} INFO - Processing /opt/airflow/dags/weekly_summary_pipeline.py took 0.105 seconds
[2026-04-04T07:09:13.926+0000] {processor.py:161} INFO - Started process (PID=1125) to work on /opt/airflow/dags/weekly_summary_pipeline.py
[2026-04-04T07:09:13.927+0000] {processor.py:830} INFO - Processing file /opt/airflow/dags/weekly_summary_pipeline.py for tasks to queue
[2026-04-04T07:09:13.928+0000] {logging_mixin.py:188} INFO - [2026-04-04T07:09:13.928+0000] {dagbag.py:538} INFO - Filling up the DagBag from /opt/airflow/dags/weekly_summary_pipeline.py
[2026-04-04T07:09:13.957+0000] {processor.py:840} INFO - DAG(s) 'weekly_summary_pipeline' retrieved from /opt/airflow/dags/weekly_summary_pipeline.py
[2026-04-04T07:09:13.992+0000] {logging_mixin.py:188} INFO - [2026-04-04T07:09:13.991+0000] {dag.py:3036} INFO - Sync 1 DAGs
[2026-04-04T07:09:14.022+0000] {logging_mixin.py:188} INFO - [2026-04-04T07:09:14.022+0000] {dag.py:3823} INFO - Setting next_dagrun for weekly_summary_pipeline to 2026-03-30 06:00:00+00:00, run_after=2026-04-06 06:00:00+00:00
[2026-04-04T07:09:14.047+0000] {processor.py:183} INFO - Processing /opt/airflow/dags/weekly_summary_pipeline.py took 0.125 seconds
[2026-04-04T07:09:44.087+0000] {processor.py:161} INFO - Started process (PID=1140) to work on /opt/airflow/dags/weekly_summary_pipeline.py
[2026-04-04T07:09:44.088+0000] {processor.py:830} INFO - Processing file /opt/airflow/dags/weekly_summary_pipeline.py for tasks to queue
[2026-04-04T07:09:44.089+0000] {logging_mixin.py:188} INFO - [2026-04-04T07:09:44.089+0000] {dagbag.py:538} INFO - Filling up the DagBag from /opt/airflow/dags/weekly_summary_pipeline.py
[2026-04-04T07:09:44.112+0000] {processor.py:840} INFO - DAG(s) 'weekly_summary_pipeline' retrieved from /opt/airflow/dags/weekly_summary_pipeline.py
[2026-04-04T07:09:44.143+0000] {logging_mixin.py:188} INFO - [2026-04-04T07:09:44.143+0000] {dag.py:3036} INFO - Sync 1 DAGs
[2026-04-04T07:09:44.167+0000] {logging_mixin.py:188} INFO - [2026-04-04T07:09:44.167+0000] {dag.py:3823} INFO - Setting next_dagrun for weekly_summary_pipeline to 2026-03-30 06:00:00+00:00, run_after=2026-04-06 06:00:00+00:00
[2026-04-04T07:09:44.191+0000] {processor.py:183} INFO - Processing /opt/airflow/dags/weekly_summary_pipeline.py took 0.108 seconds
[2026-04-04T07:10:14.247+0000] {processor.py:161} INFO - Started process (PID=1163) to work on /opt/airflow/dags/weekly_summary_pipeline.py
[2026-04-04T07:10:14.248+0000] {processor.py:830} INFO - Processing file /opt/airflow/dags/weekly_summary_pipeline.py for tasks to queue
[2026-04-04T07:10:14.249+0000] {logging_mixin.py:188} INFO - [2026-04-04T07:10:14.249+0000] {dagbag.py:538} INFO - Filling up the DagBag from /opt/airflow/dags/weekly_summary_pipeline.py
[2026-04-04T07:10:14.283+0000] {processor.py:840} INFO - DAG(s) 'weekly_summary_pipeline' retrieved from /opt/airflow/dags/weekly_summary_pipeline.py
[2026-04-04T07:10:14.324+0000] {logging_mixin.py:188} INFO - [2026-04-04T07:10:14.324+0000] {dag.py:3036} INFO - Sync 1 DAGs
[2026-04-04T07:10:14.361+0000] {logging_mixin.py:188} INFO - [2026-04-04T07:10:14.361+0000] {dag.py:3823} INFO - Setting next_dagrun for weekly_summary_pipeline to 2026-03-30 06:00:00+00:00, run_after=2026-04-06 06:00:00+00:00
[2026-04-04T07:10:14.400+0000] {processor.py:183} INFO - Processing /opt/airflow/dags/weekly_summary_pipeline.py took 0.155 seconds
[2026-04-04T07:10:44.585+0000] {processor.py:161} INFO - Started process (PID=1191) to work on /opt/airflow/dags/weekly_summary_pipeline.py
[2026-04-04T07:10:44.586+0000] {processor.py:830} INFO - Processing file /opt/airflow/dags/weekly_summary_pipeline.py for tasks to queue
[2026-04-04T07:10:44.587+0000] {logging_mixin.py:188} INFO - [2026-04-04T07:10:44.587+0000] {dagbag.py:538} INFO - Filling up the DagBag from /opt/airflow/dags/weekly_summary_pipeline.py
[2026-04-04T07:10:44.620+0000] {processor.py:840} INFO - DAG(s) 'weekly_summary_pipeline' retrieved from /opt/airflow/dags/weekly_summary_pipeline.py
[2026-04-04T07:10:44.651+0000] {logging_mixin.py:188} INFO - [2026-04-04T07:10:44.651+0000] {dag.py:3036} INFO - Sync 1 DAGs
[2026-04-04T07:10:44.678+0000] {logging_mixin.py:188} INFO - [2026-04-04T07:10:44.678+0000] {dag.py:3823} INFO - Setting next_dagrun for weekly_summary_pipeline to 2026-03-30 06:00:00+00:00, run_after=2026-04-06 06:00:00+00:00
[2026-04-04T07:10:44.704+0000] {processor.py:183} INFO - Processing /opt/airflow/dags/weekly_summary_pipeline.py took 0.121 seconds
[2026-04-04T07:11:14.791+0000] {processor.py:161} INFO - Started process (PID=1209) to work on /opt/airflow/dags/weekly_summary_pipeline.py
[2026-04-04T07:11:14.793+0000] {processor.py:830} INFO - Processing file /opt/airflow/dags/weekly_summary_pipeline.py for tasks to queue
[2026-04-04T07:11:14.794+0000] {logging_mixin.py:188} INFO - [2026-04-04T07:11:14.794+0000] {dagbag.py:538} INFO - Filling up the DagBag from /opt/airflow/dags/weekly_summary_pipeline.py
[2026-04-04T07:11:14.834+0000] {processor.py:840} INFO - DAG(s) 'weekly_summary_pipeline' retrieved from /opt/airflow/dags/weekly_summary_pipeline.py
[2026-04-04T07:11:14.878+0000] {logging_mixin.py:188} INFO - [2026-04-04T07:11:14.878+0000] {dag.py:3036} INFO - Sync 1 DAGs
[2026-04-04T07:11:14.908+0000] {logging_mixin.py:188} INFO - [2026-04-04T07:11:14.908+0000] {dag.py:3823} INFO - Setting next_dagrun for weekly_summary_pipeline to 2026-03-30 06:00:00+00:00, run_after=2026-04-06 06:00:00+00:00
[2026-04-04T07:11:14.930+0000] {processor.py:183} INFO - Processing /opt/airflow/dags/weekly_summary_pipeline.py took 0.143 seconds
[2026-04-04T07:11:44.993+0000] {processor.py:161} INFO - Started process (PID=1232) to work on /opt/airflow/dags/weekly_summary_pipeline.py
[2026-04-04T07:11:44.994+0000] {processor.py:830} INFO - Processing file /opt/airflow/dags/weekly_summary_pipeline.py for tasks to queue
[2026-04-04T07:11:44.995+0000] {logging_mixin.py:188} INFO - [2026-04-04T07:11:44.995+0000] {dagbag.py:538} INFO - Filling up the DagBag from /opt/airflow/dags/weekly_summary_pipeline.py
[2026-04-04T07:11:45.018+0000] {processor.py:840} INFO - DAG(s) 'weekly_summary_pipeline' retrieved from /opt/airflow/dags/weekly_summary_pipeline.py
[2026-04-04T07:11:45.050+0000] {logging_mixin.py:188} INFO - [2026-04-04T07:11:45.049+0000] {dag.py:3036} INFO - Sync 1 DAGs
[2026-04-04T07:11:45.077+0000] {logging_mixin.py:188} INFO - [2026-04-04T07:11:45.076+0000] {dag.py:3823} INFO - Setting next_dagrun for weekly_summary_pipeline to 2026-03-30 06:00:00+00:00, run_after=2026-04-06 06:00:00+00:00
[2026-04-04T07:11:45.106+0000] {processor.py:183} INFO - Processing /opt/airflow/dags/weekly_summary_pipeline.py took 0.116 seconds
[2026-04-04T07:12:15.233+0000] {processor.py:161} INFO - Started process (PID=1255) to work on /opt/airflow/dags/weekly_summary_pipeline.py
[2026-04-04T07:12:15.234+0000] {processor.py:830} INFO - Processing file /opt/airflow/dags/weekly_summary_pipeline.py for tasks to queue
[2026-04-04T07:12:15.237+0000] {logging_mixin.py:188} INFO - [2026-04-04T07:12:15.236+0000] {dagbag.py:538} INFO - Filling up the DagBag from /opt/airflow/dags/weekly_summary_pipeline.py
[2026-04-04T07:12:15.262+0000] {processor.py:840} INFO - DAG(s) 'weekly_summary_pipeline' retrieved from /opt/airflow/dags/weekly_summary_pipeline.py
[2026-04-04T07:12:15.294+0000] {logging_mixin.py:188} INFO - [2026-04-04T07:12:15.294+0000] {dag.py:3036} INFO - Sync 1 DAGs
[2026-04-04T07:12:15.324+0000] {logging_mixin.py:188} INFO - [2026-04-04T07:12:15.324+0000] {dag.py:3823} INFO - Setting next_dagrun for weekly_summary_pipeline to 2026-03-30 06:00:00+00:00, run_after=2026-04-06 06:00:00+00:00
[2026-04-04T07:12:15.351+0000] {processor.py:183} INFO - Processing /opt/airflow/dags/weekly_summary_pipeline.py took 0.123 seconds
[2026-04-04T07:12:45.413+0000] {processor.py:161} INFO - Started process (PID=1278) to work on /opt/airflow/dags/weekly_summary_pipeline.py
[2026-04-04T07:12:45.414+0000] {processor.py:830} INFO - Processing file /opt/airflow/dags/weekly_summary_pipeline.py for tasks to queue
[2026-04-04T07:12:45.415+0000] {logging_mixin.py:188} INFO - [2026-04-04T07:12:45.414+0000] {dagbag.py:538} INFO - Filling up the DagBag from /opt/airflow/dags/weekly_summary_pipeline.py
[2026-04-04T07:12:45.444+0000] {processor.py:840} INFO - DAG(s) 'weekly_summary_pipeline' retrieved from /opt/airflow/dags/weekly_summary_pipeline.py
[2026-04-04T07:12:45.478+0000] {logging_mixin.py:188} INFO - [2026-04-04T07:12:45.478+0000] {dag.py:3036} INFO - Sync 1 DAGs
[2026-04-04T07:12:45.507+0000] {logging_mixin.py:188} INFO - [2026-04-04T07:12:45.506+0000] {dag.py:3823} INFO - Setting next_dagrun for weekly_summary_pipeline to 2026-03-30 06:00:00+00:00, run_after=2026-04-06 06:00:00+00:00
[2026-04-04T07:12:45.538+0000] {processor.py:183} INFO - Processing /opt/airflow/dags/weekly_summary_pipeline.py took 0.128 seconds
[2026-04-04T07:13:15.598+0000] {processor.py:161} INFO - Started process (PID=1301) to work on /opt/airflow/dags/weekly_summary_pipeline.py
[2026-04-04T07:13:15.599+0000] {processor.py:830} INFO - Processing file /opt/airflow/dags/weekly_summary_pipeline.py for tasks to queue
[2026-04-04T07:13:15.600+0000] {logging_mixin.py:188} INFO - [2026-04-04T07:13:15.600+0000] {dagbag.py:538} INFO - Filling up the DagBag from /opt/airflow/dags/weekly_summary_pipeline.py
[2026-04-04T07:13:15.627+0000] {processor.py:840} INFO - DAG(s) 'weekly_summary_pipeline' retrieved from /opt/airflow/dags/weekly_summary_pipeline.py
[2026-04-04T07:13:15.658+0000] {logging_mixin.py:188} INFO - [2026-04-04T07:13:15.658+0000] {dag.py:3036} INFO - Sync 1 DAGs
[2026-04-04T07:13:15.685+0000] {logging_mixin.py:188} INFO - [2026-04-04T07:13:15.685+0000] {dag.py:3823} INFO - Setting next_dagrun for weekly_summary_pipeline to 2026-03-30 06:00:00+00:00, run_after=2026-04-06 06:00:00+00:00
[2026-04-04T07:13:15.712+0000] {processor.py:183} INFO - Processing /opt/airflow/dags/weekly_summary_pipeline.py took 0.117 seconds
[2026-04-04T07:13:45.768+0000] {processor.py:161} INFO - Started process (PID=1324) to work on /opt/airflow/dags/weekly_summary_pipeline.py
[2026-04-04T07:13:45.769+0000] {processor.py:830} INFO - Processing file /opt/airflow/dags/weekly_summary_pipeline.py for tasks to queue
[2026-04-04T07:13:45.771+0000] {logging_mixin.py:188} INFO - [2026-04-04T07:13:45.770+0000] {dagbag.py:538} INFO - Filling up the DagBag from /opt/airflow/dags/weekly_summary_pipeline.py
[2026-04-04T07:13:45.801+0000] {processor.py:840} INFO - DAG(s) 'weekly_summary_pipeline' retrieved from /opt/airflow/dags/weekly_summary_pipeline.py
[2026-04-04T07:13:45.832+0000] {logging_mixin.py:188} INFO - [2026-04-04T07:13:45.831+0000] {dag.py:3036} INFO - Sync 1 DAGs
[2026-04-04T07:13:45.857+0000] {logging_mixin.py:188} INFO - [2026-04-04T07:13:45.857+0000] {dag.py:3823} INFO - Setting next_dagrun for weekly_summary_pipeline to 2026-03-30 06:00:00+00:00, run_after=2026-04-06 06:00:00+00:00
[2026-04-04T07:13:45.883+0000] {processor.py:183} INFO - Processing /opt/airflow/dags/weekly_summary_pipeline.py took 0.120 seconds
[2026-04-04T07:14:16.005+0000] {processor.py:161} INFO - Started process (PID=1347) to work on /opt/airflow/dags/weekly_summary_pipeline.py
[2026-04-04T07:14:16.006+0000] {processor.py:830} INFO - Processing file /opt/airflow/dags/weekly_summary_pipeline.py for tasks to queue
[2026-04-04T07:14:16.007+0000] {logging_mixin.py:188} INFO - [2026-04-04T07:14:16.007+0000] {dagbag.py:538} INFO - Filling up the DagBag from /opt/airflow/dags/weekly_summary_pipeline.py
[2026-04-04T07:14:16.038+0000] {processor.py:840} INFO - DAG(s) 'weekly_summary_pipeline' retrieved from /opt/airflow/dags/weekly_summary_pipeline.py
[2026-04-04T07:14:16.075+0000] {logging_mixin.py:188} INFO - [2026-04-04T07:14:16.075+0000] {dag.py:3036} INFO - Sync 1 DAGs
[2026-04-04T07:14:16.106+0000] {logging_mixin.py:188} INFO - [2026-04-04T07:14:16.106+0000] {dag.py:3823} INFO - Setting next_dagrun for weekly_summary_pipeline to 2026-03-30 06:00:00+00:00, run_after=2026-04-06 06:00:00+00:00
[2026-04-04T07:14:16.132+0000] {processor.py:183} INFO - Processing /opt/airflow/dags/weekly_summary_pipeline.py took 0.132 seconds
[2026-04-04T07:14:46.224+0000] {processor.py:161} INFO - Started process (PID=1370) to work on /opt/airflow/dags/weekly_summary_pipeline.py
[2026-04-04T07:14:46.225+0000] {processor.py:830} INFO - Processing file /opt/airflow/dags/weekly_summary_pipeline.py for tasks to queue
[2026-04-04T07:14:46.226+0000] {logging_mixin.py:188} INFO - [2026-04-04T07:14:46.226+0000] {dagbag.py:538} INFO - Filling up the DagBag from /opt/airflow/dags/weekly_summary_pipeline.py
[2026-04-04T07:14:46.252+0000] {processor.py:840} INFO - DAG(s) 'weekly_summary_pipeline' retrieved from /opt/airflow/dags/weekly_summary_pipeline.py
[2026-04-04T07:14:46.285+0000] {logging_mixin.py:188} INFO - [2026-04-04T07:14:46.285+0000] {dag.py:3036} INFO - Sync 1 DAGs
[2026-04-04T07:14:46.307+0000] {logging_mixin.py:188} INFO - [2026-04-04T07:14:46.307+0000] {dag.py:3823} INFO - Setting next_dagrun for weekly_summary_pipeline to 2026-03-30 06:00:00+00:00, run_after=2026-04-06 06:00:00+00:00
[2026-04-04T07:14:46.330+0000] {processor.py:183} INFO - Processing /opt/airflow/dags/weekly_summary_pipeline.py took 0.110 seconds
[2026-04-04T07:15:16.417+0000] {processor.py:161} INFO - Started process (PID=1393) to work on /opt/airflow/dags/weekly_summary_pipeline.py
[2026-04-04T07:15:16.418+0000] {processor.py:830} INFO - Processing file /opt/airflow/dags/weekly_summary_pipeline.py for tasks to queue
[2026-04-04T07:15:16.419+0000] {logging_mixin.py:188} INFO - [2026-04-04T07:15:16.419+0000] {dagbag.py:538} INFO - Filling up the DagBag from /opt/airflow/dags/weekly_summary_pipeline.py
[2026-04-04T07:15:16.447+0000] {processor.py:840} INFO - DAG(s) 'weekly_summary_pipeline' retrieved from /opt/airflow/dags/weekly_summary_pipeline.py
[2026-04-04T07:15:16.485+0000] {logging_mixin.py:188} INFO - [2026-04-04T07:15:16.484+0000] {dag.py:3036} INFO - Sync 1 DAGs
[2026-04-04T07:15:16.511+0000] {logging_mixin.py:188} INFO - [2026-04-04T07:15:16.511+0000] {dag.py:3823} INFO - Setting next_dagrun for weekly_summary_pipeline to 2026-03-30 06:00:00+00:00, run_after=2026-04-06 06:00:00+00:00
[2026-04-04T07:15:16.532+0000] {processor.py:183} INFO - Processing /opt/airflow/dags/weekly_summary_pipeline.py took 0.118 seconds
[2026-04-04T07:15:46.670+0000] {processor.py:161} INFO - Started process (PID=1416) to work on /opt/airflow/dags/weekly_summary_pipeline.py
[2026-04-04T07:15:46.672+0000] {processor.py:830} INFO - Processing file /opt/airflow/dags/weekly_summary_pipeline.py for tasks to queue
[2026-04-04T07:15:46.674+0000] {logging_mixin.py:188} INFO - [2026-04-04T07:15:46.673+0000] {dagbag.py:538} INFO - Filling up the DagBag from /opt/airflow/dags/weekly_summary_pipeline.py
[2026-04-04T07:15:46.714+0000] {processor.py:840} INFO - DAG(s) 'weekly_summary_pipeline' retrieved from /opt/airflow/dags/weekly_summary_pipeline.py
[2026-04-04T07:15:46.767+0000] {logging_mixin.py:188} INFO - [2026-04-04T07:15:46.766+0000] {dag.py:3036} INFO - Sync 1 DAGs
[2026-04-04T07:15:46.810+0000] {logging_mixin.py:188} INFO - [2026-04-04T07:15:46.809+0000] {dag.py:3823} INFO - Setting next_dagrun for weekly_summary_pipeline to 2026-03-30 06:00:00+00:00, run_after=2026-04-06 06:00:00+00:00
[2026-04-04T07:15:46.834+0000] {processor.py:183} INFO - Processing /opt/airflow/dags/weekly_summary_pipeline.py took 0.170 seconds
[2026-04-04T07:16:16.927+0000] {processor.py:161} INFO - Started process (PID=1439) to work on /opt/airflow/dags/weekly_summary_pipeline.py
[2026-04-04T07:16:16.928+0000] {processor.py:830} INFO - Processing file /opt/airflow/dags/weekly_summary_pipeline.py for tasks to queue
[2026-04-04T07:16:16.929+0000] {logging_mixin.py:188} INFO - [2026-04-04T07:16:16.929+0000] {dagbag.py:538} INFO - Filling up the DagBag from /opt/airflow/dags/weekly_summary_pipeline.py
[2026-04-04T07:16:16.953+0000] {processor.py:840} INFO - DAG(s) 'weekly_summary_pipeline' retrieved from /opt/airflow/dags/weekly_summary_pipeline.py
[2026-04-04T07:16:16.981+0000] {logging_mixin.py:188} INFO - [2026-04-04T07:16:16.981+0000] {dag.py:3036} INFO - Sync 1 DAGs
[2026-04-04T07:16:17.004+0000] {logging_mixin.py:188} INFO - [2026-04-04T07:16:17.004+0000] {dag.py:3823} INFO - Setting next_dagrun for weekly_summary_pipeline to 2026-03-30 06:00:00+00:00, run_after=2026-04-06 06:00:00+00:00
[2026-04-04T07:16:17.023+0000] {processor.py:183} INFO - Processing /opt/airflow/dags/weekly_summary_pipeline.py took 0.098 seconds
[2026-04-04T07:16:47.137+0000] {processor.py:161} INFO - Started process (PID=1463) to work on /opt/airflow/dags/weekly_summary_pipeline.py
[2026-04-04T07:16:47.139+0000] {processor.py:830} INFO - Processing file /opt/airflow/dags/weekly_summary_pipeline.py for tasks to queue
[2026-04-04T07:16:47.140+0000] {logging_mixin.py:188} INFO - [2026-04-04T07:16:47.139+0000] {dagbag.py:538} INFO - Filling up the DagBag from /opt/airflow/dags/weekly_summary_pipeline.py
[2026-04-04T07:16:47.182+0000] {processor.py:840} INFO - DAG(s) 'weekly_summary_pipeline' retrieved from /opt/airflow/dags/weekly_summary_pipeline.py
[2026-04-04T07:16:47.245+0000] {logging_mixin.py:188} INFO - [2026-04-04T07:16:47.244+0000] {dag.py:3036} INFO - Sync 1 DAGs
[2026-04-04T07:16:47.278+0000] {logging_mixin.py:188} INFO - [2026-04-04T07:16:47.278+0000] {dag.py:3823} INFO - Setting next_dagrun for weekly_summary_pipeline to 2026-03-30 06:00:00+00:00, run_after=2026-04-06 06:00:00+00:00
[2026-04-04T07:16:47.310+0000] {processor.py:183} INFO - Processing /opt/airflow/dags/weekly_summary_pipeline.py took 0.178 seconds
[2026-04-04T07:17:17.475+0000] {processor.py:161} INFO - Started process (PID=1478) to work on /opt/airflow/dags/weekly_summary_pipeline.py
[2026-04-04T07:17:17.476+0000] {processor.py:830} INFO - Processing file /opt/airflow/dags/weekly_summary_pipeline.py for tasks to queue
[2026-04-04T07:17:17.477+0000] {logging_mixin.py:188} INFO - [2026-04-04T07:17:17.477+0000] {dagbag.py:538} INFO - Filling up the DagBag from /opt/airflow/dags/weekly_summary_pipeline.py
[2026-04-04T07:17:17.504+0000] {processor.py:840} INFO - DAG(s) 'weekly_summary_pipeline' retrieved from /opt/airflow/dags/weekly_summary_pipeline.py
[2026-04-04T07:17:17.534+0000] {logging_mixin.py:188} INFO - [2026-04-04T07:17:17.534+0000] {dag.py:3036} INFO - Sync 1 DAGs
[2026-04-04T07:17:17.560+0000] {logging_mixin.py:188} INFO - [2026-04-04T07:17:17.560+0000] {dag.py:3823} INFO - Setting next_dagrun for weekly_summary_pipeline to 2026-03-30 06:00:00+00:00, run_after=2026-04-06 06:00:00+00:00
[2026-04-04T07:17:17.579+0000] {processor.py:183} INFO - Processing /opt/airflow/dags/weekly_summary_pipeline.py took 0.107 seconds
[2026-04-04T07:17:47.639+0000] {processor.py:161} INFO - Started process (PID=1501) to work on /opt/airflow/dags/weekly_summary_pipeline.py
[2026-04-04T07:17:47.640+0000] {processor.py:830} INFO - Processing file /opt/airflow/dags/weekly_summary_pipeline.py for tasks to queue
[2026-04-04T07:17:47.641+0000] {logging_mixin.py:188} INFO - [2026-04-04T07:17:47.641+0000] {dagbag.py:538} INFO - Filling up the DagBag from /opt/airflow/dags/weekly_summary_pipeline.py
[2026-04-04T07:17:47.674+0000] {processor.py:840} INFO - DAG(s) 'weekly_summary_pipeline' retrieved from /opt/airflow/dags/weekly_summary_pipeline.py
[2026-04-04T07:17:47.725+0000] {logging_mixin.py:188} INFO - [2026-04-04T07:17:47.724+0000] {dag.py:3036} INFO - Sync 1 DAGs
[2026-04-04T07:17:47.771+0000] {logging_mixin.py:188} INFO - [2026-04-04T07:17:47.771+0000] {dag.py:3823} INFO - Setting next_dagrun for weekly_summary_pipeline to 2026-03-30 06:00:00+00:00, run_after=2026-04-06 06:00:00+00:00
[2026-04-04T07:17:47.811+0000] {processor.py:183} INFO - Processing /opt/airflow/dags/weekly_summary_pipeline.py took 0.176 seconds
[2026-04-04T07:18:18.008+0000] {processor.py:161} INFO - Started process (PID=1524) to work on /opt/airflow/dags/weekly_summary_pipeline.py
[2026-04-04T07:18:18.010+0000] {processor.py:830} INFO - Processing file /opt/airflow/dags/weekly_summary_pipeline.py for tasks to queue
[2026-04-04T07:18:18.011+0000] {logging_mixin.py:188} INFO - [2026-04-04T07:18:18.011+0000] {dagbag.py:538} INFO - Filling up the DagBag from /opt/airflow/dags/weekly_summary_pipeline.py
[2026-04-04T07:18:18.045+0000] {processor.py:840} INFO - DAG(s) 'weekly_summary_pipeline' retrieved from /opt/airflow/dags/weekly_summary_pipeline.py
[2026-04-04T07:18:18.084+0000] {logging_mixin.py:188} INFO - [2026-04-04T07:18:18.084+0000] {dag.py:3036} INFO - Sync 1 DAGs
[2026-04-04T07:18:18.112+0000] {logging_mixin.py:188} INFO - [2026-04-04T07:18:18.112+0000] {dag.py:3823} INFO - Setting next_dagrun for weekly_summary_pipeline to 2026-03-30 06:00:00+00:00, run_after=2026-04-06 06:00:00+00:00
[2026-04-04T07:18:18.135+0000] {processor.py:183} INFO - Processing /opt/airflow/dags/weekly_summary_pipeline.py took 0.131 seconds
[2026-04-04T07:18:48.187+0000] {processor.py:161} INFO - Started process (PID=1547) to work on /opt/airflow/dags/weekly_summary_pipeline.py
[2026-04-04T07:18:48.188+0000] {processor.py:830} INFO - Processing file /opt/airflow/dags/weekly_summary_pipeline.py for tasks to queue
[2026-04-04T07:18:48.190+0000] {logging_mixin.py:188} INFO - [2026-04-04T07:18:48.189+0000] {dagbag.py:538} INFO - Filling up the DagBag from /opt/airflow/dags/weekly_summary_pipeline.py
[2026-04-04T07:18:48.217+0000] {processor.py:840} INFO - DAG(s) 'weekly_summary_pipeline' retrieved from /opt/airflow/dags/weekly_summary_pipeline.py
[2026-04-04T07:18:48.251+0000] {logging_mixin.py:188} INFO - [2026-04-04T07:18:48.251+0000] {dag.py:3036} INFO - Sync 1 DAGs
[2026-04-04T07:18:48.281+0000] {logging_mixin.py:188} INFO - [2026-04-04T07:18:48.280+0000] {dag.py:3823} INFO - Setting next_dagrun for weekly_summary_pipeline to 2026-03-30 06:00:00+00:00, run_after=2026-04-06 06:00:00+00:00
[2026-04-04T07:18:48.306+0000] {processor.py:183} INFO - Processing /opt/airflow/dags/weekly_summary_pipeline.py took 0.123 seconds
[2026-04-04T07:19:18.404+0000] {processor.py:161} INFO - Started process (PID=1570) to work on /opt/airflow/dags/weekly_summary_pipeline.py
[2026-04-04T07:19:18.405+0000] {processor.py:830} INFO - Processing file /opt/airflow/dags/weekly_summary_pipeline.py for tasks to queue
[2026-04-04T07:19:18.407+0000] {logging_mixin.py:188} INFO - [2026-04-04T07:19:18.406+0000] {dagbag.py:538} INFO - Filling up the DagBag from /opt/airflow/dags/weekly_summary_pipeline.py
[2026-04-04T07:19:18.438+0000] {processor.py:840} INFO - DAG(s) 'weekly_summary_pipeline' retrieved from /opt/airflow/dags/weekly_summary_pipeline.py
[2026-04-04T07:19:18.473+0000] {logging_mixin.py:188} INFO - [2026-04-04T07:19:18.473+0000] {dag.py:3036} INFO - Sync 1 DAGs
[2026-04-04T07:19:18.503+0000] {logging_mixin.py:188} INFO - [2026-04-04T07:19:18.503+0000] {dag.py:3823} INFO - Setting next_dagrun for weekly_summary_pipeline to 2026-03-30 06:00:00+00:00, run_after=2026-04-06 06:00:00+00:00
[2026-04-04T07:19:18.540+0000] {processor.py:183} INFO - Processing /opt/airflow/dags/weekly_summary_pipeline.py took 0.142 seconds
[2026-04-04T07:19:48.707+0000] {processor.py:161} INFO - Started process (PID=1593) to work on /opt/airflow/dags/weekly_summary_pipeline.py
[2026-04-04T07:19:48.708+0000] {processor.py:830} INFO - Processing file /opt/airflow/dags/weekly_summary_pipeline.py for tasks to queue
[2026-04-04T07:19:48.710+0000] {logging_mixin.py:188} INFO - [2026-04-04T07:19:48.709+0000] {dagbag.py:538} INFO - Filling up the DagBag from /opt/airflow/dags/weekly_summary_pipeline.py
[2026-04-04T07:19:48.741+0000] {processor.py:840} INFO - DAG(s) 'weekly_summary_pipeline' retrieved from /opt/airflow/dags/weekly_summary_pipeline.py
[2026-04-04T07:19:48.777+0000] {logging_mixin.py:188} INFO - [2026-04-04T07:19:48.777+0000] {dag.py:3036} INFO - Sync 1 DAGs
[2026-04-04T07:19:48.807+0000] {logging_mixin.py:188} INFO - [2026-04-04T07:19:48.807+0000] {dag.py:3823} INFO - Setting next_dagrun for weekly_summary_pipeline to 2026-03-30 06:00:00+00:00, run_after=2026-04-06 06:00:00+00:00
[2026-04-04T07:19:48.839+0000] {processor.py:183} INFO - Processing /opt/airflow/dags/weekly_summary_pipeline.py took 0.134 seconds
[2026-04-04T07:20:18.948+0000] {processor.py:161} INFO - Started process (PID=1616) to work on /opt/airflow/dags/weekly_summary_pipeline.py
[2026-04-04T07:20:18.950+0000] {processor.py:830} INFO - Processing file /opt/airflow/dags/weekly_summary_pipeline.py for tasks to queue
[2026-04-04T07:20:18.952+0000] {logging_mixin.py:188} INFO - [2026-04-04T07:20:18.951+0000] {dagbag.py:538} INFO - Filling up the DagBag from /opt/airflow/dags/weekly_summary_pipeline.py
[2026-04-04T07:20:18.986+0000] {processor.py:840} INFO - DAG(s) 'weekly_summary_pipeline' retrieved from /opt/airflow/dags/weekly_summary_pipeline.py
[2026-04-04T07:20:19.020+0000] {logging_mixin.py:188} INFO - [2026-04-04T07:20:19.020+0000] {dag.py:3036} INFO - Sync 1 DAGs
[2026-04-04T07:20:19.048+0000] {logging_mixin.py:188} INFO - [2026-04-04T07:20:19.048+0000] {dag.py:3823} INFO - Setting next_dagrun for weekly_summary_pipeline to 2026-03-30 06:00:00+00:00, run_after=2026-04-06 06:00:00+00:00
[2026-04-04T07:20:19.075+0000] {processor.py:183} INFO - Processing /opt/airflow/dags/weekly_summary_pipeline.py took 0.131 seconds
[2026-04-04T07:20:49.150+0000] {processor.py:161} INFO - Started process (PID=1639) to work on /opt/airflow/dags/weekly_summary_pipeline.py
[2026-04-04T07:20:49.151+0000] {processor.py:830} INFO - Processing file /opt/airflow/dags/weekly_summary_pipeline.py for tasks to queue
[2026-04-04T07:20:49.152+0000] {logging_mixin.py:188} INFO - [2026-04-04T07:20:49.152+0000] {dagbag.py:538} INFO - Filling up the DagBag from /opt/airflow/dags/weekly_summary_pipeline.py
[2026-04-04T07:20:49.181+0000] {processor.py:840} INFO - DAG(s) 'weekly_summary_pipeline' retrieved from /opt/airflow/dags/weekly_summary_pipeline.py
[2026-04-04T07:20:49.216+0000] {logging_mixin.py:188} INFO - [2026-04-04T07:20:49.216+0000] {dag.py:3036} INFO - Sync 1 DAGs
[2026-04-04T07:20:49.247+0000] {logging_mixin.py:188} INFO - [2026-04-04T07:20:49.247+0000] {dag.py:3823} INFO - Setting next_dagrun for weekly_summary_pipeline to 2026-03-30 06:00:00+00:00, run_after=2026-04-06 06:00:00+00:00
[2026-04-04T07:20:49.274+0000] {processor.py:183} INFO - Processing /opt/airflow/dags/weekly_summary_pipeline.py took 0.127 seconds
[2026-04-04T07:21:19.377+0000] {processor.py:161} INFO - Started process (PID=1662) to work on /opt/airflow/dags/weekly_summary_pipeline.py
[2026-04-04T07:21:19.378+0000] {processor.py:830} INFO - Processing file /opt/airflow/dags/weekly_summary_pipeline.py for tasks to queue
[2026-04-04T07:21:19.379+0000] {logging_mixin.py:188} INFO - [2026-04-04T07:21:19.379+0000] {dagbag.py:538} INFO - Filling up the DagBag from /opt/airflow/dags/weekly_summary_pipeline.py
[2026-04-04T07:21:19.406+0000] {processor.py:840} INFO - DAG(s) 'weekly_summary_pipeline' retrieved from /opt/airflow/dags/weekly_summary_pipeline.py
[2026-04-04T07:21:19.435+0000] {logging_mixin.py:188} INFO - [2026-04-04T07:21:19.435+0000] {dag.py:3036} INFO - Sync 1 DAGs
[2026-04-04T07:21:19.460+0000] {logging_mixin.py:188} INFO - [2026-04-04T07:21:19.460+0000] {dag.py:3823} INFO - Setting next_dagrun for weekly_summary_pipeline to 2026-03-30 06:00:00+00:00, run_after=2026-04-06 06:00:00+00:00
[2026-04-04T07:21:19.490+0000] {processor.py:183} INFO - Processing /opt/airflow/dags/weekly_summary_pipeline.py took 0.117 seconds
[2026-04-04T07:21:49.594+0000] {processor.py:161} INFO - Started process (PID=1685) to work on /opt/airflow/dags/weekly_summary_pipeline.py
[2026-04-04T07:21:49.602+0000] {processor.py:830} INFO - Processing file /opt/airflow/dags/weekly_summary_pipeline.py for tasks to queue
[2026-04-04T07:21:49.605+0000] {logging_mixin.py:188} INFO - [2026-04-04T07:21:49.604+0000] {dagbag.py:538} INFO - Filling up the DagBag from /opt/airflow/dags/weekly_summary_pipeline.py
[2026-04-04T07:21:49.649+0000] {processor.py:840} INFO - DAG(s) 'weekly_summary_pipeline' retrieved from /opt/airflow/dags/weekly_summary_pipeline.py
[2026-04-04T07:21:49.689+0000] {logging_mixin.py:188} INFO - [2026-04-04T07:21:49.688+0000] {dag.py:3036} INFO - Sync 1 DAGs
[2026-04-04T07:21:49.722+0000] {logging_mixin.py:188} INFO - [2026-04-04T07:21:49.721+0000] {dag.py:3823} INFO - Setting next_dagrun for weekly_summary_pipeline to 2026-03-30 06:00:00+00:00, run_after=2026-04-06 06:00:00+00:00
[2026-04-04T07:21:49.755+0000] {processor.py:183} INFO - Processing /opt/airflow/dags/weekly_summary_pipeline.py took 0.167 seconds
[2026-04-04T07:22:19.971+0000] {processor.py:161} INFO - Started process (PID=1708) to work on /opt/airflow/dags/weekly_summary_pipeline.py
[2026-04-04T07:22:19.972+0000] {processor.py:830} INFO - Processing file /opt/airflow/dags/weekly_summary_pipeline.py for tasks to queue
[2026-04-04T07:22:19.975+0000] {logging_mixin.py:188} INFO - [2026-04-04T07:22:19.974+0000] {dagbag.py:538} INFO - Filling up the DagBag from /opt/airflow/dags/weekly_summary_pipeline.py
[2026-04-04T07:22:20.008+0000] {processor.py:840} INFO - DAG(s) 'weekly_summary_pipeline' retrieved from /opt/airflow/dags/weekly_summary_pipeline.py
[2026-04-04T07:22:20.042+0000] {logging_mixin.py:188} INFO - [2026-04-04T07:22:20.042+0000] {dag.py:3036} INFO - Sync 1 DAGs
[2026-04-04T07:22:20.073+0000] {logging_mixin.py:188} INFO - [2026-04-04T07:22:20.073+0000] {dag.py:3823} INFO - Setting next_dagrun for weekly_summary_pipeline to 2026-03-30 06:00:00+00:00, run_after=2026-04-06 06:00:00+00:00
[2026-04-04T07:22:20.098+0000] {processor.py:183} INFO - Processing /opt/airflow/dags/weekly_summary_pipeline.py took 0.130 seconds
[2026-04-04T07:22:50.193+0000] {processor.py:161} INFO - Started process (PID=1731) to work on /opt/airflow/dags/weekly_summary_pipeline.py
[2026-04-04T07:22:50.195+0000] {processor.py:830} INFO - Processing file /opt/airflow/dags/weekly_summary_pipeline.py for tasks to queue
[2026-04-04T07:22:50.196+0000] {logging_mixin.py:188} INFO - [2026-04-04T07:22:50.196+0000] {dagbag.py:538} INFO - Filling up the DagBag from /opt/airflow/dags/weekly_summary_pipeline.py
[2026-04-04T07:22:50.221+0000] {processor.py:840} INFO - DAG(s) 'weekly_summary_pipeline' retrieved from /opt/airflow/dags/weekly_summary_pipeline.py
[2026-04-04T07:22:50.249+0000] {logging_mixin.py:188} INFO - [2026-04-04T07:22:50.249+0000] {dag.py:3036} INFO - Sync 1 DAGs
[2026-04-04T07:22:50.273+0000] {logging_mixin.py:188} INFO - [2026-04-04T07:22:50.273+0000] {dag.py:3823} INFO - Setting next_dagrun for weekly_summary_pipeline to 2026-03-30 06:00:00+00:00, run_after=2026-04-06 06:00:00+00:00
[2026-04-04T07:22:50.295+0000] {processor.py:183} INFO - Processing /opt/airflow/dags/weekly_summary_pipeline.py took 0.105 seconds
[2026-04-04T07:23:20.366+0000] {processor.py:161} INFO - Started process (PID=1754) to work on /opt/airflow/dags/weekly_summary_pipeline.py
[2026-04-04T07:23:20.368+0000] {processor.py:830} INFO - Processing file /opt/airflow/dags/weekly_summary_pipeline.py for tasks to queue
[2026-04-04T07:23:20.370+0000] {logging_mixin.py:188} INFO - [2026-04-04T07:23:20.369+0000] {dagbag.py:538} INFO - Filling up the DagBag from /opt/airflow/dags/weekly_summary_pipeline.py
[2026-04-04T07:23:20.414+0000] {processor.py:840} INFO - DAG(s) 'weekly_summary_pipeline' retrieved from /opt/airflow/dags/weekly_summary_pipeline.py
[2026-04-04T07:23:20.457+0000] {logging_mixin.py:188} INFO - [2026-04-04T07:23:20.457+0000] {dag.py:3036} INFO - Sync 1 DAGs
[2026-04-04T07:23:20.483+0000] {logging_mixin.py:188} INFO - [2026-04-04T07:23:20.483+0000] {dag.py:3823} INFO - Setting next_dagrun for weekly_summary_pipeline to 2026-03-30 06:00:00+00:00, run_after=2026-04-06 06:00:00+00:00
[2026-04-04T07:23:20.506+0000] {processor.py:183} INFO - Processing /opt/airflow/dags/weekly_summary_pipeline.py took 0.143 seconds
[2026-04-04T07:23:50.630+0000] {processor.py:161} INFO - Started process (PID=1777) to work on /opt/airflow/dags/weekly_summary_pipeline.py
[2026-04-04T07:23:50.632+0000] {processor.py:830} INFO - Processing file /opt/airflow/dags/weekly_summary_pipeline.py for tasks to queue
[2026-04-04T07:23:50.635+0000] {logging_mixin.py:188} INFO - [2026-04-04T07:23:50.634+0000] {dagbag.py:538} INFO - Filling up the DagBag from /opt/airflow/dags/weekly_summary_pipeline.py
[2026-04-04T07:23:50.677+0000] {processor.py:840} INFO - DAG(s) 'weekly_summary_pipeline' retrieved from /opt/airflow/dags/weekly_summary_pipeline.py
[2026-04-04T07:23:50.721+0000] {logging_mixin.py:188} INFO - [2026-04-04T07:23:50.720+0000] {dag.py:3036} INFO - Sync 1 DAGs
[2026-04-04T07:23:50.754+0000] {logging_mixin.py:188} INFO - [2026-04-04T07:23:50.753+0000] {dag.py:3823} INFO - Setting next_dagrun for weekly_summary_pipeline to 2026-03-30 06:00:00+00:00, run_after=2026-04-06 06:00:00+00:00
[2026-04-04T07:23:50.789+0000] {processor.py:183} INFO - Processing /opt/airflow/dags/weekly_summary_pipeline.py took 0.163 seconds
[2026-04-04T07:24:20.905+0000] {processor.py:161} INFO - Started process (PID=1800) to work on /opt/airflow/dags/weekly_summary_pipeline.py
[2026-04-04T07:24:20.906+0000] {processor.py:830} INFO - Processing file /opt/airflow/dags/weekly_summary_pipeline.py for tasks to queue
[2026-04-04T07:24:20.907+0000] {logging_mixin.py:188} INFO - [2026-04-04T07:24:20.907+0000] {dagbag.py:538} INFO - Filling up the DagBag from /opt/airflow/dags/weekly_summary_pipeline.py
[2026-04-04T07:24:20.942+0000] {processor.py:840} INFO - DAG(s) 'weekly_summary_pipeline' retrieved from /opt/airflow/dags/weekly_summary_pipeline.py
[2026-04-04T07:24:20.990+0000] {logging_mixin.py:188} INFO - [2026-04-04T07:24:20.989+0000] {dag.py:3036} INFO - Sync 1 DAGs
[2026-04-04T07:24:21.017+0000] {logging_mixin.py:188} INFO - [2026-04-04T07:24:21.016+0000] {dag.py:3823} INFO - Setting next_dagrun for weekly_summary_pipeline to 2026-03-30 06:00:00+00:00, run_after=2026-04-06 06:00:00+00:00
[2026-04-04T07:24:21.039+0000] {processor.py:183} INFO - Processing /opt/airflow/dags/weekly_summary_pipeline.py took 0.137 seconds
[2026-04-04T07:24:51.222+0000] {processor.py:161} INFO - Started process (PID=1815) to work on /opt/airflow/dags/weekly_summary_pipeline.py
[2026-04-04T07:24:51.223+0000] {processor.py:830} INFO - Processing file /opt/airflow/dags/weekly_summary_pipeline.py for tasks to queue
[2026-04-04T07:24:51.224+0000] {logging_mixin.py:188} INFO - [2026-04-04T07:24:51.224+0000] {dagbag.py:538} INFO - Filling up the DagBag from /opt/airflow/dags/weekly_summary_pipeline.py
[2026-04-04T07:24:51.260+0000] {processor.py:840} INFO - DAG(s) 'weekly_summary_pipeline' retrieved from /opt/airflow/dags/weekly_summary_pipeline.py
[2026-04-04T07:24:51.294+0000] {logging_mixin.py:188} INFO - [2026-04-04T07:24:51.294+0000] {dag.py:3036} INFO - Sync 1 DAGs
[2026-04-04T07:24:51.323+0000] {logging_mixin.py:188} INFO - [2026-04-04T07:24:51.323+0000] {dag.py:3823} INFO - Setting next_dagrun for weekly_summary_pipeline to 2026-03-30 06:00:00+00:00, run_after=2026-04-06 06:00:00+00:00
[2026-04-04T07:24:51.348+0000] {processor.py:183} INFO - Processing /opt/airflow/dags/weekly_summary_pipeline.py took 0.131 seconds
[2026-04-04T07:25:21.459+0000] {processor.py:161} INFO - Started process (PID=1838) to work on /opt/airflow/dags/weekly_summary_pipeline.py
[2026-04-04T07:25:21.462+0000] {processor.py:830} INFO - Processing file /opt/airflow/dags/weekly_summary_pipeline.py for tasks to queue
[2026-04-04T07:25:21.465+0000] {logging_mixin.py:188} INFO - [2026-04-04T07:25:21.465+0000] {dagbag.py:538} INFO - Filling up the DagBag from /opt/airflow/dags/weekly_summary_pipeline.py
[2026-04-04T07:25:21.501+0000] {processor.py:840} INFO - DAG(s) 'weekly_summary_pipeline' retrieved from /opt/airflow/dags/weekly_summary_pipeline.py
[2026-04-04T07:25:21.541+0000] {logging_mixin.py:188} INFO - [2026-04-04T07:25:21.540+0000] {dag.py:3036} INFO - Sync 1 DAGs
[2026-04-04T07:25:21.576+0000] {logging_mixin.py:188} INFO - [2026-04-04T07:25:21.575+0000] {dag.py:3823} INFO - Setting next_dagrun for weekly_summary_pipeline to 2026-03-30 06:00:00+00:00, run_after=2026-04-06 06:00:00+00:00
[2026-04-04T07:25:21.609+0000] {processor.py:183} INFO - Processing /opt/airflow/dags/weekly_summary_pipeline.py took 0.156 seconds
[2026-04-04T07:25:51.683+0000] {processor.py:161} INFO - Started process (PID=1861) to work on /opt/airflow/dags/weekly_summary_pipeline.py
[2026-04-04T07:25:51.684+0000] {processor.py:830} INFO - Processing file /opt/airflow/dags/weekly_summary_pipeline.py for tasks to queue
[2026-04-04T07:25:51.685+0000] {logging_mixin.py:188} INFO - [2026-04-04T07:25:51.685+0000] {dagbag.py:538} INFO - Filling up the DagBag from /opt/airflow/dags/weekly_summary_pipeline.py
[2026-04-04T07:25:51.714+0000] {processor.py:840} INFO - DAG(s) 'weekly_summary_pipeline' retrieved from /opt/airflow/dags/weekly_summary_pipeline.py
[2026-04-04T07:25:51.753+0000] {logging_mixin.py:188} INFO - [2026-04-04T07:25:51.752+0000] {dag.py:3036} INFO - Sync 1 DAGs
[2026-04-04T07:25:51.780+0000] {logging_mixin.py:188} INFO - [2026-04-04T07:25:51.779+0000] {dag.py:3823} INFO - Setting next_dagrun for weekly_summary_pipeline to 2026-03-30 06:00:00+00:00, run_after=2026-04-06 06:00:00+00:00
[2026-04-04T07:25:51.804+0000] {processor.py:183} INFO - Processing /opt/airflow/dags/weekly_summary_pipeline.py took 0.125 seconds
[2026-04-04T07:26:21.928+0000] {processor.py:161} INFO - Started process (PID=1884) to work on /opt/airflow/dags/weekly_summary_pipeline.py
[2026-04-04T07:26:21.929+0000] {processor.py:830} INFO - Processing file /opt/airflow/dags/weekly_summary_pipeline.py for tasks to queue
[2026-04-04T07:26:21.930+0000] {logging_mixin.py:188} INFO - [2026-04-04T07:26:21.930+0000] {dagbag.py:538} INFO - Filling up the DagBag from /opt/airflow/dags/weekly_summary_pipeline.py
[2026-04-04T07:26:21.953+0000] {processor.py:840} INFO - DAG(s) 'weekly_summary_pipeline' retrieved from /opt/airflow/dags/weekly_summary_pipeline.py
[2026-04-04T07:26:21.993+0000] {logging_mixin.py:188} INFO - [2026-04-04T07:26:21.993+0000] {dag.py:3036} INFO - Sync 1 DAGs
[2026-04-04T07:26:22.022+0000] {logging_mixin.py:188} INFO - [2026-04-04T07:26:22.022+0000] {dag.py:3823} INFO - Setting next_dagrun for weekly_summary_pipeline to 2026-03-30 06:00:00+00:00, run_after=2026-04-06 06:00:00+00:00
[2026-04-04T07:26:22.076+0000] {processor.py:183} INFO - Processing /opt/airflow/dags/weekly_summary_pipeline.py took 0.151 seconds
[2026-04-04T07:26:52.207+0000] {processor.py:161} INFO - Started process (PID=1907) to work on /opt/airflow/dags/weekly_summary_pipeline.py
[2026-04-04T07:26:52.208+0000] {processor.py:830} INFO - Processing file /opt/airflow/dags/weekly_summary_pipeline.py for tasks to queue
[2026-04-04T07:26:52.209+0000] {logging_mixin.py:188} INFO - [2026-04-04T07:26:52.209+0000] {dagbag.py:538} INFO - Filling up the DagBag from /opt/airflow/dags/weekly_summary_pipeline.py
[2026-04-04T07:26:52.238+0000] {processor.py:840} INFO - DAG(s) 'weekly_summary_pipeline' retrieved from /opt/airflow/dags/weekly_summary_pipeline.py
[2026-04-04T07:26:52.272+0000] {logging_mixin.py:188} INFO - [2026-04-04T07:26:52.272+0000] {dag.py:3036} INFO - Sync 1 DAGs
[2026-04-04T07:26:52.300+0000] {logging_mixin.py:188} INFO - [2026-04-04T07:26:52.298+0000] {dag.py:3823} INFO - Setting next_dagrun for weekly_summary_pipeline to 2026-03-30 06:00:00+00:00, run_after=2026-04-06 06:00:00+00:00
[2026-04-04T07:26:52.322+0000] {processor.py:183} INFO - Processing /opt/airflow/dags/weekly_summary_pipeline.py took 0.118 seconds
[2026-04-04T07:27:22.511+0000] {processor.py:161} INFO - Started process (PID=1930) to work on /opt/airflow/dags/weekly_summary_pipeline.py
[2026-04-04T07:27:22.513+0000] {processor.py:830} INFO - Processing file /opt/airflow/dags/weekly_summary_pipeline.py for tasks to queue
[2026-04-04T07:27:22.514+0000] {logging_mixin.py:188} INFO - [2026-04-04T07:27:22.514+0000] {dagbag.py:538} INFO - Filling up the DagBag from /opt/airflow/dags/weekly_summary_pipeline.py
[2026-04-04T07:27:22.538+0000] {processor.py:840} INFO - DAG(s) 'weekly_summary_pipeline' retrieved from /opt/airflow/dags/weekly_summary_pipeline.py
[2026-04-04T07:27:22.571+0000] {logging_mixin.py:188} INFO - [2026-04-04T07:27:22.571+0000] {dag.py:3036} INFO - Sync 1 DAGs
[2026-04-04T07:27:22.597+0000] {logging_mixin.py:188} INFO - [2026-04-04T07:27:22.597+0000] {dag.py:3823} INFO - Setting next_dagrun for weekly_summary_pipeline to 2026-03-30 06:00:00+00:00, run_after=2026-04-06 06:00:00+00:00
[2026-04-04T07:27:22.631+0000] {processor.py:183} INFO - Processing /opt/airflow/dags/weekly_summary_pipeline.py took 0.122 seconds
[2026-04-04T07:27:52.902+0000] {processor.py:161} INFO - Started process (PID=1970) to work on /opt/airflow/dags/weekly_summary_pipeline.py
[2026-04-04T07:27:52.905+0000] {processor.py:830} INFO - Processing file /opt/airflow/dags/weekly_summary_pipeline.py for tasks to queue
[2026-04-04T07:27:52.906+0000] {logging_mixin.py:188} INFO - [2026-04-04T07:27:52.906+0000] {dagbag.py:538} INFO - Filling up the DagBag from /opt/airflow/dags/weekly_summary_pipeline.py
[2026-04-04T13:01:53.270+0000] {processor.py:161} INFO - Started process (PID=179) to work on /opt/airflow/dags/weekly_summary_pipeline.py
[2026-04-04T13:01:53.272+0000] {processor.py:830} INFO - Processing file /opt/airflow/dags/weekly_summary_pipeline.py for tasks to queue
[2026-04-04T13:01:53.273+0000] {logging_mixin.py:188} INFO - [2026-04-04T13:01:53.273+0000] {dagbag.py:538} INFO - Filling up the DagBag from /opt/airflow/dags/weekly_summary_pipeline.py
[2026-04-04T13:01:53.306+0000] {processor.py:840} INFO - DAG(s) 'weekly_summary_pipeline' retrieved from /opt/airflow/dags/weekly_summary_pipeline.py
[2026-04-04T13:01:53.345+0000] {logging_mixin.py:188} INFO - [2026-04-04T13:01:53.345+0000] {dag.py:3036} INFO - Sync 1 DAGs
[2026-04-04T13:01:53.372+0000] {logging_mixin.py:188} INFO - [2026-04-04T13:01:53.372+0000] {dag.py:3823} INFO - Setting next_dagrun for weekly_summary_pipeline to 2026-03-30 06:00:00+00:00, run_after=2026-04-06 06:00:00+00:00
[2026-04-04T13:01:53.396+0000] {processor.py:183} INFO - Processing /opt/airflow/dags/weekly_summary_pipeline.py took 0.129 seconds
[2026-04-04T13:02:23.899+0000] {processor.py:161} INFO - Started process (PID=202) to work on /opt/airflow/dags/weekly_summary_pipeline.py
[2026-04-04T13:02:23.900+0000] {processor.py:830} INFO - Processing file /opt/airflow/dags/weekly_summary_pipeline.py for tasks to queue
[2026-04-04T13:02:23.901+0000] {logging_mixin.py:188} INFO - [2026-04-04T13:02:23.901+0000] {dagbag.py:538} INFO - Filling up the DagBag from /opt/airflow/dags/weekly_summary_pipeline.py
[2026-04-04T13:02:23.924+0000] {processor.py:840} INFO - DAG(s) 'weekly_summary_pipeline' retrieved from /opt/airflow/dags/weekly_summary_pipeline.py
[2026-04-04T13:02:24.078+0000] {logging_mixin.py:188} INFO - [2026-04-04T13:02:24.077+0000] {dag.py:3036} INFO - Sync 1 DAGs
[2026-04-04T13:02:24.102+0000] {logging_mixin.py:188} INFO - [2026-04-04T13:02:24.102+0000] {dag.py:3823} INFO - Setting next_dagrun for weekly_summary_pipeline to 2026-03-30 06:00:00+00:00, run_after=2026-04-06 06:00:00+00:00
[2026-04-04T13:02:24.126+0000] {processor.py:183} INFO - Processing /opt/airflow/dags/weekly_summary_pipeline.py took 0.230 seconds
[2026-04-04T13:02:54.506+0000] {processor.py:161} INFO - Started process (PID=225) to work on /opt/airflow/dags/weekly_summary_pipeline.py
[2026-04-04T13:02:54.507+0000] {processor.py:830} INFO - Processing file /opt/airflow/dags/weekly_summary_pipeline.py for tasks to queue
[2026-04-04T13:02:54.508+0000] {logging_mixin.py:188} INFO - [2026-04-04T13:02:54.508+0000] {dagbag.py:538} INFO - Filling up the DagBag from /opt/airflow/dags/weekly_summary_pipeline.py
[2026-04-04T13:02:54.538+0000] {processor.py:840} INFO - DAG(s) 'weekly_summary_pipeline' retrieved from /opt/airflow/dags/weekly_summary_pipeline.py
[2026-04-04T13:02:54.581+0000] {logging_mixin.py:188} INFO - [2026-04-04T13:02:54.580+0000] {dag.py:3036} INFO - Sync 1 DAGs
[2026-04-04T13:02:54.612+0000] {logging_mixin.py:188} INFO - [2026-04-04T13:02:54.612+0000] {dag.py:3823} INFO - Setting next_dagrun for weekly_summary_pipeline to 2026-03-30 06:00:00+00:00, run_after=2026-04-06 06:00:00+00:00
[2026-04-04T13:02:54.639+0000] {processor.py:183} INFO - Processing /opt/airflow/dags/weekly_summary_pipeline.py took 0.135 seconds
[2026-04-04T13:03:25.076+0000] {processor.py:161} INFO - Started process (PID=248) to work on /opt/airflow/dags/weekly_summary_pipeline.py
[2026-04-04T13:03:25.077+0000] {processor.py:830} INFO - Processing file /opt/airflow/dags/weekly_summary_pipeline.py for tasks to queue
[2026-04-04T13:03:25.081+0000] {logging_mixin.py:188} INFO - [2026-04-04T13:03:25.080+0000] {dagbag.py:538} INFO - Filling up the DagBag from /opt/airflow/dags/weekly_summary_pipeline.py
[2026-04-04T13:03:25.112+0000] {processor.py:840} INFO - DAG(s) 'weekly_summary_pipeline' retrieved from /opt/airflow/dags/weekly_summary_pipeline.py
[2026-04-04T13:03:25.150+0000] {logging_mixin.py:188} INFO - [2026-04-04T13:03:25.149+0000] {dag.py:3036} INFO - Sync 1 DAGs
[2026-04-04T13:03:25.177+0000] {logging_mixin.py:188} INFO - [2026-04-04T13:03:25.177+0000] {dag.py:3823} INFO - Setting next_dagrun for weekly_summary_pipeline to 2026-03-30 06:00:00+00:00, run_after=2026-04-06 06:00:00+00:00
[2026-04-04T13:03:25.205+0000] {processor.py:183} INFO - Processing /opt/airflow/dags/weekly_summary_pipeline.py took 0.136 seconds
[2026-04-04T13:03:55.642+0000] {processor.py:161} INFO - Started process (PID=271) to work on /opt/airflow/dags/weekly_summary_pipeline.py
[2026-04-04T13:03:55.643+0000] {processor.py:830} INFO - Processing file /opt/airflow/dags/weekly_summary_pipeline.py for tasks to queue
[2026-04-04T13:03:55.643+0000] {logging_mixin.py:188} INFO - [2026-04-04T13:03:55.643+0000] {dagbag.py:538} INFO - Filling up the DagBag from /opt/airflow/dags/weekly_summary_pipeline.py
[2026-04-04T13:03:55.663+0000] {processor.py:840} INFO - DAG(s) 'weekly_summary_pipeline' retrieved from /opt/airflow/dags/weekly_summary_pipeline.py
[2026-04-04T13:03:55.698+0000] {logging_mixin.py:188} INFO - [2026-04-04T13:03:55.698+0000] {dag.py:3036} INFO - Sync 1 DAGs
[2026-04-04T13:03:55.729+0000] {logging_mixin.py:188} INFO - [2026-04-04T13:03:55.729+0000] {dag.py:3823} INFO - Setting next_dagrun for weekly_summary_pipeline to 2026-03-30 06:00:00+00:00, run_after=2026-04-06 06:00:00+00:00
[2026-04-04T13:03:55.751+0000] {processor.py:183} INFO - Processing /opt/airflow/dags/weekly_summary_pipeline.py took 0.112 seconds
[2026-04-04T13:04:26.212+0000] {processor.py:161} INFO - Started process (PID=294) to work on /opt/airflow/dags/weekly_summary_pipeline.py
[2026-04-04T13:04:26.213+0000] {processor.py:830} INFO - Processing file /opt/airflow/dags/weekly_summary_pipeline.py for tasks to queue
[2026-04-04T13:04:26.213+0000] {logging_mixin.py:188} INFO - [2026-04-04T13:04:26.213+0000] {dagbag.py:538} INFO - Filling up the DagBag from /opt/airflow/dags/weekly_summary_pipeline.py
[2026-04-04T13:04:26.233+0000] {processor.py:840} INFO - DAG(s) 'weekly_summary_pipeline' retrieved from /opt/airflow/dags/weekly_summary_pipeline.py
[2026-04-04T13:04:26.265+0000] {logging_mixin.py:188} INFO - [2026-04-04T13:04:26.264+0000] {dag.py:3036} INFO - Sync 1 DAGs
[2026-04-04T13:04:26.288+0000] {logging_mixin.py:188} INFO - [2026-04-04T13:04:26.288+0000] {dag.py:3823} INFO - Setting next_dagrun for weekly_summary_pipeline to 2026-03-30 06:00:00+00:00, run_after=2026-04-06 06:00:00+00:00
[2026-04-04T13:04:26.308+0000] {processor.py:183} INFO - Processing /opt/airflow/dags/weekly_summary_pipeline.py took 0.100 seconds
[2026-04-04T13:04:56.786+0000] {processor.py:161} INFO - Started process (PID=317) to work on /opt/airflow/dags/weekly_summary_pipeline.py
[2026-04-04T13:04:56.787+0000] {processor.py:830} INFO - Processing file /opt/airflow/dags/weekly_summary_pipeline.py for tasks to queue
[2026-04-04T13:04:56.787+0000] {logging_mixin.py:188} INFO - [2026-04-04T13:04:56.787+0000] {dagbag.py:538} INFO - Filling up the DagBag from /opt/airflow/dags/weekly_summary_pipeline.py
[2026-04-04T13:04:56.804+0000] {processor.py:840} INFO - DAG(s) 'weekly_summary_pipeline' retrieved from /opt/airflow/dags/weekly_summary_pipeline.py
[2026-04-04T13:04:56.839+0000] {logging_mixin.py:188} INFO - [2026-04-04T13:04:56.839+0000] {dag.py:3036} INFO - Sync 1 DAGs
[2026-04-04T13:04:56.861+0000] {logging_mixin.py:188} INFO - [2026-04-04T13:04:56.861+0000] {dag.py:3823} INFO - Setting next_dagrun for weekly_summary_pipeline to 2026-03-30 06:00:00+00:00, run_after=2026-04-06 06:00:00+00:00
[2026-04-04T13:04:56.881+0000] {processor.py:183} INFO - Processing /opt/airflow/dags/weekly_summary_pipeline.py took 0.098 seconds
[2026-04-04T13:05:27.273+0000] {processor.py:161} INFO - Started process (PID=340) to work on /opt/airflow/dags/weekly_summary_pipeline.py
[2026-04-04T13:05:27.274+0000] {processor.py:830} INFO - Processing file /opt/airflow/dags/weekly_summary_pipeline.py for tasks to queue
[2026-04-04T13:05:27.275+0000] {logging_mixin.py:188} INFO - [2026-04-04T13:05:27.274+0000] {dagbag.py:538} INFO - Filling up the DagBag from /opt/airflow/dags/weekly_summary_pipeline.py
[2026-04-04T13:05:27.298+0000] {processor.py:840} INFO - DAG(s) 'weekly_summary_pipeline' retrieved from /opt/airflow/dags/weekly_summary_pipeline.py
[2026-04-04T13:05:27.341+0000] {logging_mixin.py:188} INFO - [2026-04-04T13:05:27.341+0000] {dag.py:3036} INFO - Sync 1 DAGs
[2026-04-04T13:05:27.364+0000] {logging_mixin.py:188} INFO - [2026-04-04T13:05:27.364+0000] {dag.py:3823} INFO - Setting next_dagrun for weekly_summary_pipeline to 2026-03-30 06:00:00+00:00, run_after=2026-04-06 06:00:00+00:00
[2026-04-04T13:05:27.386+0000] {processor.py:183} INFO - Processing /opt/airflow/dags/weekly_summary_pipeline.py took 0.116 seconds
[2026-04-04T13:05:57.849+0000] {processor.py:161} INFO - Started process (PID=363) to work on /opt/airflow/dags/weekly_summary_pipeline.py
[2026-04-04T13:05:57.850+0000] {processor.py:830} INFO - Processing file /opt/airflow/dags/weekly_summary_pipeline.py for tasks to queue
[2026-04-04T13:05:57.850+0000] {logging_mixin.py:188} INFO - [2026-04-04T13:05:57.850+0000] {dagbag.py:538} INFO - Filling up the DagBag from /opt/airflow/dags/weekly_summary_pipeline.py
[2026-04-04T13:05:57.873+0000] {processor.py:840} INFO - DAG(s) 'weekly_summary_pipeline' retrieved from /opt/airflow/dags/weekly_summary_pipeline.py
[2026-04-04T13:05:57.898+0000] {logging_mixin.py:188} INFO - [2026-04-04T13:05:57.898+0000] {dag.py:3036} INFO - Sync 1 DAGs
[2026-04-04T13:05:57.922+0000] {logging_mixin.py:188} INFO - [2026-04-04T13:05:57.921+0000] {dag.py:3823} INFO - Setting next_dagrun for weekly_summary_pipeline to 2026-03-30 06:00:00+00:00, run_after=2026-04-06 06:00:00+00:00
[2026-04-04T13:05:57.943+0000] {processor.py:183} INFO - Processing /opt/airflow/dags/weekly_summary_pipeline.py took 0.097 seconds
[2026-04-04T13:06:28.427+0000] {processor.py:161} INFO - Started process (PID=386) to work on /opt/airflow/dags/weekly_summary_pipeline.py
[2026-04-04T13:06:28.428+0000] {processor.py:830} INFO - Processing file /opt/airflow/dags/weekly_summary_pipeline.py for tasks to queue
[2026-04-04T13:06:28.429+0000] {logging_mixin.py:188} INFO - [2026-04-04T13:06:28.428+0000] {dagbag.py:538} INFO - Filling up the DagBag from /opt/airflow/dags/weekly_summary_pipeline.py
[2026-04-04T13:06:28.448+0000] {processor.py:840} INFO - DAG(s) 'weekly_summary_pipeline' retrieved from /opt/airflow/dags/weekly_summary_pipeline.py
[2026-04-04T13:06:28.476+0000] {logging_mixin.py:188} INFO - [2026-04-04T13:06:28.475+0000] {dag.py:3036} INFO - Sync 1 DAGs
[2026-04-04T13:06:28.501+0000] {logging_mixin.py:188} INFO - [2026-04-04T13:06:28.500+0000] {dag.py:3823} INFO - Setting next_dagrun for weekly_summary_pipeline to 2026-03-30 06:00:00+00:00, run_after=2026-04-06 06:00:00+00:00
[2026-04-04T13:06:28.517+0000] {processor.py:183} INFO - Processing /opt/airflow/dags/weekly_summary_pipeline.py took 0.093 seconds
[2026-04-04T13:06:59.015+0000] {processor.py:161} INFO - Started process (PID=409) to work on /opt/airflow/dags/weekly_summary_pipeline.py
[2026-04-04T13:06:59.016+0000] {processor.py:830} INFO - Processing file /opt/airflow/dags/weekly_summary_pipeline.py for tasks to queue
[2026-04-04T13:06:59.017+0000] {logging_mixin.py:188} INFO - [2026-04-04T13:06:59.016+0000] {dagbag.py:538} INFO - Filling up the DagBag from /opt/airflow/dags/weekly_summary_pipeline.py
[2026-04-04T13:06:59.035+0000] {processor.py:840} INFO - DAG(s) 'weekly_summary_pipeline' retrieved from /opt/airflow/dags/weekly_summary_pipeline.py
[2026-04-04T13:06:59.063+0000] {logging_mixin.py:188} INFO - [2026-04-04T13:06:59.062+0000] {dag.py:3036} INFO - Sync 1 DAGs
[2026-04-04T13:06:59.085+0000] {logging_mixin.py:188} INFO - [2026-04-04T13:06:59.085+0000] {dag.py:3823} INFO - Setting next_dagrun for weekly_summary_pipeline to 2026-03-30 06:00:00+00:00, run_after=2026-04-06 06:00:00+00:00
[2026-04-04T13:06:59.105+0000] {processor.py:183} INFO - Processing /opt/airflow/dags/weekly_summary_pipeline.py took 0.093 seconds
[2026-04-04T13:07:29.552+0000] {processor.py:161} INFO - Started process (PID=432) to work on /opt/airflow/dags/weekly_summary_pipeline.py
[2026-04-04T13:07:29.552+0000] {processor.py:830} INFO - Processing file /opt/airflow/dags/weekly_summary_pipeline.py for tasks to queue
[2026-04-04T13:07:29.553+0000] {logging_mixin.py:188} INFO - [2026-04-04T13:07:29.553+0000] {dagbag.py:538} INFO - Filling up the DagBag from /opt/airflow/dags/weekly_summary_pipeline.py
[2026-04-04T13:07:29.573+0000] {processor.py:840} INFO - DAG(s) 'weekly_summary_pipeline' retrieved from /opt/airflow/dags/weekly_summary_pipeline.py
[2026-04-04T13:07:29.602+0000] {logging_mixin.py:188} INFO - [2026-04-04T13:07:29.602+0000] {dag.py:3036} INFO - Sync 1 DAGs
[2026-04-04T13:07:29.626+0000] {logging_mixin.py:188} INFO - [2026-04-04T13:07:29.626+0000] {dag.py:3823} INFO - Setting next_dagrun for weekly_summary_pipeline to 2026-03-30 06:00:00+00:00, run_after=2026-04-06 06:00:00+00:00
[2026-04-04T13:07:29.647+0000] {processor.py:183} INFO - Processing /opt/airflow/dags/weekly_summary_pipeline.py took 0.098 seconds
[2026-04-04T13:08:00.124+0000] {processor.py:161} INFO - Started process (PID=455) to work on /opt/airflow/dags/weekly_summary_pipeline.py
[2026-04-04T13:08:00.125+0000] {processor.py:830} INFO - Processing file /opt/airflow/dags/weekly_summary_pipeline.py for tasks to queue
[2026-04-04T13:08:00.126+0000] {logging_mixin.py:188} INFO - [2026-04-04T13:08:00.126+0000] {dagbag.py:538} INFO - Filling up the DagBag from /opt/airflow/dags/weekly_summary_pipeline.py
[2026-04-04T13:08:00.149+0000] {processor.py:840} INFO - DAG(s) 'weekly_summary_pipeline' retrieved from /opt/airflow/dags/weekly_summary_pipeline.py
[2026-04-04T13:08:00.177+0000] {logging_mixin.py:188} INFO - [2026-04-04T13:08:00.177+0000] {dag.py:3036} INFO - Sync 1 DAGs
[2026-04-04T13:08:00.202+0000] {logging_mixin.py:188} INFO - [2026-04-04T13:08:00.202+0000] {dag.py:3823} INFO - Setting next_dagrun for weekly_summary_pipeline to 2026-03-30 06:00:00+00:00, run_after=2026-04-06 06:00:00+00:00
[2026-04-04T13:08:00.221+0000] {processor.py:183} INFO - Processing /opt/airflow/dags/weekly_summary_pipeline.py took 0.099 seconds
[2026-04-04T13:08:30.667+0000] {processor.py:161} INFO - Started process (PID=478) to work on /opt/airflow/dags/weekly_summary_pipeline.py
[2026-04-04T13:08:30.668+0000] {processor.py:830} INFO - Processing file /opt/airflow/dags/weekly_summary_pipeline.py for tasks to queue
[2026-04-04T13:08:30.669+0000] {logging_mixin.py:188} INFO - [2026-04-04T13:08:30.669+0000] {dagbag.py:538} INFO - Filling up the DagBag from /opt/airflow/dags/weekly_summary_pipeline.py
[2026-04-04T13:08:30.686+0000] {processor.py:840} INFO - DAG(s) 'weekly_summary_pipeline' retrieved from /opt/airflow/dags/weekly_summary_pipeline.py
[2026-04-04T13:08:30.715+0000] {logging_mixin.py:188} INFO - [2026-04-04T13:08:30.715+0000] {dag.py:3036} INFO - Sync 1 DAGs
[2026-04-04T13:08:30.739+0000] {logging_mixin.py:188} INFO - [2026-04-04T13:08:30.739+0000] {dag.py:3823} INFO - Setting next_dagrun for weekly_summary_pipeline to 2026-03-30 06:00:00+00:00, run_after=2026-04-06 06:00:00+00:00
[2026-04-04T13:08:30.760+0000] {processor.py:183} INFO - Processing /opt/airflow/dags/weekly_summary_pipeline.py took 0.095 seconds
[2026-04-04T13:09:01.204+0000] {processor.py:161} INFO - Started process (PID=501) to work on /opt/airflow/dags/weekly_summary_pipeline.py
[2026-04-04T13:09:01.205+0000] {processor.py:830} INFO - Processing file /opt/airflow/dags/weekly_summary_pipeline.py for tasks to queue
[2026-04-04T13:09:01.206+0000] {logging_mixin.py:188} INFO - [2026-04-04T13:09:01.205+0000] {dagbag.py:538} INFO - Filling up the DagBag from /opt/airflow/dags/weekly_summary_pipeline.py
[2026-04-04T13:09:01.222+0000] {processor.py:840} INFO - DAG(s) 'weekly_summary_pipeline' retrieved from /opt/airflow/dags/weekly_summary_pipeline.py
[2026-04-04T13:09:01.250+0000] {logging_mixin.py:188} INFO - [2026-04-04T13:09:01.250+0000] {dag.py:3036} INFO - Sync 1 DAGs
[2026-04-04T13:09:01.274+0000] {logging_mixin.py:188} INFO - [2026-04-04T13:09:01.274+0000] {dag.py:3823} INFO - Setting next_dagrun for weekly_summary_pipeline to 2026-03-30 06:00:00+00:00, run_after=2026-04-06 06:00:00+00:00
[2026-04-04T13:09:01.316+0000] {processor.py:183} INFO - Processing /opt/airflow/dags/weekly_summary_pipeline.py took 0.114 seconds
[2026-04-04T13:09:31.766+0000] {processor.py:161} INFO - Started process (PID=524) to work on /opt/airflow/dags/weekly_summary_pipeline.py
[2026-04-04T13:09:31.766+0000] {processor.py:830} INFO - Processing file /opt/airflow/dags/weekly_summary_pipeline.py for tasks to queue
[2026-04-04T13:09:31.767+0000] {logging_mixin.py:188} INFO - [2026-04-04T13:09:31.767+0000] {dagbag.py:538} INFO - Filling up the DagBag from /opt/airflow/dags/weekly_summary_pipeline.py
[2026-04-04T13:09:31.785+0000] {processor.py:840} INFO - DAG(s) 'weekly_summary_pipeline' retrieved from /opt/airflow/dags/weekly_summary_pipeline.py
[2026-04-04T13:09:31.810+0000] {logging_mixin.py:188} INFO - [2026-04-04T13:09:31.810+0000] {dag.py:3036} INFO - Sync 1 DAGs
[2026-04-04T13:09:31.830+0000] {logging_mixin.py:188} INFO - [2026-04-04T13:09:31.830+0000] {dag.py:3823} INFO - Setting next_dagrun for weekly_summary_pipeline to 2026-03-30 06:00:00+00:00, run_after=2026-04-06 06:00:00+00:00
[2026-04-04T13:09:31.849+0000] {processor.py:183} INFO - Processing /opt/airflow/dags/weekly_summary_pipeline.py took 0.086 seconds
[2026-04-04T13:10:02.374+0000] {processor.py:161} INFO - Started process (PID=547) to work on /opt/airflow/dags/weekly_summary_pipeline.py
[2026-04-04T13:10:02.375+0000] {processor.py:830} INFO - Processing file /opt/airflow/dags/weekly_summary_pipeline.py for tasks to queue
[2026-04-04T13:10:02.376+0000] {logging_mixin.py:188} INFO - [2026-04-04T13:10:02.376+0000] {dagbag.py:538} INFO - Filling up the DagBag from /opt/airflow/dags/weekly_summary_pipeline.py
[2026-04-04T13:10:02.400+0000] {processor.py:840} INFO - DAG(s) 'weekly_summary_pipeline' retrieved from /opt/airflow/dags/weekly_summary_pipeline.py
[2026-04-04T13:10:02.430+0000] {logging_mixin.py:188} INFO - [2026-04-04T13:10:02.430+0000] {dag.py:3036} INFO - Sync 1 DAGs
[2026-04-04T13:10:02.452+0000] {logging_mixin.py:188} INFO - [2026-04-04T13:10:02.452+0000] {dag.py:3823} INFO - Setting next_dagrun for weekly_summary_pipeline to 2026-03-30 06:00:00+00:00, run_after=2026-04-06 06:00:00+00:00
[2026-04-04T13:10:02.473+0000] {processor.py:183} INFO - Processing /opt/airflow/dags/weekly_summary_pipeline.py took 0.102 seconds
[2026-04-04T13:10:32.977+0000] {processor.py:161} INFO - Started process (PID=562) to work on /opt/airflow/dags/weekly_summary_pipeline.py
[2026-04-04T13:10:32.977+0000] {processor.py:830} INFO - Processing file /opt/airflow/dags/weekly_summary_pipeline.py for tasks to queue
[2026-04-04T13:10:32.978+0000] {logging_mixin.py:188} INFO - [2026-04-04T13:10:32.978+0000] {dagbag.py:538} INFO - Filling up the DagBag from /opt/airflow/dags/weekly_summary_pipeline.py
[2026-04-04T13:10:32.996+0000] {processor.py:840} INFO - DAG(s) 'weekly_summary_pipeline' retrieved from /opt/airflow/dags/weekly_summary_pipeline.py
[2026-04-04T13:10:33.026+0000] {logging_mixin.py:188} INFO - [2026-04-04T13:10:33.025+0000] {dag.py:3036} INFO - Sync 1 DAGs
[2026-04-04T13:10:33.048+0000] {logging_mixin.py:188} INFO - [2026-04-04T13:10:33.048+0000] {dag.py:3823} INFO - Setting next_dagrun for weekly_summary_pipeline to 2026-03-30 06:00:00+00:00, run_after=2026-04-06 06:00:00+00:00
[2026-04-04T13:10:33.071+0000] {processor.py:183} INFO - Processing /opt/airflow/dags/weekly_summary_pipeline.py took 0.097 seconds
[2026-04-04T13:11:03.511+0000] {processor.py:161} INFO - Started process (PID=585) to work on /opt/airflow/dags/weekly_summary_pipeline.py
[2026-04-04T13:11:03.512+0000] {processor.py:830} INFO - Processing file /opt/airflow/dags/weekly_summary_pipeline.py for tasks to queue
[2026-04-04T13:11:03.513+0000] {logging_mixin.py:188} INFO - [2026-04-04T13:11:03.513+0000] {dagbag.py:538} INFO - Filling up the DagBag from /opt/airflow/dags/weekly_summary_pipeline.py
[2026-04-04T13:11:03.533+0000] {processor.py:840} INFO - DAG(s) 'weekly_summary_pipeline' retrieved from /opt/airflow/dags/weekly_summary_pipeline.py
[2026-04-04T13:11:03.561+0000] {logging_mixin.py:188} INFO - [2026-04-04T13:11:03.561+0000] {dag.py:3036} INFO - Sync 1 DAGs
[2026-04-04T13:11:03.583+0000] {logging_mixin.py:188} INFO - [2026-04-04T13:11:03.583+0000] {dag.py:3823} INFO - Setting next_dagrun for weekly_summary_pipeline to 2026-03-30 06:00:00+00:00, run_after=2026-04-06 06:00:00+00:00
[2026-04-04T13:11:03.604+0000] {processor.py:183} INFO - Processing /opt/airflow/dags/weekly_summary_pipeline.py took 0.095 seconds
[2026-04-04T13:11:34.087+0000] {processor.py:161} INFO - Started process (PID=608) to work on /opt/airflow/dags/weekly_summary_pipeline.py
[2026-04-04T13:11:34.088+0000] {processor.py:830} INFO - Processing file /opt/airflow/dags/weekly_summary_pipeline.py for tasks to queue
[2026-04-04T13:11:34.088+0000] {logging_mixin.py:188} INFO - [2026-04-04T13:11:34.088+0000] {dagbag.py:538} INFO - Filling up the DagBag from /opt/airflow/dags/weekly_summary_pipeline.py
[2026-04-04T13:11:34.108+0000] {processor.py:840} INFO - DAG(s) 'weekly_summary_pipeline' retrieved from /opt/airflow/dags/weekly_summary_pipeline.py
[2026-04-04T13:11:34.137+0000] {logging_mixin.py:188} INFO - [2026-04-04T13:11:34.136+0000] {dag.py:3036} INFO - Sync 1 DAGs
[2026-04-04T13:11:34.159+0000] {logging_mixin.py:188} INFO - [2026-04-04T13:11:34.159+0000] {dag.py:3823} INFO - Setting next_dagrun for weekly_summary_pipeline to 2026-03-30 06:00:00+00:00, run_after=2026-04-06 06:00:00+00:00
[2026-04-04T13:11:34.179+0000] {processor.py:183} INFO - Processing /opt/airflow/dags/weekly_summary_pipeline.py took 0.095 seconds
[2026-04-04T13:12:04.649+0000] {processor.py:161} INFO - Started process (PID=631) to work on /opt/airflow/dags/weekly_summary_pipeline.py
[2026-04-04T13:12:04.650+0000] {processor.py:830} INFO - Processing file /opt/airflow/dags/weekly_summary_pipeline.py for tasks to queue
[2026-04-04T13:12:04.651+0000] {logging_mixin.py:188} INFO - [2026-04-04T13:12:04.651+0000] {dagbag.py:538} INFO - Filling up the DagBag from /opt/airflow/dags/weekly_summary_pipeline.py
[2026-04-04T13:12:04.672+0000] {processor.py:840} INFO - DAG(s) 'weekly_summary_pipeline' retrieved from /opt/airflow/dags/weekly_summary_pipeline.py
[2026-04-04T13:12:04.702+0000] {logging_mixin.py:188} INFO - [2026-04-04T13:12:04.702+0000] {dag.py:3036} INFO - Sync 1 DAGs
[2026-04-04T13:12:04.725+0000] {logging_mixin.py:188} INFO - [2026-04-04T13:12:04.725+0000] {dag.py:3823} INFO - Setting next_dagrun for weekly_summary_pipeline to 2026-03-30 06:00:00+00:00, run_after=2026-04-06 06:00:00+00:00
[2026-04-04T13:12:04.744+0000] {processor.py:183} INFO - Processing /opt/airflow/dags/weekly_summary_pipeline.py took 0.098 seconds
[2026-04-04T13:12:35.154+0000] {processor.py:161} INFO - Started process (PID=654) to work on /opt/airflow/dags/weekly_summary_pipeline.py
[2026-04-04T13:12:35.155+0000] {processor.py:830} INFO - Processing file /opt/airflow/dags/weekly_summary_pipeline.py for tasks to queue
[2026-04-04T13:12:35.156+0000] {logging_mixin.py:188} INFO - [2026-04-04T13:12:35.155+0000] {dagbag.py:538} INFO - Filling up the DagBag from /opt/airflow/dags/weekly_summary_pipeline.py
[2026-04-04T13:12:35.177+0000] {processor.py:840} INFO - DAG(s) 'weekly_summary_pipeline' retrieved from /opt/airflow/dags/weekly_summary_pipeline.py
[2026-04-04T13:12:35.205+0000] {logging_mixin.py:188} INFO - [2026-04-04T13:12:35.205+0000] {dag.py:3036} INFO - Sync 1 DAGs
[2026-04-04T13:12:35.227+0000] {logging_mixin.py:188} INFO - [2026-04-04T13:12:35.227+0000] {dag.py:3823} INFO - Setting next_dagrun for weekly_summary_pipeline to 2026-03-30 06:00:00+00:00, run_after=2026-04-06 06:00:00+00:00
[2026-04-04T13:12:35.248+0000] {processor.py:183} INFO - Processing /opt/airflow/dags/weekly_summary_pipeline.py took 0.097 seconds
[2026-04-04T13:13:05.701+0000] {processor.py:161} INFO - Started process (PID=677) to work on /opt/airflow/dags/weekly_summary_pipeline.py
[2026-04-04T13:13:05.702+0000] {processor.py:830} INFO - Processing file /opt/airflow/dags/weekly_summary_pipeline.py for tasks to queue
[2026-04-04T13:13:05.703+0000] {logging_mixin.py:188} INFO - [2026-04-04T13:13:05.702+0000] {dagbag.py:538} INFO - Filling up the DagBag from /opt/airflow/dags/weekly_summary_pipeline.py
[2026-04-04T13:13:05.721+0000] {processor.py:840} INFO - DAG(s) 'weekly_summary_pipeline' retrieved from /opt/airflow/dags/weekly_summary_pipeline.py
[2026-04-04T13:13:05.748+0000] {logging_mixin.py:188} INFO - [2026-04-04T13:13:05.748+0000] {dag.py:3036} INFO - Sync 1 DAGs
[2026-04-04T13:13:05.771+0000] {logging_mixin.py:188} INFO - [2026-04-04T13:13:05.771+0000] {dag.py:3823} INFO - Setting next_dagrun for weekly_summary_pipeline to 2026-03-30 06:00:00+00:00, run_after=2026-04-06 06:00:00+00:00
[2026-04-04T13:13:05.792+0000] {processor.py:183} INFO - Processing /opt/airflow/dags/weekly_summary_pipeline.py took 0.094 seconds
[2026-04-04T13:13:36.282+0000] {processor.py:161} INFO - Started process (PID=700) to work on /opt/airflow/dags/weekly_summary_pipeline.py
[2026-04-04T13:13:36.283+0000] {processor.py:830} INFO - Processing file /opt/airflow/dags/weekly_summary_pipeline.py for tasks to queue
[2026-04-04T13:13:36.284+0000] {logging_mixin.py:188} INFO - [2026-04-04T13:13:36.284+0000] {dagbag.py:538} INFO - Filling up the DagBag from /opt/airflow/dags/weekly_summary_pipeline.py
[2026-04-04T13:13:36.302+0000] {processor.py:840} INFO - DAG(s) 'weekly_summary_pipeline' retrieved from /opt/airflow/dags/weekly_summary_pipeline.py
[2026-04-04T13:13:36.329+0000] {logging_mixin.py:188} INFO - [2026-04-04T13:13:36.329+0000] {dag.py:3036} INFO - Sync 1 DAGs
[2026-04-04T13:13:36.351+0000] {logging_mixin.py:188} INFO - [2026-04-04T13:13:36.351+0000] {dag.py:3823} INFO - Setting next_dagrun for weekly_summary_pipeline to 2026-03-30 06:00:00+00:00, run_after=2026-04-06 06:00:00+00:00
[2026-04-04T13:13:36.371+0000] {processor.py:183} INFO - Processing /opt/airflow/dags/weekly_summary_pipeline.py took 0.091 seconds
[2026-04-04T13:14:06.859+0000] {processor.py:161} INFO - Started process (PID=723) to work on /opt/airflow/dags/weekly_summary_pipeline.py
[2026-04-04T13:14:06.860+0000] {processor.py:830} INFO - Processing file /opt/airflow/dags/weekly_summary_pipeline.py for tasks to queue
[2026-04-04T13:14:06.861+0000] {logging_mixin.py:188} INFO - [2026-04-04T13:14:06.861+0000] {dagbag.py:538} INFO - Filling up the DagBag from /opt/airflow/dags/weekly_summary_pipeline.py
[2026-04-04T13:14:06.879+0000] {processor.py:840} INFO - DAG(s) 'weekly_summary_pipeline' retrieved from /opt/airflow/dags/weekly_summary_pipeline.py
[2026-04-04T13:14:06.909+0000] {logging_mixin.py:188} INFO - [2026-04-04T13:14:06.909+0000] {dag.py:3036} INFO - Sync 1 DAGs
[2026-04-04T13:14:06.932+0000] {logging_mixin.py:188} INFO - [2026-04-04T13:14:06.932+0000] {dag.py:3823} INFO - Setting next_dagrun for weekly_summary_pipeline to 2026-03-30 06:00:00+00:00, run_after=2026-04-06 06:00:00+00:00
[2026-04-04T13:14:06.953+0000] {processor.py:183} INFO - Processing /opt/airflow/dags/weekly_summary_pipeline.py took 0.096 seconds
[2026-04-04T13:14:37.456+0000] {processor.py:161} INFO - Started process (PID=746) to work on /opt/airflow/dags/weekly_summary_pipeline.py
[2026-04-04T13:14:37.457+0000] {processor.py:830} INFO - Processing file /opt/airflow/dags/weekly_summary_pipeline.py for tasks to queue
[2026-04-04T13:14:37.458+0000] {logging_mixin.py:188} INFO - [2026-04-04T13:14:37.458+0000] {dagbag.py:538} INFO - Filling up the DagBag from /opt/airflow/dags/weekly_summary_pipeline.py
[2026-04-04T13:14:37.488+0000] {processor.py:840} INFO - DAG(s) 'weekly_summary_pipeline' retrieved from /opt/airflow/dags/weekly_summary_pipeline.py
[2026-04-04T13:14:37.523+0000] {logging_mixin.py:188} INFO - [2026-04-04T13:14:37.523+0000] {dag.py:3036} INFO - Sync 1 DAGs
[2026-04-04T13:14:37.555+0000] {logging_mixin.py:188} INFO - [2026-04-04T13:14:37.554+0000] {dag.py:3823} INFO - Setting next_dagrun for weekly_summary_pipeline to 2026-03-30 06:00:00+00:00, run_after=2026-04-06 06:00:00+00:00
[2026-04-04T13:14:37.580+0000] {processor.py:183} INFO - Processing /opt/airflow/dags/weekly_summary_pipeline.py took 0.129 seconds
[2026-04-04T13:15:08.474+0000] {processor.py:161} INFO - Started process (PID=769) to work on /opt/airflow/dags/weekly_summary_pipeline.py
[2026-04-04T13:15:08.476+0000] {processor.py:830} INFO - Processing file /opt/airflow/dags/weekly_summary_pipeline.py for tasks to queue
[2026-04-04T13:15:08.477+0000] {logging_mixin.py:188} INFO - [2026-04-04T13:15:08.476+0000] {dagbag.py:538} INFO - Filling up the DagBag from /opt/airflow/dags/weekly_summary_pipeline.py
[2026-04-04T13:15:08.499+0000] {processor.py:840} INFO - DAG(s) 'weekly_summary_pipeline' retrieved from /opt/airflow/dags/weekly_summary_pipeline.py
[2026-04-04T13:15:08.530+0000] {logging_mixin.py:188} INFO - [2026-04-04T13:15:08.530+0000] {dag.py:3036} INFO - Sync 1 DAGs
[2026-04-04T13:15:08.556+0000] {logging_mixin.py:188} INFO - [2026-04-04T13:15:08.556+0000] {dag.py:3823} INFO - Setting next_dagrun for weekly_summary_pipeline to 2026-03-30 06:00:00+00:00, run_after=2026-04-06 06:00:00+00:00
[2026-04-04T13:15:08.577+0000] {processor.py:183} INFO - Processing /opt/airflow/dags/weekly_summary_pipeline.py took 0.105 seconds
[2026-04-04T13:15:38.987+0000] {processor.py:161} INFO - Started process (PID=792) to work on /opt/airflow/dags/weekly_summary_pipeline.py
[2026-04-04T13:15:38.988+0000] {processor.py:830} INFO - Processing file /opt/airflow/dags/weekly_summary_pipeline.py for tasks to queue
[2026-04-04T13:15:38.989+0000] {logging_mixin.py:188} INFO - [2026-04-04T13:15:38.989+0000] {dagbag.py:538} INFO - Filling up the DagBag from /opt/airflow/dags/weekly_summary_pipeline.py
[2026-04-04T13:15:39.016+0000] {processor.py:840} INFO - DAG(s) 'weekly_summary_pipeline' retrieved from /opt/airflow/dags/weekly_summary_pipeline.py
[2026-04-04T13:15:39.049+0000] {logging_mixin.py:188} INFO - [2026-04-04T13:15:39.049+0000] {dag.py:3036} INFO - Sync 1 DAGs
[2026-04-04T13:15:39.072+0000] {logging_mixin.py:188} INFO - [2026-04-04T13:15:39.072+0000] {dag.py:3823} INFO - Setting next_dagrun for weekly_summary_pipeline to 2026-03-30 06:00:00+00:00, run_after=2026-04-06 06:00:00+00:00
[2026-04-04T13:15:39.093+0000] {processor.py:183} INFO - Processing /opt/airflow/dags/weekly_summary_pipeline.py took 0.109 seconds
[2026-04-04T13:16:09.523+0000] {processor.py:161} INFO - Started process (PID=815) to work on /opt/airflow/dags/weekly_summary_pipeline.py
[2026-04-04T13:16:09.523+0000] {processor.py:830} INFO - Processing file /opt/airflow/dags/weekly_summary_pipeline.py for tasks to queue
[2026-04-04T13:16:09.524+0000] {logging_mixin.py:188} INFO - [2026-04-04T13:16:09.524+0000] {dagbag.py:538} INFO - Filling up the DagBag from /opt/airflow/dags/weekly_summary_pipeline.py
[2026-04-04T13:16:09.546+0000] {processor.py:840} INFO - DAG(s) 'weekly_summary_pipeline' retrieved from /opt/airflow/dags/weekly_summary_pipeline.py
[2026-04-04T13:16:09.575+0000] {logging_mixin.py:188} INFO - [2026-04-04T13:16:09.575+0000] {dag.py:3036} INFO - Sync 1 DAGs
[2026-04-04T13:16:09.600+0000] {logging_mixin.py:188} INFO - [2026-04-04T13:16:09.600+0000] {dag.py:3823} INFO - Setting next_dagrun for weekly_summary_pipeline to 2026-03-30 06:00:00+00:00, run_after=2026-04-06 06:00:00+00:00
[2026-04-04T13:16:09.621+0000] {processor.py:183} INFO - Processing /opt/airflow/dags/weekly_summary_pipeline.py took 0.101 seconds
[2026-04-04T13:16:40.035+0000] {processor.py:161} INFO - Started process (PID=838) to work on /opt/airflow/dags/weekly_summary_pipeline.py
[2026-04-04T13:16:40.036+0000] {processor.py:830} INFO - Processing file /opt/airflow/dags/weekly_summary_pipeline.py for tasks to queue
[2026-04-04T13:16:40.037+0000] {logging_mixin.py:188} INFO - [2026-04-04T13:16:40.037+0000] {dagbag.py:538} INFO - Filling up the DagBag from /opt/airflow/dags/weekly_summary_pipeline.py
[2026-04-04T13:16:40.057+0000] {processor.py:840} INFO - DAG(s) 'weekly_summary_pipeline' retrieved from /opt/airflow/dags/weekly_summary_pipeline.py
[2026-04-04T13:16:40.084+0000] {logging_mixin.py:188} INFO - [2026-04-04T13:16:40.084+0000] {dag.py:3036} INFO - Sync 1 DAGs
[2026-04-04T13:16:40.109+0000] {logging_mixin.py:188} INFO - [2026-04-04T13:16:40.109+0000] {dag.py:3823} INFO - Setting next_dagrun for weekly_summary_pipeline to 2026-03-30 06:00:00+00:00, run_after=2026-04-06 06:00:00+00:00
[2026-04-04T13:16:40.128+0000] {processor.py:183} INFO - Processing /opt/airflow/dags/weekly_summary_pipeline.py took 0.096 seconds
[2026-04-04T13:17:11.030+0000] {processor.py:161} INFO - Started process (PID=861) to work on /opt/airflow/dags/weekly_summary_pipeline.py
[2026-04-04T13:17:11.031+0000] {processor.py:830} INFO - Processing file /opt/airflow/dags/weekly_summary_pipeline.py for tasks to queue
[2026-04-04T13:17:11.032+0000] {logging_mixin.py:188} INFO - [2026-04-04T13:17:11.032+0000] {dagbag.py:538} INFO - Filling up the DagBag from /opt/airflow/dags/weekly_summary_pipeline.py
[2026-04-04T13:17:11.054+0000] {processor.py:840} INFO - DAG(s) 'weekly_summary_pipeline' retrieved from /opt/airflow/dags/weekly_summary_pipeline.py
[2026-04-04T13:17:11.082+0000] {logging_mixin.py:188} INFO - [2026-04-04T13:17:11.082+0000] {dag.py:3036} INFO - Sync 1 DAGs
[2026-04-04T13:17:11.104+0000] {logging_mixin.py:188} INFO - [2026-04-04T13:17:11.104+0000] {dag.py:3823} INFO - Setting next_dagrun for weekly_summary_pipeline to 2026-03-30 06:00:00+00:00, run_after=2026-04-06 06:00:00+00:00
[2026-04-04T13:17:11.128+0000] {processor.py:183} INFO - Processing /opt/airflow/dags/weekly_summary_pipeline.py took 0.100 seconds
[2026-04-04T13:17:41.589+0000] {processor.py:161} INFO - Started process (PID=884) to work on /opt/airflow/dags/weekly_summary_pipeline.py
[2026-04-04T13:17:41.590+0000] {processor.py:830} INFO - Processing file /opt/airflow/dags/weekly_summary_pipeline.py for tasks to queue
[2026-04-04T13:17:41.591+0000] {logging_mixin.py:188} INFO - [2026-04-04T13:17:41.591+0000] {dagbag.py:538} INFO - Filling up the DagBag from /opt/airflow/dags/weekly_summary_pipeline.py
[2026-04-04T13:17:41.614+0000] {processor.py:840} INFO - DAG(s) 'weekly_summary_pipeline' retrieved from /opt/airflow/dags/weekly_summary_pipeline.py
[2026-04-04T13:17:41.643+0000] {logging_mixin.py:188} INFO - [2026-04-04T13:17:41.643+0000] {dag.py:3036} INFO - Sync 1 DAGs
[2026-04-04T13:17:41.667+0000] {logging_mixin.py:188} INFO - [2026-04-04T13:17:41.666+0000] {dag.py:3823} INFO - Setting next_dagrun for weekly_summary_pipeline to 2026-03-30 06:00:00+00:00, run_after=2026-04-06 06:00:00+00:00
[2026-04-04T13:17:41.690+0000] {processor.py:183} INFO - Processing /opt/airflow/dags/weekly_summary_pipeline.py took 0.104 seconds
[2026-04-04T13:18:12.173+0000] {processor.py:161} INFO - Started process (PID=907) to work on /opt/airflow/dags/weekly_summary_pipeline.py
[2026-04-04T13:18:12.174+0000] {processor.py:830} INFO - Processing file /opt/airflow/dags/weekly_summary_pipeline.py for tasks to queue
[2026-04-04T13:18:12.175+0000] {logging_mixin.py:188} INFO - [2026-04-04T13:18:12.174+0000] {dagbag.py:538} INFO - Filling up the DagBag from /opt/airflow/dags/weekly_summary_pipeline.py
[2026-04-04T13:18:12.194+0000] {processor.py:840} INFO - DAG(s) 'weekly_summary_pipeline' retrieved from /opt/airflow/dags/weekly_summary_pipeline.py
[2026-04-04T13:18:12.222+0000] {logging_mixin.py:188} INFO - [2026-04-04T13:18:12.222+0000] {dag.py:3036} INFO - Sync 1 DAGs
[2026-04-04T13:18:12.248+0000] {logging_mixin.py:188} INFO - [2026-04-04T13:18:12.247+0000] {dag.py:3823} INFO - Setting next_dagrun for weekly_summary_pipeline to 2026-03-30 06:00:00+00:00, run_after=2026-04-06 06:00:00+00:00
[2026-04-04T13:18:12.280+0000] {processor.py:183} INFO - Processing /opt/airflow/dags/weekly_summary_pipeline.py took 0.110 seconds
[2026-04-04T13:18:42.735+0000] {processor.py:161} INFO - Started process (PID=930) to work on /opt/airflow/dags/weekly_summary_pipeline.py
[2026-04-04T13:18:42.735+0000] {processor.py:830} INFO - Processing file /opt/airflow/dags/weekly_summary_pipeline.py for tasks to queue
[2026-04-04T13:18:42.736+0000] {logging_mixin.py:188} INFO - [2026-04-04T13:18:42.736+0000] {dagbag.py:538} INFO - Filling up the DagBag from /opt/airflow/dags/weekly_summary_pipeline.py
[2026-04-04T13:18:42.753+0000] {processor.py:840} INFO - DAG(s) 'weekly_summary_pipeline' retrieved from /opt/airflow/dags/weekly_summary_pipeline.py
[2026-04-04T13:18:42.784+0000] {logging_mixin.py:188} INFO - [2026-04-04T13:18:42.784+0000] {dag.py:3036} INFO - Sync 1 DAGs
[2026-04-04T13:18:42.812+0000] {logging_mixin.py:188} INFO - [2026-04-04T13:18:42.811+0000] {dag.py:3823} INFO - Setting next_dagrun for weekly_summary_pipeline to 2026-03-30 06:00:00+00:00, run_after=2026-04-06 06:00:00+00:00
[2026-04-04T13:18:42.835+0000] {processor.py:183} INFO - Processing /opt/airflow/dags/weekly_summary_pipeline.py took 0.103 seconds
[2026-04-04T13:19:13.280+0000] {processor.py:161} INFO - Started process (PID=953) to work on /opt/airflow/dags/weekly_summary_pipeline.py
[2026-04-04T13:19:13.281+0000] {processor.py:830} INFO - Processing file /opt/airflow/dags/weekly_summary_pipeline.py for tasks to queue
[2026-04-04T13:19:13.281+0000] {logging_mixin.py:188} INFO - [2026-04-04T13:19:13.281+0000] {dagbag.py:538} INFO - Filling up the DagBag from /opt/airflow/dags/weekly_summary_pipeline.py
[2026-04-04T13:19:13.302+0000] {processor.py:840} INFO - DAG(s) 'weekly_summary_pipeline' retrieved from /opt/airflow/dags/weekly_summary_pipeline.py
[2026-04-04T13:19:13.332+0000] {logging_mixin.py:188} INFO - [2026-04-04T13:19:13.332+0000] {dag.py:3036} INFO - Sync 1 DAGs
[2026-04-04T13:19:13.355+0000] {logging_mixin.py:188} INFO - [2026-04-04T13:19:13.354+0000] {dag.py:3823} INFO - Setting next_dagrun for weekly_summary_pipeline to 2026-03-30 06:00:00+00:00, run_after=2026-04-06 06:00:00+00:00
[2026-04-04T13:19:13.377+0000] {processor.py:183} INFO - Processing /opt/airflow/dags/weekly_summary_pipeline.py took 0.100 seconds
[2026-04-04T13:19:43.824+0000] {processor.py:161} INFO - Started process (PID=976) to work on /opt/airflow/dags/weekly_summary_pipeline.py
[2026-04-04T13:19:43.825+0000] {processor.py:830} INFO - Processing file /opt/airflow/dags/weekly_summary_pipeline.py for tasks to queue
[2026-04-04T13:19:43.826+0000] {logging_mixin.py:188} INFO - [2026-04-04T13:19:43.826+0000] {dagbag.py:538} INFO - Filling up the DagBag from /opt/airflow/dags/weekly_summary_pipeline.py
[2026-04-04T13:19:43.842+0000] {processor.py:840} INFO - DAG(s) 'weekly_summary_pipeline' retrieved from /opt/airflow/dags/weekly_summary_pipeline.py
[2026-04-04T13:19:43.865+0000] {logging_mixin.py:188} INFO - [2026-04-04T13:19:43.865+0000] {dag.py:3036} INFO - Sync 1 DAGs
[2026-04-04T13:19:43.885+0000] {logging_mixin.py:188} INFO - [2026-04-04T13:19:43.885+0000] {dag.py:3823} INFO - Setting next_dagrun for weekly_summary_pipeline to 2026-03-30 06:00:00+00:00, run_after=2026-04-06 06:00:00+00:00
[2026-04-04T13:19:43.907+0000] {processor.py:183} INFO - Processing /opt/airflow/dags/weekly_summary_pipeline.py took 0.085 seconds
[2026-04-04T13:20:14.368+0000] {processor.py:161} INFO - Started process (PID=999) to work on /opt/airflow/dags/weekly_summary_pipeline.py
[2026-04-04T13:20:14.369+0000] {processor.py:830} INFO - Processing file /opt/airflow/dags/weekly_summary_pipeline.py for tasks to queue
[2026-04-04T13:20:14.370+0000] {logging_mixin.py:188} INFO - [2026-04-04T13:20:14.369+0000] {dagbag.py:538} INFO - Filling up the DagBag from /opt/airflow/dags/weekly_summary_pipeline.py
[2026-04-04T13:20:14.396+0000] {processor.py:840} INFO - DAG(s) 'weekly_summary_pipeline' retrieved from /opt/airflow/dags/weekly_summary_pipeline.py
[2026-04-04T13:20:14.434+0000] {logging_mixin.py:188} INFO - [2026-04-04T13:20:14.433+0000] {dag.py:3036} INFO - Sync 1 DAGs
[2026-04-04T13:20:14.458+0000] {logging_mixin.py:188} INFO - [2026-04-04T13:20:14.458+0000] {dag.py:3823} INFO - Setting next_dagrun for weekly_summary_pipeline to 2026-03-30 06:00:00+00:00, run_after=2026-04-06 06:00:00+00:00
[2026-04-04T13:20:14.485+0000] {processor.py:183} INFO - Processing /opt/airflow/dags/weekly_summary_pipeline.py took 0.122 seconds
[2026-04-04T13:20:44.943+0000] {processor.py:161} INFO - Started process (PID=1014) to work on /opt/airflow/dags/weekly_summary_pipeline.py
[2026-04-04T13:20:44.944+0000] {processor.py:830} INFO - Processing file /opt/airflow/dags/weekly_summary_pipeline.py for tasks to queue
[2026-04-04T13:20:44.945+0000] {logging_mixin.py:188} INFO - [2026-04-04T13:20:44.945+0000] {dagbag.py:538} INFO - Filling up the DagBag from /opt/airflow/dags/weekly_summary_pipeline.py
[2026-04-04T13:20:44.962+0000] {processor.py:840} INFO - DAG(s) 'weekly_summary_pipeline' retrieved from /opt/airflow/dags/weekly_summary_pipeline.py
[2026-04-04T13:20:44.990+0000] {logging_mixin.py:188} INFO - [2026-04-04T13:20:44.989+0000] {dag.py:3036} INFO - Sync 1 DAGs
[2026-04-04T13:20:45.012+0000] {logging_mixin.py:188} INFO - [2026-04-04T13:20:45.012+0000] {dag.py:3823} INFO - Setting next_dagrun for weekly_summary_pipeline to 2026-03-30 06:00:00+00:00, run_after=2026-04-06 06:00:00+00:00
[2026-04-04T13:20:45.035+0000] {processor.py:183} INFO - Processing /opt/airflow/dags/weekly_summary_pipeline.py took 0.095 seconds
[2026-04-04T13:21:15.549+0000] {processor.py:161} INFO - Started process (PID=1037) to work on /opt/airflow/dags/weekly_summary_pipeline.py
[2026-04-04T13:21:15.550+0000] {processor.py:830} INFO - Processing file /opt/airflow/dags/weekly_summary_pipeline.py for tasks to queue
[2026-04-04T13:21:15.551+0000] {logging_mixin.py:188} INFO - [2026-04-04T13:21:15.551+0000] {dagbag.py:538} INFO - Filling up the DagBag from /opt/airflow/dags/weekly_summary_pipeline.py
[2026-04-04T13:21:15.570+0000] {processor.py:840} INFO - DAG(s) 'weekly_summary_pipeline' retrieved from /opt/airflow/dags/weekly_summary_pipeline.py
[2026-04-04T13:21:15.600+0000] {logging_mixin.py:188} INFO - [2026-04-04T13:21:15.600+0000] {dag.py:3036} INFO - Sync 1 DAGs
[2026-04-04T13:21:15.625+0000] {logging_mixin.py:188} INFO - [2026-04-04T13:21:15.624+0000] {dag.py:3823} INFO - Setting next_dagrun for weekly_summary_pipeline to 2026-03-30 06:00:00+00:00, run_after=2026-04-06 06:00:00+00:00
[2026-04-04T13:21:15.646+0000] {processor.py:183} INFO - Processing /opt/airflow/dags/weekly_summary_pipeline.py took 0.099 seconds
[2026-04-04T13:21:46.067+0000] {processor.py:161} INFO - Started process (PID=1060) to work on /opt/airflow/dags/weekly_summary_pipeline.py
[2026-04-04T13:21:46.068+0000] {processor.py:830} INFO - Processing file /opt/airflow/dags/weekly_summary_pipeline.py for tasks to queue
[2026-04-04T13:21:46.068+0000] {logging_mixin.py:188} INFO - [2026-04-04T13:21:46.068+0000] {dagbag.py:538} INFO - Filling up the DagBag from /opt/airflow/dags/weekly_summary_pipeline.py
[2026-04-04T13:21:46.131+0000] {processor.py:840} INFO - DAG(s) 'weekly_summary_pipeline' retrieved from /opt/airflow/dags/weekly_summary_pipeline.py
[2026-04-04T13:21:46.161+0000] {logging_mixin.py:188} INFO - [2026-04-04T13:21:46.161+0000] {dag.py:3036} INFO - Sync 1 DAGs
[2026-04-04T13:21:46.183+0000] {logging_mixin.py:188} INFO - [2026-04-04T13:21:46.183+0000] {dag.py:3823} INFO - Setting next_dagrun for weekly_summary_pipeline to 2026-03-30 06:00:00+00:00, run_after=2026-04-06 06:00:00+00:00
[2026-04-04T13:21:46.206+0000] {processor.py:183} INFO - Processing /opt/airflow/dags/weekly_summary_pipeline.py took 0.142 seconds
[2026-04-04T13:22:16.763+0000] {processor.py:161} INFO - Started process (PID=1083) to work on /opt/airflow/dags/weekly_summary_pipeline.py
[2026-04-04T13:22:16.764+0000] {processor.py:830} INFO - Processing file /opt/airflow/dags/weekly_summary_pipeline.py for tasks to queue
[2026-04-04T13:22:16.766+0000] {logging_mixin.py:188} INFO - [2026-04-04T13:22:16.765+0000] {dagbag.py:538} INFO - Filling up the DagBag from /opt/airflow/dags/weekly_summary_pipeline.py
[2026-04-04T13:22:16.787+0000] {processor.py:840} INFO - DAG(s) 'weekly_summary_pipeline' retrieved from /opt/airflow/dags/weekly_summary_pipeline.py
[2026-04-04T13:22:16.814+0000] {logging_mixin.py:188} INFO - [2026-04-04T13:22:16.814+0000] {dag.py:3036} INFO - Sync 1 DAGs
[2026-04-04T13:22:16.836+0000] {logging_mixin.py:188} INFO - [2026-04-04T13:22:16.836+0000] {dag.py:3823} INFO - Setting next_dagrun for weekly_summary_pipeline to 2026-03-30 06:00:00+00:00, run_after=2026-04-06 06:00:00+00:00
[2026-04-04T13:22:16.855+0000] {processor.py:183} INFO - Processing /opt/airflow/dags/weekly_summary_pipeline.py took 0.094 seconds
[2026-04-04T13:22:47.296+0000] {processor.py:161} INFO - Started process (PID=1106) to work on /opt/airflow/dags/weekly_summary_pipeline.py
[2026-04-04T13:22:47.297+0000] {processor.py:830} INFO - Processing file /opt/airflow/dags/weekly_summary_pipeline.py for tasks to queue
[2026-04-04T13:22:47.298+0000] {logging_mixin.py:188} INFO - [2026-04-04T13:22:47.297+0000] {dagbag.py:538} INFO - Filling up the DagBag from /opt/airflow/dags/weekly_summary_pipeline.py
[2026-04-04T13:22:47.318+0000] {processor.py:840} INFO - DAG(s) 'weekly_summary_pipeline' retrieved from /opt/airflow/dags/weekly_summary_pipeline.py
[2026-04-04T13:22:47.347+0000] {logging_mixin.py:188} INFO - [2026-04-04T13:22:47.347+0000] {dag.py:3036} INFO - Sync 1 DAGs
[2026-04-04T13:22:47.370+0000] {logging_mixin.py:188} INFO - [2026-04-04T13:22:47.370+0000] {dag.py:3823} INFO - Setting next_dagrun for weekly_summary_pipeline to 2026-03-30 06:00:00+00:00, run_after=2026-04-06 06:00:00+00:00
[2026-04-04T13:22:47.388+0000] {processor.py:183} INFO - Processing /opt/airflow/dags/weekly_summary_pipeline.py took 0.095 seconds
[2026-04-04T13:23:17.887+0000] {processor.py:161} INFO - Started process (PID=1129) to work on /opt/airflow/dags/weekly_summary_pipeline.py
[2026-04-04T13:23:17.887+0000] {processor.py:830} INFO - Processing file /opt/airflow/dags/weekly_summary_pipeline.py for tasks to queue
[2026-04-04T13:23:17.888+0000] {logging_mixin.py:188} INFO - [2026-04-04T13:23:17.888+0000] {dagbag.py:538} INFO - Filling up the DagBag from /opt/airflow/dags/weekly_summary_pipeline.py
[2026-04-04T13:23:17.915+0000] {processor.py:840} INFO - DAG(s) 'weekly_summary_pipeline' retrieved from /opt/airflow/dags/weekly_summary_pipeline.py
[2026-04-04T13:23:17.955+0000] {logging_mixin.py:188} INFO - [2026-04-04T13:23:17.954+0000] {dag.py:3036} INFO - Sync 1 DAGs
[2026-04-04T13:23:17.983+0000] {logging_mixin.py:188} INFO - [2026-04-04T13:23:17.982+0000] {dag.py:3823} INFO - Setting next_dagrun for weekly_summary_pipeline to 2026-03-30 06:00:00+00:00, run_after=2026-04-06 06:00:00+00:00
[2026-04-04T13:23:18.009+0000] {processor.py:183} INFO - Processing /opt/airflow/dags/weekly_summary_pipeline.py took 0.126 seconds
[2026-04-04T13:23:48.480+0000] {processor.py:161} INFO - Started process (PID=1152) to work on /opt/airflow/dags/weekly_summary_pipeline.py
[2026-04-04T13:23:48.480+0000] {processor.py:830} INFO - Processing file /opt/airflow/dags/weekly_summary_pipeline.py for tasks to queue
[2026-04-04T13:23:48.481+0000] {logging_mixin.py:188} INFO - [2026-04-04T13:23:48.481+0000] {dagbag.py:538} INFO - Filling up the DagBag from /opt/airflow/dags/weekly_summary_pipeline.py
[2026-04-04T13:23:48.505+0000] {processor.py:840} INFO - DAG(s) 'weekly_summary_pipeline' retrieved from /opt/airflow/dags/weekly_summary_pipeline.py
[2026-04-04T13:23:48.534+0000] {logging_mixin.py:188} INFO - [2026-04-04T13:23:48.534+0000] {dag.py:3036} INFO - Sync 1 DAGs
[2026-04-04T13:23:48.557+0000] {logging_mixin.py:188} INFO - [2026-04-04T13:23:48.557+0000] {dag.py:3823} INFO - Setting next_dagrun for weekly_summary_pipeline to 2026-03-30 06:00:00+00:00, run_after=2026-04-06 06:00:00+00:00
[2026-04-04T13:23:48.583+0000] {processor.py:183} INFO - Processing /opt/airflow/dags/weekly_summary_pipeline.py took 0.106 seconds
[2026-04-04T13:24:19.046+0000] {processor.py:161} INFO - Started process (PID=1175) to work on /opt/airflow/dags/weekly_summary_pipeline.py
[2026-04-04T13:24:19.047+0000] {processor.py:830} INFO - Processing file /opt/airflow/dags/weekly_summary_pipeline.py for tasks to queue
[2026-04-04T13:24:19.048+0000] {logging_mixin.py:188} INFO - [2026-04-04T13:24:19.048+0000] {dagbag.py:538} INFO - Filling up the DagBag from /opt/airflow/dags/weekly_summary_pipeline.py
[2026-04-04T13:24:19.070+0000] {processor.py:840} INFO - DAG(s) 'weekly_summary_pipeline' retrieved from /opt/airflow/dags/weekly_summary_pipeline.py
[2026-04-04T13:24:19.108+0000] {logging_mixin.py:188} INFO - [2026-04-04T13:24:19.108+0000] {dag.py:3036} INFO - Sync 1 DAGs
[2026-04-04T13:24:19.137+0000] {logging_mixin.py:188} INFO - [2026-04-04T13:24:19.136+0000] {dag.py:3823} INFO - Setting next_dagrun for weekly_summary_pipeline to 2026-03-30 06:00:00+00:00, run_after=2026-04-06 06:00:00+00:00
[2026-04-04T13:24:19.157+0000] {processor.py:183} INFO - Processing /opt/airflow/dags/weekly_summary_pipeline.py took 0.114 seconds
[2026-04-04T13:24:49.596+0000] {processor.py:161} INFO - Started process (PID=1198) to work on /opt/airflow/dags/weekly_summary_pipeline.py
[2026-04-04T13:24:49.597+0000] {processor.py:830} INFO - Processing file /opt/airflow/dags/weekly_summary_pipeline.py for tasks to queue
[2026-04-04T13:24:49.598+0000] {logging_mixin.py:188} INFO - [2026-04-04T13:24:49.597+0000] {dagbag.py:538} INFO - Filling up the DagBag from /opt/airflow/dags/weekly_summary_pipeline.py
[2026-04-04T13:24:49.620+0000] {processor.py:840} INFO - DAG(s) 'weekly_summary_pipeline' retrieved from /opt/airflow/dags/weekly_summary_pipeline.py
[2026-04-04T13:24:49.648+0000] {logging_mixin.py:188} INFO - [2026-04-04T13:24:49.648+0000] {dag.py:3036} INFO - Sync 1 DAGs
[2026-04-04T13:24:49.670+0000] {logging_mixin.py:188} INFO - [2026-04-04T13:24:49.670+0000] {dag.py:3823} INFO - Setting next_dagrun for weekly_summary_pipeline to 2026-03-30 06:00:00+00:00, run_after=2026-04-06 06:00:00+00:00
[2026-04-04T13:24:49.689+0000] {processor.py:183} INFO - Processing /opt/airflow/dags/weekly_summary_pipeline.py took 0.096 seconds
[2026-04-04T13:25:20.567+0000] {processor.py:161} INFO - Started process (PID=1221) to work on /opt/airflow/dags/weekly_summary_pipeline.py
[2026-04-04T13:25:20.567+0000] {processor.py:830} INFO - Processing file /opt/airflow/dags/weekly_summary_pipeline.py for tasks to queue
[2026-04-04T13:25:20.568+0000] {logging_mixin.py:188} INFO - [2026-04-04T13:25:20.568+0000] {dagbag.py:538} INFO - Filling up the DagBag from /opt/airflow/dags/weekly_summary_pipeline.py
[2026-04-04T13:25:20.593+0000] {processor.py:840} INFO - DAG(s) 'weekly_summary_pipeline' retrieved from /opt/airflow/dags/weekly_summary_pipeline.py
[2026-04-04T13:25:20.623+0000] {logging_mixin.py:188} INFO - [2026-04-04T13:25:20.623+0000] {dag.py:3036} INFO - Sync 1 DAGs
[2026-04-04T13:25:20.647+0000] {logging_mixin.py:188} INFO - [2026-04-04T13:25:20.647+0000] {dag.py:3823} INFO - Setting next_dagrun for weekly_summary_pipeline to 2026-03-30 06:00:00+00:00, run_after=2026-04-06 06:00:00+00:00
[2026-04-04T13:25:20.669+0000] {processor.py:183} INFO - Processing /opt/airflow/dags/weekly_summary_pipeline.py took 0.105 seconds
[2026-04-04T13:25:51.419+0000] {processor.py:161} INFO - Started process (PID=1244) to work on /opt/airflow/dags/weekly_summary_pipeline.py
[2026-04-04T13:25:51.420+0000] {processor.py:830} INFO - Processing file /opt/airflow/dags/weekly_summary_pipeline.py for tasks to queue
[2026-04-04T13:25:51.420+0000] {logging_mixin.py:188} INFO - [2026-04-04T13:25:51.420+0000] {dagbag.py:538} INFO - Filling up the DagBag from /opt/airflow/dags/weekly_summary_pipeline.py
[2026-04-04T13:25:51.443+0000] {processor.py:840} INFO - DAG(s) 'weekly_summary_pipeline' retrieved from /opt/airflow/dags/weekly_summary_pipeline.py
[2026-04-04T13:25:51.472+0000] {logging_mixin.py:188} INFO - [2026-04-04T13:25:51.472+0000] {dag.py:3036} INFO - Sync 1 DAGs
[2026-04-04T13:25:51.497+0000] {logging_mixin.py:188} INFO - [2026-04-04T13:25:51.497+0000] {dag.py:3823} INFO - Setting next_dagrun for weekly_summary_pipeline to 2026-03-30 06:00:00+00:00, run_after=2026-04-06 06:00:00+00:00
[2026-04-04T13:25:51.518+0000] {processor.py:183} INFO - Processing /opt/airflow/dags/weekly_summary_pipeline.py took 0.102 seconds
[2026-04-04T13:26:21.980+0000] {processor.py:161} INFO - Started process (PID=1267) to work on /opt/airflow/dags/weekly_summary_pipeline.py
[2026-04-04T13:26:21.981+0000] {processor.py:830} INFO - Processing file /opt/airflow/dags/weekly_summary_pipeline.py for tasks to queue
[2026-04-04T13:26:21.982+0000] {logging_mixin.py:188} INFO - [2026-04-04T13:26:21.981+0000] {dagbag.py:538} INFO - Filling up the DagBag from /opt/airflow/dags/weekly_summary_pipeline.py
[2026-04-04T13:26:22.001+0000] {processor.py:840} INFO - DAG(s) 'weekly_summary_pipeline' retrieved from /opt/airflow/dags/weekly_summary_pipeline.py
[2026-04-04T13:26:22.028+0000] {logging_mixin.py:188} INFO - [2026-04-04T13:26:22.028+0000] {dag.py:3036} INFO - Sync 1 DAGs
[2026-04-04T13:26:22.050+0000] {logging_mixin.py:188} INFO - [2026-04-04T13:26:22.050+0000] {dag.py:3823} INFO - Setting next_dagrun for weekly_summary_pipeline to 2026-03-30 06:00:00+00:00, run_after=2026-04-06 06:00:00+00:00
[2026-04-04T13:26:22.072+0000] {processor.py:183} INFO - Processing /opt/airflow/dags/weekly_summary_pipeline.py took 0.094 seconds
[2026-04-04T13:26:52.651+0000] {processor.py:161} INFO - Started process (PID=1290) to work on /opt/airflow/dags/weekly_summary_pipeline.py
[2026-04-04T13:26:52.652+0000] {processor.py:830} INFO - Processing file /opt/airflow/dags/weekly_summary_pipeline.py for tasks to queue
[2026-04-04T13:26:52.654+0000] {logging_mixin.py:188} INFO - [2026-04-04T13:26:52.653+0000] {dagbag.py:538} INFO - Filling up the DagBag from /opt/airflow/dags/weekly_summary_pipeline.py
[2026-04-04T13:26:52.689+0000] {processor.py:840} INFO - DAG(s) 'weekly_summary_pipeline' retrieved from /opt/airflow/dags/weekly_summary_pipeline.py
[2026-04-04T13:26:52.733+0000] {logging_mixin.py:188} INFO - [2026-04-04T13:26:52.733+0000] {dag.py:3036} INFO - Sync 1 DAGs
[2026-04-04T13:26:52.761+0000] {logging_mixin.py:188} INFO - [2026-04-04T13:26:52.761+0000] {dag.py:3823} INFO - Setting next_dagrun for weekly_summary_pipeline to 2026-03-30 06:00:00+00:00, run_after=2026-04-06 06:00:00+00:00
[2026-04-04T13:26:52.784+0000] {processor.py:183} INFO - Processing /opt/airflow/dags/weekly_summary_pipeline.py took 0.139 seconds
[2026-04-04T13:27:23.354+0000] {processor.py:161} INFO - Started process (PID=1313) to work on /opt/airflow/dags/weekly_summary_pipeline.py
[2026-04-04T13:27:23.355+0000] {processor.py:830} INFO - Processing file /opt/airflow/dags/weekly_summary_pipeline.py for tasks to queue
[2026-04-04T13:27:23.356+0000] {logging_mixin.py:188} INFO - [2026-04-04T13:27:23.356+0000] {dagbag.py:538} INFO - Filling up the DagBag from /opt/airflow/dags/weekly_summary_pipeline.py
[2026-04-04T13:27:23.386+0000] {processor.py:840} INFO - DAG(s) 'weekly_summary_pipeline' retrieved from /opt/airflow/dags/weekly_summary_pipeline.py
[2026-04-04T13:27:23.430+0000] {logging_mixin.py:188} INFO - [2026-04-04T13:27:23.430+0000] {dag.py:3036} INFO - Sync 1 DAGs
[2026-04-04T13:27:23.459+0000] {logging_mixin.py:188} INFO - [2026-04-04T13:27:23.459+0000] {dag.py:3823} INFO - Setting next_dagrun for weekly_summary_pipeline to 2026-03-30 06:00:00+00:00, run_after=2026-04-06 06:00:00+00:00
[2026-04-04T13:27:23.482+0000] {processor.py:183} INFO - Processing /opt/airflow/dags/weekly_summary_pipeline.py took 0.130 seconds
[2026-04-04T13:27:53.980+0000] {processor.py:161} INFO - Started process (PID=1336) to work on /opt/airflow/dags/weekly_summary_pipeline.py
[2026-04-04T13:27:53.981+0000] {processor.py:830} INFO - Processing file /opt/airflow/dags/weekly_summary_pipeline.py for tasks to queue
[2026-04-04T13:27:53.982+0000] {logging_mixin.py:188} INFO - [2026-04-04T13:27:53.982+0000] {dagbag.py:538} INFO - Filling up the DagBag from /opt/airflow/dags/weekly_summary_pipeline.py
[2026-04-04T13:27:54.007+0000] {processor.py:840} INFO - DAG(s) 'weekly_summary_pipeline' retrieved from /opt/airflow/dags/weekly_summary_pipeline.py
[2026-04-04T13:27:54.040+0000] {logging_mixin.py:188} INFO - [2026-04-04T13:27:54.040+0000] {dag.py:3036} INFO - Sync 1 DAGs
[2026-04-04T13:27:54.096+0000] {logging_mixin.py:188} INFO - [2026-04-04T13:27:54.096+0000] {dag.py:3823} INFO - Setting next_dagrun for weekly_summary_pipeline to 2026-03-30 06:00:00+00:00, run_after=2026-04-06 06:00:00+00:00
[2026-04-04T13:27:54.136+0000] {processor.py:183} INFO - Processing /opt/airflow/dags/weekly_summary_pipeline.py took 0.158 seconds
[2026-04-04T13:28:24.663+0000] {processor.py:161} INFO - Started process (PID=1359) to work on /opt/airflow/dags/weekly_summary_pipeline.py
[2026-04-04T13:28:24.665+0000] {processor.py:830} INFO - Processing file /opt/airflow/dags/weekly_summary_pipeline.py for tasks to queue
[2026-04-04T13:28:24.665+0000] {logging_mixin.py:188} INFO - [2026-04-04T13:28:24.665+0000] {dagbag.py:538} INFO - Filling up the DagBag from /opt/airflow/dags/weekly_summary_pipeline.py
[2026-04-04T13:28:24.685+0000] {processor.py:840} INFO - DAG(s) 'weekly_summary_pipeline' retrieved from /opt/airflow/dags/weekly_summary_pipeline.py
[2026-04-04T13:28:24.713+0000] {logging_mixin.py:188} INFO - [2026-04-04T13:28:24.713+0000] {dag.py:3036} INFO - Sync 1 DAGs
[2026-04-04T13:28:24.735+0000] {logging_mixin.py:188} INFO - [2026-04-04T13:28:24.734+0000] {dag.py:3823} INFO - Setting next_dagrun for weekly_summary_pipeline to 2026-03-30 06:00:00+00:00, run_after=2026-04-06 06:00:00+00:00
[2026-04-04T13:28:24.757+0000] {processor.py:183} INFO - Processing /opt/airflow/dags/weekly_summary_pipeline.py took 0.097 seconds
[2026-04-04T13:28:55.341+0000] {processor.py:161} INFO - Started process (PID=1382) to work on /opt/airflow/dags/weekly_summary_pipeline.py
[2026-04-04T13:28:55.342+0000] {processor.py:830} INFO - Processing file /opt/airflow/dags/weekly_summary_pipeline.py for tasks to queue
[2026-04-04T13:28:55.343+0000] {logging_mixin.py:188} INFO - [2026-04-04T13:28:55.342+0000] {dagbag.py:538} INFO - Filling up the DagBag from /opt/airflow/dags/weekly_summary_pipeline.py
[2026-04-04T13:28:55.359+0000] {processor.py:840} INFO - DAG(s) 'weekly_summary_pipeline' retrieved from /opt/airflow/dags/weekly_summary_pipeline.py
[2026-04-04T13:28:55.390+0000] {logging_mixin.py:188} INFO - [2026-04-04T13:28:55.390+0000] {dag.py:3036} INFO - Sync 1 DAGs
[2026-04-04T13:28:55.414+0000] {logging_mixin.py:188} INFO - [2026-04-04T13:28:55.414+0000] {dag.py:3823} INFO - Setting next_dagrun for weekly_summary_pipeline to 2026-03-30 06:00:00+00:00, run_after=2026-04-06 06:00:00+00:00
[2026-04-04T13:28:55.433+0000] {processor.py:183} INFO - Processing /opt/airflow/dags/weekly_summary_pipeline.py took 0.097 seconds
[2026-04-04T13:29:25.965+0000] {processor.py:161} INFO - Started process (PID=1405) to work on /opt/airflow/dags/weekly_summary_pipeline.py
[2026-04-04T13:29:25.966+0000] {processor.py:830} INFO - Processing file /opt/airflow/dags/weekly_summary_pipeline.py for tasks to queue
[2026-04-04T13:29:25.967+0000] {logging_mixin.py:188} INFO - [2026-04-04T13:29:25.967+0000] {dagbag.py:538} INFO - Filling up the DagBag from /opt/airflow/dags/weekly_summary_pipeline.py
[2026-04-04T13:29:25.987+0000] {processor.py:840} INFO - DAG(s) 'weekly_summary_pipeline' retrieved from /opt/airflow/dags/weekly_summary_pipeline.py
[2026-04-04T13:29:26.014+0000] {logging_mixin.py:188} INFO - [2026-04-04T13:29:26.014+0000] {dag.py:3036} INFO - Sync 1 DAGs
[2026-04-04T13:29:26.038+0000] {logging_mixin.py:188} INFO - [2026-04-04T13:29:26.038+0000] {dag.py:3823} INFO - Setting next_dagrun for weekly_summary_pipeline to 2026-03-30 06:00:00+00:00, run_after=2026-04-06 06:00:00+00:00
[2026-04-04T13:29:26.061+0000] {processor.py:183} INFO - Processing /opt/airflow/dags/weekly_summary_pipeline.py took 0.098 seconds
[2026-04-04T13:29:56.612+0000] {processor.py:161} INFO - Started process (PID=1428) to work on /opt/airflow/dags/weekly_summary_pipeline.py
[2026-04-04T13:29:56.616+0000] {processor.py:830} INFO - Processing file /opt/airflow/dags/weekly_summary_pipeline.py for tasks to queue
[2026-04-04T13:29:56.617+0000] {logging_mixin.py:188} INFO - [2026-04-04T13:29:56.617+0000] {dagbag.py:538} INFO - Filling up the DagBag from /opt/airflow/dags/weekly_summary_pipeline.py
[2026-04-04T13:29:56.643+0000] {processor.py:840} INFO - DAG(s) 'weekly_summary_pipeline' retrieved from /opt/airflow/dags/weekly_summary_pipeline.py
[2026-04-04T13:29:56.676+0000] {logging_mixin.py:188} INFO - [2026-04-04T13:29:56.676+0000] {dag.py:3036} INFO - Sync 1 DAGs
[2026-04-04T13:29:56.703+0000] {logging_mixin.py:188} INFO - [2026-04-04T13:29:56.703+0000] {dag.py:3823} INFO - Setting next_dagrun for weekly_summary_pipeline to 2026-03-30 06:00:00+00:00, run_after=2026-04-06 06:00:00+00:00
[2026-04-04T13:29:56.725+0000] {processor.py:183} INFO - Processing /opt/airflow/dags/weekly_summary_pipeline.py took 0.116 seconds
[2026-04-04T13:30:27.288+0000] {processor.py:161} INFO - Started process (PID=1443) to work on /opt/airflow/dags/weekly_summary_pipeline.py
[2026-04-04T13:30:27.289+0000] {processor.py:830} INFO - Processing file /opt/airflow/dags/weekly_summary_pipeline.py for tasks to queue
[2026-04-04T13:30:27.290+0000] {logging_mixin.py:188} INFO - [2026-04-04T13:30:27.290+0000] {dagbag.py:538} INFO - Filling up the DagBag from /opt/airflow/dags/weekly_summary_pipeline.py
[2026-04-04T13:30:27.308+0000] {processor.py:840} INFO - DAG(s) 'weekly_summary_pipeline' retrieved from /opt/airflow/dags/weekly_summary_pipeline.py
[2026-04-04T13:30:27.332+0000] {logging_mixin.py:188} INFO - [2026-04-04T13:30:27.332+0000] {dag.py:3036} INFO - Sync 1 DAGs
[2026-04-04T13:30:27.354+0000] {logging_mixin.py:188} INFO - [2026-04-04T13:30:27.354+0000] {dag.py:3823} INFO - Setting next_dagrun for weekly_summary_pipeline to 2026-03-30 06:00:00+00:00, run_after=2026-04-06 06:00:00+00:00
[2026-04-04T13:30:27.375+0000] {processor.py:183} INFO - Processing /opt/airflow/dags/weekly_summary_pipeline.py took 0.089 seconds
[2026-04-04T13:30:57.943+0000] {processor.py:161} INFO - Started process (PID=1466) to work on /opt/airflow/dags/weekly_summary_pipeline.py
[2026-04-04T13:30:57.944+0000] {processor.py:830} INFO - Processing file /opt/airflow/dags/weekly_summary_pipeline.py for tasks to queue
[2026-04-04T13:30:57.945+0000] {logging_mixin.py:188} INFO - [2026-04-04T13:30:57.945+0000] {dagbag.py:538} INFO - Filling up the DagBag from /opt/airflow/dags/weekly_summary_pipeline.py
[2026-04-04T13:30:57.968+0000] {processor.py:840} INFO - DAG(s) 'weekly_summary_pipeline' retrieved from /opt/airflow/dags/weekly_summary_pipeline.py
[2026-04-04T13:30:57.999+0000] {logging_mixin.py:188} INFO - [2026-04-04T13:30:57.998+0000] {dag.py:3036} INFO - Sync 1 DAGs
[2026-04-04T13:30:58.021+0000] {logging_mixin.py:188} INFO - [2026-04-04T13:30:58.021+0000] {dag.py:3823} INFO - Setting next_dagrun for weekly_summary_pipeline to 2026-03-30 06:00:00+00:00, run_after=2026-04-06 06:00:00+00:00
[2026-04-04T13:30:58.042+0000] {processor.py:183} INFO - Processing /opt/airflow/dags/weekly_summary_pipeline.py took 0.102 seconds
[2026-04-04T13:31:28.597+0000] {processor.py:161} INFO - Started process (PID=1489) to work on /opt/airflow/dags/weekly_summary_pipeline.py
[2026-04-04T13:31:28.597+0000] {processor.py:830} INFO - Processing file /opt/airflow/dags/weekly_summary_pipeline.py for tasks to queue
[2026-04-04T13:31:28.598+0000] {logging_mixin.py:188} INFO - [2026-04-04T13:31:28.598+0000] {dagbag.py:538} INFO - Filling up the DagBag from /opt/airflow/dags/weekly_summary_pipeline.py
[2026-04-04T13:31:28.618+0000] {processor.py:840} INFO - DAG(s) 'weekly_summary_pipeline' retrieved from /opt/airflow/dags/weekly_summary_pipeline.py
[2026-04-04T13:31:28.645+0000] {logging_mixin.py:188} INFO - [2026-04-04T13:31:28.645+0000] {dag.py:3036} INFO - Sync 1 DAGs
[2026-04-04T13:31:28.666+0000] {logging_mixin.py:188} INFO - [2026-04-04T13:31:28.665+0000] {dag.py:3823} INFO - Setting next_dagrun for weekly_summary_pipeline to 2026-03-30 06:00:00+00:00, run_after=2026-04-06 06:00:00+00:00
[2026-04-04T13:31:28.687+0000] {processor.py:183} INFO - Processing /opt/airflow/dags/weekly_summary_pipeline.py took 0.093 seconds
[2026-04-04T13:31:59.265+0000] {processor.py:161} INFO - Started process (PID=1512) to work on /opt/airflow/dags/weekly_summary_pipeline.py
[2026-04-04T13:31:59.266+0000] {processor.py:830} INFO - Processing file /opt/airflow/dags/weekly_summary_pipeline.py for tasks to queue
[2026-04-04T13:31:59.267+0000] {logging_mixin.py:188} INFO - [2026-04-04T13:31:59.266+0000] {dagbag.py:538} INFO - Filling up the DagBag from /opt/airflow/dags/weekly_summary_pipeline.py
[2026-04-04T13:31:59.292+0000] {processor.py:840} INFO - DAG(s) 'weekly_summary_pipeline' retrieved from /opt/airflow/dags/weekly_summary_pipeline.py
[2026-04-04T13:31:59.321+0000] {logging_mixin.py:188} INFO - [2026-04-04T13:31:59.321+0000] {dag.py:3036} INFO - Sync 1 DAGs
[2026-04-04T13:31:59.346+0000] {logging_mixin.py:188} INFO - [2026-04-04T13:31:59.345+0000] {dag.py:3823} INFO - Setting next_dagrun for weekly_summary_pipeline to 2026-03-30 06:00:00+00:00, run_after=2026-04-06 06:00:00+00:00
[2026-04-04T13:31:59.365+0000] {processor.py:183} INFO - Processing /opt/airflow/dags/weekly_summary_pipeline.py took 0.104 seconds
[2026-04-04T13:32:29.881+0000] {processor.py:161} INFO - Started process (PID=1535) to work on /opt/airflow/dags/weekly_summary_pipeline.py
[2026-04-04T13:32:29.882+0000] {processor.py:830} INFO - Processing file /opt/airflow/dags/weekly_summary_pipeline.py for tasks to queue
[2026-04-04T13:32:29.883+0000] {logging_mixin.py:188} INFO - [2026-04-04T13:32:29.882+0000] {dagbag.py:538} INFO - Filling up the DagBag from /opt/airflow/dags/weekly_summary_pipeline.py
[2026-04-04T13:32:29.905+0000] {processor.py:840} INFO - DAG(s) 'weekly_summary_pipeline' retrieved from /opt/airflow/dags/weekly_summary_pipeline.py
[2026-04-04T13:32:29.933+0000] {logging_mixin.py:188} INFO - [2026-04-04T13:32:29.933+0000] {dag.py:3036} INFO - Sync 1 DAGs
[2026-04-04T13:32:29.955+0000] {logging_mixin.py:188} INFO - [2026-04-04T13:32:29.955+0000] {dag.py:3823} INFO - Setting next_dagrun for weekly_summary_pipeline to 2026-03-30 06:00:00+00:00, run_after=2026-04-06 06:00:00+00:00
[2026-04-04T13:32:29.976+0000] {processor.py:183} INFO - Processing /opt/airflow/dags/weekly_summary_pipeline.py took 0.098 seconds
[2026-04-04T13:33:00.537+0000] {processor.py:161} INFO - Started process (PID=1558) to work on /opt/airflow/dags/weekly_summary_pipeline.py
[2026-04-04T13:33:00.538+0000] {processor.py:830} INFO - Processing file /opt/airflow/dags/weekly_summary_pipeline.py for tasks to queue
[2026-04-04T13:33:00.539+0000] {logging_mixin.py:188} INFO - [2026-04-04T13:33:00.539+0000] {dagbag.py:538} INFO - Filling up the DagBag from /opt/airflow/dags/weekly_summary_pipeline.py
[2026-04-04T13:33:00.562+0000] {processor.py:840} INFO - DAG(s) 'weekly_summary_pipeline' retrieved from /opt/airflow/dags/weekly_summary_pipeline.py
[2026-04-04T13:33:00.594+0000] {logging_mixin.py:188} INFO - [2026-04-04T13:33:00.593+0000] {dag.py:3036} INFO - Sync 1 DAGs
[2026-04-04T13:33:00.618+0000] {logging_mixin.py:188} INFO - [2026-04-04T13:33:00.618+0000] {dag.py:3823} INFO - Setting next_dagrun for weekly_summary_pipeline to 2026-03-30 06:00:00+00:00, run_after=2026-04-06 06:00:00+00:00
[2026-04-04T13:33:00.641+0000] {processor.py:183} INFO - Processing /opt/airflow/dags/weekly_summary_pipeline.py took 0.107 seconds
[2026-04-04T13:33:31.547+0000] {processor.py:161} INFO - Started process (PID=1581) to work on /opt/airflow/dags/weekly_summary_pipeline.py
[2026-04-04T13:33:31.547+0000] {processor.py:830} INFO - Processing file /opt/airflow/dags/weekly_summary_pipeline.py for tasks to queue
[2026-04-04T13:33:31.548+0000] {logging_mixin.py:188} INFO - [2026-04-04T13:33:31.548+0000] {dagbag.py:538} INFO - Filling up the DagBag from /opt/airflow/dags/weekly_summary_pipeline.py
[2026-04-04T13:33:31.573+0000] {processor.py:840} INFO - DAG(s) 'weekly_summary_pipeline' retrieved from /opt/airflow/dags/weekly_summary_pipeline.py
[2026-04-04T13:33:31.606+0000] {logging_mixin.py:188} INFO - [2026-04-04T13:33:31.606+0000] {dag.py:3036} INFO - Sync 1 DAGs
[2026-04-04T13:33:31.629+0000] {logging_mixin.py:188} INFO - [2026-04-04T13:33:31.629+0000] {dag.py:3823} INFO - Setting next_dagrun for weekly_summary_pipeline to 2026-03-30 06:00:00+00:00, run_after=2026-04-06 06:00:00+00:00
[2026-04-04T13:33:31.648+0000] {processor.py:183} INFO - Processing /opt/airflow/dags/weekly_summary_pipeline.py took 0.104 seconds
[2026-04-04T13:34:02.255+0000] {processor.py:161} INFO - Started process (PID=1604) to work on /opt/airflow/dags/weekly_summary_pipeline.py
[2026-04-04T13:34:02.258+0000] {processor.py:830} INFO - Processing file /opt/airflow/dags/weekly_summary_pipeline.py for tasks to queue
[2026-04-04T13:34:02.259+0000] {logging_mixin.py:188} INFO - [2026-04-04T13:34:02.259+0000] {dagbag.py:538} INFO - Filling up the DagBag from /opt/airflow/dags/weekly_summary_pipeline.py
[2026-04-04T13:34:02.298+0000] {processor.py:840} INFO - DAG(s) 'weekly_summary_pipeline' retrieved from /opt/airflow/dags/weekly_summary_pipeline.py
[2026-04-04T13:34:02.362+0000] {logging_mixin.py:188} INFO - [2026-04-04T13:34:02.362+0000] {dag.py:3036} INFO - Sync 1 DAGs
[2026-04-04T13:34:02.416+0000] {logging_mixin.py:188} INFO - [2026-04-04T13:34:02.416+0000] {dag.py:3823} INFO - Setting next_dagrun for weekly_summary_pipeline to 2026-03-30 06:00:00+00:00, run_after=2026-04-06 06:00:00+00:00
[2026-04-04T13:34:02.444+0000] {processor.py:183} INFO - Processing /opt/airflow/dags/weekly_summary_pipeline.py took 0.193 seconds
[2026-04-04T13:34:32.607+0000] {processor.py:161} INFO - Started process (PID=1629) to work on /opt/airflow/dags/weekly_summary_pipeline.py
[2026-04-04T13:34:32.608+0000] {processor.py:830} INFO - Processing file /opt/airflow/dags/weekly_summary_pipeline.py for tasks to queue
[2026-04-04T13:34:32.609+0000] {logging_mixin.py:188} INFO - [2026-04-04T13:34:32.608+0000] {dagbag.py:538} INFO - Filling up the DagBag from /opt/airflow/dags/weekly_summary_pipeline.py
[2026-04-04T13:34:32.628+0000] {processor.py:840} INFO - DAG(s) 'weekly_summary_pipeline' retrieved from /opt/airflow/dags/weekly_summary_pipeline.py
[2026-04-04T13:34:32.663+0000] {logging_mixin.py:188} INFO - [2026-04-04T13:34:32.662+0000] {dag.py:3036} INFO - Sync 1 DAGs
[2026-04-04T13:34:32.691+0000] {logging_mixin.py:188} INFO - [2026-04-04T13:34:32.691+0000] {dag.py:3823} INFO - Setting next_dagrun for weekly_summary_pipeline to 2026-03-30 06:00:00+00:00, run_after=2026-04-06 06:00:00+00:00
[2026-04-04T13:34:32.716+0000] {processor.py:183} INFO - Processing /opt/airflow/dags/weekly_summary_pipeline.py took 0.112 seconds
[2026-04-04T13:35:03.583+0000] {processor.py:161} INFO - Started process (PID=1650) to work on /opt/airflow/dags/weekly_summary_pipeline.py
[2026-04-04T13:35:03.584+0000] {processor.py:830} INFO - Processing file /opt/airflow/dags/weekly_summary_pipeline.py for tasks to queue
[2026-04-04T13:35:03.585+0000] {logging_mixin.py:188} INFO - [2026-04-04T13:35:03.585+0000] {dagbag.py:538} INFO - Filling up the DagBag from /opt/airflow/dags/weekly_summary_pipeline.py
[2026-04-04T13:35:03.603+0000] {processor.py:840} INFO - DAG(s) 'weekly_summary_pipeline' retrieved from /opt/airflow/dags/weekly_summary_pipeline.py
[2026-04-04T13:35:03.633+0000] {logging_mixin.py:188} INFO - [2026-04-04T13:35:03.633+0000] {dag.py:3036} INFO - Sync 1 DAGs
[2026-04-04T13:35:03.658+0000] {logging_mixin.py:188} INFO - [2026-04-04T13:35:03.658+0000] {dag.py:3823} INFO - Setting next_dagrun for weekly_summary_pipeline to 2026-03-30 06:00:00+00:00, run_after=2026-04-06 06:00:00+00:00
[2026-04-04T13:35:03.680+0000] {processor.py:183} INFO - Processing /opt/airflow/dags/weekly_summary_pipeline.py took 0.099 seconds
[2026-04-04T13:35:34.166+0000] {processor.py:161} INFO - Started process (PID=1673) to work on /opt/airflow/dags/weekly_summary_pipeline.py
[2026-04-04T13:35:34.167+0000] {processor.py:830} INFO - Processing file /opt/airflow/dags/weekly_summary_pipeline.py for tasks to queue
[2026-04-04T13:35:34.168+0000] {logging_mixin.py:188} INFO - [2026-04-04T13:35:34.168+0000] {dagbag.py:538} INFO - Filling up the DagBag from /opt/airflow/dags/weekly_summary_pipeline.py
[2026-04-04T13:35:34.192+0000] {processor.py:840} INFO - DAG(s) 'weekly_summary_pipeline' retrieved from /opt/airflow/dags/weekly_summary_pipeline.py
[2026-04-04T13:35:34.224+0000] {logging_mixin.py:188} INFO - [2026-04-04T13:35:34.223+0000] {dag.py:3036} INFO - Sync 1 DAGs
[2026-04-04T13:35:34.248+0000] {logging_mixin.py:188} INFO - [2026-04-04T13:35:34.248+0000] {dag.py:3823} INFO - Setting next_dagrun for weekly_summary_pipeline to 2026-03-30 06:00:00+00:00, run_after=2026-04-06 06:00:00+00:00
[2026-04-04T13:35:34.268+0000] {processor.py:183} INFO - Processing /opt/airflow/dags/weekly_summary_pipeline.py took 0.105 seconds
[2026-04-04T13:36:04.789+0000] {processor.py:161} INFO - Started process (PID=1696) to work on /opt/airflow/dags/weekly_summary_pipeline.py
[2026-04-04T13:36:04.790+0000] {processor.py:830} INFO - Processing file /opt/airflow/dags/weekly_summary_pipeline.py for tasks to queue
[2026-04-04T13:36:04.791+0000] {logging_mixin.py:188} INFO - [2026-04-04T13:36:04.790+0000] {dagbag.py:538} INFO - Filling up the DagBag from /opt/airflow/dags/weekly_summary_pipeline.py
[2026-04-04T13:36:04.812+0000] {processor.py:840} INFO - DAG(s) 'weekly_summary_pipeline' retrieved from /opt/airflow/dags/weekly_summary_pipeline.py
[2026-04-04T13:36:04.843+0000] {logging_mixin.py:188} INFO - [2026-04-04T13:36:04.843+0000] {dag.py:3036} INFO - Sync 1 DAGs
[2026-04-04T13:36:04.870+0000] {logging_mixin.py:188} INFO - [2026-04-04T13:36:04.870+0000] {dag.py:3823} INFO - Setting next_dagrun for weekly_summary_pipeline to 2026-03-30 06:00:00+00:00, run_after=2026-04-06 06:00:00+00:00
[2026-04-04T13:36:04.893+0000] {processor.py:183} INFO - Processing /opt/airflow/dags/weekly_summary_pipeline.py took 0.107 seconds
[2026-04-04T13:36:35.632+0000] {processor.py:161} INFO - Started process (PID=1719) to work on /opt/airflow/dags/weekly_summary_pipeline.py
[2026-04-04T13:36:35.634+0000] {processor.py:830} INFO - Processing file /opt/airflow/dags/weekly_summary_pipeline.py for tasks to queue
[2026-04-04T13:36:35.635+0000] {logging_mixin.py:188} INFO - [2026-04-04T13:36:35.634+0000] {dagbag.py:538} INFO - Filling up the DagBag from /opt/airflow/dags/weekly_summary_pipeline.py
[2026-04-04T13:36:35.657+0000] {processor.py:840} INFO - DAG(s) 'weekly_summary_pipeline' retrieved from /opt/airflow/dags/weekly_summary_pipeline.py
[2026-04-04T13:36:35.688+0000] {logging_mixin.py:188} INFO - [2026-04-04T13:36:35.687+0000] {dag.py:3036} INFO - Sync 1 DAGs
[2026-04-04T13:36:35.711+0000] {logging_mixin.py:188} INFO - [2026-04-04T13:36:35.711+0000] {dag.py:3823} INFO - Setting next_dagrun for weekly_summary_pipeline to 2026-03-30 06:00:00+00:00, run_after=2026-04-06 06:00:00+00:00
[2026-04-04T13:36:35.732+0000] {processor.py:183} INFO - Processing /opt/airflow/dags/weekly_summary_pipeline.py took 0.103 seconds
[2026-04-04T13:37:06.249+0000] {processor.py:161} INFO - Started process (PID=1742) to work on /opt/airflow/dags/weekly_summary_pipeline.py
[2026-04-04T13:37:06.250+0000] {processor.py:830} INFO - Processing file /opt/airflow/dags/weekly_summary_pipeline.py for tasks to queue
[2026-04-04T13:37:06.251+0000] {logging_mixin.py:188} INFO - [2026-04-04T13:37:06.251+0000] {dagbag.py:538} INFO - Filling up the DagBag from /opt/airflow/dags/weekly_summary_pipeline.py
[2026-04-04T13:37:06.273+0000] {processor.py:840} INFO - DAG(s) 'weekly_summary_pipeline' retrieved from /opt/airflow/dags/weekly_summary_pipeline.py
[2026-04-04T13:37:06.306+0000] {logging_mixin.py:188} INFO - [2026-04-04T13:37:06.306+0000] {dag.py:3036} INFO - Sync 1 DAGs
[2026-04-04T13:37:06.336+0000] {logging_mixin.py:188} INFO - [2026-04-04T13:37:06.335+0000] {dag.py:3823} INFO - Setting next_dagrun for weekly_summary_pipeline to 2026-03-30 06:00:00+00:00, run_after=2026-04-06 06:00:00+00:00
[2026-04-04T13:37:06.362+0000] {processor.py:183} INFO - Processing /opt/airflow/dags/weekly_summary_pipeline.py took 0.116 seconds
[2026-04-04T13:37:36.918+0000] {processor.py:161} INFO - Started process (PID=1765) to work on /opt/airflow/dags/weekly_summary_pipeline.py
[2026-04-04T13:37:36.919+0000] {processor.py:830} INFO - Processing file /opt/airflow/dags/weekly_summary_pipeline.py for tasks to queue
[2026-04-04T13:37:36.920+0000] {logging_mixin.py:188} INFO - [2026-04-04T13:37:36.920+0000] {dagbag.py:538} INFO - Filling up the DagBag from /opt/airflow/dags/weekly_summary_pipeline.py
[2026-04-04T13:37:36.939+0000] {processor.py:840} INFO - DAG(s) 'weekly_summary_pipeline' retrieved from /opt/airflow/dags/weekly_summary_pipeline.py
[2026-04-04T13:37:36.966+0000] {logging_mixin.py:188} INFO - [2026-04-04T13:37:36.966+0000] {dag.py:3036} INFO - Sync 1 DAGs
[2026-04-04T13:37:36.988+0000] {logging_mixin.py:188} INFO - [2026-04-04T13:37:36.988+0000] {dag.py:3823} INFO - Setting next_dagrun for weekly_summary_pipeline to 2026-03-30 06:00:00+00:00, run_after=2026-04-06 06:00:00+00:00
[2026-04-04T13:37:37.012+0000] {processor.py:183} INFO - Processing /opt/airflow/dags/weekly_summary_pipeline.py took 0.096 seconds
[2026-04-04T13:38:07.546+0000] {processor.py:161} INFO - Started process (PID=1788) to work on /opt/airflow/dags/weekly_summary_pipeline.py
[2026-04-04T13:38:07.547+0000] {processor.py:830} INFO - Processing file /opt/airflow/dags/weekly_summary_pipeline.py for tasks to queue
[2026-04-04T13:38:07.548+0000] {logging_mixin.py:188} INFO - [2026-04-04T13:38:07.548+0000] {dagbag.py:538} INFO - Filling up the DagBag from /opt/airflow/dags/weekly_summary_pipeline.py
[2026-04-04T13:38:07.564+0000] {processor.py:840} INFO - DAG(s) 'weekly_summary_pipeline' retrieved from /opt/airflow/dags/weekly_summary_pipeline.py
[2026-04-04T13:38:07.591+0000] {logging_mixin.py:188} INFO - [2026-04-04T13:38:07.591+0000] {dag.py:3036} INFO - Sync 1 DAGs
[2026-04-04T13:38:07.616+0000] {logging_mixin.py:188} INFO - [2026-04-04T13:38:07.616+0000] {dag.py:3823} INFO - Setting next_dagrun for weekly_summary_pipeline to 2026-03-30 06:00:00+00:00, run_after=2026-04-06 06:00:00+00:00
[2026-04-04T13:38:07.646+0000] {processor.py:183} INFO - Processing /opt/airflow/dags/weekly_summary_pipeline.py took 0.103 seconds
[2026-04-04T13:38:38.180+0000] {processor.py:161} INFO - Started process (PID=1811) to work on /opt/airflow/dags/weekly_summary_pipeline.py
[2026-04-04T13:38:38.181+0000] {processor.py:830} INFO - Processing file /opt/airflow/dags/weekly_summary_pipeline.py for tasks to queue
[2026-04-04T13:38:38.182+0000] {logging_mixin.py:188} INFO - [2026-04-04T13:38:38.182+0000] {dagbag.py:538} INFO - Filling up the DagBag from /opt/airflow/dags/weekly_summary_pipeline.py
[2026-04-04T13:38:38.201+0000] {processor.py:840} INFO - DAG(s) 'weekly_summary_pipeline' retrieved from /opt/airflow/dags/weekly_summary_pipeline.py
[2026-04-04T13:38:38.232+0000] {logging_mixin.py:188} INFO - [2026-04-04T13:38:38.232+0000] {dag.py:3036} INFO - Sync 1 DAGs
[2026-04-04T13:38:38.256+0000] {logging_mixin.py:188} INFO - [2026-04-04T13:38:38.256+0000] {dag.py:3823} INFO - Setting next_dagrun for weekly_summary_pipeline to 2026-03-30 06:00:00+00:00, run_after=2026-04-06 06:00:00+00:00
[2026-04-04T13:38:38.277+0000] {processor.py:183} INFO - Processing /opt/airflow/dags/weekly_summary_pipeline.py took 0.100 seconds
[2026-04-04T13:39:08.779+0000] {processor.py:161} INFO - Started process (PID=1834) to work on /opt/airflow/dags/weekly_summary_pipeline.py
[2026-04-04T13:39:08.780+0000] {processor.py:830} INFO - Processing file /opt/airflow/dags/weekly_summary_pipeline.py for tasks to queue
[2026-04-04T13:39:08.781+0000] {logging_mixin.py:188} INFO - [2026-04-04T13:39:08.781+0000] {dagbag.py:538} INFO - Filling up the DagBag from /opt/airflow/dags/weekly_summary_pipeline.py
[2026-04-04T13:39:08.800+0000] {processor.py:840} INFO - DAG(s) 'weekly_summary_pipeline' retrieved from /opt/airflow/dags/weekly_summary_pipeline.py
[2026-04-04T13:39:08.826+0000] {logging_mixin.py:188} INFO - [2026-04-04T13:39:08.826+0000] {dag.py:3036} INFO - Sync 1 DAGs
[2026-04-04T13:39:08.846+0000] {logging_mixin.py:188} INFO - [2026-04-04T13:39:08.846+0000] {dag.py:3823} INFO - Setting next_dagrun for weekly_summary_pipeline to 2026-03-30 06:00:00+00:00, run_after=2026-04-06 06:00:00+00:00
[2026-04-04T13:39:08.866+0000] {processor.py:183} INFO - Processing /opt/airflow/dags/weekly_summary_pipeline.py took 0.090 seconds
[2026-04-04T13:39:39.395+0000] {processor.py:161} INFO - Started process (PID=1857) to work on /opt/airflow/dags/weekly_summary_pipeline.py
[2026-04-04T13:39:39.397+0000] {processor.py:830} INFO - Processing file /opt/airflow/dags/weekly_summary_pipeline.py for tasks to queue
[2026-04-04T13:39:39.398+0000] {logging_mixin.py:188} INFO - [2026-04-04T13:39:39.397+0000] {dagbag.py:538} INFO - Filling up the DagBag from /opt/airflow/dags/weekly_summary_pipeline.py
[2026-04-04T13:39:39.422+0000] {processor.py:840} INFO - DAG(s) 'weekly_summary_pipeline' retrieved from /opt/airflow/dags/weekly_summary_pipeline.py
[2026-04-04T13:39:39.457+0000] {logging_mixin.py:188} INFO - [2026-04-04T13:39:39.457+0000] {dag.py:3036} INFO - Sync 1 DAGs
[2026-04-04T13:39:39.483+0000] {logging_mixin.py:188} INFO - [2026-04-04T13:39:39.482+0000] {dag.py:3823} INFO - Setting next_dagrun for weekly_summary_pipeline to 2026-03-30 06:00:00+00:00, run_after=2026-04-06 06:00:00+00:00
[2026-04-04T13:39:39.506+0000] {processor.py:183} INFO - Processing /opt/airflow/dags/weekly_summary_pipeline.py took 0.115 seconds
[2026-04-04T13:40:09.980+0000] {processor.py:161} INFO - Started process (PID=1872) to work on /opt/airflow/dags/weekly_summary_pipeline.py
[2026-04-04T13:40:09.982+0000] {processor.py:830} INFO - Processing file /opt/airflow/dags/weekly_summary_pipeline.py for tasks to queue
[2026-04-04T13:40:09.982+0000] {logging_mixin.py:188} INFO - [2026-04-04T13:40:09.982+0000] {dagbag.py:538} INFO - Filling up the DagBag from /opt/airflow/dags/weekly_summary_pipeline.py
[2026-04-04T13:40:10.002+0000] {processor.py:840} INFO - DAG(s) 'weekly_summary_pipeline' retrieved from /opt/airflow/dags/weekly_summary_pipeline.py
[2026-04-04T13:40:10.029+0000] {logging_mixin.py:188} INFO - [2026-04-04T13:40:10.029+0000] {dag.py:3036} INFO - Sync 1 DAGs
[2026-04-04T13:40:10.050+0000] {logging_mixin.py:188} INFO - [2026-04-04T13:40:10.050+0000] {dag.py:3823} INFO - Setting next_dagrun for weekly_summary_pipeline to 2026-03-30 06:00:00+00:00, run_after=2026-04-06 06:00:00+00:00
[2026-04-04T13:40:10.070+0000] {processor.py:183} INFO - Processing /opt/airflow/dags/weekly_summary_pipeline.py took 0.092 seconds
[2026-04-04T13:40:40.333+0000] {processor.py:161} INFO - Started process (PID=1895) to work on /opt/airflow/dags/weekly_summary_pipeline.py
[2026-04-04T13:40:40.335+0000] {processor.py:830} INFO - Processing file /opt/airflow/dags/weekly_summary_pipeline.py for tasks to queue
[2026-04-04T13:40:40.336+0000] {logging_mixin.py:188} INFO - [2026-04-04T13:40:40.335+0000] {dagbag.py:538} INFO - Filling up the DagBag from /opt/airflow/dags/weekly_summary_pipeline.py
[2026-04-04T13:40:40.362+0000] {processor.py:840} INFO - DAG(s) 'weekly_summary_pipeline' retrieved from /opt/airflow/dags/weekly_summary_pipeline.py
[2026-04-04T13:40:40.404+0000] {logging_mixin.py:188} INFO - [2026-04-04T13:40:40.403+0000] {dag.py:3036} INFO - Sync 1 DAGs
[2026-04-04T13:40:40.446+0000] {logging_mixin.py:188} INFO - [2026-04-04T13:40:40.446+0000] {dag.py:3823} INFO - Setting next_dagrun for weekly_summary_pipeline to 2026-03-30 06:00:00+00:00, run_after=2026-04-06 06:00:00+00:00
[2026-04-04T13:40:40.475+0000] {processor.py:183} INFO - Processing /opt/airflow/dags/weekly_summary_pipeline.py took 0.144 seconds
[2026-04-04T13:41:11.355+0000] {processor.py:161} INFO - Started process (PID=1918) to work on /opt/airflow/dags/weekly_summary_pipeline.py
[2026-04-04T13:41:11.356+0000] {processor.py:830} INFO - Processing file /opt/airflow/dags/weekly_summary_pipeline.py for tasks to queue
[2026-04-04T13:41:11.357+0000] {logging_mixin.py:188} INFO - [2026-04-04T13:41:11.357+0000] {dagbag.py:538} INFO - Filling up the DagBag from /opt/airflow/dags/weekly_summary_pipeline.py
[2026-04-04T13:41:11.390+0000] {processor.py:840} INFO - DAG(s) 'weekly_summary_pipeline' retrieved from /opt/airflow/dags/weekly_summary_pipeline.py
[2026-04-04T13:41:11.419+0000] {logging_mixin.py:188} INFO - [2026-04-04T13:41:11.419+0000] {dag.py:3036} INFO - Sync 1 DAGs
[2026-04-04T13:41:11.442+0000] {logging_mixin.py:188} INFO - [2026-04-04T13:41:11.441+0000] {dag.py:3823} INFO - Setting next_dagrun for weekly_summary_pipeline to 2026-03-30 06:00:00+00:00, run_after=2026-04-06 06:00:00+00:00
[2026-04-04T13:41:11.461+0000] {processor.py:183} INFO - Processing /opt/airflow/dags/weekly_summary_pipeline.py took 0.110 seconds
[2026-04-04T13:41:41.935+0000] {processor.py:161} INFO - Started process (PID=1941) to work on /opt/airflow/dags/weekly_summary_pipeline.py
[2026-04-04T13:41:41.936+0000] {processor.py:830} INFO - Processing file /opt/airflow/dags/weekly_summary_pipeline.py for tasks to queue
[2026-04-04T13:41:41.937+0000] {logging_mixin.py:188} INFO - [2026-04-04T13:41:41.936+0000] {dagbag.py:538} INFO - Filling up the DagBag from /opt/airflow/dags/weekly_summary_pipeline.py
[2026-04-04T13:41:41.956+0000] {processor.py:840} INFO - DAG(s) 'weekly_summary_pipeline' retrieved from /opt/airflow/dags/weekly_summary_pipeline.py
[2026-04-04T13:41:41.984+0000] {logging_mixin.py:188} INFO - [2026-04-04T13:41:41.984+0000] {dag.py:3036} INFO - Sync 1 DAGs
[2026-04-04T13:41:42.007+0000] {logging_mixin.py:188} INFO - [2026-04-04T13:41:42.007+0000] {dag.py:3823} INFO - Setting next_dagrun for weekly_summary_pipeline to 2026-03-30 06:00:00+00:00, run_after=2026-04-06 06:00:00+00:00
[2026-04-04T13:41:42.029+0000] {processor.py:183} INFO - Processing /opt/airflow/dags/weekly_summary_pipeline.py took 0.097 seconds
[2026-04-04T13:42:12.981+0000] {processor.py:161} INFO - Started process (PID=1964) to work on /opt/airflow/dags/weekly_summary_pipeline.py
[2026-04-04T13:42:12.982+0000] {processor.py:830} INFO - Processing file /opt/airflow/dags/weekly_summary_pipeline.py for tasks to queue
[2026-04-04T13:42:12.983+0000] {logging_mixin.py:188} INFO - [2026-04-04T13:42:12.983+0000] {dagbag.py:538} INFO - Filling up the DagBag from /opt/airflow/dags/weekly_summary_pipeline.py
[2026-04-04T13:42:13.003+0000] {processor.py:840} INFO - DAG(s) 'weekly_summary_pipeline' retrieved from /opt/airflow/dags/weekly_summary_pipeline.py
[2026-04-04T13:42:13.028+0000] {logging_mixin.py:188} INFO - [2026-04-04T13:42:13.028+0000] {dag.py:3036} INFO - Sync 1 DAGs
[2026-04-04T13:42:13.049+0000] {logging_mixin.py:188} INFO - [2026-04-04T13:42:13.049+0000] {dag.py:3823} INFO - Setting next_dagrun for weekly_summary_pipeline to 2026-03-30 06:00:00+00:00, run_after=2026-04-06 06:00:00+00:00
[2026-04-04T13:42:13.073+0000] {processor.py:183} INFO - Processing /opt/airflow/dags/weekly_summary_pipeline.py took 0.094 seconds
[2026-04-04T13:42:43.950+0000] {processor.py:161} INFO - Started process (PID=1987) to work on /opt/airflow/dags/weekly_summary_pipeline.py
[2026-04-04T13:42:43.951+0000] {processor.py:830} INFO - Processing file /opt/airflow/dags/weekly_summary_pipeline.py for tasks to queue
[2026-04-04T13:42:43.952+0000] {logging_mixin.py:188} INFO - [2026-04-04T13:42:43.952+0000] {dagbag.py:538} INFO - Filling up the DagBag from /opt/airflow/dags/weekly_summary_pipeline.py
[2026-04-04T13:42:43.970+0000] {processor.py:840} INFO - DAG(s) 'weekly_summary_pipeline' retrieved from /opt/airflow/dags/weekly_summary_pipeline.py
[2026-04-04T13:42:43.999+0000] {logging_mixin.py:188} INFO - [2026-04-04T13:42:43.999+0000] {dag.py:3036} INFO - Sync 1 DAGs
[2026-04-04T13:42:44.021+0000] {logging_mixin.py:188} INFO - [2026-04-04T13:42:44.021+0000] {dag.py:3823} INFO - Setting next_dagrun for weekly_summary_pipeline to 2026-03-30 06:00:00+00:00, run_after=2026-04-06 06:00:00+00:00
[2026-04-04T13:42:44.043+0000] {processor.py:183} INFO - Processing /opt/airflow/dags/weekly_summary_pipeline.py took 0.096 seconds
[2026-04-04T13:43:14.518+0000] {processor.py:161} INFO - Started process (PID=2010) to work on /opt/airflow/dags/weekly_summary_pipeline.py
[2026-04-04T13:43:14.519+0000] {processor.py:830} INFO - Processing file /opt/airflow/dags/weekly_summary_pipeline.py for tasks to queue
[2026-04-04T13:43:14.520+0000] {logging_mixin.py:188} INFO - [2026-04-04T13:43:14.520+0000] {dagbag.py:538} INFO - Filling up the DagBag from /opt/airflow/dags/weekly_summary_pipeline.py
[2026-04-04T13:43:14.539+0000] {processor.py:840} INFO - DAG(s) 'weekly_summary_pipeline' retrieved from /opt/airflow/dags/weekly_summary_pipeline.py
[2026-04-04T13:43:14.566+0000] {logging_mixin.py:188} INFO - [2026-04-04T13:43:14.565+0000] {dag.py:3036} INFO - Sync 1 DAGs
[2026-04-04T13:43:14.588+0000] {logging_mixin.py:188} INFO - [2026-04-04T13:43:14.587+0000] {dag.py:3823} INFO - Setting next_dagrun for weekly_summary_pipeline to 2026-03-30 06:00:00+00:00, run_after=2026-04-06 06:00:00+00:00
[2026-04-04T13:43:14.610+0000] {processor.py:183} INFO - Processing /opt/airflow/dags/weekly_summary_pipeline.py took 0.094 seconds
[2026-04-04T13:43:45.510+0000] {processor.py:161} INFO - Started process (PID=2033) to work on /opt/airflow/dags/weekly_summary_pipeline.py
[2026-04-04T13:43:45.511+0000] {processor.py:830} INFO - Processing file /opt/airflow/dags/weekly_summary_pipeline.py for tasks to queue
[2026-04-04T13:43:45.511+0000] {logging_mixin.py:188} INFO - [2026-04-04T13:43:45.511+0000] {dagbag.py:538} INFO - Filling up the DagBag from /opt/airflow/dags/weekly_summary_pipeline.py
[2026-04-04T13:43:45.531+0000] {processor.py:840} INFO - DAG(s) 'weekly_summary_pipeline' retrieved from /opt/airflow/dags/weekly_summary_pipeline.py
[2026-04-04T13:43:45.558+0000] {logging_mixin.py:188} INFO - [2026-04-04T13:43:45.558+0000] {dag.py:3036} INFO - Sync 1 DAGs
[2026-04-04T13:43:45.580+0000] {logging_mixin.py:188} INFO - [2026-04-04T13:43:45.580+0000] {dag.py:3823} INFO - Setting next_dagrun for weekly_summary_pipeline to 2026-03-30 06:00:00+00:00, run_after=2026-04-06 06:00:00+00:00
[2026-04-04T13:43:45.600+0000] {processor.py:183} INFO - Processing /opt/airflow/dags/weekly_summary_pipeline.py took 0.094 seconds
[2026-04-04T13:44:16.486+0000] {processor.py:161} INFO - Started process (PID=2056) to work on /opt/airflow/dags/weekly_summary_pipeline.py
[2026-04-04T13:44:16.487+0000] {processor.py:830} INFO - Processing file /opt/airflow/dags/weekly_summary_pipeline.py for tasks to queue
[2026-04-04T13:44:16.488+0000] {logging_mixin.py:188} INFO - [2026-04-04T13:44:16.488+0000] {dagbag.py:538} INFO - Filling up the DagBag from /opt/airflow/dags/weekly_summary_pipeline.py
[2026-04-04T13:44:16.511+0000] {processor.py:840} INFO - DAG(s) 'weekly_summary_pipeline' retrieved from /opt/airflow/dags/weekly_summary_pipeline.py
[2026-04-04T13:44:16.540+0000] {logging_mixin.py:188} INFO - [2026-04-04T13:44:16.540+0000] {dag.py:3036} INFO - Sync 1 DAGs
[2026-04-04T13:44:16.563+0000] {logging_mixin.py:188} INFO - [2026-04-04T13:44:16.563+0000] {dag.py:3823} INFO - Setting next_dagrun for weekly_summary_pipeline to 2026-03-30 06:00:00+00:00, run_after=2026-04-06 06:00:00+00:00
[2026-04-04T13:44:16.587+0000] {processor.py:183} INFO - Processing /opt/airflow/dags/weekly_summary_pipeline.py took 0.104 seconds
[2026-04-04T13:44:47.063+0000] {processor.py:161} INFO - Started process (PID=2080) to work on /opt/airflow/dags/weekly_summary_pipeline.py
[2026-04-04T13:44:47.064+0000] {processor.py:830} INFO - Processing file /opt/airflow/dags/weekly_summary_pipeline.py for tasks to queue
[2026-04-04T13:44:47.065+0000] {logging_mixin.py:188} INFO - [2026-04-04T13:44:47.064+0000] {dagbag.py:538} INFO - Filling up the DagBag from /opt/airflow/dags/weekly_summary_pipeline.py
[2026-04-04T13:44:47.083+0000] {processor.py:840} INFO - DAG(s) 'weekly_summary_pipeline' retrieved from /opt/airflow/dags/weekly_summary_pipeline.py
[2026-04-04T13:44:47.117+0000] {logging_mixin.py:188} INFO - [2026-04-04T13:44:47.116+0000] {dag.py:3036} INFO - Sync 1 DAGs
[2026-04-04T13:44:47.142+0000] {logging_mixin.py:188} INFO - [2026-04-04T13:44:47.142+0000] {dag.py:3823} INFO - Setting next_dagrun for weekly_summary_pipeline to 2026-03-30 06:00:00+00:00, run_after=2026-04-06 06:00:00+00:00
[2026-04-04T13:44:47.163+0000] {processor.py:183} INFO - Processing /opt/airflow/dags/weekly_summary_pipeline.py took 0.104 seconds
[2026-04-04T13:45:17.659+0000] {processor.py:161} INFO - Started process (PID=2103) to work on /opt/airflow/dags/weekly_summary_pipeline.py
[2026-04-04T13:45:17.660+0000] {processor.py:830} INFO - Processing file /opt/airflow/dags/weekly_summary_pipeline.py for tasks to queue
[2026-04-04T13:45:17.661+0000] {logging_mixin.py:188} INFO - [2026-04-04T13:45:17.661+0000] {dagbag.py:538} INFO - Filling up the DagBag from /opt/airflow/dags/weekly_summary_pipeline.py
[2026-04-04T13:45:17.679+0000] {processor.py:840} INFO - DAG(s) 'weekly_summary_pipeline' retrieved from /opt/airflow/dags/weekly_summary_pipeline.py
[2026-04-04T13:45:17.706+0000] {logging_mixin.py:188} INFO - [2026-04-04T13:45:17.706+0000] {dag.py:3036} INFO - Sync 1 DAGs
[2026-04-04T13:45:17.728+0000] {logging_mixin.py:188} INFO - [2026-04-04T13:45:17.728+0000] {dag.py:3823} INFO - Setting next_dagrun for weekly_summary_pipeline to 2026-03-30 06:00:00+00:00, run_after=2026-04-06 06:00:00+00:00
[2026-04-04T13:45:17.749+0000] {processor.py:183} INFO - Processing /opt/airflow/dags/weekly_summary_pipeline.py took 0.093 seconds
[2026-04-04T13:45:48.240+0000] {processor.py:161} INFO - Started process (PID=2126) to work on /opt/airflow/dags/weekly_summary_pipeline.py
[2026-04-04T13:45:48.241+0000] {processor.py:830} INFO - Processing file /opt/airflow/dags/weekly_summary_pipeline.py for tasks to queue
[2026-04-04T13:45:48.241+0000] {logging_mixin.py:188} INFO - [2026-04-04T13:45:48.241+0000] {dagbag.py:538} INFO - Filling up the DagBag from /opt/airflow/dags/weekly_summary_pipeline.py
[2026-04-04T13:45:48.262+0000] {processor.py:840} INFO - DAG(s) 'weekly_summary_pipeline' retrieved from /opt/airflow/dags/weekly_summary_pipeline.py
[2026-04-04T13:45:48.292+0000] {logging_mixin.py:188} INFO - [2026-04-04T13:45:48.291+0000] {dag.py:3036} INFO - Sync 1 DAGs
[2026-04-04T13:45:48.315+0000] {logging_mixin.py:188} INFO - [2026-04-04T13:45:48.315+0000] {dag.py:3823} INFO - Setting next_dagrun for weekly_summary_pipeline to 2026-03-30 06:00:00+00:00, run_after=2026-04-06 06:00:00+00:00
[2026-04-04T13:45:48.335+0000] {processor.py:183} INFO - Processing /opt/airflow/dags/weekly_summary_pipeline.py took 0.098 seconds
[2026-04-04T13:46:18.888+0000] {processor.py:161} INFO - Started process (PID=2149) to work on /opt/airflow/dags/weekly_summary_pipeline.py
[2026-04-04T13:46:18.889+0000] {processor.py:830} INFO - Processing file /opt/airflow/dags/weekly_summary_pipeline.py for tasks to queue
[2026-04-04T13:46:18.890+0000] {logging_mixin.py:188} INFO - [2026-04-04T13:46:18.890+0000] {dagbag.py:538} INFO - Filling up the DagBag from /opt/airflow/dags/weekly_summary_pipeline.py
[2026-04-04T13:46:18.913+0000] {processor.py:840} INFO - DAG(s) 'weekly_summary_pipeline' retrieved from /opt/airflow/dags/weekly_summary_pipeline.py
[2026-04-04T13:46:18.941+0000] {logging_mixin.py:188} INFO - [2026-04-04T13:46:18.940+0000] {dag.py:3036} INFO - Sync 1 DAGs
[2026-04-04T13:46:18.964+0000] {logging_mixin.py:188} INFO - [2026-04-04T13:46:18.964+0000] {dag.py:3823} INFO - Setting next_dagrun for weekly_summary_pipeline to 2026-03-30 06:00:00+00:00, run_after=2026-04-06 06:00:00+00:00
[2026-04-04T13:46:18.983+0000] {processor.py:183} INFO - Processing /opt/airflow/dags/weekly_summary_pipeline.py took 0.097 seconds
[2026-04-04T13:46:49.473+0000] {processor.py:161} INFO - Started process (PID=2172) to work on /opt/airflow/dags/weekly_summary_pipeline.py
[2026-04-04T13:46:49.474+0000] {processor.py:830} INFO - Processing file /opt/airflow/dags/weekly_summary_pipeline.py for tasks to queue
[2026-04-04T13:46:49.475+0000] {logging_mixin.py:188} INFO - [2026-04-04T13:46:49.475+0000] {dagbag.py:538} INFO - Filling up the DagBag from /opt/airflow/dags/weekly_summary_pipeline.py
[2026-04-04T13:46:49.496+0000] {processor.py:840} INFO - DAG(s) 'weekly_summary_pipeline' retrieved from /opt/airflow/dags/weekly_summary_pipeline.py
[2026-04-04T13:46:49.525+0000] {logging_mixin.py:188} INFO - [2026-04-04T13:46:49.525+0000] {dag.py:3036} INFO - Sync 1 DAGs
[2026-04-04T13:46:49.547+0000] {logging_mixin.py:188} INFO - [2026-04-04T13:46:49.547+0000] {dag.py:3823} INFO - Setting next_dagrun for weekly_summary_pipeline to 2026-03-30 06:00:00+00:00, run_after=2026-04-06 06:00:00+00:00
[2026-04-04T13:46:49.567+0000] {processor.py:183} INFO - Processing /opt/airflow/dags/weekly_summary_pipeline.py took 0.097 seconds
[2026-04-04T13:47:20.529+0000] {processor.py:161} INFO - Started process (PID=2194) to work on /opt/airflow/dags/weekly_summary_pipeline.py
[2026-04-04T13:47:20.530+0000] {processor.py:830} INFO - Processing file /opt/airflow/dags/weekly_summary_pipeline.py for tasks to queue
[2026-04-04T13:47:20.531+0000] {logging_mixin.py:188} INFO - [2026-04-04T13:47:20.530+0000] {dagbag.py:538} INFO - Filling up the DagBag from /opt/airflow/dags/weekly_summary_pipeline.py
[2026-04-04T13:47:20.551+0000] {processor.py:840} INFO - DAG(s) 'weekly_summary_pipeline' retrieved from /opt/airflow/dags/weekly_summary_pipeline.py
[2026-04-04T13:47:20.578+0000] {logging_mixin.py:188} INFO - [2026-04-04T13:47:20.578+0000] {dag.py:3036} INFO - Sync 1 DAGs
[2026-04-04T13:47:20.602+0000] {logging_mixin.py:188} INFO - [2026-04-04T13:47:20.602+0000] {dag.py:3823} INFO - Setting next_dagrun for weekly_summary_pipeline to 2026-03-30 06:00:00+00:00, run_after=2026-04-06 06:00:00+00:00
[2026-04-04T13:47:20.624+0000] {processor.py:183} INFO - Processing /opt/airflow/dags/weekly_summary_pipeline.py took 0.098 seconds
[2026-04-04T13:47:51.488+0000] {processor.py:161} INFO - Started process (PID=2217) to work on /opt/airflow/dags/weekly_summary_pipeline.py
[2026-04-04T13:47:51.489+0000] {processor.py:830} INFO - Processing file /opt/airflow/dags/weekly_summary_pipeline.py for tasks to queue
[2026-04-04T13:47:51.490+0000] {logging_mixin.py:188} INFO - [2026-04-04T13:47:51.490+0000] {dagbag.py:538} INFO - Filling up the DagBag from /opt/airflow/dags/weekly_summary_pipeline.py
[2026-04-04T13:47:51.508+0000] {processor.py:840} INFO - DAG(s) 'weekly_summary_pipeline' retrieved from /opt/airflow/dags/weekly_summary_pipeline.py
[2026-04-04T13:47:51.537+0000] {logging_mixin.py:188} INFO - [2026-04-04T13:47:51.537+0000] {dag.py:3036} INFO - Sync 1 DAGs
[2026-04-04T13:47:51.560+0000] {logging_mixin.py:188} INFO - [2026-04-04T13:47:51.560+0000] {dag.py:3823} INFO - Setting next_dagrun for weekly_summary_pipeline to 2026-03-30 06:00:00+00:00, run_after=2026-04-06 06:00:00+00:00
[2026-04-04T13:47:51.581+0000] {processor.py:183} INFO - Processing /opt/airflow/dags/weekly_summary_pipeline.py took 0.095 seconds
[2026-04-04T13:48:22.069+0000] {processor.py:161} INFO - Started process (PID=2240) to work on /opt/airflow/dags/weekly_summary_pipeline.py
[2026-04-04T13:48:22.070+0000] {processor.py:830} INFO - Processing file /opt/airflow/dags/weekly_summary_pipeline.py for tasks to queue
[2026-04-04T13:48:22.071+0000] {logging_mixin.py:188} INFO - [2026-04-04T13:48:22.070+0000] {dagbag.py:538} INFO - Filling up the DagBag from /opt/airflow/dags/weekly_summary_pipeline.py
[2026-04-04T13:48:22.094+0000] {processor.py:840} INFO - DAG(s) 'weekly_summary_pipeline' retrieved from /opt/airflow/dags/weekly_summary_pipeline.py
[2026-04-04T13:48:22.127+0000] {logging_mixin.py:188} INFO - [2026-04-04T13:48:22.127+0000] {dag.py:3036} INFO - Sync 1 DAGs
[2026-04-04T13:48:22.150+0000] {logging_mixin.py:188} INFO - [2026-04-04T13:48:22.150+0000] {dag.py:3823} INFO - Setting next_dagrun for weekly_summary_pipeline to 2026-03-30 06:00:00+00:00, run_after=2026-04-06 06:00:00+00:00
[2026-04-04T13:48:22.177+0000] {processor.py:183} INFO - Processing /opt/airflow/dags/weekly_summary_pipeline.py took 0.111 seconds
[2026-04-04T13:48:52.693+0000] {processor.py:161} INFO - Started process (PID=2263) to work on /opt/airflow/dags/weekly_summary_pipeline.py
[2026-04-04T13:48:52.694+0000] {processor.py:830} INFO - Processing file /opt/airflow/dags/weekly_summary_pipeline.py for tasks to queue
[2026-04-04T13:48:52.695+0000] {logging_mixin.py:188} INFO - [2026-04-04T13:48:52.695+0000] {dagbag.py:538} INFO - Filling up the DagBag from /opt/airflow/dags/weekly_summary_pipeline.py
[2026-04-04T13:48:52.712+0000] {processor.py:840} INFO - DAG(s) 'weekly_summary_pipeline' retrieved from /opt/airflow/dags/weekly_summary_pipeline.py
[2026-04-04T13:48:52.742+0000] {logging_mixin.py:188} INFO - [2026-04-04T13:48:52.742+0000] {dag.py:3036} INFO - Sync 1 DAGs
[2026-04-04T13:48:53.431+0000] {logging_mixin.py:188} INFO - [2026-04-04T13:48:53.431+0000] {dag.py:3823} INFO - Setting next_dagrun for weekly_summary_pipeline to 2026-03-30 06:00:00+00:00, run_after=2026-04-06 06:00:00+00:00
[2026-04-04T13:48:53.454+0000] {processor.py:183} INFO - Processing /opt/airflow/dags/weekly_summary_pipeline.py took 0.764 seconds
[2026-04-04T13:49:23.964+0000] {processor.py:161} INFO - Started process (PID=2286) to work on /opt/airflow/dags/weekly_summary_pipeline.py
[2026-04-04T13:49:23.966+0000] {processor.py:830} INFO - Processing file /opt/airflow/dags/weekly_summary_pipeline.py for tasks to queue
[2026-04-04T13:49:23.966+0000] {logging_mixin.py:188} INFO - [2026-04-04T13:49:23.966+0000] {dagbag.py:538} INFO - Filling up the DagBag from /opt/airflow/dags/weekly_summary_pipeline.py
[2026-04-04T13:49:23.988+0000] {processor.py:840} INFO - DAG(s) 'weekly_summary_pipeline' retrieved from /opt/airflow/dags/weekly_summary_pipeline.py
[2026-04-04T13:49:24.020+0000] {logging_mixin.py:188} INFO - [2026-04-04T13:49:24.020+0000] {dag.py:3036} INFO - Sync 1 DAGs
[2026-04-04T13:49:24.044+0000] {logging_mixin.py:188} INFO - [2026-04-04T13:49:24.044+0000] {dag.py:3823} INFO - Setting next_dagrun for weekly_summary_pipeline to 2026-03-30 06:00:00+00:00, run_after=2026-04-06 06:00:00+00:00
[2026-04-04T13:49:24.069+0000] {processor.py:183} INFO - Processing /opt/airflow/dags/weekly_summary_pipeline.py took 0.108 seconds
[2026-04-04T13:49:54.602+0000] {processor.py:161} INFO - Started process (PID=2301) to work on /opt/airflow/dags/weekly_summary_pipeline.py
[2026-04-04T13:49:54.604+0000] {processor.py:830} INFO - Processing file /opt/airflow/dags/weekly_summary_pipeline.py for tasks to queue
[2026-04-04T13:49:54.605+0000] {logging_mixin.py:188} INFO - [2026-04-04T13:49:54.605+0000] {dagbag.py:538} INFO - Filling up the DagBag from /opt/airflow/dags/weekly_summary_pipeline.py
[2026-04-04T13:49:54.623+0000] {processor.py:840} INFO - DAG(s) 'weekly_summary_pipeline' retrieved from /opt/airflow/dags/weekly_summary_pipeline.py
[2026-04-04T13:49:54.655+0000] {logging_mixin.py:188} INFO - [2026-04-04T13:49:54.655+0000] {dag.py:3036} INFO - Sync 1 DAGs
[2026-04-04T13:49:54.676+0000] {logging_mixin.py:188} INFO - [2026-04-04T13:49:54.676+0000] {dag.py:3823} INFO - Setting next_dagrun for weekly_summary_pipeline to 2026-03-30 06:00:00+00:00, run_after=2026-04-06 06:00:00+00:00
[2026-04-04T13:49:54.698+0000] {processor.py:183} INFO - Processing /opt/airflow/dags/weekly_summary_pipeline.py took 0.100 seconds
[2026-04-04T13:50:25.211+0000] {processor.py:161} INFO - Started process (PID=2324) to work on /opt/airflow/dags/weekly_summary_pipeline.py
[2026-04-04T13:50:25.212+0000] {processor.py:830} INFO - Processing file /opt/airflow/dags/weekly_summary_pipeline.py for tasks to queue
[2026-04-04T13:50:25.213+0000] {logging_mixin.py:188} INFO - [2026-04-04T13:50:25.213+0000] {dagbag.py:538} INFO - Filling up the DagBag from /opt/airflow/dags/weekly_summary_pipeline.py
[2026-04-04T13:50:25.231+0000] {processor.py:840} INFO - DAG(s) 'weekly_summary_pipeline' retrieved from /opt/airflow/dags/weekly_summary_pipeline.py
[2026-04-04T13:50:25.258+0000] {logging_mixin.py:188} INFO - [2026-04-04T13:50:25.258+0000] {dag.py:3036} INFO - Sync 1 DAGs
[2026-04-04T13:50:25.437+0000] {logging_mixin.py:188} INFO - [2026-04-04T13:50:25.437+0000] {dag.py:3823} INFO - Setting next_dagrun for weekly_summary_pipeline to 2026-03-30 06:00:00+00:00, run_after=2026-04-06 06:00:00+00:00
[2026-04-04T13:50:25.458+0000] {processor.py:183} INFO - Processing /opt/airflow/dags/weekly_summary_pipeline.py took 0.249 seconds
[2026-04-04T13:50:55.976+0000] {processor.py:161} INFO - Started process (PID=2347) to work on /opt/airflow/dags/weekly_summary_pipeline.py
[2026-04-04T13:50:55.977+0000] {processor.py:830} INFO - Processing file /opt/airflow/dags/weekly_summary_pipeline.py for tasks to queue
[2026-04-04T13:50:55.978+0000] {logging_mixin.py:188} INFO - [2026-04-04T13:50:55.978+0000] {dagbag.py:538} INFO - Filling up the DagBag from /opt/airflow/dags/weekly_summary_pipeline.py
[2026-04-04T13:50:56.136+0000] {processor.py:840} INFO - DAG(s) 'weekly_summary_pipeline' retrieved from /opt/airflow/dags/weekly_summary_pipeline.py
[2026-04-04T13:50:56.163+0000] {logging_mixin.py:188} INFO - [2026-04-04T13:50:56.163+0000] {dag.py:3036} INFO - Sync 1 DAGs
[2026-04-04T13:50:56.183+0000] {logging_mixin.py:188} INFO - [2026-04-04T13:50:56.183+0000] {dag.py:3823} INFO - Setting next_dagrun for weekly_summary_pipeline to 2026-03-30 06:00:00+00:00, run_after=2026-04-06 06:00:00+00:00
[2026-04-04T13:50:56.207+0000] {processor.py:183} INFO - Processing /opt/airflow/dags/weekly_summary_pipeline.py took 0.234 seconds
[2026-04-04T13:51:26.709+0000] {processor.py:161} INFO - Started process (PID=2370) to work on /opt/airflow/dags/weekly_summary_pipeline.py
[2026-04-04T13:51:26.710+0000] {processor.py:830} INFO - Processing file /opt/airflow/dags/weekly_summary_pipeline.py for tasks to queue
[2026-04-04T13:51:26.711+0000] {logging_mixin.py:188} INFO - [2026-04-04T13:51:26.711+0000] {dagbag.py:538} INFO - Filling up the DagBag from /opt/airflow/dags/weekly_summary_pipeline.py
[2026-04-04T13:51:26.731+0000] {processor.py:840} INFO - DAG(s) 'weekly_summary_pipeline' retrieved from /opt/airflow/dags/weekly_summary_pipeline.py
[2026-04-04T13:51:26.760+0000] {logging_mixin.py:188} INFO - [2026-04-04T13:51:26.760+0000] {dag.py:3036} INFO - Sync 1 DAGs
[2026-04-04T13:51:26.782+0000] {logging_mixin.py:188} INFO - [2026-04-04T13:51:26.782+0000] {dag.py:3823} INFO - Setting next_dagrun for weekly_summary_pipeline to 2026-03-30 06:00:00+00:00, run_after=2026-04-06 06:00:00+00:00
[2026-04-04T13:51:26.822+0000] {processor.py:183} INFO - Processing /opt/airflow/dags/weekly_summary_pipeline.py took 0.116 seconds
[2026-04-04T13:51:57.717+0000] {processor.py:161} INFO - Started process (PID=2394) to work on /opt/airflow/dags/weekly_summary_pipeline.py
[2026-04-04T13:51:57.718+0000] {processor.py:830} INFO - Processing file /opt/airflow/dags/weekly_summary_pipeline.py for tasks to queue
[2026-04-04T13:51:57.719+0000] {logging_mixin.py:188} INFO - [2026-04-04T13:51:57.719+0000] {dagbag.py:538} INFO - Filling up the DagBag from /opt/airflow/dags/weekly_summary_pipeline.py
[2026-04-04T13:51:57.741+0000] {processor.py:840} INFO - DAG(s) 'weekly_summary_pipeline' retrieved from /opt/airflow/dags/weekly_summary_pipeline.py
[2026-04-04T13:51:57.772+0000] {logging_mixin.py:188} INFO - [2026-04-04T13:51:57.772+0000] {dag.py:3036} INFO - Sync 1 DAGs
[2026-04-04T13:51:57.797+0000] {logging_mixin.py:188} INFO - [2026-04-04T13:51:57.797+0000] {dag.py:3823} INFO - Setting next_dagrun for weekly_summary_pipeline to 2026-03-30 06:00:00+00:00, run_after=2026-04-06 06:00:00+00:00
[2026-04-04T13:51:57.818+0000] {processor.py:183} INFO - Processing /opt/airflow/dags/weekly_summary_pipeline.py took 0.104 seconds
[2026-04-04T13:52:28.266+0000] {processor.py:161} INFO - Started process (PID=2417) to work on /opt/airflow/dags/weekly_summary_pipeline.py
[2026-04-04T13:52:28.267+0000] {processor.py:830} INFO - Processing file /opt/airflow/dags/weekly_summary_pipeline.py for tasks to queue
[2026-04-04T13:52:28.268+0000] {logging_mixin.py:188} INFO - [2026-04-04T13:52:28.268+0000] {dagbag.py:538} INFO - Filling up the DagBag from /opt/airflow/dags/weekly_summary_pipeline.py
[2026-04-04T13:52:28.293+0000] {processor.py:840} INFO - DAG(s) 'weekly_summary_pipeline' retrieved from /opt/airflow/dags/weekly_summary_pipeline.py
[2026-04-04T13:52:28.322+0000] {logging_mixin.py:188} INFO - [2026-04-04T13:52:28.322+0000] {dag.py:3036} INFO - Sync 1 DAGs
[2026-04-04T13:52:28.345+0000] {logging_mixin.py:188} INFO - [2026-04-04T13:52:28.345+0000] {dag.py:3823} INFO - Setting next_dagrun for weekly_summary_pipeline to 2026-03-30 06:00:00+00:00, run_after=2026-04-06 06:00:00+00:00
[2026-04-04T13:52:28.363+0000] {processor.py:183} INFO - Processing /opt/airflow/dags/weekly_summary_pipeline.py took 0.101 seconds
[2026-04-04T13:52:58.861+0000] {processor.py:161} INFO - Started process (PID=2440) to work on /opt/airflow/dags/weekly_summary_pipeline.py
[2026-04-04T13:52:58.862+0000] {processor.py:830} INFO - Processing file /opt/airflow/dags/weekly_summary_pipeline.py for tasks to queue
[2026-04-04T13:52:58.863+0000] {logging_mixin.py:188} INFO - [2026-04-04T13:52:58.862+0000] {dagbag.py:538} INFO - Filling up the DagBag from /opt/airflow/dags/weekly_summary_pipeline.py
[2026-04-04T13:52:58.889+0000] {processor.py:840} INFO - DAG(s) 'weekly_summary_pipeline' retrieved from /opt/airflow/dags/weekly_summary_pipeline.py
[2026-04-04T13:52:58.931+0000] {logging_mixin.py:188} INFO - [2026-04-04T13:52:58.931+0000] {dag.py:3036} INFO - Sync 1 DAGs
[2026-04-04T13:52:58.969+0000] {logging_mixin.py:188} INFO - [2026-04-04T13:52:58.968+0000] {dag.py:3823} INFO - Setting next_dagrun for weekly_summary_pipeline to 2026-03-30 06:00:00+00:00, run_after=2026-04-06 06:00:00+00:00
[2026-04-04T13:52:58.995+0000] {processor.py:183} INFO - Processing /opt/airflow/dags/weekly_summary_pipeline.py took 0.137 seconds
[2026-04-04T13:53:29.874+0000] {processor.py:161} INFO - Started process (PID=2463) to work on /opt/airflow/dags/weekly_summary_pipeline.py
[2026-04-04T13:53:29.875+0000] {processor.py:830} INFO - Processing file /opt/airflow/dags/weekly_summary_pipeline.py for tasks to queue
[2026-04-04T13:53:29.876+0000] {logging_mixin.py:188} INFO - [2026-04-04T13:53:29.876+0000] {dagbag.py:538} INFO - Filling up the DagBag from /opt/airflow/dags/weekly_summary_pipeline.py
[2026-04-04T13:53:29.901+0000] {processor.py:840} INFO - DAG(s) 'weekly_summary_pipeline' retrieved from /opt/airflow/dags/weekly_summary_pipeline.py
[2026-04-04T13:53:29.937+0000] {logging_mixin.py:188} INFO - [2026-04-04T13:53:29.937+0000] {dag.py:3036} INFO - Sync 1 DAGs
[2026-04-04T13:53:29.964+0000] {logging_mixin.py:188} INFO - [2026-04-04T13:53:29.964+0000] {dag.py:3823} INFO - Setting next_dagrun for weekly_summary_pipeline to 2026-03-30 06:00:00+00:00, run_after=2026-04-06 06:00:00+00:00
[2026-04-04T13:53:29.993+0000] {processor.py:183} INFO - Processing /opt/airflow/dags/weekly_summary_pipeline.py took 0.122 seconds
[2026-04-04T13:54:00.518+0000] {processor.py:161} INFO - Started process (PID=2486) to work on /opt/airflow/dags/weekly_summary_pipeline.py
[2026-04-04T13:54:00.519+0000] {processor.py:830} INFO - Processing file /opt/airflow/dags/weekly_summary_pipeline.py for tasks to queue
[2026-04-04T13:54:00.520+0000] {logging_mixin.py:188} INFO - [2026-04-04T13:54:00.520+0000] {dagbag.py:538} INFO - Filling up the DagBag from /opt/airflow/dags/weekly_summary_pipeline.py
[2026-04-04T13:54:00.540+0000] {processor.py:840} INFO - DAG(s) 'weekly_summary_pipeline' retrieved from /opt/airflow/dags/weekly_summary_pipeline.py
[2026-04-04T13:54:00.570+0000] {logging_mixin.py:188} INFO - [2026-04-04T13:54:00.569+0000] {dag.py:3036} INFO - Sync 1 DAGs
[2026-04-04T13:54:00.594+0000] {logging_mixin.py:188} INFO - [2026-04-04T13:54:00.594+0000] {dag.py:3823} INFO - Setting next_dagrun for weekly_summary_pipeline to 2026-03-30 06:00:00+00:00, run_after=2026-04-06 06:00:00+00:00
[2026-04-04T13:54:00.614+0000] {processor.py:183} INFO - Processing /opt/airflow/dags/weekly_summary_pipeline.py took 0.098 seconds
[2026-04-04T13:54:31.152+0000] {processor.py:161} INFO - Started process (PID=2509) to work on /opt/airflow/dags/weekly_summary_pipeline.py
[2026-04-04T13:54:31.153+0000] {processor.py:830} INFO - Processing file /opt/airflow/dags/weekly_summary_pipeline.py for tasks to queue
[2026-04-04T13:54:31.154+0000] {logging_mixin.py:188} INFO - [2026-04-04T13:54:31.154+0000] {dagbag.py:538} INFO - Filling up the DagBag from /opt/airflow/dags/weekly_summary_pipeline.py
[2026-04-04T13:54:31.183+0000] {processor.py:840} INFO - DAG(s) 'weekly_summary_pipeline' retrieved from /opt/airflow/dags/weekly_summary_pipeline.py
[2026-04-04T13:54:31.225+0000] {logging_mixin.py:188} INFO - [2026-04-04T13:54:31.225+0000] {dag.py:3036} INFO - Sync 1 DAGs
[2026-04-04T13:54:31.249+0000] {logging_mixin.py:188} INFO - [2026-04-04T13:54:31.249+0000] {dag.py:3823} INFO - Setting next_dagrun for weekly_summary_pipeline to 2026-03-30 06:00:00+00:00, run_after=2026-04-06 06:00:00+00:00
[2026-04-04T13:54:31.272+0000] {processor.py:183} INFO - Processing /opt/airflow/dags/weekly_summary_pipeline.py took 0.124 seconds
[2026-04-04T13:55:01.811+0000] {processor.py:161} INFO - Started process (PID=2532) to work on /opt/airflow/dags/weekly_summary_pipeline.py
[2026-04-04T13:55:01.813+0000] {processor.py:830} INFO - Processing file /opt/airflow/dags/weekly_summary_pipeline.py for tasks to queue
[2026-04-04T13:55:01.814+0000] {logging_mixin.py:188} INFO - [2026-04-04T13:55:01.813+0000] {dagbag.py:538} INFO - Filling up the DagBag from /opt/airflow/dags/weekly_summary_pipeline.py
[2026-04-04T13:55:01.835+0000] {processor.py:840} INFO - DAG(s) 'weekly_summary_pipeline' retrieved from /opt/airflow/dags/weekly_summary_pipeline.py
[2026-04-04T13:55:01.868+0000] {logging_mixin.py:188} INFO - [2026-04-04T13:55:01.868+0000] {dag.py:3036} INFO - Sync 1 DAGs
[2026-04-04T13:55:01.891+0000] {logging_mixin.py:188} INFO - [2026-04-04T13:55:01.891+0000] {dag.py:3823} INFO - Setting next_dagrun for weekly_summary_pipeline to 2026-03-30 06:00:00+00:00, run_after=2026-04-06 06:00:00+00:00
[2026-04-04T13:55:01.910+0000] {processor.py:183} INFO - Processing /opt/airflow/dags/weekly_summary_pipeline.py took 0.102 seconds
[2026-04-04T13:55:32.452+0000] {processor.py:161} INFO - Started process (PID=2555) to work on /opt/airflow/dags/weekly_summary_pipeline.py
[2026-04-04T13:55:32.453+0000] {processor.py:830} INFO - Processing file /opt/airflow/dags/weekly_summary_pipeline.py for tasks to queue
[2026-04-04T13:55:32.454+0000] {logging_mixin.py:188} INFO - [2026-04-04T13:55:32.454+0000] {dagbag.py:538} INFO - Filling up the DagBag from /opt/airflow/dags/weekly_summary_pipeline.py
[2026-04-04T13:55:32.474+0000] {processor.py:840} INFO - DAG(s) 'weekly_summary_pipeline' retrieved from /opt/airflow/dags/weekly_summary_pipeline.py
[2026-04-04T13:55:32.504+0000] {logging_mixin.py:188} INFO - [2026-04-04T13:55:32.503+0000] {dag.py:3036} INFO - Sync 1 DAGs
[2026-04-04T13:55:32.526+0000] {logging_mixin.py:188} INFO - [2026-04-04T13:55:32.526+0000] {dag.py:3823} INFO - Setting next_dagrun for weekly_summary_pipeline to 2026-03-30 06:00:00+00:00, run_after=2026-04-06 06:00:00+00:00
[2026-04-04T13:55:32.547+0000] {processor.py:183} INFO - Processing /opt/airflow/dags/weekly_summary_pipeline.py took 0.098 seconds
[2026-04-04T13:56:03.080+0000] {processor.py:161} INFO - Started process (PID=2579) to work on /opt/airflow/dags/weekly_summary_pipeline.py
[2026-04-04T13:56:03.081+0000] {processor.py:830} INFO - Processing file /opt/airflow/dags/weekly_summary_pipeline.py for tasks to queue
[2026-04-04T13:56:03.082+0000] {logging_mixin.py:188} INFO - [2026-04-04T13:56:03.082+0000] {dagbag.py:538} INFO - Filling up the DagBag from /opt/airflow/dags/weekly_summary_pipeline.py
[2026-04-04T13:56:03.105+0000] {processor.py:840} INFO - DAG(s) 'weekly_summary_pipeline' retrieved from /opt/airflow/dags/weekly_summary_pipeline.py
[2026-04-04T13:56:03.137+0000] {logging_mixin.py:188} INFO - [2026-04-04T13:56:03.137+0000] {dag.py:3036} INFO - Sync 1 DAGs
[2026-04-04T13:56:03.162+0000] {logging_mixin.py:188} INFO - [2026-04-04T13:56:03.162+0000] {dag.py:3823} INFO - Setting next_dagrun for weekly_summary_pipeline to 2026-03-30 06:00:00+00:00, run_after=2026-04-06 06:00:00+00:00
[2026-04-04T13:56:03.181+0000] {processor.py:183} INFO - Processing /opt/airflow/dags/weekly_summary_pipeline.py took 0.104 seconds
[2026-04-04T13:56:33.726+0000] {processor.py:161} INFO - Started process (PID=2602) to work on /opt/airflow/dags/weekly_summary_pipeline.py
[2026-04-04T13:56:33.727+0000] {processor.py:830} INFO - Processing file /opt/airflow/dags/weekly_summary_pipeline.py for tasks to queue
[2026-04-04T13:56:33.728+0000] {logging_mixin.py:188} INFO - [2026-04-04T13:56:33.727+0000] {dagbag.py:538} INFO - Filling up the DagBag from /opt/airflow/dags/weekly_summary_pipeline.py
[2026-04-04T13:56:33.747+0000] {processor.py:840} INFO - DAG(s) 'weekly_summary_pipeline' retrieved from /opt/airflow/dags/weekly_summary_pipeline.py
[2026-04-04T13:56:33.777+0000] {logging_mixin.py:188} INFO - [2026-04-04T13:56:33.777+0000] {dag.py:3036} INFO - Sync 1 DAGs
[2026-04-04T13:56:33.800+0000] {logging_mixin.py:188} INFO - [2026-04-04T13:56:33.800+0000] {dag.py:3823} INFO - Setting next_dagrun for weekly_summary_pipeline to 2026-03-30 06:00:00+00:00, run_after=2026-04-06 06:00:00+00:00
[2026-04-04T13:56:33.822+0000] {processor.py:183} INFO - Processing /opt/airflow/dags/weekly_summary_pipeline.py took 0.099 seconds
[2026-04-04T13:57:04.342+0000] {processor.py:161} INFO - Started process (PID=2625) to work on /opt/airflow/dags/weekly_summary_pipeline.py
[2026-04-04T13:57:04.343+0000] {processor.py:830} INFO - Processing file /opt/airflow/dags/weekly_summary_pipeline.py for tasks to queue
[2026-04-04T13:57:04.343+0000] {logging_mixin.py:188} INFO - [2026-04-04T13:57:04.343+0000] {dagbag.py:538} INFO - Filling up the DagBag from /opt/airflow/dags/weekly_summary_pipeline.py
[2026-04-04T13:57:04.363+0000] {processor.py:840} INFO - DAG(s) 'weekly_summary_pipeline' retrieved from /opt/airflow/dags/weekly_summary_pipeline.py
[2026-04-04T13:57:04.391+0000] {logging_mixin.py:188} INFO - [2026-04-04T13:57:04.391+0000] {dag.py:3036} INFO - Sync 1 DAGs
[2026-04-04T13:57:04.413+0000] {logging_mixin.py:188} INFO - [2026-04-04T13:57:04.413+0000] {dag.py:3823} INFO - Setting next_dagrun for weekly_summary_pipeline to 2026-03-30 06:00:00+00:00, run_after=2026-04-06 06:00:00+00:00
[2026-04-04T13:57:04.434+0000] {processor.py:183} INFO - Processing /opt/airflow/dags/weekly_summary_pipeline.py took 0.096 seconds
[2026-04-04T13:57:34.929+0000] {processor.py:161} INFO - Started process (PID=2648) to work on /opt/airflow/dags/weekly_summary_pipeline.py
[2026-04-04T13:57:34.931+0000] {processor.py:830} INFO - Processing file /opt/airflow/dags/weekly_summary_pipeline.py for tasks to queue
[2026-04-04T13:57:34.932+0000] {logging_mixin.py:188} INFO - [2026-04-04T13:57:34.932+0000] {dagbag.py:538} INFO - Filling up the DagBag from /opt/airflow/dags/weekly_summary_pipeline.py
[2026-04-04T13:57:34.951+0000] {processor.py:840} INFO - DAG(s) 'weekly_summary_pipeline' retrieved from /opt/airflow/dags/weekly_summary_pipeline.py
[2026-04-04T13:57:34.982+0000] {logging_mixin.py:188} INFO - [2026-04-04T13:57:34.981+0000] {dag.py:3036} INFO - Sync 1 DAGs
[2026-04-04T13:57:35.004+0000] {logging_mixin.py:188} INFO - [2026-04-04T13:57:35.004+0000] {dag.py:3823} INFO - Setting next_dagrun for weekly_summary_pipeline to 2026-03-30 06:00:00+00:00, run_after=2026-04-06 06:00:00+00:00
[2026-04-04T13:57:35.024+0000] {processor.py:183} INFO - Processing /opt/airflow/dags/weekly_summary_pipeline.py took 0.097 seconds
[2026-04-04T13:58:05.599+0000] {processor.py:161} INFO - Started process (PID=2671) to work on /opt/airflow/dags/weekly_summary_pipeline.py
[2026-04-04T13:58:05.600+0000] {processor.py:830} INFO - Processing file /opt/airflow/dags/weekly_summary_pipeline.py for tasks to queue
[2026-04-04T13:58:05.601+0000] {logging_mixin.py:188} INFO - [2026-04-04T13:58:05.600+0000] {dagbag.py:538} INFO - Filling up the DagBag from /opt/airflow/dags/weekly_summary_pipeline.py
[2026-04-04T13:58:05.624+0000] {processor.py:840} INFO - DAG(s) 'weekly_summary_pipeline' retrieved from /opt/airflow/dags/weekly_summary_pipeline.py
[2026-04-04T13:58:05.652+0000] {logging_mixin.py:188} INFO - [2026-04-04T13:58:05.652+0000] {dag.py:3036} INFO - Sync 1 DAGs
[2026-04-04T13:58:05.676+0000] {logging_mixin.py:188} INFO - [2026-04-04T13:58:05.676+0000] {dag.py:3823} INFO - Setting next_dagrun for weekly_summary_pipeline to 2026-03-30 06:00:00+00:00, run_after=2026-04-06 06:00:00+00:00
[2026-04-04T13:58:05.697+0000] {processor.py:183} INFO - Processing /opt/airflow/dags/weekly_summary_pipeline.py took 0.101 seconds
[2026-04-04T13:58:36.649+0000] {processor.py:161} INFO - Started process (PID=2694) to work on /opt/airflow/dags/weekly_summary_pipeline.py
[2026-04-04T13:58:36.650+0000] {processor.py:830} INFO - Processing file /opt/airflow/dags/weekly_summary_pipeline.py for tasks to queue
[2026-04-04T13:58:36.651+0000] {logging_mixin.py:188} INFO - [2026-04-04T13:58:36.650+0000] {dagbag.py:538} INFO - Filling up the DagBag from /opt/airflow/dags/weekly_summary_pipeline.py
[2026-04-04T13:58:36.672+0000] {processor.py:840} INFO - DAG(s) 'weekly_summary_pipeline' retrieved from /opt/airflow/dags/weekly_summary_pipeline.py
[2026-04-04T13:58:36.708+0000] {logging_mixin.py:188} INFO - [2026-04-04T13:58:36.708+0000] {dag.py:3036} INFO - Sync 1 DAGs
[2026-04-04T13:58:36.744+0000] {logging_mixin.py:188} INFO - [2026-04-04T13:58:36.744+0000] {dag.py:3823} INFO - Setting next_dagrun for weekly_summary_pipeline to 2026-03-30 06:00:00+00:00, run_after=2026-04-06 06:00:00+00:00
[2026-04-04T13:58:36.764+0000] {processor.py:183} INFO - Processing /opt/airflow/dags/weekly_summary_pipeline.py took 0.118 seconds
[2026-04-04T13:59:07.275+0000] {processor.py:161} INFO - Started process (PID=2717) to work on /opt/airflow/dags/weekly_summary_pipeline.py
[2026-04-04T13:59:07.276+0000] {processor.py:830} INFO - Processing file /opt/airflow/dags/weekly_summary_pipeline.py for tasks to queue
[2026-04-04T13:59:07.277+0000] {logging_mixin.py:188} INFO - [2026-04-04T13:59:07.276+0000] {dagbag.py:538} INFO - Filling up the DagBag from /opt/airflow/dags/weekly_summary_pipeline.py
[2026-04-04T13:59:07.296+0000] {processor.py:840} INFO - DAG(s) 'weekly_summary_pipeline' retrieved from /opt/airflow/dags/weekly_summary_pipeline.py
[2026-04-04T13:59:07.323+0000] {logging_mixin.py:188} INFO - [2026-04-04T13:59:07.323+0000] {dag.py:3036} INFO - Sync 1 DAGs
[2026-04-04T13:59:07.345+0000] {logging_mixin.py:188} INFO - [2026-04-04T13:59:07.345+0000] {dag.py:3823} INFO - Setting next_dagrun for weekly_summary_pipeline to 2026-03-30 06:00:00+00:00, run_after=2026-04-06 06:00:00+00:00
[2026-04-04T13:59:07.365+0000] {processor.py:183} INFO - Processing /opt/airflow/dags/weekly_summary_pipeline.py took 0.092 seconds
[2026-04-04T13:59:37.888+0000] {processor.py:161} INFO - Started process (PID=2740) to work on /opt/airflow/dags/weekly_summary_pipeline.py
[2026-04-04T13:59:37.889+0000] {processor.py:830} INFO - Processing file /opt/airflow/dags/weekly_summary_pipeline.py for tasks to queue
[2026-04-04T13:59:37.890+0000] {logging_mixin.py:188} INFO - [2026-04-04T13:59:37.890+0000] {dagbag.py:538} INFO - Filling up the DagBag from /opt/airflow/dags/weekly_summary_pipeline.py
[2026-04-04T13:59:37.916+0000] {processor.py:840} INFO - DAG(s) 'weekly_summary_pipeline' retrieved from /opt/airflow/dags/weekly_summary_pipeline.py
[2026-04-04T13:59:37.946+0000] {logging_mixin.py:188} INFO - [2026-04-04T13:59:37.946+0000] {dag.py:3036} INFO - Sync 1 DAGs
[2026-04-04T13:59:37.969+0000] {logging_mixin.py:188} INFO - [2026-04-04T13:59:37.968+0000] {dag.py:3823} INFO - Setting next_dagrun for weekly_summary_pipeline to 2026-03-30 06:00:00+00:00, run_after=2026-04-06 06:00:00+00:00
[2026-04-04T13:59:37.987+0000] {processor.py:183} INFO - Processing /opt/airflow/dags/weekly_summary_pipeline.py took 0.103 seconds
[2026-04-04T14:00:08.462+0000] {processor.py:161} INFO - Started process (PID=2755) to work on /opt/airflow/dags/weekly_summary_pipeline.py
[2026-04-04T14:00:08.464+0000] {processor.py:830} INFO - Processing file /opt/airflow/dags/weekly_summary_pipeline.py for tasks to queue
[2026-04-04T14:00:08.465+0000] {logging_mixin.py:188} INFO - [2026-04-04T14:00:08.464+0000] {dagbag.py:538} INFO - Filling up the DagBag from /opt/airflow/dags/weekly_summary_pipeline.py
[2026-04-04T14:00:08.487+0000] {processor.py:840} INFO - DAG(s) 'weekly_summary_pipeline' retrieved from /opt/airflow/dags/weekly_summary_pipeline.py
[2026-04-04T14:00:08.521+0000] {logging_mixin.py:188} INFO - [2026-04-04T14:00:08.521+0000] {dag.py:3036} INFO - Sync 1 DAGs
[2026-04-04T14:00:08.544+0000] {logging_mixin.py:188} INFO - [2026-04-04T14:00:08.544+0000] {dag.py:3823} INFO - Setting next_dagrun for weekly_summary_pipeline to 2026-03-30 06:00:00+00:00, run_after=2026-04-06 06:00:00+00:00
[2026-04-04T14:00:08.567+0000] {processor.py:183} INFO - Processing /opt/airflow/dags/weekly_summary_pipeline.py took 0.108 seconds
[2026-04-04T14:00:39.047+0000] {processor.py:161} INFO - Started process (PID=2778) to work on /opt/airflow/dags/weekly_summary_pipeline.py
[2026-04-04T14:00:39.048+0000] {processor.py:830} INFO - Processing file /opt/airflow/dags/weekly_summary_pipeline.py for tasks to queue
[2026-04-04T14:00:39.049+0000] {logging_mixin.py:188} INFO - [2026-04-04T14:00:39.048+0000] {dagbag.py:538} INFO - Filling up the DagBag from /opt/airflow/dags/weekly_summary_pipeline.py
[2026-04-04T14:00:39.076+0000] {processor.py:840} INFO - DAG(s) 'weekly_summary_pipeline' retrieved from /opt/airflow/dags/weekly_summary_pipeline.py
[2026-04-04T14:00:39.106+0000] {logging_mixin.py:188} INFO - [2026-04-04T14:00:39.105+0000] {dag.py:3036} INFO - Sync 1 DAGs
[2026-04-04T14:00:39.129+0000] {logging_mixin.py:188} INFO - [2026-04-04T14:00:39.128+0000] {dag.py:3823} INFO - Setting next_dagrun for weekly_summary_pipeline to 2026-03-30 06:00:00+00:00, run_after=2026-04-06 06:00:00+00:00
[2026-04-04T14:00:39.152+0000] {processor.py:183} INFO - Processing /opt/airflow/dags/weekly_summary_pipeline.py took 0.108 seconds
[2026-04-04T14:01:09.389+0000] {processor.py:161} INFO - Started process (PID=2801) to work on /opt/airflow/dags/weekly_summary_pipeline.py
[2026-04-04T14:01:09.390+0000] {processor.py:830} INFO - Processing file /opt/airflow/dags/weekly_summary_pipeline.py for tasks to queue
[2026-04-04T14:01:09.391+0000] {logging_mixin.py:188} INFO - [2026-04-04T14:01:09.391+0000] {dagbag.py:538} INFO - Filling up the DagBag from /opt/airflow/dags/weekly_summary_pipeline.py
[2026-04-04T14:01:09.425+0000] {processor.py:840} INFO - DAG(s) 'weekly_summary_pipeline' retrieved from /opt/airflow/dags/weekly_summary_pipeline.py
[2026-04-04T14:01:09.457+0000] {logging_mixin.py:188} INFO - [2026-04-04T14:01:09.457+0000] {dag.py:3036} INFO - Sync 1 DAGs
[2026-04-04T14:01:09.483+0000] {logging_mixin.py:188} INFO - [2026-04-04T14:01:09.483+0000] {dag.py:3823} INFO - Setting next_dagrun for weekly_summary_pipeline to 2026-03-30 06:00:00+00:00, run_after=2026-04-06 06:00:00+00:00
[2026-04-04T14:01:09.504+0000] {processor.py:183} INFO - Processing /opt/airflow/dags/weekly_summary_pipeline.py took 0.117 seconds
[2026-04-04T14:01:39.701+0000] {processor.py:161} INFO - Started process (PID=2824) to work on /opt/airflow/dags/weekly_summary_pipeline.py
[2026-04-04T14:01:39.703+0000] {processor.py:830} INFO - Processing file /opt/airflow/dags/weekly_summary_pipeline.py for tasks to queue
[2026-04-04T14:01:39.704+0000] {logging_mixin.py:188} INFO - [2026-04-04T14:01:39.703+0000] {dagbag.py:538} INFO - Filling up the DagBag from /opt/airflow/dags/weekly_summary_pipeline.py
[2026-04-04T14:01:39.724+0000] {processor.py:840} INFO - DAG(s) 'weekly_summary_pipeline' retrieved from /opt/airflow/dags/weekly_summary_pipeline.py
[2026-04-04T14:01:39.752+0000] {logging_mixin.py:188} INFO - [2026-04-04T14:01:39.752+0000] {dag.py:3036} INFO - Sync 1 DAGs
[2026-04-04T14:01:39.774+0000] {logging_mixin.py:188} INFO - [2026-04-04T14:01:39.773+0000] {dag.py:3823} INFO - Setting next_dagrun for weekly_summary_pipeline to 2026-03-30 06:00:00+00:00, run_after=2026-04-06 06:00:00+00:00
[2026-04-04T14:01:39.792+0000] {processor.py:183} INFO - Processing /opt/airflow/dags/weekly_summary_pipeline.py took 0.094 seconds
[2026-04-04T14:02:10.771+0000] {processor.py:161} INFO - Started process (PID=2847) to work on /opt/airflow/dags/weekly_summary_pipeline.py
[2026-04-04T14:02:10.772+0000] {processor.py:830} INFO - Processing file /opt/airflow/dags/weekly_summary_pipeline.py for tasks to queue
[2026-04-04T14:02:10.773+0000] {logging_mixin.py:188} INFO - [2026-04-04T14:02:10.773+0000] {dagbag.py:538} INFO - Filling up the DagBag from /opt/airflow/dags/weekly_summary_pipeline.py
[2026-04-04T14:02:10.796+0000] {processor.py:840} INFO - DAG(s) 'weekly_summary_pipeline' retrieved from /opt/airflow/dags/weekly_summary_pipeline.py
[2026-04-04T14:02:10.829+0000] {logging_mixin.py:188} INFO - [2026-04-04T14:02:10.829+0000] {dag.py:3036} INFO - Sync 1 DAGs
[2026-04-04T14:02:10.851+0000] {logging_mixin.py:188} INFO - [2026-04-04T14:02:10.850+0000] {dag.py:3823} INFO - Setting next_dagrun for weekly_summary_pipeline to 2026-03-30 06:00:00+00:00, run_after=2026-04-06 06:00:00+00:00
[2026-04-04T14:02:10.868+0000] {processor.py:183} INFO - Processing /opt/airflow/dags/weekly_summary_pipeline.py took 0.099 seconds
[2026-04-04T14:02:41.372+0000] {processor.py:161} INFO - Started process (PID=2870) to work on /opt/airflow/dags/weekly_summary_pipeline.py
[2026-04-04T14:02:41.373+0000] {processor.py:830} INFO - Processing file /opt/airflow/dags/weekly_summary_pipeline.py for tasks to queue
[2026-04-04T14:02:41.374+0000] {logging_mixin.py:188} INFO - [2026-04-04T14:02:41.374+0000] {dagbag.py:538} INFO - Filling up the DagBag from /opt/airflow/dags/weekly_summary_pipeline.py
[2026-04-04T14:02:41.395+0000] {processor.py:840} INFO - DAG(s) 'weekly_summary_pipeline' retrieved from /opt/airflow/dags/weekly_summary_pipeline.py
[2026-04-04T14:02:41.423+0000] {logging_mixin.py:188} INFO - [2026-04-04T14:02:41.423+0000] {dag.py:3036} INFO - Sync 1 DAGs
[2026-04-04T14:02:41.446+0000] {logging_mixin.py:188} INFO - [2026-04-04T14:02:41.446+0000] {dag.py:3823} INFO - Setting next_dagrun for weekly_summary_pipeline to 2026-03-30 06:00:00+00:00, run_after=2026-04-06 06:00:00+00:00
[2026-04-04T14:02:41.466+0000] {processor.py:183} INFO - Processing /opt/airflow/dags/weekly_summary_pipeline.py took 0.097 seconds
[2026-04-04T14:03:12.361+0000] {processor.py:161} INFO - Started process (PID=2893) to work on /opt/airflow/dags/weekly_summary_pipeline.py
[2026-04-04T14:03:12.362+0000] {processor.py:830} INFO - Processing file /opt/airflow/dags/weekly_summary_pipeline.py for tasks to queue
[2026-04-04T14:03:12.363+0000] {logging_mixin.py:188} INFO - [2026-04-04T14:03:12.363+0000] {dagbag.py:538} INFO - Filling up the DagBag from /opt/airflow/dags/weekly_summary_pipeline.py
[2026-04-04T14:03:12.383+0000] {processor.py:840} INFO - DAG(s) 'weekly_summary_pipeline' retrieved from /opt/airflow/dags/weekly_summary_pipeline.py
[2026-04-04T14:03:12.413+0000] {logging_mixin.py:188} INFO - [2026-04-04T14:03:12.413+0000] {dag.py:3036} INFO - Sync 1 DAGs
[2026-04-04T14:03:12.436+0000] {logging_mixin.py:188} INFO - [2026-04-04T14:03:12.436+0000] {dag.py:3823} INFO - Setting next_dagrun for weekly_summary_pipeline to 2026-03-30 06:00:00+00:00, run_after=2026-04-06 06:00:00+00:00
[2026-04-04T14:03:12.461+0000] {processor.py:183} INFO - Processing /opt/airflow/dags/weekly_summary_pipeline.py took 0.103 seconds
[2026-04-04T14:03:42.932+0000] {processor.py:161} INFO - Started process (PID=2916) to work on /opt/airflow/dags/weekly_summary_pipeline.py
[2026-04-04T14:03:42.933+0000] {processor.py:830} INFO - Processing file /opt/airflow/dags/weekly_summary_pipeline.py for tasks to queue
[2026-04-04T14:03:42.934+0000] {logging_mixin.py:188} INFO - [2026-04-04T14:03:42.934+0000] {dagbag.py:538} INFO - Filling up the DagBag from /opt/airflow/dags/weekly_summary_pipeline.py
[2026-04-04T14:03:42.960+0000] {processor.py:840} INFO - DAG(s) 'weekly_summary_pipeline' retrieved from /opt/airflow/dags/weekly_summary_pipeline.py
[2026-04-04T14:03:42.995+0000] {logging_mixin.py:188} INFO - [2026-04-04T14:03:42.995+0000] {dag.py:3036} INFO - Sync 1 DAGs
[2026-04-04T14:03:43.021+0000] {logging_mixin.py:188} INFO - [2026-04-04T14:03:43.021+0000] {dag.py:3823} INFO - Setting next_dagrun for weekly_summary_pipeline to 2026-03-30 06:00:00+00:00, run_after=2026-04-06 06:00:00+00:00
[2026-04-04T14:03:43.044+0000] {processor.py:183} INFO - Processing /opt/airflow/dags/weekly_summary_pipeline.py took 0.116 seconds
[2026-04-04T14:04:13.668+0000] {processor.py:161} INFO - Started process (PID=2939) to work on /opt/airflow/dags/weekly_summary_pipeline.py
[2026-04-04T14:04:13.670+0000] {processor.py:830} INFO - Processing file /opt/airflow/dags/weekly_summary_pipeline.py for tasks to queue
[2026-04-04T14:04:13.670+0000] {logging_mixin.py:188} INFO - [2026-04-04T14:04:13.670+0000] {dagbag.py:538} INFO - Filling up the DagBag from /opt/airflow/dags/weekly_summary_pipeline.py
[2026-04-04T14:04:13.693+0000] {processor.py:840} INFO - DAG(s) 'weekly_summary_pipeline' retrieved from /opt/airflow/dags/weekly_summary_pipeline.py
[2026-04-04T14:04:13.720+0000] {logging_mixin.py:188} INFO - [2026-04-04T14:04:13.720+0000] {dag.py:3036} INFO - Sync 1 DAGs
[2026-04-04T14:04:13.742+0000] {logging_mixin.py:188} INFO - [2026-04-04T14:04:13.742+0000] {dag.py:3823} INFO - Setting next_dagrun for weekly_summary_pipeline to 2026-03-30 06:00:00+00:00, run_after=2026-04-06 06:00:00+00:00
[2026-04-04T14:04:13.759+0000] {processor.py:183} INFO - Processing /opt/airflow/dags/weekly_summary_pipeline.py took 0.094 seconds
[2026-04-04T14:04:44.268+0000] {processor.py:161} INFO - Started process (PID=2962) to work on /opt/airflow/dags/weekly_summary_pipeline.py
[2026-04-04T14:04:44.269+0000] {processor.py:830} INFO - Processing file /opt/airflow/dags/weekly_summary_pipeline.py for tasks to queue
[2026-04-04T14:04:44.270+0000] {logging_mixin.py:188} INFO - [2026-04-04T14:04:44.270+0000] {dagbag.py:538} INFO - Filling up the DagBag from /opt/airflow/dags/weekly_summary_pipeline.py
[2026-04-04T14:04:44.290+0000] {processor.py:840} INFO - DAG(s) 'weekly_summary_pipeline' retrieved from /opt/airflow/dags/weekly_summary_pipeline.py
[2026-04-04T14:04:44.319+0000] {logging_mixin.py:188} INFO - [2026-04-04T14:04:44.318+0000] {dag.py:3036} INFO - Sync 1 DAGs
[2026-04-04T14:04:44.342+0000] {logging_mixin.py:188} INFO - [2026-04-04T14:04:44.341+0000] {dag.py:3823} INFO - Setting next_dagrun for weekly_summary_pipeline to 2026-03-30 06:00:00+00:00, run_after=2026-04-06 06:00:00+00:00
[2026-04-04T14:04:44.363+0000] {processor.py:183} INFO - Processing /opt/airflow/dags/weekly_summary_pipeline.py took 0.098 seconds
[2026-04-04T14:05:14.865+0000] {processor.py:161} INFO - Started process (PID=2985) to work on /opt/airflow/dags/weekly_summary_pipeline.py
[2026-04-04T14:05:14.866+0000] {processor.py:830} INFO - Processing file /opt/airflow/dags/weekly_summary_pipeline.py for tasks to queue
[2026-04-04T14:05:14.867+0000] {logging_mixin.py:188} INFO - [2026-04-04T14:05:14.867+0000] {dagbag.py:538} INFO - Filling up the DagBag from /opt/airflow/dags/weekly_summary_pipeline.py
[2026-04-04T14:05:14.886+0000] {processor.py:840} INFO - DAG(s) 'weekly_summary_pipeline' retrieved from /opt/airflow/dags/weekly_summary_pipeline.py
[2026-04-04T14:05:14.915+0000] {logging_mixin.py:188} INFO - [2026-04-04T14:05:14.915+0000] {dag.py:3036} INFO - Sync 1 DAGs
[2026-04-04T14:05:14.937+0000] {logging_mixin.py:188} INFO - [2026-04-04T14:05:14.937+0000] {dag.py:3823} INFO - Setting next_dagrun for weekly_summary_pipeline to 2026-03-30 06:00:00+00:00, run_after=2026-04-06 06:00:00+00:00
[2026-04-04T14:05:14.958+0000] {processor.py:183} INFO - Processing /opt/airflow/dags/weekly_summary_pipeline.py took 0.096 seconds
[2026-04-04T14:05:45.476+0000] {processor.py:161} INFO - Started process (PID=3008) to work on /opt/airflow/dags/weekly_summary_pipeline.py
[2026-04-04T14:05:45.477+0000] {processor.py:830} INFO - Processing file /opt/airflow/dags/weekly_summary_pipeline.py for tasks to queue
[2026-04-04T14:05:45.478+0000] {logging_mixin.py:188} INFO - [2026-04-04T14:05:45.478+0000] {dagbag.py:538} INFO - Filling up the DagBag from /opt/airflow/dags/weekly_summary_pipeline.py
[2026-04-04T14:05:45.498+0000] {processor.py:840} INFO - DAG(s) 'weekly_summary_pipeline' retrieved from /opt/airflow/dags/weekly_summary_pipeline.py
[2026-04-04T14:05:45.524+0000] {logging_mixin.py:188} INFO - [2026-04-04T14:05:45.524+0000] {dag.py:3036} INFO - Sync 1 DAGs
[2026-04-04T14:05:45.545+0000] {logging_mixin.py:188} INFO - [2026-04-04T14:05:45.545+0000] {dag.py:3823} INFO - Setting next_dagrun for weekly_summary_pipeline to 2026-03-30 06:00:00+00:00, run_after=2026-04-06 06:00:00+00:00
[2026-04-04T14:05:45.568+0000] {processor.py:183} INFO - Processing /opt/airflow/dags/weekly_summary_pipeline.py took 0.095 seconds
[2026-04-04T14:06:16.132+0000] {processor.py:161} INFO - Started process (PID=3031) to work on /opt/airflow/dags/weekly_summary_pipeline.py
[2026-04-04T14:06:16.133+0000] {processor.py:830} INFO - Processing file /opt/airflow/dags/weekly_summary_pipeline.py for tasks to queue
[2026-04-04T14:06:16.134+0000] {logging_mixin.py:188} INFO - [2026-04-04T14:06:16.133+0000] {dagbag.py:538} INFO - Filling up the DagBag from /opt/airflow/dags/weekly_summary_pipeline.py
[2026-04-04T14:06:16.155+0000] {processor.py:840} INFO - DAG(s) 'weekly_summary_pipeline' retrieved from /opt/airflow/dags/weekly_summary_pipeline.py
[2026-04-04T14:06:16.186+0000] {logging_mixin.py:188} INFO - [2026-04-04T14:06:16.186+0000] {dag.py:3036} INFO - Sync 1 DAGs
[2026-04-04T14:06:16.210+0000] {logging_mixin.py:188} INFO - [2026-04-04T14:06:16.209+0000] {dag.py:3823} INFO - Setting next_dagrun for weekly_summary_pipeline to 2026-03-30 06:00:00+00:00, run_after=2026-04-06 06:00:00+00:00
[2026-04-04T14:06:16.231+0000] {processor.py:183} INFO - Processing /opt/airflow/dags/weekly_summary_pipeline.py took 0.102 seconds
[2026-04-04T14:06:46.733+0000] {processor.py:161} INFO - Started process (PID=3054) to work on /opt/airflow/dags/weekly_summary_pipeline.py
[2026-04-04T14:06:46.734+0000] {processor.py:830} INFO - Processing file /opt/airflow/dags/weekly_summary_pipeline.py for tasks to queue
[2026-04-04T14:06:46.735+0000] {logging_mixin.py:188} INFO - [2026-04-04T14:06:46.735+0000] {dagbag.py:538} INFO - Filling up the DagBag from /opt/airflow/dags/weekly_summary_pipeline.py
[2026-04-04T14:06:46.754+0000] {processor.py:840} INFO - DAG(s) 'weekly_summary_pipeline' retrieved from /opt/airflow/dags/weekly_summary_pipeline.py
[2026-04-04T14:06:46.783+0000] {logging_mixin.py:188} INFO - [2026-04-04T14:06:46.783+0000] {dag.py:3036} INFO - Sync 1 DAGs
[2026-04-04T14:06:46.807+0000] {logging_mixin.py:188} INFO - [2026-04-04T14:06:46.807+0000] {dag.py:3823} INFO - Setting next_dagrun for weekly_summary_pipeline to 2026-03-30 06:00:00+00:00, run_after=2026-04-06 06:00:00+00:00
[2026-04-04T14:06:46.827+0000] {processor.py:183} INFO - Processing /opt/airflow/dags/weekly_summary_pipeline.py took 0.097 seconds
[2026-04-04T14:07:17.401+0000] {processor.py:161} INFO - Started process (PID=3077) to work on /opt/airflow/dags/weekly_summary_pipeline.py
[2026-04-04T14:07:17.402+0000] {processor.py:830} INFO - Processing file /opt/airflow/dags/weekly_summary_pipeline.py for tasks to queue
[2026-04-04T14:07:17.403+0000] {logging_mixin.py:188} INFO - [2026-04-04T14:07:17.403+0000] {dagbag.py:538} INFO - Filling up the DagBag from /opt/airflow/dags/weekly_summary_pipeline.py
[2026-04-04T14:07:17.427+0000] {processor.py:840} INFO - DAG(s) 'weekly_summary_pipeline' retrieved from /opt/airflow/dags/weekly_summary_pipeline.py
[2026-04-04T14:07:17.458+0000] {logging_mixin.py:188} INFO - [2026-04-04T14:07:17.458+0000] {dag.py:3036} INFO - Sync 1 DAGs
[2026-04-04T14:07:17.482+0000] {logging_mixin.py:188} INFO - [2026-04-04T14:07:17.482+0000] {dag.py:3823} INFO - Setting next_dagrun for weekly_summary_pipeline to 2026-03-30 06:00:00+00:00, run_after=2026-04-06 06:00:00+00:00
[2026-04-04T14:07:17.503+0000] {processor.py:183} INFO - Processing /opt/airflow/dags/weekly_summary_pipeline.py took 0.104 seconds
[2026-04-04T14:07:47.980+0000] {processor.py:161} INFO - Started process (PID=3099) to work on /opt/airflow/dags/weekly_summary_pipeline.py
[2026-04-04T14:07:47.981+0000] {processor.py:830} INFO - Processing file /opt/airflow/dags/weekly_summary_pipeline.py for tasks to queue
[2026-04-04T14:07:47.983+0000] {logging_mixin.py:188} INFO - [2026-04-04T14:07:47.982+0000] {dagbag.py:538} INFO - Filling up the DagBag from /opt/airflow/dags/weekly_summary_pipeline.py
[2026-04-04T14:07:48.004+0000] {processor.py:840} INFO - DAG(s) 'weekly_summary_pipeline' retrieved from /opt/airflow/dags/weekly_summary_pipeline.py
[2026-04-04T14:07:48.035+0000] {logging_mixin.py:188} INFO - [2026-04-04T14:07:48.035+0000] {dag.py:3036} INFO - Sync 1 DAGs
[2026-04-04T14:07:48.057+0000] {logging_mixin.py:188} INFO - [2026-04-04T14:07:48.057+0000] {dag.py:3823} INFO - Setting next_dagrun for weekly_summary_pipeline to 2026-03-30 06:00:00+00:00, run_after=2026-04-06 06:00:00+00:00
[2026-04-04T14:07:48.080+0000] {processor.py:183} INFO - Processing /opt/airflow/dags/weekly_summary_pipeline.py took 0.102 seconds
[2026-04-04T14:08:19.012+0000] {processor.py:161} INFO - Started process (PID=3122) to work on /opt/airflow/dags/weekly_summary_pipeline.py
[2026-04-04T14:08:19.013+0000] {processor.py:830} INFO - Processing file /opt/airflow/dags/weekly_summary_pipeline.py for tasks to queue
[2026-04-04T14:08:19.013+0000] {logging_mixin.py:188} INFO - [2026-04-04T14:08:19.013+0000] {dagbag.py:538} INFO - Filling up the DagBag from /opt/airflow/dags/weekly_summary_pipeline.py
[2026-04-04T14:08:19.031+0000] {processor.py:840} INFO - DAG(s) 'weekly_summary_pipeline' retrieved from /opt/airflow/dags/weekly_summary_pipeline.py
[2026-04-04T14:08:19.054+0000] {logging_mixin.py:188} INFO - [2026-04-04T14:08:19.054+0000] {dag.py:3036} INFO - Sync 1 DAGs
[2026-04-04T14:08:19.075+0000] {logging_mixin.py:188} INFO - [2026-04-04T14:08:19.075+0000] {dag.py:3823} INFO - Setting next_dagrun for weekly_summary_pipeline to 2026-03-30 06:00:00+00:00, run_after=2026-04-06 06:00:00+00:00
[2026-04-04T14:08:19.096+0000] {processor.py:183} INFO - Processing /opt/airflow/dags/weekly_summary_pipeline.py took 0.087 seconds
[2026-04-04T14:08:49.631+0000] {processor.py:161} INFO - Started process (PID=3145) to work on /opt/airflow/dags/weekly_summary_pipeline.py
[2026-04-04T14:08:49.634+0000] {processor.py:830} INFO - Processing file /opt/airflow/dags/weekly_summary_pipeline.py for tasks to queue
[2026-04-04T14:08:49.636+0000] {logging_mixin.py:188} INFO - [2026-04-04T14:08:49.635+0000] {dagbag.py:538} INFO - Filling up the DagBag from /opt/airflow/dags/weekly_summary_pipeline.py
[2026-04-04T14:08:49.674+0000] {processor.py:840} INFO - DAG(s) 'weekly_summary_pipeline' retrieved from /opt/airflow/dags/weekly_summary_pipeline.py
[2026-04-04T14:08:49.709+0000] {logging_mixin.py:188} INFO - [2026-04-04T14:08:49.708+0000] {dag.py:3036} INFO - Sync 1 DAGs
[2026-04-04T14:08:49.736+0000] {logging_mixin.py:188} INFO - [2026-04-04T14:08:49.736+0000] {dag.py:3823} INFO - Setting next_dagrun for weekly_summary_pipeline to 2026-03-30 06:00:00+00:00, run_after=2026-04-06 06:00:00+00:00
[2026-04-04T14:08:49.757+0000] {processor.py:183} INFO - Processing /opt/airflow/dags/weekly_summary_pipeline.py took 0.131 seconds
[2026-04-04T14:09:20.307+0000] {processor.py:161} INFO - Started process (PID=3160) to work on /opt/airflow/dags/weekly_summary_pipeline.py
[2026-04-04T14:09:20.308+0000] {processor.py:830} INFO - Processing file /opt/airflow/dags/weekly_summary_pipeline.py for tasks to queue
[2026-04-04T14:09:20.309+0000] {logging_mixin.py:188} INFO - [2026-04-04T14:09:20.309+0000] {dagbag.py:538} INFO - Filling up the DagBag from /opt/airflow/dags/weekly_summary_pipeline.py
[2026-04-04T14:09:20.329+0000] {processor.py:840} INFO - DAG(s) 'weekly_summary_pipeline' retrieved from /opt/airflow/dags/weekly_summary_pipeline.py
[2026-04-04T14:09:20.357+0000] {logging_mixin.py:188} INFO - [2026-04-04T14:09:20.357+0000] {dag.py:3036} INFO - Sync 1 DAGs
[2026-04-04T14:09:20.381+0000] {logging_mixin.py:188} INFO - [2026-04-04T14:09:20.380+0000] {dag.py:3823} INFO - Setting next_dagrun for weekly_summary_pipeline to 2026-03-30 06:00:00+00:00, run_after=2026-04-06 06:00:00+00:00
[2026-04-04T14:09:20.403+0000] {processor.py:183} INFO - Processing /opt/airflow/dags/weekly_summary_pipeline.py took 0.098 seconds
[2026-04-04T14:09:50.918+0000] {processor.py:161} INFO - Started process (PID=3183) to work on /opt/airflow/dags/weekly_summary_pipeline.py
[2026-04-04T14:09:50.919+0000] {processor.py:830} INFO - Processing file /opt/airflow/dags/weekly_summary_pipeline.py for tasks to queue
[2026-04-04T14:09:50.920+0000] {logging_mixin.py:188} INFO - [2026-04-04T14:09:50.920+0000] {dagbag.py:538} INFO - Filling up the DagBag from /opt/airflow/dags/weekly_summary_pipeline.py
[2026-04-04T14:09:50.938+0000] {processor.py:840} INFO - DAG(s) 'weekly_summary_pipeline' retrieved from /opt/airflow/dags/weekly_summary_pipeline.py
[2026-04-04T14:09:50.981+0000] {logging_mixin.py:188} INFO - [2026-04-04T14:09:50.981+0000] {dag.py:3036} INFO - Sync 1 DAGs
[2026-04-04T14:09:51.003+0000] {logging_mixin.py:188} INFO - [2026-04-04T14:09:51.002+0000] {dag.py:3823} INFO - Setting next_dagrun for weekly_summary_pipeline to 2026-03-30 06:00:00+00:00, run_after=2026-04-06 06:00:00+00:00
[2026-04-04T14:09:51.025+0000] {processor.py:183} INFO - Processing /opt/airflow/dags/weekly_summary_pipeline.py took 0.110 seconds
[2026-04-04T14:10:21.925+0000] {processor.py:161} INFO - Started process (PID=3206) to work on /opt/airflow/dags/weekly_summary_pipeline.py
[2026-04-04T14:10:21.926+0000] {processor.py:830} INFO - Processing file /opt/airflow/dags/weekly_summary_pipeline.py for tasks to queue
[2026-04-04T14:10:21.927+0000] {logging_mixin.py:188} INFO - [2026-04-04T14:10:21.927+0000] {dagbag.py:538} INFO - Filling up the DagBag from /opt/airflow/dags/weekly_summary_pipeline.py
[2026-04-04T14:10:21.947+0000] {processor.py:840} INFO - DAG(s) 'weekly_summary_pipeline' retrieved from /opt/airflow/dags/weekly_summary_pipeline.py
[2026-04-04T14:10:21.976+0000] {logging_mixin.py:188} INFO - [2026-04-04T14:10:21.976+0000] {dag.py:3036} INFO - Sync 1 DAGs
[2026-04-04T14:10:22.000+0000] {logging_mixin.py:188} INFO - [2026-04-04T14:10:21.999+0000] {dag.py:3823} INFO - Setting next_dagrun for weekly_summary_pipeline to 2026-03-30 06:00:00+00:00, run_after=2026-04-06 06:00:00+00:00
[2026-04-04T14:10:22.021+0000] {processor.py:183} INFO - Processing /opt/airflow/dags/weekly_summary_pipeline.py took 0.098 seconds
[2026-04-04T14:10:52.535+0000] {processor.py:161} INFO - Started process (PID=3230) to work on /opt/airflow/dags/weekly_summary_pipeline.py
[2026-04-04T14:10:52.536+0000] {processor.py:830} INFO - Processing file /opt/airflow/dags/weekly_summary_pipeline.py for tasks to queue
[2026-04-04T14:10:52.536+0000] {logging_mixin.py:188} INFO - [2026-04-04T14:10:52.536+0000] {dagbag.py:538} INFO - Filling up the DagBag from /opt/airflow/dags/weekly_summary_pipeline.py
[2026-04-04T14:10:52.556+0000] {processor.py:840} INFO - DAG(s) 'weekly_summary_pipeline' retrieved from /opt/airflow/dags/weekly_summary_pipeline.py
[2026-04-04T14:10:52.583+0000] {logging_mixin.py:188} INFO - [2026-04-04T14:10:52.583+0000] {dag.py:3036} INFO - Sync 1 DAGs
[2026-04-04T14:10:52.605+0000] {logging_mixin.py:188} INFO - [2026-04-04T14:10:52.605+0000] {dag.py:3823} INFO - Setting next_dagrun for weekly_summary_pipeline to 2026-03-30 06:00:00+00:00, run_after=2026-04-06 06:00:00+00:00
[2026-04-04T14:10:52.625+0000] {processor.py:183} INFO - Processing /opt/airflow/dags/weekly_summary_pipeline.py took 0.093 seconds
[2026-04-04T14:11:23.536+0000] {processor.py:161} INFO - Started process (PID=3253) to work on /opt/airflow/dags/weekly_summary_pipeline.py
[2026-04-04T14:11:23.537+0000] {processor.py:830} INFO - Processing file /opt/airflow/dags/weekly_summary_pipeline.py for tasks to queue
[2026-04-04T14:11:23.538+0000] {logging_mixin.py:188} INFO - [2026-04-04T14:11:23.537+0000] {dagbag.py:538} INFO - Filling up the DagBag from /opt/airflow/dags/weekly_summary_pipeline.py
[2026-04-04T14:11:23.556+0000] {processor.py:840} INFO - DAG(s) 'weekly_summary_pipeline' retrieved from /opt/airflow/dags/weekly_summary_pipeline.py
[2026-04-04T14:11:23.584+0000] {logging_mixin.py:188} INFO - [2026-04-04T14:11:23.584+0000] {dag.py:3036} INFO - Sync 1 DAGs
[2026-04-04T14:11:23.609+0000] {logging_mixin.py:188} INFO - [2026-04-04T14:11:23.609+0000] {dag.py:3823} INFO - Setting next_dagrun for weekly_summary_pipeline to 2026-03-30 06:00:00+00:00, run_after=2026-04-06 06:00:00+00:00
[2026-04-04T14:11:23.627+0000] {processor.py:183} INFO - Processing /opt/airflow/dags/weekly_summary_pipeline.py took 0.094 seconds
[2026-04-04T14:11:54.511+0000] {processor.py:161} INFO - Started process (PID=3276) to work on /opt/airflow/dags/weekly_summary_pipeline.py
[2026-04-04T14:11:54.512+0000] {processor.py:830} INFO - Processing file /opt/airflow/dags/weekly_summary_pipeline.py for tasks to queue
[2026-04-04T14:11:54.513+0000] {logging_mixin.py:188} INFO - [2026-04-04T14:11:54.513+0000] {dagbag.py:538} INFO - Filling up the DagBag from /opt/airflow/dags/weekly_summary_pipeline.py
[2026-04-04T14:11:54.535+0000] {processor.py:840} INFO - DAG(s) 'weekly_summary_pipeline' retrieved from /opt/airflow/dags/weekly_summary_pipeline.py
[2026-04-04T14:11:54.567+0000] {logging_mixin.py:188} INFO - [2026-04-04T14:11:54.566+0000] {dag.py:3036} INFO - Sync 1 DAGs
[2026-04-04T14:11:54.593+0000] {logging_mixin.py:188} INFO - [2026-04-04T14:11:54.593+0000] {dag.py:3823} INFO - Setting next_dagrun for weekly_summary_pipeline to 2026-03-30 06:00:00+00:00, run_after=2026-04-06 06:00:00+00:00
[2026-04-04T14:11:54.611+0000] {processor.py:183} INFO - Processing /opt/airflow/dags/weekly_summary_pipeline.py took 0.102 seconds
[2026-04-04T14:12:25.527+0000] {processor.py:161} INFO - Started process (PID=3299) to work on /opt/airflow/dags/weekly_summary_pipeline.py
[2026-04-04T14:12:25.528+0000] {processor.py:830} INFO - Processing file /opt/airflow/dags/weekly_summary_pipeline.py for tasks to queue
[2026-04-04T14:12:25.529+0000] {logging_mixin.py:188} INFO - [2026-04-04T14:12:25.528+0000] {dagbag.py:538} INFO - Filling up the DagBag from /opt/airflow/dags/weekly_summary_pipeline.py
[2026-04-04T14:12:25.549+0000] {processor.py:840} INFO - DAG(s) 'weekly_summary_pipeline' retrieved from /opt/airflow/dags/weekly_summary_pipeline.py
[2026-04-04T14:12:25.575+0000] {logging_mixin.py:188} INFO - [2026-04-04T14:12:25.574+0000] {dag.py:3036} INFO - Sync 1 DAGs
[2026-04-04T14:12:25.599+0000] {logging_mixin.py:188} INFO - [2026-04-04T14:12:25.599+0000] {dag.py:3823} INFO - Setting next_dagrun for weekly_summary_pipeline to 2026-03-30 06:00:00+00:00, run_after=2026-04-06 06:00:00+00:00
[2026-04-04T14:12:25.622+0000] {processor.py:183} INFO - Processing /opt/airflow/dags/weekly_summary_pipeline.py took 0.097 seconds
[2026-04-04T14:12:56.497+0000] {processor.py:161} INFO - Started process (PID=3322) to work on /opt/airflow/dags/weekly_summary_pipeline.py
[2026-04-04T14:12:56.498+0000] {processor.py:830} INFO - Processing file /opt/airflow/dags/weekly_summary_pipeline.py for tasks to queue
[2026-04-04T14:12:56.499+0000] {logging_mixin.py:188} INFO - [2026-04-04T14:12:56.499+0000] {dagbag.py:538} INFO - Filling up the DagBag from /opt/airflow/dags/weekly_summary_pipeline.py
[2026-04-04T14:12:56.526+0000] {processor.py:840} INFO - DAG(s) 'weekly_summary_pipeline' retrieved from /opt/airflow/dags/weekly_summary_pipeline.py
[2026-04-04T14:12:56.563+0000] {logging_mixin.py:188} INFO - [2026-04-04T14:12:56.563+0000] {dag.py:3036} INFO - Sync 1 DAGs
[2026-04-04T14:12:56.595+0000] {logging_mixin.py:188} INFO - [2026-04-04T14:12:56.594+0000] {dag.py:3823} INFO - Setting next_dagrun for weekly_summary_pipeline to 2026-03-30 06:00:00+00:00, run_after=2026-04-06 06:00:00+00:00
[2026-04-04T14:12:56.621+0000] {processor.py:183} INFO - Processing /opt/airflow/dags/weekly_summary_pipeline.py took 0.128 seconds
[2026-04-04T14:13:27.155+0000] {processor.py:161} INFO - Started process (PID=3346) to work on /opt/airflow/dags/weekly_summary_pipeline.py
[2026-04-04T14:13:27.155+0000] {processor.py:830} INFO - Processing file /opt/airflow/dags/weekly_summary_pipeline.py for tasks to queue
[2026-04-04T14:13:27.156+0000] {logging_mixin.py:188} INFO - [2026-04-04T14:13:27.156+0000] {dagbag.py:538} INFO - Filling up the DagBag from /opt/airflow/dags/weekly_summary_pipeline.py
[2026-04-04T14:13:27.180+0000] {processor.py:840} INFO - DAG(s) 'weekly_summary_pipeline' retrieved from /opt/airflow/dags/weekly_summary_pipeline.py
[2026-04-04T14:13:27.217+0000] {logging_mixin.py:188} INFO - [2026-04-04T14:13:27.217+0000] {dag.py:3036} INFO - Sync 1 DAGs
[2026-04-04T14:13:27.247+0000] {logging_mixin.py:188} INFO - [2026-04-04T14:13:27.247+0000] {dag.py:3823} INFO - Setting next_dagrun for weekly_summary_pipeline to 2026-03-30 06:00:00+00:00, run_after=2026-04-06 06:00:00+00:00
[2026-04-04T14:13:27.271+0000] {processor.py:183} INFO - Processing /opt/airflow/dags/weekly_summary_pipeline.py took 0.119 seconds
[2026-04-04T14:13:57.820+0000] {processor.py:161} INFO - Started process (PID=3368) to work on /opt/airflow/dags/weekly_summary_pipeline.py
[2026-04-04T14:13:57.821+0000] {processor.py:830} INFO - Processing file /opt/airflow/dags/weekly_summary_pipeline.py for tasks to queue
[2026-04-04T14:13:57.822+0000] {logging_mixin.py:188} INFO - [2026-04-04T14:13:57.821+0000] {dagbag.py:538} INFO - Filling up the DagBag from /opt/airflow/dags/weekly_summary_pipeline.py
[2026-04-04T14:13:57.846+0000] {processor.py:840} INFO - DAG(s) 'weekly_summary_pipeline' retrieved from /opt/airflow/dags/weekly_summary_pipeline.py
[2026-04-04T14:13:57.880+0000] {logging_mixin.py:188} INFO - [2026-04-04T14:13:57.880+0000] {dag.py:3036} INFO - Sync 1 DAGs
[2026-04-04T14:13:57.910+0000] {logging_mixin.py:188} INFO - [2026-04-04T14:13:57.910+0000] {dag.py:3823} INFO - Setting next_dagrun for weekly_summary_pipeline to 2026-03-30 06:00:00+00:00, run_after=2026-04-06 06:00:00+00:00
[2026-04-04T14:13:57.948+0000] {processor.py:183} INFO - Processing /opt/airflow/dags/weekly_summary_pipeline.py took 0.132 seconds
[2026-04-04T14:14:28.887+0000] {processor.py:161} INFO - Started process (PID=3391) to work on /opt/airflow/dags/weekly_summary_pipeline.py
[2026-04-04T14:14:28.888+0000] {processor.py:830} INFO - Processing file /opt/airflow/dags/weekly_summary_pipeline.py for tasks to queue
[2026-04-04T14:14:28.889+0000] {logging_mixin.py:188} INFO - [2026-04-04T14:14:28.889+0000] {dagbag.py:538} INFO - Filling up the DagBag from /opt/airflow/dags/weekly_summary_pipeline.py
[2026-04-04T14:14:28.907+0000] {processor.py:840} INFO - DAG(s) 'weekly_summary_pipeline' retrieved from /opt/airflow/dags/weekly_summary_pipeline.py
[2026-04-04T14:14:28.936+0000] {logging_mixin.py:188} INFO - [2026-04-04T14:14:28.936+0000] {dag.py:3036} INFO - Sync 1 DAGs
[2026-04-04T14:14:28.958+0000] {logging_mixin.py:188} INFO - [2026-04-04T14:14:28.958+0000] {dag.py:3823} INFO - Setting next_dagrun for weekly_summary_pipeline to 2026-03-30 06:00:00+00:00, run_after=2026-04-06 06:00:00+00:00
[2026-04-04T14:14:28.979+0000] {processor.py:183} INFO - Processing /opt/airflow/dags/weekly_summary_pipeline.py took 0.095 seconds
[2026-04-04T14:14:59.922+0000] {processor.py:161} INFO - Started process (PID=3414) to work on /opt/airflow/dags/weekly_summary_pipeline.py
[2026-04-04T14:14:59.923+0000] {processor.py:830} INFO - Processing file /opt/airflow/dags/weekly_summary_pipeline.py for tasks to queue
[2026-04-04T14:14:59.924+0000] {logging_mixin.py:188} INFO - [2026-04-04T14:14:59.924+0000] {dagbag.py:538} INFO - Filling up the DagBag from /opt/airflow/dags/weekly_summary_pipeline.py
[2026-04-04T14:14:59.948+0000] {processor.py:840} INFO - DAG(s) 'weekly_summary_pipeline' retrieved from /opt/airflow/dags/weekly_summary_pipeline.py
[2026-04-04T14:14:59.978+0000] {logging_mixin.py:188} INFO - [2026-04-04T14:14:59.977+0000] {dag.py:3036} INFO - Sync 1 DAGs
[2026-04-04T14:15:00.205+0000] {logging_mixin.py:188} INFO - [2026-04-04T14:15:00.204+0000] {dag.py:3823} INFO - Setting next_dagrun for weekly_summary_pipeline to 2026-03-30 06:00:00+00:00, run_after=2026-04-06 06:00:00+00:00
[2026-04-04T14:15:00.222+0000] {processor.py:183} INFO - Processing /opt/airflow/dags/weekly_summary_pipeline.py took 0.102 seconds
[2026-04-04T14:15:31.180+0000] {processor.py:161} INFO - Started process (PID=3437) to work on /opt/airflow/dags/weekly_summary_pipeline.py
[2026-04-04T14:15:31.182+0000] {processor.py:830} INFO - Processing file /opt/airflow/dags/weekly_summary_pipeline.py for tasks to queue
[2026-04-04T14:15:31.182+0000] {logging_mixin.py:188} INFO - [2026-04-04T14:15:31.182+0000] {dagbag.py:538} INFO - Filling up the DagBag from /opt/airflow/dags/weekly_summary_pipeline.py
[2026-04-04T14:15:31.206+0000] {processor.py:840} INFO - DAG(s) 'weekly_summary_pipeline' retrieved from /opt/airflow/dags/weekly_summary_pipeline.py
[2026-04-04T14:15:31.239+0000] {logging_mixin.py:188} INFO - [2026-04-04T14:15:31.239+0000] {dag.py:3036} INFO - Sync 1 DAGs
[2026-04-04T14:15:31.263+0000] {logging_mixin.py:188} INFO - [2026-04-04T14:15:31.262+0000] {dag.py:3823} INFO - Setting next_dagrun for weekly_summary_pipeline to 2026-03-30 06:00:00+00:00, run_after=2026-04-06 06:00:00+00:00
[2026-04-04T14:15:31.288+0000] {processor.py:183} INFO - Processing /opt/airflow/dags/weekly_summary_pipeline.py took 0.110 seconds
[2026-04-04T14:16:02.206+0000] {processor.py:161} INFO - Started process (PID=3461) to work on /opt/airflow/dags/weekly_summary_pipeline.py
[2026-04-04T14:16:02.207+0000] {processor.py:830} INFO - Processing file /opt/airflow/dags/weekly_summary_pipeline.py for tasks to queue
[2026-04-04T14:16:02.208+0000] {logging_mixin.py:188} INFO - [2026-04-04T14:16:02.207+0000] {dagbag.py:538} INFO - Filling up the DagBag from /opt/airflow/dags/weekly_summary_pipeline.py
[2026-04-04T14:16:02.224+0000] {processor.py:840} INFO - DAG(s) 'weekly_summary_pipeline' retrieved from /opt/airflow/dags/weekly_summary_pipeline.py
[2026-04-04T14:16:02.255+0000] {logging_mixin.py:188} INFO - [2026-04-04T14:16:02.255+0000] {dag.py:3036} INFO - Sync 1 DAGs
[2026-04-04T14:16:02.281+0000] {logging_mixin.py:188} INFO - [2026-04-04T14:16:02.281+0000] {dag.py:3823} INFO - Setting next_dagrun for weekly_summary_pipeline to 2026-03-30 06:00:00+00:00, run_after=2026-04-06 06:00:00+00:00
[2026-04-04T14:16:02.303+0000] {processor.py:183} INFO - Processing /opt/airflow/dags/weekly_summary_pipeline.py took 0.100 seconds
[2026-04-04T14:16:32.910+0000] {processor.py:161} INFO - Started process (PID=3484) to work on /opt/airflow/dags/weekly_summary_pipeline.py
[2026-04-04T14:16:32.911+0000] {processor.py:830} INFO - Processing file /opt/airflow/dags/weekly_summary_pipeline.py for tasks to queue
[2026-04-04T14:16:32.913+0000] {logging_mixin.py:188} INFO - [2026-04-04T14:16:32.913+0000] {dagbag.py:538} INFO - Filling up the DagBag from /opt/airflow/dags/weekly_summary_pipeline.py
[2026-04-04T14:16:32.941+0000] {processor.py:840} INFO - DAG(s) 'weekly_summary_pipeline' retrieved from /opt/airflow/dags/weekly_summary_pipeline.py
[2026-04-04T14:16:32.971+0000] {logging_mixin.py:188} INFO - [2026-04-04T14:16:32.971+0000] {dag.py:3036} INFO - Sync 1 DAGs
[2026-04-04T14:16:32.995+0000] {logging_mixin.py:188} INFO - [2026-04-04T14:16:32.995+0000] {dag.py:3823} INFO - Setting next_dagrun for weekly_summary_pipeline to 2026-03-30 06:00:00+00:00, run_after=2026-04-06 06:00:00+00:00
[2026-04-04T14:16:33.015+0000] {processor.py:183} INFO - Processing /opt/airflow/dags/weekly_summary_pipeline.py took 0.109 seconds
[2026-04-04T14:17:03.594+0000] {processor.py:161} INFO - Started process (PID=3507) to work on /opt/airflow/dags/weekly_summary_pipeline.py
[2026-04-04T14:17:03.595+0000] {processor.py:830} INFO - Processing file /opt/airflow/dags/weekly_summary_pipeline.py for tasks to queue
[2026-04-04T14:17:03.597+0000] {logging_mixin.py:188} INFO - [2026-04-04T14:17:03.596+0000] {dagbag.py:538} INFO - Filling up the DagBag from /opt/airflow/dags/weekly_summary_pipeline.py
[2026-04-04T14:17:03.619+0000] {processor.py:840} INFO - DAG(s) 'weekly_summary_pipeline' retrieved from /opt/airflow/dags/weekly_summary_pipeline.py
[2026-04-04T14:17:03.649+0000] {logging_mixin.py:188} INFO - [2026-04-04T14:17:03.649+0000] {dag.py:3036} INFO - Sync 1 DAGs
[2026-04-04T14:17:03.676+0000] {logging_mixin.py:188} INFO - [2026-04-04T14:17:03.676+0000] {dag.py:3823} INFO - Setting next_dagrun for weekly_summary_pipeline to 2026-03-30 06:00:00+00:00, run_after=2026-04-06 06:00:00+00:00
[2026-04-04T14:17:03.705+0000] {processor.py:183} INFO - Processing /opt/airflow/dags/weekly_summary_pipeline.py took 0.114 seconds
[2026-04-04T14:17:34.252+0000] {processor.py:161} INFO - Started process (PID=3530) to work on /opt/airflow/dags/weekly_summary_pipeline.py
[2026-04-04T14:17:34.253+0000] {processor.py:830} INFO - Processing file /opt/airflow/dags/weekly_summary_pipeline.py for tasks to queue
[2026-04-04T14:17:34.254+0000] {logging_mixin.py:188} INFO - [2026-04-04T14:17:34.254+0000] {dagbag.py:538} INFO - Filling up the DagBag from /opt/airflow/dags/weekly_summary_pipeline.py
[2026-04-04T14:17:34.282+0000] {processor.py:840} INFO - DAG(s) 'weekly_summary_pipeline' retrieved from /opt/airflow/dags/weekly_summary_pipeline.py
[2026-04-04T14:17:34.321+0000] {logging_mixin.py:188} INFO - [2026-04-04T14:17:34.321+0000] {dag.py:3036} INFO - Sync 1 DAGs
[2026-04-04T14:17:34.350+0000] {logging_mixin.py:188} INFO - [2026-04-04T14:17:34.350+0000] {dag.py:3823} INFO - Setting next_dagrun for weekly_summary_pipeline to 2026-03-30 06:00:00+00:00, run_after=2026-04-06 06:00:00+00:00
[2026-04-04T14:17:34.375+0000] {processor.py:183} INFO - Processing /opt/airflow/dags/weekly_summary_pipeline.py took 0.126 seconds
[2026-04-04T14:18:05.320+0000] {processor.py:161} INFO - Started process (PID=3553) to work on /opt/airflow/dags/weekly_summary_pipeline.py
[2026-04-04T14:18:05.321+0000] {processor.py:830} INFO - Processing file /opt/airflow/dags/weekly_summary_pipeline.py for tasks to queue
[2026-04-04T14:18:05.322+0000] {logging_mixin.py:188} INFO - [2026-04-04T14:18:05.322+0000] {dagbag.py:538} INFO - Filling up the DagBag from /opt/airflow/dags/weekly_summary_pipeline.py
[2026-04-04T14:18:05.341+0000] {processor.py:840} INFO - DAG(s) 'weekly_summary_pipeline' retrieved from /opt/airflow/dags/weekly_summary_pipeline.py
[2026-04-04T14:18:05.369+0000] {logging_mixin.py:188} INFO - [2026-04-04T14:18:05.369+0000] {dag.py:3036} INFO - Sync 1 DAGs
[2026-04-04T14:18:05.396+0000] {logging_mixin.py:188} INFO - [2026-04-04T14:18:05.396+0000] {dag.py:3823} INFO - Setting next_dagrun for weekly_summary_pipeline to 2026-03-30 06:00:00+00:00, run_after=2026-04-06 06:00:00+00:00
[2026-04-04T14:18:05.423+0000] {processor.py:183} INFO - Processing /opt/airflow/dags/weekly_summary_pipeline.py took 0.106 seconds
[2026-04-04T14:18:35.551+0000] {processor.py:161} INFO - Started process (PID=3576) to work on /opt/airflow/dags/weekly_summary_pipeline.py
[2026-04-04T14:18:35.553+0000] {processor.py:830} INFO - Processing file /opt/airflow/dags/weekly_summary_pipeline.py for tasks to queue
[2026-04-04T14:18:35.554+0000] {logging_mixin.py:188} INFO - [2026-04-04T14:18:35.554+0000] {dagbag.py:538} INFO - Filling up the DagBag from /opt/airflow/dags/weekly_summary_pipeline.py
[2026-04-04T14:18:35.578+0000] {processor.py:840} INFO - DAG(s) 'weekly_summary_pipeline' retrieved from /opt/airflow/dags/weekly_summary_pipeline.py
[2026-04-04T14:18:35.610+0000] {logging_mixin.py:188} INFO - [2026-04-04T14:18:35.609+0000] {dag.py:3036} INFO - Sync 1 DAGs
[2026-04-04T14:18:35.635+0000] {logging_mixin.py:188} INFO - [2026-04-04T14:18:35.634+0000] {dag.py:3823} INFO - Setting next_dagrun for weekly_summary_pipeline to 2026-03-30 06:00:00+00:00, run_after=2026-04-06 06:00:00+00:00
[2026-04-04T14:18:35.653+0000] {processor.py:183} INFO - Processing /opt/airflow/dags/weekly_summary_pipeline.py took 0.105 seconds
[2026-04-04T14:19:06.563+0000] {processor.py:161} INFO - Started process (PID=3591) to work on /opt/airflow/dags/weekly_summary_pipeline.py
[2026-04-04T14:19:06.564+0000] {processor.py:830} INFO - Processing file /opt/airflow/dags/weekly_summary_pipeline.py for tasks to queue
[2026-04-04T14:19:06.565+0000] {logging_mixin.py:188} INFO - [2026-04-04T14:19:06.565+0000] {dagbag.py:538} INFO - Filling up the DagBag from /opt/airflow/dags/weekly_summary_pipeline.py
[2026-04-04T14:19:06.587+0000] {processor.py:840} INFO - DAG(s) 'weekly_summary_pipeline' retrieved from /opt/airflow/dags/weekly_summary_pipeline.py
[2026-04-04T14:19:06.621+0000] {logging_mixin.py:188} INFO - [2026-04-04T14:19:06.621+0000] {dag.py:3036} INFO - Sync 1 DAGs
[2026-04-04T14:19:06.650+0000] {logging_mixin.py:188} INFO - [2026-04-04T14:19:06.650+0000] {dag.py:3823} INFO - Setting next_dagrun for weekly_summary_pipeline to 2026-03-30 06:00:00+00:00, run_after=2026-04-06 06:00:00+00:00
[2026-04-04T14:19:06.676+0000] {processor.py:183} INFO - Processing /opt/airflow/dags/weekly_summary_pipeline.py took 0.117 seconds
[2026-04-04T14:19:37.580+0000] {processor.py:161} INFO - Started process (PID=3615) to work on /opt/airflow/dags/weekly_summary_pipeline.py
[2026-04-04T14:19:37.581+0000] {processor.py:830} INFO - Processing file /opt/airflow/dags/weekly_summary_pipeline.py for tasks to queue
[2026-04-04T14:19:37.582+0000] {logging_mixin.py:188} INFO - [2026-04-04T14:19:37.582+0000] {dagbag.py:538} INFO - Filling up the DagBag from /opt/airflow/dags/weekly_summary_pipeline.py
[2026-04-04T14:19:37.605+0000] {processor.py:840} INFO - DAG(s) 'weekly_summary_pipeline' retrieved from /opt/airflow/dags/weekly_summary_pipeline.py
[2026-04-04T14:19:37.639+0000] {logging_mixin.py:188} INFO - [2026-04-04T14:19:37.639+0000] {dag.py:3036} INFO - Sync 1 DAGs
[2026-04-04T14:19:37.665+0000] {logging_mixin.py:188} INFO - [2026-04-04T14:19:37.664+0000] {dag.py:3823} INFO - Setting next_dagrun for weekly_summary_pipeline to 2026-03-30 06:00:00+00:00, run_after=2026-04-06 06:00:00+00:00
[2026-04-04T14:19:37.685+0000] {processor.py:183} INFO - Processing /opt/airflow/dags/weekly_summary_pipeline.py took 0.108 seconds
[2026-04-04T14:20:08.597+0000] {processor.py:161} INFO - Started process (PID=3638) to work on /opt/airflow/dags/weekly_summary_pipeline.py
[2026-04-04T14:20:08.598+0000] {processor.py:830} INFO - Processing file /opt/airflow/dags/weekly_summary_pipeline.py for tasks to queue
[2026-04-04T14:20:08.599+0000] {logging_mixin.py:188} INFO - [2026-04-04T14:20:08.598+0000] {dagbag.py:538} INFO - Filling up the DagBag from /opt/airflow/dags/weekly_summary_pipeline.py
[2026-04-04T14:20:08.627+0000] {processor.py:840} INFO - DAG(s) 'weekly_summary_pipeline' retrieved from /opt/airflow/dags/weekly_summary_pipeline.py
[2026-04-04T14:20:08.658+0000] {logging_mixin.py:188} INFO - [2026-04-04T14:20:08.658+0000] {dag.py:3036} INFO - Sync 1 DAGs
[2026-04-04T14:20:08.685+0000] {logging_mixin.py:188} INFO - [2026-04-04T14:20:08.685+0000] {dag.py:3823} INFO - Setting next_dagrun for weekly_summary_pipeline to 2026-03-30 06:00:00+00:00, run_after=2026-04-06 06:00:00+00:00
[2026-04-04T14:20:08.706+0000] {processor.py:183} INFO - Processing /opt/airflow/dags/weekly_summary_pipeline.py took 0.113 seconds
[2026-04-04T14:20:39.609+0000] {processor.py:161} INFO - Started process (PID=3661) to work on /opt/airflow/dags/weekly_summary_pipeline.py
[2026-04-04T14:20:39.610+0000] {processor.py:830} INFO - Processing file /opt/airflow/dags/weekly_summary_pipeline.py for tasks to queue
[2026-04-04T14:20:39.611+0000] {logging_mixin.py:188} INFO - [2026-04-04T14:20:39.610+0000] {dagbag.py:538} INFO - Filling up the DagBag from /opt/airflow/dags/weekly_summary_pipeline.py
[2026-04-04T14:20:39.630+0000] {processor.py:840} INFO - DAG(s) 'weekly_summary_pipeline' retrieved from /opt/airflow/dags/weekly_summary_pipeline.py
[2026-04-04T14:20:39.658+0000] {logging_mixin.py:188} INFO - [2026-04-04T14:20:39.658+0000] {dag.py:3036} INFO - Sync 1 DAGs
[2026-04-04T14:20:39.680+0000] {logging_mixin.py:188} INFO - [2026-04-04T14:20:39.680+0000] {dag.py:3823} INFO - Setting next_dagrun for weekly_summary_pipeline to 2026-03-30 06:00:00+00:00, run_after=2026-04-06 06:00:00+00:00
[2026-04-04T14:20:39.702+0000] {processor.py:183} INFO - Processing /opt/airflow/dags/weekly_summary_pipeline.py took 0.096 seconds
[2026-04-04T14:21:10.224+0000] {processor.py:161} INFO - Started process (PID=3684) to work on /opt/airflow/dags/weekly_summary_pipeline.py
[2026-04-04T14:21:10.225+0000] {processor.py:830} INFO - Processing file /opt/airflow/dags/weekly_summary_pipeline.py for tasks to queue
[2026-04-04T14:21:10.226+0000] {logging_mixin.py:188} INFO - [2026-04-04T14:21:10.226+0000] {dagbag.py:538} INFO - Filling up the DagBag from /opt/airflow/dags/weekly_summary_pipeline.py
[2026-04-04T14:21:10.246+0000] {processor.py:840} INFO - DAG(s) 'weekly_summary_pipeline' retrieved from /opt/airflow/dags/weekly_summary_pipeline.py
[2026-04-04T14:21:10.277+0000] {logging_mixin.py:188} INFO - [2026-04-04T14:21:10.277+0000] {dag.py:3036} INFO - Sync 1 DAGs
[2026-04-04T14:21:10.303+0000] {logging_mixin.py:188} INFO - [2026-04-04T14:21:10.303+0000] {dag.py:3823} INFO - Setting next_dagrun for weekly_summary_pipeline to 2026-03-30 06:00:00+00:00, run_after=2026-04-06 06:00:00+00:00
[2026-04-04T14:21:10.326+0000] {processor.py:183} INFO - Processing /opt/airflow/dags/weekly_summary_pipeline.py took 0.105 seconds
[2026-04-04T14:21:40.865+0000] {processor.py:161} INFO - Started process (PID=3707) to work on /opt/airflow/dags/weekly_summary_pipeline.py
[2026-04-04T14:21:40.866+0000] {processor.py:830} INFO - Processing file /opt/airflow/dags/weekly_summary_pipeline.py for tasks to queue
[2026-04-04T14:21:40.866+0000] {logging_mixin.py:188} INFO - [2026-04-04T14:21:40.866+0000] {dagbag.py:538} INFO - Filling up the DagBag from /opt/airflow/dags/weekly_summary_pipeline.py
[2026-04-04T14:21:40.887+0000] {processor.py:840} INFO - DAG(s) 'weekly_summary_pipeline' retrieved from /opt/airflow/dags/weekly_summary_pipeline.py
[2026-04-04T14:21:40.916+0000] {logging_mixin.py:188} INFO - [2026-04-04T14:21:40.915+0000] {dag.py:3036} INFO - Sync 1 DAGs
[2026-04-04T14:21:40.938+0000] {logging_mixin.py:188} INFO - [2026-04-04T14:21:40.937+0000] {dag.py:3823} INFO - Setting next_dagrun for weekly_summary_pipeline to 2026-03-30 06:00:00+00:00, run_after=2026-04-06 06:00:00+00:00
[2026-04-04T14:21:40.958+0000] {processor.py:183} INFO - Processing /opt/airflow/dags/weekly_summary_pipeline.py took 0.096 seconds
[2026-04-04T14:22:11.953+0000] {processor.py:161} INFO - Started process (PID=3730) to work on /opt/airflow/dags/weekly_summary_pipeline.py
[2026-04-04T14:22:11.954+0000] {processor.py:830} INFO - Processing file /opt/airflow/dags/weekly_summary_pipeline.py for tasks to queue
[2026-04-04T14:22:11.955+0000] {logging_mixin.py:188} INFO - [2026-04-04T14:22:11.955+0000] {dagbag.py:538} INFO - Filling up the DagBag from /opt/airflow/dags/weekly_summary_pipeline.py
[2026-04-04T14:22:11.976+0000] {processor.py:840} INFO - DAG(s) 'weekly_summary_pipeline' retrieved from /opt/airflow/dags/weekly_summary_pipeline.py
[2026-04-04T14:22:12.003+0000] {logging_mixin.py:188} INFO - [2026-04-04T14:22:12.003+0000] {dag.py:3036} INFO - Sync 1 DAGs
[2026-04-04T14:22:12.026+0000] {logging_mixin.py:188} INFO - [2026-04-04T14:22:12.026+0000] {dag.py:3823} INFO - Setting next_dagrun for weekly_summary_pipeline to 2026-03-30 06:00:00+00:00, run_after=2026-04-06 06:00:00+00:00
[2026-04-04T14:22:12.047+0000] {processor.py:183} INFO - Processing /opt/airflow/dags/weekly_summary_pipeline.py took 0.096 seconds
[2026-04-04T14:22:42.607+0000] {processor.py:161} INFO - Started process (PID=3753) to work on /opt/airflow/dags/weekly_summary_pipeline.py
[2026-04-04T14:22:42.609+0000] {processor.py:830} INFO - Processing file /opt/airflow/dags/weekly_summary_pipeline.py for tasks to queue
[2026-04-04T14:22:42.609+0000] {logging_mixin.py:188} INFO - [2026-04-04T14:22:42.609+0000] {dagbag.py:538} INFO - Filling up the DagBag from /opt/airflow/dags/weekly_summary_pipeline.py
[2026-04-04T14:22:42.629+0000] {processor.py:840} INFO - DAG(s) 'weekly_summary_pipeline' retrieved from /opt/airflow/dags/weekly_summary_pipeline.py
[2026-04-04T14:22:42.657+0000] {logging_mixin.py:188} INFO - [2026-04-04T14:22:42.657+0000] {dag.py:3036} INFO - Sync 1 DAGs
[2026-04-04T14:22:42.683+0000] {logging_mixin.py:188} INFO - [2026-04-04T14:22:42.683+0000] {dag.py:3823} INFO - Setting next_dagrun for weekly_summary_pipeline to 2026-03-30 06:00:00+00:00, run_after=2026-04-06 06:00:00+00:00
[2026-04-04T14:22:42.706+0000] {processor.py:183} INFO - Processing /opt/airflow/dags/weekly_summary_pipeline.py took 0.102 seconds
[2026-04-04T14:23:13.230+0000] {processor.py:161} INFO - Started process (PID=3776) to work on /opt/airflow/dags/weekly_summary_pipeline.py
[2026-04-04T14:23:13.231+0000] {processor.py:830} INFO - Processing file /opt/airflow/dags/weekly_summary_pipeline.py for tasks to queue
[2026-04-04T14:23:13.232+0000] {logging_mixin.py:188} INFO - [2026-04-04T14:23:13.232+0000] {dagbag.py:538} INFO - Filling up the DagBag from /opt/airflow/dags/weekly_summary_pipeline.py
[2026-04-04T14:23:13.252+0000] {processor.py:840} INFO - DAG(s) 'weekly_summary_pipeline' retrieved from /opt/airflow/dags/weekly_summary_pipeline.py
[2026-04-04T14:23:13.283+0000] {logging_mixin.py:188} INFO - [2026-04-04T14:23:13.282+0000] {dag.py:3036} INFO - Sync 1 DAGs
[2026-04-04T14:23:13.308+0000] {logging_mixin.py:188} INFO - [2026-04-04T14:23:13.307+0000] {dag.py:3823} INFO - Setting next_dagrun for weekly_summary_pipeline to 2026-03-30 06:00:00+00:00, run_after=2026-04-06 06:00:00+00:00
[2026-04-04T14:23:13.328+0000] {processor.py:183} INFO - Processing /opt/airflow/dags/weekly_summary_pipeline.py took 0.101 seconds
[2026-04-04T14:23:43.388+0000] {processor.py:161} INFO - Started process (PID=3799) to work on /opt/airflow/dags/weekly_summary_pipeline.py
[2026-04-04T14:23:43.389+0000] {processor.py:830} INFO - Processing file /opt/airflow/dags/weekly_summary_pipeline.py for tasks to queue
[2026-04-04T14:23:43.390+0000] {logging_mixin.py:188} INFO - [2026-04-04T14:23:43.390+0000] {dagbag.py:538} INFO - Filling up the DagBag from /opt/airflow/dags/weekly_summary_pipeline.py
[2026-04-04T14:23:43.408+0000] {processor.py:840} INFO - DAG(s) 'weekly_summary_pipeline' retrieved from /opt/airflow/dags/weekly_summary_pipeline.py
[2026-04-04T14:23:43.436+0000] {logging_mixin.py:188} INFO - [2026-04-04T14:23:43.436+0000] {dag.py:3036} INFO - Sync 1 DAGs
[2026-04-04T14:23:43.458+0000] {logging_mixin.py:188} INFO - [2026-04-04T14:23:43.458+0000] {dag.py:3823} INFO - Setting next_dagrun for weekly_summary_pipeline to 2026-03-30 06:00:00+00:00, run_after=2026-04-06 06:00:00+00:00
[2026-04-04T14:23:43.479+0000] {processor.py:183} INFO - Processing /opt/airflow/dags/weekly_summary_pipeline.py took 0.094 seconds
[2026-04-04T14:24:14.050+0000] {processor.py:161} INFO - Started process (PID=3822) to work on /opt/airflow/dags/weekly_summary_pipeline.py
[2026-04-04T14:24:14.051+0000] {processor.py:830} INFO - Processing file /opt/airflow/dags/weekly_summary_pipeline.py for tasks to queue
[2026-04-04T14:24:14.052+0000] {logging_mixin.py:188} INFO - [2026-04-04T14:24:14.052+0000] {dagbag.py:538} INFO - Filling up the DagBag from /opt/airflow/dags/weekly_summary_pipeline.py
[2026-04-04T14:24:14.072+0000] {processor.py:840} INFO - DAG(s) 'weekly_summary_pipeline' retrieved from /opt/airflow/dags/weekly_summary_pipeline.py
[2026-04-04T14:24:14.101+0000] {logging_mixin.py:188} INFO - [2026-04-04T14:24:14.101+0000] {dag.py:3036} INFO - Sync 1 DAGs
[2026-04-04T14:24:14.124+0000] {logging_mixin.py:188} INFO - [2026-04-04T14:24:14.124+0000] {dag.py:3823} INFO - Setting next_dagrun for weekly_summary_pipeline to 2026-03-30 06:00:00+00:00, run_after=2026-04-06 06:00:00+00:00
[2026-04-04T14:24:14.146+0000] {processor.py:183} INFO - Processing /opt/airflow/dags/weekly_summary_pipeline.py took 0.099 seconds
[2026-04-04T14:24:44.710+0000] {processor.py:161} INFO - Started process (PID=3845) to work on /opt/airflow/dags/weekly_summary_pipeline.py
[2026-04-04T14:24:44.711+0000] {processor.py:830} INFO - Processing file /opt/airflow/dags/weekly_summary_pipeline.py for tasks to queue
[2026-04-04T14:24:44.712+0000] {logging_mixin.py:188} INFO - [2026-04-04T14:24:44.712+0000] {dagbag.py:538} INFO - Filling up the DagBag from /opt/airflow/dags/weekly_summary_pipeline.py
[2026-04-04T14:24:44.730+0000] {processor.py:840} INFO - DAG(s) 'weekly_summary_pipeline' retrieved from /opt/airflow/dags/weekly_summary_pipeline.py
[2026-04-04T14:24:44.759+0000] {logging_mixin.py:188} INFO - [2026-04-04T14:24:44.758+0000] {dag.py:3036} INFO - Sync 1 DAGs
[2026-04-04T14:24:44.781+0000] {logging_mixin.py:188} INFO - [2026-04-04T14:24:44.780+0000] {dag.py:3823} INFO - Setting next_dagrun for weekly_summary_pipeline to 2026-03-30 06:00:00+00:00, run_after=2026-04-06 06:00:00+00:00
[2026-04-04T14:24:44.804+0000] {processor.py:183} INFO - Processing /opt/airflow/dags/weekly_summary_pipeline.py took 0.097 seconds
[2026-04-04T14:25:15.547+0000] {processor.py:161} INFO - Started process (PID=3868) to work on /opt/airflow/dags/weekly_summary_pipeline.py
[2026-04-04T14:25:15.548+0000] {processor.py:830} INFO - Processing file /opt/airflow/dags/weekly_summary_pipeline.py for tasks to queue
[2026-04-04T14:25:15.549+0000] {logging_mixin.py:188} INFO - [2026-04-04T14:25:15.549+0000] {dagbag.py:538} INFO - Filling up the DagBag from /opt/airflow/dags/weekly_summary_pipeline.py
[2026-04-04T14:25:15.567+0000] {processor.py:840} INFO - DAG(s) 'weekly_summary_pipeline' retrieved from /opt/airflow/dags/weekly_summary_pipeline.py
[2026-04-04T14:25:15.593+0000] {logging_mixin.py:188} INFO - [2026-04-04T14:25:15.593+0000] {dag.py:3036} INFO - Sync 1 DAGs
[2026-04-04T14:25:15.616+0000] {logging_mixin.py:188} INFO - [2026-04-04T14:25:15.615+0000] {dag.py:3823} INFO - Setting next_dagrun for weekly_summary_pipeline to 2026-03-30 06:00:00+00:00, run_after=2026-04-06 06:00:00+00:00
[2026-04-04T14:25:15.640+0000] {processor.py:183} INFO - Processing /opt/airflow/dags/weekly_summary_pipeline.py took 0.096 seconds
[2026-04-04T14:25:46.236+0000] {processor.py:161} INFO - Started process (PID=3891) to work on /opt/airflow/dags/weekly_summary_pipeline.py
[2026-04-04T14:25:46.237+0000] {processor.py:830} INFO - Processing file /opt/airflow/dags/weekly_summary_pipeline.py for tasks to queue
[2026-04-04T14:25:46.237+0000] {logging_mixin.py:188} INFO - [2026-04-04T14:25:46.237+0000] {dagbag.py:538} INFO - Filling up the DagBag from /opt/airflow/dags/weekly_summary_pipeline.py
[2026-04-04T14:25:46.255+0000] {processor.py:840} INFO - DAG(s) 'weekly_summary_pipeline' retrieved from /opt/airflow/dags/weekly_summary_pipeline.py
[2026-04-04T14:25:46.286+0000] {logging_mixin.py:188} INFO - [2026-04-04T14:25:46.286+0000] {dag.py:3036} INFO - Sync 1 DAGs
[2026-04-04T14:25:46.309+0000] {logging_mixin.py:188} INFO - [2026-04-04T14:25:46.309+0000] {dag.py:3823} INFO - Setting next_dagrun for weekly_summary_pipeline to 2026-03-30 06:00:00+00:00, run_after=2026-04-06 06:00:00+00:00
[2026-04-04T14:25:46.331+0000] {processor.py:183} INFO - Processing /opt/airflow/dags/weekly_summary_pipeline.py took 0.098 seconds
[2026-04-04T14:26:16.947+0000] {processor.py:161} INFO - Started process (PID=3914) to work on /opt/airflow/dags/weekly_summary_pipeline.py
[2026-04-04T14:26:16.948+0000] {processor.py:830} INFO - Processing file /opt/airflow/dags/weekly_summary_pipeline.py for tasks to queue
[2026-04-04T14:26:16.949+0000] {logging_mixin.py:188} INFO - [2026-04-04T14:26:16.948+0000] {dagbag.py:538} INFO - Filling up the DagBag from /opt/airflow/dags/weekly_summary_pipeline.py
[2026-04-04T14:26:16.969+0000] {processor.py:840} INFO - DAG(s) 'weekly_summary_pipeline' retrieved from /opt/airflow/dags/weekly_summary_pipeline.py
[2026-04-04T14:26:16.999+0000] {logging_mixin.py:188} INFO - [2026-04-04T14:26:16.998+0000] {dag.py:3036} INFO - Sync 1 DAGs
[2026-04-04T14:26:17.021+0000] {logging_mixin.py:188} INFO - [2026-04-04T14:26:17.021+0000] {dag.py:3823} INFO - Setting next_dagrun for weekly_summary_pipeline to 2026-03-30 06:00:00+00:00, run_after=2026-04-06 06:00:00+00:00
[2026-04-04T14:26:17.043+0000] {processor.py:183} INFO - Processing /opt/airflow/dags/weekly_summary_pipeline.py took 0.099 seconds
[2026-04-04T14:26:47.104+0000] {processor.py:161} INFO - Started process (PID=3937) to work on /opt/airflow/dags/weekly_summary_pipeline.py
[2026-04-04T14:26:47.105+0000] {processor.py:830} INFO - Processing file /opt/airflow/dags/weekly_summary_pipeline.py for tasks to queue
[2026-04-04T14:26:47.105+0000] {logging_mixin.py:188} INFO - [2026-04-04T14:26:47.105+0000] {dagbag.py:538} INFO - Filling up the DagBag from /opt/airflow/dags/weekly_summary_pipeline.py
[2026-04-04T14:26:47.123+0000] {processor.py:840} INFO - DAG(s) 'weekly_summary_pipeline' retrieved from /opt/airflow/dags/weekly_summary_pipeline.py
[2026-04-04T14:26:47.151+0000] {logging_mixin.py:188} INFO - [2026-04-04T14:26:47.151+0000] {dag.py:3036} INFO - Sync 1 DAGs
[2026-04-04T14:26:47.173+0000] {logging_mixin.py:188} INFO - [2026-04-04T14:26:47.173+0000] {dag.py:3823} INFO - Setting next_dagrun for weekly_summary_pipeline to 2026-03-30 06:00:00+00:00, run_after=2026-04-06 06:00:00+00:00
[2026-04-04T14:26:47.194+0000] {processor.py:183} INFO - Processing /opt/airflow/dags/weekly_summary_pipeline.py took 0.094 seconds
[2026-04-04T14:27:17.765+0000] {processor.py:161} INFO - Started process (PID=3960) to work on /opt/airflow/dags/weekly_summary_pipeline.py
[2026-04-04T14:27:17.766+0000] {processor.py:830} INFO - Processing file /opt/airflow/dags/weekly_summary_pipeline.py for tasks to queue
[2026-04-04T14:27:17.767+0000] {logging_mixin.py:188} INFO - [2026-04-04T14:27:17.767+0000] {dagbag.py:538} INFO - Filling up the DagBag from /opt/airflow/dags/weekly_summary_pipeline.py
[2026-04-04T14:27:17.789+0000] {processor.py:840} INFO - DAG(s) 'weekly_summary_pipeline' retrieved from /opt/airflow/dags/weekly_summary_pipeline.py
[2026-04-04T14:27:17.815+0000] {logging_mixin.py:188} INFO - [2026-04-04T14:27:17.815+0000] {dag.py:3036} INFO - Sync 1 DAGs
[2026-04-04T14:27:17.842+0000] {logging_mixin.py:188} INFO - [2026-04-04T14:27:17.842+0000] {dag.py:3823} INFO - Setting next_dagrun for weekly_summary_pipeline to 2026-03-30 06:00:00+00:00, run_after=2026-04-06 06:00:00+00:00
[2026-04-04T14:27:17.862+0000] {processor.py:183} INFO - Processing /opt/airflow/dags/weekly_summary_pipeline.py took 0.100 seconds
[2026-04-04T14:27:47.946+0000] {processor.py:161} INFO - Started process (PID=3975) to work on /opt/airflow/dags/weekly_summary_pipeline.py
[2026-04-04T14:27:47.947+0000] {processor.py:830} INFO - Processing file /opt/airflow/dags/weekly_summary_pipeline.py for tasks to queue
[2026-04-04T14:27:47.947+0000] {logging_mixin.py:188} INFO - [2026-04-04T14:27:47.947+0000] {dagbag.py:538} INFO - Filling up the DagBag from /opt/airflow/dags/weekly_summary_pipeline.py
[2026-04-04T14:27:47.967+0000] {processor.py:840} INFO - DAG(s) 'weekly_summary_pipeline' retrieved from /opt/airflow/dags/weekly_summary_pipeline.py
[2026-04-04T14:27:47.996+0000] {logging_mixin.py:188} INFO - [2026-04-04T14:27:47.996+0000] {dag.py:3036} INFO - Sync 1 DAGs
[2026-04-04T14:27:48.018+0000] {logging_mixin.py:188} INFO - [2026-04-04T14:27:48.017+0000] {dag.py:3823} INFO - Setting next_dagrun for weekly_summary_pipeline to 2026-03-30 06:00:00+00:00, run_after=2026-04-06 06:00:00+00:00
[2026-04-04T14:27:48.036+0000] {processor.py:183} INFO - Processing /opt/airflow/dags/weekly_summary_pipeline.py took 0.093 seconds
[2026-04-04T14:28:18.978+0000] {processor.py:161} INFO - Started process (PID=3998) to work on /opt/airflow/dags/weekly_summary_pipeline.py
[2026-04-04T14:28:18.979+0000] {processor.py:830} INFO - Processing file /opt/airflow/dags/weekly_summary_pipeline.py for tasks to queue
[2026-04-04T14:28:18.979+0000] {logging_mixin.py:188} INFO - [2026-04-04T14:28:18.979+0000] {dagbag.py:538} INFO - Filling up the DagBag from /opt/airflow/dags/weekly_summary_pipeline.py
[2026-04-04T14:28:18.999+0000] {processor.py:840} INFO - DAG(s) 'weekly_summary_pipeline' retrieved from /opt/airflow/dags/weekly_summary_pipeline.py
[2026-04-04T14:28:19.026+0000] {logging_mixin.py:188} INFO - [2026-04-04T14:28:19.025+0000] {dag.py:3036} INFO - Sync 1 DAGs
[2026-04-04T14:28:19.048+0000] {logging_mixin.py:188} INFO - [2026-04-04T14:28:19.048+0000] {dag.py:3823} INFO - Setting next_dagrun for weekly_summary_pipeline to 2026-03-30 06:00:00+00:00, run_after=2026-04-06 06:00:00+00:00
[2026-04-04T14:28:19.070+0000] {processor.py:183} INFO - Processing /opt/airflow/dags/weekly_summary_pipeline.py took 0.096 seconds
[2026-04-04T14:28:49.659+0000] {processor.py:161} INFO - Started process (PID=4021) to work on /opt/airflow/dags/weekly_summary_pipeline.py
[2026-04-04T14:28:49.660+0000] {processor.py:830} INFO - Processing file /opt/airflow/dags/weekly_summary_pipeline.py for tasks to queue
[2026-04-04T14:28:49.661+0000] {logging_mixin.py:188} INFO - [2026-04-04T14:28:49.661+0000] {dagbag.py:538} INFO - Filling up the DagBag from /opt/airflow/dags/weekly_summary_pipeline.py
[2026-04-04T14:28:49.679+0000] {processor.py:840} INFO - DAG(s) 'weekly_summary_pipeline' retrieved from /opt/airflow/dags/weekly_summary_pipeline.py
[2026-04-04T14:28:49.704+0000] {logging_mixin.py:188} INFO - [2026-04-04T14:28:49.704+0000] {dag.py:3036} INFO - Sync 1 DAGs
[2026-04-04T14:28:49.725+0000] {logging_mixin.py:188} INFO - [2026-04-04T14:28:49.725+0000] {dag.py:3823} INFO - Setting next_dagrun for weekly_summary_pipeline to 2026-03-30 06:00:00+00:00, run_after=2026-04-06 06:00:00+00:00
[2026-04-04T14:28:49.751+0000] {processor.py:183} INFO - Processing /opt/airflow/dags/weekly_summary_pipeline.py took 0.095 seconds
[2026-04-04T14:29:20.731+0000] {processor.py:161} INFO - Started process (PID=4044) to work on /opt/airflow/dags/weekly_summary_pipeline.py
[2026-04-04T14:29:20.732+0000] {processor.py:830} INFO - Processing file /opt/airflow/dags/weekly_summary_pipeline.py for tasks to queue
[2026-04-04T14:29:20.733+0000] {logging_mixin.py:188} INFO - [2026-04-04T14:29:20.733+0000] {dagbag.py:538} INFO - Filling up the DagBag from /opt/airflow/dags/weekly_summary_pipeline.py
[2026-04-04T14:29:20.752+0000] {processor.py:840} INFO - DAG(s) 'weekly_summary_pipeline' retrieved from /opt/airflow/dags/weekly_summary_pipeline.py
[2026-04-04T14:29:20.779+0000] {logging_mixin.py:188} INFO - [2026-04-04T14:29:20.779+0000] {dag.py:3036} INFO - Sync 1 DAGs
[2026-04-04T14:29:20.799+0000] {logging_mixin.py:188} INFO - [2026-04-04T14:29:20.799+0000] {dag.py:3823} INFO - Setting next_dagrun for weekly_summary_pipeline to 2026-03-30 06:00:00+00:00, run_after=2026-04-06 06:00:00+00:00
[2026-04-04T14:29:20.820+0000] {processor.py:183} INFO - Processing /opt/airflow/dags/weekly_summary_pipeline.py took 0.092 seconds
[2026-04-04T14:29:51.361+0000] {processor.py:161} INFO - Started process (PID=4067) to work on /opt/airflow/dags/weekly_summary_pipeline.py
[2026-04-04T14:29:51.362+0000] {processor.py:830} INFO - Processing file /opt/airflow/dags/weekly_summary_pipeline.py for tasks to queue
[2026-04-04T14:29:51.363+0000] {logging_mixin.py:188} INFO - [2026-04-04T14:29:51.362+0000] {dagbag.py:538} INFO - Filling up the DagBag from /opt/airflow/dags/weekly_summary_pipeline.py
[2026-04-04T14:29:51.380+0000] {processor.py:840} INFO - DAG(s) 'weekly_summary_pipeline' retrieved from /opt/airflow/dags/weekly_summary_pipeline.py
[2026-04-04T14:29:51.406+0000] {logging_mixin.py:188} INFO - [2026-04-04T14:29:51.406+0000] {dag.py:3036} INFO - Sync 1 DAGs
[2026-04-04T14:29:51.427+0000] {logging_mixin.py:188} INFO - [2026-04-04T14:29:51.427+0000] {dag.py:3823} INFO - Setting next_dagrun for weekly_summary_pipeline to 2026-03-30 06:00:00+00:00, run_after=2026-04-06 06:00:00+00:00
[2026-04-04T14:29:51.448+0000] {processor.py:183} INFO - Processing /opt/airflow/dags/weekly_summary_pipeline.py took 0.090 seconds
[2026-04-04T14:30:21.513+0000] {processor.py:161} INFO - Started process (PID=4090) to work on /opt/airflow/dags/weekly_summary_pipeline.py
[2026-04-04T14:30:21.514+0000] {processor.py:830} INFO - Processing file /opt/airflow/dags/weekly_summary_pipeline.py for tasks to queue
[2026-04-04T14:30:21.515+0000] {logging_mixin.py:188} INFO - [2026-04-04T14:30:21.515+0000] {dagbag.py:538} INFO - Filling up the DagBag from /opt/airflow/dags/weekly_summary_pipeline.py
[2026-04-04T14:30:21.533+0000] {processor.py:840} INFO - DAG(s) 'weekly_summary_pipeline' retrieved from /opt/airflow/dags/weekly_summary_pipeline.py
[2026-04-04T14:30:21.580+0000] {logging_mixin.py:188} INFO - [2026-04-04T14:30:21.580+0000] {dag.py:3036} INFO - Sync 1 DAGs
[2026-04-04T14:30:21.604+0000] {logging_mixin.py:188} INFO - [2026-04-04T14:30:21.603+0000] {dag.py:3823} INFO - Setting next_dagrun for weekly_summary_pipeline to 2026-03-30 06:00:00+00:00, run_after=2026-04-06 06:00:00+00:00
[2026-04-04T14:30:21.624+0000] {processor.py:183} INFO - Processing /opt/airflow/dags/weekly_summary_pipeline.py took 0.114 seconds
[2026-04-04T14:30:52.262+0000] {processor.py:161} INFO - Started process (PID=4113) to work on /opt/airflow/dags/weekly_summary_pipeline.py
[2026-04-04T14:30:52.263+0000] {processor.py:830} INFO - Processing file /opt/airflow/dags/weekly_summary_pipeline.py for tasks to queue
[2026-04-04T14:30:52.264+0000] {logging_mixin.py:188} INFO - [2026-04-04T14:30:52.264+0000] {dagbag.py:538} INFO - Filling up the DagBag from /opt/airflow/dags/weekly_summary_pipeline.py
[2026-04-04T14:30:52.284+0000] {processor.py:840} INFO - DAG(s) 'weekly_summary_pipeline' retrieved from /opt/airflow/dags/weekly_summary_pipeline.py
[2026-04-04T14:30:52.310+0000] {logging_mixin.py:188} INFO - [2026-04-04T14:30:52.310+0000] {dag.py:3036} INFO - Sync 1 DAGs
[2026-04-04T14:30:52.332+0000] {logging_mixin.py:188} INFO - [2026-04-04T14:30:52.332+0000] {dag.py:3823} INFO - Setting next_dagrun for weekly_summary_pipeline to 2026-03-30 06:00:00+00:00, run_after=2026-04-06 06:00:00+00:00
[2026-04-04T14:30:52.353+0000] {processor.py:183} INFO - Processing /opt/airflow/dags/weekly_summary_pipeline.py took 0.094 seconds
[2026-04-04T14:31:22.424+0000] {processor.py:161} INFO - Started process (PID=4136) to work on /opt/airflow/dags/weekly_summary_pipeline.py
[2026-04-04T14:31:22.425+0000] {processor.py:830} INFO - Processing file /opt/airflow/dags/weekly_summary_pipeline.py for tasks to queue
[2026-04-04T14:31:22.426+0000] {logging_mixin.py:188} INFO - [2026-04-04T14:31:22.426+0000] {dagbag.py:538} INFO - Filling up the DagBag from /opt/airflow/dags/weekly_summary_pipeline.py
[2026-04-04T14:31:22.449+0000] {processor.py:840} INFO - DAG(s) 'weekly_summary_pipeline' retrieved from /opt/airflow/dags/weekly_summary_pipeline.py
[2026-04-04T14:31:22.476+0000] {logging_mixin.py:188} INFO - [2026-04-04T14:31:22.476+0000] {dag.py:3036} INFO - Sync 1 DAGs
[2026-04-04T14:31:22.497+0000] {logging_mixin.py:188} INFO - [2026-04-04T14:31:22.497+0000] {dag.py:3823} INFO - Setting next_dagrun for weekly_summary_pipeline to 2026-03-30 06:00:00+00:00, run_after=2026-04-06 06:00:00+00:00
[2026-04-04T14:31:22.516+0000] {processor.py:183} INFO - Processing /opt/airflow/dags/weekly_summary_pipeline.py took 0.095 seconds
[2026-04-04T14:31:53.106+0000] {processor.py:161} INFO - Started process (PID=4159) to work on /opt/airflow/dags/weekly_summary_pipeline.py
[2026-04-04T14:31:53.107+0000] {processor.py:830} INFO - Processing file /opt/airflow/dags/weekly_summary_pipeline.py for tasks to queue
[2026-04-04T14:31:53.109+0000] {logging_mixin.py:188} INFO - [2026-04-04T14:31:53.108+0000] {dagbag.py:538} INFO - Filling up the DagBag from /opt/airflow/dags/weekly_summary_pipeline.py
[2026-04-04T14:31:53.128+0000] {processor.py:840} INFO - DAG(s) 'weekly_summary_pipeline' retrieved from /opt/airflow/dags/weekly_summary_pipeline.py
[2026-04-04T14:31:53.157+0000] {logging_mixin.py:188} INFO - [2026-04-04T14:31:53.157+0000] {dag.py:3036} INFO - Sync 1 DAGs
[2026-04-04T14:31:53.178+0000] {logging_mixin.py:188} INFO - [2026-04-04T14:31:53.178+0000] {dag.py:3823} INFO - Setting next_dagrun for weekly_summary_pipeline to 2026-03-30 06:00:00+00:00, run_after=2026-04-06 06:00:00+00:00
[2026-04-04T14:31:53.200+0000] {processor.py:183} INFO - Processing /opt/airflow/dags/weekly_summary_pipeline.py took 0.097 seconds
[2026-04-04T14:32:23.773+0000] {processor.py:161} INFO - Started process (PID=4182) to work on /opt/airflow/dags/weekly_summary_pipeline.py
[2026-04-04T14:32:23.774+0000] {processor.py:830} INFO - Processing file /opt/airflow/dags/weekly_summary_pipeline.py for tasks to queue
[2026-04-04T14:32:23.775+0000] {logging_mixin.py:188} INFO - [2026-04-04T14:32:23.775+0000] {dagbag.py:538} INFO - Filling up the DagBag from /opt/airflow/dags/weekly_summary_pipeline.py
[2026-04-04T14:32:23.793+0000] {processor.py:840} INFO - DAG(s) 'weekly_summary_pipeline' retrieved from /opt/airflow/dags/weekly_summary_pipeline.py
[2026-04-04T14:32:23.823+0000] {logging_mixin.py:188} INFO - [2026-04-04T14:32:23.822+0000] {dag.py:3036} INFO - Sync 1 DAGs
[2026-04-04T14:32:23.846+0000] {logging_mixin.py:188} INFO - [2026-04-04T14:32:23.846+0000] {dag.py:3823} INFO - Setting next_dagrun for weekly_summary_pipeline to 2026-03-30 06:00:00+00:00, run_after=2026-04-06 06:00:00+00:00
[2026-04-04T14:32:23.867+0000] {processor.py:183} INFO - Processing /opt/airflow/dags/weekly_summary_pipeline.py took 0.096 seconds
[2026-04-04T14:32:53.945+0000] {processor.py:161} INFO - Started process (PID=4205) to work on /opt/airflow/dags/weekly_summary_pipeline.py
[2026-04-04T14:32:53.946+0000] {processor.py:830} INFO - Processing file /opt/airflow/dags/weekly_summary_pipeline.py for tasks to queue
[2026-04-04T14:32:53.947+0000] {logging_mixin.py:188} INFO - [2026-04-04T14:32:53.947+0000] {dagbag.py:538} INFO - Filling up the DagBag from /opt/airflow/dags/weekly_summary_pipeline.py
[2026-04-04T14:32:53.971+0000] {processor.py:840} INFO - DAG(s) 'weekly_summary_pipeline' retrieved from /opt/airflow/dags/weekly_summary_pipeline.py
[2026-04-04T14:32:54.004+0000] {logging_mixin.py:188} INFO - [2026-04-04T14:32:54.004+0000] {dag.py:3036} INFO - Sync 1 DAGs
[2026-04-04T14:32:54.029+0000] {logging_mixin.py:188} INFO - [2026-04-04T14:32:54.029+0000] {dag.py:3823} INFO - Setting next_dagrun for weekly_summary_pipeline to 2026-03-30 06:00:00+00:00, run_after=2026-04-06 06:00:00+00:00
[2026-04-04T14:32:54.052+0000] {processor.py:183} INFO - Processing /opt/airflow/dags/weekly_summary_pipeline.py took 0.111 seconds
[2026-04-04T14:33:24.646+0000] {processor.py:161} INFO - Started process (PID=4228) to work on /opt/airflow/dags/weekly_summary_pipeline.py
[2026-04-04T14:33:24.647+0000] {processor.py:830} INFO - Processing file /opt/airflow/dags/weekly_summary_pipeline.py for tasks to queue
[2026-04-04T14:33:24.648+0000] {logging_mixin.py:188} INFO - [2026-04-04T14:33:24.648+0000] {dagbag.py:538} INFO - Filling up the DagBag from /opt/airflow/dags/weekly_summary_pipeline.py
[2026-04-04T14:33:24.670+0000] {processor.py:840} INFO - DAG(s) 'weekly_summary_pipeline' retrieved from /opt/airflow/dags/weekly_summary_pipeline.py
[2026-04-04T14:33:24.700+0000] {logging_mixin.py:188} INFO - [2026-04-04T14:33:24.699+0000] {dag.py:3036} INFO - Sync 1 DAGs
[2026-04-04T14:33:24.722+0000] {logging_mixin.py:188} INFO - [2026-04-04T14:33:24.722+0000] {dag.py:3823} INFO - Setting next_dagrun for weekly_summary_pipeline to 2026-03-30 06:00:00+00:00, run_after=2026-04-06 06:00:00+00:00
[2026-04-04T14:33:24.740+0000] {processor.py:183} INFO - Processing /opt/airflow/dags/weekly_summary_pipeline.py took 0.097 seconds
[2026-04-04T14:33:54.914+0000] {processor.py:161} INFO - Started process (PID=4253) to work on /opt/airflow/dags/weekly_summary_pipeline.py
[2026-04-04T14:33:54.915+0000] {processor.py:830} INFO - Processing file /opt/airflow/dags/weekly_summary_pipeline.py for tasks to queue
[2026-04-04T14:33:54.916+0000] {logging_mixin.py:188} INFO - [2026-04-04T14:33:54.916+0000] {dagbag.py:538} INFO - Filling up the DagBag from /opt/airflow/dags/weekly_summary_pipeline.py
[2026-04-04T14:33:54.936+0000] {processor.py:840} INFO - DAG(s) 'weekly_summary_pipeline' retrieved from /opt/airflow/dags/weekly_summary_pipeline.py
[2026-04-04T14:33:54.966+0000] {logging_mixin.py:188} INFO - [2026-04-04T14:33:54.966+0000] {dag.py:3036} INFO - Sync 1 DAGs
[2026-04-04T14:33:54.992+0000] {logging_mixin.py:188} INFO - [2026-04-04T14:33:54.992+0000] {dag.py:3823} INFO - Setting next_dagrun for weekly_summary_pipeline to 2026-03-30 06:00:00+00:00, run_after=2026-04-06 06:00:00+00:00
[2026-04-04T14:33:55.013+0000] {processor.py:183} INFO - Processing /opt/airflow/dags/weekly_summary_pipeline.py took 0.102 seconds
[2026-04-04T14:34:25.106+0000] {processor.py:161} INFO - Started process (PID=4276) to work on /opt/airflow/dags/weekly_summary_pipeline.py
[2026-04-04T14:34:25.107+0000] {processor.py:830} INFO - Processing file /opt/airflow/dags/weekly_summary_pipeline.py for tasks to queue
[2026-04-04T14:34:25.108+0000] {logging_mixin.py:188} INFO - [2026-04-04T14:34:25.108+0000] {dagbag.py:538} INFO - Filling up the DagBag from /opt/airflow/dags/weekly_summary_pipeline.py
[2026-04-04T14:34:25.128+0000] {processor.py:840} INFO - DAG(s) 'weekly_summary_pipeline' retrieved from /opt/airflow/dags/weekly_summary_pipeline.py
[2026-04-04T14:34:25.158+0000] {logging_mixin.py:188} INFO - [2026-04-04T14:34:25.158+0000] {dag.py:3036} INFO - Sync 1 DAGs
[2026-04-04T14:34:25.181+0000] {logging_mixin.py:188} INFO - [2026-04-04T14:34:25.180+0000] {dag.py:3823} INFO - Setting next_dagrun for weekly_summary_pipeline to 2026-03-30 06:00:00+00:00, run_after=2026-04-06 06:00:00+00:00
[2026-04-04T14:34:25.202+0000] {processor.py:183} INFO - Processing /opt/airflow/dags/weekly_summary_pipeline.py took 0.098 seconds
[2026-04-04T14:34:55.723+0000] {processor.py:161} INFO - Started process (PID=4297) to work on /opt/airflow/dags/weekly_summary_pipeline.py
[2026-04-04T14:34:55.724+0000] {processor.py:830} INFO - Processing file /opt/airflow/dags/weekly_summary_pipeline.py for tasks to queue
[2026-04-04T14:34:55.725+0000] {logging_mixin.py:188} INFO - [2026-04-04T14:34:55.725+0000] {dagbag.py:538} INFO - Filling up the DagBag from /opt/airflow/dags/weekly_summary_pipeline.py
[2026-04-04T14:34:55.744+0000] {processor.py:840} INFO - DAG(s) 'weekly_summary_pipeline' retrieved from /opt/airflow/dags/weekly_summary_pipeline.py
[2026-04-04T14:34:55.772+0000] {logging_mixin.py:188} INFO - [2026-04-04T14:34:55.772+0000] {dag.py:3036} INFO - Sync 1 DAGs
[2026-04-04T14:34:55.796+0000] {logging_mixin.py:188} INFO - [2026-04-04T14:34:55.795+0000] {dag.py:3823} INFO - Setting next_dagrun for weekly_summary_pipeline to 2026-03-30 06:00:00+00:00, run_after=2026-04-06 06:00:00+00:00
[2026-04-04T14:34:55.816+0000] {processor.py:183} INFO - Processing /opt/airflow/dags/weekly_summary_pipeline.py took 0.095 seconds
[2026-04-04T14:35:25.866+0000] {processor.py:161} INFO - Started process (PID=4320) to work on /opt/airflow/dags/weekly_summary_pipeline.py
[2026-04-04T14:35:25.867+0000] {processor.py:830} INFO - Processing file /opt/airflow/dags/weekly_summary_pipeline.py for tasks to queue
[2026-04-04T14:35:25.868+0000] {logging_mixin.py:188} INFO - [2026-04-04T14:35:25.868+0000] {dagbag.py:538} INFO - Filling up the DagBag from /opt/airflow/dags/weekly_summary_pipeline.py
[2026-04-04T14:35:25.884+0000] {processor.py:840} INFO - DAG(s) 'weekly_summary_pipeline' retrieved from /opt/airflow/dags/weekly_summary_pipeline.py
[2026-04-04T14:35:25.909+0000] {logging_mixin.py:188} INFO - [2026-04-04T14:35:25.909+0000] {dag.py:3036} INFO - Sync 1 DAGs
[2026-04-04T14:35:25.938+0000] {logging_mixin.py:188} INFO - [2026-04-04T14:35:25.938+0000] {dag.py:3823} INFO - Setting next_dagrun for weekly_summary_pipeline to 2026-03-30 06:00:00+00:00, run_after=2026-04-06 06:00:00+00:00
[2026-04-04T14:35:25.956+0000] {processor.py:183} INFO - Processing /opt/airflow/dags/weekly_summary_pipeline.py took 0.093 seconds
[2026-04-04T14:35:56.900+0000] {processor.py:161} INFO - Started process (PID=4343) to work on /opt/airflow/dags/weekly_summary_pipeline.py
[2026-04-04T14:35:56.901+0000] {processor.py:830} INFO - Processing file /opt/airflow/dags/weekly_summary_pipeline.py for tasks to queue
[2026-04-04T14:35:56.902+0000] {logging_mixin.py:188} INFO - [2026-04-04T14:35:56.902+0000] {dagbag.py:538} INFO - Filling up the DagBag from /opt/airflow/dags/weekly_summary_pipeline.py
[2026-04-04T14:35:56.924+0000] {processor.py:840} INFO - DAG(s) 'weekly_summary_pipeline' retrieved from /opt/airflow/dags/weekly_summary_pipeline.py
[2026-04-04T14:35:56.960+0000] {logging_mixin.py:188} INFO - [2026-04-04T14:35:56.959+0000] {dag.py:3036} INFO - Sync 1 DAGs
[2026-04-04T14:35:56.984+0000] {logging_mixin.py:188} INFO - [2026-04-04T14:35:56.984+0000] {dag.py:3823} INFO - Setting next_dagrun for weekly_summary_pipeline to 2026-03-30 06:00:00+00:00, run_after=2026-04-06 06:00:00+00:00
[2026-04-04T14:35:57.012+0000] {processor.py:183} INFO - Processing /opt/airflow/dags/weekly_summary_pipeline.py took 0.116 seconds
[2026-04-04T14:36:27.539+0000] {processor.py:161} INFO - Started process (PID=4358) to work on /opt/airflow/dags/weekly_summary_pipeline.py
[2026-04-04T14:36:27.540+0000] {processor.py:830} INFO - Processing file /opt/airflow/dags/weekly_summary_pipeline.py for tasks to queue
[2026-04-04T14:36:27.541+0000] {logging_mixin.py:188} INFO - [2026-04-04T14:36:27.540+0000] {dagbag.py:538} INFO - Filling up the DagBag from /opt/airflow/dags/weekly_summary_pipeline.py
[2026-04-04T14:36:27.563+0000] {processor.py:840} INFO - DAG(s) 'weekly_summary_pipeline' retrieved from /opt/airflow/dags/weekly_summary_pipeline.py
[2026-04-04T14:36:27.596+0000] {logging_mixin.py:188} INFO - [2026-04-04T14:36:27.596+0000] {dag.py:3036} INFO - Sync 1 DAGs
[2026-04-04T14:36:27.622+0000] {logging_mixin.py:188} INFO - [2026-04-04T14:36:27.621+0000] {dag.py:3823} INFO - Setting next_dagrun for weekly_summary_pipeline to 2026-03-30 06:00:00+00:00, run_after=2026-04-06 06:00:00+00:00
[2026-04-04T14:36:27.640+0000] {processor.py:183} INFO - Processing /opt/airflow/dags/weekly_summary_pipeline.py took 0.105 seconds
[2026-04-04T14:36:58.218+0000] {processor.py:161} INFO - Started process (PID=4381) to work on /opt/airflow/dags/weekly_summary_pipeline.py
[2026-04-04T14:36:58.219+0000] {processor.py:830} INFO - Processing file /opt/airflow/dags/weekly_summary_pipeline.py for tasks to queue
[2026-04-04T14:36:58.220+0000] {logging_mixin.py:188} INFO - [2026-04-04T14:36:58.220+0000] {dagbag.py:538} INFO - Filling up the DagBag from /opt/airflow/dags/weekly_summary_pipeline.py
[2026-04-04T14:36:58.240+0000] {processor.py:840} INFO - DAG(s) 'weekly_summary_pipeline' retrieved from /opt/airflow/dags/weekly_summary_pipeline.py
[2026-04-04T14:36:58.268+0000] {logging_mixin.py:188} INFO - [2026-04-04T14:36:58.268+0000] {dag.py:3036} INFO - Sync 1 DAGs
[2026-04-04T14:36:58.290+0000] {logging_mixin.py:188} INFO - [2026-04-04T14:36:58.290+0000] {dag.py:3823} INFO - Setting next_dagrun for weekly_summary_pipeline to 2026-03-30 06:00:00+00:00, run_after=2026-04-06 06:00:00+00:00
[2026-04-04T14:36:58.309+0000] {processor.py:183} INFO - Processing /opt/airflow/dags/weekly_summary_pipeline.py took 0.094 seconds
[2026-04-04T14:37:28.894+0000] {processor.py:161} INFO - Started process (PID=4404) to work on /opt/airflow/dags/weekly_summary_pipeline.py
[2026-04-04T14:37:28.895+0000] {processor.py:830} INFO - Processing file /opt/airflow/dags/weekly_summary_pipeline.py for tasks to queue
[2026-04-04T14:37:28.896+0000] {logging_mixin.py:188} INFO - [2026-04-04T14:37:28.895+0000] {dagbag.py:538} INFO - Filling up the DagBag from /opt/airflow/dags/weekly_summary_pipeline.py
[2026-04-04T14:37:28.915+0000] {processor.py:840} INFO - DAG(s) 'weekly_summary_pipeline' retrieved from /opt/airflow/dags/weekly_summary_pipeline.py
[2026-04-04T14:37:28.943+0000] {logging_mixin.py:188} INFO - [2026-04-04T14:37:28.943+0000] {dag.py:3036} INFO - Sync 1 DAGs
[2026-04-04T14:37:28.967+0000] {logging_mixin.py:188} INFO - [2026-04-04T14:37:28.967+0000] {dag.py:3823} INFO - Setting next_dagrun for weekly_summary_pipeline to 2026-03-30 06:00:00+00:00, run_after=2026-04-06 06:00:00+00:00
[2026-04-04T14:37:28.988+0000] {processor.py:183} INFO - Processing /opt/airflow/dags/weekly_summary_pipeline.py took 0.097 seconds
[2026-04-04T14:37:59.576+0000] {processor.py:161} INFO - Started process (PID=4427) to work on /opt/airflow/dags/weekly_summary_pipeline.py
[2026-04-04T14:37:59.577+0000] {processor.py:830} INFO - Processing file /opt/airflow/dags/weekly_summary_pipeline.py for tasks to queue
[2026-04-04T14:37:59.578+0000] {logging_mixin.py:188} INFO - [2026-04-04T14:37:59.578+0000] {dagbag.py:538} INFO - Filling up the DagBag from /opt/airflow/dags/weekly_summary_pipeline.py
[2026-04-04T14:37:59.597+0000] {processor.py:840} INFO - DAG(s) 'weekly_summary_pipeline' retrieved from /opt/airflow/dags/weekly_summary_pipeline.py
[2026-04-04T14:37:59.624+0000] {logging_mixin.py:188} INFO - [2026-04-04T14:37:59.624+0000] {dag.py:3036} INFO - Sync 1 DAGs
[2026-04-04T14:37:59.647+0000] {logging_mixin.py:188} INFO - [2026-04-04T14:37:59.647+0000] {dag.py:3823} INFO - Setting next_dagrun for weekly_summary_pipeline to 2026-03-30 06:00:00+00:00, run_after=2026-04-06 06:00:00+00:00
[2026-04-04T14:37:59.669+0000] {processor.py:183} INFO - Processing /opt/airflow/dags/weekly_summary_pipeline.py took 0.096 seconds
[2026-04-04T14:38:30.214+0000] {processor.py:161} INFO - Started process (PID=4450) to work on /opt/airflow/dags/weekly_summary_pipeline.py
[2026-04-04T14:38:30.215+0000] {processor.py:830} INFO - Processing file /opt/airflow/dags/weekly_summary_pipeline.py for tasks to queue
[2026-04-04T14:38:30.216+0000] {logging_mixin.py:188} INFO - [2026-04-04T14:38:30.215+0000] {dagbag.py:538} INFO - Filling up the DagBag from /opt/airflow/dags/weekly_summary_pipeline.py
[2026-04-04T14:38:30.238+0000] {processor.py:840} INFO - DAG(s) 'weekly_summary_pipeline' retrieved from /opt/airflow/dags/weekly_summary_pipeline.py
[2026-04-04T14:38:30.267+0000] {logging_mixin.py:188} INFO - [2026-04-04T14:38:30.266+0000] {dag.py:3036} INFO - Sync 1 DAGs
[2026-04-04T14:38:30.288+0000] {logging_mixin.py:188} INFO - [2026-04-04T14:38:30.288+0000] {dag.py:3823} INFO - Setting next_dagrun for weekly_summary_pipeline to 2026-03-30 06:00:00+00:00, run_after=2026-04-06 06:00:00+00:00
[2026-04-04T14:38:30.307+0000] {processor.py:183} INFO - Processing /opt/airflow/dags/weekly_summary_pipeline.py took 0.097 seconds
[2026-04-04T14:39:00.885+0000] {processor.py:161} INFO - Started process (PID=4473) to work on /opt/airflow/dags/weekly_summary_pipeline.py
[2026-04-04T14:39:00.886+0000] {processor.py:830} INFO - Processing file /opt/airflow/dags/weekly_summary_pipeline.py for tasks to queue
[2026-04-04T14:39:00.887+0000] {logging_mixin.py:188} INFO - [2026-04-04T14:39:00.886+0000] {dagbag.py:538} INFO - Filling up the DagBag from /opt/airflow/dags/weekly_summary_pipeline.py
[2026-04-04T14:39:00.905+0000] {processor.py:840} INFO - DAG(s) 'weekly_summary_pipeline' retrieved from /opt/airflow/dags/weekly_summary_pipeline.py
[2026-04-04T14:39:00.931+0000] {logging_mixin.py:188} INFO - [2026-04-04T14:39:00.931+0000] {dag.py:3036} INFO - Sync 1 DAGs
[2026-04-04T14:39:00.953+0000] {logging_mixin.py:188} INFO - [2026-04-04T14:39:00.953+0000] {dag.py:3823} INFO - Setting next_dagrun for weekly_summary_pipeline to 2026-03-30 06:00:00+00:00, run_after=2026-04-06 06:00:00+00:00
[2026-04-04T14:39:00.976+0000] {processor.py:183} INFO - Processing /opt/airflow/dags/weekly_summary_pipeline.py took 0.094 seconds
[2026-04-04T14:39:31.530+0000] {processor.py:161} INFO - Started process (PID=4496) to work on /opt/airflow/dags/weekly_summary_pipeline.py
[2026-04-04T14:39:31.531+0000] {processor.py:830} INFO - Processing file /opt/airflow/dags/weekly_summary_pipeline.py for tasks to queue
[2026-04-04T14:39:31.532+0000] {logging_mixin.py:188} INFO - [2026-04-04T14:39:31.531+0000] {dagbag.py:538} INFO - Filling up the DagBag from /opt/airflow/dags/weekly_summary_pipeline.py
[2026-04-04T14:39:31.551+0000] {processor.py:840} INFO - DAG(s) 'weekly_summary_pipeline' retrieved from /opt/airflow/dags/weekly_summary_pipeline.py
[2026-04-04T14:39:31.582+0000] {logging_mixin.py:188} INFO - [2026-04-04T14:39:31.582+0000] {dag.py:3036} INFO - Sync 1 DAGs
[2026-04-04T14:39:31.605+0000] {logging_mixin.py:188} INFO - [2026-04-04T14:39:31.605+0000] {dag.py:3823} INFO - Setting next_dagrun for weekly_summary_pipeline to 2026-03-30 06:00:00+00:00, run_after=2026-04-06 06:00:00+00:00
[2026-04-04T14:39:31.623+0000] {processor.py:183} INFO - Processing /opt/airflow/dags/weekly_summary_pipeline.py took 0.096 seconds
[2026-04-04T14:40:02.188+0000] {processor.py:161} INFO - Started process (PID=4519) to work on /opt/airflow/dags/weekly_summary_pipeline.py
[2026-04-04T14:40:02.189+0000] {processor.py:830} INFO - Processing file /opt/airflow/dags/weekly_summary_pipeline.py for tasks to queue
[2026-04-04T14:40:02.190+0000] {logging_mixin.py:188} INFO - [2026-04-04T14:40:02.190+0000] {dagbag.py:538} INFO - Filling up the DagBag from /opt/airflow/dags/weekly_summary_pipeline.py
[2026-04-04T14:40:02.208+0000] {processor.py:840} INFO - DAG(s) 'weekly_summary_pipeline' retrieved from /opt/airflow/dags/weekly_summary_pipeline.py
[2026-04-04T14:40:02.238+0000] {logging_mixin.py:188} INFO - [2026-04-04T14:40:02.238+0000] {dag.py:3036} INFO - Sync 1 DAGs
[2026-04-04T14:40:02.261+0000] {logging_mixin.py:188} INFO - [2026-04-04T14:40:02.261+0000] {dag.py:3823} INFO - Setting next_dagrun for weekly_summary_pipeline to 2026-03-30 06:00:00+00:00, run_after=2026-04-06 06:00:00+00:00
[2026-04-04T14:40:02.281+0000] {processor.py:183} INFO - Processing /opt/airflow/dags/weekly_summary_pipeline.py took 0.096 seconds
[2026-04-04T14:40:32.861+0000] {processor.py:161} INFO - Started process (PID=4542) to work on /opt/airflow/dags/weekly_summary_pipeline.py
[2026-04-04T14:40:32.862+0000] {processor.py:830} INFO - Processing file /opt/airflow/dags/weekly_summary_pipeline.py for tasks to queue
[2026-04-04T14:40:32.862+0000] {logging_mixin.py:188} INFO - [2026-04-04T14:40:32.862+0000] {dagbag.py:538} INFO - Filling up the DagBag from /opt/airflow/dags/weekly_summary_pipeline.py
[2026-04-04T14:40:32.883+0000] {processor.py:840} INFO - DAG(s) 'weekly_summary_pipeline' retrieved from /opt/airflow/dags/weekly_summary_pipeline.py
[2026-04-04T14:40:32.912+0000] {logging_mixin.py:188} INFO - [2026-04-04T14:40:32.912+0000] {dag.py:3036} INFO - Sync 1 DAGs
[2026-04-04T14:40:32.934+0000] {logging_mixin.py:188} INFO - [2026-04-04T14:40:32.934+0000] {dag.py:3823} INFO - Setting next_dagrun for weekly_summary_pipeline to 2026-03-30 06:00:00+00:00, run_after=2026-04-06 06:00:00+00:00
[2026-04-04T14:40:32.955+0000] {processor.py:183} INFO - Processing /opt/airflow/dags/weekly_summary_pipeline.py took 0.097 seconds
[2026-04-04T14:41:03.498+0000] {processor.py:161} INFO - Started process (PID=4565) to work on /opt/airflow/dags/weekly_summary_pipeline.py
[2026-04-04T14:41:03.498+0000] {processor.py:830} INFO - Processing file /opt/airflow/dags/weekly_summary_pipeline.py for tasks to queue
[2026-04-04T14:41:03.499+0000] {logging_mixin.py:188} INFO - [2026-04-04T14:41:03.499+0000] {dagbag.py:538} INFO - Filling up the DagBag from /opt/airflow/dags/weekly_summary_pipeline.py
[2026-04-04T14:41:03.519+0000] {processor.py:840} INFO - DAG(s) 'weekly_summary_pipeline' retrieved from /opt/airflow/dags/weekly_summary_pipeline.py
[2026-04-04T14:41:03.549+0000] {logging_mixin.py:188} INFO - [2026-04-04T14:41:03.548+0000] {dag.py:3036} INFO - Sync 1 DAGs
[2026-04-04T14:41:03.576+0000] {logging_mixin.py:188} INFO - [2026-04-04T14:41:03.576+0000] {dag.py:3823} INFO - Setting next_dagrun for weekly_summary_pipeline to 2026-03-30 06:00:00+00:00, run_after=2026-04-06 06:00:00+00:00
[2026-04-04T14:41:03.597+0000] {processor.py:183} INFO - Processing /opt/airflow/dags/weekly_summary_pipeline.py took 0.102 seconds
[2026-04-04T14:41:34.140+0000] {processor.py:161} INFO - Started process (PID=4588) to work on /opt/airflow/dags/weekly_summary_pipeline.py
[2026-04-04T14:41:34.141+0000] {processor.py:830} INFO - Processing file /opt/airflow/dags/weekly_summary_pipeline.py for tasks to queue
[2026-04-04T14:41:34.142+0000] {logging_mixin.py:188} INFO - [2026-04-04T14:41:34.141+0000] {dagbag.py:538} INFO - Filling up the DagBag from /opt/airflow/dags/weekly_summary_pipeline.py
[2026-04-04T14:41:34.161+0000] {processor.py:840} INFO - DAG(s) 'weekly_summary_pipeline' retrieved from /opt/airflow/dags/weekly_summary_pipeline.py
[2026-04-04T14:41:34.191+0000] {logging_mixin.py:188} INFO - [2026-04-04T14:41:34.190+0000] {dag.py:3036} INFO - Sync 1 DAGs
[2026-04-04T14:41:34.215+0000] {logging_mixin.py:188} INFO - [2026-04-04T14:41:34.215+0000] {dag.py:3823} INFO - Setting next_dagrun for weekly_summary_pipeline to 2026-03-30 06:00:00+00:00, run_after=2026-04-06 06:00:00+00:00
[2026-04-04T14:41:34.235+0000] {processor.py:183} INFO - Processing /opt/airflow/dags/weekly_summary_pipeline.py took 0.098 seconds
[2026-04-04T14:42:04.888+0000] {processor.py:161} INFO - Started process (PID=4611) to work on /opt/airflow/dags/weekly_summary_pipeline.py
[2026-04-04T14:42:04.889+0000] {processor.py:830} INFO - Processing file /opt/airflow/dags/weekly_summary_pipeline.py for tasks to queue
[2026-04-04T14:42:04.890+0000] {logging_mixin.py:188} INFO - [2026-04-04T14:42:04.890+0000] {dagbag.py:538} INFO - Filling up the DagBag from /opt/airflow/dags/weekly_summary_pipeline.py
[2026-04-04T14:42:04.912+0000] {processor.py:840} INFO - DAG(s) 'weekly_summary_pipeline' retrieved from /opt/airflow/dags/weekly_summary_pipeline.py
[2026-04-04T14:42:04.941+0000] {logging_mixin.py:188} INFO - [2026-04-04T14:42:04.940+0000] {dag.py:3036} INFO - Sync 1 DAGs
[2026-04-04T14:42:04.965+0000] {logging_mixin.py:188} INFO - [2026-04-04T14:42:04.965+0000] {dag.py:3823} INFO - Setting next_dagrun for weekly_summary_pipeline to 2026-03-30 06:00:00+00:00, run_after=2026-04-06 06:00:00+00:00
[2026-04-04T14:42:04.986+0000] {processor.py:183} INFO - Processing /opt/airflow/dags/weekly_summary_pipeline.py took 0.099 seconds
[2026-04-04T14:42:35.501+0000] {processor.py:161} INFO - Started process (PID=4634) to work on /opt/airflow/dags/weekly_summary_pipeline.py
[2026-04-04T14:42:35.502+0000] {processor.py:830} INFO - Processing file /opt/airflow/dags/weekly_summary_pipeline.py for tasks to queue
[2026-04-04T14:42:35.503+0000] {logging_mixin.py:188} INFO - [2026-04-04T14:42:35.503+0000] {dagbag.py:538} INFO - Filling up the DagBag from /opt/airflow/dags/weekly_summary_pipeline.py
[2026-04-04T14:42:35.526+0000] {processor.py:840} INFO - DAG(s) 'weekly_summary_pipeline' retrieved from /opt/airflow/dags/weekly_summary_pipeline.py
[2026-04-04T14:42:35.559+0000] {logging_mixin.py:188} INFO - [2026-04-04T14:42:35.559+0000] {dag.py:3036} INFO - Sync 1 DAGs
[2026-04-04T14:42:35.583+0000] {logging_mixin.py:188} INFO - [2026-04-04T14:42:35.583+0000] {dag.py:3823} INFO - Setting next_dagrun for weekly_summary_pipeline to 2026-03-30 06:00:00+00:00, run_after=2026-04-06 06:00:00+00:00
[2026-04-04T14:42:35.603+0000] {processor.py:183} INFO - Processing /opt/airflow/dags/weekly_summary_pipeline.py took 0.105 seconds
[2026-04-04T14:43:05.758+0000] {processor.py:161} INFO - Started process (PID=4660) to work on /opt/airflow/dags/weekly_summary_pipeline.py
[2026-04-04T14:43:05.760+0000] {processor.py:830} INFO - Processing file /opt/airflow/dags/weekly_summary_pipeline.py for tasks to queue
[2026-04-04T14:43:05.760+0000] {logging_mixin.py:188} INFO - [2026-04-04T14:43:05.760+0000] {dagbag.py:538} INFO - Filling up the DagBag from /opt/airflow/dags/weekly_summary_pipeline.py
[2026-04-04T14:43:05.780+0000] {processor.py:840} INFO - DAG(s) 'weekly_summary_pipeline' retrieved from /opt/airflow/dags/weekly_summary_pipeline.py
[2026-04-04T14:43:05.807+0000] {logging_mixin.py:188} INFO - [2026-04-04T14:43:05.807+0000] {dag.py:3036} INFO - Sync 1 DAGs
[2026-04-04T14:43:05.827+0000] {logging_mixin.py:188} INFO - [2026-04-04T14:43:05.827+0000] {dag.py:3823} INFO - Setting next_dagrun for weekly_summary_pipeline to 2026-03-30 06:00:00+00:00, run_after=2026-04-06 06:00:00+00:00
[2026-04-04T14:43:05.848+0000] {processor.py:183} INFO - Processing /opt/airflow/dags/weekly_summary_pipeline.py took 0.092 seconds
[2026-04-04T14:43:36.353+0000] {processor.py:161} INFO - Started process (PID=4681) to work on /opt/airflow/dags/weekly_summary_pipeline.py
[2026-04-04T14:43:36.354+0000] {processor.py:830} INFO - Processing file /opt/airflow/dags/weekly_summary_pipeline.py for tasks to queue
[2026-04-04T14:43:36.354+0000] {logging_mixin.py:188} INFO - [2026-04-04T14:43:36.354+0000] {dagbag.py:538} INFO - Filling up the DagBag from /opt/airflow/dags/weekly_summary_pipeline.py
[2026-04-04T14:43:36.373+0000] {processor.py:840} INFO - DAG(s) 'weekly_summary_pipeline' retrieved from /opt/airflow/dags/weekly_summary_pipeline.py
[2026-04-04T14:43:36.402+0000] {logging_mixin.py:188} INFO - [2026-04-04T14:43:36.401+0000] {dag.py:3036} INFO - Sync 1 DAGs
[2026-04-04T14:43:36.424+0000] {logging_mixin.py:188} INFO - [2026-04-04T14:43:36.424+0000] {dag.py:3823} INFO - Setting next_dagrun for weekly_summary_pipeline to 2026-03-30 06:00:00+00:00, run_after=2026-04-06 06:00:00+00:00
[2026-04-04T14:43:36.447+0000] {processor.py:183} INFO - Processing /opt/airflow/dags/weekly_summary_pipeline.py took 0.097 seconds
[2026-04-04T14:44:06.993+0000] {processor.py:161} INFO - Started process (PID=4704) to work on /opt/airflow/dags/weekly_summary_pipeline.py
[2026-04-04T14:44:06.993+0000] {processor.py:830} INFO - Processing file /opt/airflow/dags/weekly_summary_pipeline.py for tasks to queue
[2026-04-04T14:44:06.994+0000] {logging_mixin.py:188} INFO - [2026-04-04T14:44:06.994+0000] {dagbag.py:538} INFO - Filling up the DagBag from /opt/airflow/dags/weekly_summary_pipeline.py
[2026-04-04T14:44:07.019+0000] {processor.py:840} INFO - DAG(s) 'weekly_summary_pipeline' retrieved from /opt/airflow/dags/weekly_summary_pipeline.py
[2026-04-04T14:44:07.055+0000] {logging_mixin.py:188} INFO - [2026-04-04T14:44:07.055+0000] {dag.py:3036} INFO - Sync 1 DAGs
[2026-04-04T14:44:07.082+0000] {logging_mixin.py:188} INFO - [2026-04-04T14:44:07.082+0000] {dag.py:3823} INFO - Setting next_dagrun for weekly_summary_pipeline to 2026-03-30 06:00:00+00:00, run_after=2026-04-06 06:00:00+00:00
[2026-04-04T14:44:07.104+0000] {processor.py:183} INFO - Processing /opt/airflow/dags/weekly_summary_pipeline.py took 0.114 seconds
[2026-04-04T14:44:38.011+0000] {processor.py:161} INFO - Started process (PID=4727) to work on /opt/airflow/dags/weekly_summary_pipeline.py
[2026-04-04T14:44:38.012+0000] {processor.py:830} INFO - Processing file /opt/airflow/dags/weekly_summary_pipeline.py for tasks to queue
[2026-04-04T14:44:38.012+0000] {logging_mixin.py:188} INFO - [2026-04-04T14:44:38.012+0000] {dagbag.py:538} INFO - Filling up the DagBag from /opt/airflow/dags/weekly_summary_pipeline.py
[2026-04-04T14:44:38.031+0000] {processor.py:840} INFO - DAG(s) 'weekly_summary_pipeline' retrieved from /opt/airflow/dags/weekly_summary_pipeline.py
[2026-04-04T14:44:38.061+0000] {logging_mixin.py:188} INFO - [2026-04-04T14:44:38.061+0000] {dag.py:3036} INFO - Sync 1 DAGs
[2026-04-04T14:44:38.086+0000] {logging_mixin.py:188} INFO - [2026-04-04T14:44:38.086+0000] {dag.py:3823} INFO - Setting next_dagrun for weekly_summary_pipeline to 2026-03-30 06:00:00+00:00, run_after=2026-04-06 06:00:00+00:00
[2026-04-04T14:44:38.110+0000] {processor.py:183} INFO - Processing /opt/airflow/dags/weekly_summary_pipeline.py took 0.102 seconds
[2026-04-04T14:45:09.059+0000] {processor.py:161} INFO - Started process (PID=4750) to work on /opt/airflow/dags/weekly_summary_pipeline.py
[2026-04-04T14:45:09.060+0000] {processor.py:830} INFO - Processing file /opt/airflow/dags/weekly_summary_pipeline.py for tasks to queue
[2026-04-04T14:45:09.062+0000] {logging_mixin.py:188} INFO - [2026-04-04T14:45:09.062+0000] {dagbag.py:538} INFO - Filling up the DagBag from /opt/airflow/dags/weekly_summary_pipeline.py
[2026-04-04T14:45:09.079+0000] {processor.py:840} INFO - DAG(s) 'weekly_summary_pipeline' retrieved from /opt/airflow/dags/weekly_summary_pipeline.py
[2026-04-04T14:45:09.106+0000] {logging_mixin.py:188} INFO - [2026-04-04T14:45:09.106+0000] {dag.py:3036} INFO - Sync 1 DAGs
[2026-04-04T14:45:09.136+0000] {logging_mixin.py:188} INFO - [2026-04-04T14:45:09.136+0000] {dag.py:3823} INFO - Setting next_dagrun for weekly_summary_pipeline to 2026-03-30 06:00:00+00:00, run_after=2026-04-06 06:00:00+00:00
[2026-04-04T14:45:09.160+0000] {processor.py:183} INFO - Processing /opt/airflow/dags/weekly_summary_pipeline.py took 0.104 seconds
[2026-04-04T14:45:39.711+0000] {processor.py:161} INFO - Started process (PID=4773) to work on /opt/airflow/dags/weekly_summary_pipeline.py
[2026-04-04T14:45:39.713+0000] {processor.py:830} INFO - Processing file /opt/airflow/dags/weekly_summary_pipeline.py for tasks to queue
[2026-04-04T14:45:39.714+0000] {logging_mixin.py:188} INFO - [2026-04-04T14:45:39.714+0000] {dagbag.py:538} INFO - Filling up the DagBag from /opt/airflow/dags/weekly_summary_pipeline.py
[2026-04-04T14:45:39.743+0000] {processor.py:840} INFO - DAG(s) 'weekly_summary_pipeline' retrieved from /opt/airflow/dags/weekly_summary_pipeline.py
[2026-04-04T14:45:39.794+0000] {logging_mixin.py:188} INFO - [2026-04-04T14:45:39.793+0000] {dag.py:3036} INFO - Sync 1 DAGs
[2026-04-04T14:45:39.830+0000] {logging_mixin.py:188} INFO - [2026-04-04T14:45:39.829+0000] {dag.py:3823} INFO - Setting next_dagrun for weekly_summary_pipeline to 2026-03-30 06:00:00+00:00, run_after=2026-04-06 06:00:00+00:00
[2026-04-04T14:45:39.854+0000] {processor.py:183} INFO - Processing /opt/airflow/dags/weekly_summary_pipeline.py took 0.146 seconds
[2026-04-04T14:46:10.792+0000] {processor.py:161} INFO - Started process (PID=4788) to work on /opt/airflow/dags/weekly_summary_pipeline.py
[2026-04-04T14:46:10.794+0000] {processor.py:830} INFO - Processing file /opt/airflow/dags/weekly_summary_pipeline.py for tasks to queue
[2026-04-04T14:46:10.794+0000] {logging_mixin.py:188} INFO - [2026-04-04T14:46:10.794+0000] {dagbag.py:538} INFO - Filling up the DagBag from /opt/airflow/dags/weekly_summary_pipeline.py
[2026-04-04T14:46:10.813+0000] {processor.py:840} INFO - DAG(s) 'weekly_summary_pipeline' retrieved from /opt/airflow/dags/weekly_summary_pipeline.py
[2026-04-04T14:46:10.843+0000] {logging_mixin.py:188} INFO - [2026-04-04T14:46:10.843+0000] {dag.py:3036} INFO - Sync 1 DAGs
[2026-04-04T14:46:10.865+0000] {logging_mixin.py:188} INFO - [2026-04-04T14:46:10.865+0000] {dag.py:3823} INFO - Setting next_dagrun for weekly_summary_pipeline to 2026-03-30 06:00:00+00:00, run_after=2026-04-06 06:00:00+00:00
[2026-04-04T14:46:10.887+0000] {processor.py:183} INFO - Processing /opt/airflow/dags/weekly_summary_pipeline.py took 0.098 seconds
[2026-04-04T14:46:41.465+0000] {processor.py:161} INFO - Started process (PID=4811) to work on /opt/airflow/dags/weekly_summary_pipeline.py
[2026-04-04T14:46:41.466+0000] {processor.py:830} INFO - Processing file /opt/airflow/dags/weekly_summary_pipeline.py for tasks to queue
[2026-04-04T14:46:41.467+0000] {logging_mixin.py:188} INFO - [2026-04-04T14:46:41.466+0000] {dagbag.py:538} INFO - Filling up the DagBag from /opt/airflow/dags/weekly_summary_pipeline.py
[2026-04-04T14:46:41.489+0000] {processor.py:840} INFO - DAG(s) 'weekly_summary_pipeline' retrieved from /opt/airflow/dags/weekly_summary_pipeline.py
[2026-04-04T14:46:41.517+0000] {logging_mixin.py:188} INFO - [2026-04-04T14:46:41.517+0000] {dag.py:3036} INFO - Sync 1 DAGs
[2026-04-04T14:46:41.541+0000] {logging_mixin.py:188} INFO - [2026-04-04T14:46:41.541+0000] {dag.py:3823} INFO - Setting next_dagrun for weekly_summary_pipeline to 2026-03-30 06:00:00+00:00, run_after=2026-04-06 06:00:00+00:00
[2026-04-04T14:46:41.570+0000] {processor.py:183} INFO - Processing /opt/airflow/dags/weekly_summary_pipeline.py took 0.108 seconds
[2026-04-04T14:47:12.228+0000] {processor.py:161} INFO - Started process (PID=4834) to work on /opt/airflow/dags/weekly_summary_pipeline.py
[2026-04-04T14:47:12.229+0000] {processor.py:830} INFO - Processing file /opt/airflow/dags/weekly_summary_pipeline.py for tasks to queue
[2026-04-04T14:47:12.230+0000] {logging_mixin.py:188} INFO - [2026-04-04T14:47:12.230+0000] {dagbag.py:538} INFO - Filling up the DagBag from /opt/airflow/dags/weekly_summary_pipeline.py
[2026-04-04T14:47:12.250+0000] {processor.py:840} INFO - DAG(s) 'weekly_summary_pipeline' retrieved from /opt/airflow/dags/weekly_summary_pipeline.py
[2026-04-04T14:47:12.277+0000] {logging_mixin.py:188} INFO - [2026-04-04T14:47:12.277+0000] {dag.py:3036} INFO - Sync 1 DAGs
[2026-04-04T14:47:12.301+0000] {logging_mixin.py:188} INFO - [2026-04-04T14:47:12.301+0000] {dag.py:3823} INFO - Setting next_dagrun for weekly_summary_pipeline to 2026-03-30 06:00:00+00:00, run_after=2026-04-06 06:00:00+00:00
[2026-04-04T14:47:12.320+0000] {processor.py:183} INFO - Processing /opt/airflow/dags/weekly_summary_pipeline.py took 0.095 seconds
[2026-04-04T14:47:42.471+0000] {processor.py:161} INFO - Started process (PID=4859) to work on /opt/airflow/dags/weekly_summary_pipeline.py
[2026-04-04T14:47:42.472+0000] {processor.py:830} INFO - Processing file /opt/airflow/dags/weekly_summary_pipeline.py for tasks to queue
[2026-04-04T14:47:42.473+0000] {logging_mixin.py:188} INFO - [2026-04-04T14:47:42.472+0000] {dagbag.py:538} INFO - Filling up the DagBag from /opt/airflow/dags/weekly_summary_pipeline.py
[2026-04-04T14:47:42.494+0000] {processor.py:840} INFO - DAG(s) 'weekly_summary_pipeline' retrieved from /opt/airflow/dags/weekly_summary_pipeline.py
[2026-04-04T14:47:42.521+0000] {logging_mixin.py:188} INFO - [2026-04-04T14:47:42.521+0000] {dag.py:3036} INFO - Sync 1 DAGs
[2026-04-04T14:47:42.543+0000] {logging_mixin.py:188} INFO - [2026-04-04T14:47:42.543+0000] {dag.py:3823} INFO - Setting next_dagrun for weekly_summary_pipeline to 2026-03-30 06:00:00+00:00, run_after=2026-04-06 06:00:00+00:00
[2026-04-04T14:47:42.563+0000] {processor.py:183} INFO - Processing /opt/airflow/dags/weekly_summary_pipeline.py took 0.096 seconds
[2026-04-04T14:48:12.683+0000] {processor.py:161} INFO - Started process (PID=4882) to work on /opt/airflow/dags/weekly_summary_pipeline.py
[2026-04-04T14:48:12.684+0000] {processor.py:830} INFO - Processing file /opt/airflow/dags/weekly_summary_pipeline.py for tasks to queue
[2026-04-04T14:48:12.686+0000] {logging_mixin.py:188} INFO - [2026-04-04T14:48:12.685+0000] {dagbag.py:538} INFO - Filling up the DagBag from /opt/airflow/dags/weekly_summary_pipeline.py
[2026-04-04T14:48:12.707+0000] {processor.py:840} INFO - DAG(s) 'weekly_summary_pipeline' retrieved from /opt/airflow/dags/weekly_summary_pipeline.py
[2026-04-04T14:48:12.736+0000] {logging_mixin.py:188} INFO - [2026-04-04T14:48:12.736+0000] {dag.py:3036} INFO - Sync 1 DAGs
[2026-04-04T14:48:12.760+0000] {logging_mixin.py:188} INFO - [2026-04-04T14:48:12.759+0000] {dag.py:3823} INFO - Setting next_dagrun for weekly_summary_pipeline to 2026-03-30 06:00:00+00:00, run_after=2026-04-06 06:00:00+00:00
[2026-04-04T14:48:12.789+0000] {processor.py:183} INFO - Processing /opt/airflow/dags/weekly_summary_pipeline.py took 0.109 seconds
[2026-04-04T14:48:43.330+0000] {processor.py:161} INFO - Started process (PID=4903) to work on /opt/airflow/dags/weekly_summary_pipeline.py
[2026-04-04T14:48:43.331+0000] {processor.py:830} INFO - Processing file /opt/airflow/dags/weekly_summary_pipeline.py for tasks to queue
[2026-04-04T14:48:43.332+0000] {logging_mixin.py:188} INFO - [2026-04-04T14:48:43.332+0000] {dagbag.py:538} INFO - Filling up the DagBag from /opt/airflow/dags/weekly_summary_pipeline.py
[2026-04-04T14:48:43.357+0000] {processor.py:840} INFO - DAG(s) 'weekly_summary_pipeline' retrieved from /opt/airflow/dags/weekly_summary_pipeline.py
[2026-04-04T14:48:43.387+0000] {logging_mixin.py:188} INFO - [2026-04-04T14:48:43.387+0000] {dag.py:3036} INFO - Sync 1 DAGs
[2026-04-04T14:48:43.412+0000] {logging_mixin.py:188} INFO - [2026-04-04T14:48:43.411+0000] {dag.py:3823} INFO - Setting next_dagrun for weekly_summary_pipeline to 2026-03-30 06:00:00+00:00, run_after=2026-04-06 06:00:00+00:00
[2026-04-04T14:48:43.435+0000] {processor.py:183} INFO - Processing /opt/airflow/dags/weekly_summary_pipeline.py took 0.110 seconds
[2026-04-04T14:49:14.421+0000] {processor.py:161} INFO - Started process (PID=4926) to work on /opt/airflow/dags/weekly_summary_pipeline.py
[2026-04-04T14:49:14.422+0000] {processor.py:830} INFO - Processing file /opt/airflow/dags/weekly_summary_pipeline.py for tasks to queue
[2026-04-04T14:49:14.423+0000] {logging_mixin.py:188} INFO - [2026-04-04T14:49:14.422+0000] {dagbag.py:538} INFO - Filling up the DagBag from /opt/airflow/dags/weekly_summary_pipeline.py
[2026-04-04T14:49:14.444+0000] {processor.py:840} INFO - DAG(s) 'weekly_summary_pipeline' retrieved from /opt/airflow/dags/weekly_summary_pipeline.py
[2026-04-04T14:49:14.470+0000] {logging_mixin.py:188} INFO - [2026-04-04T14:49:14.470+0000] {dag.py:3036} INFO - Sync 1 DAGs
[2026-04-04T14:49:14.497+0000] {logging_mixin.py:188} INFO - [2026-04-04T14:49:14.496+0000] {dag.py:3823} INFO - Setting next_dagrun for weekly_summary_pipeline to 2026-03-30 06:00:00+00:00, run_after=2026-04-06 06:00:00+00:00
[2026-04-04T14:49:14.520+0000] {processor.py:183} INFO - Processing /opt/airflow/dags/weekly_summary_pipeline.py took 0.101 seconds
[2026-04-04T14:49:45.459+0000] {processor.py:161} INFO - Started process (PID=4949) to work on /opt/airflow/dags/weekly_summary_pipeline.py
[2026-04-04T14:49:45.460+0000] {processor.py:830} INFO - Processing file /opt/airflow/dags/weekly_summary_pipeline.py for tasks to queue
[2026-04-04T14:49:45.461+0000] {logging_mixin.py:188} INFO - [2026-04-04T14:49:45.460+0000] {dagbag.py:538} INFO - Filling up the DagBag from /opt/airflow/dags/weekly_summary_pipeline.py
[2026-04-04T14:49:45.481+0000] {processor.py:840} INFO - DAG(s) 'weekly_summary_pipeline' retrieved from /opt/airflow/dags/weekly_summary_pipeline.py
[2026-04-04T14:49:45.510+0000] {logging_mixin.py:188} INFO - [2026-04-04T14:49:45.510+0000] {dag.py:3036} INFO - Sync 1 DAGs
[2026-04-04T14:49:45.535+0000] {logging_mixin.py:188} INFO - [2026-04-04T14:49:45.535+0000] {dag.py:3823} INFO - Setting next_dagrun for weekly_summary_pipeline to 2026-03-30 06:00:00+00:00, run_after=2026-04-06 06:00:00+00:00
[2026-04-04T14:49:45.552+0000] {processor.py:183} INFO - Processing /opt/airflow/dags/weekly_summary_pipeline.py took 0.097 seconds
[2026-04-04T14:50:16.509+0000] {processor.py:161} INFO - Started process (PID=4972) to work on /opt/airflow/dags/weekly_summary_pipeline.py
[2026-04-04T14:50:16.510+0000] {processor.py:830} INFO - Processing file /opt/airflow/dags/weekly_summary_pipeline.py for tasks to queue
[2026-04-04T14:50:16.511+0000] {logging_mixin.py:188} INFO - [2026-04-04T14:50:16.511+0000] {dagbag.py:538} INFO - Filling up the DagBag from /opt/airflow/dags/weekly_summary_pipeline.py
[2026-04-04T14:50:16.534+0000] {processor.py:840} INFO - DAG(s) 'weekly_summary_pipeline' retrieved from /opt/airflow/dags/weekly_summary_pipeline.py
[2026-04-04T14:50:16.567+0000] {logging_mixin.py:188} INFO - [2026-04-04T14:50:16.567+0000] {dag.py:3036} INFO - Sync 1 DAGs
[2026-04-04T14:50:16.591+0000] {logging_mixin.py:188} INFO - [2026-04-04T14:50:16.591+0000] {dag.py:3823} INFO - Setting next_dagrun for weekly_summary_pipeline to 2026-03-30 06:00:00+00:00, run_after=2026-04-06 06:00:00+00:00
[2026-04-04T14:50:16.611+0000] {processor.py:183} INFO - Processing /opt/airflow/dags/weekly_summary_pipeline.py took 0.106 seconds
[2026-04-04T14:50:47.508+0000] {processor.py:161} INFO - Started process (PID=4995) to work on /opt/airflow/dags/weekly_summary_pipeline.py
[2026-04-04T14:50:47.509+0000] {processor.py:830} INFO - Processing file /opt/airflow/dags/weekly_summary_pipeline.py for tasks to queue
[2026-04-04T14:50:47.510+0000] {logging_mixin.py:188} INFO - [2026-04-04T14:50:47.510+0000] {dagbag.py:538} INFO - Filling up the DagBag from /opt/airflow/dags/weekly_summary_pipeline.py
[2026-04-04T14:50:47.530+0000] {processor.py:840} INFO - DAG(s) 'weekly_summary_pipeline' retrieved from /opt/airflow/dags/weekly_summary_pipeline.py
[2026-04-04T14:50:47.566+0000] {logging_mixin.py:188} INFO - [2026-04-04T14:50:47.566+0000] {dag.py:3036} INFO - Sync 1 DAGs
[2026-04-04T14:50:47.593+0000] {logging_mixin.py:188} INFO - [2026-04-04T14:50:47.592+0000] {dag.py:3823} INFO - Setting next_dagrun for weekly_summary_pipeline to 2026-03-30 06:00:00+00:00, run_after=2026-04-06 06:00:00+00:00
[2026-04-04T14:50:47.612+0000] {processor.py:183} INFO - Processing /opt/airflow/dags/weekly_summary_pipeline.py took 0.106 seconds
[2026-04-04T14:51:18.181+0000] {processor.py:161} INFO - Started process (PID=5018) to work on /opt/airflow/dags/weekly_summary_pipeline.py
[2026-04-04T14:51:18.182+0000] {processor.py:830} INFO - Processing file /opt/airflow/dags/weekly_summary_pipeline.py for tasks to queue
[2026-04-04T14:51:18.184+0000] {logging_mixin.py:188} INFO - [2026-04-04T14:51:18.183+0000] {dagbag.py:538} INFO - Filling up the DagBag from /opt/airflow/dags/weekly_summary_pipeline.py
[2026-04-04T14:51:18.208+0000] {processor.py:840} INFO - DAG(s) 'weekly_summary_pipeline' retrieved from /opt/airflow/dags/weekly_summary_pipeline.py
[2026-04-04T14:51:18.241+0000] {logging_mixin.py:188} INFO - [2026-04-04T14:51:18.241+0000] {dag.py:3036} INFO - Sync 1 DAGs
[2026-04-04T14:51:18.272+0000] {logging_mixin.py:188} INFO - [2026-04-04T14:51:18.272+0000] {dag.py:3823} INFO - Setting next_dagrun for weekly_summary_pipeline to 2026-03-30 06:00:00+00:00, run_after=2026-04-06 06:00:00+00:00
[2026-04-04T14:51:18.290+0000] {processor.py:183} INFO - Processing /opt/airflow/dags/weekly_summary_pipeline.py took 0.113 seconds
[2026-04-04T14:51:48.668+0000] {processor.py:161} INFO - Started process (PID=5041) to work on /opt/airflow/dags/weekly_summary_pipeline.py
[2026-04-04T14:51:48.669+0000] {processor.py:830} INFO - Processing file /opt/airflow/dags/weekly_summary_pipeline.py for tasks to queue
[2026-04-04T14:51:48.670+0000] {logging_mixin.py:188} INFO - [2026-04-04T14:51:48.670+0000] {dagbag.py:538} INFO - Filling up the DagBag from /opt/airflow/dags/weekly_summary_pipeline.py
[2026-04-04T14:51:48.692+0000] {processor.py:840} INFO - DAG(s) 'weekly_summary_pipeline' retrieved from /opt/airflow/dags/weekly_summary_pipeline.py
[2026-04-04T14:51:48.723+0000] {logging_mixin.py:188} INFO - [2026-04-04T14:51:48.723+0000] {dag.py:3036} INFO - Sync 1 DAGs
[2026-04-04T14:51:48.748+0000] {logging_mixin.py:188} INFO - [2026-04-04T14:51:48.748+0000] {dag.py:3823} INFO - Setting next_dagrun for weekly_summary_pipeline to 2026-03-30 06:00:00+00:00, run_after=2026-04-06 06:00:00+00:00
[2026-04-04T14:51:48.769+0000] {processor.py:183} INFO - Processing /opt/airflow/dags/weekly_summary_pipeline.py took 0.104 seconds
[2026-04-04T14:52:19.053+0000] {processor.py:161} INFO - Started process (PID=5064) to work on /opt/airflow/dags/weekly_summary_pipeline.py
[2026-04-04T14:52:19.054+0000] {processor.py:830} INFO - Processing file /opt/airflow/dags/weekly_summary_pipeline.py for tasks to queue
[2026-04-04T14:52:19.054+0000] {logging_mixin.py:188} INFO - [2026-04-04T14:52:19.054+0000] {dagbag.py:538} INFO - Filling up the DagBag from /opt/airflow/dags/weekly_summary_pipeline.py
[2026-04-04T14:52:19.078+0000] {processor.py:840} INFO - DAG(s) 'weekly_summary_pipeline' retrieved from /opt/airflow/dags/weekly_summary_pipeline.py
[2026-04-04T14:52:19.112+0000] {logging_mixin.py:188} INFO - [2026-04-04T14:52:19.112+0000] {dag.py:3036} INFO - Sync 1 DAGs
[2026-04-04T14:52:19.136+0000] {logging_mixin.py:188} INFO - [2026-04-04T14:52:19.136+0000] {dag.py:3823} INFO - Setting next_dagrun for weekly_summary_pipeline to 2026-03-30 06:00:00+00:00, run_after=2026-04-06 06:00:00+00:00
[2026-04-04T14:52:19.158+0000] {processor.py:183} INFO - Processing /opt/airflow/dags/weekly_summary_pipeline.py took 0.109 seconds
[2026-04-04T14:52:49.247+0000] {processor.py:161} INFO - Started process (PID=5087) to work on /opt/airflow/dags/weekly_summary_pipeline.py
[2026-04-04T14:52:49.248+0000] {processor.py:830} INFO - Processing file /opt/airflow/dags/weekly_summary_pipeline.py for tasks to queue
[2026-04-04T14:52:49.249+0000] {logging_mixin.py:188} INFO - [2026-04-04T14:52:49.249+0000] {dagbag.py:538} INFO - Filling up the DagBag from /opt/airflow/dags/weekly_summary_pipeline.py
[2026-04-04T14:52:49.269+0000] {processor.py:840} INFO - DAG(s) 'weekly_summary_pipeline' retrieved from /opt/airflow/dags/weekly_summary_pipeline.py
[2026-04-04T14:52:49.314+0000] {logging_mixin.py:188} INFO - [2026-04-04T14:52:49.314+0000] {dag.py:3036} INFO - Sync 1 DAGs
[2026-04-04T14:52:49.341+0000] {logging_mixin.py:188} INFO - [2026-04-04T14:52:49.341+0000] {dag.py:3823} INFO - Setting next_dagrun for weekly_summary_pipeline to 2026-03-30 06:00:00+00:00, run_after=2026-04-06 06:00:00+00:00
[2026-04-04T14:52:49.362+0000] {processor.py:183} INFO - Processing /opt/airflow/dags/weekly_summary_pipeline.py took 0.118 seconds
[2026-04-04T14:53:19.424+0000] {processor.py:161} INFO - Started process (PID=5110) to work on /opt/airflow/dags/weekly_summary_pipeline.py
[2026-04-04T14:53:19.425+0000] {processor.py:830} INFO - Processing file /opt/airflow/dags/weekly_summary_pipeline.py for tasks to queue
[2026-04-04T14:53:19.427+0000] {logging_mixin.py:188} INFO - [2026-04-04T14:53:19.427+0000] {dagbag.py:538} INFO - Filling up the DagBag from /opt/airflow/dags/weekly_summary_pipeline.py
[2026-04-04T14:53:19.448+0000] {processor.py:840} INFO - DAG(s) 'weekly_summary_pipeline' retrieved from /opt/airflow/dags/weekly_summary_pipeline.py
[2026-04-04T14:53:19.479+0000] {logging_mixin.py:188} INFO - [2026-04-04T14:53:19.478+0000] {dag.py:3036} INFO - Sync 1 DAGs
[2026-04-04T14:53:19.499+0000] {logging_mixin.py:188} INFO - [2026-04-04T14:53:19.499+0000] {dag.py:3823} INFO - Setting next_dagrun for weekly_summary_pipeline to 2026-03-30 06:00:00+00:00, run_after=2026-04-06 06:00:00+00:00
[2026-04-04T14:53:19.517+0000] {processor.py:183} INFO - Processing /opt/airflow/dags/weekly_summary_pipeline.py took 0.095 seconds
[2026-04-04T14:53:49.657+0000] {processor.py:161} INFO - Started process (PID=5133) to work on /opt/airflow/dags/weekly_summary_pipeline.py
[2026-04-04T14:53:49.658+0000] {processor.py:830} INFO - Processing file /opt/airflow/dags/weekly_summary_pipeline.py for tasks to queue
[2026-04-04T14:53:49.658+0000] {logging_mixin.py:188} INFO - [2026-04-04T14:53:49.658+0000] {dagbag.py:538} INFO - Filling up the DagBag from /opt/airflow/dags/weekly_summary_pipeline.py
[2026-04-04T14:53:49.676+0000] {processor.py:840} INFO - DAG(s) 'weekly_summary_pipeline' retrieved from /opt/airflow/dags/weekly_summary_pipeline.py
[2026-04-04T14:53:49.700+0000] {logging_mixin.py:188} INFO - [2026-04-04T14:53:49.700+0000] {dag.py:3036} INFO - Sync 1 DAGs
[2026-04-04T14:53:49.721+0000] {logging_mixin.py:188} INFO - [2026-04-04T14:53:49.720+0000] {dag.py:3823} INFO - Setting next_dagrun for weekly_summary_pipeline to 2026-03-30 06:00:00+00:00, run_after=2026-04-06 06:00:00+00:00
[2026-04-04T14:53:49.741+0000] {processor.py:183} INFO - Processing /opt/airflow/dags/weekly_summary_pipeline.py took 0.087 seconds
[2026-04-04T14:54:19.832+0000] {processor.py:161} INFO - Started process (PID=5148) to work on /opt/airflow/dags/weekly_summary_pipeline.py
[2026-04-04T14:54:19.834+0000] {processor.py:830} INFO - Processing file /opt/airflow/dags/weekly_summary_pipeline.py for tasks to queue
[2026-04-04T14:54:19.835+0000] {logging_mixin.py:188} INFO - [2026-04-04T14:54:19.834+0000] {dagbag.py:538} INFO - Filling up the DagBag from /opt/airflow/dags/weekly_summary_pipeline.py
[2026-04-04T14:54:19.859+0000] {processor.py:840} INFO - DAG(s) 'weekly_summary_pipeline' retrieved from /opt/airflow/dags/weekly_summary_pipeline.py
[2026-04-04T14:54:19.890+0000] {logging_mixin.py:188} INFO - [2026-04-04T14:54:19.890+0000] {dag.py:3036} INFO - Sync 1 DAGs
[2026-04-04T14:54:19.914+0000] {logging_mixin.py:188} INFO - [2026-04-04T14:54:19.914+0000] {dag.py:3823} INFO - Setting next_dagrun for weekly_summary_pipeline to 2026-03-30 06:00:00+00:00, run_after=2026-04-06 06:00:00+00:00
[2026-04-04T14:54:19.934+0000] {processor.py:183} INFO - Processing /opt/airflow/dags/weekly_summary_pipeline.py took 0.105 seconds
[2026-04-04T14:54:50.459+0000] {processor.py:161} INFO - Started process (PID=5171) to work on /opt/airflow/dags/weekly_summary_pipeline.py
[2026-04-04T14:54:50.460+0000] {processor.py:830} INFO - Processing file /opt/airflow/dags/weekly_summary_pipeline.py for tasks to queue
[2026-04-04T14:54:50.461+0000] {logging_mixin.py:188} INFO - [2026-04-04T14:54:50.461+0000] {dagbag.py:538} INFO - Filling up the DagBag from /opt/airflow/dags/weekly_summary_pipeline.py
[2026-04-04T14:54:50.479+0000] {processor.py:840} INFO - DAG(s) 'weekly_summary_pipeline' retrieved from /opt/airflow/dags/weekly_summary_pipeline.py
[2026-04-04T14:54:50.505+0000] {logging_mixin.py:188} INFO - [2026-04-04T14:54:50.504+0000] {dag.py:3036} INFO - Sync 1 DAGs
[2026-04-04T14:54:50.525+0000] {logging_mixin.py:188} INFO - [2026-04-04T14:54:50.525+0000] {dag.py:3823} INFO - Setting next_dagrun for weekly_summary_pipeline to 2026-03-30 06:00:00+00:00, run_after=2026-04-06 06:00:00+00:00
[2026-04-04T14:54:50.550+0000] {processor.py:183} INFO - Processing /opt/airflow/dags/weekly_summary_pipeline.py took 0.094 seconds
[2026-04-04T14:55:21.157+0000] {processor.py:161} INFO - Started process (PID=5194) to work on /opt/airflow/dags/weekly_summary_pipeline.py
[2026-04-04T14:55:21.158+0000] {processor.py:830} INFO - Processing file /opt/airflow/dags/weekly_summary_pipeline.py for tasks to queue
[2026-04-04T14:55:21.159+0000] {logging_mixin.py:188} INFO - [2026-04-04T14:55:21.158+0000] {dagbag.py:538} INFO - Filling up the DagBag from /opt/airflow/dags/weekly_summary_pipeline.py
[2026-04-04T14:55:21.181+0000] {processor.py:840} INFO - DAG(s) 'weekly_summary_pipeline' retrieved from /opt/airflow/dags/weekly_summary_pipeline.py
[2026-04-04T14:55:21.208+0000] {logging_mixin.py:188} INFO - [2026-04-04T14:55:21.208+0000] {dag.py:3036} INFO - Sync 1 DAGs
[2026-04-04T14:55:21.230+0000] {logging_mixin.py:188} INFO - [2026-04-04T14:55:21.230+0000] {dag.py:3823} INFO - Setting next_dagrun for weekly_summary_pipeline to 2026-03-30 06:00:00+00:00, run_after=2026-04-06 06:00:00+00:00
[2026-04-04T14:55:21.249+0000] {processor.py:183} INFO - Processing /opt/airflow/dags/weekly_summary_pipeline.py took 0.096 seconds
[2026-04-04T14:55:51.842+0000] {processor.py:161} INFO - Started process (PID=5217) to work on /opt/airflow/dags/weekly_summary_pipeline.py
[2026-04-04T14:55:51.843+0000] {processor.py:830} INFO - Processing file /opt/airflow/dags/weekly_summary_pipeline.py for tasks to queue
[2026-04-04T14:55:51.844+0000] {logging_mixin.py:188} INFO - [2026-04-04T14:55:51.844+0000] {dagbag.py:538} INFO - Filling up the DagBag from /opt/airflow/dags/weekly_summary_pipeline.py
[2026-04-04T14:55:51.864+0000] {processor.py:840} INFO - DAG(s) 'weekly_summary_pipeline' retrieved from /opt/airflow/dags/weekly_summary_pipeline.py
[2026-04-04T14:55:51.894+0000] {logging_mixin.py:188} INFO - [2026-04-04T14:55:51.894+0000] {dag.py:3036} INFO - Sync 1 DAGs
[2026-04-04T14:55:51.917+0000] {logging_mixin.py:188} INFO - [2026-04-04T14:55:51.917+0000] {dag.py:3823} INFO - Setting next_dagrun for weekly_summary_pipeline to 2026-03-30 06:00:00+00:00, run_after=2026-04-06 06:00:00+00:00
[2026-04-04T14:55:51.937+0000] {processor.py:183} INFO - Processing /opt/airflow/dags/weekly_summary_pipeline.py took 0.098 seconds
[2026-04-04T14:56:22.513+0000] {processor.py:161} INFO - Started process (PID=5240) to work on /opt/airflow/dags/weekly_summary_pipeline.py
[2026-04-04T14:56:22.514+0000] {processor.py:830} INFO - Processing file /opt/airflow/dags/weekly_summary_pipeline.py for tasks to queue
[2026-04-04T14:56:22.515+0000] {logging_mixin.py:188} INFO - [2026-04-04T14:56:22.515+0000] {dagbag.py:538} INFO - Filling up the DagBag from /opt/airflow/dags/weekly_summary_pipeline.py
[2026-04-04T14:56:22.534+0000] {processor.py:840} INFO - DAG(s) 'weekly_summary_pipeline' retrieved from /opt/airflow/dags/weekly_summary_pipeline.py
[2026-04-04T14:56:22.560+0000] {logging_mixin.py:188} INFO - [2026-04-04T14:56:22.560+0000] {dag.py:3036} INFO - Sync 1 DAGs
[2026-04-04T14:56:22.582+0000] {logging_mixin.py:188} INFO - [2026-04-04T14:56:22.581+0000] {dag.py:3823} INFO - Setting next_dagrun for weekly_summary_pipeline to 2026-03-30 06:00:00+00:00, run_after=2026-04-06 06:00:00+00:00
[2026-04-04T14:56:22.603+0000] {processor.py:183} INFO - Processing /opt/airflow/dags/weekly_summary_pipeline.py took 0.092 seconds
[2026-04-04T14:56:53.579+0000] {processor.py:161} INFO - Started process (PID=5263) to work on /opt/airflow/dags/weekly_summary_pipeline.py
[2026-04-04T14:56:53.580+0000] {processor.py:830} INFO - Processing file /opt/airflow/dags/weekly_summary_pipeline.py for tasks to queue
[2026-04-04T14:56:53.581+0000] {logging_mixin.py:188} INFO - [2026-04-04T14:56:53.581+0000] {dagbag.py:538} INFO - Filling up the DagBag from /opt/airflow/dags/weekly_summary_pipeline.py
[2026-04-04T14:56:53.600+0000] {processor.py:840} INFO - DAG(s) 'weekly_summary_pipeline' retrieved from /opt/airflow/dags/weekly_summary_pipeline.py
[2026-04-04T14:56:53.625+0000] {logging_mixin.py:188} INFO - [2026-04-04T14:56:53.624+0000] {dag.py:3036} INFO - Sync 1 DAGs
[2026-04-04T14:56:53.649+0000] {logging_mixin.py:188} INFO - [2026-04-04T14:56:53.649+0000] {dag.py:3823} INFO - Setting next_dagrun for weekly_summary_pipeline to 2026-03-30 06:00:00+00:00, run_after=2026-04-06 06:00:00+00:00
[2026-04-04T14:56:53.668+0000] {processor.py:183} INFO - Processing /opt/airflow/dags/weekly_summary_pipeline.py took 0.092 seconds
[2026-04-04T14:57:24.671+0000] {processor.py:161} INFO - Started process (PID=5286) to work on /opt/airflow/dags/weekly_summary_pipeline.py
[2026-04-04T14:57:24.672+0000] {processor.py:830} INFO - Processing file /opt/airflow/dags/weekly_summary_pipeline.py for tasks to queue
[2026-04-04T14:57:24.673+0000] {logging_mixin.py:188} INFO - [2026-04-04T14:57:24.673+0000] {dagbag.py:538} INFO - Filling up the DagBag from /opt/airflow/dags/weekly_summary_pipeline.py
[2026-04-04T14:57:24.691+0000] {processor.py:840} INFO - DAG(s) 'weekly_summary_pipeline' retrieved from /opt/airflow/dags/weekly_summary_pipeline.py
[2026-04-04T14:57:24.718+0000] {logging_mixin.py:188} INFO - [2026-04-04T14:57:24.718+0000] {dag.py:3036} INFO - Sync 1 DAGs
[2026-04-04T14:57:24.743+0000] {logging_mixin.py:188} INFO - [2026-04-04T14:57:24.742+0000] {dag.py:3823} INFO - Setting next_dagrun for weekly_summary_pipeline to 2026-03-30 06:00:00+00:00, run_after=2026-04-06 06:00:00+00:00
[2026-04-04T14:57:24.763+0000] {processor.py:183} INFO - Processing /opt/airflow/dags/weekly_summary_pipeline.py took 0.096 seconds
[2026-04-04T14:57:55.328+0000] {processor.py:161} INFO - Started process (PID=5309) to work on /opt/airflow/dags/weekly_summary_pipeline.py
[2026-04-04T14:57:55.330+0000] {processor.py:830} INFO - Processing file /opt/airflow/dags/weekly_summary_pipeline.py for tasks to queue
[2026-04-04T14:57:55.332+0000] {logging_mixin.py:188} INFO - [2026-04-04T14:57:55.332+0000] {dagbag.py:538} INFO - Filling up the DagBag from /opt/airflow/dags/weekly_summary_pipeline.py
[2026-04-04T14:57:55.365+0000] {processor.py:840} INFO - DAG(s) 'weekly_summary_pipeline' retrieved from /opt/airflow/dags/weekly_summary_pipeline.py
[2026-04-04T14:57:55.400+0000] {logging_mixin.py:188} INFO - [2026-04-04T14:57:55.400+0000] {dag.py:3036} INFO - Sync 1 DAGs
[2026-04-04T14:57:55.432+0000] {logging_mixin.py:188} INFO - [2026-04-04T14:57:55.431+0000] {dag.py:3823} INFO - Setting next_dagrun for weekly_summary_pipeline to 2026-03-30 06:00:00+00:00, run_after=2026-04-06 06:00:00+00:00
[2026-04-04T14:57:55.460+0000] {processor.py:183} INFO - Processing /opt/airflow/dags/weekly_summary_pipeline.py took 0.136 seconds
[2026-04-04T14:58:26.398+0000] {processor.py:161} INFO - Started process (PID=5332) to work on /opt/airflow/dags/weekly_summary_pipeline.py
[2026-04-04T14:58:26.400+0000] {processor.py:830} INFO - Processing file /opt/airflow/dags/weekly_summary_pipeline.py for tasks to queue
[2026-04-04T14:58:26.401+0000] {logging_mixin.py:188} INFO - [2026-04-04T14:58:26.400+0000] {dagbag.py:538} INFO - Filling up the DagBag from /opt/airflow/dags/weekly_summary_pipeline.py
[2026-04-04T14:58:26.424+0000] {processor.py:840} INFO - DAG(s) 'weekly_summary_pipeline' retrieved from /opt/airflow/dags/weekly_summary_pipeline.py
[2026-04-04T14:58:26.455+0000] {logging_mixin.py:188} INFO - [2026-04-04T14:58:26.455+0000] {dag.py:3036} INFO - Sync 1 DAGs
[2026-04-04T14:58:26.479+0000] {logging_mixin.py:188} INFO - [2026-04-04T14:58:26.479+0000] {dag.py:3823} INFO - Setting next_dagrun for weekly_summary_pipeline to 2026-03-30 06:00:00+00:00, run_after=2026-04-06 06:00:00+00:00
[2026-04-04T14:58:26.499+0000] {processor.py:183} INFO - Processing /opt/airflow/dags/weekly_summary_pipeline.py took 0.103 seconds
[2026-04-04T14:58:57.430+0000] {processor.py:161} INFO - Started process (PID=5355) to work on /opt/airflow/dags/weekly_summary_pipeline.py
[2026-04-04T14:58:57.431+0000] {processor.py:830} INFO - Processing file /opt/airflow/dags/weekly_summary_pipeline.py for tasks to queue
[2026-04-04T14:58:57.432+0000] {logging_mixin.py:188} INFO - [2026-04-04T14:58:57.432+0000] {dagbag.py:538} INFO - Filling up the DagBag from /opt/airflow/dags/weekly_summary_pipeline.py
[2026-04-04T14:58:57.454+0000] {processor.py:840} INFO - DAG(s) 'weekly_summary_pipeline' retrieved from /opt/airflow/dags/weekly_summary_pipeline.py
[2026-04-04T14:58:57.483+0000] {logging_mixin.py:188} INFO - [2026-04-04T14:58:57.483+0000] {dag.py:3036} INFO - Sync 1 DAGs
[2026-04-04T14:58:57.507+0000] {logging_mixin.py:188} INFO - [2026-04-04T14:58:57.507+0000] {dag.py:3823} INFO - Setting next_dagrun for weekly_summary_pipeline to 2026-03-30 06:00:00+00:00, run_after=2026-04-06 06:00:00+00:00
[2026-04-04T14:58:57.529+0000] {processor.py:183} INFO - Processing /opt/airflow/dags/weekly_summary_pipeline.py took 0.102 seconds
[2026-04-04T14:59:28.084+0000] {processor.py:161} INFO - Started process (PID=5378) to work on /opt/airflow/dags/weekly_summary_pipeline.py
[2026-04-04T14:59:28.085+0000] {processor.py:830} INFO - Processing file /opt/airflow/dags/weekly_summary_pipeline.py for tasks to queue
[2026-04-04T14:59:28.086+0000] {logging_mixin.py:188} INFO - [2026-04-04T14:59:28.085+0000] {dagbag.py:538} INFO - Filling up the DagBag from /opt/airflow/dags/weekly_summary_pipeline.py
[2026-04-04T14:59:28.111+0000] {processor.py:840} INFO - DAG(s) 'weekly_summary_pipeline' retrieved from /opt/airflow/dags/weekly_summary_pipeline.py
[2026-04-04T14:59:28.142+0000] {logging_mixin.py:188} INFO - [2026-04-04T14:59:28.142+0000] {dag.py:3036} INFO - Sync 1 DAGs
[2026-04-04T14:59:28.169+0000] {logging_mixin.py:188} INFO - [2026-04-04T14:59:28.169+0000] {dag.py:3823} INFO - Setting next_dagrun for weekly_summary_pipeline to 2026-03-30 06:00:00+00:00, run_after=2026-04-06 06:00:00+00:00
[2026-04-04T14:59:28.190+0000] {processor.py:183} INFO - Processing /opt/airflow/dags/weekly_summary_pipeline.py took 0.109 seconds
[2026-04-04T14:59:58.725+0000] {processor.py:161} INFO - Started process (PID=5401) to work on /opt/airflow/dags/weekly_summary_pipeline.py
[2026-04-04T14:59:58.727+0000] {processor.py:830} INFO - Processing file /opt/airflow/dags/weekly_summary_pipeline.py for tasks to queue
[2026-04-04T14:59:58.728+0000] {logging_mixin.py:188} INFO - [2026-04-04T14:59:58.727+0000] {dagbag.py:538} INFO - Filling up the DagBag from /opt/airflow/dags/weekly_summary_pipeline.py
[2026-04-04T14:59:58.756+0000] {processor.py:840} INFO - DAG(s) 'weekly_summary_pipeline' retrieved from /opt/airflow/dags/weekly_summary_pipeline.py
[2026-04-04T14:59:58.786+0000] {logging_mixin.py:188} INFO - [2026-04-04T14:59:58.786+0000] {dag.py:3036} INFO - Sync 1 DAGs
[2026-04-04T14:59:58.813+0000] {logging_mixin.py:188} INFO - [2026-04-04T14:59:58.813+0000] {dag.py:3823} INFO - Setting next_dagrun for weekly_summary_pipeline to 2026-03-30 06:00:00+00:00, run_after=2026-04-06 06:00:00+00:00
[2026-04-04T14:59:58.835+0000] {processor.py:183} INFO - Processing /opt/airflow/dags/weekly_summary_pipeline.py took 0.113 seconds
[2026-04-04T15:00:29.389+0000] {processor.py:161} INFO - Started process (PID=5424) to work on /opt/airflow/dags/weekly_summary_pipeline.py
[2026-04-04T15:00:29.389+0000] {processor.py:830} INFO - Processing file /opt/airflow/dags/weekly_summary_pipeline.py for tasks to queue
[2026-04-04T15:00:29.390+0000] {logging_mixin.py:188} INFO - [2026-04-04T15:00:29.390+0000] {dagbag.py:538} INFO - Filling up the DagBag from /opt/airflow/dags/weekly_summary_pipeline.py
[2026-04-04T15:00:29.410+0000] {processor.py:840} INFO - DAG(s) 'weekly_summary_pipeline' retrieved from /opt/airflow/dags/weekly_summary_pipeline.py
[2026-04-04T15:00:29.442+0000] {logging_mixin.py:188} INFO - [2026-04-04T15:00:29.442+0000] {dag.py:3036} INFO - Sync 1 DAGs
[2026-04-04T15:00:29.465+0000] {logging_mixin.py:188} INFO - [2026-04-04T15:00:29.465+0000] {dag.py:3823} INFO - Setting next_dagrun for weekly_summary_pipeline to 2026-03-30 06:00:00+00:00, run_after=2026-04-06 06:00:00+00:00
[2026-04-04T15:00:29.484+0000] {processor.py:183} INFO - Processing /opt/airflow/dags/weekly_summary_pipeline.py took 0.099 seconds
[2026-04-04T15:01:00.029+0000] {processor.py:161} INFO - Started process (PID=5447) to work on /opt/airflow/dags/weekly_summary_pipeline.py
[2026-04-04T15:01:00.030+0000] {processor.py:830} INFO - Processing file /opt/airflow/dags/weekly_summary_pipeline.py for tasks to queue
[2026-04-04T15:01:00.031+0000] {logging_mixin.py:188} INFO - [2026-04-04T15:01:00.031+0000] {dagbag.py:538} INFO - Filling up the DagBag from /opt/airflow/dags/weekly_summary_pipeline.py
[2026-04-04T15:01:00.053+0000] {processor.py:840} INFO - DAG(s) 'weekly_summary_pipeline' retrieved from /opt/airflow/dags/weekly_summary_pipeline.py
[2026-04-04T15:01:00.083+0000] {logging_mixin.py:188} INFO - [2026-04-04T15:01:00.082+0000] {dag.py:3036} INFO - Sync 1 DAGs
[2026-04-04T15:01:00.107+0000] {logging_mixin.py:188} INFO - [2026-04-04T15:01:00.107+0000] {dag.py:3823} INFO - Setting next_dagrun for weekly_summary_pipeline to 2026-03-30 06:00:00+00:00, run_after=2026-04-06 06:00:00+00:00
[2026-04-04T15:01:00.131+0000] {processor.py:183} INFO - Processing /opt/airflow/dags/weekly_summary_pipeline.py took 0.104 seconds
[2026-04-04T15:01:30.723+0000] {processor.py:161} INFO - Started process (PID=5470) to work on /opt/airflow/dags/weekly_summary_pipeline.py
[2026-04-04T15:01:30.725+0000] {processor.py:830} INFO - Processing file /opt/airflow/dags/weekly_summary_pipeline.py for tasks to queue
[2026-04-04T15:01:30.726+0000] {logging_mixin.py:188} INFO - [2026-04-04T15:01:30.726+0000] {dagbag.py:538} INFO - Filling up the DagBag from /opt/airflow/dags/weekly_summary_pipeline.py
[2026-04-04T15:01:30.746+0000] {processor.py:840} INFO - DAG(s) 'weekly_summary_pipeline' retrieved from /opt/airflow/dags/weekly_summary_pipeline.py
[2026-04-04T15:01:30.784+0000] {logging_mixin.py:188} INFO - [2026-04-04T15:01:30.784+0000] {dag.py:3036} INFO - Sync 1 DAGs
[2026-04-04T15:01:30.809+0000] {logging_mixin.py:188} INFO - [2026-04-04T15:01:30.808+0000] {dag.py:3823} INFO - Setting next_dagrun for weekly_summary_pipeline to 2026-03-30 06:00:00+00:00, run_after=2026-04-06 06:00:00+00:00
[2026-04-04T15:01:30.831+0000] {processor.py:183} INFO - Processing /opt/airflow/dags/weekly_summary_pipeline.py took 0.110 seconds
[2026-04-04T15:02:01.443+0000] {processor.py:161} INFO - Started process (PID=5493) to work on /opt/airflow/dags/weekly_summary_pipeline.py
[2026-04-04T15:02:01.444+0000] {processor.py:830} INFO - Processing file /opt/airflow/dags/weekly_summary_pipeline.py for tasks to queue
[2026-04-04T15:02:01.444+0000] {logging_mixin.py:188} INFO - [2026-04-04T15:02:01.444+0000] {dagbag.py:538} INFO - Filling up the DagBag from /opt/airflow/dags/weekly_summary_pipeline.py
[2026-04-04T15:02:01.463+0000] {processor.py:840} INFO - DAG(s) 'weekly_summary_pipeline' retrieved from /opt/airflow/dags/weekly_summary_pipeline.py
[2026-04-04T15:02:01.499+0000] {logging_mixin.py:188} INFO - [2026-04-04T15:02:01.499+0000] {dag.py:3036} INFO - Sync 1 DAGs
[2026-04-04T15:02:01.522+0000] {logging_mixin.py:188} INFO - [2026-04-04T15:02:01.522+0000] {dag.py:3823} INFO - Setting next_dagrun for weekly_summary_pipeline to 2026-03-30 06:00:00+00:00, run_after=2026-04-06 06:00:00+00:00
[2026-04-04T15:02:01.543+0000] {processor.py:183} INFO - Processing /opt/airflow/dags/weekly_summary_pipeline.py took 0.103 seconds
[2026-04-04T15:02:32.527+0000] {processor.py:161} INFO - Started process (PID=5516) to work on /opt/airflow/dags/weekly_summary_pipeline.py
[2026-04-04T15:02:32.528+0000] {processor.py:830} INFO - Processing file /opt/airflow/dags/weekly_summary_pipeline.py for tasks to queue
[2026-04-04T15:02:32.529+0000] {logging_mixin.py:188} INFO - [2026-04-04T15:02:32.529+0000] {dagbag.py:538} INFO - Filling up the DagBag from /opt/airflow/dags/weekly_summary_pipeline.py
[2026-04-04T15:02:32.555+0000] {processor.py:840} INFO - DAG(s) 'weekly_summary_pipeline' retrieved from /opt/airflow/dags/weekly_summary_pipeline.py
[2026-04-04T15:02:32.605+0000] {logging_mixin.py:188} INFO - [2026-04-04T15:02:32.605+0000] {dag.py:3036} INFO - Sync 1 DAGs
[2026-04-04T15:02:32.632+0000] {logging_mixin.py:188} INFO - [2026-04-04T15:02:32.632+0000] {dag.py:3823} INFO - Setting next_dagrun for weekly_summary_pipeline to 2026-03-30 06:00:00+00:00, run_after=2026-04-06 06:00:00+00:00
[2026-04-04T15:02:32.655+0000] {processor.py:183} INFO - Processing /opt/airflow/dags/weekly_summary_pipeline.py took 0.131 seconds
[2026-04-04T15:03:02.903+0000] {processor.py:161} INFO - Started process (PID=5531) to work on /opt/airflow/dags/weekly_summary_pipeline.py
[2026-04-04T15:03:02.904+0000] {processor.py:830} INFO - Processing file /opt/airflow/dags/weekly_summary_pipeline.py for tasks to queue
[2026-04-04T15:03:02.905+0000] {logging_mixin.py:188} INFO - [2026-04-04T15:03:02.904+0000] {dagbag.py:538} INFO - Filling up the DagBag from /opt/airflow/dags/weekly_summary_pipeline.py
[2026-04-04T15:03:02.927+0000] {processor.py:840} INFO - DAG(s) 'weekly_summary_pipeline' retrieved from /opt/airflow/dags/weekly_summary_pipeline.py
[2026-04-04T15:03:02.957+0000] {logging_mixin.py:188} INFO - [2026-04-04T15:03:02.956+0000] {dag.py:3036} INFO - Sync 1 DAGs
[2026-04-04T15:03:02.979+0000] {logging_mixin.py:188} INFO - [2026-04-04T15:03:02.979+0000] {dag.py:3823} INFO - Setting next_dagrun for weekly_summary_pipeline to 2026-03-30 06:00:00+00:00, run_after=2026-04-06 06:00:00+00:00
[2026-04-04T15:03:02.997+0000] {processor.py:183} INFO - Processing /opt/airflow/dags/weekly_summary_pipeline.py took 0.098 seconds
[2026-04-04T15:03:33.198+0000] {processor.py:161} INFO - Started process (PID=5554) to work on /opt/airflow/dags/weekly_summary_pipeline.py
[2026-04-04T15:03:33.200+0000] {processor.py:830} INFO - Processing file /opt/airflow/dags/weekly_summary_pipeline.py for tasks to queue
[2026-04-04T15:03:33.200+0000] {logging_mixin.py:188} INFO - [2026-04-04T15:03:33.200+0000] {dagbag.py:538} INFO - Filling up the DagBag from /opt/airflow/dags/weekly_summary_pipeline.py
[2026-04-04T15:03:33.221+0000] {processor.py:840} INFO - DAG(s) 'weekly_summary_pipeline' retrieved from /opt/airflow/dags/weekly_summary_pipeline.py
[2026-04-04T15:03:33.247+0000] {logging_mixin.py:188} INFO - [2026-04-04T15:03:33.247+0000] {dag.py:3036} INFO - Sync 1 DAGs
[2026-04-04T15:03:33.271+0000] {logging_mixin.py:188} INFO - [2026-04-04T15:03:33.270+0000] {dag.py:3823} INFO - Setting next_dagrun for weekly_summary_pipeline to 2026-03-30 06:00:00+00:00, run_after=2026-04-06 06:00:00+00:00
[2026-04-04T15:03:33.291+0000] {processor.py:183} INFO - Processing /opt/airflow/dags/weekly_summary_pipeline.py took 0.095 seconds
[2026-04-04T15:04:03.841+0000] {processor.py:161} INFO - Started process (PID=5577) to work on /opt/airflow/dags/weekly_summary_pipeline.py
[2026-04-04T15:04:03.842+0000] {processor.py:830} INFO - Processing file /opt/airflow/dags/weekly_summary_pipeline.py for tasks to queue
[2026-04-04T15:04:03.843+0000] {logging_mixin.py:188} INFO - [2026-04-04T15:04:03.843+0000] {dagbag.py:538} INFO - Filling up the DagBag from /opt/airflow/dags/weekly_summary_pipeline.py
[2026-04-04T15:04:03.864+0000] {processor.py:840} INFO - DAG(s) 'weekly_summary_pipeline' retrieved from /opt/airflow/dags/weekly_summary_pipeline.py
[2026-04-04T15:04:03.893+0000] {logging_mixin.py:188} INFO - [2026-04-04T15:04:03.892+0000] {dag.py:3036} INFO - Sync 1 DAGs
[2026-04-04T15:04:03.917+0000] {logging_mixin.py:188} INFO - [2026-04-04T15:04:03.917+0000] {dag.py:3823} INFO - Setting next_dagrun for weekly_summary_pipeline to 2026-03-30 06:00:00+00:00, run_after=2026-04-06 06:00:00+00:00
[2026-04-04T15:04:03.937+0000] {processor.py:183} INFO - Processing /opt/airflow/dags/weekly_summary_pipeline.py took 0.099 seconds
[2026-04-04T15:04:33.993+0000] {processor.py:161} INFO - Started process (PID=5600) to work on /opt/airflow/dags/weekly_summary_pipeline.py
[2026-04-04T15:04:33.995+0000] {processor.py:830} INFO - Processing file /opt/airflow/dags/weekly_summary_pipeline.py for tasks to queue
[2026-04-04T15:04:33.996+0000] {logging_mixin.py:188} INFO - [2026-04-04T15:04:33.995+0000] {dagbag.py:538} INFO - Filling up the DagBag from /opt/airflow/dags/weekly_summary_pipeline.py
[2026-04-04T15:04:34.021+0000] {processor.py:840} INFO - DAG(s) 'weekly_summary_pipeline' retrieved from /opt/airflow/dags/weekly_summary_pipeline.py
[2026-04-04T15:04:34.053+0000] {logging_mixin.py:188} INFO - [2026-04-04T15:04:34.053+0000] {dag.py:3036} INFO - Sync 1 DAGs
[2026-04-04T15:04:34.078+0000] {logging_mixin.py:188} INFO - [2026-04-04T15:04:34.078+0000] {dag.py:3823} INFO - Setting next_dagrun for weekly_summary_pipeline to 2026-03-30 06:00:00+00:00, run_after=2026-04-06 06:00:00+00:00
[2026-04-04T15:04:34.098+0000] {processor.py:183} INFO - Processing /opt/airflow/dags/weekly_summary_pipeline.py took 0.107 seconds
[2026-04-04T15:05:04.142+0000] {processor.py:161} INFO - Started process (PID=5622) to work on /opt/airflow/dags/weekly_summary_pipeline.py
[2026-04-04T15:05:04.143+0000] {processor.py:830} INFO - Processing file /opt/airflow/dags/weekly_summary_pipeline.py for tasks to queue
[2026-04-04T15:05:04.144+0000] {logging_mixin.py:188} INFO - [2026-04-04T15:05:04.143+0000] {dagbag.py:538} INFO - Filling up the DagBag from /opt/airflow/dags/weekly_summary_pipeline.py
[2026-04-04T15:05:04.160+0000] {processor.py:840} INFO - DAG(s) 'weekly_summary_pipeline' retrieved from /opt/airflow/dags/weekly_summary_pipeline.py
[2026-04-04T15:05:04.192+0000] {logging_mixin.py:188} INFO - [2026-04-04T15:05:04.192+0000] {dag.py:3036} INFO - Sync 1 DAGs
[2026-04-04T15:05:04.215+0000] {logging_mixin.py:188} INFO - [2026-04-04T15:05:04.215+0000] {dag.py:3823} INFO - Setting next_dagrun for weekly_summary_pipeline to 2026-03-30 06:00:00+00:00, run_after=2026-04-06 06:00:00+00:00
[2026-04-04T15:05:04.473+0000] {processor.py:183} INFO - Processing /opt/airflow/dags/weekly_summary_pipeline.py took 0.334 seconds
[2026-04-04T15:05:35.262+0000] {processor.py:161} INFO - Started process (PID=5645) to work on /opt/airflow/dags/weekly_summary_pipeline.py
[2026-04-04T15:05:35.263+0000] {processor.py:830} INFO - Processing file /opt/airflow/dags/weekly_summary_pipeline.py for tasks to queue
[2026-04-04T15:05:35.264+0000] {logging_mixin.py:188} INFO - [2026-04-04T15:05:35.264+0000] {dagbag.py:538} INFO - Filling up the DagBag from /opt/airflow/dags/weekly_summary_pipeline.py
[2026-04-04T15:05:35.282+0000] {processor.py:840} INFO - DAG(s) 'weekly_summary_pipeline' retrieved from /opt/airflow/dags/weekly_summary_pipeline.py
[2026-04-04T15:05:35.312+0000] {logging_mixin.py:188} INFO - [2026-04-04T15:05:35.312+0000] {dag.py:3036} INFO - Sync 1 DAGs
[2026-04-04T15:05:35.337+0000] {logging_mixin.py:188} INFO - [2026-04-04T15:05:35.337+0000] {dag.py:3823} INFO - Setting next_dagrun for weekly_summary_pipeline to 2026-03-30 06:00:00+00:00, run_after=2026-04-06 06:00:00+00:00
[2026-04-04T15:05:35.357+0000] {processor.py:183} INFO - Processing /opt/airflow/dags/weekly_summary_pipeline.py took 0.097 seconds
[2026-04-04T15:06:06.284+0000] {processor.py:161} INFO - Started process (PID=5668) to work on /opt/airflow/dags/weekly_summary_pipeline.py
[2026-04-04T15:06:06.285+0000] {processor.py:830} INFO - Processing file /opt/airflow/dags/weekly_summary_pipeline.py for tasks to queue
[2026-04-04T15:06:06.286+0000] {logging_mixin.py:188} INFO - [2026-04-04T15:06:06.285+0000] {dagbag.py:538} INFO - Filling up the DagBag from /opt/airflow/dags/weekly_summary_pipeline.py
[2026-04-04T15:06:06.315+0000] {processor.py:840} INFO - DAG(s) 'weekly_summary_pipeline' retrieved from /opt/airflow/dags/weekly_summary_pipeline.py
[2026-04-04T15:06:06.349+0000] {logging_mixin.py:188} INFO - [2026-04-04T15:06:06.349+0000] {dag.py:3036} INFO - Sync 1 DAGs
[2026-04-04T15:06:06.373+0000] {logging_mixin.py:188} INFO - [2026-04-04T15:06:06.373+0000] {dag.py:3823} INFO - Setting next_dagrun for weekly_summary_pipeline to 2026-03-30 06:00:00+00:00, run_after=2026-04-06 06:00:00+00:00
[2026-04-04T15:06:06.393+0000] {processor.py:183} INFO - Processing /opt/airflow/dags/weekly_summary_pipeline.py took 0.112 seconds
[2026-04-04T15:06:37.346+0000] {processor.py:161} INFO - Started process (PID=5691) to work on /opt/airflow/dags/weekly_summary_pipeline.py
[2026-04-04T15:06:37.347+0000] {processor.py:830} INFO - Processing file /opt/airflow/dags/weekly_summary_pipeline.py for tasks to queue
[2026-04-04T15:06:37.348+0000] {logging_mixin.py:188} INFO - [2026-04-04T15:06:37.348+0000] {dagbag.py:538} INFO - Filling up the DagBag from /opt/airflow/dags/weekly_summary_pipeline.py
[2026-04-04T15:06:37.369+0000] {processor.py:840} INFO - DAG(s) 'weekly_summary_pipeline' retrieved from /opt/airflow/dags/weekly_summary_pipeline.py
[2026-04-04T15:06:37.402+0000] {logging_mixin.py:188} INFO - [2026-04-04T15:06:37.402+0000] {dag.py:3036} INFO - Sync 1 DAGs
[2026-04-04T15:06:37.426+0000] {logging_mixin.py:188} INFO - [2026-04-04T15:06:37.425+0000] {dag.py:3823} INFO - Setting next_dagrun for weekly_summary_pipeline to 2026-03-30 06:00:00+00:00, run_after=2026-04-06 06:00:00+00:00
[2026-04-04T15:06:37.445+0000] {processor.py:183} INFO - Processing /opt/airflow/dags/weekly_summary_pipeline.py took 0.101 seconds
[2026-04-04T15:07:07.611+0000] {processor.py:161} INFO - Started process (PID=5716) to work on /opt/airflow/dags/weekly_summary_pipeline.py
[2026-04-04T15:07:07.612+0000] {processor.py:830} INFO - Processing file /opt/airflow/dags/weekly_summary_pipeline.py for tasks to queue
[2026-04-04T15:07:07.613+0000] {logging_mixin.py:188} INFO - [2026-04-04T15:07:07.613+0000] {dagbag.py:538} INFO - Filling up the DagBag from /opt/airflow/dags/weekly_summary_pipeline.py
[2026-04-04T15:07:07.633+0000] {processor.py:840} INFO - DAG(s) 'weekly_summary_pipeline' retrieved from /opt/airflow/dags/weekly_summary_pipeline.py
[2026-04-04T15:07:07.667+0000] {logging_mixin.py:188} INFO - [2026-04-04T15:07:07.667+0000] {dag.py:3036} INFO - Sync 1 DAGs
[2026-04-04T15:07:07.692+0000] {logging_mixin.py:188} INFO - [2026-04-04T15:07:07.692+0000] {dag.py:3823} INFO - Setting next_dagrun for weekly_summary_pipeline to 2026-03-30 06:00:00+00:00, run_after=2026-04-06 06:00:00+00:00
[2026-04-04T15:07:07.713+0000] {processor.py:183} INFO - Processing /opt/airflow/dags/weekly_summary_pipeline.py took 0.104 seconds
[2026-04-04T15:07:38.208+0000] {processor.py:161} INFO - Started process (PID=5737) to work on /opt/airflow/dags/weekly_summary_pipeline.py
[2026-04-04T15:07:38.209+0000] {processor.py:830} INFO - Processing file /opt/airflow/dags/weekly_summary_pipeline.py for tasks to queue
[2026-04-04T15:07:38.209+0000] {logging_mixin.py:188} INFO - [2026-04-04T15:07:38.209+0000] {dagbag.py:538} INFO - Filling up the DagBag from /opt/airflow/dags/weekly_summary_pipeline.py
[2026-04-04T15:07:38.230+0000] {processor.py:840} INFO - DAG(s) 'weekly_summary_pipeline' retrieved from /opt/airflow/dags/weekly_summary_pipeline.py
[2026-04-04T15:07:38.258+0000] {logging_mixin.py:188} INFO - [2026-04-04T15:07:38.258+0000] {dag.py:3036} INFO - Sync 1 DAGs
[2026-04-04T15:07:38.286+0000] {logging_mixin.py:188} INFO - [2026-04-04T15:07:38.286+0000] {dag.py:3823} INFO - Setting next_dagrun for weekly_summary_pipeline to 2026-03-30 06:00:00+00:00, run_after=2026-04-06 06:00:00+00:00
[2026-04-04T15:07:38.311+0000] {processor.py:183} INFO - Processing /opt/airflow/dags/weekly_summary_pipeline.py took 0.106 seconds
[2026-04-04T15:08:08.847+0000] {processor.py:161} INFO - Started process (PID=5760) to work on /opt/airflow/dags/weekly_summary_pipeline.py
[2026-04-04T15:08:08.848+0000] {processor.py:830} INFO - Processing file /opt/airflow/dags/weekly_summary_pipeline.py for tasks to queue
[2026-04-04T15:08:08.849+0000] {logging_mixin.py:188} INFO - [2026-04-04T15:08:08.849+0000] {dagbag.py:538} INFO - Filling up the DagBag from /opt/airflow/dags/weekly_summary_pipeline.py
[2026-04-04T15:08:08.874+0000] {processor.py:840} INFO - DAG(s) 'weekly_summary_pipeline' retrieved from /opt/airflow/dags/weekly_summary_pipeline.py
[2026-04-04T15:08:08.913+0000] {logging_mixin.py:188} INFO - [2026-04-04T15:08:08.913+0000] {dag.py:3036} INFO - Sync 1 DAGs
[2026-04-04T15:08:08.940+0000] {logging_mixin.py:188} INFO - [2026-04-04T15:08:08.940+0000] {dag.py:3823} INFO - Setting next_dagrun for weekly_summary_pipeline to 2026-03-30 06:00:00+00:00, run_after=2026-04-06 06:00:00+00:00
[2026-04-04T15:08:08.970+0000] {processor.py:183} INFO - Processing /opt/airflow/dags/weekly_summary_pipeline.py took 0.126 seconds
[2026-04-04T15:08:39.586+0000] {processor.py:161} INFO - Started process (PID=5783) to work on /opt/airflow/dags/weekly_summary_pipeline.py
[2026-04-04T15:08:39.587+0000] {processor.py:830} INFO - Processing file /opt/airflow/dags/weekly_summary_pipeline.py for tasks to queue
[2026-04-04T15:08:39.588+0000] {logging_mixin.py:188} INFO - [2026-04-04T15:08:39.587+0000] {dagbag.py:538} INFO - Filling up the DagBag from /opt/airflow/dags/weekly_summary_pipeline.py
[2026-04-04T15:08:39.610+0000] {processor.py:840} INFO - DAG(s) 'weekly_summary_pipeline' retrieved from /opt/airflow/dags/weekly_summary_pipeline.py
[2026-04-04T15:08:39.642+0000] {logging_mixin.py:188} INFO - [2026-04-04T15:08:39.642+0000] {dag.py:3036} INFO - Sync 1 DAGs
[2026-04-04T15:08:39.668+0000] {logging_mixin.py:188} INFO - [2026-04-04T15:08:39.667+0000] {dag.py:3823} INFO - Setting next_dagrun for weekly_summary_pipeline to 2026-03-30 06:00:00+00:00, run_after=2026-04-06 06:00:00+00:00
[2026-04-04T15:08:39.690+0000] {processor.py:183} INFO - Processing /opt/airflow/dags/weekly_summary_pipeline.py took 0.106 seconds
[2026-04-04T15:09:10.634+0000] {processor.py:161} INFO - Started process (PID=5806) to work on /opt/airflow/dags/weekly_summary_pipeline.py
[2026-04-04T15:09:10.635+0000] {processor.py:830} INFO - Processing file /opt/airflow/dags/weekly_summary_pipeline.py for tasks to queue
[2026-04-04T15:09:10.636+0000] {logging_mixin.py:188} INFO - [2026-04-04T15:09:10.635+0000] {dagbag.py:538} INFO - Filling up the DagBag from /opt/airflow/dags/weekly_summary_pipeline.py
[2026-04-04T15:09:10.659+0000] {processor.py:840} INFO - DAG(s) 'weekly_summary_pipeline' retrieved from /opt/airflow/dags/weekly_summary_pipeline.py
[2026-04-04T15:09:10.690+0000] {logging_mixin.py:188} INFO - [2026-04-04T15:09:10.690+0000] {dag.py:3036} INFO - Sync 1 DAGs
[2026-04-04T15:09:10.713+0000] {logging_mixin.py:188} INFO - [2026-04-04T15:09:10.713+0000] {dag.py:3823} INFO - Setting next_dagrun for weekly_summary_pipeline to 2026-03-30 06:00:00+00:00, run_after=2026-04-06 06:00:00+00:00
[2026-04-04T15:09:10.735+0000] {processor.py:183} INFO - Processing /opt/airflow/dags/weekly_summary_pipeline.py took 0.104 seconds
[2026-04-04T15:09:41.663+0000] {processor.py:161} INFO - Started process (PID=5829) to work on /opt/airflow/dags/weekly_summary_pipeline.py
[2026-04-04T15:09:41.664+0000] {processor.py:830} INFO - Processing file /opt/airflow/dags/weekly_summary_pipeline.py for tasks to queue
[2026-04-04T15:09:41.665+0000] {logging_mixin.py:188} INFO - [2026-04-04T15:09:41.665+0000] {dagbag.py:538} INFO - Filling up the DagBag from /opt/airflow/dags/weekly_summary_pipeline.py
[2026-04-04T15:09:41.684+0000] {processor.py:840} INFO - DAG(s) 'weekly_summary_pipeline' retrieved from /opt/airflow/dags/weekly_summary_pipeline.py
[2026-04-04T15:09:41.711+0000] {logging_mixin.py:188} INFO - [2026-04-04T15:09:41.711+0000] {dag.py:3036} INFO - Sync 1 DAGs
[2026-04-04T15:09:41.736+0000] {logging_mixin.py:188} INFO - [2026-04-04T15:09:41.736+0000] {dag.py:3823} INFO - Setting next_dagrun for weekly_summary_pipeline to 2026-03-30 06:00:00+00:00, run_after=2026-04-06 06:00:00+00:00
[2026-04-04T15:09:41.754+0000] {processor.py:183} INFO - Processing /opt/airflow/dags/weekly_summary_pipeline.py took 0.094 seconds
[2026-04-04T15:10:12.725+0000] {processor.py:161} INFO - Started process (PID=5852) to work on /opt/airflow/dags/weekly_summary_pipeline.py
[2026-04-04T15:10:12.726+0000] {processor.py:830} INFO - Processing file /opt/airflow/dags/weekly_summary_pipeline.py for tasks to queue
[2026-04-04T15:10:12.727+0000] {logging_mixin.py:188} INFO - [2026-04-04T15:10:12.726+0000] {dagbag.py:538} INFO - Filling up the DagBag from /opt/airflow/dags/weekly_summary_pipeline.py
[2026-04-04T15:10:12.746+0000] {processor.py:840} INFO - DAG(s) 'weekly_summary_pipeline' retrieved from /opt/airflow/dags/weekly_summary_pipeline.py
[2026-04-04T15:10:12.773+0000] {logging_mixin.py:188} INFO - [2026-04-04T15:10:12.773+0000] {dag.py:3036} INFO - Sync 1 DAGs
[2026-04-04T15:10:12.795+0000] {logging_mixin.py:188} INFO - [2026-04-04T15:10:12.794+0000] {dag.py:3823} INFO - Setting next_dagrun for weekly_summary_pipeline to 2026-03-30 06:00:00+00:00, run_after=2026-04-06 06:00:00+00:00
[2026-04-04T15:10:12.827+0000] {processor.py:183} INFO - Processing /opt/airflow/dags/weekly_summary_pipeline.py took 0.104 seconds
[2026-04-04T15:10:43.390+0000] {processor.py:161} INFO - Started process (PID=5875) to work on /opt/airflow/dags/weekly_summary_pipeline.py
[2026-04-04T15:10:43.391+0000] {processor.py:830} INFO - Processing file /opt/airflow/dags/weekly_summary_pipeline.py for tasks to queue
[2026-04-04T15:10:43.392+0000] {logging_mixin.py:188} INFO - [2026-04-04T15:10:43.392+0000] {dagbag.py:538} INFO - Filling up the DagBag from /opt/airflow/dags/weekly_summary_pipeline.py
[2026-04-04T15:10:43.418+0000] {processor.py:840} INFO - DAG(s) 'weekly_summary_pipeline' retrieved from /opt/airflow/dags/weekly_summary_pipeline.py
[2026-04-04T15:10:43.447+0000] {logging_mixin.py:188} INFO - [2026-04-04T15:10:43.447+0000] {dag.py:3036} INFO - Sync 1 DAGs
[2026-04-04T15:10:43.473+0000] {logging_mixin.py:188} INFO - [2026-04-04T15:10:43.473+0000] {dag.py:3823} INFO - Setting next_dagrun for weekly_summary_pipeline to 2026-03-30 06:00:00+00:00, run_after=2026-04-06 06:00:00+00:00
[2026-04-04T15:10:43.521+0000] {processor.py:183} INFO - Processing /opt/airflow/dags/weekly_summary_pipeline.py took 0.135 seconds
[2026-04-04T15:11:14.070+0000] {processor.py:161} INFO - Started process (PID=5890) to work on /opt/airflow/dags/weekly_summary_pipeline.py
[2026-04-04T15:11:14.071+0000] {processor.py:830} INFO - Processing file /opt/airflow/dags/weekly_summary_pipeline.py for tasks to queue
[2026-04-04T15:11:14.073+0000] {logging_mixin.py:188} INFO - [2026-04-04T15:11:14.072+0000] {dagbag.py:538} INFO - Filling up the DagBag from /opt/airflow/dags/weekly_summary_pipeline.py
[2026-04-04T15:11:14.098+0000] {processor.py:840} INFO - DAG(s) 'weekly_summary_pipeline' retrieved from /opt/airflow/dags/weekly_summary_pipeline.py
[2026-04-04T15:11:14.133+0000] {logging_mixin.py:188} INFO - [2026-04-04T15:11:14.133+0000] {dag.py:3036} INFO - Sync 1 DAGs
[2026-04-04T15:11:14.158+0000] {logging_mixin.py:188} INFO - [2026-04-04T15:11:14.158+0000] {dag.py:3823} INFO - Setting next_dagrun for weekly_summary_pipeline to 2026-03-30 06:00:00+00:00, run_after=2026-04-06 06:00:00+00:00
[2026-04-04T15:11:14.181+0000] {processor.py:183} INFO - Processing /opt/airflow/dags/weekly_summary_pipeline.py took 0.114 seconds
[2026-04-04T15:11:44.263+0000] {processor.py:161} INFO - Started process (PID=5913) to work on /opt/airflow/dags/weekly_summary_pipeline.py
[2026-04-04T15:11:44.264+0000] {processor.py:830} INFO - Processing file /opt/airflow/dags/weekly_summary_pipeline.py for tasks to queue
[2026-04-04T15:11:44.265+0000] {logging_mixin.py:188} INFO - [2026-04-04T15:11:44.265+0000] {dagbag.py:538} INFO - Filling up the DagBag from /opt/airflow/dags/weekly_summary_pipeline.py
[2026-04-04T15:11:44.283+0000] {processor.py:840} INFO - DAG(s) 'weekly_summary_pipeline' retrieved from /opt/airflow/dags/weekly_summary_pipeline.py
[2026-04-04T15:11:44.315+0000] {logging_mixin.py:188} INFO - [2026-04-04T15:11:44.314+0000] {dag.py:3036} INFO - Sync 1 DAGs
[2026-04-04T15:11:44.337+0000] {logging_mixin.py:188} INFO - [2026-04-04T15:11:44.337+0000] {dag.py:3823} INFO - Setting next_dagrun for weekly_summary_pipeline to 2026-03-30 06:00:00+00:00, run_after=2026-04-06 06:00:00+00:00
[2026-04-04T15:11:44.358+0000] {processor.py:183} INFO - Processing /opt/airflow/dags/weekly_summary_pipeline.py took 0.097 seconds
[2026-04-04T15:12:15.363+0000] {processor.py:161} INFO - Started process (PID=5936) to work on /opt/airflow/dags/weekly_summary_pipeline.py
[2026-04-04T15:12:15.364+0000] {processor.py:830} INFO - Processing file /opt/airflow/dags/weekly_summary_pipeline.py for tasks to queue
[2026-04-04T15:12:15.365+0000] {logging_mixin.py:188} INFO - [2026-04-04T15:12:15.364+0000] {dagbag.py:538} INFO - Filling up the DagBag from /opt/airflow/dags/weekly_summary_pipeline.py
[2026-04-04T15:12:15.388+0000] {processor.py:840} INFO - DAG(s) 'weekly_summary_pipeline' retrieved from /opt/airflow/dags/weekly_summary_pipeline.py
[2026-04-04T15:12:15.418+0000] {logging_mixin.py:188} INFO - [2026-04-04T15:12:15.418+0000] {dag.py:3036} INFO - Sync 1 DAGs
[2026-04-04T15:12:15.443+0000] {logging_mixin.py:188} INFO - [2026-04-04T15:12:15.443+0000] {dag.py:3823} INFO - Setting next_dagrun for weekly_summary_pipeline to 2026-03-30 06:00:00+00:00, run_after=2026-04-06 06:00:00+00:00
[2026-04-04T15:12:15.464+0000] {processor.py:183} INFO - Processing /opt/airflow/dags/weekly_summary_pipeline.py took 0.105 seconds
[2026-04-04T15:12:46.022+0000] {processor.py:161} INFO - Started process (PID=5959) to work on /opt/airflow/dags/weekly_summary_pipeline.py
[2026-04-04T15:12:46.023+0000] {processor.py:830} INFO - Processing file /opt/airflow/dags/weekly_summary_pipeline.py for tasks to queue
[2026-04-04T15:12:46.024+0000] {logging_mixin.py:188} INFO - [2026-04-04T15:12:46.024+0000] {dagbag.py:538} INFO - Filling up the DagBag from /opt/airflow/dags/weekly_summary_pipeline.py
[2026-04-04T15:12:46.044+0000] {processor.py:840} INFO - DAG(s) 'weekly_summary_pipeline' retrieved from /opt/airflow/dags/weekly_summary_pipeline.py
[2026-04-04T15:12:46.070+0000] {logging_mixin.py:188} INFO - [2026-04-04T15:12:46.070+0000] {dag.py:3036} INFO - Sync 1 DAGs
[2026-04-04T15:12:46.094+0000] {logging_mixin.py:188} INFO - [2026-04-04T15:12:46.093+0000] {dag.py:3823} INFO - Setting next_dagrun for weekly_summary_pipeline to 2026-03-30 06:00:00+00:00, run_after=2026-04-06 06:00:00+00:00
[2026-04-04T15:12:46.114+0000] {processor.py:183} INFO - Processing /opt/airflow/dags/weekly_summary_pipeline.py took 0.094 seconds
[2026-04-04T15:13:17.055+0000] {processor.py:161} INFO - Started process (PID=5982) to work on /opt/airflow/dags/weekly_summary_pipeline.py
[2026-04-04T15:13:17.056+0000] {processor.py:830} INFO - Processing file /opt/airflow/dags/weekly_summary_pipeline.py for tasks to queue
[2026-04-04T15:13:17.057+0000] {logging_mixin.py:188} INFO - [2026-04-04T15:13:17.057+0000] {dagbag.py:538} INFO - Filling up the DagBag from /opt/airflow/dags/weekly_summary_pipeline.py
[2026-04-04T15:13:17.079+0000] {processor.py:840} INFO - DAG(s) 'weekly_summary_pipeline' retrieved from /opt/airflow/dags/weekly_summary_pipeline.py
[2026-04-04T15:13:17.109+0000] {logging_mixin.py:188} INFO - [2026-04-04T15:13:17.108+0000] {dag.py:3036} INFO - Sync 1 DAGs
[2026-04-04T15:13:17.134+0000] {logging_mixin.py:188} INFO - [2026-04-04T15:13:17.134+0000] {dag.py:3823} INFO - Setting next_dagrun for weekly_summary_pipeline to 2026-03-30 06:00:00+00:00, run_after=2026-04-06 06:00:00+00:00
[2026-04-04T15:13:17.156+0000] {processor.py:183} INFO - Processing /opt/airflow/dags/weekly_summary_pipeline.py took 0.103 seconds
[2026-04-04T15:13:47.248+0000] {processor.py:161} INFO - Started process (PID=6005) to work on /opt/airflow/dags/weekly_summary_pipeline.py
[2026-04-04T15:13:47.249+0000] {processor.py:830} INFO - Processing file /opt/airflow/dags/weekly_summary_pipeline.py for tasks to queue
[2026-04-04T15:13:47.250+0000] {logging_mixin.py:188} INFO - [2026-04-04T15:13:47.250+0000] {dagbag.py:538} INFO - Filling up the DagBag from /opt/airflow/dags/weekly_summary_pipeline.py
[2026-04-04T15:13:47.270+0000] {processor.py:840} INFO - DAG(s) 'weekly_summary_pipeline' retrieved from /opt/airflow/dags/weekly_summary_pipeline.py
[2026-04-04T15:13:47.298+0000] {logging_mixin.py:188} INFO - [2026-04-04T15:13:47.298+0000] {dag.py:3036} INFO - Sync 1 DAGs
[2026-04-04T15:13:47.320+0000] {logging_mixin.py:188} INFO - [2026-04-04T15:13:47.320+0000] {dag.py:3823} INFO - Setting next_dagrun for weekly_summary_pipeline to 2026-03-30 06:00:00+00:00, run_after=2026-04-06 06:00:00+00:00
[2026-04-04T15:13:47.340+0000] {processor.py:183} INFO - Processing /opt/airflow/dags/weekly_summary_pipeline.py took 0.094 seconds
[2026-04-04T15:14:17.944+0000] {processor.py:161} INFO - Started process (PID=6028) to work on /opt/airflow/dags/weekly_summary_pipeline.py
[2026-04-04T15:14:17.945+0000] {processor.py:830} INFO - Processing file /opt/airflow/dags/weekly_summary_pipeline.py for tasks to queue
[2026-04-04T15:14:17.946+0000] {logging_mixin.py:188} INFO - [2026-04-04T15:14:17.946+0000] {dagbag.py:538} INFO - Filling up the DagBag from /opt/airflow/dags/weekly_summary_pipeline.py
[2026-04-04T15:14:17.966+0000] {processor.py:840} INFO - DAG(s) 'weekly_summary_pipeline' retrieved from /opt/airflow/dags/weekly_summary_pipeline.py
[2026-04-04T15:14:17.996+0000] {logging_mixin.py:188} INFO - [2026-04-04T15:14:17.996+0000] {dag.py:3036} INFO - Sync 1 DAGs
[2026-04-04T15:14:18.020+0000] {logging_mixin.py:188} INFO - [2026-04-04T15:14:18.020+0000] {dag.py:3823} INFO - Setting next_dagrun for weekly_summary_pipeline to 2026-03-30 06:00:00+00:00, run_after=2026-04-06 06:00:00+00:00
[2026-04-04T15:14:18.042+0000] {processor.py:183} INFO - Processing /opt/airflow/dags/weekly_summary_pipeline.py took 0.101 seconds
[2026-04-04T15:14:48.218+0000] {processor.py:161} INFO - Started process (PID=6053) to work on /opt/airflow/dags/weekly_summary_pipeline.py
[2026-04-04T15:14:48.219+0000] {processor.py:830} INFO - Processing file /opt/airflow/dags/weekly_summary_pipeline.py for tasks to queue
[2026-04-04T15:14:48.220+0000] {logging_mixin.py:188} INFO - [2026-04-04T15:14:48.219+0000] {dagbag.py:538} INFO - Filling up the DagBag from /opt/airflow/dags/weekly_summary_pipeline.py
[2026-04-04T15:14:48.243+0000] {processor.py:840} INFO - DAG(s) 'weekly_summary_pipeline' retrieved from /opt/airflow/dags/weekly_summary_pipeline.py
[2026-04-04T15:14:48.273+0000] {logging_mixin.py:188} INFO - [2026-04-04T15:14:48.273+0000] {dag.py:3036} INFO - Sync 1 DAGs
[2026-04-04T15:14:48.297+0000] {logging_mixin.py:188} INFO - [2026-04-04T15:14:48.297+0000] {dag.py:3823} INFO - Setting next_dagrun for weekly_summary_pipeline to 2026-03-30 06:00:00+00:00, run_after=2026-04-06 06:00:00+00:00
[2026-04-04T15:14:48.320+0000] {processor.py:183} INFO - Processing /opt/airflow/dags/weekly_summary_pipeline.py took 0.104 seconds
[2026-04-04T15:15:18.572+0000] {processor.py:161} INFO - Started process (PID=6074) to work on /opt/airflow/dags/weekly_summary_pipeline.py
[2026-04-04T15:15:18.574+0000] {processor.py:830} INFO - Processing file /opt/airflow/dags/weekly_summary_pipeline.py for tasks to queue
[2026-04-04T15:15:18.575+0000] {logging_mixin.py:188} INFO - [2026-04-04T15:15:18.574+0000] {dagbag.py:538} INFO - Filling up the DagBag from /opt/airflow/dags/weekly_summary_pipeline.py
[2026-04-04T15:15:18.597+0000] {processor.py:840} INFO - DAG(s) 'weekly_summary_pipeline' retrieved from /opt/airflow/dags/weekly_summary_pipeline.py
[2026-04-04T15:15:18.631+0000] {logging_mixin.py:188} INFO - [2026-04-04T15:15:18.631+0000] {dag.py:3036} INFO - Sync 1 DAGs
[2026-04-04T15:15:18.660+0000] {logging_mixin.py:188} INFO - [2026-04-04T15:15:18.660+0000] {dag.py:3823} INFO - Setting next_dagrun for weekly_summary_pipeline to 2026-03-30 06:00:00+00:00, run_after=2026-04-06 06:00:00+00:00
[2026-04-04T15:15:18.685+0000] {processor.py:183} INFO - Processing /opt/airflow/dags/weekly_summary_pipeline.py took 0.116 seconds
[2026-04-04T15:15:48.880+0000] {processor.py:161} INFO - Started process (PID=6097) to work on /opt/airflow/dags/weekly_summary_pipeline.py
[2026-04-04T15:15:48.881+0000] {processor.py:830} INFO - Processing file /opt/airflow/dags/weekly_summary_pipeline.py for tasks to queue
[2026-04-04T15:15:48.882+0000] {logging_mixin.py:188} INFO - [2026-04-04T15:15:48.882+0000] {dagbag.py:538} INFO - Filling up the DagBag from /opt/airflow/dags/weekly_summary_pipeline.py
[2026-04-04T15:15:48.911+0000] {processor.py:840} INFO - DAG(s) 'weekly_summary_pipeline' retrieved from /opt/airflow/dags/weekly_summary_pipeline.py
[2026-04-04T15:15:48.957+0000] {logging_mixin.py:188} INFO - [2026-04-04T15:15:48.957+0000] {dag.py:3036} INFO - Sync 1 DAGs
[2026-04-04T15:15:48.982+0000] {logging_mixin.py:188} INFO - [2026-04-04T15:15:48.981+0000] {dag.py:3823} INFO - Setting next_dagrun for weekly_summary_pipeline to 2026-03-30 06:00:00+00:00, run_after=2026-04-06 06:00:00+00:00
[2026-04-04T15:15:49.000+0000] {processor.py:183} INFO - Processing /opt/airflow/dags/weekly_summary_pipeline.py took 0.124 seconds
[2026-04-04T15:16:19.071+0000] {processor.py:161} INFO - Started process (PID=6120) to work on /opt/airflow/dags/weekly_summary_pipeline.py
[2026-04-04T15:16:19.072+0000] {processor.py:830} INFO - Processing file /opt/airflow/dags/weekly_summary_pipeline.py for tasks to queue
[2026-04-04T15:16:19.073+0000] {logging_mixin.py:188} INFO - [2026-04-04T15:16:19.073+0000] {dagbag.py:538} INFO - Filling up the DagBag from /opt/airflow/dags/weekly_summary_pipeline.py
[2026-04-04T15:16:19.093+0000] {processor.py:840} INFO - DAG(s) 'weekly_summary_pipeline' retrieved from /opt/airflow/dags/weekly_summary_pipeline.py
[2026-04-04T15:16:19.122+0000] {logging_mixin.py:188} INFO - [2026-04-04T15:16:19.122+0000] {dag.py:3036} INFO - Sync 1 DAGs
[2026-04-04T15:16:19.147+0000] {logging_mixin.py:188} INFO - [2026-04-04T15:16:19.146+0000] {dag.py:3823} INFO - Setting next_dagrun for weekly_summary_pipeline to 2026-03-30 06:00:00+00:00, run_after=2026-04-06 06:00:00+00:00
[2026-04-04T15:16:19.165+0000] {processor.py:183} INFO - Processing /opt/airflow/dags/weekly_summary_pipeline.py took 0.098 seconds
[2026-04-04T15:16:49.711+0000] {processor.py:161} INFO - Started process (PID=6143) to work on /opt/airflow/dags/weekly_summary_pipeline.py
[2026-04-04T15:16:49.712+0000] {processor.py:830} INFO - Processing file /opt/airflow/dags/weekly_summary_pipeline.py for tasks to queue
[2026-04-04T15:16:49.713+0000] {logging_mixin.py:188} INFO - [2026-04-04T15:16:49.712+0000] {dagbag.py:538} INFO - Filling up the DagBag from /opt/airflow/dags/weekly_summary_pipeline.py
[2026-04-04T15:16:49.733+0000] {processor.py:840} INFO - DAG(s) 'weekly_summary_pipeline' retrieved from /opt/airflow/dags/weekly_summary_pipeline.py
[2026-04-04T15:16:49.761+0000] {logging_mixin.py:188} INFO - [2026-04-04T15:16:49.761+0000] {dag.py:3036} INFO - Sync 1 DAGs
[2026-04-04T15:16:49.784+0000] {logging_mixin.py:188} INFO - [2026-04-04T15:16:49.784+0000] {dag.py:3823} INFO - Setting next_dagrun for weekly_summary_pipeline to 2026-03-30 06:00:00+00:00, run_after=2026-04-06 06:00:00+00:00
[2026-04-04T15:16:49.805+0000] {processor.py:183} INFO - Processing /opt/airflow/dags/weekly_summary_pipeline.py took 0.098 seconds
[2026-04-04T15:17:20.420+0000] {processor.py:161} INFO - Started process (PID=6166) to work on /opt/airflow/dags/weekly_summary_pipeline.py
[2026-04-04T15:17:20.421+0000] {processor.py:830} INFO - Processing file /opt/airflow/dags/weekly_summary_pipeline.py for tasks to queue
[2026-04-04T15:17:20.422+0000] {logging_mixin.py:188} INFO - [2026-04-04T15:17:20.422+0000] {dagbag.py:538} INFO - Filling up the DagBag from /opt/airflow/dags/weekly_summary_pipeline.py
[2026-04-04T15:17:20.442+0000] {processor.py:840} INFO - DAG(s) 'weekly_summary_pipeline' retrieved from /opt/airflow/dags/weekly_summary_pipeline.py
[2026-04-04T15:17:20.471+0000] {logging_mixin.py:188} INFO - [2026-04-04T15:17:20.471+0000] {dag.py:3036} INFO - Sync 1 DAGs
[2026-04-04T15:17:20.495+0000] {logging_mixin.py:188} INFO - [2026-04-04T15:17:20.495+0000] {dag.py:3823} INFO - Setting next_dagrun for weekly_summary_pipeline to 2026-03-30 06:00:00+00:00, run_after=2026-04-06 06:00:00+00:00
[2026-04-04T15:17:20.514+0000] {processor.py:183} INFO - Processing /opt/airflow/dags/weekly_summary_pipeline.py took 0.097 seconds
[2026-04-04T15:17:50.610+0000] {processor.py:161} INFO - Started process (PID=6189) to work on /opt/airflow/dags/weekly_summary_pipeline.py
[2026-04-04T15:17:50.611+0000] {processor.py:830} INFO - Processing file /opt/airflow/dags/weekly_summary_pipeline.py for tasks to queue
[2026-04-04T15:17:50.612+0000] {logging_mixin.py:188} INFO - [2026-04-04T15:17:50.612+0000] {dagbag.py:538} INFO - Filling up the DagBag from /opt/airflow/dags/weekly_summary_pipeline.py
[2026-04-04T15:17:50.637+0000] {processor.py:840} INFO - DAG(s) 'weekly_summary_pipeline' retrieved from /opt/airflow/dags/weekly_summary_pipeline.py
[2026-04-04T15:17:50.672+0000] {logging_mixin.py:188} INFO - [2026-04-04T15:17:50.672+0000] {dag.py:3036} INFO - Sync 1 DAGs
[2026-04-04T15:17:50.698+0000] {logging_mixin.py:188} INFO - [2026-04-04T15:17:50.697+0000] {dag.py:3823} INFO - Setting next_dagrun for weekly_summary_pipeline to 2026-03-30 06:00:00+00:00, run_after=2026-04-06 06:00:00+00:00
[2026-04-04T15:17:50.719+0000] {processor.py:183} INFO - Processing /opt/airflow/dags/weekly_summary_pipeline.py took 0.113 seconds
[2026-04-04T15:18:20.809+0000] {processor.py:161} INFO - Started process (PID=6212) to work on /opt/airflow/dags/weekly_summary_pipeline.py
[2026-04-04T15:18:20.811+0000] {processor.py:830} INFO - Processing file /opt/airflow/dags/weekly_summary_pipeline.py for tasks to queue
[2026-04-04T15:18:20.813+0000] {logging_mixin.py:188} INFO - [2026-04-04T15:18:20.812+0000] {dagbag.py:538} INFO - Filling up the DagBag from /opt/airflow/dags/weekly_summary_pipeline.py
[2026-04-04T15:18:20.853+0000] {processor.py:840} INFO - DAG(s) 'weekly_summary_pipeline' retrieved from /opt/airflow/dags/weekly_summary_pipeline.py
[2026-04-04T15:18:20.891+0000] {logging_mixin.py:188} INFO - [2026-04-04T15:18:20.891+0000] {dag.py:3036} INFO - Sync 1 DAGs
[2026-04-04T15:18:20.930+0000] {logging_mixin.py:188} INFO - [2026-04-04T15:18:20.929+0000] {dag.py:3823} INFO - Setting next_dagrun for weekly_summary_pipeline to 2026-03-30 06:00:00+00:00, run_after=2026-04-06 06:00:00+00:00
[2026-04-04T15:18:20.955+0000] {processor.py:183} INFO - Processing /opt/airflow/dags/weekly_summary_pipeline.py took 0.152 seconds
[2026-04-04T15:18:51.504+0000] {processor.py:161} INFO - Started process (PID=6227) to work on /opt/airflow/dags/weekly_summary_pipeline.py
[2026-04-04T15:18:51.505+0000] {processor.py:830} INFO - Processing file /opt/airflow/dags/weekly_summary_pipeline.py for tasks to queue
[2026-04-04T15:18:51.506+0000] {logging_mixin.py:188} INFO - [2026-04-04T15:18:51.506+0000] {dagbag.py:538} INFO - Filling up the DagBag from /opt/airflow/dags/weekly_summary_pipeline.py
[2026-04-04T15:18:51.536+0000] {processor.py:840} INFO - DAG(s) 'weekly_summary_pipeline' retrieved from /opt/airflow/dags/weekly_summary_pipeline.py
[2026-04-04T15:18:51.571+0000] {logging_mixin.py:188} INFO - [2026-04-04T15:18:51.571+0000] {dag.py:3036} INFO - Sync 1 DAGs
[2026-04-04T15:18:51.597+0000] {logging_mixin.py:188} INFO - [2026-04-04T15:18:51.596+0000] {dag.py:3823} INFO - Setting next_dagrun for weekly_summary_pipeline to 2026-03-30 06:00:00+00:00, run_after=2026-04-06 06:00:00+00:00
[2026-04-04T15:18:51.620+0000] {processor.py:183} INFO - Processing /opt/airflow/dags/weekly_summary_pipeline.py took 0.120 seconds
[2026-04-04T15:19:22.202+0000] {processor.py:161} INFO - Started process (PID=6250) to work on /opt/airflow/dags/weekly_summary_pipeline.py
[2026-04-04T15:19:22.203+0000] {processor.py:830} INFO - Processing file /opt/airflow/dags/weekly_summary_pipeline.py for tasks to queue
[2026-04-04T15:19:22.204+0000] {logging_mixin.py:188} INFO - [2026-04-04T15:19:22.204+0000] {dagbag.py:538} INFO - Filling up the DagBag from /opt/airflow/dags/weekly_summary_pipeline.py
[2026-04-04T15:19:22.229+0000] {processor.py:840} INFO - DAG(s) 'weekly_summary_pipeline' retrieved from /opt/airflow/dags/weekly_summary_pipeline.py
[2026-04-04T15:19:22.262+0000] {logging_mixin.py:188} INFO - [2026-04-04T15:19:22.261+0000] {dag.py:3036} INFO - Sync 1 DAGs
[2026-04-04T15:19:22.287+0000] {logging_mixin.py:188} INFO - [2026-04-04T15:19:22.287+0000] {dag.py:3823} INFO - Setting next_dagrun for weekly_summary_pipeline to 2026-03-30 06:00:00+00:00, run_after=2026-04-06 06:00:00+00:00
[2026-04-04T15:19:22.310+0000] {processor.py:183} INFO - Processing /opt/airflow/dags/weekly_summary_pipeline.py took 0.111 seconds
[2026-04-04T15:19:53.206+0000] {processor.py:161} INFO - Started process (PID=6273) to work on /opt/airflow/dags/weekly_summary_pipeline.py
[2026-04-04T15:19:53.207+0000] {processor.py:830} INFO - Processing file /opt/airflow/dags/weekly_summary_pipeline.py for tasks to queue
[2026-04-04T15:19:53.208+0000] {logging_mixin.py:188} INFO - [2026-04-04T15:19:53.208+0000] {dagbag.py:538} INFO - Filling up the DagBag from /opt/airflow/dags/weekly_summary_pipeline.py
[2026-04-04T15:19:53.238+0000] {processor.py:840} INFO - DAG(s) 'weekly_summary_pipeline' retrieved from /opt/airflow/dags/weekly_summary_pipeline.py
[2026-04-04T15:19:53.273+0000] {logging_mixin.py:188} INFO - [2026-04-04T15:19:53.272+0000] {dag.py:3036} INFO - Sync 1 DAGs
[2026-04-04T15:19:53.300+0000] {logging_mixin.py:188} INFO - [2026-04-04T15:19:53.300+0000] {dag.py:3823} INFO - Setting next_dagrun for weekly_summary_pipeline to 2026-03-30 06:00:00+00:00, run_after=2026-04-06 06:00:00+00:00
[2026-04-04T15:19:53.325+0000] {processor.py:183} INFO - Processing /opt/airflow/dags/weekly_summary_pipeline.py took 0.123 seconds
[2026-04-04T15:20:23.902+0000] {processor.py:161} INFO - Started process (PID=6296) to work on /opt/airflow/dags/weekly_summary_pipeline.py
[2026-04-04T15:20:23.903+0000] {processor.py:830} INFO - Processing file /opt/airflow/dags/weekly_summary_pipeline.py for tasks to queue
[2026-04-04T15:20:23.904+0000] {logging_mixin.py:188} INFO - [2026-04-04T15:20:23.903+0000] {dagbag.py:538} INFO - Filling up the DagBag from /opt/airflow/dags/weekly_summary_pipeline.py
[2026-04-04T15:20:23.923+0000] {processor.py:840} INFO - DAG(s) 'weekly_summary_pipeline' retrieved from /opt/airflow/dags/weekly_summary_pipeline.py
[2026-04-04T15:20:23.954+0000] {logging_mixin.py:188} INFO - [2026-04-04T15:20:23.953+0000] {dag.py:3036} INFO - Sync 1 DAGs
[2026-04-04T15:20:23.977+0000] {logging_mixin.py:188} INFO - [2026-04-04T15:20:23.977+0000] {dag.py:3823} INFO - Setting next_dagrun for weekly_summary_pipeline to 2026-03-30 06:00:00+00:00, run_after=2026-04-06 06:00:00+00:00
[2026-04-04T15:20:23.997+0000] {processor.py:183} INFO - Processing /opt/airflow/dags/weekly_summary_pipeline.py took 0.099 seconds
[2026-04-04T15:20:54.534+0000] {processor.py:161} INFO - Started process (PID=6319) to work on /opt/airflow/dags/weekly_summary_pipeline.py
[2026-04-04T15:20:54.535+0000] {processor.py:830} INFO - Processing file /opt/airflow/dags/weekly_summary_pipeline.py for tasks to queue
[2026-04-04T15:20:54.536+0000] {logging_mixin.py:188} INFO - [2026-04-04T15:20:54.535+0000] {dagbag.py:538} INFO - Filling up the DagBag from /opt/airflow/dags/weekly_summary_pipeline.py
[2026-04-04T15:20:54.565+0000] {processor.py:840} INFO - DAG(s) 'weekly_summary_pipeline' retrieved from /opt/airflow/dags/weekly_summary_pipeline.py
[2026-04-04T15:20:54.600+0000] {logging_mixin.py:188} INFO - [2026-04-04T15:20:54.600+0000] {dag.py:3036} INFO - Sync 1 DAGs
[2026-04-04T15:20:54.622+0000] {logging_mixin.py:188} INFO - [2026-04-04T15:20:54.622+0000] {dag.py:3823} INFO - Setting next_dagrun for weekly_summary_pipeline to 2026-03-30 06:00:00+00:00, run_after=2026-04-06 06:00:00+00:00
[2026-04-04T15:20:54.643+0000] {processor.py:183} INFO - Processing /opt/airflow/dags/weekly_summary_pipeline.py took 0.112 seconds
[2026-04-04T15:21:25.589+0000] {processor.py:161} INFO - Started process (PID=6342) to work on /opt/airflow/dags/weekly_summary_pipeline.py
[2026-04-04T15:21:25.590+0000] {processor.py:830} INFO - Processing file /opt/airflow/dags/weekly_summary_pipeline.py for tasks to queue
[2026-04-04T15:21:25.591+0000] {logging_mixin.py:188} INFO - [2026-04-04T15:21:25.591+0000] {dagbag.py:538} INFO - Filling up the DagBag from /opt/airflow/dags/weekly_summary_pipeline.py
[2026-04-04T15:21:25.614+0000] {processor.py:840} INFO - DAG(s) 'weekly_summary_pipeline' retrieved from /opt/airflow/dags/weekly_summary_pipeline.py
[2026-04-04T15:21:25.647+0000] {logging_mixin.py:188} INFO - [2026-04-04T15:21:25.647+0000] {dag.py:3036} INFO - Sync 1 DAGs
[2026-04-04T15:21:25.674+0000] {logging_mixin.py:188} INFO - [2026-04-04T15:21:25.674+0000] {dag.py:3823} INFO - Setting next_dagrun for weekly_summary_pipeline to 2026-03-30 06:00:00+00:00, run_after=2026-04-06 06:00:00+00:00
[2026-04-04T15:21:25.702+0000] {processor.py:183} INFO - Processing /opt/airflow/dags/weekly_summary_pipeline.py took 0.116 seconds
[2026-04-04T15:21:56.400+0000] {processor.py:161} INFO - Started process (PID=6365) to work on /opt/airflow/dags/weekly_summary_pipeline.py
[2026-04-04T15:21:56.402+0000] {processor.py:830} INFO - Processing file /opt/airflow/dags/weekly_summary_pipeline.py for tasks to queue
[2026-04-04T15:21:56.403+0000] {logging_mixin.py:188} INFO - [2026-04-04T15:21:56.403+0000] {dagbag.py:538} INFO - Filling up the DagBag from /opt/airflow/dags/weekly_summary_pipeline.py
[2026-04-04T15:21:56.428+0000] {processor.py:840} INFO - DAG(s) 'weekly_summary_pipeline' retrieved from /opt/airflow/dags/weekly_summary_pipeline.py
[2026-04-04T15:21:56.461+0000] {logging_mixin.py:188} INFO - [2026-04-04T15:21:56.461+0000] {dag.py:3036} INFO - Sync 1 DAGs
[2026-04-04T15:21:56.484+0000] {logging_mixin.py:188} INFO - [2026-04-04T15:21:56.484+0000] {dag.py:3823} INFO - Setting next_dagrun for weekly_summary_pipeline to 2026-03-30 06:00:00+00:00, run_after=2026-04-06 06:00:00+00:00
[2026-04-04T15:21:56.513+0000] {processor.py:183} INFO - Processing /opt/airflow/dags/weekly_summary_pipeline.py took 0.116 seconds
[2026-04-04T15:22:26.590+0000] {processor.py:161} INFO - Started process (PID=6388) to work on /opt/airflow/dags/weekly_summary_pipeline.py
[2026-04-04T15:22:26.592+0000] {processor.py:830} INFO - Processing file /opt/airflow/dags/weekly_summary_pipeline.py for tasks to queue
[2026-04-04T15:22:26.593+0000] {logging_mixin.py:188} INFO - [2026-04-04T15:22:26.593+0000] {dagbag.py:538} INFO - Filling up the DagBag from /opt/airflow/dags/weekly_summary_pipeline.py
[2026-04-04T15:22:26.621+0000] {processor.py:840} INFO - DAG(s) 'weekly_summary_pipeline' retrieved from /opt/airflow/dags/weekly_summary_pipeline.py
[2026-04-04T15:22:26.654+0000] {logging_mixin.py:188} INFO - [2026-04-04T15:22:26.654+0000] {dag.py:3036} INFO - Sync 1 DAGs
[2026-04-04T15:22:26.679+0000] {logging_mixin.py:188} INFO - [2026-04-04T15:22:26.679+0000] {dag.py:3823} INFO - Setting next_dagrun for weekly_summary_pipeline to 2026-03-30 06:00:00+00:00, run_after=2026-04-06 06:00:00+00:00
[2026-04-04T15:22:26.708+0000] {processor.py:183} INFO - Processing /opt/airflow/dags/weekly_summary_pipeline.py took 0.121 seconds
[2026-04-04T15:22:57.239+0000] {processor.py:161} INFO - Started process (PID=6411) to work on /opt/airflow/dags/weekly_summary_pipeline.py
[2026-04-04T15:22:57.240+0000] {processor.py:830} INFO - Processing file /opt/airflow/dags/weekly_summary_pipeline.py for tasks to queue
[2026-04-04T15:22:57.241+0000] {logging_mixin.py:188} INFO - [2026-04-04T15:22:57.241+0000] {dagbag.py:538} INFO - Filling up the DagBag from /opt/airflow/dags/weekly_summary_pipeline.py
[2026-04-04T15:22:57.265+0000] {processor.py:840} INFO - DAG(s) 'weekly_summary_pipeline' retrieved from /opt/airflow/dags/weekly_summary_pipeline.py
[2026-04-04T15:22:57.299+0000] {logging_mixin.py:188} INFO - [2026-04-04T15:22:57.299+0000] {dag.py:3036} INFO - Sync 1 DAGs
[2026-04-04T15:22:57.325+0000] {logging_mixin.py:188} INFO - [2026-04-04T15:22:57.324+0000] {dag.py:3823} INFO - Setting next_dagrun for weekly_summary_pipeline to 2026-03-30 06:00:00+00:00, run_after=2026-04-06 06:00:00+00:00
[2026-04-04T15:22:57.347+0000] {processor.py:183} INFO - Processing /opt/airflow/dags/weekly_summary_pipeline.py took 0.111 seconds
[2026-04-04T15:23:27.916+0000] {processor.py:161} INFO - Started process (PID=6434) to work on /opt/airflow/dags/weekly_summary_pipeline.py
[2026-04-04T15:23:27.917+0000] {processor.py:830} INFO - Processing file /opt/airflow/dags/weekly_summary_pipeline.py for tasks to queue
[2026-04-04T15:23:27.918+0000] {logging_mixin.py:188} INFO - [2026-04-04T15:23:27.918+0000] {dagbag.py:538} INFO - Filling up the DagBag from /opt/airflow/dags/weekly_summary_pipeline.py
[2026-04-04T15:23:27.944+0000] {processor.py:840} INFO - DAG(s) 'weekly_summary_pipeline' retrieved from /opt/airflow/dags/weekly_summary_pipeline.py
[2026-04-04T15:23:27.980+0000] {logging_mixin.py:188} INFO - [2026-04-04T15:23:27.980+0000] {dag.py:3036} INFO - Sync 1 DAGs
[2026-04-04T15:23:28.007+0000] {logging_mixin.py:188} INFO - [2026-04-04T15:23:28.007+0000] {dag.py:3823} INFO - Setting next_dagrun for weekly_summary_pipeline to 2026-03-30 06:00:00+00:00, run_after=2026-04-06 06:00:00+00:00
[2026-04-04T15:23:28.033+0000] {processor.py:183} INFO - Processing /opt/airflow/dags/weekly_summary_pipeline.py took 0.120 seconds
[2026-04-04T15:23:58.969+0000] {processor.py:161} INFO - Started process (PID=6457) to work on /opt/airflow/dags/weekly_summary_pipeline.py
[2026-04-04T15:23:58.971+0000] {processor.py:830} INFO - Processing file /opt/airflow/dags/weekly_summary_pipeline.py for tasks to queue
[2026-04-04T15:23:58.973+0000] {logging_mixin.py:188} INFO - [2026-04-04T15:23:58.972+0000] {dagbag.py:538} INFO - Filling up the DagBag from /opt/airflow/dags/weekly_summary_pipeline.py
[2026-04-04T15:23:58.997+0000] {processor.py:840} INFO - DAG(s) 'weekly_summary_pipeline' retrieved from /opt/airflow/dags/weekly_summary_pipeline.py
[2026-04-04T15:23:59.032+0000] {logging_mixin.py:188} INFO - [2026-04-04T15:23:59.031+0000] {dag.py:3036} INFO - Sync 1 DAGs
[2026-04-04T15:23:59.058+0000] {logging_mixin.py:188} INFO - [2026-04-04T15:23:59.058+0000] {dag.py:3823} INFO - Setting next_dagrun for weekly_summary_pipeline to 2026-03-30 06:00:00+00:00, run_after=2026-04-06 06:00:00+00:00
[2026-04-04T15:23:59.080+0000] {processor.py:183} INFO - Processing /opt/airflow/dags/weekly_summary_pipeline.py took 0.114 seconds
[2026-04-04T15:24:30.031+0000] {processor.py:161} INFO - Started process (PID=6480) to work on /opt/airflow/dags/weekly_summary_pipeline.py
[2026-04-04T15:24:30.032+0000] {processor.py:830} INFO - Processing file /opt/airflow/dags/weekly_summary_pipeline.py for tasks to queue
[2026-04-04T15:24:30.033+0000] {logging_mixin.py:188} INFO - [2026-04-04T15:24:30.033+0000] {dagbag.py:538} INFO - Filling up the DagBag from /opt/airflow/dags/weekly_summary_pipeline.py
[2026-04-04T15:24:30.058+0000] {processor.py:840} INFO - DAG(s) 'weekly_summary_pipeline' retrieved from /opt/airflow/dags/weekly_summary_pipeline.py
[2026-04-04T15:24:30.089+0000] {logging_mixin.py:188} INFO - [2026-04-04T15:24:30.088+0000] {dag.py:3036} INFO - Sync 1 DAGs
[2026-04-04T15:24:30.112+0000] {logging_mixin.py:188} INFO - [2026-04-04T15:24:30.112+0000] {dag.py:3823} INFO - Setting next_dagrun for weekly_summary_pipeline to 2026-03-30 06:00:00+00:00, run_after=2026-04-06 06:00:00+00:00
[2026-04-04T15:24:30.135+0000] {processor.py:183} INFO - Processing /opt/airflow/dags/weekly_summary_pipeline.py took 0.107 seconds
[2026-04-04T15:25:00.693+0000] {processor.py:161} INFO - Started process (PID=6503) to work on /opt/airflow/dags/weekly_summary_pipeline.py
[2026-04-04T15:25:00.694+0000] {processor.py:830} INFO - Processing file /opt/airflow/dags/weekly_summary_pipeline.py for tasks to queue
[2026-04-04T15:25:00.696+0000] {logging_mixin.py:188} INFO - [2026-04-04T15:25:00.695+0000] {dagbag.py:538} INFO - Filling up the DagBag from /opt/airflow/dags/weekly_summary_pipeline.py
[2026-04-04T15:25:00.719+0000] {processor.py:840} INFO - DAG(s) 'weekly_summary_pipeline' retrieved from /opt/airflow/dags/weekly_summary_pipeline.py
[2026-04-04T15:25:00.750+0000] {logging_mixin.py:188} INFO - [2026-04-04T15:25:00.750+0000] {dag.py:3036} INFO - Sync 1 DAGs
[2026-04-04T15:25:00.775+0000] {logging_mixin.py:188} INFO - [2026-04-04T15:25:00.775+0000] {dag.py:3823} INFO - Setting next_dagrun for weekly_summary_pipeline to 2026-03-30 06:00:00+00:00, run_after=2026-04-06 06:00:00+00:00
[2026-04-04T15:25:00.796+0000] {processor.py:183} INFO - Processing /opt/airflow/dags/weekly_summary_pipeline.py took 0.106 seconds
[2026-04-04T15:25:30.868+0000] {processor.py:161} INFO - Started process (PID=6526) to work on /opt/airflow/dags/weekly_summary_pipeline.py
[2026-04-04T15:25:30.868+0000] {processor.py:830} INFO - Processing file /opt/airflow/dags/weekly_summary_pipeline.py for tasks to queue
[2026-04-04T15:25:30.869+0000] {logging_mixin.py:188} INFO - [2026-04-04T15:25:30.869+0000] {dagbag.py:538} INFO - Filling up the DagBag from /opt/airflow/dags/weekly_summary_pipeline.py
[2026-04-04T15:25:30.892+0000] {processor.py:840} INFO - DAG(s) 'weekly_summary_pipeline' retrieved from /opt/airflow/dags/weekly_summary_pipeline.py
[2026-04-04T15:25:30.922+0000] {logging_mixin.py:188} INFO - [2026-04-04T15:25:30.921+0000] {dag.py:3036} INFO - Sync 1 DAGs
[2026-04-04T15:25:30.945+0000] {logging_mixin.py:188} INFO - [2026-04-04T15:25:30.945+0000] {dag.py:3823} INFO - Setting next_dagrun for weekly_summary_pipeline to 2026-03-30 06:00:00+00:00, run_after=2026-04-06 06:00:00+00:00
[2026-04-04T15:25:30.963+0000] {processor.py:183} INFO - Processing /opt/airflow/dags/weekly_summary_pipeline.py took 0.098 seconds
[2026-04-04T15:26:01.032+0000] {processor.py:161} INFO - Started process (PID=6549) to work on /opt/airflow/dags/weekly_summary_pipeline.py
[2026-04-04T15:26:01.033+0000] {processor.py:830} INFO - Processing file /opt/airflow/dags/weekly_summary_pipeline.py for tasks to queue
[2026-04-04T15:26:01.034+0000] {logging_mixin.py:188} INFO - [2026-04-04T15:26:01.034+0000] {dagbag.py:538} INFO - Filling up the DagBag from /opt/airflow/dags/weekly_summary_pipeline.py
[2026-04-04T15:26:01.056+0000] {processor.py:840} INFO - DAG(s) 'weekly_summary_pipeline' retrieved from /opt/airflow/dags/weekly_summary_pipeline.py
[2026-04-04T15:26:01.087+0000] {logging_mixin.py:188} INFO - [2026-04-04T15:26:01.087+0000] {dag.py:3036} INFO - Sync 1 DAGs
[2026-04-04T15:26:01.110+0000] {logging_mixin.py:188} INFO - [2026-04-04T15:26:01.110+0000] {dag.py:3823} INFO - Setting next_dagrun for weekly_summary_pipeline to 2026-03-30 06:00:00+00:00, run_after=2026-04-06 06:00:00+00:00
[2026-04-04T15:26:01.130+0000] {processor.py:183} INFO - Processing /opt/airflow/dags/weekly_summary_pipeline.py took 0.100 seconds
[2026-04-04T15:26:32.107+0000] {processor.py:161} INFO - Started process (PID=6572) to work on /opt/airflow/dags/weekly_summary_pipeline.py
[2026-04-04T15:26:32.108+0000] {processor.py:830} INFO - Processing file /opt/airflow/dags/weekly_summary_pipeline.py for tasks to queue
[2026-04-04T15:26:32.110+0000] {logging_mixin.py:188} INFO - [2026-04-04T15:26:32.109+0000] {dagbag.py:538} INFO - Filling up the DagBag from /opt/airflow/dags/weekly_summary_pipeline.py
[2026-04-04T15:26:32.134+0000] {processor.py:840} INFO - DAG(s) 'weekly_summary_pipeline' retrieved from /opt/airflow/dags/weekly_summary_pipeline.py
[2026-04-04T15:26:32.167+0000] {logging_mixin.py:188} INFO - [2026-04-04T15:26:32.167+0000] {dag.py:3036} INFO - Sync 1 DAGs
[2026-04-04T15:26:32.190+0000] {logging_mixin.py:188} INFO - [2026-04-04T15:26:32.190+0000] {dag.py:3823} INFO - Setting next_dagrun for weekly_summary_pipeline to 2026-03-30 06:00:00+00:00, run_after=2026-04-06 06:00:00+00:00
[2026-04-04T15:26:32.211+0000] {processor.py:183} INFO - Processing /opt/airflow/dags/weekly_summary_pipeline.py took 0.109 seconds
[2026-04-04T15:27:03.162+0000] {processor.py:161} INFO - Started process (PID=6595) to work on /opt/airflow/dags/weekly_summary_pipeline.py
[2026-04-04T15:27:03.165+0000] {processor.py:830} INFO - Processing file /opt/airflow/dags/weekly_summary_pipeline.py for tasks to queue
[2026-04-04T15:27:03.166+0000] {logging_mixin.py:188} INFO - [2026-04-04T15:27:03.166+0000] {dagbag.py:538} INFO - Filling up the DagBag from /opt/airflow/dags/weekly_summary_pipeline.py
[2026-04-04T15:27:03.199+0000] {processor.py:840} INFO - DAG(s) 'weekly_summary_pipeline' retrieved from /opt/airflow/dags/weekly_summary_pipeline.py
[2026-04-04T15:27:03.234+0000] {logging_mixin.py:188} INFO - [2026-04-04T15:27:03.234+0000] {dag.py:3036} INFO - Sync 1 DAGs
[2026-04-04T15:27:03.261+0000] {logging_mixin.py:188} INFO - [2026-04-04T15:27:03.261+0000] {dag.py:3823} INFO - Setting next_dagrun for weekly_summary_pipeline to 2026-03-30 06:00:00+00:00, run_after=2026-04-06 06:00:00+00:00
[2026-04-04T15:27:03.286+0000] {processor.py:183} INFO - Processing /opt/airflow/dags/weekly_summary_pipeline.py took 0.128 seconds
[2026-04-04T15:27:34.314+0000] {processor.py:161} INFO - Started process (PID=6610) to work on /opt/airflow/dags/weekly_summary_pipeline.py
[2026-04-04T15:27:34.315+0000] {processor.py:830} INFO - Processing file /opt/airflow/dags/weekly_summary_pipeline.py for tasks to queue
[2026-04-04T15:27:34.316+0000] {logging_mixin.py:188} INFO - [2026-04-04T15:27:34.316+0000] {dagbag.py:538} INFO - Filling up the DagBag from /opt/airflow/dags/weekly_summary_pipeline.py
[2026-04-04T15:27:34.341+0000] {processor.py:840} INFO - DAG(s) 'weekly_summary_pipeline' retrieved from /opt/airflow/dags/weekly_summary_pipeline.py
[2026-04-04T15:27:34.369+0000] {logging_mixin.py:188} INFO - [2026-04-04T15:27:34.369+0000] {dag.py:3036} INFO - Sync 1 DAGs
[2026-04-04T15:27:34.391+0000] {logging_mixin.py:188} INFO - [2026-04-04T15:27:34.391+0000] {dag.py:3823} INFO - Setting next_dagrun for weekly_summary_pipeline to 2026-03-30 06:00:00+00:00, run_after=2026-04-06 06:00:00+00:00
[2026-04-04T15:27:34.412+0000] {processor.py:183} INFO - Processing /opt/airflow/dags/weekly_summary_pipeline.py took 0.100 seconds
[2026-04-04T15:28:05.631+0000] {processor.py:161} INFO - Started process (PID=6633) to work on /opt/airflow/dags/weekly_summary_pipeline.py
[2026-04-04T15:28:05.633+0000] {processor.py:830} INFO - Processing file /opt/airflow/dags/weekly_summary_pipeline.py for tasks to queue
[2026-04-04T15:28:05.634+0000] {logging_mixin.py:188} INFO - [2026-04-04T15:28:05.633+0000] {dagbag.py:538} INFO - Filling up the DagBag from /opt/airflow/dags/weekly_summary_pipeline.py
[2026-04-04T15:28:05.653+0000] {processor.py:840} INFO - DAG(s) 'weekly_summary_pipeline' retrieved from /opt/airflow/dags/weekly_summary_pipeline.py
[2026-04-04T15:28:05.680+0000] {logging_mixin.py:188} INFO - [2026-04-04T15:28:05.680+0000] {dag.py:3036} INFO - Sync 1 DAGs
[2026-04-04T15:28:05.702+0000] {logging_mixin.py:188} INFO - [2026-04-04T15:28:05.702+0000] {dag.py:3823} INFO - Setting next_dagrun for weekly_summary_pipeline to 2026-03-30 06:00:00+00:00, run_after=2026-04-06 06:00:00+00:00
[2026-04-04T15:28:05.724+0000] {processor.py:183} INFO - Processing /opt/airflow/dags/weekly_summary_pipeline.py took 0.096 seconds
[2026-04-04T15:28:36.715+0000] {processor.py:161} INFO - Started process (PID=6656) to work on /opt/airflow/dags/weekly_summary_pipeline.py
[2026-04-04T15:28:36.716+0000] {processor.py:830} INFO - Processing file /opt/airflow/dags/weekly_summary_pipeline.py for tasks to queue
[2026-04-04T15:28:36.717+0000] {logging_mixin.py:188} INFO - [2026-04-04T15:28:36.717+0000] {dagbag.py:538} INFO - Filling up the DagBag from /opt/airflow/dags/weekly_summary_pipeline.py
[2026-04-04T15:28:36.741+0000] {processor.py:840} INFO - DAG(s) 'weekly_summary_pipeline' retrieved from /opt/airflow/dags/weekly_summary_pipeline.py
[2026-04-04T15:28:36.769+0000] {logging_mixin.py:188} INFO - [2026-04-04T15:28:36.769+0000] {dag.py:3036} INFO - Sync 1 DAGs
[2026-04-04T15:28:36.794+0000] {logging_mixin.py:188} INFO - [2026-04-04T15:28:36.793+0000] {dag.py:3823} INFO - Setting next_dagrun for weekly_summary_pipeline to 2026-03-30 06:00:00+00:00, run_after=2026-04-06 06:00:00+00:00
[2026-04-04T15:28:36.930+0000] {processor.py:183} INFO - Processing /opt/airflow/dags/weekly_summary_pipeline.py took 0.218 seconds
[2026-04-04T15:29:07.956+0000] {processor.py:161} INFO - Started process (PID=6679) to work on /opt/airflow/dags/weekly_summary_pipeline.py
[2026-04-04T15:29:07.957+0000] {processor.py:830} INFO - Processing file /opt/airflow/dags/weekly_summary_pipeline.py for tasks to queue
[2026-04-04T15:29:07.958+0000] {logging_mixin.py:188} INFO - [2026-04-04T15:29:07.958+0000] {dagbag.py:538} INFO - Filling up the DagBag from /opt/airflow/dags/weekly_summary_pipeline.py
[2026-04-04T15:29:07.985+0000] {processor.py:840} INFO - DAG(s) 'weekly_summary_pipeline' retrieved from /opt/airflow/dags/weekly_summary_pipeline.py
[2026-04-04T15:29:08.022+0000] {logging_mixin.py:188} INFO - [2026-04-04T15:29:08.022+0000] {dag.py:3036} INFO - Sync 1 DAGs
[2026-04-04T15:29:08.049+0000] {logging_mixin.py:188} INFO - [2026-04-04T15:29:08.048+0000] {dag.py:3823} INFO - Setting next_dagrun for weekly_summary_pipeline to 2026-03-30 06:00:00+00:00, run_after=2026-04-06 06:00:00+00:00
[2026-04-04T15:29:08.069+0000] {processor.py:183} INFO - Processing /opt/airflow/dags/weekly_summary_pipeline.py took 0.116 seconds
[2026-04-04T15:29:38.166+0000] {processor.py:161} INFO - Started process (PID=6702) to work on /opt/airflow/dags/weekly_summary_pipeline.py
[2026-04-04T15:29:38.168+0000] {processor.py:830} INFO - Processing file /opt/airflow/dags/weekly_summary_pipeline.py for tasks to queue
[2026-04-04T15:29:38.171+0000] {logging_mixin.py:188} INFO - [2026-04-04T15:29:38.170+0000] {dagbag.py:538} INFO - Filling up the DagBag from /opt/airflow/dags/weekly_summary_pipeline.py
[2026-04-04T15:29:38.203+0000] {processor.py:840} INFO - DAG(s) 'weekly_summary_pipeline' retrieved from /opt/airflow/dags/weekly_summary_pipeline.py
[2026-04-04T15:29:38.243+0000] {logging_mixin.py:188} INFO - [2026-04-04T15:29:38.243+0000] {dag.py:3036} INFO - Sync 1 DAGs
[2026-04-04T15:29:38.276+0000] {logging_mixin.py:188} INFO - [2026-04-04T15:29:38.276+0000] {dag.py:3823} INFO - Setting next_dagrun for weekly_summary_pipeline to 2026-03-30 06:00:00+00:00, run_after=2026-04-06 06:00:00+00:00
[2026-04-04T15:29:38.301+0000] {processor.py:183} INFO - Processing /opt/airflow/dags/weekly_summary_pipeline.py took 0.148 seconds
[2026-04-04T15:30:09.262+0000] {processor.py:161} INFO - Started process (PID=6725) to work on /opt/airflow/dags/weekly_summary_pipeline.py
[2026-04-04T15:30:09.263+0000] {processor.py:830} INFO - Processing file /opt/airflow/dags/weekly_summary_pipeline.py for tasks to queue
[2026-04-04T15:30:09.264+0000] {logging_mixin.py:188} INFO - [2026-04-04T15:30:09.263+0000] {dagbag.py:538} INFO - Filling up the DagBag from /opt/airflow/dags/weekly_summary_pipeline.py
[2026-04-04T15:30:09.288+0000] {processor.py:840} INFO - DAG(s) 'weekly_summary_pipeline' retrieved from /opt/airflow/dags/weekly_summary_pipeline.py
[2026-04-04T15:30:09.320+0000] {logging_mixin.py:188} INFO - [2026-04-04T15:30:09.320+0000] {dag.py:3036} INFO - Sync 1 DAGs
[2026-04-04T15:30:09.345+0000] {logging_mixin.py:188} INFO - [2026-04-04T15:30:09.345+0000] {dag.py:3823} INFO - Setting next_dagrun for weekly_summary_pipeline to 2026-03-30 06:00:00+00:00, run_after=2026-04-06 06:00:00+00:00
[2026-04-04T15:30:09.368+0000] {processor.py:183} INFO - Processing /opt/airflow/dags/weekly_summary_pipeline.py took 0.109 seconds
[2026-04-04T15:30:39.546+0000] {processor.py:161} INFO - Started process (PID=6750) to work on /opt/airflow/dags/weekly_summary_pipeline.py
[2026-04-04T15:30:39.548+0000] {processor.py:830} INFO - Processing file /opt/airflow/dags/weekly_summary_pipeline.py for tasks to queue
[2026-04-04T15:30:39.549+0000] {logging_mixin.py:188} INFO - [2026-04-04T15:30:39.548+0000] {dagbag.py:538} INFO - Filling up the DagBag from /opt/airflow/dags/weekly_summary_pipeline.py
[2026-04-04T15:30:39.570+0000] {processor.py:840} INFO - DAG(s) 'weekly_summary_pipeline' retrieved from /opt/airflow/dags/weekly_summary_pipeline.py
[2026-04-04T15:30:39.613+0000] {logging_mixin.py:188} INFO - [2026-04-04T15:30:39.613+0000] {dag.py:3036} INFO - Sync 1 DAGs
[2026-04-04T15:30:39.648+0000] {logging_mixin.py:188} INFO - [2026-04-04T15:30:39.647+0000] {dag.py:3823} INFO - Setting next_dagrun for weekly_summary_pipeline to 2026-03-30 06:00:00+00:00, run_after=2026-04-06 06:00:00+00:00
[2026-04-04T15:30:39.702+0000] {processor.py:183} INFO - Processing /opt/airflow/dags/weekly_summary_pipeline.py took 0.159 seconds
[2026-04-04T15:31:10.476+0000] {processor.py:161} INFO - Started process (PID=6771) to work on /opt/airflow/dags/weekly_summary_pipeline.py
[2026-04-04T15:31:10.478+0000] {processor.py:830} INFO - Processing file /opt/airflow/dags/weekly_summary_pipeline.py for tasks to queue
[2026-04-04T15:31:10.479+0000] {logging_mixin.py:188} INFO - [2026-04-04T15:31:10.478+0000] {dagbag.py:538} INFO - Filling up the DagBag from /opt/airflow/dags/weekly_summary_pipeline.py
[2026-04-04T15:31:10.509+0000] {processor.py:840} INFO - DAG(s) 'weekly_summary_pipeline' retrieved from /opt/airflow/dags/weekly_summary_pipeline.py
[2026-04-04T15:31:10.549+0000] {logging_mixin.py:188} INFO - [2026-04-04T15:31:10.549+0000] {dag.py:3036} INFO - Sync 1 DAGs
[2026-04-04T15:31:10.578+0000] {logging_mixin.py:188} INFO - [2026-04-04T15:31:10.577+0000] {dag.py:3823} INFO - Setting next_dagrun for weekly_summary_pipeline to 2026-03-30 06:00:00+00:00, run_after=2026-04-06 06:00:00+00:00
[2026-04-04T15:31:10.599+0000] {processor.py:183} INFO - Processing /opt/airflow/dags/weekly_summary_pipeline.py took 0.126 seconds
[2026-04-04T15:31:41.555+0000] {processor.py:161} INFO - Started process (PID=6794) to work on /opt/airflow/dags/weekly_summary_pipeline.py
[2026-04-04T15:31:41.556+0000] {processor.py:830} INFO - Processing file /opt/airflow/dags/weekly_summary_pipeline.py for tasks to queue
[2026-04-04T15:31:41.558+0000] {logging_mixin.py:188} INFO - [2026-04-04T15:31:41.558+0000] {dagbag.py:538} INFO - Filling up the DagBag from /opt/airflow/dags/weekly_summary_pipeline.py
[2026-04-04T15:31:41.589+0000] {processor.py:840} INFO - DAG(s) 'weekly_summary_pipeline' retrieved from /opt/airflow/dags/weekly_summary_pipeline.py
[2026-04-04T15:31:41.629+0000] {logging_mixin.py:188} INFO - [2026-04-04T15:31:41.629+0000] {dag.py:3036} INFO - Sync 1 DAGs
[2026-04-04T15:31:41.654+0000] {logging_mixin.py:188} INFO - [2026-04-04T15:31:41.654+0000] {dag.py:3823} INFO - Setting next_dagrun for weekly_summary_pipeline to 2026-03-30 06:00:00+00:00, run_after=2026-04-06 06:00:00+00:00
[2026-04-04T15:31:41.676+0000] {processor.py:183} INFO - Processing /opt/airflow/dags/weekly_summary_pipeline.py took 0.124 seconds
[2026-04-04T15:32:11.748+0000] {processor.py:161} INFO - Started process (PID=6817) to work on /opt/airflow/dags/weekly_summary_pipeline.py
[2026-04-04T15:32:11.749+0000] {processor.py:830} INFO - Processing file /opt/airflow/dags/weekly_summary_pipeline.py for tasks to queue
[2026-04-04T15:32:11.750+0000] {logging_mixin.py:188} INFO - [2026-04-04T15:32:11.750+0000] {dagbag.py:538} INFO - Filling up the DagBag from /opt/airflow/dags/weekly_summary_pipeline.py
[2026-04-04T15:32:11.781+0000] {processor.py:840} INFO - DAG(s) 'weekly_summary_pipeline' retrieved from /opt/airflow/dags/weekly_summary_pipeline.py
[2026-04-04T15:32:11.829+0000] {logging_mixin.py:188} INFO - [2026-04-04T15:32:11.828+0000] {dag.py:3036} INFO - Sync 1 DAGs
[2026-04-04T15:32:11.879+0000] {logging_mixin.py:188} INFO - [2026-04-04T15:32:11.878+0000] {dag.py:3823} INFO - Setting next_dagrun for weekly_summary_pipeline to 2026-03-30 06:00:00+00:00, run_after=2026-04-06 06:00:00+00:00
[2026-04-04T15:32:11.903+0000] {processor.py:183} INFO - Processing /opt/airflow/dags/weekly_summary_pipeline.py took 0.159 seconds
[2026-04-04T15:32:42.461+0000] {processor.py:161} INFO - Started process (PID=6840) to work on /opt/airflow/dags/weekly_summary_pipeline.py
[2026-04-04T15:32:42.462+0000] {processor.py:830} INFO - Processing file /opt/airflow/dags/weekly_summary_pipeline.py for tasks to queue
[2026-04-04T15:32:42.463+0000] {logging_mixin.py:188} INFO - [2026-04-04T15:32:42.463+0000] {dagbag.py:538} INFO - Filling up the DagBag from /opt/airflow/dags/weekly_summary_pipeline.py
[2026-04-04T15:32:42.485+0000] {processor.py:840} INFO - DAG(s) 'weekly_summary_pipeline' retrieved from /opt/airflow/dags/weekly_summary_pipeline.py
[2026-04-04T15:32:42.522+0000] {logging_mixin.py:188} INFO - [2026-04-04T15:32:42.522+0000] {dag.py:3036} INFO - Sync 1 DAGs
[2026-04-04T15:32:42.551+0000] {logging_mixin.py:188} INFO - [2026-04-04T15:32:42.551+0000] {dag.py:3823} INFO - Setting next_dagrun for weekly_summary_pipeline to 2026-03-30 06:00:00+00:00, run_after=2026-04-06 06:00:00+00:00
[2026-04-04T15:32:42.578+0000] {processor.py:183} INFO - Processing /opt/airflow/dags/weekly_summary_pipeline.py took 0.121 seconds
[2026-04-04T15:33:12.678+0000] {processor.py:161} INFO - Started process (PID=6863) to work on /opt/airflow/dags/weekly_summary_pipeline.py
[2026-04-04T15:33:12.679+0000] {processor.py:830} INFO - Processing file /opt/airflow/dags/weekly_summary_pipeline.py for tasks to queue
[2026-04-04T15:33:12.680+0000] {logging_mixin.py:188} INFO - [2026-04-04T15:33:12.680+0000] {dagbag.py:538} INFO - Filling up the DagBag from /opt/airflow/dags/weekly_summary_pipeline.py
[2026-04-04T15:33:12.701+0000] {processor.py:840} INFO - DAG(s) 'weekly_summary_pipeline' retrieved from /opt/airflow/dags/weekly_summary_pipeline.py
[2026-04-04T15:33:12.730+0000] {logging_mixin.py:188} INFO - [2026-04-04T15:33:12.730+0000] {dag.py:3036} INFO - Sync 1 DAGs
[2026-04-04T15:33:12.754+0000] {logging_mixin.py:188} INFO - [2026-04-04T15:33:12.754+0000] {dag.py:3823} INFO - Setting next_dagrun for weekly_summary_pipeline to 2026-03-30 06:00:00+00:00, run_after=2026-04-06 06:00:00+00:00
[2026-04-04T15:33:12.775+0000] {processor.py:183} INFO - Processing /opt/airflow/dags/weekly_summary_pipeline.py took 0.099 seconds
[2026-04-04T15:33:43.356+0000] {processor.py:161} INFO - Started process (PID=6886) to work on /opt/airflow/dags/weekly_summary_pipeline.py
[2026-04-04T15:33:43.357+0000] {processor.py:830} INFO - Processing file /opt/airflow/dags/weekly_summary_pipeline.py for tasks to queue
[2026-04-04T15:33:43.357+0000] {logging_mixin.py:188} INFO - [2026-04-04T15:33:43.357+0000] {dagbag.py:538} INFO - Filling up the DagBag from /opt/airflow/dags/weekly_summary_pipeline.py
[2026-04-04T15:33:43.380+0000] {processor.py:840} INFO - DAG(s) 'weekly_summary_pipeline' retrieved from /opt/airflow/dags/weekly_summary_pipeline.py
[2026-04-04T15:33:43.411+0000] {logging_mixin.py:188} INFO - [2026-04-04T15:33:43.410+0000] {dag.py:3036} INFO - Sync 1 DAGs
[2026-04-04T15:33:43.437+0000] {logging_mixin.py:188} INFO - [2026-04-04T15:33:43.436+0000] {dag.py:3823} INFO - Setting next_dagrun for weekly_summary_pipeline to 2026-03-30 06:00:00+00:00, run_after=2026-04-06 06:00:00+00:00
[2026-04-04T15:33:43.459+0000] {processor.py:183} INFO - Processing /opt/airflow/dags/weekly_summary_pipeline.py took 0.106 seconds
[2026-04-04T15:34:14.064+0000] {processor.py:161} INFO - Started process (PID=6909) to work on /opt/airflow/dags/weekly_summary_pipeline.py
[2026-04-04T15:34:14.065+0000] {processor.py:830} INFO - Processing file /opt/airflow/dags/weekly_summary_pipeline.py for tasks to queue
[2026-04-04T15:34:14.067+0000] {logging_mixin.py:188} INFO - [2026-04-04T15:34:14.066+0000] {dagbag.py:538} INFO - Filling up the DagBag from /opt/airflow/dags/weekly_summary_pipeline.py
[2026-04-04T15:34:14.090+0000] {processor.py:840} INFO - DAG(s) 'weekly_summary_pipeline' retrieved from /opt/airflow/dags/weekly_summary_pipeline.py
[2026-04-04T15:34:14.129+0000] {logging_mixin.py:188} INFO - [2026-04-04T15:34:14.129+0000] {dag.py:3036} INFO - Sync 1 DAGs
[2026-04-04T15:34:14.166+0000] {logging_mixin.py:188} INFO - [2026-04-04T15:34:14.165+0000] {dag.py:3823} INFO - Setting next_dagrun for weekly_summary_pipeline to 2026-03-30 06:00:00+00:00, run_after=2026-04-06 06:00:00+00:00
[2026-04-04T15:34:14.197+0000] {processor.py:183} INFO - Processing /opt/airflow/dags/weekly_summary_pipeline.py took 0.136 seconds
[2026-04-04T15:34:44.274+0000] {processor.py:161} INFO - Started process (PID=6932) to work on /opt/airflow/dags/weekly_summary_pipeline.py
[2026-04-04T15:34:44.275+0000] {processor.py:830} INFO - Processing file /opt/airflow/dags/weekly_summary_pipeline.py for tasks to queue
[2026-04-04T15:34:44.276+0000] {logging_mixin.py:188} INFO - [2026-04-04T15:34:44.276+0000] {dagbag.py:538} INFO - Filling up the DagBag from /opt/airflow/dags/weekly_summary_pipeline.py
[2026-04-04T15:34:44.298+0000] {processor.py:840} INFO - DAG(s) 'weekly_summary_pipeline' retrieved from /opt/airflow/dags/weekly_summary_pipeline.py
[2026-04-04T15:34:44.328+0000] {logging_mixin.py:188} INFO - [2026-04-04T15:34:44.328+0000] {dag.py:3036} INFO - Sync 1 DAGs
[2026-04-04T15:34:44.356+0000] {logging_mixin.py:188} INFO - [2026-04-04T15:34:44.356+0000] {dag.py:3823} INFO - Setting next_dagrun for weekly_summary_pipeline to 2026-03-30 06:00:00+00:00, run_after=2026-04-06 06:00:00+00:00
[2026-04-04T15:34:44.378+0000] {processor.py:183} INFO - Processing /opt/airflow/dags/weekly_summary_pipeline.py took 0.107 seconds
[2026-04-04T15:35:14.487+0000] {processor.py:161} INFO - Started process (PID=6947) to work on /opt/airflow/dags/weekly_summary_pipeline.py
[2026-04-04T15:35:14.488+0000] {processor.py:830} INFO - Processing file /opt/airflow/dags/weekly_summary_pipeline.py for tasks to queue
[2026-04-04T15:35:14.489+0000] {logging_mixin.py:188} INFO - [2026-04-04T15:35:14.488+0000] {dagbag.py:538} INFO - Filling up the DagBag from /opt/airflow/dags/weekly_summary_pipeline.py
[2026-04-04T15:35:14.512+0000] {processor.py:840} INFO - DAG(s) 'weekly_summary_pipeline' retrieved from /opt/airflow/dags/weekly_summary_pipeline.py
[2026-04-04T15:35:14.544+0000] {logging_mixin.py:188} INFO - [2026-04-04T15:35:14.544+0000] {dag.py:3036} INFO - Sync 1 DAGs
[2026-04-04T15:35:14.570+0000] {logging_mixin.py:188} INFO - [2026-04-04T15:35:14.570+0000] {dag.py:3823} INFO - Setting next_dagrun for weekly_summary_pipeline to 2026-03-30 06:00:00+00:00, run_after=2026-04-06 06:00:00+00:00
[2026-04-04T15:35:14.595+0000] {processor.py:183} INFO - Processing /opt/airflow/dags/weekly_summary_pipeline.py took 0.111 seconds
[2026-04-04T15:35:45.581+0000] {processor.py:161} INFO - Started process (PID=6970) to work on /opt/airflow/dags/weekly_summary_pipeline.py
[2026-04-04T15:35:45.582+0000] {processor.py:830} INFO - Processing file /opt/airflow/dags/weekly_summary_pipeline.py for tasks to queue
[2026-04-04T15:35:45.583+0000] {logging_mixin.py:188} INFO - [2026-04-04T15:35:45.582+0000] {dagbag.py:538} INFO - Filling up the DagBag from /opt/airflow/dags/weekly_summary_pipeline.py
[2026-04-04T15:35:45.610+0000] {processor.py:840} INFO - DAG(s) 'weekly_summary_pipeline' retrieved from /opt/airflow/dags/weekly_summary_pipeline.py
[2026-04-04T15:35:45.656+0000] {logging_mixin.py:188} INFO - [2026-04-04T15:35:45.656+0000] {dag.py:3036} INFO - Sync 1 DAGs
[2026-04-04T15:35:45.681+0000] {logging_mixin.py:188} INFO - [2026-04-04T15:35:45.681+0000] {dag.py:3823} INFO - Setting next_dagrun for weekly_summary_pipeline to 2026-03-30 06:00:00+00:00, run_after=2026-04-06 06:00:00+00:00
[2026-04-04T15:35:45.742+0000] {processor.py:183} INFO - Processing /opt/airflow/dags/weekly_summary_pipeline.py took 0.164 seconds
[2026-04-04T15:36:16.745+0000] {processor.py:161} INFO - Started process (PID=6993) to work on /opt/airflow/dags/weekly_summary_pipeline.py
[2026-04-04T15:36:16.746+0000] {processor.py:830} INFO - Processing file /opt/airflow/dags/weekly_summary_pipeline.py for tasks to queue
[2026-04-04T15:36:16.747+0000] {logging_mixin.py:188} INFO - [2026-04-04T15:36:16.747+0000] {dagbag.py:538} INFO - Filling up the DagBag from /opt/airflow/dags/weekly_summary_pipeline.py
[2026-04-04T15:36:16.770+0000] {processor.py:840} INFO - DAG(s) 'weekly_summary_pipeline' retrieved from /opt/airflow/dags/weekly_summary_pipeline.py
[2026-04-04T15:36:16.805+0000] {logging_mixin.py:188} INFO - [2026-04-04T15:36:16.805+0000] {dag.py:3036} INFO - Sync 1 DAGs
[2026-04-04T15:36:16.832+0000] {logging_mixin.py:188} INFO - [2026-04-04T15:36:16.832+0000] {dag.py:3823} INFO - Setting next_dagrun for weekly_summary_pipeline to 2026-03-30 06:00:00+00:00, run_after=2026-04-06 06:00:00+00:00
[2026-04-04T15:36:16.858+0000] {processor.py:183} INFO - Processing /opt/airflow/dags/weekly_summary_pipeline.py took 0.117 seconds
[2026-04-04T15:36:47.422+0000] {processor.py:161} INFO - Started process (PID=7016) to work on /opt/airflow/dags/weekly_summary_pipeline.py
[2026-04-04T15:36:47.424+0000] {processor.py:830} INFO - Processing file /opt/airflow/dags/weekly_summary_pipeline.py for tasks to queue
[2026-04-04T15:36:47.425+0000] {logging_mixin.py:188} INFO - [2026-04-04T15:36:47.424+0000] {dagbag.py:538} INFO - Filling up the DagBag from /opt/airflow/dags/weekly_summary_pipeline.py
[2026-04-04T15:36:47.448+0000] {processor.py:840} INFO - DAG(s) 'weekly_summary_pipeline' retrieved from /opt/airflow/dags/weekly_summary_pipeline.py
[2026-04-04T15:36:47.480+0000] {logging_mixin.py:188} INFO - [2026-04-04T15:36:47.480+0000] {dag.py:3036} INFO - Sync 1 DAGs
[2026-04-04T15:36:47.503+0000] {logging_mixin.py:188} INFO - [2026-04-04T15:36:47.503+0000] {dag.py:3823} INFO - Setting next_dagrun for weekly_summary_pipeline to 2026-03-30 06:00:00+00:00, run_after=2026-04-06 06:00:00+00:00
[2026-04-04T15:36:47.525+0000] {processor.py:183} INFO - Processing /opt/airflow/dags/weekly_summary_pipeline.py took 0.105 seconds
